stream,condition,mode,level,detector,left,right,comparison,host_macro_f1_difference,host_accuracy_difference,poison_admission_rate_difference,clean_withhold_rate_difference,malicious_recall_difference,benign_fpr_difference,resets_per_100k_difference,training_visits_per_100k_difference
RBF_I,RBF_I__s9913__clean__none,clean,none,adwin,E1_fixed / confirmed_screened,E2_RL / RL_2state,cross_experiment,0.0,0.0,,-0.09090909090909094,,,8.333333333333334,15833.333333333343
RBF_I,RBF_I__s9913__clean__none,clean,none,adwin,E1_fixed / confirmed_screened,E2_RL / RL_4state,cross_experiment,0.0,0.0,,-0.09090909090909094,,,8.333333333333334,15833.333333333343
RBF_I,RBF_I__s9913__clean__none,clean,none,adwin,E1_fixed / confirmed_screened,E2_RL / confirmed_screened,cross_experiment,0.0,0.0,,0.0,,,0.0,0.0
RBF_I,RBF_I__s9913__clean__none,clean,none,adwin,E1_fixed / confirmed_screened,E2_RL / error_rule,cross_experiment,-0.03187421628243503,-0.02870813397129185,,-0.09090909090909094,,,0.0,15833.333333333343
RBF_I,RBF_I__s9913__clean__none,clean,none,adwin,E1_fixed / confirmed_screened,E2_RL / none_screened,cross_experiment,0.0,0.0,,-0.09090909090909094,,,8.333333333333334,15833.333333333343
RBF_I,RBF_I__s9913__clean__none,clean,none,adwin,E1_fixed / confirmed_screened,E2_RL / selected_map,cross_experiment,0.0,0.0,,-0.09090909090909094,,,8.333333333333334,15833.333333333343
RBF_I,RBF_I__s9913__clean__none,clean,none,adwin,E1_fixed / confirmed_screened,E3_filter / confirmed_screened_filter_learned_features,cross_experiment,-0.00860977834488974,-0.008688995215310968,,-0.031272727272727285,,,0.0,4490.000000000015
RBF_I,RBF_I__s9913__clean__none,clean,none,adwin,E1_fixed / confirmed_screened,E3_filter / confirmed_screened_filter_learned_features_label,cross_experiment,-0.0025875738040495033,0.0017990430622009668,,-0.04112918660287079,,,3.333333333333334,11465.0
RBF_I,RBF_I__s9913__clean__none,clean,none,adwin,E1_fixed / confirmed_screened,E3_filter / confirmed_screened_filter_none,cross_experiment,0.0,0.0,,0.0,,,0.0,0.0
RBF_I,RBF_I__s9913__clean__none,clean,none,adwin,E1_fixed / confirmed_screened,E3_filter / confirmed_screened_filter_oracle_blocks,cross_experiment,0.0,0.0,,0.0,,,0.0,0.0
RBF_I,RBF_I__s9913__clean__none,clean,none,adwin,E1_fixed / confirmed_screened,E3_filter / confirmed_screened_filter_oracle_rows,cross_experiment,0.0,0.0,,0.0,,,0.0,0.0
RBF_I,RBF_I__s9913__clean__none,clean,none,adwin,E1_fixed / confirmed_screened,E3_filter / confirmed_screened_filter_random_blocks,cross_experiment,0.0,0.0,,0.0,,,0.0,0.0
RBF_I,RBF_I__s9913__clean__none,clean,none,adwin,E1_fixed / confirmed_screened,E3_filter / confirmed_screened_filter_random_rows,cross_experiment,0.0,0.0,,0.0,,,0.0,0.0
RBF_I,RBF_I__s9913__clean__none,clean,none,adwin,E1_fixed / confirmed_screened,E3_filter / none_screened_filter_learned_features,cross_experiment,-0.0017573290126402519,-0.0028516746411483274,,-0.10045933014354069,,,8.333333333333334,19550.0
RBF_I,RBF_I__s9913__clean__none,clean,none,adwin,E1_fixed / confirmed_screened,E3_filter / none_screened_filter_learned_features_label,cross_experiment,-0.0025875738040495033,0.0017990430622009668,,-0.09333971291866028,,,8.333333333333334,20541.66666666667
RBF_I,RBF_I__s9913__clean__none,clean,none,adwin,E1_fixed / confirmed_screened,E3_filter / none_screened_filter_none,cross_experiment,0.0,0.0,,-0.09090909090909094,,,8.333333333333334,15833.333333333343
RBF_I,RBF_I__s9913__clean__none,clean,none,adwin,E1_fixed / confirmed_unscreened,E2_RL / RL_2state,cross_experiment,0.010658749614114837,0.011387559808612446,,-0.36363636363636365,,,8.333333333333334,15833.333333333343
RBF_I,RBF_I__s9913__clean__none,clean,none,adwin,E1_fixed / confirmed_unscreened,E2_RL / RL_4state,cross_experiment,0.010658749614114837,0.011387559808612446,,-0.36363636363636365,,,8.333333333333334,15833.333333333343
RBF_I,RBF_I__s9913__clean__none,clean,none,adwin,E1_fixed / confirmed_unscreened,E2_RL / confirmed_screened,cross_experiment,0.010658749614114837,0.011387559808612446,,-0.2727272727272727,,,0.0,0.0
RBF_I,RBF_I__s9913__clean__none,clean,none,adwin,E1_fixed / confirmed_unscreened,E2_RL / error_rule,cross_experiment,-0.021215466668320193,-0.017320574162679403,,-0.36363636363636365,,,0.0,15833.333333333343
RBF_I,RBF_I__s9913__clean__none,clean,none,adwin,E1_fixed / confirmed_unscreened,E2_RL / none_screened,cross_experiment,0.010658749614114837,0.011387559808612446,,-0.36363636363636365,,,8.333333333333334,15833.333333333343
RBF_I,RBF_I__s9913__clean__none,clean,none,adwin,E1_fixed / confirmed_unscreened,E2_RL / selected_map,cross_experiment,0.010658749614114837,0.011387559808612446,,-0.36363636363636365,,,8.333333333333334,15833.333333333343
RBF_I,RBF_I__s9913__clean__none,clean,none,adwin,E1_fixed / confirmed_unscreened,E3_filter / confirmed_screened_filter_learned_features,cross_experiment,0.002048971269225097,0.002698564593301478,,-0.304,,,0.0,4490.000000000015
RBF_I,RBF_I__s9913__clean__none,clean,none,adwin,E1_fixed / confirmed_unscreened,E3_filter / confirmed_screened_filter_learned_features_label,cross_experiment,0.008071175810065334,0.013186602870813413,,-0.3138564593301435,,,3.333333333333334,11465.0
RBF_I,RBF_I__s9913__clean__none,clean,none,adwin,E1_fixed / confirmed_unscreened,E3_filter / confirmed_screened_filter_none,cross_experiment,0.010658749614114837,0.011387559808612446,,-0.2727272727272727,,,0.0,0.0
RBF_I,RBF_I__s9913__clean__none,clean,none,adwin,E1_fixed / confirmed_unscreened,E3_filter / confirmed_screened_filter_oracle_blocks,cross_experiment,0.010658749614114837,0.011387559808612446,,-0.2727272727272727,,,0.0,0.0
RBF_I,RBF_I__s9913__clean__none,clean,none,adwin,E1_fixed / confirmed_unscreened,E3_filter / confirmed_screened_filter_oracle_rows,cross_experiment,0.010658749614114837,0.011387559808612446,,-0.2727272727272727,,,0.0,0.0
RBF_I,RBF_I__s9913__clean__none,clean,none,adwin,E1_fixed / confirmed_unscreened,E3_filter / confirmed_screened_filter_random_blocks,cross_experiment,0.010658749614114837,0.011387559808612446,,-0.2727272727272727,,,0.0,0.0
RBF_I,RBF_I__s9913__clean__none,clean,none,adwin,E1_fixed / confirmed_unscreened,E3_filter / confirmed_screened_filter_random_rows,cross_experiment,0.010658749614114837,0.011387559808612446,,-0.2727272727272727,,,0.0,0.0
RBF_I,RBF_I__s9913__clean__none,clean,none,adwin,E1_fixed / confirmed_unscreened,E3_filter / none_screened_filter_learned_features,cross_experiment,0.008901420601474586,0.008535885167464119,,-0.3731866028708134,,,8.333333333333334,19550.0
RBF_I,RBF_I__s9913__clean__none,clean,none,adwin,E1_fixed / confirmed_unscreened,E3_filter / none_screened_filter_learned_features_label,cross_experiment,0.008071175810065334,0.013186602870813413,,-0.366066985645933,,,8.333333333333334,20541.66666666667
RBF_I,RBF_I__s9913__clean__none,clean,none,adwin,E1_fixed / confirmed_unscreened,E3_filter / none_screened_filter_none,cross_experiment,0.010658749614114837,0.011387559808612446,,-0.36363636363636365,,,8.333333333333334,15833.333333333343
RBF_I,RBF_I__s9913__clean__none,clean,none,adwin,E1_fixed / immediate_screened,E2_RL / RL_2state,cross_experiment,0.029626943595776167,0.024880382775119614,,0.0,,,8.333333333333334,0.0
RBF_I,RBF_I__s9913__clean__none,clean,none,adwin,E1_fixed / immediate_screened,E2_RL / RL_4state,cross_experiment,0.029626943595776167,0.024880382775119614,,0.0,,,8.333333333333334,0.0
RBF_I,RBF_I__s9913__clean__none,clean,none,adwin,E1_fixed / immediate_screened,E2_RL / confirmed_screened,cross_experiment,0.029626943595776167,0.024880382775119614,,0.09090909090909094,,,0.0,-15833.333333333343
RBF_I,RBF_I__s9913__clean__none,clean,none,adwin,E1_fixed / immediate_screened,E2_RL / error_rule,cross_experiment,-0.0022472726866588633,-0.0038277511961722355,,0.0,,,0.0,0.0
RBF_I,RBF_I__s9913__clean__none,clean,none,adwin,E1_fixed / immediate_screened,E2_RL / none_screened,cross_experiment,0.029626943595776167,0.024880382775119614,,0.0,,,8.333333333333334,0.0
RBF_I,RBF_I__s9913__clean__none,clean,none,adwin,E1_fixed / immediate_screened,E2_RL / selected_map,cross_experiment,0.029626943595776167,0.024880382775119614,,0.0,,,8.333333333333334,0.0
RBF_I,RBF_I__s9913__clean__none,clean,none,adwin,E1_fixed / immediate_screened,E3_filter / confirmed_screened_filter_learned_features,cross_experiment,0.021017165250886427,0.016191387559808645,,0.059636363636363654,,,0.0,-11343.333333333328
RBF_I,RBF_I__s9913__clean__none,clean,none,adwin,E1_fixed / immediate_screened,E3_filter / confirmed_screened_filter_learned_features_label,cross_experiment,0.027039369791726664,0.02667942583732058,,0.049779904306220146,,,3.333333333333334,-4368.333333333343
RBF_I,RBF_I__s9913__clean__none,clean,none,adwin,E1_fixed / immediate_screened,E3_filter / confirmed_screened_filter_none,cross_experiment,0.029626943595776167,0.024880382775119614,,0.09090909090909094,,,0.0,-15833.333333333343
RBF_I,RBF_I__s9913__clean__none,clean,none,adwin,E1_fixed / immediate_screened,E3_filter / confirmed_screened_filter_oracle_blocks,cross_experiment,0.029626943595776167,0.024880382775119614,,0.09090909090909094,,,0.0,-15833.333333333343
RBF_I,RBF_I__s9913__clean__none,clean,none,adwin,E1_fixed / immediate_screened,E3_filter / confirmed_screened_filter_oracle_rows,cross_experiment,0.029626943595776167,0.024880382775119614,,0.09090909090909094,,,0.0,-15833.333333333343
RBF_I,RBF_I__s9913__clean__none,clean,none,adwin,E1_fixed / immediate_screened,E3_filter / confirmed_screened_filter_random_blocks,cross_experiment,0.029626943595776167,0.024880382775119614,,0.09090909090909094,,,0.0,-15833.333333333343
RBF_I,RBF_I__s9913__clean__none,clean,none,adwin,E1_fixed / immediate_screened,E3_filter / confirmed_screened_filter_random_rows,cross_experiment,0.029626943595776167,0.024880382775119614,,0.09090909090909094,,,0.0,-15833.333333333343
RBF_I,RBF_I__s9913__clean__none,clean,none,adwin,E1_fixed / immediate_screened,E3_filter / none_screened_filter_learned_features,cross_experiment,0.027869614583135915,0.022028708133971286,,-0.009550239234449753,,,8.333333333333334,3716.666666666657
RBF_I,RBF_I__s9913__clean__none,clean,none,adwin,E1_fixed / immediate_screened,E3_filter / none_screened_filter_learned_features_label,cross_experiment,0.027039369791726664,0.02667942583732058,,-0.0024306220095693387,,,8.333333333333334,4708.3333333333285
RBF_I,RBF_I__s9913__clean__none,clean,none,adwin,E1_fixed / immediate_screened,E3_filter / none_screened_filter_none,cross_experiment,0.029626943595776167,0.024880382775119614,,0.0,,,8.333333333333334,0.0
RBF_I,RBF_I__s9913__clean__none,clean,none,adwin,E1_fixed / immediate_unscreened,E2_RL / RL_2state,cross_experiment,0.1400907437884068,0.13521531100478468,,-0.36363636363636365,,,41.66666666666667,0.0
RBF_I,RBF_I__s9913__clean__none,clean,none,adwin,E1_fixed / immediate_unscreened,E2_RL / RL_4state,cross_experiment,0.1400907437884068,0.13521531100478468,,-0.36363636363636365,,,41.66666666666667,0.0
RBF_I,RBF_I__s9913__clean__none,clean,none,adwin,E1_fixed / immediate_unscreened,E2_RL / confirmed_screened,cross_experiment,0.1400907437884068,0.13521531100478468,,-0.2727272727272727,,,33.333333333333336,-15833.333333333343
RBF_I,RBF_I__s9913__clean__none,clean,none,adwin,E1_fixed / immediate_unscreened,E2_RL / error_rule,cross_experiment,0.10821652750597177,0.10650717703349283,,-0.36363636363636365,,,33.333333333333336,0.0
RBF_I,RBF_I__s9913__clean__none,clean,none,adwin,E1_fixed / immediate_unscreened,E2_RL / none_screened,cross_experiment,0.1400907437884068,0.13521531100478468,,-0.36363636363636365,,,41.66666666666667,0.0
RBF_I,RBF_I__s9913__clean__none,clean,none,adwin,E1_fixed / immediate_unscreened,E2_RL / selected_map,cross_experiment,0.1400907437884068,0.13521531100478468,,-0.36363636363636365,,,41.66666666666667,0.0
RBF_I,RBF_I__s9913__clean__none,clean,none,adwin,E1_fixed / immediate_unscreened,E3_filter / confirmed_screened_filter_learned_features,cross_experiment,0.13148096544351706,0.1265263157894737,,-0.304,,,33.333333333333336,-11343.333333333328
RBF_I,RBF_I__s9913__clean__none,clean,none,adwin,E1_fixed / immediate_unscreened,E3_filter / confirmed_screened_filter_learned_features_label,cross_experiment,0.1375031699843573,0.13701435406698564,,-0.3138564593301435,,,36.66666666666667,-4368.333333333343
RBF_I,RBF_I__s9913__clean__none,clean,none,adwin,E1_fixed / immediate_unscreened,E3_filter / confirmed_screened_filter_none,cross_experiment,0.1400907437884068,0.13521531100478468,,-0.2727272727272727,,,33.333333333333336,-15833.333333333343
RBF_I,RBF_I__s9913__clean__none,clean,none,adwin,E1_fixed / immediate_unscreened,E3_filter / confirmed_screened_filter_oracle_blocks,cross_experiment,0.1400907437884068,0.13521531100478468,,-0.2727272727272727,,,33.333333333333336,-15833.333333333343
RBF_I,RBF_I__s9913__clean__none,clean,none,adwin,E1_fixed / immediate_unscreened,E3_filter / confirmed_screened_filter_oracle_rows,cross_experiment,0.1400907437884068,0.13521531100478468,,-0.2727272727272727,,,33.333333333333336,-15833.333333333343
RBF_I,RBF_I__s9913__clean__none,clean,none,adwin,E1_fixed / immediate_unscreened,E3_filter / confirmed_screened_filter_random_blocks,cross_experiment,0.1400907437884068,0.13521531100478468,,-0.2727272727272727,,,33.333333333333336,-15833.333333333343
RBF_I,RBF_I__s9913__clean__none,clean,none,adwin,E1_fixed / immediate_unscreened,E3_filter / confirmed_screened_filter_random_rows,cross_experiment,0.1400907437884068,0.13521531100478468,,-0.2727272727272727,,,33.333333333333336,-15833.333333333343
RBF_I,RBF_I__s9913__clean__none,clean,none,adwin,E1_fixed / immediate_unscreened,E3_filter / none_screened_filter_learned_features,cross_experiment,0.13833341477576655,0.13236363636363635,,-0.3731866028708134,,,41.66666666666667,3716.666666666657
RBF_I,RBF_I__s9913__clean__none,clean,none,adwin,E1_fixed / immediate_unscreened,E3_filter / none_screened_filter_learned_features_label,cross_experiment,0.1375031699843573,0.13701435406698564,,-0.366066985645933,,,41.66666666666667,4708.3333333333285
RBF_I,RBF_I__s9913__clean__none,clean,none,adwin,E1_fixed / immediate_unscreened,E3_filter / none_screened_filter_none,cross_experiment,0.1400907437884068,0.13521531100478468,,-0.36363636363636365,,,41.66666666666667,0.0
RBF_I,RBF_I__s9913__clean__none,clean,none,adwin,E1_fixed / none_screened,E2_RL / RL_2state,cross_experiment,0.0,0.0,,0.0,,,0.0,0.0
RBF_I,RBF_I__s9913__clean__none,clean,none,adwin,E1_fixed / none_screened,E2_RL / RL_4state,cross_experiment,0.0,0.0,,0.0,,,0.0,0.0
RBF_I,RBF_I__s9913__clean__none,clean,none,adwin,E1_fixed / none_screened,E2_RL / confirmed_screened,cross_experiment,0.0,0.0,,0.09090909090909094,,,-8.333333333333334,-15833.333333333343
RBF_I,RBF_I__s9913__clean__none,clean,none,adwin,E1_fixed / none_screened,E2_RL / error_rule,cross_experiment,-0.03187421628243503,-0.02870813397129185,,0.0,,,-8.333333333333334,0.0
RBF_I,RBF_I__s9913__clean__none,clean,none,adwin,E1_fixed / none_screened,E2_RL / none_screened,cross_experiment,0.0,0.0,,0.0,,,0.0,0.0
RBF_I,RBF_I__s9913__clean__none,clean,none,adwin,E1_fixed / none_screened,E2_RL / selected_map,cross_experiment,0.0,0.0,,0.0,,,0.0,0.0
RBF_I,RBF_I__s9913__clean__none,clean,none,adwin,E1_fixed / none_screened,E3_filter / confirmed_screened_filter_learned_features,cross_experiment,-0.00860977834488974,-0.008688995215310968,,0.059636363636363654,,,-8.333333333333334,-11343.333333333328
RBF_I,RBF_I__s9913__clean__none,clean,none,adwin,E1_fixed / none_screened,E3_filter / confirmed_screened_filter_learned_features_label,cross_experiment,-0.0025875738040495033,0.0017990430622009668,,0.049779904306220146,,,-5.0,-4368.333333333343
RBF_I,RBF_I__s9913__clean__none,clean,none,adwin,E1_fixed / none_screened,E3_filter / confirmed_screened_filter_none,cross_experiment,0.0,0.0,,0.09090909090909094,,,-8.333333333333334,-15833.333333333343
RBF_I,RBF_I__s9913__clean__none,clean,none,adwin,E1_fixed / none_screened,E3_filter / confirmed_screened_filter_oracle_blocks,cross_experiment,0.0,0.0,,0.09090909090909094,,,-8.333333333333334,-15833.333333333343
RBF_I,RBF_I__s9913__clean__none,clean,none,adwin,E1_fixed / none_screened,E3_filter / confirmed_screened_filter_oracle_rows,cross_experiment,0.0,0.0,,0.09090909090909094,,,-8.333333333333334,-15833.333333333343
RBF_I,RBF_I__s9913__clean__none,clean,none,adwin,E1_fixed / none_screened,E3_filter / confirmed_screened_filter_random_blocks,cross_experiment,0.0,0.0,,0.09090909090909094,,,-8.333333333333334,-15833.333333333343
RBF_I,RBF_I__s9913__clean__none,clean,none,adwin,E1_fixed / none_screened,E3_filter / confirmed_screened_filter_random_rows,cross_experiment,0.0,0.0,,0.09090909090909094,,,-8.333333333333334,-15833.333333333343
RBF_I,RBF_I__s9913__clean__none,clean,none,adwin,E1_fixed / none_screened,E3_filter / none_screened_filter_learned_features,cross_experiment,-0.0017573290126402519,-0.0028516746411483274,,-0.009550239234449753,,,0.0,3716.666666666657
RBF_I,RBF_I__s9913__clean__none,clean,none,adwin,E1_fixed / none_screened,E3_filter / none_screened_filter_learned_features_label,cross_experiment,-0.0025875738040495033,0.0017990430622009668,,-0.0024306220095693387,,,0.0,4708.3333333333285
RBF_I,RBF_I__s9913__clean__none,clean,none,adwin,E1_fixed / none_screened,E3_filter / none_screened_filter_none,cross_experiment,0.0,0.0,,0.0,,,0.0,0.0
RBF_I,RBF_I__s9913__clean__none,clean,none,adwin,E1_fixed / none_unscreened,E2_RL / RL_2state,cross_experiment,0.010658749614114837,0.011387559808612446,,-0.36363636363636365,,,0.0,0.0
RBF_I,RBF_I__s9913__clean__none,clean,none,adwin,E1_fixed / none_unscreened,E2_RL / RL_4state,cross_experiment,0.010658749614114837,0.011387559808612446,,-0.36363636363636365,,,0.0,0.0
RBF_I,RBF_I__s9913__clean__none,clean,none,adwin,E1_fixed / none_unscreened,E2_RL / confirmed_screened,cross_experiment,0.010658749614114837,0.011387559808612446,,-0.2727272727272727,,,-8.333333333333334,-15833.333333333343
RBF_I,RBF_I__s9913__clean__none,clean,none,adwin,E1_fixed / none_unscreened,E2_RL / error_rule,cross_experiment,-0.021215466668320193,-0.017320574162679403,,-0.36363636363636365,,,-8.333333333333334,0.0
RBF_I,RBF_I__s9913__clean__none,clean,none,adwin,E1_fixed / none_unscreened,E2_RL / none_screened,cross_experiment,0.010658749614114837,0.011387559808612446,,-0.36363636363636365,,,0.0,0.0
RBF_I,RBF_I__s9913__clean__none,clean,none,adwin,E1_fixed / none_unscreened,E2_RL / selected_map,cross_experiment,0.010658749614114837,0.011387559808612446,,-0.36363636363636365,,,0.0,0.0
RBF_I,RBF_I__s9913__clean__none,clean,none,adwin,E1_fixed / none_unscreened,E3_filter / confirmed_screened_filter_learned_features,cross_experiment,0.002048971269225097,0.002698564593301478,,-0.304,,,-8.333333333333334,-11343.333333333328
RBF_I,RBF_I__s9913__clean__none,clean,none,adwin,E1_fixed / none_unscreened,E3_filter / confirmed_screened_filter_learned_features_label,cross_experiment,0.008071175810065334,0.013186602870813413,,-0.3138564593301435,,,-5.0,-4368.333333333343
RBF_I,RBF_I__s9913__clean__none,clean,none,adwin,E1_fixed / none_unscreened,E3_filter / confirmed_screened_filter_none,cross_experiment,0.010658749614114837,0.011387559808612446,,-0.2727272727272727,,,-8.333333333333334,-15833.333333333343
RBF_I,RBF_I__s9913__clean__none,clean,none,adwin,E1_fixed / none_unscreened,E3_filter / confirmed_screened_filter_oracle_blocks,cross_experiment,0.010658749614114837,0.011387559808612446,,-0.2727272727272727,,,-8.333333333333334,-15833.333333333343
RBF_I,RBF_I__s9913__clean__none,clean,none,adwin,E1_fixed / none_unscreened,E3_filter / confirmed_screened_filter_oracle_rows,cross_experiment,0.010658749614114837,0.011387559808612446,,-0.2727272727272727,,,-8.333333333333334,-15833.333333333343
RBF_I,RBF_I__s9913__clean__none,clean,none,adwin,E1_fixed / none_unscreened,E3_filter / confirmed_screened_filter_random_blocks,cross_experiment,0.010658749614114837,0.011387559808612446,,-0.2727272727272727,,,-8.333333333333334,-15833.333333333343
RBF_I,RBF_I__s9913__clean__none,clean,none,adwin,E1_fixed / none_unscreened,E3_filter / confirmed_screened_filter_random_rows,cross_experiment,0.010658749614114837,0.011387559808612446,,-0.2727272727272727,,,-8.333333333333334,-15833.333333333343
RBF_I,RBF_I__s9913__clean__none,clean,none,adwin,E1_fixed / none_unscreened,E3_filter / none_screened_filter_learned_features,cross_experiment,0.008901420601474586,0.008535885167464119,,-0.3731866028708134,,,0.0,3716.666666666657
RBF_I,RBF_I__s9913__clean__none,clean,none,adwin,E1_fixed / none_unscreened,E3_filter / none_screened_filter_learned_features_label,cross_experiment,0.008071175810065334,0.013186602870813413,,-0.366066985645933,,,0.0,4708.3333333333285
RBF_I,RBF_I__s9913__clean__none,clean,none,adwin,E1_fixed / none_unscreened,E3_filter / none_screened_filter_none,cross_experiment,0.010658749614114837,0.011387559808612446,,-0.36363636363636365,,,0.0,0.0
RBF_I,RBF_I__s9913__clean__none,clean,none,adwin,E2_RL / RL_2state,E3_filter / confirmed_screened_filter_learned_features,cross_experiment,-0.00860977834488974,-0.008688995215310968,,0.059636363636363654,,,-8.333333333333334,-11343.333333333328
RBF_I,RBF_I__s9913__clean__none,clean,none,adwin,E2_RL / RL_2state,E3_filter / confirmed_screened_filter_learned_features_label,cross_experiment,-0.0025875738040495033,0.0017990430622009668,,0.049779904306220146,,,-5.0,-4368.333333333343
RBF_I,RBF_I__s9913__clean__none,clean,none,adwin,E2_RL / RL_2state,E3_filter / confirmed_screened_filter_none,cross_experiment,0.0,0.0,,0.09090909090909094,,,-8.333333333333334,-15833.333333333343
RBF_I,RBF_I__s9913__clean__none,clean,none,adwin,E2_RL / RL_2state,E3_filter / confirmed_screened_filter_oracle_blocks,cross_experiment,0.0,0.0,,0.09090909090909094,,,-8.333333333333334,-15833.333333333343
RBF_I,RBF_I__s9913__clean__none,clean,none,adwin,E2_RL / RL_2state,E3_filter / confirmed_screened_filter_oracle_rows,cross_experiment,0.0,0.0,,0.09090909090909094,,,-8.333333333333334,-15833.333333333343
RBF_I,RBF_I__s9913__clean__none,clean,none,adwin,E2_RL / RL_2state,E3_filter / confirmed_screened_filter_random_blocks,cross_experiment,0.0,0.0,,0.09090909090909094,,,-8.333333333333334,-15833.333333333343
RBF_I,RBF_I__s9913__clean__none,clean,none,adwin,E2_RL / RL_2state,E3_filter / confirmed_screened_filter_random_rows,cross_experiment,0.0,0.0,,0.09090909090909094,,,-8.333333333333334,-15833.333333333343
RBF_I,RBF_I__s9913__clean__none,clean,none,adwin,E2_RL / RL_2state,E3_filter / none_screened_filter_learned_features,cross_experiment,-0.0017573290126402519,-0.0028516746411483274,,-0.009550239234449753,,,0.0,3716.666666666657
RBF_I,RBF_I__s9913__clean__none,clean,none,adwin,E2_RL / RL_2state,E3_filter / none_screened_filter_learned_features_label,cross_experiment,-0.0025875738040495033,0.0017990430622009668,,-0.0024306220095693387,,,0.0,4708.3333333333285
RBF_I,RBF_I__s9913__clean__none,clean,none,adwin,E2_RL / RL_2state,E3_filter / none_screened_filter_none,cross_experiment,0.0,0.0,,0.0,,,0.0,0.0
RBF_I,RBF_I__s9913__clean__none,clean,none,adwin,E2_RL / RL_4state,E3_filter / confirmed_screened_filter_learned_features,cross_experiment,-0.00860977834488974,-0.008688995215310968,,0.059636363636363654,,,-8.333333333333334,-11343.333333333328
RBF_I,RBF_I__s9913__clean__none,clean,none,adwin,E2_RL / RL_4state,E3_filter / confirmed_screened_filter_learned_features_label,cross_experiment,-0.0025875738040495033,0.0017990430622009668,,0.049779904306220146,,,-5.0,-4368.333333333343
RBF_I,RBF_I__s9913__clean__none,clean,none,adwin,E2_RL / RL_4state,E3_filter / confirmed_screened_filter_none,cross_experiment,0.0,0.0,,0.09090909090909094,,,-8.333333333333334,-15833.333333333343
RBF_I,RBF_I__s9913__clean__none,clean,none,adwin,E2_RL / RL_4state,E3_filter / confirmed_screened_filter_oracle_blocks,cross_experiment,0.0,0.0,,0.09090909090909094,,,-8.333333333333334,-15833.333333333343
RBF_I,RBF_I__s9913__clean__none,clean,none,adwin,E2_RL / RL_4state,E3_filter / confirmed_screened_filter_oracle_rows,cross_experiment,0.0,0.0,,0.09090909090909094,,,-8.333333333333334,-15833.333333333343
RBF_I,RBF_I__s9913__clean__none,clean,none,adwin,E2_RL / RL_4state,E3_filter / confirmed_screened_filter_random_blocks,cross_experiment,0.0,0.0,,0.09090909090909094,,,-8.333333333333334,-15833.333333333343
RBF_I,RBF_I__s9913__clean__none,clean,none,adwin,E2_RL / RL_4state,E3_filter / confirmed_screened_filter_random_rows,cross_experiment,0.0,0.0,,0.09090909090909094,,,-8.333333333333334,-15833.333333333343
RBF_I,RBF_I__s9913__clean__none,clean,none,adwin,E2_RL / RL_4state,E3_filter / none_screened_filter_learned_features,cross_experiment,-0.0017573290126402519,-0.0028516746411483274,,-0.009550239234449753,,,0.0,3716.666666666657
RBF_I,RBF_I__s9913__clean__none,clean,none,adwin,E2_RL / RL_4state,E3_filter / none_screened_filter_learned_features_label,cross_experiment,-0.0025875738040495033,0.0017990430622009668,,-0.0024306220095693387,,,0.0,4708.3333333333285
RBF_I,RBF_I__s9913__clean__none,clean,none,adwin,E2_RL / RL_4state,E3_filter / none_screened_filter_none,cross_experiment,0.0,0.0,,0.0,,,0.0,0.0
RBF_I,RBF_I__s9913__clean__none,clean,none,adwin,E2_RL / confirmed_screened,E3_filter / confirmed_screened_filter_learned_features,cross_experiment,-0.00860977834488974,-0.008688995215310968,,-0.031272727272727285,,,0.0,4490.000000000015
RBF_I,RBF_I__s9913__clean__none,clean,none,adwin,E2_RL / confirmed_screened,E3_filter / confirmed_screened_filter_learned_features_label,cross_experiment,-0.0025875738040495033,0.0017990430622009668,,-0.04112918660287079,,,3.333333333333334,11465.0
RBF_I,RBF_I__s9913__clean__none,clean,none,adwin,E2_RL / confirmed_screened,E3_filter / confirmed_screened_filter_none,cross_experiment,0.0,0.0,,0.0,,,0.0,0.0
RBF_I,RBF_I__s9913__clean__none,clean,none,adwin,E2_RL / confirmed_screened,E3_filter / confirmed_screened_filter_oracle_blocks,cross_experiment,0.0,0.0,,0.0,,,0.0,0.0
RBF_I,RBF_I__s9913__clean__none,clean,none,adwin,E2_RL / confirmed_screened,E3_filter / confirmed_screened_filter_oracle_rows,cross_experiment,0.0,0.0,,0.0,,,0.0,0.0
RBF_I,RBF_I__s9913__clean__none,clean,none,adwin,E2_RL / confirmed_screened,E3_filter / confirmed_screened_filter_random_blocks,cross_experiment,0.0,0.0,,0.0,,,0.0,0.0
RBF_I,RBF_I__s9913__clean__none,clean,none,adwin,E2_RL / confirmed_screened,E3_filter / confirmed_screened_filter_random_rows,cross_experiment,0.0,0.0,,0.0,,,0.0,0.0
RBF_I,RBF_I__s9913__clean__none,clean,none,adwin,E2_RL / confirmed_screened,E3_filter / none_screened_filter_learned_features,cross_experiment,-0.0017573290126402519,-0.0028516746411483274,,-0.10045933014354069,,,8.333333333333334,19550.0
RBF_I,RBF_I__s9913__clean__none,clean,none,adwin,E2_RL / confirmed_screened,E3_filter / none_screened_filter_learned_features_label,cross_experiment,-0.0025875738040495033,0.0017990430622009668,,-0.09333971291866028,,,8.333333333333334,20541.66666666667
RBF_I,RBF_I__s9913__clean__none,clean,none,adwin,E2_RL / confirmed_screened,E3_filter / none_screened_filter_none,cross_experiment,0.0,0.0,,-0.09090909090909094,,,8.333333333333334,15833.333333333343
RBF_I,RBF_I__s9913__clean__none,clean,none,adwin,E2_RL / error_rule,E3_filter / confirmed_screened_filter_learned_features,cross_experiment,0.02326443793754529,0.02001913875598088,,0.059636363636363654,,,0.0,-11343.333333333328
RBF_I,RBF_I__s9913__clean__none,clean,none,adwin,E2_RL / error_rule,E3_filter / confirmed_screened_filter_learned_features_label,cross_experiment,0.029286642478385527,0.030507177033492816,,0.049779904306220146,,,3.333333333333334,-4368.333333333343
RBF_I,RBF_I__s9913__clean__none,clean,none,adwin,E2_RL / error_rule,E3_filter / confirmed_screened_filter_none,cross_experiment,0.03187421628243503,0.02870813397129185,,0.09090909090909094,,,0.0,-15833.333333333343
RBF_I,RBF_I__s9913__clean__none,clean,none,adwin,E2_RL / error_rule,E3_filter / confirmed_screened_filter_oracle_blocks,cross_experiment,0.03187421628243503,0.02870813397129185,,0.09090909090909094,,,0.0,-15833.333333333343
RBF_I,RBF_I__s9913__clean__none,clean,none,adwin,E2_RL / error_rule,E3_filter / confirmed_screened_filter_oracle_rows,cross_experiment,0.03187421628243503,0.02870813397129185,,0.09090909090909094,,,0.0,-15833.333333333343
RBF_I,RBF_I__s9913__clean__none,clean,none,adwin,E2_RL / error_rule,E3_filter / confirmed_screened_filter_random_blocks,cross_experiment,0.03187421628243503,0.02870813397129185,,0.09090909090909094,,,0.0,-15833.333333333343
RBF_I,RBF_I__s9913__clean__none,clean,none,adwin,E2_RL / error_rule,E3_filter / confirmed_screened_filter_random_rows,cross_experiment,0.03187421628243503,0.02870813397129185,,0.09090909090909094,,,0.0,-15833.333333333343
RBF_I,RBF_I__s9913__clean__none,clean,none,adwin,E2_RL / error_rule,E3_filter / none_screened_filter_learned_features,cross_experiment,0.03011688726979478,0.025856459330143522,,-0.009550239234449753,,,8.333333333333334,3716.666666666657
RBF_I,RBF_I__s9913__clean__none,clean,none,adwin,E2_RL / error_rule,E3_filter / none_screened_filter_learned_features_label,cross_experiment,0.029286642478385527,0.030507177033492816,,-0.0024306220095693387,,,8.333333333333334,4708.3333333333285
RBF_I,RBF_I__s9913__clean__none,clean,none,adwin,E2_RL / error_rule,E3_filter / none_screened_filter_none,cross_experiment,0.03187421628243503,0.02870813397129185,,0.0,,,8.333333333333334,0.0
RBF_I,RBF_I__s9913__clean__none,clean,none,adwin,E2_RL / none_screened,E3_filter / confirmed_screened_filter_learned_features,cross_experiment,-0.00860977834488974,-0.008688995215310968,,0.059636363636363654,,,-8.333333333333334,-11343.333333333328
RBF_I,RBF_I__s9913__clean__none,clean,none,adwin,E2_RL / none_screened,E3_filter / confirmed_screened_filter_learned_features_label,cross_experiment,-0.0025875738040495033,0.0017990430622009668,,0.049779904306220146,,,-5.0,-4368.333333333343
RBF_I,RBF_I__s9913__clean__none,clean,none,adwin,E2_RL / none_screened,E3_filter / confirmed_screened_filter_none,cross_experiment,0.0,0.0,,0.09090909090909094,,,-8.333333333333334,-15833.333333333343
RBF_I,RBF_I__s9913__clean__none,clean,none,adwin,E2_RL / none_screened,E3_filter / confirmed_screened_filter_oracle_blocks,cross_experiment,0.0,0.0,,0.09090909090909094,,,-8.333333333333334,-15833.333333333343
RBF_I,RBF_I__s9913__clean__none,clean,none,adwin,E2_RL / none_screened,E3_filter / confirmed_screened_filter_oracle_rows,cross_experiment,0.0,0.0,,0.09090909090909094,,,-8.333333333333334,-15833.333333333343
RBF_I,RBF_I__s9913__clean__none,clean,none,adwin,E2_RL / none_screened,E3_filter / confirmed_screened_filter_random_blocks,cross_experiment,0.0,0.0,,0.09090909090909094,,,-8.333333333333334,-15833.333333333343
RBF_I,RBF_I__s9913__clean__none,clean,none,adwin,E2_RL / none_screened,E3_filter / confirmed_screened_filter_random_rows,cross_experiment,0.0,0.0,,0.09090909090909094,,,-8.333333333333334,-15833.333333333343
RBF_I,RBF_I__s9913__clean__none,clean,none,adwin,E2_RL / none_screened,E3_filter / none_screened_filter_learned_features,cross_experiment,-0.0017573290126402519,-0.0028516746411483274,,-0.009550239234449753,,,0.0,3716.666666666657
RBF_I,RBF_I__s9913__clean__none,clean,none,adwin,E2_RL / none_screened,E3_filter / none_screened_filter_learned_features_label,cross_experiment,-0.0025875738040495033,0.0017990430622009668,,-0.0024306220095693387,,,0.0,4708.3333333333285
RBF_I,RBF_I__s9913__clean__none,clean,none,adwin,E2_RL / none_screened,E3_filter / none_screened_filter_none,cross_experiment,0.0,0.0,,0.0,,,0.0,0.0
RBF_I,RBF_I__s9913__clean__none,clean,none,adwin,E2_RL / selected_map,E3_filter / confirmed_screened_filter_learned_features,cross_experiment,-0.00860977834488974,-0.008688995215310968,,0.059636363636363654,,,-8.333333333333334,-11343.333333333328
RBF_I,RBF_I__s9913__clean__none,clean,none,adwin,E2_RL / selected_map,E3_filter / confirmed_screened_filter_learned_features_label,cross_experiment,-0.0025875738040495033,0.0017990430622009668,,0.049779904306220146,,,-5.0,-4368.333333333343
RBF_I,RBF_I__s9913__clean__none,clean,none,adwin,E2_RL / selected_map,E3_filter / confirmed_screened_filter_none,cross_experiment,0.0,0.0,,0.09090909090909094,,,-8.333333333333334,-15833.333333333343
RBF_I,RBF_I__s9913__clean__none,clean,none,adwin,E2_RL / selected_map,E3_filter / confirmed_screened_filter_oracle_blocks,cross_experiment,0.0,0.0,,0.09090909090909094,,,-8.333333333333334,-15833.333333333343
RBF_I,RBF_I__s9913__clean__none,clean,none,adwin,E2_RL / selected_map,E3_filter / confirmed_screened_filter_oracle_rows,cross_experiment,0.0,0.0,,0.09090909090909094,,,-8.333333333333334,-15833.333333333343
RBF_I,RBF_I__s9913__clean__none,clean,none,adwin,E2_RL / selected_map,E3_filter / confirmed_screened_filter_random_blocks,cross_experiment,0.0,0.0,,0.09090909090909094,,,-8.333333333333334,-15833.333333333343
RBF_I,RBF_I__s9913__clean__none,clean,none,adwin,E2_RL / selected_map,E3_filter / confirmed_screened_filter_random_rows,cross_experiment,0.0,0.0,,0.09090909090909094,,,-8.333333333333334,-15833.333333333343
RBF_I,RBF_I__s9913__clean__none,clean,none,adwin,E2_RL / selected_map,E3_filter / none_screened_filter_learned_features,cross_experiment,-0.0017573290126402519,-0.0028516746411483274,,-0.009550239234449753,,,0.0,3716.666666666657
RBF_I,RBF_I__s9913__clean__none,clean,none,adwin,E2_RL / selected_map,E3_filter / none_screened_filter_learned_features_label,cross_experiment,-0.0025875738040495033,0.0017990430622009668,,-0.0024306220095693387,,,0.0,4708.3333333333285
RBF_I,RBF_I__s9913__clean__none,clean,none,adwin,E2_RL / selected_map,E3_filter / none_screened_filter_none,cross_experiment,0.0,0.0,,0.0,,,0.0,0.0
RBF_I,RBF_I__s9913__clean__none,clean,none,d3_oof,E1_fixed / confirmed_screened,E2_RL / RL_2state,cross_experiment,0.0,0.0,,0.0,,,0.0,0.0
RBF_I,RBF_I__s9913__clean__none,clean,none,d3_oof,E1_fixed / confirmed_screened,E2_RL / RL_4state,cross_experiment,0.0,0.0,,0.0,,,0.0,0.0
RBF_I,RBF_I__s9913__clean__none,clean,none,d3_oof,E1_fixed / confirmed_screened,E2_RL / confirmed_screened,cross_experiment,0.0,0.0,,0.0,,,0.0,0.0
RBF_I,RBF_I__s9913__clean__none,clean,none,d3_oof,E1_fixed / confirmed_screened,E2_RL / error_rule,cross_experiment,-0.03187421628243503,-0.02870813397129185,,0.0,,,-8.333333333333334,0.0
RBF_I,RBF_I__s9913__clean__none,clean,none,d3_oof,E1_fixed / confirmed_screened,E2_RL / none_screened,cross_experiment,0.0,0.0,,0.0,,,0.0,0.0
RBF_I,RBF_I__s9913__clean__none,clean,none,d3_oof,E1_fixed / confirmed_screened,E2_RL / selected_map,cross_experiment,0.0,0.0,,0.0,,,0.0,0.0
RBF_I,RBF_I__s9913__clean__none,clean,none,d3_oof,E1_fixed / confirmed_screened,E3_filter / confirmed_screened_filter_learned_features,cross_experiment,-0.0017573290126402519,-0.0028516746411483274,,-0.009550239234449753,,,0.0,3716.666666666657
RBF_I,RBF_I__s9913__clean__none,clean,none,d3_oof,E1_fixed / confirmed_screened,E3_filter / confirmed_screened_filter_learned_features_label,cross_experiment,-0.0025875738040495033,0.0017990430622009668,,-0.0024306220095693387,,,0.0,4708.3333333333285
RBF_I,RBF_I__s9913__clean__none,clean,none,d3_oof,E1_fixed / confirmed_screened,E3_filter / confirmed_screened_filter_none,cross_experiment,0.0,0.0,,0.0,,,0.0,0.0
RBF_I,RBF_I__s9913__clean__none,clean,none,d3_oof,E1_fixed / confirmed_screened,E3_filter / confirmed_screened_filter_oracle_blocks,cross_experiment,0.0,0.0,,0.0,,,0.0,0.0
RBF_I,RBF_I__s9913__clean__none,clean,none,d3_oof,E1_fixed / confirmed_screened,E3_filter / confirmed_screened_filter_oracle_rows,cross_experiment,0.0,0.0,,0.0,,,0.0,0.0
RBF_I,RBF_I__s9913__clean__none,clean,none,d3_oof,E1_fixed / confirmed_screened,E3_filter / confirmed_screened_filter_random_blocks,cross_experiment,0.0,0.0,,0.0,,,0.0,0.0
RBF_I,RBF_I__s9913__clean__none,clean,none,d3_oof,E1_fixed / confirmed_screened,E3_filter / confirmed_screened_filter_random_rows,cross_experiment,0.0,0.0,,0.0,,,0.0,0.0
RBF_I,RBF_I__s9913__clean__none,clean,none,d3_oof,E1_fixed / confirmed_screened,E3_filter / none_screened_filter_learned_features,cross_experiment,-0.0017573290126402519,-0.0028516746411483274,,-0.009550239234449753,,,0.0,3716.666666666657
RBF_I,RBF_I__s9913__clean__none,clean,none,d3_oof,E1_fixed / confirmed_screened,E3_filter / none_screened_filter_learned_features_label,cross_experiment,-0.0025875738040495033,0.0017990430622009668,,-0.0024306220095693387,,,0.0,4708.3333333333285
RBF_I,RBF_I__s9913__clean__none,clean,none,d3_oof,E1_fixed / confirmed_screened,E3_filter / none_screened_filter_none,cross_experiment,0.0,0.0,,0.0,,,0.0,0.0
RBF_I,RBF_I__s9913__clean__none,clean,none,d3_oof,E1_fixed / confirmed_unscreened,E2_RL / RL_2state,cross_experiment,0.010658749614114837,0.011387559808612446,,-0.36363636363636365,,,0.0,0.0
RBF_I,RBF_I__s9913__clean__none,clean,none,d3_oof,E1_fixed / confirmed_unscreened,E2_RL / RL_4state,cross_experiment,0.010658749614114837,0.011387559808612446,,-0.36363636363636365,,,0.0,0.0
RBF_I,RBF_I__s9913__clean__none,clean,none,d3_oof,E1_fixed / confirmed_unscreened,E2_RL / confirmed_screened,cross_experiment,0.010658749614114837,0.011387559808612446,,-0.36363636363636365,,,0.0,0.0
RBF_I,RBF_I__s9913__clean__none,clean,none,d3_oof,E1_fixed / confirmed_unscreened,E2_RL / error_rule,cross_experiment,-0.021215466668320193,-0.017320574162679403,,-0.36363636363636365,,,-8.333333333333334,0.0
RBF_I,RBF_I__s9913__clean__none,clean,none,d3_oof,E1_fixed / confirmed_unscreened,E2_RL / none_screened,cross_experiment,0.010658749614114837,0.011387559808612446,,-0.36363636363636365,,,0.0,0.0
RBF_I,RBF_I__s9913__clean__none,clean,none,d3_oof,E1_fixed / confirmed_unscreened,E2_RL / selected_map,cross_experiment,0.010658749614114837,0.011387559808612446,,-0.36363636363636365,,,0.0,0.0
RBF_I,RBF_I__s9913__clean__none,clean,none,d3_oof,E1_fixed / confirmed_unscreened,E3_filter / confirmed_screened_filter_learned_features,cross_experiment,0.008901420601474586,0.008535885167464119,,-0.3731866028708134,,,0.0,3716.666666666657
RBF_I,RBF_I__s9913__clean__none,clean,none,d3_oof,E1_fixed / confirmed_unscreened,E3_filter / confirmed_screened_filter_learned_features_label,cross_experiment,0.008071175810065334,0.013186602870813413,,-0.366066985645933,,,0.0,4708.3333333333285
RBF_I,RBF_I__s9913__clean__none,clean,none,d3_oof,E1_fixed / confirmed_unscreened,E3_filter / confirmed_screened_filter_none,cross_experiment,0.010658749614114837,0.011387559808612446,,-0.36363636363636365,,,0.0,0.0
RBF_I,RBF_I__s9913__clean__none,clean,none,d3_oof,E1_fixed / confirmed_unscreened,E3_filter / confirmed_screened_filter_oracle_blocks,cross_experiment,0.010658749614114837,0.011387559808612446,,-0.36363636363636365,,,0.0,0.0
RBF_I,RBF_I__s9913__clean__none,clean,none,d3_oof,E1_fixed / confirmed_unscreened,E3_filter / confirmed_screened_filter_oracle_rows,cross_experiment,0.010658749614114837,0.011387559808612446,,-0.36363636363636365,,,0.0,0.0
RBF_I,RBF_I__s9913__clean__none,clean,none,d3_oof,E1_fixed / confirmed_unscreened,E3_filter / confirmed_screened_filter_random_blocks,cross_experiment,0.010658749614114837,0.011387559808612446,,-0.36363636363636365,,,0.0,0.0
RBF_I,RBF_I__s9913__clean__none,clean,none,d3_oof,E1_fixed / confirmed_unscreened,E3_filter / confirmed_screened_filter_random_rows,cross_experiment,0.010658749614114837,0.011387559808612446,,-0.36363636363636365,,,0.0,0.0
RBF_I,RBF_I__s9913__clean__none,clean,none,d3_oof,E1_fixed / confirmed_unscreened,E3_filter / none_screened_filter_learned_features,cross_experiment,0.008901420601474586,0.008535885167464119,,-0.3731866028708134,,,0.0,3716.666666666657
RBF_I,RBF_I__s9913__clean__none,clean,none,d3_oof,E1_fixed / confirmed_unscreened,E3_filter / none_screened_filter_learned_features_label,cross_experiment,0.008071175810065334,0.013186602870813413,,-0.366066985645933,,,0.0,4708.3333333333285
RBF_I,RBF_I__s9913__clean__none,clean,none,d3_oof,E1_fixed / confirmed_unscreened,E3_filter / none_screened_filter_none,cross_experiment,0.010658749614114837,0.011387559808612446,,-0.36363636363636365,,,0.0,0.0
RBF_I,RBF_I__s9913__clean__none,clean,none,d3_oof,E1_fixed / immediate_screened,E2_RL / RL_2state,cross_experiment,0.0,0.0,,0.0,,,0.0,0.0
RBF_I,RBF_I__s9913__clean__none,clean,none,d3_oof,E1_fixed / immediate_screened,E2_RL / RL_4state,cross_experiment,0.0,0.0,,0.0,,,0.0,0.0
RBF_I,RBF_I__s9913__clean__none,clean,none,d3_oof,E1_fixed / immediate_screened,E2_RL / confirmed_screened,cross_experiment,0.0,0.0,,0.0,,,0.0,0.0
RBF_I,RBF_I__s9913__clean__none,clean,none,d3_oof,E1_fixed / immediate_screened,E2_RL / error_rule,cross_experiment,-0.03187421628243503,-0.02870813397129185,,0.0,,,-8.333333333333334,0.0
RBF_I,RBF_I__s9913__clean__none,clean,none,d3_oof,E1_fixed / immediate_screened,E2_RL / none_screened,cross_experiment,0.0,0.0,,0.0,,,0.0,0.0
RBF_I,RBF_I__s9913__clean__none,clean,none,d3_oof,E1_fixed / immediate_screened,E2_RL / selected_map,cross_experiment,0.0,0.0,,0.0,,,0.0,0.0
RBF_I,RBF_I__s9913__clean__none,clean,none,d3_oof,E1_fixed / immediate_screened,E3_filter / confirmed_screened_filter_learned_features,cross_experiment,-0.0017573290126402519,-0.0028516746411483274,,-0.009550239234449753,,,0.0,3716.666666666657
RBF_I,RBF_I__s9913__clean__none,clean,none,d3_oof,E1_fixed / immediate_screened,E3_filter / confirmed_screened_filter_learned_features_label,cross_experiment,-0.0025875738040495033,0.0017990430622009668,,-0.0024306220095693387,,,0.0,4708.3333333333285
RBF_I,RBF_I__s9913__clean__none,clean,none,d3_oof,E1_fixed / immediate_screened,E3_filter / confirmed_screened_filter_none,cross_experiment,0.0,0.0,,0.0,,,0.0,0.0
RBF_I,RBF_I__s9913__clean__none,clean,none,d3_oof,E1_fixed / immediate_screened,E3_filter / confirmed_screened_filter_oracle_blocks,cross_experiment,0.0,0.0,,0.0,,,0.0,0.0
RBF_I,RBF_I__s9913__clean__none,clean,none,d3_oof,E1_fixed / immediate_screened,E3_filter / confirmed_screened_filter_oracle_rows,cross_experiment,0.0,0.0,,0.0,,,0.0,0.0
RBF_I,RBF_I__s9913__clean__none,clean,none,d3_oof,E1_fixed / immediate_screened,E3_filter / confirmed_screened_filter_random_blocks,cross_experiment,0.0,0.0,,0.0,,,0.0,0.0
RBF_I,RBF_I__s9913__clean__none,clean,none,d3_oof,E1_fixed / immediate_screened,E3_filter / confirmed_screened_filter_random_rows,cross_experiment,0.0,0.0,,0.0,,,0.0,0.0
RBF_I,RBF_I__s9913__clean__none,clean,none,d3_oof,E1_fixed / immediate_screened,E3_filter / none_screened_filter_learned_features,cross_experiment,-0.0017573290126402519,-0.0028516746411483274,,-0.009550239234449753,,,0.0,3716.666666666657
RBF_I,RBF_I__s9913__clean__none,clean,none,d3_oof,E1_fixed / immediate_screened,E3_filter / none_screened_filter_learned_features_label,cross_experiment,-0.0025875738040495033,0.0017990430622009668,,-0.0024306220095693387,,,0.0,4708.3333333333285
RBF_I,RBF_I__s9913__clean__none,clean,none,d3_oof,E1_fixed / immediate_screened,E3_filter / none_screened_filter_none,cross_experiment,0.0,0.0,,0.0,,,0.0,0.0
RBF_I,RBF_I__s9913__clean__none,clean,none,d3_oof,E1_fixed / immediate_unscreened,E2_RL / RL_2state,cross_experiment,0.010658749614114837,0.011387559808612446,,-0.36363636363636365,,,0.0,0.0
RBF_I,RBF_I__s9913__clean__none,clean,none,d3_oof,E1_fixed / immediate_unscreened,E2_RL / RL_4state,cross_experiment,0.010658749614114837,0.011387559808612446,,-0.36363636363636365,,,0.0,0.0
RBF_I,RBF_I__s9913__clean__none,clean,none,d3_oof,E1_fixed / immediate_unscreened,E2_RL / confirmed_screened,cross_experiment,0.010658749614114837,0.011387559808612446,,-0.36363636363636365,,,0.0,0.0
RBF_I,RBF_I__s9913__clean__none,clean,none,d3_oof,E1_fixed / immediate_unscreened,E2_RL / error_rule,cross_experiment,-0.021215466668320193,-0.017320574162679403,,-0.36363636363636365,,,-8.333333333333334,0.0
RBF_I,RBF_I__s9913__clean__none,clean,none,d3_oof,E1_fixed / immediate_unscreened,E2_RL / none_screened,cross_experiment,0.010658749614114837,0.011387559808612446,,-0.36363636363636365,,,0.0,0.0
RBF_I,RBF_I__s9913__clean__none,clean,none,d3_oof,E1_fixed / immediate_unscreened,E2_RL / selected_map,cross_experiment,0.010658749614114837,0.011387559808612446,,-0.36363636363636365,,,0.0,0.0
RBF_I,RBF_I__s9913__clean__none,clean,none,d3_oof,E1_fixed / immediate_unscreened,E3_filter / confirmed_screened_filter_learned_features,cross_experiment,0.008901420601474586,0.008535885167464119,,-0.3731866028708134,,,0.0,3716.666666666657
RBF_I,RBF_I__s9913__clean__none,clean,none,d3_oof,E1_fixed / immediate_unscreened,E3_filter / confirmed_screened_filter_learned_features_label,cross_experiment,0.008071175810065334,0.013186602870813413,,-0.366066985645933,,,0.0,4708.3333333333285
RBF_I,RBF_I__s9913__clean__none,clean,none,d3_oof,E1_fixed / immediate_unscreened,E3_filter / confirmed_screened_filter_none,cross_experiment,0.010658749614114837,0.011387559808612446,,-0.36363636363636365,,,0.0,0.0
RBF_I,RBF_I__s9913__clean__none,clean,none,d3_oof,E1_fixed / immediate_unscreened,E3_filter / confirmed_screened_filter_oracle_blocks,cross_experiment,0.010658749614114837,0.011387559808612446,,-0.36363636363636365,,,0.0,0.0
RBF_I,RBF_I__s9913__clean__none,clean,none,d3_oof,E1_fixed / immediate_unscreened,E3_filter / confirmed_screened_filter_oracle_rows,cross_experiment,0.010658749614114837,0.011387559808612446,,-0.36363636363636365,,,0.0,0.0
RBF_I,RBF_I__s9913__clean__none,clean,none,d3_oof,E1_fixed / immediate_unscreened,E3_filter / confirmed_screened_filter_random_blocks,cross_experiment,0.010658749614114837,0.011387559808612446,,-0.36363636363636365,,,0.0,0.0
RBF_I,RBF_I__s9913__clean__none,clean,none,d3_oof,E1_fixed / immediate_unscreened,E3_filter / confirmed_screened_filter_random_rows,cross_experiment,0.010658749614114837,0.011387559808612446,,-0.36363636363636365,,,0.0,0.0
RBF_I,RBF_I__s9913__clean__none,clean,none,d3_oof,E1_fixed / immediate_unscreened,E3_filter / none_screened_filter_learned_features,cross_experiment,0.008901420601474586,0.008535885167464119,,-0.3731866028708134,,,0.0,3716.666666666657
RBF_I,RBF_I__s9913__clean__none,clean,none,d3_oof,E1_fixed / immediate_unscreened,E3_filter / none_screened_filter_learned_features_label,cross_experiment,0.008071175810065334,0.013186602870813413,,-0.366066985645933,,,0.0,4708.3333333333285
RBF_I,RBF_I__s9913__clean__none,clean,none,d3_oof,E1_fixed / immediate_unscreened,E3_filter / none_screened_filter_none,cross_experiment,0.010658749614114837,0.011387559808612446,,-0.36363636363636365,,,0.0,0.0
RBF_I,RBF_I__s9913__clean__none,clean,none,d3_oof,E1_fixed / none_screened,E2_RL / RL_2state,cross_experiment,0.0,0.0,,0.0,,,0.0,0.0
RBF_I,RBF_I__s9913__clean__none,clean,none,d3_oof,E1_fixed / none_screened,E2_RL / RL_4state,cross_experiment,0.0,0.0,,0.0,,,0.0,0.0
RBF_I,RBF_I__s9913__clean__none,clean,none,d3_oof,E1_fixed / none_screened,E2_RL / confirmed_screened,cross_experiment,0.0,0.0,,0.0,,,0.0,0.0
RBF_I,RBF_I__s9913__clean__none,clean,none,d3_oof,E1_fixed / none_screened,E2_RL / error_rule,cross_experiment,-0.03187421628243503,-0.02870813397129185,,0.0,,,-8.333333333333334,0.0
RBF_I,RBF_I__s9913__clean__none,clean,none,d3_oof,E1_fixed / none_screened,E2_RL / none_screened,cross_experiment,0.0,0.0,,0.0,,,0.0,0.0
RBF_I,RBF_I__s9913__clean__none,clean,none,d3_oof,E1_fixed / none_screened,E2_RL / selected_map,cross_experiment,0.0,0.0,,0.0,,,0.0,0.0
RBF_I,RBF_I__s9913__clean__none,clean,none,d3_oof,E1_fixed / none_screened,E3_filter / confirmed_screened_filter_learned_features,cross_experiment,-0.0017573290126402519,-0.0028516746411483274,,-0.009550239234449753,,,0.0,3716.666666666657
RBF_I,RBF_I__s9913__clean__none,clean,none,d3_oof,E1_fixed / none_screened,E3_filter / confirmed_screened_filter_learned_features_label,cross_experiment,-0.0025875738040495033,0.0017990430622009668,,-0.0024306220095693387,,,0.0,4708.3333333333285
RBF_I,RBF_I__s9913__clean__none,clean,none,d3_oof,E1_fixed / none_screened,E3_filter / confirmed_screened_filter_none,cross_experiment,0.0,0.0,,0.0,,,0.0,0.0
RBF_I,RBF_I__s9913__clean__none,clean,none,d3_oof,E1_fixed / none_screened,E3_filter / confirmed_screened_filter_oracle_blocks,cross_experiment,0.0,0.0,,0.0,,,0.0,0.0
RBF_I,RBF_I__s9913__clean__none,clean,none,d3_oof,E1_fixed / none_screened,E3_filter / confirmed_screened_filter_oracle_rows,cross_experiment,0.0,0.0,,0.0,,,0.0,0.0
RBF_I,RBF_I__s9913__clean__none,clean,none,d3_oof,E1_fixed / none_screened,E3_filter / confirmed_screened_filter_random_blocks,cross_experiment,0.0,0.0,,0.0,,,0.0,0.0
RBF_I,RBF_I__s9913__clean__none,clean,none,d3_oof,E1_fixed / none_screened,E3_filter / confirmed_screened_filter_random_rows,cross_experiment,0.0,0.0,,0.0,,,0.0,0.0
RBF_I,RBF_I__s9913__clean__none,clean,none,d3_oof,E1_fixed / none_screened,E3_filter / none_screened_filter_learned_features,cross_experiment,-0.0017573290126402519,-0.0028516746411483274,,-0.009550239234449753,,,0.0,3716.666666666657
RBF_I,RBF_I__s9913__clean__none,clean,none,d3_oof,E1_fixed / none_screened,E3_filter / none_screened_filter_learned_features_label,cross_experiment,-0.0025875738040495033,0.0017990430622009668,,-0.0024306220095693387,,,0.0,4708.3333333333285
RBF_I,RBF_I__s9913__clean__none,clean,none,d3_oof,E1_fixed / none_screened,E3_filter / none_screened_filter_none,cross_experiment,0.0,0.0,,0.0,,,0.0,0.0
RBF_I,RBF_I__s9913__clean__none,clean,none,d3_oof,E1_fixed / none_unscreened,E2_RL / RL_2state,cross_experiment,0.010658749614114837,0.011387559808612446,,-0.36363636363636365,,,0.0,0.0
RBF_I,RBF_I__s9913__clean__none,clean,none,d3_oof,E1_fixed / none_unscreened,E2_RL / RL_4state,cross_experiment,0.010658749614114837,0.011387559808612446,,-0.36363636363636365,,,0.0,0.0
RBF_I,RBF_I__s9913__clean__none,clean,none,d3_oof,E1_fixed / none_unscreened,E2_RL / confirmed_screened,cross_experiment,0.010658749614114837,0.011387559808612446,,-0.36363636363636365,,,0.0,0.0
RBF_I,RBF_I__s9913__clean__none,clean,none,d3_oof,E1_fixed / none_unscreened,E2_RL / error_rule,cross_experiment,-0.021215466668320193,-0.017320574162679403,,-0.36363636363636365,,,-8.333333333333334,0.0
RBF_I,RBF_I__s9913__clean__none,clean,none,d3_oof,E1_fixed / none_unscreened,E2_RL / none_screened,cross_experiment,0.010658749614114837,0.011387559808612446,,-0.36363636363636365,,,0.0,0.0
RBF_I,RBF_I__s9913__clean__none,clean,none,d3_oof,E1_fixed / none_unscreened,E2_RL / selected_map,cross_experiment,0.010658749614114837,0.011387559808612446,,-0.36363636363636365,,,0.0,0.0
RBF_I,RBF_I__s9913__clean__none,clean,none,d3_oof,E1_fixed / none_unscreened,E3_filter / confirmed_screened_filter_learned_features,cross_experiment,0.008901420601474586,0.008535885167464119,,-0.3731866028708134,,,0.0,3716.666666666657
RBF_I,RBF_I__s9913__clean__none,clean,none,d3_oof,E1_fixed / none_unscreened,E3_filter / confirmed_screened_filter_learned_features_label,cross_experiment,0.008071175810065334,0.013186602870813413,,-0.366066985645933,,,0.0,4708.3333333333285
RBF_I,RBF_I__s9913__clean__none,clean,none,d3_oof,E1_fixed / none_unscreened,E3_filter / confirmed_screened_filter_none,cross_experiment,0.010658749614114837,0.011387559808612446,,-0.36363636363636365,,,0.0,0.0
RBF_I,RBF_I__s9913__clean__none,clean,none,d3_oof,E1_fixed / none_unscreened,E3_filter / confirmed_screened_filter_oracle_blocks,cross_experiment,0.010658749614114837,0.011387559808612446,,-0.36363636363636365,,,0.0,0.0
RBF_I,RBF_I__s9913__clean__none,clean,none,d3_oof,E1_fixed / none_unscreened,E3_filter / confirmed_screened_filter_oracle_rows,cross_experiment,0.010658749614114837,0.011387559808612446,,-0.36363636363636365,,,0.0,0.0
RBF_I,RBF_I__s9913__clean__none,clean,none,d3_oof,E1_fixed / none_unscreened,E3_filter / confirmed_screened_filter_random_blocks,cross_experiment,0.010658749614114837,0.011387559808612446,,-0.36363636363636365,,,0.0,0.0
RBF_I,RBF_I__s9913__clean__none,clean,none,d3_oof,E1_fixed / none_unscreened,E3_filter / confirmed_screened_filter_random_rows,cross_experiment,0.010658749614114837,0.011387559808612446,,-0.36363636363636365,,,0.0,0.0
RBF_I,RBF_I__s9913__clean__none,clean,none,d3_oof,E1_fixed / none_unscreened,E3_filter / none_screened_filter_learned_features,cross_experiment,0.008901420601474586,0.008535885167464119,,-0.3731866028708134,,,0.0,3716.666666666657
RBF_I,RBF_I__s9913__clean__none,clean,none,d3_oof,E1_fixed / none_unscreened,E3_filter / none_screened_filter_learned_features_label,cross_experiment,0.008071175810065334,0.013186602870813413,,-0.366066985645933,,,0.0,4708.3333333333285
RBF_I,RBF_I__s9913__clean__none,clean,none,d3_oof,E1_fixed / none_unscreened,E3_filter / none_screened_filter_none,cross_experiment,0.010658749614114837,0.011387559808612446,,-0.36363636363636365,,,0.0,0.0
RBF_I,RBF_I__s9913__clean__none,clean,none,d3_oof,E2_RL / RL_2state,E3_filter / confirmed_screened_filter_learned_features,cross_experiment,-0.0017573290126402519,-0.0028516746411483274,,-0.009550239234449753,,,0.0,3716.666666666657
RBF_I,RBF_I__s9913__clean__none,clean,none,d3_oof,E2_RL / RL_2state,E3_filter / confirmed_screened_filter_learned_features_label,cross_experiment,-0.0025875738040495033,0.0017990430622009668,,-0.0024306220095693387,,,0.0,4708.3333333333285
RBF_I,RBF_I__s9913__clean__none,clean,none,d3_oof,E2_RL / RL_2state,E3_filter / confirmed_screened_filter_none,cross_experiment,0.0,0.0,,0.0,,,0.0,0.0
RBF_I,RBF_I__s9913__clean__none,clean,none,d3_oof,E2_RL / RL_2state,E3_filter / confirmed_screened_filter_oracle_blocks,cross_experiment,0.0,0.0,,0.0,,,0.0,0.0
RBF_I,RBF_I__s9913__clean__none,clean,none,d3_oof,E2_RL / RL_2state,E3_filter / confirmed_screened_filter_oracle_rows,cross_experiment,0.0,0.0,,0.0,,,0.0,0.0
RBF_I,RBF_I__s9913__clean__none,clean,none,d3_oof,E2_RL / RL_2state,E3_filter / confirmed_screened_filter_random_blocks,cross_experiment,0.0,0.0,,0.0,,,0.0,0.0
RBF_I,RBF_I__s9913__clean__none,clean,none,d3_oof,E2_RL / RL_2state,E3_filter / confirmed_screened_filter_random_rows,cross_experiment,0.0,0.0,,0.0,,,0.0,0.0
RBF_I,RBF_I__s9913__clean__none,clean,none,d3_oof,E2_RL / RL_2state,E3_filter / none_screened_filter_learned_features,cross_experiment,-0.0017573290126402519,-0.0028516746411483274,,-0.009550239234449753,,,0.0,3716.666666666657
RBF_I,RBF_I__s9913__clean__none,clean,none,d3_oof,E2_RL / RL_2state,E3_filter / none_screened_filter_learned_features_label,cross_experiment,-0.0025875738040495033,0.0017990430622009668,,-0.0024306220095693387,,,0.0,4708.3333333333285
RBF_I,RBF_I__s9913__clean__none,clean,none,d3_oof,E2_RL / RL_2state,E3_filter / none_screened_filter_none,cross_experiment,0.0,0.0,,0.0,,,0.0,0.0
RBF_I,RBF_I__s9913__clean__none,clean,none,d3_oof,E2_RL / RL_4state,E3_filter / confirmed_screened_filter_learned_features,cross_experiment,-0.0017573290126402519,-0.0028516746411483274,,-0.009550239234449753,,,0.0,3716.666666666657
RBF_I,RBF_I__s9913__clean__none,clean,none,d3_oof,E2_RL / RL_4state,E3_filter / confirmed_screened_filter_learned_features_label,cross_experiment,-0.0025875738040495033,0.0017990430622009668,,-0.0024306220095693387,,,0.0,4708.3333333333285
RBF_I,RBF_I__s9913__clean__none,clean,none,d3_oof,E2_RL / RL_4state,E3_filter / confirmed_screened_filter_none,cross_experiment,0.0,0.0,,0.0,,,0.0,0.0
RBF_I,RBF_I__s9913__clean__none,clean,none,d3_oof,E2_RL / RL_4state,E3_filter / confirmed_screened_filter_oracle_blocks,cross_experiment,0.0,0.0,,0.0,,,0.0,0.0
RBF_I,RBF_I__s9913__clean__none,clean,none,d3_oof,E2_RL / RL_4state,E3_filter / confirmed_screened_filter_oracle_rows,cross_experiment,0.0,0.0,,0.0,,,0.0,0.0
RBF_I,RBF_I__s9913__clean__none,clean,none,d3_oof,E2_RL / RL_4state,E3_filter / confirmed_screened_filter_random_blocks,cross_experiment,0.0,0.0,,0.0,,,0.0,0.0
RBF_I,RBF_I__s9913__clean__none,clean,none,d3_oof,E2_RL / RL_4state,E3_filter / confirmed_screened_filter_random_rows,cross_experiment,0.0,0.0,,0.0,,,0.0,0.0
RBF_I,RBF_I__s9913__clean__none,clean,none,d3_oof,E2_RL / RL_4state,E3_filter / none_screened_filter_learned_features,cross_experiment,-0.0017573290126402519,-0.0028516746411483274,,-0.009550239234449753,,,0.0,3716.666666666657
RBF_I,RBF_I__s9913__clean__none,clean,none,d3_oof,E2_RL / RL_4state,E3_filter / none_screened_filter_learned_features_label,cross_experiment,-0.0025875738040495033,0.0017990430622009668,,-0.0024306220095693387,,,0.0,4708.3333333333285
RBF_I,RBF_I__s9913__clean__none,clean,none,d3_oof,E2_RL / RL_4state,E3_filter / none_screened_filter_none,cross_experiment,0.0,0.0,,0.0,,,0.0,0.0
RBF_I,RBF_I__s9913__clean__none,clean,none,d3_oof,E2_RL / confirmed_screened,E3_filter / confirmed_screened_filter_learned_features,cross_experiment,-0.0017573290126402519,-0.0028516746411483274,,-0.009550239234449753,,,0.0,3716.666666666657
RBF_I,RBF_I__s9913__clean__none,clean,none,d3_oof,E2_RL / confirmed_screened,E3_filter / confirmed_screened_filter_learned_features_label,cross_experiment,-0.0025875738040495033,0.0017990430622009668,,-0.0024306220095693387,,,0.0,4708.3333333333285
RBF_I,RBF_I__s9913__clean__none,clean,none,d3_oof,E2_RL / confirmed_screened,E3_filter / confirmed_screened_filter_none,cross_experiment,0.0,0.0,,0.0,,,0.0,0.0
RBF_I,RBF_I__s9913__clean__none,clean,none,d3_oof,E2_RL / confirmed_screened,E3_filter / confirmed_screened_filter_oracle_blocks,cross_experiment,0.0,0.0,,0.0,,,0.0,0.0
RBF_I,RBF_I__s9913__clean__none,clean,none,d3_oof,E2_RL / confirmed_screened,E3_filter / confirmed_screened_filter_oracle_rows,cross_experiment,0.0,0.0,,0.0,,,0.0,0.0
RBF_I,RBF_I__s9913__clean__none,clean,none,d3_oof,E2_RL / confirmed_screened,E3_filter / confirmed_screened_filter_random_blocks,cross_experiment,0.0,0.0,,0.0,,,0.0,0.0
RBF_I,RBF_I__s9913__clean__none,clean,none,d3_oof,E2_RL / confirmed_screened,E3_filter / confirmed_screened_filter_random_rows,cross_experiment,0.0,0.0,,0.0,,,0.0,0.0
RBF_I,RBF_I__s9913__clean__none,clean,none,d3_oof,E2_RL / confirmed_screened,E3_filter / none_screened_filter_learned_features,cross_experiment,-0.0017573290126402519,-0.0028516746411483274,,-0.009550239234449753,,,0.0,3716.666666666657
RBF_I,RBF_I__s9913__clean__none,clean,none,d3_oof,E2_RL / confirmed_screened,E3_filter / none_screened_filter_learned_features_label,cross_experiment,-0.0025875738040495033,0.0017990430622009668,,-0.0024306220095693387,,,0.0,4708.3333333333285
RBF_I,RBF_I__s9913__clean__none,clean,none,d3_oof,E2_RL / confirmed_screened,E3_filter / none_screened_filter_none,cross_experiment,0.0,0.0,,0.0,,,0.0,0.0
RBF_I,RBF_I__s9913__clean__none,clean,none,d3_oof,E2_RL / error_rule,E3_filter / confirmed_screened_filter_learned_features,cross_experiment,0.03011688726979478,0.025856459330143522,,-0.009550239234449753,,,8.333333333333334,3716.666666666657
RBF_I,RBF_I__s9913__clean__none,clean,none,d3_oof,E2_RL / error_rule,E3_filter / confirmed_screened_filter_learned_features_label,cross_experiment,0.029286642478385527,0.030507177033492816,,-0.0024306220095693387,,,8.333333333333334,4708.3333333333285
RBF_I,RBF_I__s9913__clean__none,clean,none,d3_oof,E2_RL / error_rule,E3_filter / confirmed_screened_filter_none,cross_experiment,0.03187421628243503,0.02870813397129185,,0.0,,,8.333333333333334,0.0
RBF_I,RBF_I__s9913__clean__none,clean,none,d3_oof,E2_RL / error_rule,E3_filter / confirmed_screened_filter_oracle_blocks,cross_experiment,0.03187421628243503,0.02870813397129185,,0.0,,,8.333333333333334,0.0
RBF_I,RBF_I__s9913__clean__none,clean,none,d3_oof,E2_RL / error_rule,E3_filter / confirmed_screened_filter_oracle_rows,cross_experiment,0.03187421628243503,0.02870813397129185,,0.0,,,8.333333333333334,0.0
RBF_I,RBF_I__s9913__clean__none,clean,none,d3_oof,E2_RL / error_rule,E3_filter / confirmed_screened_filter_random_blocks,cross_experiment,0.03187421628243503,0.02870813397129185,,0.0,,,8.333333333333334,0.0
RBF_I,RBF_I__s9913__clean__none,clean,none,d3_oof,E2_RL / error_rule,E3_filter / confirmed_screened_filter_random_rows,cross_experiment,0.03187421628243503,0.02870813397129185,,0.0,,,8.333333333333334,0.0
RBF_I,RBF_I__s9913__clean__none,clean,none,d3_oof,E2_RL / error_rule,E3_filter / none_screened_filter_learned_features,cross_experiment,0.03011688726979478,0.025856459330143522,,-0.009550239234449753,,,8.333333333333334,3716.666666666657
RBF_I,RBF_I__s9913__clean__none,clean,none,d3_oof,E2_RL / error_rule,E3_filter / none_screened_filter_learned_features_label,cross_experiment,0.029286642478385527,0.030507177033492816,,-0.0024306220095693387,,,8.333333333333334,4708.3333333333285
RBF_I,RBF_I__s9913__clean__none,clean,none,d3_oof,E2_RL / error_rule,E3_filter / none_screened_filter_none,cross_experiment,0.03187421628243503,0.02870813397129185,,0.0,,,8.333333333333334,0.0
RBF_I,RBF_I__s9913__clean__none,clean,none,d3_oof,E2_RL / none_screened,E3_filter / confirmed_screened_filter_learned_features,cross_experiment,-0.0017573290126402519,-0.0028516746411483274,,-0.009550239234449753,,,0.0,3716.666666666657
RBF_I,RBF_I__s9913__clean__none,clean,none,d3_oof,E2_RL / none_screened,E3_filter / confirmed_screened_filter_learned_features_label,cross_experiment,-0.0025875738040495033,0.0017990430622009668,,-0.0024306220095693387,,,0.0,4708.3333333333285
RBF_I,RBF_I__s9913__clean__none,clean,none,d3_oof,E2_RL / none_screened,E3_filter / confirmed_screened_filter_none,cross_experiment,0.0,0.0,,0.0,,,0.0,0.0
RBF_I,RBF_I__s9913__clean__none,clean,none,d3_oof,E2_RL / none_screened,E3_filter / confirmed_screened_filter_oracle_blocks,cross_experiment,0.0,0.0,,0.0,,,0.0,0.0
RBF_I,RBF_I__s9913__clean__none,clean,none,d3_oof,E2_RL / none_screened,E3_filter / confirmed_screened_filter_oracle_rows,cross_experiment,0.0,0.0,,0.0,,,0.0,0.0
RBF_I,RBF_I__s9913__clean__none,clean,none,d3_oof,E2_RL / none_screened,E3_filter / confirmed_screened_filter_random_blocks,cross_experiment,0.0,0.0,,0.0,,,0.0,0.0
RBF_I,RBF_I__s9913__clean__none,clean,none,d3_oof,E2_RL / none_screened,E3_filter / confirmed_screened_filter_random_rows,cross_experiment,0.0,0.0,,0.0,,,0.0,0.0
RBF_I,RBF_I__s9913__clean__none,clean,none,d3_oof,E2_RL / none_screened,E3_filter / none_screened_filter_learned_features,cross_experiment,-0.0017573290126402519,-0.0028516746411483274,,-0.009550239234449753,,,0.0,3716.666666666657
RBF_I,RBF_I__s9913__clean__none,clean,none,d3_oof,E2_RL / none_screened,E3_filter / none_screened_filter_learned_features_label,cross_experiment,-0.0025875738040495033,0.0017990430622009668,,-0.0024306220095693387,,,0.0,4708.3333333333285
RBF_I,RBF_I__s9913__clean__none,clean,none,d3_oof,E2_RL / none_screened,E3_filter / none_screened_filter_none,cross_experiment,0.0,0.0,,0.0,,,0.0,0.0
RBF_I,RBF_I__s9913__clean__none,clean,none,d3_oof,E2_RL / selected_map,E3_filter / confirmed_screened_filter_learned_features,cross_experiment,-0.0017573290126402519,-0.0028516746411483274,,-0.009550239234449753,,,0.0,3716.666666666657
RBF_I,RBF_I__s9913__clean__none,clean,none,d3_oof,E2_RL / selected_map,E3_filter / confirmed_screened_filter_learned_features_label,cross_experiment,-0.0025875738040495033,0.0017990430622009668,,-0.0024306220095693387,,,0.0,4708.3333333333285
RBF_I,RBF_I__s9913__clean__none,clean,none,d3_oof,E2_RL / selected_map,E3_filter / confirmed_screened_filter_none,cross_experiment,0.0,0.0,,0.0,,,0.0,0.0
RBF_I,RBF_I__s9913__clean__none,clean,none,d3_oof,E2_RL / selected_map,E3_filter / confirmed_screened_filter_oracle_blocks,cross_experiment,0.0,0.0,,0.0,,,0.0,0.0
RBF_I,RBF_I__s9913__clean__none,clean,none,d3_oof,E2_RL / selected_map,E3_filter / confirmed_screened_filter_oracle_rows,cross_experiment,0.0,0.0,,0.0,,,0.0,0.0
RBF_I,RBF_I__s9913__clean__none,clean,none,d3_oof,E2_RL / selected_map,E3_filter / confirmed_screened_filter_random_blocks,cross_experiment,0.0,0.0,,0.0,,,0.0,0.0
RBF_I,RBF_I__s9913__clean__none,clean,none,d3_oof,E2_RL / selected_map,E3_filter / confirmed_screened_filter_random_rows,cross_experiment,0.0,0.0,,0.0,,,0.0,0.0
RBF_I,RBF_I__s9913__clean__none,clean,none,d3_oof,E2_RL / selected_map,E3_filter / none_screened_filter_learned_features,cross_experiment,-0.0017573290126402519,-0.0028516746411483274,,-0.009550239234449753,,,0.0,3716.666666666657
RBF_I,RBF_I__s9913__clean__none,clean,none,d3_oof,E2_RL / selected_map,E3_filter / none_screened_filter_learned_features_label,cross_experiment,-0.0025875738040495033,0.0017990430622009668,,-0.0024306220095693387,,,0.0,4708.3333333333285
RBF_I,RBF_I__s9913__clean__none,clean,none,d3_oof,E2_RL / selected_map,E3_filter / none_screened_filter_none,cross_experiment,0.0,0.0,,0.0,,,0.0,0.0
RBF_I,RBF_I__s9913__clean__none,clean,none,hddm_w,E1_fixed / confirmed_screened,E2_RL / RL_2state,cross_experiment,0.0,0.0,,0.0,,,0.0,0.0
RBF_I,RBF_I__s9913__clean__none,clean,none,hddm_w,E1_fixed / confirmed_screened,E2_RL / RL_4state,cross_experiment,0.0,0.0,,0.0,,,0.0,0.0
RBF_I,RBF_I__s9913__clean__none,clean,none,hddm_w,E1_fixed / confirmed_screened,E2_RL / confirmed_screened,cross_experiment,0.0,0.0,,0.0,,,0.0,0.0
RBF_I,RBF_I__s9913__clean__none,clean,none,hddm_w,E1_fixed / confirmed_screened,E2_RL / error_rule,cross_experiment,-0.03187421628243503,-0.02870813397129185,,0.0,,,-8.333333333333334,0.0
RBF_I,RBF_I__s9913__clean__none,clean,none,hddm_w,E1_fixed / confirmed_screened,E2_RL / none_screened,cross_experiment,0.0,0.0,,0.0,,,0.0,0.0
RBF_I,RBF_I__s9913__clean__none,clean,none,hddm_w,E1_fixed / confirmed_screened,E2_RL / selected_map,cross_experiment,0.0,0.0,,0.0,,,0.0,0.0
RBF_I,RBF_I__s9913__clean__none,clean,none,hddm_w,E1_fixed / confirmed_screened,E3_filter / confirmed_screened_filter_learned_features,cross_experiment,-0.00860977834488974,-0.008688995215310968,,0.02491866028708134,,,-5.0,-5283.333333333343
RBF_I,RBF_I__s9913__clean__none,clean,none,hddm_w,E1_fixed / confirmed_screened,E3_filter / confirmed_screened_filter_learned_features_label,cross_experiment,-0.0025875738040495033,0.0017990430622009668,,-0.0024306220095693387,,,0.0,4708.3333333333285
RBF_I,RBF_I__s9913__clean__none,clean,none,hddm_w,E1_fixed / confirmed_screened,E3_filter / confirmed_screened_filter_none,cross_experiment,0.0,0.0,,0.0,,,0.0,0.0
RBF_I,RBF_I__s9913__clean__none,clean,none,hddm_w,E1_fixed / confirmed_screened,E3_filter / confirmed_screened_filter_oracle_blocks,cross_experiment,0.0,0.0,,0.0,,,0.0,0.0
RBF_I,RBF_I__s9913__clean__none,clean,none,hddm_w,E1_fixed / confirmed_screened,E3_filter / confirmed_screened_filter_oracle_rows,cross_experiment,0.0,0.0,,0.0,,,0.0,0.0
RBF_I,RBF_I__s9913__clean__none,clean,none,hddm_w,E1_fixed / confirmed_screened,E3_filter / confirmed_screened_filter_random_blocks,cross_experiment,0.0,0.0,,0.0,,,0.0,0.0
RBF_I,RBF_I__s9913__clean__none,clean,none,hddm_w,E1_fixed / confirmed_screened,E3_filter / confirmed_screened_filter_random_rows,cross_experiment,0.0,0.0,,0.0,,,0.0,0.0
RBF_I,RBF_I__s9913__clean__none,clean,none,hddm_w,E1_fixed / confirmed_screened,E3_filter / none_screened_filter_learned_features,cross_experiment,-0.0017573290126402519,-0.0028516746411483274,,-0.009550239234449753,,,0.0,3716.666666666657
RBF_I,RBF_I__s9913__clean__none,clean,none,hddm_w,E1_fixed / confirmed_screened,E3_filter / none_screened_filter_learned_features_label,cross_experiment,-0.0025875738040495033,0.0017990430622009668,,-0.0024306220095693387,,,0.0,4708.3333333333285
RBF_I,RBF_I__s9913__clean__none,clean,none,hddm_w,E1_fixed / confirmed_screened,E3_filter / none_screened_filter_none,cross_experiment,0.0,0.0,,0.0,,,0.0,0.0
RBF_I,RBF_I__s9913__clean__none,clean,none,hddm_w,E1_fixed / confirmed_unscreened,E2_RL / RL_2state,cross_experiment,0.010658749614114837,0.011387559808612446,,-0.36363636363636365,,,0.0,0.0
RBF_I,RBF_I__s9913__clean__none,clean,none,hddm_w,E1_fixed / confirmed_unscreened,E2_RL / RL_4state,cross_experiment,0.010658749614114837,0.011387559808612446,,-0.36363636363636365,,,0.0,0.0
RBF_I,RBF_I__s9913__clean__none,clean,none,hddm_w,E1_fixed / confirmed_unscreened,E2_RL / confirmed_screened,cross_experiment,0.010658749614114837,0.011387559808612446,,-0.36363636363636365,,,0.0,0.0
RBF_I,RBF_I__s9913__clean__none,clean,none,hddm_w,E1_fixed / confirmed_unscreened,E2_RL / error_rule,cross_experiment,-0.021215466668320193,-0.017320574162679403,,-0.36363636363636365,,,-8.333333333333334,0.0
RBF_I,RBF_I__s9913__clean__none,clean,none,hddm_w,E1_fixed / confirmed_unscreened,E2_RL / none_screened,cross_experiment,0.010658749614114837,0.011387559808612446,,-0.36363636363636365,,,0.0,0.0
RBF_I,RBF_I__s9913__clean__none,clean,none,hddm_w,E1_fixed / confirmed_unscreened,E2_RL / selected_map,cross_experiment,0.010658749614114837,0.011387559808612446,,-0.36363636363636365,,,0.0,0.0
RBF_I,RBF_I__s9913__clean__none,clean,none,hddm_w,E1_fixed / confirmed_unscreened,E3_filter / confirmed_screened_filter_learned_features,cross_experiment,0.002048971269225097,0.002698564593301478,,-0.3387177033492823,,,-5.0,-5283.333333333343
RBF_I,RBF_I__s9913__clean__none,clean,none,hddm_w,E1_fixed / confirmed_unscreened,E3_filter / confirmed_screened_filter_learned_features_label,cross_experiment,0.008071175810065334,0.013186602870813413,,-0.366066985645933,,,0.0,4708.3333333333285
RBF_I,RBF_I__s9913__clean__none,clean,none,hddm_w,E1_fixed / confirmed_unscreened,E3_filter / confirmed_screened_filter_none,cross_experiment,0.010658749614114837,0.011387559808612446,,-0.36363636363636365,,,0.0,0.0
RBF_I,RBF_I__s9913__clean__none,clean,none,hddm_w,E1_fixed / confirmed_unscreened,E3_filter / confirmed_screened_filter_oracle_blocks,cross_experiment,0.010658749614114837,0.011387559808612446,,-0.36363636363636365,,,0.0,0.0
RBF_I,RBF_I__s9913__clean__none,clean,none,hddm_w,E1_fixed / confirmed_unscreened,E3_filter / confirmed_screened_filter_oracle_rows,cross_experiment,0.010658749614114837,0.011387559808612446,,-0.36363636363636365,,,0.0,0.0
RBF_I,RBF_I__s9913__clean__none,clean,none,hddm_w,E1_fixed / confirmed_unscreened,E3_filter / confirmed_screened_filter_random_blocks,cross_experiment,0.010658749614114837,0.011387559808612446,,-0.36363636363636365,,,0.0,0.0
RBF_I,RBF_I__s9913__clean__none,clean,none,hddm_w,E1_fixed / confirmed_unscreened,E3_filter / confirmed_screened_filter_random_rows,cross_experiment,0.010658749614114837,0.011387559808612446,,-0.36363636363636365,,,0.0,0.0
RBF_I,RBF_I__s9913__clean__none,clean,none,hddm_w,E1_fixed / confirmed_unscreened,E3_filter / none_screened_filter_learned_features,cross_experiment,0.008901420601474586,0.008535885167464119,,-0.3731866028708134,,,0.0,3716.666666666657
RBF_I,RBF_I__s9913__clean__none,clean,none,hddm_w,E1_fixed / confirmed_unscreened,E3_filter / none_screened_filter_learned_features_label,cross_experiment,0.008071175810065334,0.013186602870813413,,-0.366066985645933,,,0.0,4708.3333333333285
RBF_I,RBF_I__s9913__clean__none,clean,none,hddm_w,E1_fixed / confirmed_unscreened,E3_filter / none_screened_filter_none,cross_experiment,0.010658749614114837,0.011387559808612446,,-0.36363636363636365,,,0.0,0.0
RBF_I,RBF_I__s9913__clean__none,clean,none,hddm_w,E1_fixed / immediate_screened,E2_RL / RL_2state,cross_experiment,0.025543536246984355,0.02114832535885164,,0.09090909090909088,,,8.333333333333334,0.0
RBF_I,RBF_I__s9913__clean__none,clean,none,hddm_w,E1_fixed / immediate_screened,E2_RL / RL_4state,cross_experiment,0.025543536246984355,0.02114832535885164,,0.09090909090909088,,,8.333333333333334,0.0
RBF_I,RBF_I__s9913__clean__none,clean,none,hddm_w,E1_fixed / immediate_screened,E2_RL / confirmed_screened,cross_experiment,0.025543536246984355,0.02114832535885164,,0.09090909090909088,,,8.333333333333334,0.0
RBF_I,RBF_I__s9913__clean__none,clean,none,hddm_w,E1_fixed / immediate_screened,E2_RL / error_rule,cross_experiment,-0.006330680035450675,-0.007559808612440211,,0.09090909090909088,,,0.0,0.0
RBF_I,RBF_I__s9913__clean__none,clean,none,hddm_w,E1_fixed / immediate_screened,E2_RL / none_screened,cross_experiment,0.025543536246984355,0.02114832535885164,,0.09090909090909088,,,8.333333333333334,0.0
RBF_I,RBF_I__s9913__clean__none,clean,none,hddm_w,E1_fixed / immediate_screened,E2_RL / selected_map,cross_experiment,0.025543536246984355,0.02114832535885164,,0.09090909090909088,,,8.333333333333334,0.0
RBF_I,RBF_I__s9913__clean__none,clean,none,hddm_w,E1_fixed / immediate_screened,E3_filter / confirmed_screened_filter_learned_features,cross_experiment,0.016933757902094615,0.01245933014354067,,0.11582775119617222,,,3.333333333333334,-5283.333333333343
RBF_I,RBF_I__s9913__clean__none,clean,none,hddm_w,E1_fixed / immediate_screened,E3_filter / confirmed_screened_filter_learned_features_label,cross_experiment,0.022955962442934852,0.022947368421052605,,0.08847846889952155,,,8.333333333333334,4708.3333333333285
RBF_I,RBF_I__s9913__clean__none,clean,none,hddm_w,E1_fixed / immediate_screened,E3_filter / confirmed_screened_filter_none,cross_experiment,0.025543536246984355,0.02114832535885164,,0.09090909090909088,,,8.333333333333334,0.0
RBF_I,RBF_I__s9913__clean__none,clean,none,hddm_w,E1_fixed / immediate_screened,E3_filter / confirmed_screened_filter_oracle_blocks,cross_experiment,0.025543536246984355,0.02114832535885164,,0.09090909090909088,,,8.333333333333334,0.0
RBF_I,RBF_I__s9913__clean__none,clean,none,hddm_w,E1_fixed / immediate_screened,E3_filter / confirmed_screened_filter_oracle_rows,cross_experiment,0.025543536246984355,0.02114832535885164,,0.09090909090909088,,,8.333333333333334,0.0
RBF_I,RBF_I__s9913__clean__none,clean,none,hddm_w,E1_fixed / immediate_screened,E3_filter / confirmed_screened_filter_random_blocks,cross_experiment,0.025543536246984355,0.02114832535885164,,0.09090909090909088,,,8.333333333333334,0.0
RBF_I,RBF_I__s9913__clean__none,clean,none,hddm_w,E1_fixed / immediate_screened,E3_filter / confirmed_screened_filter_random_rows,cross_experiment,0.025543536246984355,0.02114832535885164,,0.09090909090909088,,,8.333333333333334,0.0
RBF_I,RBF_I__s9913__clean__none,clean,none,hddm_w,E1_fixed / immediate_screened,E3_filter / none_screened_filter_learned_features,cross_experiment,0.023786207234344103,0.01829665071770331,,0.08135885167464113,,,8.333333333333334,3716.666666666657
RBF_I,RBF_I__s9913__clean__none,clean,none,hddm_w,E1_fixed / immediate_screened,E3_filter / none_screened_filter_learned_features_label,cross_experiment,0.022955962442934852,0.022947368421052605,,0.08847846889952155,,,8.333333333333334,4708.3333333333285
RBF_I,RBF_I__s9913__clean__none,clean,none,hddm_w,E1_fixed / immediate_screened,E3_filter / none_screened_filter_none,cross_experiment,0.025543536246984355,0.02114832535885164,,0.09090909090909088,,,8.333333333333334,0.0
RBF_I,RBF_I__s9913__clean__none,clean,none,hddm_w,E1_fixed / immediate_unscreened,E2_RL / RL_2state,cross_experiment,0.1358505689063464,0.13043062200956934,,-0.36363636363636365,,,58.333333333333336,0.0
RBF_I,RBF_I__s9913__clean__none,clean,none,hddm_w,E1_fixed / immediate_unscreened,E2_RL / RL_4state,cross_experiment,0.1358505689063464,0.13043062200956934,,-0.36363636363636365,,,58.333333333333336,0.0
RBF_I,RBF_I__s9913__clean__none,clean,none,hddm_w,E1_fixed / immediate_unscreened,E2_RL / confirmed_screened,cross_experiment,0.1358505689063464,0.13043062200956934,,-0.36363636363636365,,,58.333333333333336,0.0
RBF_I,RBF_I__s9913__clean__none,clean,none,hddm_w,E1_fixed / immediate_unscreened,E2_RL / error_rule,cross_experiment,0.10397635262391136,0.10172248803827749,,-0.36363636363636365,,,50.0,0.0
RBF_I,RBF_I__s9913__clean__none,clean,none,hddm_w,E1_fixed / immediate_unscreened,E2_RL / none_screened,cross_experiment,0.1358505689063464,0.13043062200956934,,-0.36363636363636365,,,58.333333333333336,0.0
RBF_I,RBF_I__s9913__clean__none,clean,none,hddm_w,E1_fixed / immediate_unscreened,E2_RL / selected_map,cross_experiment,0.1358505689063464,0.13043062200956934,,-0.36363636363636365,,,58.333333333333336,0.0
RBF_I,RBF_I__s9913__clean__none,clean,none,hddm_w,E1_fixed / immediate_unscreened,E3_filter / confirmed_screened_filter_learned_features,cross_experiment,0.12724079056145665,0.12174162679425837,,-0.3387177033492823,,,53.333333333333336,-5283.333333333343
RBF_I,RBF_I__s9913__clean__none,clean,none,hddm_w,E1_fixed / immediate_unscreened,E3_filter / confirmed_screened_filter_learned_features_label,cross_experiment,0.1332629951022969,0.1322296650717703,,-0.366066985645933,,,58.333333333333336,4708.3333333333285
RBF_I,RBF_I__s9913__clean__none,clean,none,hddm_w,E1_fixed / immediate_unscreened,E3_filter / confirmed_screened_filter_none,cross_experiment,0.1358505689063464,0.13043062200956934,,-0.36363636363636365,,,58.333333333333336,0.0
RBF_I,RBF_I__s9913__clean__none,clean,none,hddm_w,E1_fixed / immediate_unscreened,E3_filter / confirmed_screened_filter_oracle_blocks,cross_experiment,0.1358505689063464,0.13043062200956934,,-0.36363636363636365,,,58.333333333333336,0.0
RBF_I,RBF_I__s9913__clean__none,clean,none,hddm_w,E1_fixed / immediate_unscreened,E3_filter / confirmed_screened_filter_oracle_rows,cross_experiment,0.1358505689063464,0.13043062200956934,,-0.36363636363636365,,,58.333333333333336,0.0
RBF_I,RBF_I__s9913__clean__none,clean,none,hddm_w,E1_fixed / immediate_unscreened,E3_filter / confirmed_screened_filter_random_blocks,cross_experiment,0.1358505689063464,0.13043062200956934,,-0.36363636363636365,,,58.333333333333336,0.0
RBF_I,RBF_I__s9913__clean__none,clean,none,hddm_w,E1_fixed / immediate_unscreened,E3_filter / confirmed_screened_filter_random_rows,cross_experiment,0.1358505689063464,0.13043062200956934,,-0.36363636363636365,,,58.333333333333336,0.0
RBF_I,RBF_I__s9913__clean__none,clean,none,hddm_w,E1_fixed / immediate_unscreened,E3_filter / none_screened_filter_learned_features,cross_experiment,0.13409323989370614,0.12757894736842101,,-0.3731866028708134,,,58.333333333333336,3716.666666666657
RBF_I,RBF_I__s9913__clean__none,clean,none,hddm_w,E1_fixed / immediate_unscreened,E3_filter / none_screened_filter_learned_features_label,cross_experiment,0.1332629951022969,0.1322296650717703,,-0.366066985645933,,,58.333333333333336,4708.3333333333285
RBF_I,RBF_I__s9913__clean__none,clean,none,hddm_w,E1_fixed / immediate_unscreened,E3_filter / none_screened_filter_none,cross_experiment,0.1358505689063464,0.13043062200956934,,-0.36363636363636365,,,58.333333333333336,0.0
RBF_I,RBF_I__s9913__clean__none,clean,none,hddm_w,E1_fixed / none_screened,E2_RL / RL_2state,cross_experiment,0.0,0.0,,0.0,,,0.0,0.0
RBF_I,RBF_I__s9913__clean__none,clean,none,hddm_w,E1_fixed / none_screened,E2_RL / RL_4state,cross_experiment,0.0,0.0,,0.0,,,0.0,0.0
RBF_I,RBF_I__s9913__clean__none,clean,none,hddm_w,E1_fixed / none_screened,E2_RL / confirmed_screened,cross_experiment,0.0,0.0,,0.0,,,0.0,0.0
RBF_I,RBF_I__s9913__clean__none,clean,none,hddm_w,E1_fixed / none_screened,E2_RL / error_rule,cross_experiment,-0.03187421628243503,-0.02870813397129185,,0.0,,,-8.333333333333334,0.0
RBF_I,RBF_I__s9913__clean__none,clean,none,hddm_w,E1_fixed / none_screened,E2_RL / none_screened,cross_experiment,0.0,0.0,,0.0,,,0.0,0.0
RBF_I,RBF_I__s9913__clean__none,clean,none,hddm_w,E1_fixed / none_screened,E2_RL / selected_map,cross_experiment,0.0,0.0,,0.0,,,0.0,0.0
RBF_I,RBF_I__s9913__clean__none,clean,none,hddm_w,E1_fixed / none_screened,E3_filter / confirmed_screened_filter_learned_features,cross_experiment,-0.00860977834488974,-0.008688995215310968,,0.02491866028708134,,,-5.0,-5283.333333333343
RBF_I,RBF_I__s9913__clean__none,clean,none,hddm_w,E1_fixed / none_screened,E3_filter / confirmed_screened_filter_learned_features_label,cross_experiment,-0.0025875738040495033,0.0017990430622009668,,-0.0024306220095693387,,,0.0,4708.3333333333285
RBF_I,RBF_I__s9913__clean__none,clean,none,hddm_w,E1_fixed / none_screened,E3_filter / confirmed_screened_filter_none,cross_experiment,0.0,0.0,,0.0,,,0.0,0.0
RBF_I,RBF_I__s9913__clean__none,clean,none,hddm_w,E1_fixed / none_screened,E3_filter / confirmed_screened_filter_oracle_blocks,cross_experiment,0.0,0.0,,0.0,,,0.0,0.0
RBF_I,RBF_I__s9913__clean__none,clean,none,hddm_w,E1_fixed / none_screened,E3_filter / confirmed_screened_filter_oracle_rows,cross_experiment,0.0,0.0,,0.0,,,0.0,0.0
RBF_I,RBF_I__s9913__clean__none,clean,none,hddm_w,E1_fixed / none_screened,E3_filter / confirmed_screened_filter_random_blocks,cross_experiment,0.0,0.0,,0.0,,,0.0,0.0
RBF_I,RBF_I__s9913__clean__none,clean,none,hddm_w,E1_fixed / none_screened,E3_filter / confirmed_screened_filter_random_rows,cross_experiment,0.0,0.0,,0.0,,,0.0,0.0
RBF_I,RBF_I__s9913__clean__none,clean,none,hddm_w,E1_fixed / none_screened,E3_filter / none_screened_filter_learned_features,cross_experiment,-0.0017573290126402519,-0.0028516746411483274,,-0.009550239234449753,,,0.0,3716.666666666657
RBF_I,RBF_I__s9913__clean__none,clean,none,hddm_w,E1_fixed / none_screened,E3_filter / none_screened_filter_learned_features_label,cross_experiment,-0.0025875738040495033,0.0017990430622009668,,-0.0024306220095693387,,,0.0,4708.3333333333285
RBF_I,RBF_I__s9913__clean__none,clean,none,hddm_w,E1_fixed / none_screened,E3_filter / none_screened_filter_none,cross_experiment,0.0,0.0,,0.0,,,0.0,0.0
RBF_I,RBF_I__s9913__clean__none,clean,none,hddm_w,E1_fixed / none_unscreened,E2_RL / RL_2state,cross_experiment,0.010658749614114837,0.011387559808612446,,-0.36363636363636365,,,0.0,0.0
RBF_I,RBF_I__s9913__clean__none,clean,none,hddm_w,E1_fixed / none_unscreened,E2_RL / RL_4state,cross_experiment,0.010658749614114837,0.011387559808612446,,-0.36363636363636365,,,0.0,0.0
RBF_I,RBF_I__s9913__clean__none,clean,none,hddm_w,E1_fixed / none_unscreened,E2_RL / confirmed_screened,cross_experiment,0.010658749614114837,0.011387559808612446,,-0.36363636363636365,,,0.0,0.0
RBF_I,RBF_I__s9913__clean__none,clean,none,hddm_w,E1_fixed / none_unscreened,E2_RL / error_rule,cross_experiment,-0.021215466668320193,-0.017320574162679403,,-0.36363636363636365,,,-8.333333333333334,0.0
RBF_I,RBF_I__s9913__clean__none,clean,none,hddm_w,E1_fixed / none_unscreened,E2_RL / none_screened,cross_experiment,0.010658749614114837,0.011387559808612446,,-0.36363636363636365,,,0.0,0.0
RBF_I,RBF_I__s9913__clean__none,clean,none,hddm_w,E1_fixed / none_unscreened,E2_RL / selected_map,cross_experiment,0.010658749614114837,0.011387559808612446,,-0.36363636363636365,,,0.0,0.0
RBF_I,RBF_I__s9913__clean__none,clean,none,hddm_w,E1_fixed / none_unscreened,E3_filter / confirmed_screened_filter_learned_features,cross_experiment,0.002048971269225097,0.002698564593301478,,-0.3387177033492823,,,-5.0,-5283.333333333343
RBF_I,RBF_I__s9913__clean__none,clean,none,hddm_w,E1_fixed / none_unscreened,E3_filter / confirmed_screened_filter_learned_features_label,cross_experiment,0.008071175810065334,0.013186602870813413,,-0.366066985645933,,,0.0,4708.3333333333285
RBF_I,RBF_I__s9913__clean__none,clean,none,hddm_w,E1_fixed / none_unscreened,E3_filter / confirmed_screened_filter_none,cross_experiment,0.010658749614114837,0.011387559808612446,,-0.36363636363636365,,,0.0,0.0
RBF_I,RBF_I__s9913__clean__none,clean,none,hddm_w,E1_fixed / none_unscreened,E3_filter / confirmed_screened_filter_oracle_blocks,cross_experiment,0.010658749614114837,0.011387559808612446,,-0.36363636363636365,,,0.0,0.0
RBF_I,RBF_I__s9913__clean__none,clean,none,hddm_w,E1_fixed / none_unscreened,E3_filter / confirmed_screened_filter_oracle_rows,cross_experiment,0.010658749614114837,0.011387559808612446,,-0.36363636363636365,,,0.0,0.0
RBF_I,RBF_I__s9913__clean__none,clean,none,hddm_w,E1_fixed / none_unscreened,E3_filter / confirmed_screened_filter_random_blocks,cross_experiment,0.010658749614114837,0.011387559808612446,,-0.36363636363636365,,,0.0,0.0
RBF_I,RBF_I__s9913__clean__none,clean,none,hddm_w,E1_fixed / none_unscreened,E3_filter / confirmed_screened_filter_random_rows,cross_experiment,0.010658749614114837,0.011387559808612446,,-0.36363636363636365,,,0.0,0.0
RBF_I,RBF_I__s9913__clean__none,clean,none,hddm_w,E1_fixed / none_unscreened,E3_filter / none_screened_filter_learned_features,cross_experiment,0.008901420601474586,0.008535885167464119,,-0.3731866028708134,,,0.0,3716.666666666657
RBF_I,RBF_I__s9913__clean__none,clean,none,hddm_w,E1_fixed / none_unscreened,E3_filter / none_screened_filter_learned_features_label,cross_experiment,0.008071175810065334,0.013186602870813413,,-0.366066985645933,,,0.0,4708.3333333333285
RBF_I,RBF_I__s9913__clean__none,clean,none,hddm_w,E1_fixed / none_unscreened,E3_filter / none_screened_filter_none,cross_experiment,0.010658749614114837,0.011387559808612446,,-0.36363636363636365,,,0.0,0.0
RBF_I,RBF_I__s9913__clean__none,clean,none,hddm_w,E2_RL / RL_2state,E3_filter / confirmed_screened_filter_learned_features,cross_experiment,-0.00860977834488974,-0.008688995215310968,,0.02491866028708134,,,-5.0,-5283.333333333343
RBF_I,RBF_I__s9913__clean__none,clean,none,hddm_w,E2_RL / RL_2state,E3_filter / confirmed_screened_filter_learned_features_label,cross_experiment,-0.0025875738040495033,0.0017990430622009668,,-0.0024306220095693387,,,0.0,4708.3333333333285
RBF_I,RBF_I__s9913__clean__none,clean,none,hddm_w,E2_RL / RL_2state,E3_filter / confirmed_screened_filter_none,cross_experiment,0.0,0.0,,0.0,,,0.0,0.0
RBF_I,RBF_I__s9913__clean__none,clean,none,hddm_w,E2_RL / RL_2state,E3_filter / confirmed_screened_filter_oracle_blocks,cross_experiment,0.0,0.0,,0.0,,,0.0,0.0
RBF_I,RBF_I__s9913__clean__none,clean,none,hddm_w,E2_RL / RL_2state,E3_filter / confirmed_screened_filter_oracle_rows,cross_experiment,0.0,0.0,,0.0,,,0.0,0.0
RBF_I,RBF_I__s9913__clean__none,clean,none,hddm_w,E2_RL / RL_2state,E3_filter / confirmed_screened_filter_random_blocks,cross_experiment,0.0,0.0,,0.0,,,0.0,0.0
RBF_I,RBF_I__s9913__clean__none,clean,none,hddm_w,E2_RL / RL_2state,E3_filter / confirmed_screened_filter_random_rows,cross_experiment,0.0,0.0,,0.0,,,0.0,0.0
RBF_I,RBF_I__s9913__clean__none,clean,none,hddm_w,E2_RL / RL_2state,E3_filter / none_screened_filter_learned_features,cross_experiment,-0.0017573290126402519,-0.0028516746411483274,,-0.009550239234449753,,,0.0,3716.666666666657
RBF_I,RBF_I__s9913__clean__none,clean,none,hddm_w,E2_RL / RL_2state,E3_filter / none_screened_filter_learned_features_label,cross_experiment,-0.0025875738040495033,0.0017990430622009668,,-0.0024306220095693387,,,0.0,4708.3333333333285
RBF_I,RBF_I__s9913__clean__none,clean,none,hddm_w,E2_RL / RL_2state,E3_filter / none_screened_filter_none,cross_experiment,0.0,0.0,,0.0,,,0.0,0.0
RBF_I,RBF_I__s9913__clean__none,clean,none,hddm_w,E2_RL / RL_4state,E3_filter / confirmed_screened_filter_learned_features,cross_experiment,-0.00860977834488974,-0.008688995215310968,,0.02491866028708134,,,-5.0,-5283.333333333343
RBF_I,RBF_I__s9913__clean__none,clean,none,hddm_w,E2_RL / RL_4state,E3_filter / confirmed_screened_filter_learned_features_label,cross_experiment,-0.0025875738040495033,0.0017990430622009668,,-0.0024306220095693387,,,0.0,4708.3333333333285
RBF_I,RBF_I__s9913__clean__none,clean,none,hddm_w,E2_RL / RL_4state,E3_filter / confirmed_screened_filter_none,cross_experiment,0.0,0.0,,0.0,,,0.0,0.0
RBF_I,RBF_I__s9913__clean__none,clean,none,hddm_w,E2_RL / RL_4state,E3_filter / confirmed_screened_filter_oracle_blocks,cross_experiment,0.0,0.0,,0.0,,,0.0,0.0
RBF_I,RBF_I__s9913__clean__none,clean,none,hddm_w,E2_RL / RL_4state,E3_filter / confirmed_screened_filter_oracle_rows,cross_experiment,0.0,0.0,,0.0,,,0.0,0.0
RBF_I,RBF_I__s9913__clean__none,clean,none,hddm_w,E2_RL / RL_4state,E3_filter / confirmed_screened_filter_random_blocks,cross_experiment,0.0,0.0,,0.0,,,0.0,0.0
RBF_I,RBF_I__s9913__clean__none,clean,none,hddm_w,E2_RL / RL_4state,E3_filter / confirmed_screened_filter_random_rows,cross_experiment,0.0,0.0,,0.0,,,0.0,0.0
RBF_I,RBF_I__s9913__clean__none,clean,none,hddm_w,E2_RL / RL_4state,E3_filter / none_screened_filter_learned_features,cross_experiment,-0.0017573290126402519,-0.0028516746411483274,,-0.009550239234449753,,,0.0,3716.666666666657
RBF_I,RBF_I__s9913__clean__none,clean,none,hddm_w,E2_RL / RL_4state,E3_filter / none_screened_filter_learned_features_label,cross_experiment,-0.0025875738040495033,0.0017990430622009668,,-0.0024306220095693387,,,0.0,4708.3333333333285
RBF_I,RBF_I__s9913__clean__none,clean,none,hddm_w,E2_RL / RL_4state,E3_filter / none_screened_filter_none,cross_experiment,0.0,0.0,,0.0,,,0.0,0.0
RBF_I,RBF_I__s9913__clean__none,clean,none,hddm_w,E2_RL / confirmed_screened,E3_filter / confirmed_screened_filter_learned_features,cross_experiment,-0.00860977834488974,-0.008688995215310968,,0.02491866028708134,,,-5.0,-5283.333333333343
RBF_I,RBF_I__s9913__clean__none,clean,none,hddm_w,E2_RL / confirmed_screened,E3_filter / confirmed_screened_filter_learned_features_label,cross_experiment,-0.0025875738040495033,0.0017990430622009668,,-0.0024306220095693387,,,0.0,4708.3333333333285
RBF_I,RBF_I__s9913__clean__none,clean,none,hddm_w,E2_RL / confirmed_screened,E3_filter / confirmed_screened_filter_none,cross_experiment,0.0,0.0,,0.0,,,0.0,0.0
RBF_I,RBF_I__s9913__clean__none,clean,none,hddm_w,E2_RL / confirmed_screened,E3_filter / confirmed_screened_filter_oracle_blocks,cross_experiment,0.0,0.0,,0.0,,,0.0,0.0
RBF_I,RBF_I__s9913__clean__none,clean,none,hddm_w,E2_RL / confirmed_screened,E3_filter / confirmed_screened_filter_oracle_rows,cross_experiment,0.0,0.0,,0.0,,,0.0,0.0
RBF_I,RBF_I__s9913__clean__none,clean,none,hddm_w,E2_RL / confirmed_screened,E3_filter / confirmed_screened_filter_random_blocks,cross_experiment,0.0,0.0,,0.0,,,0.0,0.0
RBF_I,RBF_I__s9913__clean__none,clean,none,hddm_w,E2_RL / confirmed_screened,E3_filter / confirmed_screened_filter_random_rows,cross_experiment,0.0,0.0,,0.0,,,0.0,0.0
RBF_I,RBF_I__s9913__clean__none,clean,none,hddm_w,E2_RL / confirmed_screened,E3_filter / none_screened_filter_learned_features,cross_experiment,-0.0017573290126402519,-0.0028516746411483274,,-0.009550239234449753,,,0.0,3716.666666666657
RBF_I,RBF_I__s9913__clean__none,clean,none,hddm_w,E2_RL / confirmed_screened,E3_filter / none_screened_filter_learned_features_label,cross_experiment,-0.0025875738040495033,0.0017990430622009668,,-0.0024306220095693387,,,0.0,4708.3333333333285
RBF_I,RBF_I__s9913__clean__none,clean,none,hddm_w,E2_RL / confirmed_screened,E3_filter / none_screened_filter_none,cross_experiment,0.0,0.0,,0.0,,,0.0,0.0
RBF_I,RBF_I__s9913__clean__none,clean,none,hddm_w,E2_RL / error_rule,E3_filter / confirmed_screened_filter_learned_features,cross_experiment,0.02326443793754529,0.02001913875598088,,0.02491866028708134,,,3.333333333333334,-5283.333333333343
RBF_I,RBF_I__s9913__clean__none,clean,none,hddm_w,E2_RL / error_rule,E3_filter / confirmed_screened_filter_learned_features_label,cross_experiment,0.029286642478385527,0.030507177033492816,,-0.0024306220095693387,,,8.333333333333334,4708.3333333333285
RBF_I,RBF_I__s9913__clean__none,clean,none,hddm_w,E2_RL / error_rule,E3_filter / confirmed_screened_filter_none,cross_experiment,0.03187421628243503,0.02870813397129185,,0.0,,,8.333333333333334,0.0
RBF_I,RBF_I__s9913__clean__none,clean,none,hddm_w,E2_RL / error_rule,E3_filter / confirmed_screened_filter_oracle_blocks,cross_experiment,0.03187421628243503,0.02870813397129185,,0.0,,,8.333333333333334,0.0
RBF_I,RBF_I__s9913__clean__none,clean,none,hddm_w,E2_RL / error_rule,E3_filter / confirmed_screened_filter_oracle_rows,cross_experiment,0.03187421628243503,0.02870813397129185,,0.0,,,8.333333333333334,0.0
RBF_I,RBF_I__s9913__clean__none,clean,none,hddm_w,E2_RL / error_rule,E3_filter / confirmed_screened_filter_random_blocks,cross_experiment,0.03187421628243503,0.02870813397129185,,0.0,,,8.333333333333334,0.0
RBF_I,RBF_I__s9913__clean__none,clean,none,hddm_w,E2_RL / error_rule,E3_filter / confirmed_screened_filter_random_rows,cross_experiment,0.03187421628243503,0.02870813397129185,,0.0,,,8.333333333333334,0.0
RBF_I,RBF_I__s9913__clean__none,clean,none,hddm_w,E2_RL / error_rule,E3_filter / none_screened_filter_learned_features,cross_experiment,0.03011688726979478,0.025856459330143522,,-0.009550239234449753,,,8.333333333333334,3716.666666666657
RBF_I,RBF_I__s9913__clean__none,clean,none,hddm_w,E2_RL / error_rule,E3_filter / none_screened_filter_learned_features_label,cross_experiment,0.029286642478385527,0.030507177033492816,,-0.0024306220095693387,,,8.333333333333334,4708.3333333333285
RBF_I,RBF_I__s9913__clean__none,clean,none,hddm_w,E2_RL / error_rule,E3_filter / none_screened_filter_none,cross_experiment,0.03187421628243503,0.02870813397129185,,0.0,,,8.333333333333334,0.0
RBF_I,RBF_I__s9913__clean__none,clean,none,hddm_w,E2_RL / none_screened,E3_filter / confirmed_screened_filter_learned_features,cross_experiment,-0.00860977834488974,-0.008688995215310968,,0.02491866028708134,,,-5.0,-5283.333333333343
RBF_I,RBF_I__s9913__clean__none,clean,none,hddm_w,E2_RL / none_screened,E3_filter / confirmed_screened_filter_learned_features_label,cross_experiment,-0.0025875738040495033,0.0017990430622009668,,-0.0024306220095693387,,,0.0,4708.3333333333285
RBF_I,RBF_I__s9913__clean__none,clean,none,hddm_w,E2_RL / none_screened,E3_filter / confirmed_screened_filter_none,cross_experiment,0.0,0.0,,0.0,,,0.0,0.0
RBF_I,RBF_I__s9913__clean__none,clean,none,hddm_w,E2_RL / none_screened,E3_filter / confirmed_screened_filter_oracle_blocks,cross_experiment,0.0,0.0,,0.0,,,0.0,0.0
RBF_I,RBF_I__s9913__clean__none,clean,none,hddm_w,E2_RL / none_screened,E3_filter / confirmed_screened_filter_oracle_rows,cross_experiment,0.0,0.0,,0.0,,,0.0,0.0
RBF_I,RBF_I__s9913__clean__none,clean,none,hddm_w,E2_RL / none_screened,E3_filter / confirmed_screened_filter_random_blocks,cross_experiment,0.0,0.0,,0.0,,,0.0,0.0
RBF_I,RBF_I__s9913__clean__none,clean,none,hddm_w,E2_RL / none_screened,E3_filter / confirmed_screened_filter_random_rows,cross_experiment,0.0,0.0,,0.0,,,0.0,0.0
RBF_I,RBF_I__s9913__clean__none,clean,none,hddm_w,E2_RL / none_screened,E3_filter / none_screened_filter_learned_features,cross_experiment,-0.0017573290126402519,-0.0028516746411483274,,-0.009550239234449753,,,0.0,3716.666666666657
RBF_I,RBF_I__s9913__clean__none,clean,none,hddm_w,E2_RL / none_screened,E3_filter / none_screened_filter_learned_features_label,cross_experiment,-0.0025875738040495033,0.0017990430622009668,,-0.0024306220095693387,,,0.0,4708.3333333333285
RBF_I,RBF_I__s9913__clean__none,clean,none,hddm_w,E2_RL / none_screened,E3_filter / none_screened_filter_none,cross_experiment,0.0,0.0,,0.0,,,0.0,0.0
RBF_I,RBF_I__s9913__clean__none,clean,none,hddm_w,E2_RL / selected_map,E3_filter / confirmed_screened_filter_learned_features,cross_experiment,-0.00860977834488974,-0.008688995215310968,,0.02491866028708134,,,-5.0,-5283.333333333343
RBF_I,RBF_I__s9913__clean__none,clean,none,hddm_w,E2_RL / selected_map,E3_filter / confirmed_screened_filter_learned_features_label,cross_experiment,-0.0025875738040495033,0.0017990430622009668,,-0.0024306220095693387,,,0.0,4708.3333333333285
RBF_I,RBF_I__s9913__clean__none,clean,none,hddm_w,E2_RL / selected_map,E3_filter / confirmed_screened_filter_none,cross_experiment,0.0,0.0,,0.0,,,0.0,0.0
RBF_I,RBF_I__s9913__clean__none,clean,none,hddm_w,E2_RL / selected_map,E3_filter / confirmed_screened_filter_oracle_blocks,cross_experiment,0.0,0.0,,0.0,,,0.0,0.0
RBF_I,RBF_I__s9913__clean__none,clean,none,hddm_w,E2_RL / selected_map,E3_filter / confirmed_screened_filter_oracle_rows,cross_experiment,0.0,0.0,,0.0,,,0.0,0.0
RBF_I,RBF_I__s9913__clean__none,clean,none,hddm_w,E2_RL / selected_map,E3_filter / confirmed_screened_filter_random_blocks,cross_experiment,0.0,0.0,,0.0,,,0.0,0.0
RBF_I,RBF_I__s9913__clean__none,clean,none,hddm_w,E2_RL / selected_map,E3_filter / confirmed_screened_filter_random_rows,cross_experiment,0.0,0.0,,0.0,,,0.0,0.0
RBF_I,RBF_I__s9913__clean__none,clean,none,hddm_w,E2_RL / selected_map,E3_filter / none_screened_filter_learned_features,cross_experiment,-0.0017573290126402519,-0.0028516746411483274,,-0.009550239234449753,,,0.0,3716.666666666657
RBF_I,RBF_I__s9913__clean__none,clean,none,hddm_w,E2_RL / selected_map,E3_filter / none_screened_filter_learned_features_label,cross_experiment,-0.0025875738040495033,0.0017990430622009668,,-0.0024306220095693387,,,0.0,4708.3333333333285
RBF_I,RBF_I__s9913__clean__none,clean,none,hddm_w,E2_RL / selected_map,E3_filter / none_screened_filter_none,cross_experiment,0.0,0.0,,0.0,,,0.0,0.0
RBF_I,RBF_I__s9913__clean__none,clean,none,hellinger,E1_fixed / confirmed_screened,E2_RL / RL_2state,cross_experiment,0.0,0.0,,0.0,,,0.0,0.0
RBF_I,RBF_I__s9913__clean__none,clean,none,hellinger,E1_fixed / confirmed_screened,E2_RL / RL_4state,cross_experiment,0.0,0.0,,0.0,,,0.0,0.0
RBF_I,RBF_I__s9913__clean__none,clean,none,hellinger,E1_fixed / confirmed_screened,E2_RL / confirmed_screened,cross_experiment,0.0,0.0,,0.0,,,0.0,0.0
RBF_I,RBF_I__s9913__clean__none,clean,none,hellinger,E1_fixed / confirmed_screened,E2_RL / error_rule,cross_experiment,-0.03187421628243503,-0.02870813397129185,,0.0,,,-8.333333333333334,0.0
RBF_I,RBF_I__s9913__clean__none,clean,none,hellinger,E1_fixed / confirmed_screened,E2_RL / none_screened,cross_experiment,0.0,0.0,,0.0,,,0.0,0.0
RBF_I,RBF_I__s9913__clean__none,clean,none,hellinger,E1_fixed / confirmed_screened,E2_RL / selected_map,cross_experiment,0.0,0.0,,0.0,,,0.0,0.0
RBF_I,RBF_I__s9913__clean__none,clean,none,hellinger,E1_fixed / confirmed_screened,E3_filter / confirmed_screened_filter_learned_features,cross_experiment,-0.0017573290126402519,-0.0028516746411483274,,-0.009550239234449753,,,0.0,3716.666666666657
RBF_I,RBF_I__s9913__clean__none,clean,none,hellinger,E1_fixed / confirmed_screened,E3_filter / confirmed_screened_filter_learned_features_label,cross_experiment,-0.0025875738040495033,0.0017990430622009668,,-0.0024306220095693387,,,0.0,4708.3333333333285
RBF_I,RBF_I__s9913__clean__none,clean,none,hellinger,E1_fixed / confirmed_screened,E3_filter / confirmed_screened_filter_none,cross_experiment,0.0,0.0,,0.0,,,0.0,0.0
RBF_I,RBF_I__s9913__clean__none,clean,none,hellinger,E1_fixed / confirmed_screened,E3_filter / confirmed_screened_filter_oracle_blocks,cross_experiment,0.0,0.0,,0.0,,,0.0,0.0
RBF_I,RBF_I__s9913__clean__none,clean,none,hellinger,E1_fixed / confirmed_screened,E3_filter / confirmed_screened_filter_oracle_rows,cross_experiment,0.0,0.0,,0.0,,,0.0,0.0
RBF_I,RBF_I__s9913__clean__none,clean,none,hellinger,E1_fixed / confirmed_screened,E3_filter / confirmed_screened_filter_random_blocks,cross_experiment,0.0,0.0,,0.0,,,0.0,0.0
RBF_I,RBF_I__s9913__clean__none,clean,none,hellinger,E1_fixed / confirmed_screened,E3_filter / confirmed_screened_filter_random_rows,cross_experiment,0.0,0.0,,0.0,,,0.0,0.0
RBF_I,RBF_I__s9913__clean__none,clean,none,hellinger,E1_fixed / confirmed_screened,E3_filter / none_screened_filter_learned_features,cross_experiment,-0.0017573290126402519,-0.0028516746411483274,,-0.009550239234449753,,,0.0,3716.666666666657
RBF_I,RBF_I__s9913__clean__none,clean,none,hellinger,E1_fixed / confirmed_screened,E3_filter / none_screened_filter_learned_features_label,cross_experiment,-0.0025875738040495033,0.0017990430622009668,,-0.0024306220095693387,,,0.0,4708.3333333333285
RBF_I,RBF_I__s9913__clean__none,clean,none,hellinger,E1_fixed / confirmed_screened,E3_filter / none_screened_filter_none,cross_experiment,0.0,0.0,,0.0,,,0.0,0.0
RBF_I,RBF_I__s9913__clean__none,clean,none,hellinger,E1_fixed / confirmed_unscreened,E2_RL / RL_2state,cross_experiment,0.010658749614114837,0.011387559808612446,,-0.36363636363636365,,,0.0,0.0
RBF_I,RBF_I__s9913__clean__none,clean,none,hellinger,E1_fixed / confirmed_unscreened,E2_RL / RL_4state,cross_experiment,0.010658749614114837,0.011387559808612446,,-0.36363636363636365,,,0.0,0.0
RBF_I,RBF_I__s9913__clean__none,clean,none,hellinger,E1_fixed / confirmed_unscreened,E2_RL / confirmed_screened,cross_experiment,0.010658749614114837,0.011387559808612446,,-0.36363636363636365,,,0.0,0.0
RBF_I,RBF_I__s9913__clean__none,clean,none,hellinger,E1_fixed / confirmed_unscreened,E2_RL / error_rule,cross_experiment,-0.021215466668320193,-0.017320574162679403,,-0.36363636363636365,,,-8.333333333333334,0.0
RBF_I,RBF_I__s9913__clean__none,clean,none,hellinger,E1_fixed / confirmed_unscreened,E2_RL / none_screened,cross_experiment,0.010658749614114837,0.011387559808612446,,-0.36363636363636365,,,0.0,0.0
RBF_I,RBF_I__s9913__clean__none,clean,none,hellinger,E1_fixed / confirmed_unscreened,E2_RL / selected_map,cross_experiment,0.010658749614114837,0.011387559808612446,,-0.36363636363636365,,,0.0,0.0
RBF_I,RBF_I__s9913__clean__none,clean,none,hellinger,E1_fixed / confirmed_unscreened,E3_filter / confirmed_screened_filter_learned_features,cross_experiment,0.008901420601474586,0.008535885167464119,,-0.3731866028708134,,,0.0,3716.666666666657
RBF_I,RBF_I__s9913__clean__none,clean,none,hellinger,E1_fixed / confirmed_unscreened,E3_filter / confirmed_screened_filter_learned_features_label,cross_experiment,0.008071175810065334,0.013186602870813413,,-0.366066985645933,,,0.0,4708.3333333333285
RBF_I,RBF_I__s9913__clean__none,clean,none,hellinger,E1_fixed / confirmed_unscreened,E3_filter / confirmed_screened_filter_none,cross_experiment,0.010658749614114837,0.011387559808612446,,-0.36363636363636365,,,0.0,0.0
RBF_I,RBF_I__s9913__clean__none,clean,none,hellinger,E1_fixed / confirmed_unscreened,E3_filter / confirmed_screened_filter_oracle_blocks,cross_experiment,0.010658749614114837,0.011387559808612446,,-0.36363636363636365,,,0.0,0.0
RBF_I,RBF_I__s9913__clean__none,clean,none,hellinger,E1_fixed / confirmed_unscreened,E3_filter / confirmed_screened_filter_oracle_rows,cross_experiment,0.010658749614114837,0.011387559808612446,,-0.36363636363636365,,,0.0,0.0
RBF_I,RBF_I__s9913__clean__none,clean,none,hellinger,E1_fixed / confirmed_unscreened,E3_filter / confirmed_screened_filter_random_blocks,cross_experiment,0.010658749614114837,0.011387559808612446,,-0.36363636363636365,,,0.0,0.0
RBF_I,RBF_I__s9913__clean__none,clean,none,hellinger,E1_fixed / confirmed_unscreened,E3_filter / confirmed_screened_filter_random_rows,cross_experiment,0.010658749614114837,0.011387559808612446,,-0.36363636363636365,,,0.0,0.0
RBF_I,RBF_I__s9913__clean__none,clean,none,hellinger,E1_fixed / confirmed_unscreened,E3_filter / none_screened_filter_learned_features,cross_experiment,0.008901420601474586,0.008535885167464119,,-0.3731866028708134,,,0.0,3716.666666666657
RBF_I,RBF_I__s9913__clean__none,clean,none,hellinger,E1_fixed / confirmed_unscreened,E3_filter / none_screened_filter_learned_features_label,cross_experiment,0.008071175810065334,0.013186602870813413,,-0.366066985645933,,,0.0,4708.3333333333285
RBF_I,RBF_I__s9913__clean__none,clean,none,hellinger,E1_fixed / confirmed_unscreened,E3_filter / none_screened_filter_none,cross_experiment,0.010658749614114837,0.011387559808612446,,-0.36363636363636365,,,0.0,0.0
RBF_I,RBF_I__s9913__clean__none,clean,none,hellinger,E1_fixed / immediate_screened,E2_RL / RL_2state,cross_experiment,0.0,0.0,,0.0,,,0.0,0.0
RBF_I,RBF_I__s9913__clean__none,clean,none,hellinger,E1_fixed / immediate_screened,E2_RL / RL_4state,cross_experiment,0.0,0.0,,0.0,,,0.0,0.0
RBF_I,RBF_I__s9913__clean__none,clean,none,hellinger,E1_fixed / immediate_screened,E2_RL / confirmed_screened,cross_experiment,0.0,0.0,,0.0,,,0.0,0.0
RBF_I,RBF_I__s9913__clean__none,clean,none,hellinger,E1_fixed / immediate_screened,E2_RL / error_rule,cross_experiment,-0.03187421628243503,-0.02870813397129185,,0.0,,,-8.333333333333334,0.0
RBF_I,RBF_I__s9913__clean__none,clean,none,hellinger,E1_fixed / immediate_screened,E2_RL / none_screened,cross_experiment,0.0,0.0,,0.0,,,0.0,0.0
RBF_I,RBF_I__s9913__clean__none,clean,none,hellinger,E1_fixed / immediate_screened,E2_RL / selected_map,cross_experiment,0.0,0.0,,0.0,,,0.0,0.0
RBF_I,RBF_I__s9913__clean__none,clean,none,hellinger,E1_fixed / immediate_screened,E3_filter / confirmed_screened_filter_learned_features,cross_experiment,-0.0017573290126402519,-0.0028516746411483274,,-0.009550239234449753,,,0.0,3716.666666666657
RBF_I,RBF_I__s9913__clean__none,clean,none,hellinger,E1_fixed / immediate_screened,E3_filter / confirmed_screened_filter_learned_features_label,cross_experiment,-0.0025875738040495033,0.0017990430622009668,,-0.0024306220095693387,,,0.0,4708.3333333333285
RBF_I,RBF_I__s9913__clean__none,clean,none,hellinger,E1_fixed / immediate_screened,E3_filter / confirmed_screened_filter_none,cross_experiment,0.0,0.0,,0.0,,,0.0,0.0
RBF_I,RBF_I__s9913__clean__none,clean,none,hellinger,E1_fixed / immediate_screened,E3_filter / confirmed_screened_filter_oracle_blocks,cross_experiment,0.0,0.0,,0.0,,,0.0,0.0
RBF_I,RBF_I__s9913__clean__none,clean,none,hellinger,E1_fixed / immediate_screened,E3_filter / confirmed_screened_filter_oracle_rows,cross_experiment,0.0,0.0,,0.0,,,0.0,0.0
RBF_I,RBF_I__s9913__clean__none,clean,none,hellinger,E1_fixed / immediate_screened,E3_filter / confirmed_screened_filter_random_blocks,cross_experiment,0.0,0.0,,0.0,,,0.0,0.0
RBF_I,RBF_I__s9913__clean__none,clean,none,hellinger,E1_fixed / immediate_screened,E3_filter / confirmed_screened_filter_random_rows,cross_experiment,0.0,0.0,,0.0,,,0.0,0.0
RBF_I,RBF_I__s9913__clean__none,clean,none,hellinger,E1_fixed / immediate_screened,E3_filter / none_screened_filter_learned_features,cross_experiment,-0.0017573290126402519,-0.0028516746411483274,,-0.009550239234449753,,,0.0,3716.666666666657
RBF_I,RBF_I__s9913__clean__none,clean,none,hellinger,E1_fixed / immediate_screened,E3_filter / none_screened_filter_learned_features_label,cross_experiment,-0.0025875738040495033,0.0017990430622009668,,-0.0024306220095693387,,,0.0,4708.3333333333285
RBF_I,RBF_I__s9913__clean__none,clean,none,hellinger,E1_fixed / immediate_screened,E3_filter / none_screened_filter_none,cross_experiment,0.0,0.0,,0.0,,,0.0,0.0
RBF_I,RBF_I__s9913__clean__none,clean,none,hellinger,E1_fixed / immediate_unscreened,E2_RL / RL_2state,cross_experiment,0.010658749614114837,0.011387559808612446,,-0.36363636363636365,,,0.0,0.0
RBF_I,RBF_I__s9913__clean__none,clean,none,hellinger,E1_fixed / immediate_unscreened,E2_RL / RL_4state,cross_experiment,0.010658749614114837,0.011387559808612446,,-0.36363636363636365,,,0.0,0.0
RBF_I,RBF_I__s9913__clean__none,clean,none,hellinger,E1_fixed / immediate_unscreened,E2_RL / confirmed_screened,cross_experiment,0.010658749614114837,0.011387559808612446,,-0.36363636363636365,,,0.0,0.0
RBF_I,RBF_I__s9913__clean__none,clean,none,hellinger,E1_fixed / immediate_unscreened,E2_RL / error_rule,cross_experiment,-0.021215466668320193,-0.017320574162679403,,-0.36363636363636365,,,-8.333333333333334,0.0
RBF_I,RBF_I__s9913__clean__none,clean,none,hellinger,E1_fixed / immediate_unscreened,E2_RL / none_screened,cross_experiment,0.010658749614114837,0.011387559808612446,,-0.36363636363636365,,,0.0,0.0
RBF_I,RBF_I__s9913__clean__none,clean,none,hellinger,E1_fixed / immediate_unscreened,E2_RL / selected_map,cross_experiment,0.010658749614114837,0.011387559808612446,,-0.36363636363636365,,,0.0,0.0
RBF_I,RBF_I__s9913__clean__none,clean,none,hellinger,E1_fixed / immediate_unscreened,E3_filter / confirmed_screened_filter_learned_features,cross_experiment,0.008901420601474586,0.008535885167464119,,-0.3731866028708134,,,0.0,3716.666666666657
RBF_I,RBF_I__s9913__clean__none,clean,none,hellinger,E1_fixed / immediate_unscreened,E3_filter / confirmed_screened_filter_learned_features_label,cross_experiment,0.008071175810065334,0.013186602870813413,,-0.366066985645933,,,0.0,4708.3333333333285
RBF_I,RBF_I__s9913__clean__none,clean,none,hellinger,E1_fixed / immediate_unscreened,E3_filter / confirmed_screened_filter_none,cross_experiment,0.010658749614114837,0.011387559808612446,,-0.36363636363636365,,,0.0,0.0
RBF_I,RBF_I__s9913__clean__none,clean,none,hellinger,E1_fixed / immediate_unscreened,E3_filter / confirmed_screened_filter_oracle_blocks,cross_experiment,0.010658749614114837,0.011387559808612446,,-0.36363636363636365,,,0.0,0.0
RBF_I,RBF_I__s9913__clean__none,clean,none,hellinger,E1_fixed / immediate_unscreened,E3_filter / confirmed_screened_filter_oracle_rows,cross_experiment,0.010658749614114837,0.011387559808612446,,-0.36363636363636365,,,0.0,0.0
RBF_I,RBF_I__s9913__clean__none,clean,none,hellinger,E1_fixed / immediate_unscreened,E3_filter / confirmed_screened_filter_random_blocks,cross_experiment,0.010658749614114837,0.011387559808612446,,-0.36363636363636365,,,0.0,0.0
RBF_I,RBF_I__s9913__clean__none,clean,none,hellinger,E1_fixed / immediate_unscreened,E3_filter / confirmed_screened_filter_random_rows,cross_experiment,0.010658749614114837,0.011387559808612446,,-0.36363636363636365,,,0.0,0.0
RBF_I,RBF_I__s9913__clean__none,clean,none,hellinger,E1_fixed / immediate_unscreened,E3_filter / none_screened_filter_learned_features,cross_experiment,0.008901420601474586,0.008535885167464119,,-0.3731866028708134,,,0.0,3716.666666666657
RBF_I,RBF_I__s9913__clean__none,clean,none,hellinger,E1_fixed / immediate_unscreened,E3_filter / none_screened_filter_learned_features_label,cross_experiment,0.008071175810065334,0.013186602870813413,,-0.366066985645933,,,0.0,4708.3333333333285
RBF_I,RBF_I__s9913__clean__none,clean,none,hellinger,E1_fixed / immediate_unscreened,E3_filter / none_screened_filter_none,cross_experiment,0.010658749614114837,0.011387559808612446,,-0.36363636363636365,,,0.0,0.0
RBF_I,RBF_I__s9913__clean__none,clean,none,hellinger,E1_fixed / none_screened,E2_RL / RL_2state,cross_experiment,0.0,0.0,,0.0,,,0.0,0.0
RBF_I,RBF_I__s9913__clean__none,clean,none,hellinger,E1_fixed / none_screened,E2_RL / RL_4state,cross_experiment,0.0,0.0,,0.0,,,0.0,0.0
RBF_I,RBF_I__s9913__clean__none,clean,none,hellinger,E1_fixed / none_screened,E2_RL / confirmed_screened,cross_experiment,0.0,0.0,,0.0,,,0.0,0.0
RBF_I,RBF_I__s9913__clean__none,clean,none,hellinger,E1_fixed / none_screened,E2_RL / error_rule,cross_experiment,-0.03187421628243503,-0.02870813397129185,,0.0,,,-8.333333333333334,0.0
RBF_I,RBF_I__s9913__clean__none,clean,none,hellinger,E1_fixed / none_screened,E2_RL / none_screened,cross_experiment,0.0,0.0,,0.0,,,0.0,0.0
RBF_I,RBF_I__s9913__clean__none,clean,none,hellinger,E1_fixed / none_screened,E2_RL / selected_map,cross_experiment,0.0,0.0,,0.0,,,0.0,0.0
RBF_I,RBF_I__s9913__clean__none,clean,none,hellinger,E1_fixed / none_screened,E3_filter / confirmed_screened_filter_learned_features,cross_experiment,-0.0017573290126402519,-0.0028516746411483274,,-0.009550239234449753,,,0.0,3716.666666666657
RBF_I,RBF_I__s9913__clean__none,clean,none,hellinger,E1_fixed / none_screened,E3_filter / confirmed_screened_filter_learned_features_label,cross_experiment,-0.0025875738040495033,0.0017990430622009668,,-0.0024306220095693387,,,0.0,4708.3333333333285
RBF_I,RBF_I__s9913__clean__none,clean,none,hellinger,E1_fixed / none_screened,E3_filter / confirmed_screened_filter_none,cross_experiment,0.0,0.0,,0.0,,,0.0,0.0
RBF_I,RBF_I__s9913__clean__none,clean,none,hellinger,E1_fixed / none_screened,E3_filter / confirmed_screened_filter_oracle_blocks,cross_experiment,0.0,0.0,,0.0,,,0.0,0.0
RBF_I,RBF_I__s9913__clean__none,clean,none,hellinger,E1_fixed / none_screened,E3_filter / confirmed_screened_filter_oracle_rows,cross_experiment,0.0,0.0,,0.0,,,0.0,0.0
RBF_I,RBF_I__s9913__clean__none,clean,none,hellinger,E1_fixed / none_screened,E3_filter / confirmed_screened_filter_random_blocks,cross_experiment,0.0,0.0,,0.0,,,0.0,0.0
RBF_I,RBF_I__s9913__clean__none,clean,none,hellinger,E1_fixed / none_screened,E3_filter / confirmed_screened_filter_random_rows,cross_experiment,0.0,0.0,,0.0,,,0.0,0.0
RBF_I,RBF_I__s9913__clean__none,clean,none,hellinger,E1_fixed / none_screened,E3_filter / none_screened_filter_learned_features,cross_experiment,-0.0017573290126402519,-0.0028516746411483274,,-0.009550239234449753,,,0.0,3716.666666666657
RBF_I,RBF_I__s9913__clean__none,clean,none,hellinger,E1_fixed / none_screened,E3_filter / none_screened_filter_learned_features_label,cross_experiment,-0.0025875738040495033,0.0017990430622009668,,-0.0024306220095693387,,,0.0,4708.3333333333285
RBF_I,RBF_I__s9913__clean__none,clean,none,hellinger,E1_fixed / none_screened,E3_filter / none_screened_filter_none,cross_experiment,0.0,0.0,,0.0,,,0.0,0.0
RBF_I,RBF_I__s9913__clean__none,clean,none,hellinger,E1_fixed / none_unscreened,E2_RL / RL_2state,cross_experiment,0.010658749614114837,0.011387559808612446,,-0.36363636363636365,,,0.0,0.0
RBF_I,RBF_I__s9913__clean__none,clean,none,hellinger,E1_fixed / none_unscreened,E2_RL / RL_4state,cross_experiment,0.010658749614114837,0.011387559808612446,,-0.36363636363636365,,,0.0,0.0
RBF_I,RBF_I__s9913__clean__none,clean,none,hellinger,E1_fixed / none_unscreened,E2_RL / confirmed_screened,cross_experiment,0.010658749614114837,0.011387559808612446,,-0.36363636363636365,,,0.0,0.0
RBF_I,RBF_I__s9913__clean__none,clean,none,hellinger,E1_fixed / none_unscreened,E2_RL / error_rule,cross_experiment,-0.021215466668320193,-0.017320574162679403,,-0.36363636363636365,,,-8.333333333333334,0.0
RBF_I,RBF_I__s9913__clean__none,clean,none,hellinger,E1_fixed / none_unscreened,E2_RL / none_screened,cross_experiment,0.010658749614114837,0.011387559808612446,,-0.36363636363636365,,,0.0,0.0
RBF_I,RBF_I__s9913__clean__none,clean,none,hellinger,E1_fixed / none_unscreened,E2_RL / selected_map,cross_experiment,0.010658749614114837,0.011387559808612446,,-0.36363636363636365,,,0.0,0.0
RBF_I,RBF_I__s9913__clean__none,clean,none,hellinger,E1_fixed / none_unscreened,E3_filter / confirmed_screened_filter_learned_features,cross_experiment,0.008901420601474586,0.008535885167464119,,-0.3731866028708134,,,0.0,3716.666666666657
RBF_I,RBF_I__s9913__clean__none,clean,none,hellinger,E1_fixed / none_unscreened,E3_filter / confirmed_screened_filter_learned_features_label,cross_experiment,0.008071175810065334,0.013186602870813413,,-0.366066985645933,,,0.0,4708.3333333333285
RBF_I,RBF_I__s9913__clean__none,clean,none,hellinger,E1_fixed / none_unscreened,E3_filter / confirmed_screened_filter_none,cross_experiment,0.010658749614114837,0.011387559808612446,,-0.36363636363636365,,,0.0,0.0
RBF_I,RBF_I__s9913__clean__none,clean,none,hellinger,E1_fixed / none_unscreened,E3_filter / confirmed_screened_filter_oracle_blocks,cross_experiment,0.010658749614114837,0.011387559808612446,,-0.36363636363636365,,,0.0,0.0
RBF_I,RBF_I__s9913__clean__none,clean,none,hellinger,E1_fixed / none_unscreened,E3_filter / confirmed_screened_filter_oracle_rows,cross_experiment,0.010658749614114837,0.011387559808612446,,-0.36363636363636365,,,0.0,0.0
RBF_I,RBF_I__s9913__clean__none,clean,none,hellinger,E1_fixed / none_unscreened,E3_filter / confirmed_screened_filter_random_blocks,cross_experiment,0.010658749614114837,0.011387559808612446,,-0.36363636363636365,,,0.0,0.0
RBF_I,RBF_I__s9913__clean__none,clean,none,hellinger,E1_fixed / none_unscreened,E3_filter / confirmed_screened_filter_random_rows,cross_experiment,0.010658749614114837,0.011387559808612446,,-0.36363636363636365,,,0.0,0.0
RBF_I,RBF_I__s9913__clean__none,clean,none,hellinger,E1_fixed / none_unscreened,E3_filter / none_screened_filter_learned_features,cross_experiment,0.008901420601474586,0.008535885167464119,,-0.3731866028708134,,,0.0,3716.666666666657
RBF_I,RBF_I__s9913__clean__none,clean,none,hellinger,E1_fixed / none_unscreened,E3_filter / none_screened_filter_learned_features_label,cross_experiment,0.008071175810065334,0.013186602870813413,,-0.366066985645933,,,0.0,4708.3333333333285
RBF_I,RBF_I__s9913__clean__none,clean,none,hellinger,E1_fixed / none_unscreened,E3_filter / none_screened_filter_none,cross_experiment,0.010658749614114837,0.011387559808612446,,-0.36363636363636365,,,0.0,0.0
RBF_I,RBF_I__s9913__clean__none,clean,none,hellinger,E2_RL / RL_2state,E3_filter / confirmed_screened_filter_learned_features,cross_experiment,-0.0017573290126402519,-0.0028516746411483274,,-0.009550239234449753,,,0.0,3716.666666666657
RBF_I,RBF_I__s9913__clean__none,clean,none,hellinger,E2_RL / RL_2state,E3_filter / confirmed_screened_filter_learned_features_label,cross_experiment,-0.0025875738040495033,0.0017990430622009668,,-0.0024306220095693387,,,0.0,4708.3333333333285
RBF_I,RBF_I__s9913__clean__none,clean,none,hellinger,E2_RL / RL_2state,E3_filter / confirmed_screened_filter_none,cross_experiment,0.0,0.0,,0.0,,,0.0,0.0
RBF_I,RBF_I__s9913__clean__none,clean,none,hellinger,E2_RL / RL_2state,E3_filter / confirmed_screened_filter_oracle_blocks,cross_experiment,0.0,0.0,,0.0,,,0.0,0.0
RBF_I,RBF_I__s9913__clean__none,clean,none,hellinger,E2_RL / RL_2state,E3_filter / confirmed_screened_filter_oracle_rows,cross_experiment,0.0,0.0,,0.0,,,0.0,0.0
RBF_I,RBF_I__s9913__clean__none,clean,none,hellinger,E2_RL / RL_2state,E3_filter / confirmed_screened_filter_random_blocks,cross_experiment,0.0,0.0,,0.0,,,0.0,0.0
RBF_I,RBF_I__s9913__clean__none,clean,none,hellinger,E2_RL / RL_2state,E3_filter / confirmed_screened_filter_random_rows,cross_experiment,0.0,0.0,,0.0,,,0.0,0.0
RBF_I,RBF_I__s9913__clean__none,clean,none,hellinger,E2_RL / RL_2state,E3_filter / none_screened_filter_learned_features,cross_experiment,-0.0017573290126402519,-0.0028516746411483274,,-0.009550239234449753,,,0.0,3716.666666666657
RBF_I,RBF_I__s9913__clean__none,clean,none,hellinger,E2_RL / RL_2state,E3_filter / none_screened_filter_learned_features_label,cross_experiment,-0.0025875738040495033,0.0017990430622009668,,-0.0024306220095693387,,,0.0,4708.3333333333285
RBF_I,RBF_I__s9913__clean__none,clean,none,hellinger,E2_RL / RL_2state,E3_filter / none_screened_filter_none,cross_experiment,0.0,0.0,,0.0,,,0.0,0.0
RBF_I,RBF_I__s9913__clean__none,clean,none,hellinger,E2_RL / RL_4state,E3_filter / confirmed_screened_filter_learned_features,cross_experiment,-0.0017573290126402519,-0.0028516746411483274,,-0.009550239234449753,,,0.0,3716.666666666657
RBF_I,RBF_I__s9913__clean__none,clean,none,hellinger,E2_RL / RL_4state,E3_filter / confirmed_screened_filter_learned_features_label,cross_experiment,-0.0025875738040495033,0.0017990430622009668,,-0.0024306220095693387,,,0.0,4708.3333333333285
RBF_I,RBF_I__s9913__clean__none,clean,none,hellinger,E2_RL / RL_4state,E3_filter / confirmed_screened_filter_none,cross_experiment,0.0,0.0,,0.0,,,0.0,0.0
RBF_I,RBF_I__s9913__clean__none,clean,none,hellinger,E2_RL / RL_4state,E3_filter / confirmed_screened_filter_oracle_blocks,cross_experiment,0.0,0.0,,0.0,,,0.0,0.0
RBF_I,RBF_I__s9913__clean__none,clean,none,hellinger,E2_RL / RL_4state,E3_filter / confirmed_screened_filter_oracle_rows,cross_experiment,0.0,0.0,,0.0,,,0.0,0.0
RBF_I,RBF_I__s9913__clean__none,clean,none,hellinger,E2_RL / RL_4state,E3_filter / confirmed_screened_filter_random_blocks,cross_experiment,0.0,0.0,,0.0,,,0.0,0.0
RBF_I,RBF_I__s9913__clean__none,clean,none,hellinger,E2_RL / RL_4state,E3_filter / confirmed_screened_filter_random_rows,cross_experiment,0.0,0.0,,0.0,,,0.0,0.0
RBF_I,RBF_I__s9913__clean__none,clean,none,hellinger,E2_RL / RL_4state,E3_filter / none_screened_filter_learned_features,cross_experiment,-0.0017573290126402519,-0.0028516746411483274,,-0.009550239234449753,,,0.0,3716.666666666657
RBF_I,RBF_I__s9913__clean__none,clean,none,hellinger,E2_RL / RL_4state,E3_filter / none_screened_filter_learned_features_label,cross_experiment,-0.0025875738040495033,0.0017990430622009668,,-0.0024306220095693387,,,0.0,4708.3333333333285
RBF_I,RBF_I__s9913__clean__none,clean,none,hellinger,E2_RL / RL_4state,E3_filter / none_screened_filter_none,cross_experiment,0.0,0.0,,0.0,,,0.0,0.0
RBF_I,RBF_I__s9913__clean__none,clean,none,hellinger,E2_RL / confirmed_screened,E3_filter / confirmed_screened_filter_learned_features,cross_experiment,-0.0017573290126402519,-0.0028516746411483274,,-0.009550239234449753,,,0.0,3716.666666666657
RBF_I,RBF_I__s9913__clean__none,clean,none,hellinger,E2_RL / confirmed_screened,E3_filter / confirmed_screened_filter_learned_features_label,cross_experiment,-0.0025875738040495033,0.0017990430622009668,,-0.0024306220095693387,,,0.0,4708.3333333333285
RBF_I,RBF_I__s9913__clean__none,clean,none,hellinger,E2_RL / confirmed_screened,E3_filter / confirmed_screened_filter_none,cross_experiment,0.0,0.0,,0.0,,,0.0,0.0
RBF_I,RBF_I__s9913__clean__none,clean,none,hellinger,E2_RL / confirmed_screened,E3_filter / confirmed_screened_filter_oracle_blocks,cross_experiment,0.0,0.0,,0.0,,,0.0,0.0
RBF_I,RBF_I__s9913__clean__none,clean,none,hellinger,E2_RL / confirmed_screened,E3_filter / confirmed_screened_filter_oracle_rows,cross_experiment,0.0,0.0,,0.0,,,0.0,0.0
RBF_I,RBF_I__s9913__clean__none,clean,none,hellinger,E2_RL / confirmed_screened,E3_filter / confirmed_screened_filter_random_blocks,cross_experiment,0.0,0.0,,0.0,,,0.0,0.0
RBF_I,RBF_I__s9913__clean__none,clean,none,hellinger,E2_RL / confirmed_screened,E3_filter / confirmed_screened_filter_random_rows,cross_experiment,0.0,0.0,,0.0,,,0.0,0.0
RBF_I,RBF_I__s9913__clean__none,clean,none,hellinger,E2_RL / confirmed_screened,E3_filter / none_screened_filter_learned_features,cross_experiment,-0.0017573290126402519,-0.0028516746411483274,,-0.009550239234449753,,,0.0,3716.666666666657
RBF_I,RBF_I__s9913__clean__none,clean,none,hellinger,E2_RL / confirmed_screened,E3_filter / none_screened_filter_learned_features_label,cross_experiment,-0.0025875738040495033,0.0017990430622009668,,-0.0024306220095693387,,,0.0,4708.3333333333285
RBF_I,RBF_I__s9913__clean__none,clean,none,hellinger,E2_RL / confirmed_screened,E3_filter / none_screened_filter_none,cross_experiment,0.0,0.0,,0.0,,,0.0,0.0
RBF_I,RBF_I__s9913__clean__none,clean,none,hellinger,E2_RL / error_rule,E3_filter / confirmed_screened_filter_learned_features,cross_experiment,0.03011688726979478,0.025856459330143522,,-0.009550239234449753,,,8.333333333333334,3716.666666666657
RBF_I,RBF_I__s9913__clean__none,clean,none,hellinger,E2_RL / error_rule,E3_filter / confirmed_screened_filter_learned_features_label,cross_experiment,0.029286642478385527,0.030507177033492816,,-0.0024306220095693387,,,8.333333333333334,4708.3333333333285
RBF_I,RBF_I__s9913__clean__none,clean,none,hellinger,E2_RL / error_rule,E3_filter / confirmed_screened_filter_none,cross_experiment,0.03187421628243503,0.02870813397129185,,0.0,,,8.333333333333334,0.0
RBF_I,RBF_I__s9913__clean__none,clean,none,hellinger,E2_RL / error_rule,E3_filter / confirmed_screened_filter_oracle_blocks,cross_experiment,0.03187421628243503,0.02870813397129185,,0.0,,,8.333333333333334,0.0
RBF_I,RBF_I__s9913__clean__none,clean,none,hellinger,E2_RL / error_rule,E3_filter / confirmed_screened_filter_oracle_rows,cross_experiment,0.03187421628243503,0.02870813397129185,,0.0,,,8.333333333333334,0.0
RBF_I,RBF_I__s9913__clean__none,clean,none,hellinger,E2_RL / error_rule,E3_filter / confirmed_screened_filter_random_blocks,cross_experiment,0.03187421628243503,0.02870813397129185,,0.0,,,8.333333333333334,0.0
RBF_I,RBF_I__s9913__clean__none,clean,none,hellinger,E2_RL / error_rule,E3_filter / confirmed_screened_filter_random_rows,cross_experiment,0.03187421628243503,0.02870813397129185,,0.0,,,8.333333333333334,0.0
RBF_I,RBF_I__s9913__clean__none,clean,none,hellinger,E2_RL / error_rule,E3_filter / none_screened_filter_learned_features,cross_experiment,0.03011688726979478,0.025856459330143522,,-0.009550239234449753,,,8.333333333333334,3716.666666666657
RBF_I,RBF_I__s9913__clean__none,clean,none,hellinger,E2_RL / error_rule,E3_filter / none_screened_filter_learned_features_label,cross_experiment,0.029286642478385527,0.030507177033492816,,-0.0024306220095693387,,,8.333333333333334,4708.3333333333285
RBF_I,RBF_I__s9913__clean__none,clean,none,hellinger,E2_RL / error_rule,E3_filter / none_screened_filter_none,cross_experiment,0.03187421628243503,0.02870813397129185,,0.0,,,8.333333333333334,0.0
RBF_I,RBF_I__s9913__clean__none,clean,none,hellinger,E2_RL / none_screened,E3_filter / confirmed_screened_filter_learned_features,cross_experiment,-0.0017573290126402519,-0.0028516746411483274,,-0.009550239234449753,,,0.0,3716.666666666657
RBF_I,RBF_I__s9913__clean__none,clean,none,hellinger,E2_RL / none_screened,E3_filter / confirmed_screened_filter_learned_features_label,cross_experiment,-0.0025875738040495033,0.0017990430622009668,,-0.0024306220095693387,,,0.0,4708.3333333333285
RBF_I,RBF_I__s9913__clean__none,clean,none,hellinger,E2_RL / none_screened,E3_filter / confirmed_screened_filter_none,cross_experiment,0.0,0.0,,0.0,,,0.0,0.0
RBF_I,RBF_I__s9913__clean__none,clean,none,hellinger,E2_RL / none_screened,E3_filter / confirmed_screened_filter_oracle_blocks,cross_experiment,0.0,0.0,,0.0,,,0.0,0.0
RBF_I,RBF_I__s9913__clean__none,clean,none,hellinger,E2_RL / none_screened,E3_filter / confirmed_screened_filter_oracle_rows,cross_experiment,0.0,0.0,,0.0,,,0.0,0.0
RBF_I,RBF_I__s9913__clean__none,clean,none,hellinger,E2_RL / none_screened,E3_filter / confirmed_screened_filter_random_blocks,cross_experiment,0.0,0.0,,0.0,,,0.0,0.0
RBF_I,RBF_I__s9913__clean__none,clean,none,hellinger,E2_RL / none_screened,E3_filter / confirmed_screened_filter_random_rows,cross_experiment,0.0,0.0,,0.0,,,0.0,0.0
RBF_I,RBF_I__s9913__clean__none,clean,none,hellinger,E2_RL / none_screened,E3_filter / none_screened_filter_learned_features,cross_experiment,-0.0017573290126402519,-0.0028516746411483274,,-0.009550239234449753,,,0.0,3716.666666666657
RBF_I,RBF_I__s9913__clean__none,clean,none,hellinger,E2_RL / none_screened,E3_filter / none_screened_filter_learned_features_label,cross_experiment,-0.0025875738040495033,0.0017990430622009668,,-0.0024306220095693387,,,0.0,4708.3333333333285
RBF_I,RBF_I__s9913__clean__none,clean,none,hellinger,E2_RL / none_screened,E3_filter / none_screened_filter_none,cross_experiment,0.0,0.0,,0.0,,,0.0,0.0
RBF_I,RBF_I__s9913__clean__none,clean,none,hellinger,E2_RL / selected_map,E3_filter / confirmed_screened_filter_learned_features,cross_experiment,-0.0017573290126402519,-0.0028516746411483274,,-0.009550239234449753,,,0.0,3716.666666666657
RBF_I,RBF_I__s9913__clean__none,clean,none,hellinger,E2_RL / selected_map,E3_filter / confirmed_screened_filter_learned_features_label,cross_experiment,-0.0025875738040495033,0.0017990430622009668,,-0.0024306220095693387,,,0.0,4708.3333333333285
RBF_I,RBF_I__s9913__clean__none,clean,none,hellinger,E2_RL / selected_map,E3_filter / confirmed_screened_filter_none,cross_experiment,0.0,0.0,,0.0,,,0.0,0.0
RBF_I,RBF_I__s9913__clean__none,clean,none,hellinger,E2_RL / selected_map,E3_filter / confirmed_screened_filter_oracle_blocks,cross_experiment,0.0,0.0,,0.0,,,0.0,0.0
RBF_I,RBF_I__s9913__clean__none,clean,none,hellinger,E2_RL / selected_map,E3_filter / confirmed_screened_filter_oracle_rows,cross_experiment,0.0,0.0,,0.0,,,0.0,0.0
RBF_I,RBF_I__s9913__clean__none,clean,none,hellinger,E2_RL / selected_map,E3_filter / confirmed_screened_filter_random_blocks,cross_experiment,0.0,0.0,,0.0,,,0.0,0.0
RBF_I,RBF_I__s9913__clean__none,clean,none,hellinger,E2_RL / selected_map,E3_filter / confirmed_screened_filter_random_rows,cross_experiment,0.0,0.0,,0.0,,,0.0,0.0
RBF_I,RBF_I__s9913__clean__none,clean,none,hellinger,E2_RL / selected_map,E3_filter / none_screened_filter_learned_features,cross_experiment,-0.0017573290126402519,-0.0028516746411483274,,-0.009550239234449753,,,0.0,3716.666666666657
RBF_I,RBF_I__s9913__clean__none,clean,none,hellinger,E2_RL / selected_map,E3_filter / none_screened_filter_learned_features_label,cross_experiment,-0.0025875738040495033,0.0017990430622009668,,-0.0024306220095693387,,,0.0,4708.3333333333285
RBF_I,RBF_I__s9913__clean__none,clean,none,hellinger,E2_RL / selected_map,E3_filter / none_screened_filter_none,cross_experiment,0.0,0.0,,0.0,,,0.0,0.0
RBF_I,RBF_I__s9913__instance__severe,instance,severe,adwin,E1_fixed / confirmed_screened,E2_RL / RL_2state,cross_experiment,0.0,0.0,0.0,0.0,,,0.0,0.0
RBF_I,RBF_I__s9913__instance__severe,instance,severe,adwin,E1_fixed / confirmed_screened,E2_RL / RL_4state,cross_experiment,0.0,0.0,0.0,0.0,,,0.0,0.0
RBF_I,RBF_I__s9913__instance__severe,instance,severe,adwin,E1_fixed / confirmed_screened,E2_RL / confirmed_screened,cross_experiment,0.0,0.0,0.0,0.0,,,0.0,0.0
RBF_I,RBF_I__s9913__instance__severe,instance,severe,adwin,E1_fixed / confirmed_screened,E2_RL / error_rule,cross_experiment,-0.03251313707828829,-0.02765550239234449,-0.09285965529370377,0.09018009727882215,,,-8.333333333333334,0.0
RBF_I,RBF_I__s9913__instance__severe,instance,severe,adwin,E1_fixed / confirmed_screened,E2_RL / none_screened,cross_experiment,0.0,0.0,0.0,0.0,,,0.0,0.0
RBF_I,RBF_I__s9913__instance__severe,instance,severe,adwin,E1_fixed / confirmed_screened,E2_RL / selected_map,cross_experiment,-0.03251313707828829,-0.02765550239234449,-0.09285965529370377,0.09018009727882215,,,-8.333333333333334,0.0
RBF_I,RBF_I__s9913__instance__severe,instance,severe,adwin,E1_fixed / confirmed_screened,E3_filter / confirmed_screened_filter_learned_features,cross_experiment,0.013229170034242399,0.015885167464114835,0.020893422441083387,-0.028473774155383214,,,0.0,3716.666666666657
RBF_I,RBF_I__s9913__instance__severe,instance,severe,adwin,E1_fixed / confirmed_screened,E3_filter / confirmed_screened_filter_learned_features_label,cross_experiment,0.018662189807994167,0.021913875598086108,0.009778403095321853,-0.04125147890101222,,,0.0,4353.333333333343
RBF_I,RBF_I__s9913__instance__severe,instance,severe,adwin,E1_fixed / confirmed_screened,E3_filter / confirmed_screened_filter_none,cross_experiment,0.0,0.0,0.0,0.0,,,0.0,0.0
RBF_I,RBF_I__s9913__instance__severe,instance,severe,adwin,E1_fixed / confirmed_screened,E3_filter / confirmed_screened_filter_oracle_blocks,cross_experiment,0.050312381068820355,0.06545454545454543,0.6211748153359128,-0.6420402261075325,,,0.0,87083.33333333333
RBF_I,RBF_I__s9913__instance__severe,instance,severe,adwin,E1_fixed / confirmed_screened,E3_filter / confirmed_screened_filter_oracle_rows,cross_experiment,-0.015113316622060113,-0.008995215311004778,0.6211748153359128,0.08715656632049429,,,-8.333333333333334,12191.666666666672
RBF_I,RBF_I__s9913__instance__severe,instance,severe,adwin,E1_fixed / confirmed_screened,E3_filter / confirmed_screened_filter_random_blocks,cross_experiment,0.050312381068820355,0.06545454545454543,0.6211748153359128,-0.6420402261075325,,,0.0,87083.33333333333
RBF_I,RBF_I__s9913__instance__severe,instance,severe,adwin,E1_fixed / confirmed_screened,E3_filter / confirmed_screened_filter_random_rows,cross_experiment,0.01552085808487258,0.01934928229665067,0.12296869504045027,-0.13590114368344947,,,0.0,23691.66666666667
RBF_I,RBF_I__s9913__instance__severe,instance,severe,adwin,E1_fixed / confirmed_screened,E3_filter / none_screened_filter_learned_features,cross_experiment,0.013229170034242399,0.015885167464114835,0.020893422441083387,-0.028473774155383214,,,0.0,3716.666666666657
RBF_I,RBF_I__s9913__instance__severe,instance,severe,adwin,E1_fixed / confirmed_screened,E3_filter / none_screened_filter_learned_features_label,cross_experiment,0.018662189807994167,0.021913875598086108,0.009778403095321853,-0.04125147890101222,,,0.0,4353.333333333343
RBF_I,RBF_I__s9913__instance__severe,instance,severe,adwin,E1_fixed / confirmed_screened,E3_filter / none_screened_filter_none,cross_experiment,0.0,0.0,0.0,0.0,,,0.0,0.0
RBF_I,RBF_I__s9913__instance__severe,instance,severe,adwin,E1_fixed / confirmed_unscreened,E2_RL / RL_2state,cross_experiment,-0.0220175927856735,-0.017129186602870827,0.3788251846640872,-0.35795977389246747,,,0.0,0.0
RBF_I,RBF_I__s9913__instance__severe,instance,severe,adwin,E1_fixed / confirmed_unscreened,E2_RL / RL_4state,cross_experiment,-0.0220175927856735,-0.017129186602870827,0.3788251846640872,-0.35795977389246747,,,0.0,0.0
RBF_I,RBF_I__s9913__instance__severe,instance,severe,adwin,E1_fixed / confirmed_unscreened,E2_RL / confirmed_screened,cross_experiment,-0.0220175927856735,-0.017129186602870827,0.3788251846640872,-0.35795977389246747,,,0.0,0.0
RBF_I,RBF_I__s9913__instance__severe,instance,severe,adwin,E1_fixed / confirmed_unscreened,E2_RL / error_rule,cross_experiment,-0.05453072986396179,-0.044784688995215316,0.28596552937038344,-0.2677796766136453,,,-8.333333333333334,0.0
RBF_I,RBF_I__s9913__instance__severe,instance,severe,adwin,E1_fixed / confirmed_unscreened,E2_RL / none_screened,cross_experiment,-0.0220175927856735,-0.017129186602870827,0.3788251846640872,-0.35795977389246747,,,0.0,0.0
RBF_I,RBF_I__s9913__instance__severe,instance,severe,adwin,E1_fixed / confirmed_unscreened,E2_RL / selected_map,cross_experiment,-0.05453072986396179,-0.044784688995215316,0.28596552937038344,-0.2677796766136453,,,-8.333333333333334,0.0
RBF_I,RBF_I__s9913__instance__severe,instance,severe,adwin,E1_fixed / confirmed_unscreened,E3_filter / confirmed_screened_filter_learned_features,cross_experiment,-0.008788422751431102,-0.0012440191387559918,0.3997186071051706,-0.3864335480478507,,,0.0,3716.666666666657
RBF_I,RBF_I__s9913__instance__severe,instance,severe,adwin,E1_fixed / confirmed_unscreened,E3_filter / confirmed_screened_filter_learned_features_label,cross_experiment,-0.0033554029776793337,0.0047846889952152805,0.38860358775940906,-0.3992112527934797,,,0.0,4353.333333333343
RBF_I,RBF_I__s9913__instance__severe,instance,severe,adwin,E1_fixed / confirmed_unscreened,E3_filter / confirmed_screened_filter_none,cross_experiment,-0.0220175927856735,-0.017129186602870827,0.3788251846640872,-0.35795977389246747,,,0.0,0.0
RBF_I,RBF_I__s9913__instance__severe,instance,severe,adwin,E1_fixed / confirmed_unscreened,E3_filter / confirmed_screened_filter_oracle_blocks,cross_experiment,0.028294788283146854,0.048325358851674605,1.0,-1.0,,,0.0,87083.33333333333
RBF_I,RBF_I__s9913__instance__severe,instance,severe,adwin,E1_fixed / confirmed_unscreened,E3_filter / confirmed_screened_filter_oracle_rows,cross_experiment,-0.037130909407733614,-0.026124401913875606,1.0,-0.2708032075719732,,,-8.333333333333334,12191.666666666672
RBF_I,RBF_I__s9913__instance__severe,instance,severe,adwin,E1_fixed / confirmed_unscreened,E3_filter / confirmed_screened_filter_random_blocks,cross_experiment,0.028294788283146854,0.048325358851674605,1.0,-1.0,,,0.0,87083.33333333333
RBF_I,RBF_I__s9913__instance__severe,instance,severe,adwin,E1_fixed / confirmed_unscreened,E3_filter / confirmed_screened_filter_random_rows,cross_experiment,-0.006496734700800921,0.0022200956937798444,0.5017938797045375,-0.49386091757591694,,,0.0,23691.66666666667
RBF_I,RBF_I__s9913__instance__severe,instance,severe,adwin,E1_fixed / confirmed_unscreened,E3_filter / none_screened_filter_learned_features,cross_experiment,-0.008788422751431102,-0.0012440191387559918,0.3997186071051706,-0.3864335480478507,,,0.0,3716.666666666657
RBF_I,RBF_I__s9913__instance__severe,instance,severe,adwin,E1_fixed / confirmed_unscreened,E3_filter / none_screened_filter_learned_features_label,cross_experiment,-0.0033554029776793337,0.0047846889952152805,0.38860358775940906,-0.3992112527934797,,,0.0,4353.333333333343
RBF_I,RBF_I__s9913__instance__severe,instance,severe,adwin,E1_fixed / confirmed_unscreened,E3_filter / none_screened_filter_none,cross_experiment,-0.0220175927856735,-0.017129186602870827,0.3788251846640872,-0.35795977389246747,,,0.0,0.0
RBF_I,RBF_I__s9913__instance__severe,instance,severe,adwin,E1_fixed / immediate_screened,E2_RL / RL_2state,cross_experiment,0.10287975071311767,0.09071770334928231,0.18994020400984868,-0.17878270014460365,,,16.666666666666668,0.0
RBF_I,RBF_I__s9913__instance__severe,instance,severe,adwin,E1_fixed / immediate_screened,E2_RL / RL_4state,cross_experiment,0.10287975071311767,0.09071770334928231,0.18994020400984868,-0.17878270014460365,,,16.666666666666668,0.0
RBF_I,RBF_I__s9913__instance__severe,instance,severe,adwin,E1_fixed / immediate_screened,E2_RL / confirmed_screened,cross_experiment,0.10287975071311767,0.09071770334928231,0.18994020400984868,-0.17878270014460365,,,16.666666666666668,0.0
RBF_I,RBF_I__s9913__instance__severe,instance,severe,adwin,E1_fixed / immediate_screened,E2_RL / error_rule,cross_experiment,0.07036661363482938,0.06306220095693782,0.09708054871614491,-0.0886026028657815,,,8.333333333333334,0.0
RBF_I,RBF_I__s9913__instance__severe,instance,severe,adwin,E1_fixed / immediate_screened,E2_RL / none_screened,cross_experiment,0.10287975071311767,0.09071770334928231,0.18994020400984868,-0.17878270014460365,,,16.666666666666668,0.0
RBF_I,RBF_I__s9913__instance__severe,instance,severe,adwin,E1_fixed / immediate_screened,E2_RL / selected_map,cross_experiment,0.07036661363482938,0.06306220095693782,0.09708054871614491,-0.0886026028657815,,,8.333333333333334,0.0
RBF_I,RBF_I__s9913__instance__severe,instance,severe,adwin,E1_fixed / immediate_screened,E3_filter / confirmed_screened_filter_learned_features,cross_experiment,0.11610892074736007,0.10660287081339714,0.21083362645093207,-0.20725647429998686,,,16.666666666666668,3716.666666666657
RBF_I,RBF_I__s9913__instance__severe,instance,severe,adwin,E1_fixed / immediate_screened,E3_filter / confirmed_screened_filter_learned_features_label,cross_experiment,0.12154194052111184,0.11263157894736842,0.19971860710517053,-0.22003417904561587,,,16.666666666666668,4353.333333333343
RBF_I,RBF_I__s9913__instance__severe,instance,severe,adwin,E1_fixed / immediate_screened,E3_filter / confirmed_screened_filter_none,cross_experiment,0.10287975071311767,0.09071770334928231,0.18994020400984868,-0.17878270014460365,,,16.666666666666668,0.0
RBF_I,RBF_I__s9913__instance__severe,instance,severe,adwin,E1_fixed / immediate_screened,E3_filter / confirmed_screened_filter_oracle_blocks,cross_experiment,0.15319213178193802,0.15617224880382774,0.8111150193457615,-0.8208229262521362,,,16.666666666666668,87083.33333333333
RBF_I,RBF_I__s9913__instance__severe,instance,severe,adwin,E1_fixed / immediate_screened,E3_filter / confirmed_screened_filter_oracle_rows,cross_experiment,0.08776643409105755,0.08172248803827753,0.8111150193457615,-0.09162613382410936,,,8.333333333333334,12191.666666666672
RBF_I,RBF_I__s9913__instance__severe,instance,severe,adwin,E1_fixed / immediate_screened,E3_filter / confirmed_screened_filter_random_blocks,cross_experiment,0.15319213178193802,0.15617224880382774,0.8111150193457615,-0.8208229262521362,,,16.666666666666668,87083.33333333333
RBF_I,RBF_I__s9913__instance__severe,instance,severe,adwin,E1_fixed / immediate_screened,E3_filter / confirmed_screened_filter_random_rows,cross_experiment,0.11840060879799025,0.11006698564593298,0.31290889905029895,-0.31468384382805314,,,16.666666666666668,23691.66666666667
RBF_I,RBF_I__s9913__instance__severe,instance,severe,adwin,E1_fixed / immediate_screened,E3_filter / none_screened_filter_learned_features,cross_experiment,0.11610892074736007,0.10660287081339714,0.21083362645093207,-0.20725647429998686,,,16.666666666666668,3716.666666666657
RBF_I,RBF_I__s9913__instance__severe,instance,severe,adwin,E1_fixed / immediate_screened,E3_filter / none_screened_filter_learned_features_label,cross_experiment,0.12154194052111184,0.11263157894736842,0.19971860710517053,-0.22003417904561587,,,16.666666666666668,4353.333333333343
RBF_I,RBF_I__s9913__instance__severe,instance,severe,adwin,E1_fixed / immediate_screened,E3_filter / none_screened_filter_none,cross_experiment,0.10287975071311767,0.09071770334928231,0.18994020400984868,-0.17878270014460365,,,16.666666666666668,0.0
RBF_I,RBF_I__s9913__instance__severe,instance,severe,adwin,E1_fixed / immediate_unscreened,E2_RL / RL_2state,cross_experiment,0.09032952633344205,0.08306220095693784,0.3788251846640872,-0.35795977389246747,,,25.0,0.0
RBF_I,RBF_I__s9913__instance__severe,instance,severe,adwin,E1_fixed / immediate_unscreened,E2_RL / RL_4state,cross_experiment,0.09032952633344205,0.08306220095693784,0.3788251846640872,-0.35795977389246747,,,25.0,0.0
RBF_I,RBF_I__s9913__instance__severe,instance,severe,adwin,E1_fixed / immediate_unscreened,E2_RL / confirmed_screened,cross_experiment,0.09032952633344205,0.08306220095693784,0.3788251846640872,-0.35795977389246747,,,25.0,0.0
RBF_I,RBF_I__s9913__instance__severe,instance,severe,adwin,E1_fixed / immediate_unscreened,E2_RL / error_rule,cross_experiment,0.057816389255153755,0.05540669856459335,0.28596552937038344,-0.2677796766136453,,,16.666666666666664,0.0
RBF_I,RBF_I__s9913__instance__severe,instance,severe,adwin,E1_fixed / immediate_unscreened,E2_RL / none_screened,cross_experiment,0.09032952633344205,0.08306220095693784,0.3788251846640872,-0.35795977389246747,,,25.0,0.0
RBF_I,RBF_I__s9913__instance__severe,instance,severe,adwin,E1_fixed / immediate_unscreened,E2_RL / selected_map,cross_experiment,0.057816389255153755,0.05540669856459335,0.28596552937038344,-0.2677796766136453,,,16.666666666666664,0.0
RBF_I,RBF_I__s9913__instance__severe,instance,severe,adwin,E1_fixed / immediate_unscreened,E3_filter / confirmed_screened_filter_learned_features,cross_experiment,0.10355869636768444,0.09894736842105267,0.3997186071051706,-0.3864335480478507,,,25.0,3716.666666666657
RBF_I,RBF_I__s9913__instance__severe,instance,severe,adwin,E1_fixed / immediate_unscreened,E3_filter / confirmed_screened_filter_learned_features_label,cross_experiment,0.10899171614143621,0.10497607655502394,0.38860358775940906,-0.3992112527934797,,,25.0,4353.333333333343
RBF_I,RBF_I__s9913__instance__severe,instance,severe,adwin,E1_fixed / immediate_unscreened,E3_filter / confirmed_screened_filter_none,cross_experiment,0.09032952633344205,0.08306220095693784,0.3788251846640872,-0.35795977389246747,,,25.0,0.0
RBF_I,RBF_I__s9913__instance__severe,instance,severe,adwin,E1_fixed / immediate_unscreened,E3_filter / confirmed_screened_filter_oracle_blocks,cross_experiment,0.1406419074022624,0.14851674641148327,1.0,-1.0,,,25.0,87083.33333333333
RBF_I,RBF_I__s9913__instance__severe,instance,severe,adwin,E1_fixed / immediate_unscreened,E3_filter / confirmed_screened_filter_oracle_rows,cross_experiment,0.07521620971138193,0.07406698564593306,1.0,-0.2708032075719732,,,16.666666666666664,12191.666666666672
RBF_I,RBF_I__s9913__instance__severe,instance,severe,adwin,E1_fixed / immediate_unscreened,E3_filter / confirmed_screened_filter_random_blocks,cross_experiment,0.1406419074022624,0.14851674641148327,1.0,-1.0,,,25.0,87083.33333333333
RBF_I,RBF_I__s9913__instance__severe,instance,severe,adwin,E1_fixed / immediate_unscreened,E3_filter / confirmed_screened_filter_random_rows,cross_experiment,0.10585038441831462,0.10241148325358851,0.5017938797045375,-0.49386091757591694,,,25.0,23691.66666666667
RBF_I,RBF_I__s9913__instance__severe,instance,severe,adwin,E1_fixed / immediate_unscreened,E3_filter / none_screened_filter_learned_features,cross_experiment,0.10355869636768444,0.09894736842105267,0.3997186071051706,-0.3864335480478507,,,25.0,3716.666666666657
RBF_I,RBF_I__s9913__instance__severe,instance,severe,adwin,E1_fixed / immediate_unscreened,E3_filter / none_screened_filter_learned_features_label,cross_experiment,0.10899171614143621,0.10497607655502394,0.38860358775940906,-0.3992112527934797,,,25.0,4353.333333333343
RBF_I,RBF_I__s9913__instance__severe,instance,severe,adwin,E1_fixed / immediate_unscreened,E3_filter / none_screened_filter_none,cross_experiment,0.09032952633344205,0.08306220095693784,0.3788251846640872,-0.35795977389246747,,,25.0,0.0
RBF_I,RBF_I__s9913__instance__severe,instance,severe,adwin,E1_fixed / none_screened,E2_RL / RL_2state,cross_experiment,0.0,0.0,0.0,0.0,,,0.0,0.0
RBF_I,RBF_I__s9913__instance__severe,instance,severe,adwin,E1_fixed / none_screened,E2_RL / RL_4state,cross_experiment,0.0,0.0,0.0,0.0,,,0.0,0.0
RBF_I,RBF_I__s9913__instance__severe,instance,severe,adwin,E1_fixed / none_screened,E2_RL / confirmed_screened,cross_experiment,0.0,0.0,0.0,0.0,,,0.0,0.0
RBF_I,RBF_I__s9913__instance__severe,instance,severe,adwin,E1_fixed / none_screened,E2_RL / error_rule,cross_experiment,-0.03251313707828829,-0.02765550239234449,-0.09285965529370377,0.09018009727882215,,,-8.333333333333334,0.0
RBF_I,RBF_I__s9913__instance__severe,instance,severe,adwin,E1_fixed / none_screened,E2_RL / none_screened,cross_experiment,0.0,0.0,0.0,0.0,,,0.0,0.0
RBF_I,RBF_I__s9913__instance__severe,instance,severe,adwin,E1_fixed / none_screened,E2_RL / selected_map,cross_experiment,-0.03251313707828829,-0.02765550239234449,-0.09285965529370377,0.09018009727882215,,,-8.333333333333334,0.0
RBF_I,RBF_I__s9913__instance__severe,instance,severe,adwin,E1_fixed / none_screened,E3_filter / confirmed_screened_filter_learned_features,cross_experiment,0.013229170034242399,0.015885167464114835,0.020893422441083387,-0.028473774155383214,,,0.0,3716.666666666657
RBF_I,RBF_I__s9913__instance__severe,instance,severe,adwin,E1_fixed / none_screened,E3_filter / confirmed_screened_filter_learned_features_label,cross_experiment,0.018662189807994167,0.021913875598086108,0.009778403095321853,-0.04125147890101222,,,0.0,4353.333333333343
RBF_I,RBF_I__s9913__instance__severe,instance,severe,adwin,E1_fixed / none_screened,E3_filter / confirmed_screened_filter_none,cross_experiment,0.0,0.0,0.0,0.0,,,0.0,0.0
RBF_I,RBF_I__s9913__instance__severe,instance,severe,adwin,E1_fixed / none_screened,E3_filter / confirmed_screened_filter_oracle_blocks,cross_experiment,0.050312381068820355,0.06545454545454543,0.6211748153359128,-0.6420402261075325,,,0.0,87083.33333333333
RBF_I,RBF_I__s9913__instance__severe,instance,severe,adwin,E1_fixed / none_screened,E3_filter / confirmed_screened_filter_oracle_rows,cross_experiment,-0.015113316622060113,-0.008995215311004778,0.6211748153359128,0.08715656632049429,,,-8.333333333333334,12191.666666666672
RBF_I,RBF_I__s9913__instance__severe,instance,severe,adwin,E1_fixed / none_screened,E3_filter / confirmed_screened_filter_random_blocks,cross_experiment,0.050312381068820355,0.06545454545454543,0.6211748153359128,-0.6420402261075325,,,0.0,87083.33333333333
RBF_I,RBF_I__s9913__instance__severe,instance,severe,adwin,E1_fixed / none_screened,E3_filter / confirmed_screened_filter_random_rows,cross_experiment,0.01552085808487258,0.01934928229665067,0.12296869504045027,-0.13590114368344947,,,0.0,23691.66666666667
RBF_I,RBF_I__s9913__instance__severe,instance,severe,adwin,E1_fixed / none_screened,E3_filter / none_screened_filter_learned_features,cross_experiment,0.013229170034242399,0.015885167464114835,0.020893422441083387,-0.028473774155383214,,,0.0,3716.666666666657
RBF_I,RBF_I__s9913__instance__severe,instance,severe,adwin,E1_fixed / none_screened,E3_filter / none_screened_filter_learned_features_label,cross_experiment,0.018662189807994167,0.021913875598086108,0.009778403095321853,-0.04125147890101222,,,0.0,4353.333333333343
RBF_I,RBF_I__s9913__instance__severe,instance,severe,adwin,E1_fixed / none_screened,E3_filter / none_screened_filter_none,cross_experiment,0.0,0.0,0.0,0.0,,,0.0,0.0
RBF_I,RBF_I__s9913__instance__severe,instance,severe,adwin,E1_fixed / none_unscreened,E2_RL / RL_2state,cross_experiment,-0.0220175927856735,-0.017129186602870827,0.3788251846640872,-0.35795977389246747,,,0.0,0.0
RBF_I,RBF_I__s9913__instance__severe,instance,severe,adwin,E1_fixed / none_unscreened,E2_RL / RL_4state,cross_experiment,-0.0220175927856735,-0.017129186602870827,0.3788251846640872,-0.35795977389246747,,,0.0,0.0
RBF_I,RBF_I__s9913__instance__severe,instance,severe,adwin,E1_fixed / none_unscreened,E2_RL / confirmed_screened,cross_experiment,-0.0220175927856735,-0.017129186602870827,0.3788251846640872,-0.35795977389246747,,,0.0,0.0
RBF_I,RBF_I__s9913__instance__severe,instance,severe,adwin,E1_fixed / none_unscreened,E2_RL / error_rule,cross_experiment,-0.05453072986396179,-0.044784688995215316,0.28596552937038344,-0.2677796766136453,,,-8.333333333333334,0.0
RBF_I,RBF_I__s9913__instance__severe,instance,severe,adwin,E1_fixed / none_unscreened,E2_RL / none_screened,cross_experiment,-0.0220175927856735,-0.017129186602870827,0.3788251846640872,-0.35795977389246747,,,0.0,0.0
RBF_I,RBF_I__s9913__instance__severe,instance,severe,adwin,E1_fixed / none_unscreened,E2_RL / selected_map,cross_experiment,-0.05453072986396179,-0.044784688995215316,0.28596552937038344,-0.2677796766136453,,,-8.333333333333334,0.0
RBF_I,RBF_I__s9913__instance__severe,instance,severe,adwin,E1_fixed / none_unscreened,E3_filter / confirmed_screened_filter_learned_features,cross_experiment,-0.008788422751431102,-0.0012440191387559918,0.3997186071051706,-0.3864335480478507,,,0.0,3716.666666666657
RBF_I,RBF_I__s9913__instance__severe,instance,severe,adwin,E1_fixed / none_unscreened,E3_filter / confirmed_screened_filter_learned_features_label,cross_experiment,-0.0033554029776793337,0.0047846889952152805,0.38860358775940906,-0.3992112527934797,,,0.0,4353.333333333343
RBF_I,RBF_I__s9913__instance__severe,instance,severe,adwin,E1_fixed / none_unscreened,E3_filter / confirmed_screened_filter_none,cross_experiment,-0.0220175927856735,-0.017129186602870827,0.3788251846640872,-0.35795977389246747,,,0.0,0.0
RBF_I,RBF_I__s9913__instance__severe,instance,severe,adwin,E1_fixed / none_unscreened,E3_filter / confirmed_screened_filter_oracle_blocks,cross_experiment,0.028294788283146854,0.048325358851674605,1.0,-1.0,,,0.0,87083.33333333333
RBF_I,RBF_I__s9913__instance__severe,instance,severe,adwin,E1_fixed / none_unscreened,E3_filter / confirmed_screened_filter_oracle_rows,cross_experiment,-0.037130909407733614,-0.026124401913875606,1.0,-0.2708032075719732,,,-8.333333333333334,12191.666666666672
RBF_I,RBF_I__s9913__instance__severe,instance,severe,adwin,E1_fixed / none_unscreened,E3_filter / confirmed_screened_filter_random_blocks,cross_experiment,0.028294788283146854,0.048325358851674605,1.0,-1.0,,,0.0,87083.33333333333
RBF_I,RBF_I__s9913__instance__severe,instance,severe,adwin,E1_fixed / none_unscreened,E3_filter / confirmed_screened_filter_random_rows,cross_experiment,-0.006496734700800921,0.0022200956937798444,0.5017938797045375,-0.49386091757591694,,,0.0,23691.66666666667
RBF_I,RBF_I__s9913__instance__severe,instance,severe,adwin,E1_fixed / none_unscreened,E3_filter / none_screened_filter_learned_features,cross_experiment,-0.008788422751431102,-0.0012440191387559918,0.3997186071051706,-0.3864335480478507,,,0.0,3716.666666666657
RBF_I,RBF_I__s9913__instance__severe,instance,severe,adwin,E1_fixed / none_unscreened,E3_filter / none_screened_filter_learned_features_label,cross_experiment,-0.0033554029776793337,0.0047846889952152805,0.38860358775940906,-0.3992112527934797,,,0.0,4353.333333333343
RBF_I,RBF_I__s9913__instance__severe,instance,severe,adwin,E1_fixed / none_unscreened,E3_filter / none_screened_filter_none,cross_experiment,-0.0220175927856735,-0.017129186602870827,0.3788251846640872,-0.35795977389246747,,,0.0,0.0
RBF_I,RBF_I__s9913__instance__severe,instance,severe,adwin,E2_RL / RL_2state,E3_filter / confirmed_screened_filter_learned_features,cross_experiment,0.013229170034242399,0.015885167464114835,0.020893422441083387,-0.028473774155383214,,,0.0,3716.666666666657
RBF_I,RBF_I__s9913__instance__severe,instance,severe,adwin,E2_RL / RL_2state,E3_filter / confirmed_screened_filter_learned_features_label,cross_experiment,0.018662189807994167,0.021913875598086108,0.009778403095321853,-0.04125147890101222,,,0.0,4353.333333333343
RBF_I,RBF_I__s9913__instance__severe,instance,severe,adwin,E2_RL / RL_2state,E3_filter / confirmed_screened_filter_none,cross_experiment,0.0,0.0,0.0,0.0,,,0.0,0.0
RBF_I,RBF_I__s9913__instance__severe,instance,severe,adwin,E2_RL / RL_2state,E3_filter / confirmed_screened_filter_oracle_blocks,cross_experiment,0.050312381068820355,0.06545454545454543,0.6211748153359128,-0.6420402261075325,,,0.0,87083.33333333333
RBF_I,RBF_I__s9913__instance__severe,instance,severe,adwin,E2_RL / RL_2state,E3_filter / confirmed_screened_filter_oracle_rows,cross_experiment,-0.015113316622060113,-0.008995215311004778,0.6211748153359128,0.08715656632049429,,,-8.333333333333334,12191.666666666672
RBF_I,RBF_I__s9913__instance__severe,instance,severe,adwin,E2_RL / RL_2state,E3_filter / confirmed_screened_filter_random_blocks,cross_experiment,0.050312381068820355,0.06545454545454543,0.6211748153359128,-0.6420402261075325,,,0.0,87083.33333333333
RBF_I,RBF_I__s9913__instance__severe,instance,severe,adwin,E2_RL / RL_2state,E3_filter / confirmed_screened_filter_random_rows,cross_experiment,0.01552085808487258,0.01934928229665067,0.12296869504045027,-0.13590114368344947,,,0.0,23691.66666666667
RBF_I,RBF_I__s9913__instance__severe,instance,severe,adwin,E2_RL / RL_2state,E3_filter / none_screened_filter_learned_features,cross_experiment,0.013229170034242399,0.015885167464114835,0.020893422441083387,-0.028473774155383214,,,0.0,3716.666666666657
RBF_I,RBF_I__s9913__instance__severe,instance,severe,adwin,E2_RL / RL_2state,E3_filter / none_screened_filter_learned_features_label,cross_experiment,0.018662189807994167,0.021913875598086108,0.009778403095321853,-0.04125147890101222,,,0.0,4353.333333333343
RBF_I,RBF_I__s9913__instance__severe,instance,severe,adwin,E2_RL / RL_2state,E3_filter / none_screened_filter_none,cross_experiment,0.0,0.0,0.0,0.0,,,0.0,0.0
RBF_I,RBF_I__s9913__instance__severe,instance,severe,adwin,E2_RL / RL_4state,E3_filter / confirmed_screened_filter_learned_features,cross_experiment,0.013229170034242399,0.015885167464114835,0.020893422441083387,-0.028473774155383214,,,0.0,3716.666666666657
RBF_I,RBF_I__s9913__instance__severe,instance,severe,adwin,E2_RL / RL_4state,E3_filter / confirmed_screened_filter_learned_features_label,cross_experiment,0.018662189807994167,0.021913875598086108,0.009778403095321853,-0.04125147890101222,,,0.0,4353.333333333343
RBF_I,RBF_I__s9913__instance__severe,instance,severe,adwin,E2_RL / RL_4state,E3_filter / confirmed_screened_filter_none,cross_experiment,0.0,0.0,0.0,0.0,,,0.0,0.0
RBF_I,RBF_I__s9913__instance__severe,instance,severe,adwin,E2_RL / RL_4state,E3_filter / confirmed_screened_filter_oracle_blocks,cross_experiment,0.050312381068820355,0.06545454545454543,0.6211748153359128,-0.6420402261075325,,,0.0,87083.33333333333
RBF_I,RBF_I__s9913__instance__severe,instance,severe,adwin,E2_RL / RL_4state,E3_filter / confirmed_screened_filter_oracle_rows,cross_experiment,-0.015113316622060113,-0.008995215311004778,0.6211748153359128,0.08715656632049429,,,-8.333333333333334,12191.666666666672
RBF_I,RBF_I__s9913__instance__severe,instance,severe,adwin,E2_RL / RL_4state,E3_filter / confirmed_screened_filter_random_blocks,cross_experiment,0.050312381068820355,0.06545454545454543,0.6211748153359128,-0.6420402261075325,,,0.0,87083.33333333333
RBF_I,RBF_I__s9913__instance__severe,instance,severe,adwin,E2_RL / RL_4state,E3_filter / confirmed_screened_filter_random_rows,cross_experiment,0.01552085808487258,0.01934928229665067,0.12296869504045027,-0.13590114368344947,,,0.0,23691.66666666667
RBF_I,RBF_I__s9913__instance__severe,instance,severe,adwin,E2_RL / RL_4state,E3_filter / none_screened_filter_learned_features,cross_experiment,0.013229170034242399,0.015885167464114835,0.020893422441083387,-0.028473774155383214,,,0.0,3716.666666666657
RBF_I,RBF_I__s9913__instance__severe,instance,severe,adwin,E2_RL / RL_4state,E3_filter / none_screened_filter_learned_features_label,cross_experiment,0.018662189807994167,0.021913875598086108,0.009778403095321853,-0.04125147890101222,,,0.0,4353.333333333343
RBF_I,RBF_I__s9913__instance__severe,instance,severe,adwin,E2_RL / RL_4state,E3_filter / none_screened_filter_none,cross_experiment,0.0,0.0,0.0,0.0,,,0.0,0.0
RBF_I,RBF_I__s9913__instance__severe,instance,severe,adwin,E2_RL / confirmed_screened,E3_filter / confirmed_screened_filter_learned_features,cross_experiment,0.013229170034242399,0.015885167464114835,0.020893422441083387,-0.028473774155383214,,,0.0,3716.666666666657
RBF_I,RBF_I__s9913__instance__severe,instance,severe,adwin,E2_RL / confirmed_screened,E3_filter / confirmed_screened_filter_learned_features_label,cross_experiment,0.018662189807994167,0.021913875598086108,0.009778403095321853,-0.04125147890101222,,,0.0,4353.333333333343
RBF_I,RBF_I__s9913__instance__severe,instance,severe,adwin,E2_RL / confirmed_screened,E3_filter / confirmed_screened_filter_none,cross_experiment,0.0,0.0,0.0,0.0,,,0.0,0.0
RBF_I,RBF_I__s9913__instance__severe,instance,severe,adwin,E2_RL / confirmed_screened,E3_filter / confirmed_screened_filter_oracle_blocks,cross_experiment,0.050312381068820355,0.06545454545454543,0.6211748153359128,-0.6420402261075325,,,0.0,87083.33333333333
RBF_I,RBF_I__s9913__instance__severe,instance,severe,adwin,E2_RL / confirmed_screened,E3_filter / confirmed_screened_filter_oracle_rows,cross_experiment,-0.015113316622060113,-0.008995215311004778,0.6211748153359128,0.08715656632049429,,,-8.333333333333334,12191.666666666672
RBF_I,RBF_I__s9913__instance__severe,instance,severe,adwin,E2_RL / confirmed_screened,E3_filter / confirmed_screened_filter_random_blocks,cross_experiment,0.050312381068820355,0.06545454545454543,0.6211748153359128,-0.6420402261075325,,,0.0,87083.33333333333
RBF_I,RBF_I__s9913__instance__severe,instance,severe,adwin,E2_RL / confirmed_screened,E3_filter / confirmed_screened_filter_random_rows,cross_experiment,0.01552085808487258,0.01934928229665067,0.12296869504045027,-0.13590114368344947,,,0.0,23691.66666666667
RBF_I,RBF_I__s9913__instance__severe,instance,severe,adwin,E2_RL / confirmed_screened,E3_filter / none_screened_filter_learned_features,cross_experiment,0.013229170034242399,0.015885167464114835,0.020893422441083387,-0.028473774155383214,,,0.0,3716.666666666657
RBF_I,RBF_I__s9913__instance__severe,instance,severe,adwin,E2_RL / confirmed_screened,E3_filter / none_screened_filter_learned_features_label,cross_experiment,0.018662189807994167,0.021913875598086108,0.009778403095321853,-0.04125147890101222,,,0.0,4353.333333333343
RBF_I,RBF_I__s9913__instance__severe,instance,severe,adwin,E2_RL / confirmed_screened,E3_filter / none_screened_filter_none,cross_experiment,0.0,0.0,0.0,0.0,,,0.0,0.0
RBF_I,RBF_I__s9913__instance__severe,instance,severe,adwin,E2_RL / error_rule,E3_filter / confirmed_screened_filter_learned_features,cross_experiment,0.04574230711253069,0.043540669856459324,0.11375307773478716,-0.11865387143420536,,,8.333333333333334,3716.666666666657
RBF_I,RBF_I__s9913__instance__severe,instance,severe,adwin,E2_RL / error_rule,E3_filter / confirmed_screened_filter_learned_features_label,cross_experiment,0.05117532688628246,0.049569377990430596,0.10263805838902562,-0.13143157617983436,,,8.333333333333334,4353.333333333343
RBF_I,RBF_I__s9913__instance__severe,instance,severe,adwin,E2_RL / error_rule,E3_filter / confirmed_screened_filter_none,cross_experiment,0.03251313707828829,0.02765550239234449,0.09285965529370377,-0.09018009727882215,,,8.333333333333334,0.0
RBF_I,RBF_I__s9913__instance__severe,instance,severe,adwin,E2_RL / error_rule,E3_filter / confirmed_screened_filter_oracle_blocks,cross_experiment,0.08282551814710865,0.09311004784688992,0.7140344706296166,-0.7322203233863547,,,8.333333333333334,87083.33333333333
RBF_I,RBF_I__s9913__instance__severe,instance,severe,adwin,E2_RL / error_rule,E3_filter / confirmed_screened_filter_oracle_rows,cross_experiment,0.017399820456228177,0.01866028708133971,0.7140344706296166,-0.003023530958327858,,,0.0,12191.666666666672
RBF_I,RBF_I__s9913__instance__severe,instance,severe,adwin,E2_RL / error_rule,E3_filter / confirmed_screened_filter_random_blocks,cross_experiment,0.08282551814710865,0.09311004784688992,0.7140344706296166,-0.7322203233863547,,,8.333333333333334,87083.33333333333
RBF_I,RBF_I__s9913__instance__severe,instance,severe,adwin,E2_RL / error_rule,E3_filter / confirmed_screened_filter_random_rows,cross_experiment,0.04803399516316087,0.04700478468899516,0.21582835033415404,-0.2260812409622716,,,8.333333333333334,23691.66666666667
RBF_I,RBF_I__s9913__instance__severe,instance,severe,adwin,E2_RL / error_rule,E3_filter / none_screened_filter_learned_features,cross_experiment,0.04574230711253069,0.043540669856459324,0.11375307773478716,-0.11865387143420536,,,8.333333333333334,3716.666666666657
RBF_I,RBF_I__s9913__instance__severe,instance,severe,adwin,E2_RL / error_rule,E3_filter / none_screened_filter_learned_features_label,cross_experiment,0.05117532688628246,0.049569377990430596,0.10263805838902562,-0.13143157617983436,,,8.333333333333334,4353.333333333343
RBF_I,RBF_I__s9913__instance__severe,instance,severe,adwin,E2_RL / error_rule,E3_filter / none_screened_filter_none,cross_experiment,0.03251313707828829,0.02765550239234449,0.09285965529370377,-0.09018009727882215,,,8.333333333333334,0.0
RBF_I,RBF_I__s9913__instance__severe,instance,severe,adwin,E2_RL / none_screened,E3_filter / confirmed_screened_filter_learned_features,cross_experiment,0.013229170034242399,0.015885167464114835,0.020893422441083387,-0.028473774155383214,,,0.0,3716.666666666657
RBF_I,RBF_I__s9913__instance__severe,instance,severe,adwin,E2_RL / none_screened,E3_filter / confirmed_screened_filter_learned_features_label,cross_experiment,0.018662189807994167,0.021913875598086108,0.009778403095321853,-0.04125147890101222,,,0.0,4353.333333333343
RBF_I,RBF_I__s9913__instance__severe,instance,severe,adwin,E2_RL / none_screened,E3_filter / confirmed_screened_filter_none,cross_experiment,0.0,0.0,0.0,0.0,,,0.0,0.0
RBF_I,RBF_I__s9913__instance__severe,instance,severe,adwin,E2_RL / none_screened,E3_filter / confirmed_screened_filter_oracle_blocks,cross_experiment,0.050312381068820355,0.06545454545454543,0.6211748153359128,-0.6420402261075325,,,0.0,87083.33333333333
RBF_I,RBF_I__s9913__instance__severe,instance,severe,adwin,E2_RL / none_screened,E3_filter / confirmed_screened_filter_oracle_rows,cross_experiment,-0.015113316622060113,-0.008995215311004778,0.6211748153359128,0.08715656632049429,,,-8.333333333333334,12191.666666666672
RBF_I,RBF_I__s9913__instance__severe,instance,severe,adwin,E2_RL / none_screened,E3_filter / confirmed_screened_filter_random_blocks,cross_experiment,0.050312381068820355,0.06545454545454543,0.6211748153359128,-0.6420402261075325,,,0.0,87083.33333333333
RBF_I,RBF_I__s9913__instance__severe,instance,severe,adwin,E2_RL / none_screened,E3_filter / confirmed_screened_filter_random_rows,cross_experiment,0.01552085808487258,0.01934928229665067,0.12296869504045027,-0.13590114368344947,,,0.0,23691.66666666667
RBF_I,RBF_I__s9913__instance__severe,instance,severe,adwin,E2_RL / none_screened,E3_filter / none_screened_filter_learned_features,cross_experiment,0.013229170034242399,0.015885167464114835,0.020893422441083387,-0.028473774155383214,,,0.0,3716.666666666657
RBF_I,RBF_I__s9913__instance__severe,instance,severe,adwin,E2_RL / none_screened,E3_filter / none_screened_filter_learned_features_label,cross_experiment,0.018662189807994167,0.021913875598086108,0.009778403095321853,-0.04125147890101222,,,0.0,4353.333333333343
RBF_I,RBF_I__s9913__instance__severe,instance,severe,adwin,E2_RL / none_screened,E3_filter / none_screened_filter_none,cross_experiment,0.0,0.0,0.0,0.0,,,0.0,0.0
RBF_I,RBF_I__s9913__instance__severe,instance,severe,adwin,E2_RL / selected_map,E3_filter / confirmed_screened_filter_learned_features,cross_experiment,0.04574230711253069,0.043540669856459324,0.11375307773478716,-0.11865387143420536,,,8.333333333333334,3716.666666666657
RBF_I,RBF_I__s9913__instance__severe,instance,severe,adwin,E2_RL / selected_map,E3_filter / confirmed_screened_filter_learned_features_label,cross_experiment,0.05117532688628246,0.049569377990430596,0.10263805838902562,-0.13143157617983436,,,8.333333333333334,4353.333333333343
RBF_I,RBF_I__s9913__instance__severe,instance,severe,adwin,E2_RL / selected_map,E3_filter / confirmed_screened_filter_none,cross_experiment,0.03251313707828829,0.02765550239234449,0.09285965529370377,-0.09018009727882215,,,8.333333333333334,0.0
RBF_I,RBF_I__s9913__instance__severe,instance,severe,adwin,E2_RL / selected_map,E3_filter / confirmed_screened_filter_oracle_blocks,cross_experiment,0.08282551814710865,0.09311004784688992,0.7140344706296166,-0.7322203233863547,,,8.333333333333334,87083.33333333333
RBF_I,RBF_I__s9913__instance__severe,instance,severe,adwin,E2_RL / selected_map,E3_filter / confirmed_screened_filter_oracle_rows,cross_experiment,0.017399820456228177,0.01866028708133971,0.7140344706296166,-0.003023530958327858,,,0.0,12191.666666666672
RBF_I,RBF_I__s9913__instance__severe,instance,severe,adwin,E2_RL / selected_map,E3_filter / confirmed_screened_filter_random_blocks,cross_experiment,0.08282551814710865,0.09311004784688992,0.7140344706296166,-0.7322203233863547,,,8.333333333333334,87083.33333333333
RBF_I,RBF_I__s9913__instance__severe,instance,severe,adwin,E2_RL / selected_map,E3_filter / confirmed_screened_filter_random_rows,cross_experiment,0.04803399516316087,0.04700478468899516,0.21582835033415404,-0.2260812409622716,,,8.333333333333334,23691.66666666667
RBF_I,RBF_I__s9913__instance__severe,instance,severe,adwin,E2_RL / selected_map,E3_filter / none_screened_filter_learned_features,cross_experiment,0.04574230711253069,0.043540669856459324,0.11375307773478716,-0.11865387143420536,,,8.333333333333334,3716.666666666657
RBF_I,RBF_I__s9913__instance__severe,instance,severe,adwin,E2_RL / selected_map,E3_filter / none_screened_filter_learned_features_label,cross_experiment,0.05117532688628246,0.049569377990430596,0.10263805838902562,-0.13143157617983436,,,8.333333333333334,4353.333333333343
RBF_I,RBF_I__s9913__instance__severe,instance,severe,adwin,E2_RL / selected_map,E3_filter / none_screened_filter_none,cross_experiment,0.03251313707828829,0.02765550239234449,0.09285965529370377,-0.09018009727882215,,,8.333333333333334,0.0
RBF_I,RBF_I__s9913__instance__severe,instance,severe,d3_oof,E1_fixed / confirmed_screened,E2_RL / RL_2state,cross_experiment,0.0,0.0,0.0,0.0,,,0.0,0.0
RBF_I,RBF_I__s9913__instance__severe,instance,severe,d3_oof,E1_fixed / confirmed_screened,E2_RL / RL_4state,cross_experiment,0.0,0.0,0.0,0.0,,,0.0,0.0
RBF_I,RBF_I__s9913__instance__severe,instance,severe,d3_oof,E1_fixed / confirmed_screened,E2_RL / confirmed_screened,cross_experiment,0.0,0.0,0.0,0.0,,,0.0,0.0
RBF_I,RBF_I__s9913__instance__severe,instance,severe,d3_oof,E1_fixed / confirmed_screened,E2_RL / error_rule,cross_experiment,-0.03251313707828829,-0.02765550239234449,-0.09285965529370377,0.09018009727882215,,,-8.333333333333334,0.0
RBF_I,RBF_I__s9913__instance__severe,instance,severe,d3_oof,E1_fixed / confirmed_screened,E2_RL / none_screened,cross_experiment,0.0,0.0,0.0,0.0,,,0.0,0.0
RBF_I,RBF_I__s9913__instance__severe,instance,severe,d3_oof,E1_fixed / confirmed_screened,E2_RL / selected_map,cross_experiment,0.0,0.0,0.0,0.0,,,0.0,0.0
RBF_I,RBF_I__s9913__instance__severe,instance,severe,d3_oof,E1_fixed / confirmed_screened,E3_filter / confirmed_screened_filter_learned_features,cross_experiment,0.013229170034242399,0.015885167464114835,0.020893422441083387,-0.028473774155383214,,,0.0,3716.666666666657
RBF_I,RBF_I__s9913__instance__severe,instance,severe,d3_oof,E1_fixed / confirmed_screened,E3_filter / confirmed_screened_filter_learned_features_label,cross_experiment,0.018662189807994167,0.021913875598086108,0.009778403095321853,-0.04125147890101222,,,0.0,4353.333333333343
RBF_I,RBF_I__s9913__instance__severe,instance,severe,d3_oof,E1_fixed / confirmed_screened,E3_filter / confirmed_screened_filter_none,cross_experiment,0.0,0.0,0.0,0.0,,,0.0,0.0
RBF_I,RBF_I__s9913__instance__severe,instance,severe,d3_oof,E1_fixed / confirmed_screened,E3_filter / confirmed_screened_filter_oracle_blocks,cross_experiment,0.050312381068820355,0.06545454545454543,0.6211748153359128,-0.6420402261075325,,,0.0,87083.33333333333
RBF_I,RBF_I__s9913__instance__severe,instance,severe,d3_oof,E1_fixed / confirmed_screened,E3_filter / confirmed_screened_filter_oracle_rows,cross_experiment,-0.015113316622060113,-0.008995215311004778,0.6211748153359128,-0.004075193900354934,,,0.0,23691.66666666667
RBF_I,RBF_I__s9913__instance__severe,instance,severe,d3_oof,E1_fixed / confirmed_screened,E3_filter / confirmed_screened_filter_random_blocks,cross_experiment,0.050312381068820355,0.06545454545454543,0.6211748153359128,-0.6420402261075325,,,0.0,87083.33333333333
RBF_I,RBF_I__s9913__instance__severe,instance,severe,d3_oof,E1_fixed / confirmed_screened,E3_filter / confirmed_screened_filter_random_rows,cross_experiment,0.01552085808487258,0.01934928229665067,0.12296869504045027,-0.13590114368344947,,,0.0,23691.66666666667
RBF_I,RBF_I__s9913__instance__severe,instance,severe,d3_oof,E1_fixed / confirmed_screened,E3_filter / none_screened_filter_learned_features,cross_experiment,0.013229170034242399,0.015885167464114835,0.020893422441083387,-0.028473774155383214,,,0.0,3716.666666666657
RBF_I,RBF_I__s9913__instance__severe,instance,severe,d3_oof,E1_fixed / confirmed_screened,E3_filter / none_screened_filter_learned_features_label,cross_experiment,0.018662189807994167,0.021913875598086108,0.009778403095321853,-0.04125147890101222,,,0.0,4353.333333333343
RBF_I,RBF_I__s9913__instance__severe,instance,severe,d3_oof,E1_fixed / confirmed_screened,E3_filter / none_screened_filter_none,cross_experiment,0.0,0.0,0.0,0.0,,,0.0,0.0
RBF_I,RBF_I__s9913__instance__severe,instance,severe,d3_oof,E1_fixed / confirmed_unscreened,E2_RL / RL_2state,cross_experiment,-0.0220175927856735,-0.017129186602870827,0.3788251846640872,-0.35795977389246747,,,0.0,0.0
RBF_I,RBF_I__s9913__instance__severe,instance,severe,d3_oof,E1_fixed / confirmed_unscreened,E2_RL / RL_4state,cross_experiment,-0.0220175927856735,-0.017129186602870827,0.3788251846640872,-0.35795977389246747,,,0.0,0.0
RBF_I,RBF_I__s9913__instance__severe,instance,severe,d3_oof,E1_fixed / confirmed_unscreened,E2_RL / confirmed_screened,cross_experiment,-0.0220175927856735,-0.017129186602870827,0.3788251846640872,-0.35795977389246747,,,0.0,0.0
RBF_I,RBF_I__s9913__instance__severe,instance,severe,d3_oof,E1_fixed / confirmed_unscreened,E2_RL / error_rule,cross_experiment,-0.05453072986396179,-0.044784688995215316,0.28596552937038344,-0.2677796766136453,,,-8.333333333333334,0.0
RBF_I,RBF_I__s9913__instance__severe,instance,severe,d3_oof,E1_fixed / confirmed_unscreened,E2_RL / none_screened,cross_experiment,-0.0220175927856735,-0.017129186602870827,0.3788251846640872,-0.35795977389246747,,,0.0,0.0
RBF_I,RBF_I__s9913__instance__severe,instance,severe,d3_oof,E1_fixed / confirmed_unscreened,E2_RL / selected_map,cross_experiment,-0.0220175927856735,-0.017129186602870827,0.3788251846640872,-0.35795977389246747,,,0.0,0.0
RBF_I,RBF_I__s9913__instance__severe,instance,severe,d3_oof,E1_fixed / confirmed_unscreened,E3_filter / confirmed_screened_filter_learned_features,cross_experiment,-0.008788422751431102,-0.0012440191387559918,0.3997186071051706,-0.3864335480478507,,,0.0,3716.666666666657
RBF_I,RBF_I__s9913__instance__severe,instance,severe,d3_oof,E1_fixed / confirmed_unscreened,E3_filter / confirmed_screened_filter_learned_features_label,cross_experiment,-0.0033554029776793337,0.0047846889952152805,0.38860358775940906,-0.3992112527934797,,,0.0,4353.333333333343
RBF_I,RBF_I__s9913__instance__severe,instance,severe,d3_oof,E1_fixed / confirmed_unscreened,E3_filter / confirmed_screened_filter_none,cross_experiment,-0.0220175927856735,-0.017129186602870827,0.3788251846640872,-0.35795977389246747,,,0.0,0.0
RBF_I,RBF_I__s9913__instance__severe,instance,severe,d3_oof,E1_fixed / confirmed_unscreened,E3_filter / confirmed_screened_filter_oracle_blocks,cross_experiment,0.028294788283146854,0.048325358851674605,1.0,-1.0,,,0.0,87083.33333333333
RBF_I,RBF_I__s9913__instance__severe,instance,severe,d3_oof,E1_fixed / confirmed_unscreened,E3_filter / confirmed_screened_filter_oracle_rows,cross_experiment,-0.037130909407733614,-0.026124401913875606,1.0,-0.3620349677928224,,,0.0,23691.66666666667
RBF_I,RBF_I__s9913__instance__severe,instance,severe,d3_oof,E1_fixed / confirmed_unscreened,E3_filter / confirmed_screened_filter_random_blocks,cross_experiment,0.028294788283146854,0.048325358851674605,1.0,-1.0,,,0.0,87083.33333333333
RBF_I,RBF_I__s9913__instance__severe,instance,severe,d3_oof,E1_fixed / confirmed_unscreened,E3_filter / confirmed_screened_filter_random_rows,cross_experiment,-0.006496734700800921,0.0022200956937798444,0.5017938797045375,-0.49386091757591694,,,0.0,23691.66666666667
RBF_I,RBF_I__s9913__instance__severe,instance,severe,d3_oof,E1_fixed / confirmed_unscreened,E3_filter / none_screened_filter_learned_features,cross_experiment,-0.008788422751431102,-0.0012440191387559918,0.3997186071051706,-0.3864335480478507,,,0.0,3716.666666666657
RBF_I,RBF_I__s9913__instance__severe,instance,severe,d3_oof,E1_fixed / confirmed_unscreened,E3_filter / none_screened_filter_learned_features_label,cross_experiment,-0.0033554029776793337,0.0047846889952152805,0.38860358775940906,-0.3992112527934797,,,0.0,4353.333333333343
RBF_I,RBF_I__s9913__instance__severe,instance,severe,d3_oof,E1_fixed / confirmed_unscreened,E3_filter / none_screened_filter_none,cross_experiment,-0.0220175927856735,-0.017129186602870827,0.3788251846640872,-0.35795977389246747,,,0.0,0.0
RBF_I,RBF_I__s9913__instance__severe,instance,severe,d3_oof,E1_fixed / immediate_screened,E2_RL / RL_2state,cross_experiment,0.0,0.0,0.0,0.0,,,0.0,0.0
RBF_I,RBF_I__s9913__instance__severe,instance,severe,d3_oof,E1_fixed / immediate_screened,E2_RL / RL_4state,cross_experiment,0.0,0.0,0.0,0.0,,,0.0,0.0
RBF_I,RBF_I__s9913__instance__severe,instance,severe,d3_oof,E1_fixed / immediate_screened,E2_RL / confirmed_screened,cross_experiment,0.0,0.0,0.0,0.0,,,0.0,0.0
RBF_I,RBF_I__s9913__instance__severe,instance,severe,d3_oof,E1_fixed / immediate_screened,E2_RL / error_rule,cross_experiment,-0.03251313707828829,-0.02765550239234449,-0.09285965529370377,0.09018009727882215,,,-8.333333333333334,0.0
RBF_I,RBF_I__s9913__instance__severe,instance,severe,d3_oof,E1_fixed / immediate_screened,E2_RL / none_screened,cross_experiment,0.0,0.0,0.0,0.0,,,0.0,0.0
RBF_I,RBF_I__s9913__instance__severe,instance,severe,d3_oof,E1_fixed / immediate_screened,E2_RL / selected_map,cross_experiment,0.0,0.0,0.0,0.0,,,0.0,0.0
RBF_I,RBF_I__s9913__instance__severe,instance,severe,d3_oof,E1_fixed / immediate_screened,E3_filter / confirmed_screened_filter_learned_features,cross_experiment,0.013229170034242399,0.015885167464114835,0.020893422441083387,-0.028473774155383214,,,0.0,3716.666666666657
RBF_I,RBF_I__s9913__instance__severe,instance,severe,d3_oof,E1_fixed / immediate_screened,E3_filter / confirmed_screened_filter_learned_features_label,cross_experiment,0.018662189807994167,0.021913875598086108,0.009778403095321853,-0.04125147890101222,,,0.0,4353.333333333343
RBF_I,RBF_I__s9913__instance__severe,instance,severe,d3_oof,E1_fixed / immediate_screened,E3_filter / confirmed_screened_filter_none,cross_experiment,0.0,0.0,0.0,0.0,,,0.0,0.0
RBF_I,RBF_I__s9913__instance__severe,instance,severe,d3_oof,E1_fixed / immediate_screened,E3_filter / confirmed_screened_filter_oracle_blocks,cross_experiment,0.050312381068820355,0.06545454545454543,0.6211748153359128,-0.6420402261075325,,,0.0,87083.33333333333
RBF_I,RBF_I__s9913__instance__severe,instance,severe,d3_oof,E1_fixed / immediate_screened,E3_filter / confirmed_screened_filter_oracle_rows,cross_experiment,-0.015113316622060113,-0.008995215311004778,0.6211748153359128,-0.004075193900354934,,,0.0,23691.66666666667
RBF_I,RBF_I__s9913__instance__severe,instance,severe,d3_oof,E1_fixed / immediate_screened,E3_filter / confirmed_screened_filter_random_blocks,cross_experiment,0.050312381068820355,0.06545454545454543,0.6211748153359128,-0.6420402261075325,,,0.0,87083.33333333333
RBF_I,RBF_I__s9913__instance__severe,instance,severe,d3_oof,E1_fixed / immediate_screened,E3_filter / confirmed_screened_filter_random_rows,cross_experiment,0.01552085808487258,0.01934928229665067,0.12296869504045027,-0.13590114368344947,,,0.0,23691.66666666667
RBF_I,RBF_I__s9913__instance__severe,instance,severe,d3_oof,E1_fixed / immediate_screened,E3_filter / none_screened_filter_learned_features,cross_experiment,0.013229170034242399,0.015885167464114835,0.020893422441083387,-0.028473774155383214,,,0.0,3716.666666666657
RBF_I,RBF_I__s9913__instance__severe,instance,severe,d3_oof,E1_fixed / immediate_screened,E3_filter / none_screened_filter_learned_features_label,cross_experiment,0.018662189807994167,0.021913875598086108,0.009778403095321853,-0.04125147890101222,,,0.0,4353.333333333343
RBF_I,RBF_I__s9913__instance__severe,instance,severe,d3_oof,E1_fixed / immediate_screened,E3_filter / none_screened_filter_none,cross_experiment,0.0,0.0,0.0,0.0,,,0.0,0.0
RBF_I,RBF_I__s9913__instance__severe,instance,severe,d3_oof,E1_fixed / immediate_unscreened,E2_RL / RL_2state,cross_experiment,-0.0220175927856735,-0.017129186602870827,0.3788251846640872,-0.35795977389246747,,,0.0,0.0
RBF_I,RBF_I__s9913__instance__severe,instance,severe,d3_oof,E1_fixed / immediate_unscreened,E2_RL / RL_4state,cross_experiment,-0.0220175927856735,-0.017129186602870827,0.3788251846640872,-0.35795977389246747,,,0.0,0.0
RBF_I,RBF_I__s9913__instance__severe,instance,severe,d3_oof,E1_fixed / immediate_unscreened,E2_RL / confirmed_screened,cross_experiment,-0.0220175927856735,-0.017129186602870827,0.3788251846640872,-0.35795977389246747,,,0.0,0.0
RBF_I,RBF_I__s9913__instance__severe,instance,severe,d3_oof,E1_fixed / immediate_unscreened,E2_RL / error_rule,cross_experiment,-0.05453072986396179,-0.044784688995215316,0.28596552937038344,-0.2677796766136453,,,-8.333333333333334,0.0
RBF_I,RBF_I__s9913__instance__severe,instance,severe,d3_oof,E1_fixed / immediate_unscreened,E2_RL / none_screened,cross_experiment,-0.0220175927856735,-0.017129186602870827,0.3788251846640872,-0.35795977389246747,,,0.0,0.0
RBF_I,RBF_I__s9913__instance__severe,instance,severe,d3_oof,E1_fixed / immediate_unscreened,E2_RL / selected_map,cross_experiment,-0.0220175927856735,-0.017129186602870827,0.3788251846640872,-0.35795977389246747,,,0.0,0.0
RBF_I,RBF_I__s9913__instance__severe,instance,severe,d3_oof,E1_fixed / immediate_unscreened,E3_filter / confirmed_screened_filter_learned_features,cross_experiment,-0.008788422751431102,-0.0012440191387559918,0.3997186071051706,-0.3864335480478507,,,0.0,3716.666666666657
RBF_I,RBF_I__s9913__instance__severe,instance,severe,d3_oof,E1_fixed / immediate_unscreened,E3_filter / confirmed_screened_filter_learned_features_label,cross_experiment,-0.0033554029776793337,0.0047846889952152805,0.38860358775940906,-0.3992112527934797,,,0.0,4353.333333333343
RBF_I,RBF_I__s9913__instance__severe,instance,severe,d3_oof,E1_fixed / immediate_unscreened,E3_filter / confirmed_screened_filter_none,cross_experiment,-0.0220175927856735,-0.017129186602870827,0.3788251846640872,-0.35795977389246747,,,0.0,0.0
RBF_I,RBF_I__s9913__instance__severe,instance,severe,d3_oof,E1_fixed / immediate_unscreened,E3_filter / confirmed_screened_filter_oracle_blocks,cross_experiment,0.028294788283146854,0.048325358851674605,1.0,-1.0,,,0.0,87083.33333333333
RBF_I,RBF_I__s9913__instance__severe,instance,severe,d3_oof,E1_fixed / immediate_unscreened,E3_filter / confirmed_screened_filter_oracle_rows,cross_experiment,-0.037130909407733614,-0.026124401913875606,1.0,-0.3620349677928224,,,0.0,23691.66666666667
RBF_I,RBF_I__s9913__instance__severe,instance,severe,d3_oof,E1_fixed / immediate_unscreened,E3_filter / confirmed_screened_filter_random_blocks,cross_experiment,0.028294788283146854,0.048325358851674605,1.0,-1.0,,,0.0,87083.33333333333
RBF_I,RBF_I__s9913__instance__severe,instance,severe,d3_oof,E1_fixed / immediate_unscreened,E3_filter / confirmed_screened_filter_random_rows,cross_experiment,-0.006496734700800921,0.0022200956937798444,0.5017938797045375,-0.49386091757591694,,,0.0,23691.66666666667
RBF_I,RBF_I__s9913__instance__severe,instance,severe,d3_oof,E1_fixed / immediate_unscreened,E3_filter / none_screened_filter_learned_features,cross_experiment,-0.008788422751431102,-0.0012440191387559918,0.3997186071051706,-0.3864335480478507,,,0.0,3716.666666666657
RBF_I,RBF_I__s9913__instance__severe,instance,severe,d3_oof,E1_fixed / immediate_unscreened,E3_filter / none_screened_filter_learned_features_label,cross_experiment,-0.0033554029776793337,0.0047846889952152805,0.38860358775940906,-0.3992112527934797,,,0.0,4353.333333333343
RBF_I,RBF_I__s9913__instance__severe,instance,severe,d3_oof,E1_fixed / immediate_unscreened,E3_filter / none_screened_filter_none,cross_experiment,-0.0220175927856735,-0.017129186602870827,0.3788251846640872,-0.35795977389246747,,,0.0,0.0
RBF_I,RBF_I__s9913__instance__severe,instance,severe,d3_oof,E1_fixed / none_screened,E2_RL / RL_2state,cross_experiment,0.0,0.0,0.0,0.0,,,0.0,0.0
RBF_I,RBF_I__s9913__instance__severe,instance,severe,d3_oof,E1_fixed / none_screened,E2_RL / RL_4state,cross_experiment,0.0,0.0,0.0,0.0,,,0.0,0.0
RBF_I,RBF_I__s9913__instance__severe,instance,severe,d3_oof,E1_fixed / none_screened,E2_RL / confirmed_screened,cross_experiment,0.0,0.0,0.0,0.0,,,0.0,0.0
RBF_I,RBF_I__s9913__instance__severe,instance,severe,d3_oof,E1_fixed / none_screened,E2_RL / error_rule,cross_experiment,-0.03251313707828829,-0.02765550239234449,-0.09285965529370377,0.09018009727882215,,,-8.333333333333334,0.0
RBF_I,RBF_I__s9913__instance__severe,instance,severe,d3_oof,E1_fixed / none_screened,E2_RL / none_screened,cross_experiment,0.0,0.0,0.0,0.0,,,0.0,0.0
RBF_I,RBF_I__s9913__instance__severe,instance,severe,d3_oof,E1_fixed / none_screened,E2_RL / selected_map,cross_experiment,0.0,0.0,0.0,0.0,,,0.0,0.0
RBF_I,RBF_I__s9913__instance__severe,instance,severe,d3_oof,E1_fixed / none_screened,E3_filter / confirmed_screened_filter_learned_features,cross_experiment,0.013229170034242399,0.015885167464114835,0.020893422441083387,-0.028473774155383214,,,0.0,3716.666666666657
RBF_I,RBF_I__s9913__instance__severe,instance,severe,d3_oof,E1_fixed / none_screened,E3_filter / confirmed_screened_filter_learned_features_label,cross_experiment,0.018662189807994167,0.021913875598086108,0.009778403095321853,-0.04125147890101222,,,0.0,4353.333333333343
RBF_I,RBF_I__s9913__instance__severe,instance,severe,d3_oof,E1_fixed / none_screened,E3_filter / confirmed_screened_filter_none,cross_experiment,0.0,0.0,0.0,0.0,,,0.0,0.0
RBF_I,RBF_I__s9913__instance__severe,instance,severe,d3_oof,E1_fixed / none_screened,E3_filter / confirmed_screened_filter_oracle_blocks,cross_experiment,0.050312381068820355,0.06545454545454543,0.6211748153359128,-0.6420402261075325,,,0.0,87083.33333333333
RBF_I,RBF_I__s9913__instance__severe,instance,severe,d3_oof,E1_fixed / none_screened,E3_filter / confirmed_screened_filter_oracle_rows,cross_experiment,-0.015113316622060113,-0.008995215311004778,0.6211748153359128,-0.004075193900354934,,,0.0,23691.66666666667
RBF_I,RBF_I__s9913__instance__severe,instance,severe,d3_oof,E1_fixed / none_screened,E3_filter / confirmed_screened_filter_random_blocks,cross_experiment,0.050312381068820355,0.06545454545454543,0.6211748153359128,-0.6420402261075325,,,0.0,87083.33333333333
RBF_I,RBF_I__s9913__instance__severe,instance,severe,d3_oof,E1_fixed / none_screened,E3_filter / confirmed_screened_filter_random_rows,cross_experiment,0.01552085808487258,0.01934928229665067,0.12296869504045027,-0.13590114368344947,,,0.0,23691.66666666667
RBF_I,RBF_I__s9913__instance__severe,instance,severe,d3_oof,E1_fixed / none_screened,E3_filter / none_screened_filter_learned_features,cross_experiment,0.013229170034242399,0.015885167464114835,0.020893422441083387,-0.028473774155383214,,,0.0,3716.666666666657
RBF_I,RBF_I__s9913__instance__severe,instance,severe,d3_oof,E1_fixed / none_screened,E3_filter / none_screened_filter_learned_features_label,cross_experiment,0.018662189807994167,0.021913875598086108,0.009778403095321853,-0.04125147890101222,,,0.0,4353.333333333343
RBF_I,RBF_I__s9913__instance__severe,instance,severe,d3_oof,E1_fixed / none_screened,E3_filter / none_screened_filter_none,cross_experiment,0.0,0.0,0.0,0.0,,,0.0,0.0
RBF_I,RBF_I__s9913__instance__severe,instance,severe,d3_oof,E1_fixed / none_unscreened,E2_RL / RL_2state,cross_experiment,-0.0220175927856735,-0.017129186602870827,0.3788251846640872,-0.35795977389246747,,,0.0,0.0
RBF_I,RBF_I__s9913__instance__severe,instance,severe,d3_oof,E1_fixed / none_unscreened,E2_RL / RL_4state,cross_experiment,-0.0220175927856735,-0.017129186602870827,0.3788251846640872,-0.35795977389246747,,,0.0,0.0
RBF_I,RBF_I__s9913__instance__severe,instance,severe,d3_oof,E1_fixed / none_unscreened,E2_RL / confirmed_screened,cross_experiment,-0.0220175927856735,-0.017129186602870827,0.3788251846640872,-0.35795977389246747,,,0.0,0.0
RBF_I,RBF_I__s9913__instance__severe,instance,severe,d3_oof,E1_fixed / none_unscreened,E2_RL / error_rule,cross_experiment,-0.05453072986396179,-0.044784688995215316,0.28596552937038344,-0.2677796766136453,,,-8.333333333333334,0.0
RBF_I,RBF_I__s9913__instance__severe,instance,severe,d3_oof,E1_fixed / none_unscreened,E2_RL / none_screened,cross_experiment,-0.0220175927856735,-0.017129186602870827,0.3788251846640872,-0.35795977389246747,,,0.0,0.0
RBF_I,RBF_I__s9913__instance__severe,instance,severe,d3_oof,E1_fixed / none_unscreened,E2_RL / selected_map,cross_experiment,-0.0220175927856735,-0.017129186602870827,0.3788251846640872,-0.35795977389246747,,,0.0,0.0
RBF_I,RBF_I__s9913__instance__severe,instance,severe,d3_oof,E1_fixed / none_unscreened,E3_filter / confirmed_screened_filter_learned_features,cross_experiment,-0.008788422751431102,-0.0012440191387559918,0.3997186071051706,-0.3864335480478507,,,0.0,3716.666666666657
RBF_I,RBF_I__s9913__instance__severe,instance,severe,d3_oof,E1_fixed / none_unscreened,E3_filter / confirmed_screened_filter_learned_features_label,cross_experiment,-0.0033554029776793337,0.0047846889952152805,0.38860358775940906,-0.3992112527934797,,,0.0,4353.333333333343
RBF_I,RBF_I__s9913__instance__severe,instance,severe,d3_oof,E1_fixed / none_unscreened,E3_filter / confirmed_screened_filter_none,cross_experiment,-0.0220175927856735,-0.017129186602870827,0.3788251846640872,-0.35795977389246747,,,0.0,0.0
RBF_I,RBF_I__s9913__instance__severe,instance,severe,d3_oof,E1_fixed / none_unscreened,E3_filter / confirmed_screened_filter_oracle_blocks,cross_experiment,0.028294788283146854,0.048325358851674605,1.0,-1.0,,,0.0,87083.33333333333
RBF_I,RBF_I__s9913__instance__severe,instance,severe,d3_oof,E1_fixed / none_unscreened,E3_filter / confirmed_screened_filter_oracle_rows,cross_experiment,-0.037130909407733614,-0.026124401913875606,1.0,-0.3620349677928224,,,0.0,23691.66666666667
RBF_I,RBF_I__s9913__instance__severe,instance,severe,d3_oof,E1_fixed / none_unscreened,E3_filter / confirmed_screened_filter_random_blocks,cross_experiment,0.028294788283146854,0.048325358851674605,1.0,-1.0,,,0.0,87083.33333333333
RBF_I,RBF_I__s9913__instance__severe,instance,severe,d3_oof,E1_fixed / none_unscreened,E3_filter / confirmed_screened_filter_random_rows,cross_experiment,-0.006496734700800921,0.0022200956937798444,0.5017938797045375,-0.49386091757591694,,,0.0,23691.66666666667
RBF_I,RBF_I__s9913__instance__severe,instance,severe,d3_oof,E1_fixed / none_unscreened,E3_filter / none_screened_filter_learned_features,cross_experiment,-0.008788422751431102,-0.0012440191387559918,0.3997186071051706,-0.3864335480478507,,,0.0,3716.666666666657
RBF_I,RBF_I__s9913__instance__severe,instance,severe,d3_oof,E1_fixed / none_unscreened,E3_filter / none_screened_filter_learned_features_label,cross_experiment,-0.0033554029776793337,0.0047846889952152805,0.38860358775940906,-0.3992112527934797,,,0.0,4353.333333333343
RBF_I,RBF_I__s9913__instance__severe,instance,severe,d3_oof,E1_fixed / none_unscreened,E3_filter / none_screened_filter_none,cross_experiment,-0.0220175927856735,-0.017129186602870827,0.3788251846640872,-0.35795977389246747,,,0.0,0.0
RBF_I,RBF_I__s9913__instance__severe,instance,severe,d3_oof,E2_RL / RL_2state,E3_filter / confirmed_screened_filter_learned_features,cross_experiment,0.013229170034242399,0.015885167464114835,0.020893422441083387,-0.028473774155383214,,,0.0,3716.666666666657
RBF_I,RBF_I__s9913__instance__severe,instance,severe,d3_oof,E2_RL / RL_2state,E3_filter / confirmed_screened_filter_learned_features_label,cross_experiment,0.018662189807994167,0.021913875598086108,0.009778403095321853,-0.04125147890101222,,,0.0,4353.333333333343
RBF_I,RBF_I__s9913__instance__severe,instance,severe,d3_oof,E2_RL / RL_2state,E3_filter / confirmed_screened_filter_none,cross_experiment,0.0,0.0,0.0,0.0,,,0.0,0.0
RBF_I,RBF_I__s9913__instance__severe,instance,severe,d3_oof,E2_RL / RL_2state,E3_filter / confirmed_screened_filter_oracle_blocks,cross_experiment,0.050312381068820355,0.06545454545454543,0.6211748153359128,-0.6420402261075325,,,0.0,87083.33333333333
RBF_I,RBF_I__s9913__instance__severe,instance,severe,d3_oof,E2_RL / RL_2state,E3_filter / confirmed_screened_filter_oracle_rows,cross_experiment,-0.015113316622060113,-0.008995215311004778,0.6211748153359128,-0.004075193900354934,,,0.0,23691.66666666667
RBF_I,RBF_I__s9913__instance__severe,instance,severe,d3_oof,E2_RL / RL_2state,E3_filter / confirmed_screened_filter_random_blocks,cross_experiment,0.050312381068820355,0.06545454545454543,0.6211748153359128,-0.6420402261075325,,,0.0,87083.33333333333
RBF_I,RBF_I__s9913__instance__severe,instance,severe,d3_oof,E2_RL / RL_2state,E3_filter / confirmed_screened_filter_random_rows,cross_experiment,0.01552085808487258,0.01934928229665067,0.12296869504045027,-0.13590114368344947,,,0.0,23691.66666666667
RBF_I,RBF_I__s9913__instance__severe,instance,severe,d3_oof,E2_RL / RL_2state,E3_filter / none_screened_filter_learned_features,cross_experiment,0.013229170034242399,0.015885167464114835,0.020893422441083387,-0.028473774155383214,,,0.0,3716.666666666657
RBF_I,RBF_I__s9913__instance__severe,instance,severe,d3_oof,E2_RL / RL_2state,E3_filter / none_screened_filter_learned_features_label,cross_experiment,0.018662189807994167,0.021913875598086108,0.009778403095321853,-0.04125147890101222,,,0.0,4353.333333333343
RBF_I,RBF_I__s9913__instance__severe,instance,severe,d3_oof,E2_RL / RL_2state,E3_filter / none_screened_filter_none,cross_experiment,0.0,0.0,0.0,0.0,,,0.0,0.0
RBF_I,RBF_I__s9913__instance__severe,instance,severe,d3_oof,E2_RL / RL_4state,E3_filter / confirmed_screened_filter_learned_features,cross_experiment,0.013229170034242399,0.015885167464114835,0.020893422441083387,-0.028473774155383214,,,0.0,3716.666666666657
RBF_I,RBF_I__s9913__instance__severe,instance,severe,d3_oof,E2_RL / RL_4state,E3_filter / confirmed_screened_filter_learned_features_label,cross_experiment,0.018662189807994167,0.021913875598086108,0.009778403095321853,-0.04125147890101222,,,0.0,4353.333333333343
RBF_I,RBF_I__s9913__instance__severe,instance,severe,d3_oof,E2_RL / RL_4state,E3_filter / confirmed_screened_filter_none,cross_experiment,0.0,0.0,0.0,0.0,,,0.0,0.0
RBF_I,RBF_I__s9913__instance__severe,instance,severe,d3_oof,E2_RL / RL_4state,E3_filter / confirmed_screened_filter_oracle_blocks,cross_experiment,0.050312381068820355,0.06545454545454543,0.6211748153359128,-0.6420402261075325,,,0.0,87083.33333333333
RBF_I,RBF_I__s9913__instance__severe,instance,severe,d3_oof,E2_RL / RL_4state,E3_filter / confirmed_screened_filter_oracle_rows,cross_experiment,-0.015113316622060113,-0.008995215311004778,0.6211748153359128,-0.004075193900354934,,,0.0,23691.66666666667
RBF_I,RBF_I__s9913__instance__severe,instance,severe,d3_oof,E2_RL / RL_4state,E3_filter / confirmed_screened_filter_random_blocks,cross_experiment,0.050312381068820355,0.06545454545454543,0.6211748153359128,-0.6420402261075325,,,0.0,87083.33333333333
RBF_I,RBF_I__s9913__instance__severe,instance,severe,d3_oof,E2_RL / RL_4state,E3_filter / confirmed_screened_filter_random_rows,cross_experiment,0.01552085808487258,0.01934928229665067,0.12296869504045027,-0.13590114368344947,,,0.0,23691.66666666667
RBF_I,RBF_I__s9913__instance__severe,instance,severe,d3_oof,E2_RL / RL_4state,E3_filter / none_screened_filter_learned_features,cross_experiment,0.013229170034242399,0.015885167464114835,0.020893422441083387,-0.028473774155383214,,,0.0,3716.666666666657
RBF_I,RBF_I__s9913__instance__severe,instance,severe,d3_oof,E2_RL / RL_4state,E3_filter / none_screened_filter_learned_features_label,cross_experiment,0.018662189807994167,0.021913875598086108,0.009778403095321853,-0.04125147890101222,,,0.0,4353.333333333343
RBF_I,RBF_I__s9913__instance__severe,instance,severe,d3_oof,E2_RL / RL_4state,E3_filter / none_screened_filter_none,cross_experiment,0.0,0.0,0.0,0.0,,,0.0,0.0
RBF_I,RBF_I__s9913__instance__severe,instance,severe,d3_oof,E2_RL / confirmed_screened,E3_filter / confirmed_screened_filter_learned_features,cross_experiment,0.013229170034242399,0.015885167464114835,0.020893422441083387,-0.028473774155383214,,,0.0,3716.666666666657
RBF_I,RBF_I__s9913__instance__severe,instance,severe,d3_oof,E2_RL / confirmed_screened,E3_filter / confirmed_screened_filter_learned_features_label,cross_experiment,0.018662189807994167,0.021913875598086108,0.009778403095321853,-0.04125147890101222,,,0.0,4353.333333333343
RBF_I,RBF_I__s9913__instance__severe,instance,severe,d3_oof,E2_RL / confirmed_screened,E3_filter / confirmed_screened_filter_none,cross_experiment,0.0,0.0,0.0,0.0,,,0.0,0.0
RBF_I,RBF_I__s9913__instance__severe,instance,severe,d3_oof,E2_RL / confirmed_screened,E3_filter / confirmed_screened_filter_oracle_blocks,cross_experiment,0.050312381068820355,0.06545454545454543,0.6211748153359128,-0.6420402261075325,,,0.0,87083.33333333333
RBF_I,RBF_I__s9913__instance__severe,instance,severe,d3_oof,E2_RL / confirmed_screened,E3_filter / confirmed_screened_filter_oracle_rows,cross_experiment,-0.015113316622060113,-0.008995215311004778,0.6211748153359128,-0.004075193900354934,,,0.0,23691.66666666667
RBF_I,RBF_I__s9913__instance__severe,instance,severe,d3_oof,E2_RL / confirmed_screened,E3_filter / confirmed_screened_filter_random_blocks,cross_experiment,0.050312381068820355,0.06545454545454543,0.6211748153359128,-0.6420402261075325,,,0.0,87083.33333333333
RBF_I,RBF_I__s9913__instance__severe,instance,severe,d3_oof,E2_RL / confirmed_screened,E3_filter / confirmed_screened_filter_random_rows,cross_experiment,0.01552085808487258,0.01934928229665067,0.12296869504045027,-0.13590114368344947,,,0.0,23691.66666666667
RBF_I,RBF_I__s9913__instance__severe,instance,severe,d3_oof,E2_RL / confirmed_screened,E3_filter / none_screened_filter_learned_features,cross_experiment,0.013229170034242399,0.015885167464114835,0.020893422441083387,-0.028473774155383214,,,0.0,3716.666666666657
RBF_I,RBF_I__s9913__instance__severe,instance,severe,d3_oof,E2_RL / confirmed_screened,E3_filter / none_screened_filter_learned_features_label,cross_experiment,0.018662189807994167,0.021913875598086108,0.009778403095321853,-0.04125147890101222,,,0.0,4353.333333333343
RBF_I,RBF_I__s9913__instance__severe,instance,severe,d3_oof,E2_RL / confirmed_screened,E3_filter / none_screened_filter_none,cross_experiment,0.0,0.0,0.0,0.0,,,0.0,0.0
RBF_I,RBF_I__s9913__instance__severe,instance,severe,d3_oof,E2_RL / error_rule,E3_filter / confirmed_screened_filter_learned_features,cross_experiment,0.04574230711253069,0.043540669856459324,0.11375307773478716,-0.11865387143420536,,,8.333333333333334,3716.666666666657
RBF_I,RBF_I__s9913__instance__severe,instance,severe,d3_oof,E2_RL / error_rule,E3_filter / confirmed_screened_filter_learned_features_label,cross_experiment,0.05117532688628246,0.049569377990430596,0.10263805838902562,-0.13143157617983436,,,8.333333333333334,4353.333333333343
RBF_I,RBF_I__s9913__instance__severe,instance,severe,d3_oof,E2_RL / error_rule,E3_filter / confirmed_screened_filter_none,cross_experiment,0.03251313707828829,0.02765550239234449,0.09285965529370377,-0.09018009727882215,,,8.333333333333334,0.0
RBF_I,RBF_I__s9913__instance__severe,instance,severe,d3_oof,E2_RL / error_rule,E3_filter / confirmed_screened_filter_oracle_blocks,cross_experiment,0.08282551814710865,0.09311004784688992,0.7140344706296166,-0.7322203233863547,,,8.333333333333334,87083.33333333333
RBF_I,RBF_I__s9913__instance__severe,instance,severe,d3_oof,E2_RL / error_rule,E3_filter / confirmed_screened_filter_oracle_rows,cross_experiment,0.017399820456228177,0.01866028708133971,0.7140344706296166,-0.09425529117917708,,,8.333333333333334,23691.66666666667
RBF_I,RBF_I__s9913__instance__severe,instance,severe,d3_oof,E2_RL / error_rule,E3_filter / confirmed_screened_filter_random_blocks,cross_experiment,0.08282551814710865,0.09311004784688992,0.7140344706296166,-0.7322203233863547,,,8.333333333333334,87083.33333333333
RBF_I,RBF_I__s9913__instance__severe,instance,severe,d3_oof,E2_RL / error_rule,E3_filter / confirmed_screened_filter_random_rows,cross_experiment,0.04803399516316087,0.04700478468899516,0.21582835033415404,-0.2260812409622716,,,8.333333333333334,23691.66666666667
RBF_I,RBF_I__s9913__instance__severe,instance,severe,d3_oof,E2_RL / error_rule,E3_filter / none_screened_filter_learned_features,cross_experiment,0.04574230711253069,0.043540669856459324,0.11375307773478716,-0.11865387143420536,,,8.333333333333334,3716.666666666657
RBF_I,RBF_I__s9913__instance__severe,instance,severe,d3_oof,E2_RL / error_rule,E3_filter / none_screened_filter_learned_features_label,cross_experiment,0.05117532688628246,0.049569377990430596,0.10263805838902562,-0.13143157617983436,,,8.333333333333334,4353.333333333343
RBF_I,RBF_I__s9913__instance__severe,instance,severe,d3_oof,E2_RL / error_rule,E3_filter / none_screened_filter_none,cross_experiment,0.03251313707828829,0.02765550239234449,0.09285965529370377,-0.09018009727882215,,,8.333333333333334,0.0
RBF_I,RBF_I__s9913__instance__severe,instance,severe,d3_oof,E2_RL / none_screened,E3_filter / confirmed_screened_filter_learned_features,cross_experiment,0.013229170034242399,0.015885167464114835,0.020893422441083387,-0.028473774155383214,,,0.0,3716.666666666657
RBF_I,RBF_I__s9913__instance__severe,instance,severe,d3_oof,E2_RL / none_screened,E3_filter / confirmed_screened_filter_learned_features_label,cross_experiment,0.018662189807994167,0.021913875598086108,0.009778403095321853,-0.04125147890101222,,,0.0,4353.333333333343
RBF_I,RBF_I__s9913__instance__severe,instance,severe,d3_oof,E2_RL / none_screened,E3_filter / confirmed_screened_filter_none,cross_experiment,0.0,0.0,0.0,0.0,,,0.0,0.0
RBF_I,RBF_I__s9913__instance__severe,instance,severe,d3_oof,E2_RL / none_screened,E3_filter / confirmed_screened_filter_oracle_blocks,cross_experiment,0.050312381068820355,0.06545454545454543,0.6211748153359128,-0.6420402261075325,,,0.0,87083.33333333333
RBF_I,RBF_I__s9913__instance__severe,instance,severe,d3_oof,E2_RL / none_screened,E3_filter / confirmed_screened_filter_oracle_rows,cross_experiment,-0.015113316622060113,-0.008995215311004778,0.6211748153359128,-0.004075193900354934,,,0.0,23691.66666666667
RBF_I,RBF_I__s9913__instance__severe,instance,severe,d3_oof,E2_RL / none_screened,E3_filter / confirmed_screened_filter_random_blocks,cross_experiment,0.050312381068820355,0.06545454545454543,0.6211748153359128,-0.6420402261075325,,,0.0,87083.33333333333
RBF_I,RBF_I__s9913__instance__severe,instance,severe,d3_oof,E2_RL / none_screened,E3_filter / confirmed_screened_filter_random_rows,cross_experiment,0.01552085808487258,0.01934928229665067,0.12296869504045027,-0.13590114368344947,,,0.0,23691.66666666667
RBF_I,RBF_I__s9913__instance__severe,instance,severe,d3_oof,E2_RL / none_screened,E3_filter / none_screened_filter_learned_features,cross_experiment,0.013229170034242399,0.015885167464114835,0.020893422441083387,-0.028473774155383214,,,0.0,3716.666666666657
RBF_I,RBF_I__s9913__instance__severe,instance,severe,d3_oof,E2_RL / none_screened,E3_filter / none_screened_filter_learned_features_label,cross_experiment,0.018662189807994167,0.021913875598086108,0.009778403095321853,-0.04125147890101222,,,0.0,4353.333333333343
RBF_I,RBF_I__s9913__instance__severe,instance,severe,d3_oof,E2_RL / none_screened,E3_filter / none_screened_filter_none,cross_experiment,0.0,0.0,0.0,0.0,,,0.0,0.0
RBF_I,RBF_I__s9913__instance__severe,instance,severe,d3_oof,E2_RL / selected_map,E3_filter / confirmed_screened_filter_learned_features,cross_experiment,0.013229170034242399,0.015885167464114835,0.020893422441083387,-0.028473774155383214,,,0.0,3716.666666666657
RBF_I,RBF_I__s9913__instance__severe,instance,severe,d3_oof,E2_RL / selected_map,E3_filter / confirmed_screened_filter_learned_features_label,cross_experiment,0.018662189807994167,0.021913875598086108,0.009778403095321853,-0.04125147890101222,,,0.0,4353.333333333343
RBF_I,RBF_I__s9913__instance__severe,instance,severe,d3_oof,E2_RL / selected_map,E3_filter / confirmed_screened_filter_none,cross_experiment,0.0,0.0,0.0,0.0,,,0.0,0.0
RBF_I,RBF_I__s9913__instance__severe,instance,severe,d3_oof,E2_RL / selected_map,E3_filter / confirmed_screened_filter_oracle_blocks,cross_experiment,0.050312381068820355,0.06545454545454543,0.6211748153359128,-0.6420402261075325,,,0.0,87083.33333333333
RBF_I,RBF_I__s9913__instance__severe,instance,severe,d3_oof,E2_RL / selected_map,E3_filter / confirmed_screened_filter_oracle_rows,cross_experiment,-0.015113316622060113,-0.008995215311004778,0.6211748153359128,-0.004075193900354934,,,0.0,23691.66666666667
RBF_I,RBF_I__s9913__instance__severe,instance,severe,d3_oof,E2_RL / selected_map,E3_filter / confirmed_screened_filter_random_blocks,cross_experiment,0.050312381068820355,0.06545454545454543,0.6211748153359128,-0.6420402261075325,,,0.0,87083.33333333333
RBF_I,RBF_I__s9913__instance__severe,instance,severe,d3_oof,E2_RL / selected_map,E3_filter / confirmed_screened_filter_random_rows,cross_experiment,0.01552085808487258,0.01934928229665067,0.12296869504045027,-0.13590114368344947,,,0.0,23691.66666666667
RBF_I,RBF_I__s9913__instance__severe,instance,severe,d3_oof,E2_RL / selected_map,E3_filter / none_screened_filter_learned_features,cross_experiment,0.013229170034242399,0.015885167464114835,0.020893422441083387,-0.028473774155383214,,,0.0,3716.666666666657
RBF_I,RBF_I__s9913__instance__severe,instance,severe,d3_oof,E2_RL / selected_map,E3_filter / none_screened_filter_learned_features_label,cross_experiment,0.018662189807994167,0.021913875598086108,0.009778403095321853,-0.04125147890101222,,,0.0,4353.333333333343
RBF_I,RBF_I__s9913__instance__severe,instance,severe,d3_oof,E2_RL / selected_map,E3_filter / none_screened_filter_none,cross_experiment,0.0,0.0,0.0,0.0,,,0.0,0.0
RBF_I,RBF_I__s9913__instance__severe,instance,severe,hddm_w,E1_fixed / confirmed_screened,E2_RL / RL_2state,cross_experiment,0.0,0.0,0.18290538163911363,-0.18141185749967137,,,8.333333333333334,15833.333333333343
RBF_I,RBF_I__s9913__instance__severe,instance,severe,hddm_w,E1_fixed / confirmed_screened,E2_RL / RL_4state,cross_experiment,0.0,0.0,0.18290538163911363,-0.18141185749967137,,,8.333333333333334,15833.333333333343
RBF_I,RBF_I__s9913__instance__severe,instance,severe,hddm_w,E1_fixed / confirmed_screened,E2_RL / confirmed_screened,cross_experiment,0.0,0.0,0.0,0.0,,,0.0,0.0
RBF_I,RBF_I__s9913__instance__severe,instance,severe,hddm_w,E1_fixed / confirmed_screened,E2_RL / error_rule,cross_experiment,-0.03251313707828829,-0.02765550239234449,0.09004572634540986,-0.09123176022084922,,,0.0,15833.333333333343
RBF_I,RBF_I__s9913__instance__severe,instance,severe,hddm_w,E1_fixed / confirmed_screened,E2_RL / none_screened,cross_experiment,0.0,0.0,0.18290538163911363,-0.18141185749967137,,,8.333333333333334,15833.333333333343
RBF_I,RBF_I__s9913__instance__severe,instance,severe,hddm_w,E1_fixed / confirmed_screened,E2_RL / selected_map,cross_experiment,0.0,0.0,0.18290538163911363,-0.18141185749967137,,,8.333333333333334,15833.333333333343
RBF_I,RBF_I__s9913__instance__severe,instance,severe,hddm_w,E1_fixed / confirmed_screened,E3_filter / confirmed_screened_filter_learned_features,cross_experiment,0.013229170034242399,0.015885167464114835,0.15145972564192756,-0.15761798343630867,,,1.666666666666667,7461.6666666666715
RBF_I,RBF_I__s9913__instance__severe,instance,severe,hddm_w,E1_fixed / confirmed_screened,E3_filter / confirmed_screened_filter_learned_features_label,cross_experiment,0.018662189807994167,0.021913875598086108,0.19268378473443548,-0.2226633364006836,,,8.333333333333334,20186.666666666686
RBF_I,RBF_I__s9913__instance__severe,instance,severe,hddm_w,E1_fixed / confirmed_screened,E3_filter / confirmed_screened_filter_none,cross_experiment,0.0,0.0,0.0,0.0,,,0.0,0.0
RBF_I,RBF_I__s9913__instance__severe,instance,severe,hddm_w,E1_fixed / confirmed_screened,E3_filter / confirmed_screened_filter_oracle_blocks,cross_experiment,0.050312381068820355,0.06545454545454543,0.8040801969750264,-0.8234520836072039,,,8.333333333333334,102916.66666666667
RBF_I,RBF_I__s9913__instance__severe,instance,severe,hddm_w,E1_fixed / confirmed_screened,E3_filter / confirmed_screened_filter_oracle_rows,cross_experiment,-0.015113316622060113,-0.008995215311004778,0.8040801969750264,-0.1854870514000263,,,8.333333333333334,39525.000000000015
RBF_I,RBF_I__s9913__instance__severe,instance,severe,hddm_w,E1_fixed / confirmed_screened,E3_filter / confirmed_screened_filter_random_blocks,cross_experiment,0.050312381068820355,0.06545454545454543,0.8040801969750264,-0.8234520836072039,,,8.333333333333334,102916.66666666667
RBF_I,RBF_I__s9913__instance__severe,instance,severe,hddm_w,E1_fixed / confirmed_screened,E3_filter / confirmed_screened_filter_random_rows,cross_experiment,0.01552085808487258,0.01934928229665067,0.2923672177277524,-0.3039831733929276,,,6.666666666666667,37233.33333333334
RBF_I,RBF_I__s9913__instance__severe,instance,severe,hddm_w,E1_fixed / confirmed_screened,E3_filter / none_screened_filter_learned_features,cross_experiment,0.013229170034242399,0.015885167464114835,0.20379880408019702,-0.20988563165505458,,,8.333333333333334,19550.0
RBF_I,RBF_I__s9913__instance__severe,instance,severe,hddm_w,E1_fixed / confirmed_screened,E3_filter / none_screened_filter_learned_features_label,cross_experiment,0.018662189807994167,0.021913875598086108,0.19268378473443548,-0.2226633364006836,,,8.333333333333334,20186.666666666686
RBF_I,RBF_I__s9913__instance__severe,instance,severe,hddm_w,E1_fixed / confirmed_screened,E3_filter / none_screened_filter_none,cross_experiment,0.0,0.0,0.18290538163911363,-0.18141185749967137,,,8.333333333333334,15833.333333333343
RBF_I,RBF_I__s9913__instance__severe,instance,severe,hddm_w,E1_fixed / confirmed_unscreened,E2_RL / RL_2state,cross_experiment,-0.0220175927856735,-0.017129186602870827,0.3788251846640872,-0.35795977389246747,,,0.0,0.0
RBF_I,RBF_I__s9913__instance__severe,instance,severe,hddm_w,E1_fixed / confirmed_unscreened,E2_RL / RL_4state,cross_experiment,-0.0220175927856735,-0.017129186602870827,0.3788251846640872,-0.35795977389246747,,,0.0,0.0
RBF_I,RBF_I__s9913__instance__severe,instance,severe,hddm_w,E1_fixed / confirmed_unscreened,E2_RL / confirmed_screened,cross_experiment,-0.0220175927856735,-0.017129186602870827,0.19591980302497358,-0.1765479163927961,,,-8.333333333333334,-15833.333333333343
RBF_I,RBF_I__s9913__instance__severe,instance,severe,hddm_w,E1_fixed / confirmed_unscreened,E2_RL / error_rule,cross_experiment,-0.05453072986396179,-0.044784688995215316,0.28596552937038344,-0.2677796766136453,,,-8.333333333333334,0.0
RBF_I,RBF_I__s9913__instance__severe,instance,severe,hddm_w,E1_fixed / confirmed_unscreened,E2_RL / none_screened,cross_experiment,-0.0220175927856735,-0.017129186602870827,0.3788251846640872,-0.35795977389246747,,,0.0,0.0
RBF_I,RBF_I__s9913__instance__severe,instance,severe,hddm_w,E1_fixed / confirmed_unscreened,E2_RL / selected_map,cross_experiment,-0.0220175927856735,-0.017129186602870827,0.3788251846640872,-0.35795977389246747,,,0.0,0.0
RBF_I,RBF_I__s9913__instance__severe,instance,severe,hddm_w,E1_fixed / confirmed_unscreened,E3_filter / confirmed_screened_filter_learned_features,cross_experiment,-0.008788422751431102,-0.0012440191387559918,0.34737952866690114,-0.3341658998291048,,,-6.666666666666667,-8371.666666666672
RBF_I,RBF_I__s9913__instance__severe,instance,severe,hddm_w,E1_fixed / confirmed_unscreened,E3_filter / confirmed_screened_filter_learned_features_label,cross_experiment,-0.0033554029776793337,0.0047846889952152805,0.38860358775940906,-0.3992112527934797,,,0.0,4353.333333333343
RBF_I,RBF_I__s9913__instance__severe,instance,severe,hddm_w,E1_fixed / confirmed_unscreened,E3_filter / confirmed_screened_filter_none,cross_experiment,-0.0220175927856735,-0.017129186602870827,0.19591980302497358,-0.1765479163927961,,,-8.333333333333334,-15833.333333333343
RBF_I,RBF_I__s9913__instance__severe,instance,severe,hddm_w,E1_fixed / confirmed_unscreened,E3_filter / confirmed_screened_filter_oracle_blocks,cross_experiment,0.028294788283146854,0.048325358851674605,1.0,-1.0,,,0.0,87083.33333333333
RBF_I,RBF_I__s9913__instance__severe,instance,severe,hddm_w,E1_fixed / confirmed_unscreened,E3_filter / confirmed_screened_filter_oracle_rows,cross_experiment,-0.037130909407733614,-0.026124401913875606,1.0,-0.3620349677928224,,,0.0,23691.66666666667
RBF_I,RBF_I__s9913__instance__severe,instance,severe,hddm_w,E1_fixed / confirmed_unscreened,E3_filter / confirmed_screened_filter_random_blocks,cross_experiment,0.028294788283146854,0.048325358851674605,1.0,-1.0,,,0.0,87083.33333333333
RBF_I,RBF_I__s9913__instance__severe,instance,severe,hddm_w,E1_fixed / confirmed_unscreened,E3_filter / confirmed_screened_filter_random_rows,cross_experiment,-0.006496734700800921,0.0022200956937798444,0.488287020752726,-0.4805310897857237,,,-1.6666666666666667,21400.0
RBF_I,RBF_I__s9913__instance__severe,instance,severe,hddm_w,E1_fixed / confirmed_unscreened,E3_filter / none_screened_filter_learned_features,cross_experiment,-0.008788422751431102,-0.0012440191387559918,0.3997186071051706,-0.3864335480478507,,,0.0,3716.666666666657
RBF_I,RBF_I__s9913__instance__severe,instance,severe,hddm_w,E1_fixed / confirmed_unscreened,E3_filter / none_screened_filter_learned_features_label,cross_experiment,-0.0033554029776793337,0.0047846889952152805,0.38860358775940906,-0.3992112527934797,,,0.0,4353.333333333343
RBF_I,RBF_I__s9913__instance__severe,instance,severe,hddm_w,E1_fixed / confirmed_unscreened,E3_filter / none_screened_filter_none,cross_experiment,-0.0220175927856735,-0.017129186602870827,0.3788251846640872,-0.35795977389246747,,,0.0,0.0
RBF_I,RBF_I__s9913__instance__severe,instance,severe,hddm_w,E1_fixed / immediate_screened,E2_RL / RL_2state,cross_experiment,0.05174741527901422,0.0488995215311005,-0.08899050298979949,0.09162613382410939,,,16.666666666666668,0.0
RBF_I,RBF_I__s9913__instance__severe,instance,severe,hddm_w,E1_fixed / immediate_screened,E2_RL / RL_4state,cross_experiment,0.05174741527901422,0.0488995215311005,-0.08899050298979949,0.09162613382410939,,,16.666666666666668,0.0
RBF_I,RBF_I__s9913__instance__severe,instance,severe,hddm_w,E1_fixed / immediate_screened,E2_RL / confirmed_screened,cross_experiment,0.05174741527901422,0.0488995215311005,-0.2718958846289131,0.27303799132378076,,,8.333333333333334,-15833.333333333343
RBF_I,RBF_I__s9913__instance__severe,instance,severe,hddm_w,E1_fixed / immediate_screened,E2_RL / error_rule,cross_experiment,0.01923427820072593,0.02124401913875601,-0.18185015828350326,0.18180623110293154,,,8.333333333333334,0.0
RBF_I,RBF_I__s9913__instance__severe,instance,severe,hddm_w,E1_fixed / immediate_screened,E2_RL / none_screened,cross_experiment,0.05174741527901422,0.0488995215311005,-0.08899050298979949,0.09162613382410939,,,16.666666666666668,0.0
RBF_I,RBF_I__s9913__instance__severe,instance,severe,hddm_w,E1_fixed / immediate_screened,E2_RL / selected_map,cross_experiment,0.05174741527901422,0.0488995215311005,-0.08899050298979949,0.09162613382410939,,,16.666666666666668,0.0
RBF_I,RBF_I__s9913__instance__severe,instance,severe,hddm_w,E1_fixed / immediate_screened,E3_filter / confirmed_screened_filter_learned_features,cross_experiment,0.06497658531325662,0.06478468899521533,-0.12043615898698556,0.11542000788747209,,,10.0,-8371.666666666672
RBF_I,RBF_I__s9913__instance__severe,instance,severe,hddm_w,E1_fixed / immediate_screened,E3_filter / confirmed_screened_filter_learned_features_label,cross_experiment,0.07040960508700839,0.0708133971291866,-0.07921209989447764,0.05037465492309717,,,16.666666666666668,4353.333333333343
RBF_I,RBF_I__s9913__instance__severe,instance,severe,hddm_w,E1_fixed / immediate_screened,E3_filter / confirmed_screened_filter_none,cross_experiment,0.05174741527901422,0.0488995215311005,-0.2718958846289131,0.27303799132378076,,,8.333333333333334,-15833.333333333343
RBF_I,RBF_I__s9913__instance__severe,instance,severe,hddm_w,E1_fixed / immediate_screened,E3_filter / confirmed_screened_filter_oracle_blocks,cross_experiment,0.10205979634783457,0.11435406698564593,0.5321843123461133,-0.5504140922834231,,,16.666666666666668,87083.33333333333
RBF_I,RBF_I__s9913__instance__severe,instance,severe,hddm_w,E1_fixed / immediate_screened,E3_filter / confirmed_screened_filter_oracle_rows,cross_experiment,0.036634098656954106,0.03990430622009572,0.5321843123461133,0.08755093992375446,,,16.666666666666668,23691.66666666667
RBF_I,RBF_I__s9913__instance__severe,instance,severe,hddm_w,E1_fixed / immediate_screened,E3_filter / confirmed_screened_filter_random_blocks,cross_experiment,0.10205979634783457,0.11435406698564593,0.5321843123461133,-0.5504140922834231,,,16.666666666666668,87083.33333333333
RBF_I,RBF_I__s9913__instance__severe,instance,severe,hddm_w,E1_fixed / immediate_screened,E3_filter / confirmed_screened_filter_random_rows,cross_experiment,0.0672682733638868,0.06824880382775117,0.020471333098839306,-0.030945182069146815,,,15.000000000000002,21400.0
RBF_I,RBF_I__s9913__instance__severe,instance,severe,hddm_w,E1_fixed / immediate_screened,E3_filter / none_screened_filter_learned_features,cross_experiment,0.06497658531325662,0.06478468899521533,-0.0680970805487161,0.06315235966872618,,,16.666666666666668,3716.666666666657
RBF_I,RBF_I__s9913__instance__severe,instance,severe,hddm_w,E1_fixed / immediate_screened,E3_filter / none_screened_filter_learned_features_label,cross_experiment,0.07040960508700839,0.0708133971291866,-0.07921209989447764,0.05037465492309717,,,16.666666666666668,4353.333333333343
RBF_I,RBF_I__s9913__instance__severe,instance,severe,hddm_w,E1_fixed / immediate_screened,E3_filter / none_screened_filter_none,cross_experiment,0.05174741527901422,0.0488995215311005,-0.08899050298979949,0.09162613382410939,,,16.666666666666668,0.0
RBF_I,RBF_I__s9913__instance__severe,instance,severe,hddm_w,E1_fixed / immediate_unscreened,E2_RL / RL_2state,cross_experiment,0.10018893114936761,0.09138755980861246,0.3788251846640872,-0.35795977389246747,,,41.66666666666667,0.0
RBF_I,RBF_I__s9913__instance__severe,instance,severe,hddm_w,E1_fixed / immediate_unscreened,E2_RL / RL_4state,cross_experiment,0.10018893114936761,0.09138755980861246,0.3788251846640872,-0.35795977389246747,,,41.66666666666667,0.0
RBF_I,RBF_I__s9913__instance__severe,instance,severe,hddm_w,E1_fixed / immediate_unscreened,E2_RL / confirmed_screened,cross_experiment,0.10018893114936761,0.09138755980861246,0.19591980302497358,-0.1765479163927961,,,33.333333333333336,-15833.333333333343
RBF_I,RBF_I__s9913__instance__severe,instance,severe,hddm_w,E1_fixed / immediate_unscreened,E2_RL / error_rule,cross_experiment,0.06767579407107932,0.06373205741626797,0.28596552937038344,-0.2677796766136453,,,33.333333333333336,0.0
RBF_I,RBF_I__s9913__instance__severe,instance,severe,hddm_w,E1_fixed / immediate_unscreened,E2_RL / none_screened,cross_experiment,0.10018893114936761,0.09138755980861246,0.3788251846640872,-0.35795977389246747,,,41.66666666666667,0.0
RBF_I,RBF_I__s9913__instance__severe,instance,severe,hddm_w,E1_fixed / immediate_unscreened,E2_RL / selected_map,cross_experiment,0.10018893114936761,0.09138755980861246,0.3788251846640872,-0.35795977389246747,,,41.66666666666667,0.0
RBF_I,RBF_I__s9913__instance__severe,instance,severe,hddm_w,E1_fixed / immediate_unscreened,E3_filter / confirmed_screened_filter_learned_features,cross_experiment,0.11341810118361001,0.1072727272727273,0.34737952866690114,-0.3341658998291048,,,35.00000000000001,-8371.666666666672
RBF_I,RBF_I__s9913__instance__severe,instance,severe,hddm_w,E1_fixed / immediate_unscreened,E3_filter / confirmed_screened_filter_learned_features_label,cross_experiment,0.11885112095736178,0.11330143540669857,0.38860358775940906,-0.3992112527934797,,,41.66666666666667,4353.333333333343
RBF_I,RBF_I__s9913__instance__severe,instance,severe,hddm_w,E1_fixed / immediate_unscreened,E3_filter / confirmed_screened_filter_none,cross_experiment,0.10018893114936761,0.09138755980861246,0.19591980302497358,-0.1765479163927961,,,33.333333333333336,-15833.333333333343
RBF_I,RBF_I__s9913__instance__severe,instance,severe,hddm_w,E1_fixed / immediate_unscreened,E3_filter / confirmed_screened_filter_oracle_blocks,cross_experiment,0.15050131221818797,0.1568421052631579,1.0,-1.0,,,41.66666666666667,87083.33333333333
RBF_I,RBF_I__s9913__instance__severe,instance,severe,hddm_w,E1_fixed / immediate_unscreened,E3_filter / confirmed_screened_filter_oracle_rows,cross_experiment,0.0850756145273075,0.08239234449760768,1.0,-0.3620349677928224,,,41.66666666666667,23691.66666666667
RBF_I,RBF_I__s9913__instance__severe,instance,severe,hddm_w,E1_fixed / immediate_unscreened,E3_filter / confirmed_screened_filter_random_blocks,cross_experiment,0.15050131221818797,0.1568421052631579,1.0,-1.0,,,41.66666666666667,87083.33333333333
RBF_I,RBF_I__s9913__instance__severe,instance,severe,hddm_w,E1_fixed / immediate_unscreened,E3_filter / confirmed_screened_filter_random_rows,cross_experiment,0.11570978923424019,0.11073684210526313,0.488287020752726,-0.4805310897857237,,,40.00000000000001,21400.0
RBF_I,RBF_I__s9913__instance__severe,instance,severe,hddm_w,E1_fixed / immediate_unscreened,E3_filter / none_screened_filter_learned_features,cross_experiment,0.11341810118361001,0.1072727272727273,0.3997186071051706,-0.3864335480478507,,,41.66666666666667,3716.666666666657
RBF_I,RBF_I__s9913__instance__severe,instance,severe,hddm_w,E1_fixed / immediate_unscreened,E3_filter / none_screened_filter_learned_features_label,cross_experiment,0.11885112095736178,0.11330143540669857,0.38860358775940906,-0.3992112527934797,,,41.66666666666667,4353.333333333343
RBF_I,RBF_I__s9913__instance__severe,instance,severe,hddm_w,E1_fixed / immediate_unscreened,E3_filter / none_screened_filter_none,cross_experiment,0.10018893114936761,0.09138755980861246,0.3788251846640872,-0.35795977389246747,,,41.66666666666667,0.0
RBF_I,RBF_I__s9913__instance__severe,instance,severe,hddm_w,E1_fixed / none_screened,E2_RL / RL_2state,cross_experiment,0.0,0.0,0.0,0.0,,,0.0,0.0
RBF_I,RBF_I__s9913__instance__severe,instance,severe,hddm_w,E1_fixed / none_screened,E2_RL / RL_4state,cross_experiment,0.0,0.0,0.0,0.0,,,0.0,0.0
RBF_I,RBF_I__s9913__instance__severe,instance,severe,hddm_w,E1_fixed / none_screened,E2_RL / confirmed_screened,cross_experiment,0.0,0.0,-0.18290538163911363,0.18141185749967137,,,-8.333333333333334,-15833.333333333343
RBF_I,RBF_I__s9913__instance__severe,instance,severe,hddm_w,E1_fixed / none_screened,E2_RL / error_rule,cross_experiment,-0.03251313707828829,-0.02765550239234449,-0.09285965529370377,0.09018009727882215,,,-8.333333333333334,0.0
RBF_I,RBF_I__s9913__instance__severe,instance,severe,hddm_w,E1_fixed / none_screened,E2_RL / none_screened,cross_experiment,0.0,0.0,0.0,0.0,,,0.0,0.0
RBF_I,RBF_I__s9913__instance__severe,instance,severe,hddm_w,E1_fixed / none_screened,E2_RL / selected_map,cross_experiment,0.0,0.0,0.0,0.0,,,0.0,0.0
RBF_I,RBF_I__s9913__instance__severe,instance,severe,hddm_w,E1_fixed / none_screened,E3_filter / confirmed_screened_filter_learned_features,cross_experiment,0.013229170034242399,0.015885167464114835,-0.03144565599718607,0.023793874063362697,,,-6.666666666666667,-8371.666666666672
RBF_I,RBF_I__s9913__instance__severe,instance,severe,hddm_w,E1_fixed / none_screened,E3_filter / confirmed_screened_filter_learned_features_label,cross_experiment,0.018662189807994167,0.021913875598086108,0.009778403095321853,-0.04125147890101222,,,0.0,4353.333333333343
RBF_I,RBF_I__s9913__instance__severe,instance,severe,hddm_w,E1_fixed / none_screened,E3_filter / confirmed_screened_filter_none,cross_experiment,0.0,0.0,-0.18290538163911363,0.18141185749967137,,,-8.333333333333334,-15833.333333333343
RBF_I,RBF_I__s9913__instance__severe,instance,severe,hddm_w,E1_fixed / none_screened,E3_filter / confirmed_screened_filter_oracle_blocks,cross_experiment,0.050312381068820355,0.06545454545454543,0.6211748153359128,-0.6420402261075325,,,0.0,87083.33333333333
RBF_I,RBF_I__s9913__instance__severe,instance,severe,hddm_w,E1_fixed / none_screened,E3_filter / confirmed_screened_filter_oracle_rows,cross_experiment,-0.015113316622060113,-0.008995215311004778,0.6211748153359128,-0.004075193900354934,,,0.0,23691.66666666667
RBF_I,RBF_I__s9913__instance__severe,instance,severe,hddm_w,E1_fixed / none_screened,E3_filter / confirmed_screened_filter_random_blocks,cross_experiment,0.050312381068820355,0.06545454545454543,0.6211748153359128,-0.6420402261075325,,,0.0,87083.33333333333
RBF_I,RBF_I__s9913__instance__severe,instance,severe,hddm_w,E1_fixed / none_screened,E3_filter / confirmed_screened_filter_random_rows,cross_experiment,0.01552085808487258,0.01934928229665067,0.1094618360886388,-0.1225713158932562,,,-1.6666666666666667,21400.0
RBF_I,RBF_I__s9913__instance__severe,instance,severe,hddm_w,E1_fixed / none_screened,E3_filter / none_screened_filter_learned_features,cross_experiment,0.013229170034242399,0.015885167464114835,0.020893422441083387,-0.028473774155383214,,,0.0,3716.666666666657
RBF_I,RBF_I__s9913__instance__severe,instance,severe,hddm_w,E1_fixed / none_screened,E3_filter / none_screened_filter_learned_features_label,cross_experiment,0.018662189807994167,0.021913875598086108,0.009778403095321853,-0.04125147890101222,,,0.0,4353.333333333343
RBF_I,RBF_I__s9913__instance__severe,instance,severe,hddm_w,E1_fixed / none_screened,E3_filter / none_screened_filter_none,cross_experiment,0.0,0.0,0.0,0.0,,,0.0,0.0
RBF_I,RBF_I__s9913__instance__severe,instance,severe,hddm_w,E1_fixed / none_unscreened,E2_RL / RL_2state,cross_experiment,-0.0220175927856735,-0.017129186602870827,0.3788251846640872,-0.35795977389246747,,,0.0,0.0
RBF_I,RBF_I__s9913__instance__severe,instance,severe,hddm_w,E1_fixed / none_unscreened,E2_RL / RL_4state,cross_experiment,-0.0220175927856735,-0.017129186602870827,0.3788251846640872,-0.35795977389246747,,,0.0,0.0
RBF_I,RBF_I__s9913__instance__severe,instance,severe,hddm_w,E1_fixed / none_unscreened,E2_RL / confirmed_screened,cross_experiment,-0.0220175927856735,-0.017129186602870827,0.19591980302497358,-0.1765479163927961,,,-8.333333333333334,-15833.333333333343
RBF_I,RBF_I__s9913__instance__severe,instance,severe,hddm_w,E1_fixed / none_unscreened,E2_RL / error_rule,cross_experiment,-0.05453072986396179,-0.044784688995215316,0.28596552937038344,-0.2677796766136453,,,-8.333333333333334,0.0
RBF_I,RBF_I__s9913__instance__severe,instance,severe,hddm_w,E1_fixed / none_unscreened,E2_RL / none_screened,cross_experiment,-0.0220175927856735,-0.017129186602870827,0.3788251846640872,-0.35795977389246747,,,0.0,0.0
RBF_I,RBF_I__s9913__instance__severe,instance,severe,hddm_w,E1_fixed / none_unscreened,E2_RL / selected_map,cross_experiment,-0.0220175927856735,-0.017129186602870827,0.3788251846640872,-0.35795977389246747,,,0.0,0.0
RBF_I,RBF_I__s9913__instance__severe,instance,severe,hddm_w,E1_fixed / none_unscreened,E3_filter / confirmed_screened_filter_learned_features,cross_experiment,-0.008788422751431102,-0.0012440191387559918,0.34737952866690114,-0.3341658998291048,,,-6.666666666666667,-8371.666666666672
RBF_I,RBF_I__s9913__instance__severe,instance,severe,hddm_w,E1_fixed / none_unscreened,E3_filter / confirmed_screened_filter_learned_features_label,cross_experiment,-0.0033554029776793337,0.0047846889952152805,0.38860358775940906,-0.3992112527934797,,,0.0,4353.333333333343
RBF_I,RBF_I__s9913__instance__severe,instance,severe,hddm_w,E1_fixed / none_unscreened,E3_filter / confirmed_screened_filter_none,cross_experiment,-0.0220175927856735,-0.017129186602870827,0.19591980302497358,-0.1765479163927961,,,-8.333333333333334,-15833.333333333343
RBF_I,RBF_I__s9913__instance__severe,instance,severe,hddm_w,E1_fixed / none_unscreened,E3_filter / confirmed_screened_filter_oracle_blocks,cross_experiment,0.028294788283146854,0.048325358851674605,1.0,-1.0,,,0.0,87083.33333333333
RBF_I,RBF_I__s9913__instance__severe,instance,severe,hddm_w,E1_fixed / none_unscreened,E3_filter / confirmed_screened_filter_oracle_rows,cross_experiment,-0.037130909407733614,-0.026124401913875606,1.0,-0.3620349677928224,,,0.0,23691.66666666667
RBF_I,RBF_I__s9913__instance__severe,instance,severe,hddm_w,E1_fixed / none_unscreened,E3_filter / confirmed_screened_filter_random_blocks,cross_experiment,0.028294788283146854,0.048325358851674605,1.0,-1.0,,,0.0,87083.33333333333
RBF_I,RBF_I__s9913__instance__severe,instance,severe,hddm_w,E1_fixed / none_unscreened,E3_filter / confirmed_screened_filter_random_rows,cross_experiment,-0.006496734700800921,0.0022200956937798444,0.488287020752726,-0.4805310897857237,,,-1.6666666666666667,21400.0
RBF_I,RBF_I__s9913__instance__severe,instance,severe,hddm_w,E1_fixed / none_unscreened,E3_filter / none_screened_filter_learned_features,cross_experiment,-0.008788422751431102,-0.0012440191387559918,0.3997186071051706,-0.3864335480478507,,,0.0,3716.666666666657
RBF_I,RBF_I__s9913__instance__severe,instance,severe,hddm_w,E1_fixed / none_unscreened,E3_filter / none_screened_filter_learned_features_label,cross_experiment,-0.0033554029776793337,0.0047846889952152805,0.38860358775940906,-0.3992112527934797,,,0.0,4353.333333333343
RBF_I,RBF_I__s9913__instance__severe,instance,severe,hddm_w,E1_fixed / none_unscreened,E3_filter / none_screened_filter_none,cross_experiment,-0.0220175927856735,-0.017129186602870827,0.3788251846640872,-0.35795977389246747,,,0.0,0.0
RBF_I,RBF_I__s9913__instance__severe,instance,severe,hddm_w,E2_RL / RL_2state,E3_filter / confirmed_screened_filter_learned_features,cross_experiment,0.013229170034242399,0.015885167464114835,-0.03144565599718607,0.023793874063362697,,,-6.666666666666667,-8371.666666666672
RBF_I,RBF_I__s9913__instance__severe,instance,severe,hddm_w,E2_RL / RL_2state,E3_filter / confirmed_screened_filter_learned_features_label,cross_experiment,0.018662189807994167,0.021913875598086108,0.009778403095321853,-0.04125147890101222,,,0.0,4353.333333333343
RBF_I,RBF_I__s9913__instance__severe,instance,severe,hddm_w,E2_RL / RL_2state,E3_filter / confirmed_screened_filter_none,cross_experiment,0.0,0.0,-0.18290538163911363,0.18141185749967137,,,-8.333333333333334,-15833.333333333343
RBF_I,RBF_I__s9913__instance__severe,instance,severe,hddm_w,E2_RL / RL_2state,E3_filter / confirmed_screened_filter_oracle_blocks,cross_experiment,0.050312381068820355,0.06545454545454543,0.6211748153359128,-0.6420402261075325,,,0.0,87083.33333333333
RBF_I,RBF_I__s9913__instance__severe,instance,severe,hddm_w,E2_RL / RL_2state,E3_filter / confirmed_screened_filter_oracle_rows,cross_experiment,-0.015113316622060113,-0.008995215311004778,0.6211748153359128,-0.004075193900354934,,,0.0,23691.66666666667
RBF_I,RBF_I__s9913__instance__severe,instance,severe,hddm_w,E2_RL / RL_2state,E3_filter / confirmed_screened_filter_random_blocks,cross_experiment,0.050312381068820355,0.06545454545454543,0.6211748153359128,-0.6420402261075325,,,0.0,87083.33333333333
RBF_I,RBF_I__s9913__instance__severe,instance,severe,hddm_w,E2_RL / RL_2state,E3_filter / confirmed_screened_filter_random_rows,cross_experiment,0.01552085808487258,0.01934928229665067,0.1094618360886388,-0.1225713158932562,,,-1.6666666666666667,21400.0
RBF_I,RBF_I__s9913__instance__severe,instance,severe,hddm_w,E2_RL / RL_2state,E3_filter / none_screened_filter_learned_features,cross_experiment,0.013229170034242399,0.015885167464114835,0.020893422441083387,-0.028473774155383214,,,0.0,3716.666666666657
RBF_I,RBF_I__s9913__instance__severe,instance,severe,hddm_w,E2_RL / RL_2state,E3_filter / none_screened_filter_learned_features_label,cross_experiment,0.018662189807994167,0.021913875598086108,0.009778403095321853,-0.04125147890101222,,,0.0,4353.333333333343
RBF_I,RBF_I__s9913__instance__severe,instance,severe,hddm_w,E2_RL / RL_2state,E3_filter / none_screened_filter_none,cross_experiment,0.0,0.0,0.0,0.0,,,0.0,0.0
RBF_I,RBF_I__s9913__instance__severe,instance,severe,hddm_w,E2_RL / RL_4state,E3_filter / confirmed_screened_filter_learned_features,cross_experiment,0.013229170034242399,0.015885167464114835,-0.03144565599718607,0.023793874063362697,,,-6.666666666666667,-8371.666666666672
RBF_I,RBF_I__s9913__instance__severe,instance,severe,hddm_w,E2_RL / RL_4state,E3_filter / confirmed_screened_filter_learned_features_label,cross_experiment,0.018662189807994167,0.021913875598086108,0.009778403095321853,-0.04125147890101222,,,0.0,4353.333333333343
RBF_I,RBF_I__s9913__instance__severe,instance,severe,hddm_w,E2_RL / RL_4state,E3_filter / confirmed_screened_filter_none,cross_experiment,0.0,0.0,-0.18290538163911363,0.18141185749967137,,,-8.333333333333334,-15833.333333333343
RBF_I,RBF_I__s9913__instance__severe,instance,severe,hddm_w,E2_RL / RL_4state,E3_filter / confirmed_screened_filter_oracle_blocks,cross_experiment,0.050312381068820355,0.06545454545454543,0.6211748153359128,-0.6420402261075325,,,0.0,87083.33333333333
RBF_I,RBF_I__s9913__instance__severe,instance,severe,hddm_w,E2_RL / RL_4state,E3_filter / confirmed_screened_filter_oracle_rows,cross_experiment,-0.015113316622060113,-0.008995215311004778,0.6211748153359128,-0.004075193900354934,,,0.0,23691.66666666667
RBF_I,RBF_I__s9913__instance__severe,instance,severe,hddm_w,E2_RL / RL_4state,E3_filter / confirmed_screened_filter_random_blocks,cross_experiment,0.050312381068820355,0.06545454545454543,0.6211748153359128,-0.6420402261075325,,,0.0,87083.33333333333
RBF_I,RBF_I__s9913__instance__severe,instance,severe,hddm_w,E2_RL / RL_4state,E3_filter / confirmed_screened_filter_random_rows,cross_experiment,0.01552085808487258,0.01934928229665067,0.1094618360886388,-0.1225713158932562,,,-1.6666666666666667,21400.0
RBF_I,RBF_I__s9913__instance__severe,instance,severe,hddm_w,E2_RL / RL_4state,E3_filter / none_screened_filter_learned_features,cross_experiment,0.013229170034242399,0.015885167464114835,0.020893422441083387,-0.028473774155383214,,,0.0,3716.666666666657
RBF_I,RBF_I__s9913__instance__severe,instance,severe,hddm_w,E2_RL / RL_4state,E3_filter / none_screened_filter_learned_features_label,cross_experiment,0.018662189807994167,0.021913875598086108,0.009778403095321853,-0.04125147890101222,,,0.0,4353.333333333343
RBF_I,RBF_I__s9913__instance__severe,instance,severe,hddm_w,E2_RL / RL_4state,E3_filter / none_screened_filter_none,cross_experiment,0.0,0.0,0.0,0.0,,,0.0,0.0
RBF_I,RBF_I__s9913__instance__severe,instance,severe,hddm_w,E2_RL / confirmed_screened,E3_filter / confirmed_screened_filter_learned_features,cross_experiment,0.013229170034242399,0.015885167464114835,0.15145972564192756,-0.15761798343630867,,,1.666666666666667,7461.6666666666715
RBF_I,RBF_I__s9913__instance__severe,instance,severe,hddm_w,E2_RL / confirmed_screened,E3_filter / confirmed_screened_filter_learned_features_label,cross_experiment,0.018662189807994167,0.021913875598086108,0.19268378473443548,-0.2226633364006836,,,8.333333333333334,20186.666666666686
RBF_I,RBF_I__s9913__instance__severe,instance,severe,hddm_w,E2_RL / confirmed_screened,E3_filter / confirmed_screened_filter_none,cross_experiment,0.0,0.0,0.0,0.0,,,0.0,0.0
RBF_I,RBF_I__s9913__instance__severe,instance,severe,hddm_w,E2_RL / confirmed_screened,E3_filter / confirmed_screened_filter_oracle_blocks,cross_experiment,0.050312381068820355,0.06545454545454543,0.8040801969750264,-0.8234520836072039,,,8.333333333333334,102916.66666666667
RBF_I,RBF_I__s9913__instance__severe,instance,severe,hddm_w,E2_RL / confirmed_screened,E3_filter / confirmed_screened_filter_oracle_rows,cross_experiment,-0.015113316622060113,-0.008995215311004778,0.8040801969750264,-0.1854870514000263,,,8.333333333333334,39525.000000000015
RBF_I,RBF_I__s9913__instance__severe,instance,severe,hddm_w,E2_RL / confirmed_screened,E3_filter / confirmed_screened_filter_random_blocks,cross_experiment,0.050312381068820355,0.06545454545454543,0.8040801969750264,-0.8234520836072039,,,8.333333333333334,102916.66666666667
RBF_I,RBF_I__s9913__instance__severe,instance,severe,hddm_w,E2_RL / confirmed_screened,E3_filter / confirmed_screened_filter_random_rows,cross_experiment,0.01552085808487258,0.01934928229665067,0.2923672177277524,-0.3039831733929276,,,6.666666666666667,37233.33333333334
RBF_I,RBF_I__s9913__instance__severe,instance,severe,hddm_w,E2_RL / confirmed_screened,E3_filter / none_screened_filter_learned_features,cross_experiment,0.013229170034242399,0.015885167464114835,0.20379880408019702,-0.20988563165505458,,,8.333333333333334,19550.0
RBF_I,RBF_I__s9913__instance__severe,instance,severe,hddm_w,E2_RL / confirmed_screened,E3_filter / none_screened_filter_learned_features_label,cross_experiment,0.018662189807994167,0.021913875598086108,0.19268378473443548,-0.2226633364006836,,,8.333333333333334,20186.666666666686
RBF_I,RBF_I__s9913__instance__severe,instance,severe,hddm_w,E2_RL / confirmed_screened,E3_filter / none_screened_filter_none,cross_experiment,0.0,0.0,0.18290538163911363,-0.18141185749967137,,,8.333333333333334,15833.333333333343
RBF_I,RBF_I__s9913__instance__severe,instance,severe,hddm_w,E2_RL / error_rule,E3_filter / confirmed_screened_filter_learned_features,cross_experiment,0.04574230711253069,0.043540669856459324,0.061413999296517696,-0.06638622321545945,,,1.666666666666667,-8371.666666666672
RBF_I,RBF_I__s9913__instance__severe,instance,severe,hddm_w,E2_RL / error_rule,E3_filter / confirmed_screened_filter_learned_features_label,cross_experiment,0.05117532688628246,0.049569377990430596,0.10263805838902562,-0.13143157617983436,,,8.333333333333334,4353.333333333343
RBF_I,RBF_I__s9913__instance__severe,instance,severe,hddm_w,E2_RL / error_rule,E3_filter / confirmed_screened_filter_none,cross_experiment,0.03251313707828829,0.02765550239234449,-0.09004572634540986,0.09123176022084922,,,0.0,-15833.333333333343
RBF_I,RBF_I__s9913__instance__severe,instance,severe,hddm_w,E2_RL / error_rule,E3_filter / confirmed_screened_filter_oracle_blocks,cross_experiment,0.08282551814710865,0.09311004784688992,0.7140344706296166,-0.7322203233863547,,,8.333333333333334,87083.33333333333
RBF_I,RBF_I__s9913__instance__severe,instance,severe,hddm_w,E2_RL / error_rule,E3_filter / confirmed_screened_filter_oracle_rows,cross_experiment,0.017399820456228177,0.01866028708133971,0.7140344706296166,-0.09425529117917708,,,8.333333333333334,23691.66666666667
RBF_I,RBF_I__s9913__instance__severe,instance,severe,hddm_w,E2_RL / error_rule,E3_filter / confirmed_screened_filter_random_blocks,cross_experiment,0.08282551814710865,0.09311004784688992,0.7140344706296166,-0.7322203233863547,,,8.333333333333334,87083.33333333333
RBF_I,RBF_I__s9913__instance__severe,instance,severe,hddm_w,E2_RL / error_rule,E3_filter / confirmed_screened_filter_random_rows,cross_experiment,0.04803399516316087,0.04700478468899516,0.20232149138234257,-0.21275141317207835,,,6.666666666666667,21400.0
RBF_I,RBF_I__s9913__instance__severe,instance,severe,hddm_w,E2_RL / error_rule,E3_filter / none_screened_filter_learned_features,cross_experiment,0.04574230711253069,0.043540669856459324,0.11375307773478716,-0.11865387143420536,,,8.333333333333334,3716.666666666657
RBF_I,RBF_I__s9913__instance__severe,instance,severe,hddm_w,E2_RL / error_rule,E3_filter / none_screened_filter_learned_features_label,cross_experiment,0.05117532688628246,0.049569377990430596,0.10263805838902562,-0.13143157617983436,,,8.333333333333334,4353.333333333343
RBF_I,RBF_I__s9913__instance__severe,instance,severe,hddm_w,E2_RL / error_rule,E3_filter / none_screened_filter_none,cross_experiment,0.03251313707828829,0.02765550239234449,0.09285965529370377,-0.09018009727882215,,,8.333333333333334,0.0
RBF_I,RBF_I__s9913__instance__severe,instance,severe,hddm_w,E2_RL / none_screened,E3_filter / confirmed_screened_filter_learned_features,cross_experiment,0.013229170034242399,0.015885167464114835,-0.03144565599718607,0.023793874063362697,,,-6.666666666666667,-8371.666666666672
RBF_I,RBF_I__s9913__instance__severe,instance,severe,hddm_w,E2_RL / none_screened,E3_filter / confirmed_screened_filter_learned_features_label,cross_experiment,0.018662189807994167,0.021913875598086108,0.009778403095321853,-0.04125147890101222,,,0.0,4353.333333333343
RBF_I,RBF_I__s9913__instance__severe,instance,severe,hddm_w,E2_RL / none_screened,E3_filter / confirmed_screened_filter_none,cross_experiment,0.0,0.0,-0.18290538163911363,0.18141185749967137,,,-8.333333333333334,-15833.333333333343
RBF_I,RBF_I__s9913__instance__severe,instance,severe,hddm_w,E2_RL / none_screened,E3_filter / confirmed_screened_filter_oracle_blocks,cross_experiment,0.050312381068820355,0.06545454545454543,0.6211748153359128,-0.6420402261075325,,,0.0,87083.33333333333
RBF_I,RBF_I__s9913__instance__severe,instance,severe,hddm_w,E2_RL / none_screened,E3_filter / confirmed_screened_filter_oracle_rows,cross_experiment,-0.015113316622060113,-0.008995215311004778,0.6211748153359128,-0.004075193900354934,,,0.0,23691.66666666667
RBF_I,RBF_I__s9913__instance__severe,instance,severe,hddm_w,E2_RL / none_screened,E3_filter / confirmed_screened_filter_random_blocks,cross_experiment,0.050312381068820355,0.06545454545454543,0.6211748153359128,-0.6420402261075325,,,0.0,87083.33333333333
RBF_I,RBF_I__s9913__instance__severe,instance,severe,hddm_w,E2_RL / none_screened,E3_filter / confirmed_screened_filter_random_rows,cross_experiment,0.01552085808487258,0.01934928229665067,0.1094618360886388,-0.1225713158932562,,,-1.6666666666666667,21400.0
RBF_I,RBF_I__s9913__instance__severe,instance,severe,hddm_w,E2_RL / none_screened,E3_filter / none_screened_filter_learned_features,cross_experiment,0.013229170034242399,0.015885167464114835,0.020893422441083387,-0.028473774155383214,,,0.0,3716.666666666657
RBF_I,RBF_I__s9913__instance__severe,instance,severe,hddm_w,E2_RL / none_screened,E3_filter / none_screened_filter_learned_features_label,cross_experiment,0.018662189807994167,0.021913875598086108,0.009778403095321853,-0.04125147890101222,,,0.0,4353.333333333343
RBF_I,RBF_I__s9913__instance__severe,instance,severe,hddm_w,E2_RL / none_screened,E3_filter / none_screened_filter_none,cross_experiment,0.0,0.0,0.0,0.0,,,0.0,0.0
RBF_I,RBF_I__s9913__instance__severe,instance,severe,hddm_w,E2_RL / selected_map,E3_filter / confirmed_screened_filter_learned_features,cross_experiment,0.013229170034242399,0.015885167464114835,-0.03144565599718607,0.023793874063362697,,,-6.666666666666667,-8371.666666666672
RBF_I,RBF_I__s9913__instance__severe,instance,severe,hddm_w,E2_RL / selected_map,E3_filter / confirmed_screened_filter_learned_features_label,cross_experiment,0.018662189807994167,0.021913875598086108,0.009778403095321853,-0.04125147890101222,,,0.0,4353.333333333343
RBF_I,RBF_I__s9913__instance__severe,instance,severe,hddm_w,E2_RL / selected_map,E3_filter / confirmed_screened_filter_none,cross_experiment,0.0,0.0,-0.18290538163911363,0.18141185749967137,,,-8.333333333333334,-15833.333333333343
RBF_I,RBF_I__s9913__instance__severe,instance,severe,hddm_w,E2_RL / selected_map,E3_filter / confirmed_screened_filter_oracle_blocks,cross_experiment,0.050312381068820355,0.06545454545454543,0.6211748153359128,-0.6420402261075325,,,0.0,87083.33333333333
RBF_I,RBF_I__s9913__instance__severe,instance,severe,hddm_w,E2_RL / selected_map,E3_filter / confirmed_screened_filter_oracle_rows,cross_experiment,-0.015113316622060113,-0.008995215311004778,0.6211748153359128,-0.004075193900354934,,,0.0,23691.66666666667
RBF_I,RBF_I__s9913__instance__severe,instance,severe,hddm_w,E2_RL / selected_map,E3_filter / confirmed_screened_filter_random_blocks,cross_experiment,0.050312381068820355,0.06545454545454543,0.6211748153359128,-0.6420402261075325,,,0.0,87083.33333333333
RBF_I,RBF_I__s9913__instance__severe,instance,severe,hddm_w,E2_RL / selected_map,E3_filter / confirmed_screened_filter_random_rows,cross_experiment,0.01552085808487258,0.01934928229665067,0.1094618360886388,-0.1225713158932562,,,-1.6666666666666667,21400.0
RBF_I,RBF_I__s9913__instance__severe,instance,severe,hddm_w,E2_RL / selected_map,E3_filter / none_screened_filter_learned_features,cross_experiment,0.013229170034242399,0.015885167464114835,0.020893422441083387,-0.028473774155383214,,,0.0,3716.666666666657
RBF_I,RBF_I__s9913__instance__severe,instance,severe,hddm_w,E2_RL / selected_map,E3_filter / none_screened_filter_learned_features_label,cross_experiment,0.018662189807994167,0.021913875598086108,0.009778403095321853,-0.04125147890101222,,,0.0,4353.333333333343
RBF_I,RBF_I__s9913__instance__severe,instance,severe,hddm_w,E2_RL / selected_map,E3_filter / none_screened_filter_none,cross_experiment,0.0,0.0,0.0,0.0,,,0.0,0.0
RBF_I,RBF_I__s9913__instance__severe,instance,severe,hellinger,E1_fixed / confirmed_screened,E2_RL / RL_2state,cross_experiment,0.0,0.0,0.0,0.0,,,0.0,0.0
RBF_I,RBF_I__s9913__instance__severe,instance,severe,hellinger,E1_fixed / confirmed_screened,E2_RL / RL_4state,cross_experiment,0.0,0.0,0.0,0.0,,,0.0,0.0
RBF_I,RBF_I__s9913__instance__severe,instance,severe,hellinger,E1_fixed / confirmed_screened,E2_RL / confirmed_screened,cross_experiment,0.0,0.0,0.0,0.0,,,0.0,0.0
RBF_I,RBF_I__s9913__instance__severe,instance,severe,hellinger,E1_fixed / confirmed_screened,E2_RL / error_rule,cross_experiment,-0.03251313707828829,-0.02765550239234449,-0.09285965529370377,0.09018009727882215,,,-8.333333333333334,0.0
RBF_I,RBF_I__s9913__instance__severe,instance,severe,hellinger,E1_fixed / confirmed_screened,E2_RL / none_screened,cross_experiment,0.0,0.0,0.0,0.0,,,0.0,0.0
RBF_I,RBF_I__s9913__instance__severe,instance,severe,hellinger,E1_fixed / confirmed_screened,E2_RL / selected_map,cross_experiment,0.0,0.0,0.0,0.0,,,0.0,0.0
RBF_I,RBF_I__s9913__instance__severe,instance,severe,hellinger,E1_fixed / confirmed_screened,E3_filter / confirmed_screened_filter_learned_features,cross_experiment,0.013229170034242399,0.015885167464114835,0.020893422441083387,-0.028473774155383214,,,0.0,3716.666666666657
RBF_I,RBF_I__s9913__instance__severe,instance,severe,hellinger,E1_fixed / confirmed_screened,E3_filter / confirmed_screened_filter_learned_features_label,cross_experiment,0.018662189807994167,0.021913875598086108,0.009778403095321853,-0.04125147890101222,,,0.0,4353.333333333343
RBF_I,RBF_I__s9913__instance__severe,instance,severe,hellinger,E1_fixed / confirmed_screened,E3_filter / confirmed_screened_filter_none,cross_experiment,0.0,0.0,0.0,0.0,,,0.0,0.0
RBF_I,RBF_I__s9913__instance__severe,instance,severe,hellinger,E1_fixed / confirmed_screened,E3_filter / confirmed_screened_filter_oracle_blocks,cross_experiment,0.050312381068820355,0.06545454545454543,0.6211748153359128,-0.6420402261075325,,,0.0,87083.33333333333
RBF_I,RBF_I__s9913__instance__severe,instance,severe,hellinger,E1_fixed / confirmed_screened,E3_filter / confirmed_screened_filter_oracle_rows,cross_experiment,-0.015113316622060113,-0.008995215311004778,0.6211748153359128,-0.004075193900354934,,,0.0,23691.66666666667
RBF_I,RBF_I__s9913__instance__severe,instance,severe,hellinger,E1_fixed / confirmed_screened,E3_filter / confirmed_screened_filter_random_blocks,cross_experiment,0.050312381068820355,0.06545454545454543,0.6211748153359128,-0.6420402261075325,,,0.0,87083.33333333333
RBF_I,RBF_I__s9913__instance__severe,instance,severe,hellinger,E1_fixed / confirmed_screened,E3_filter / confirmed_screened_filter_random_rows,cross_experiment,0.01552085808487258,0.01934928229665067,0.12296869504045027,-0.13590114368344947,,,0.0,23691.66666666667
RBF_I,RBF_I__s9913__instance__severe,instance,severe,hellinger,E1_fixed / confirmed_screened,E3_filter / none_screened_filter_learned_features,cross_experiment,0.013229170034242399,0.015885167464114835,0.020893422441083387,-0.028473774155383214,,,0.0,3716.666666666657
RBF_I,RBF_I__s9913__instance__severe,instance,severe,hellinger,E1_fixed / confirmed_screened,E3_filter / none_screened_filter_learned_features_label,cross_experiment,0.018662189807994167,0.021913875598086108,0.009778403095321853,-0.04125147890101222,,,0.0,4353.333333333343
RBF_I,RBF_I__s9913__instance__severe,instance,severe,hellinger,E1_fixed / confirmed_screened,E3_filter / none_screened_filter_none,cross_experiment,0.0,0.0,0.0,0.0,,,0.0,0.0
RBF_I,RBF_I__s9913__instance__severe,instance,severe,hellinger,E1_fixed / confirmed_unscreened,E2_RL / RL_2state,cross_experiment,-0.0220175927856735,-0.017129186602870827,0.3788251846640872,-0.35795977389246747,,,0.0,0.0
RBF_I,RBF_I__s9913__instance__severe,instance,severe,hellinger,E1_fixed / confirmed_unscreened,E2_RL / RL_4state,cross_experiment,-0.0220175927856735,-0.017129186602870827,0.3788251846640872,-0.35795977389246747,,,0.0,0.0
RBF_I,RBF_I__s9913__instance__severe,instance,severe,hellinger,E1_fixed / confirmed_unscreened,E2_RL / confirmed_screened,cross_experiment,-0.0220175927856735,-0.017129186602870827,0.3788251846640872,-0.35795977389246747,,,0.0,0.0
RBF_I,RBF_I__s9913__instance__severe,instance,severe,hellinger,E1_fixed / confirmed_unscreened,E2_RL / error_rule,cross_experiment,-0.05453072986396179,-0.044784688995215316,0.28596552937038344,-0.2677796766136453,,,-8.333333333333334,0.0
RBF_I,RBF_I__s9913__instance__severe,instance,severe,hellinger,E1_fixed / confirmed_unscreened,E2_RL / none_screened,cross_experiment,-0.0220175927856735,-0.017129186602870827,0.3788251846640872,-0.35795977389246747,,,0.0,0.0
RBF_I,RBF_I__s9913__instance__severe,instance,severe,hellinger,E1_fixed / confirmed_unscreened,E2_RL / selected_map,cross_experiment,-0.0220175927856735,-0.017129186602870827,0.3788251846640872,-0.35795977389246747,,,0.0,0.0
RBF_I,RBF_I__s9913__instance__severe,instance,severe,hellinger,E1_fixed / confirmed_unscreened,E3_filter / confirmed_screened_filter_learned_features,cross_experiment,-0.008788422751431102,-0.0012440191387559918,0.3997186071051706,-0.3864335480478507,,,0.0,3716.666666666657
RBF_I,RBF_I__s9913__instance__severe,instance,severe,hellinger,E1_fixed / confirmed_unscreened,E3_filter / confirmed_screened_filter_learned_features_label,cross_experiment,-0.0033554029776793337,0.0047846889952152805,0.38860358775940906,-0.3992112527934797,,,0.0,4353.333333333343
RBF_I,RBF_I__s9913__instance__severe,instance,severe,hellinger,E1_fixed / confirmed_unscreened,E3_filter / confirmed_screened_filter_none,cross_experiment,-0.0220175927856735,-0.017129186602870827,0.3788251846640872,-0.35795977389246747,,,0.0,0.0
RBF_I,RBF_I__s9913__instance__severe,instance,severe,hellinger,E1_fixed / confirmed_unscreened,E3_filter / confirmed_screened_filter_oracle_blocks,cross_experiment,0.028294788283146854,0.048325358851674605,1.0,-1.0,,,0.0,87083.33333333333
RBF_I,RBF_I__s9913__instance__severe,instance,severe,hellinger,E1_fixed / confirmed_unscreened,E3_filter / confirmed_screened_filter_oracle_rows,cross_experiment,-0.037130909407733614,-0.026124401913875606,1.0,-0.3620349677928224,,,0.0,23691.66666666667
RBF_I,RBF_I__s9913__instance__severe,instance,severe,hellinger,E1_fixed / confirmed_unscreened,E3_filter / confirmed_screened_filter_random_blocks,cross_experiment,0.028294788283146854,0.048325358851674605,1.0,-1.0,,,0.0,87083.33333333333
RBF_I,RBF_I__s9913__instance__severe,instance,severe,hellinger,E1_fixed / confirmed_unscreened,E3_filter / confirmed_screened_filter_random_rows,cross_experiment,-0.006496734700800921,0.0022200956937798444,0.5017938797045375,-0.49386091757591694,,,0.0,23691.66666666667
RBF_I,RBF_I__s9913__instance__severe,instance,severe,hellinger,E1_fixed / confirmed_unscreened,E3_filter / none_screened_filter_learned_features,cross_experiment,-0.008788422751431102,-0.0012440191387559918,0.3997186071051706,-0.3864335480478507,,,0.0,3716.666666666657
RBF_I,RBF_I__s9913__instance__severe,instance,severe,hellinger,E1_fixed / confirmed_unscreened,E3_filter / none_screened_filter_learned_features_label,cross_experiment,-0.0033554029776793337,0.0047846889952152805,0.38860358775940906,-0.3992112527934797,,,0.0,4353.333333333343
RBF_I,RBF_I__s9913__instance__severe,instance,severe,hellinger,E1_fixed / confirmed_unscreened,E3_filter / none_screened_filter_none,cross_experiment,-0.0220175927856735,-0.017129186602870827,0.3788251846640872,-0.35795977389246747,,,0.0,0.0
RBF_I,RBF_I__s9913__instance__severe,instance,severe,hellinger,E1_fixed / immediate_screened,E2_RL / RL_2state,cross_experiment,0.0,0.0,0.0,0.0,,,0.0,0.0
RBF_I,RBF_I__s9913__instance__severe,instance,severe,hellinger,E1_fixed / immediate_screened,E2_RL / RL_4state,cross_experiment,0.0,0.0,0.0,0.0,,,0.0,0.0
RBF_I,RBF_I__s9913__instance__severe,instance,severe,hellinger,E1_fixed / immediate_screened,E2_RL / confirmed_screened,cross_experiment,0.0,0.0,0.0,0.0,,,0.0,0.0
RBF_I,RBF_I__s9913__instance__severe,instance,severe,hellinger,E1_fixed / immediate_screened,E2_RL / error_rule,cross_experiment,-0.03251313707828829,-0.02765550239234449,-0.09285965529370377,0.09018009727882215,,,-8.333333333333334,0.0
RBF_I,RBF_I__s9913__instance__severe,instance,severe,hellinger,E1_fixed / immediate_screened,E2_RL / none_screened,cross_experiment,0.0,0.0,0.0,0.0,,,0.0,0.0
RBF_I,RBF_I__s9913__instance__severe,instance,severe,hellinger,E1_fixed / immediate_screened,E2_RL / selected_map,cross_experiment,0.0,0.0,0.0,0.0,,,0.0,0.0
RBF_I,RBF_I__s9913__instance__severe,instance,severe,hellinger,E1_fixed / immediate_screened,E3_filter / confirmed_screened_filter_learned_features,cross_experiment,0.013229170034242399,0.015885167464114835,0.020893422441083387,-0.028473774155383214,,,0.0,3716.666666666657
RBF_I,RBF_I__s9913__instance__severe,instance,severe,hellinger,E1_fixed / immediate_screened,E3_filter / confirmed_screened_filter_learned_features_label,cross_experiment,0.018662189807994167,0.021913875598086108,0.009778403095321853,-0.04125147890101222,,,0.0,4353.333333333343
RBF_I,RBF_I__s9913__instance__severe,instance,severe,hellinger,E1_fixed / immediate_screened,E3_filter / confirmed_screened_filter_none,cross_experiment,0.0,0.0,0.0,0.0,,,0.0,0.0
RBF_I,RBF_I__s9913__instance__severe,instance,severe,hellinger,E1_fixed / immediate_screened,E3_filter / confirmed_screened_filter_oracle_blocks,cross_experiment,0.050312381068820355,0.06545454545454543,0.6211748153359128,-0.6420402261075325,,,0.0,87083.33333333333
RBF_I,RBF_I__s9913__instance__severe,instance,severe,hellinger,E1_fixed / immediate_screened,E3_filter / confirmed_screened_filter_oracle_rows,cross_experiment,-0.015113316622060113,-0.008995215311004778,0.6211748153359128,-0.004075193900354934,,,0.0,23691.66666666667
RBF_I,RBF_I__s9913__instance__severe,instance,severe,hellinger,E1_fixed / immediate_screened,E3_filter / confirmed_screened_filter_random_blocks,cross_experiment,0.050312381068820355,0.06545454545454543,0.6211748153359128,-0.6420402261075325,,,0.0,87083.33333333333
RBF_I,RBF_I__s9913__instance__severe,instance,severe,hellinger,E1_fixed / immediate_screened,E3_filter / confirmed_screened_filter_random_rows,cross_experiment,0.01552085808487258,0.01934928229665067,0.12296869504045027,-0.13590114368344947,,,0.0,23691.66666666667
RBF_I,RBF_I__s9913__instance__severe,instance,severe,hellinger,E1_fixed / immediate_screened,E3_filter / none_screened_filter_learned_features,cross_experiment,0.013229170034242399,0.015885167464114835,0.020893422441083387,-0.028473774155383214,,,0.0,3716.666666666657
RBF_I,RBF_I__s9913__instance__severe,instance,severe,hellinger,E1_fixed / immediate_screened,E3_filter / none_screened_filter_learned_features_label,cross_experiment,0.018662189807994167,0.021913875598086108,0.009778403095321853,-0.04125147890101222,,,0.0,4353.333333333343
RBF_I,RBF_I__s9913__instance__severe,instance,severe,hellinger,E1_fixed / immediate_screened,E3_filter / none_screened_filter_none,cross_experiment,0.0,0.0,0.0,0.0,,,0.0,0.0
RBF_I,RBF_I__s9913__instance__severe,instance,severe,hellinger,E1_fixed / immediate_unscreened,E2_RL / RL_2state,cross_experiment,-0.0220175927856735,-0.017129186602870827,0.3788251846640872,-0.35795977389246747,,,0.0,0.0
RBF_I,RBF_I__s9913__instance__severe,instance,severe,hellinger,E1_fixed / immediate_unscreened,E2_RL / RL_4state,cross_experiment,-0.0220175927856735,-0.017129186602870827,0.3788251846640872,-0.35795977389246747,,,0.0,0.0
RBF_I,RBF_I__s9913__instance__severe,instance,severe,hellinger,E1_fixed / immediate_unscreened,E2_RL / confirmed_screened,cross_experiment,-0.0220175927856735,-0.017129186602870827,0.3788251846640872,-0.35795977389246747,,,0.0,0.0
RBF_I,RBF_I__s9913__instance__severe,instance,severe,hellinger,E1_fixed / immediate_unscreened,E2_RL / error_rule,cross_experiment,-0.05453072986396179,-0.044784688995215316,0.28596552937038344,-0.2677796766136453,,,-8.333333333333334,0.0
RBF_I,RBF_I__s9913__instance__severe,instance,severe,hellinger,E1_fixed / immediate_unscreened,E2_RL / none_screened,cross_experiment,-0.0220175927856735,-0.017129186602870827,0.3788251846640872,-0.35795977389246747,,,0.0,0.0
RBF_I,RBF_I__s9913__instance__severe,instance,severe,hellinger,E1_fixed / immediate_unscreened,E2_RL / selected_map,cross_experiment,-0.0220175927856735,-0.017129186602870827,0.3788251846640872,-0.35795977389246747,,,0.0,0.0
RBF_I,RBF_I__s9913__instance__severe,instance,severe,hellinger,E1_fixed / immediate_unscreened,E3_filter / confirmed_screened_filter_learned_features,cross_experiment,-0.008788422751431102,-0.0012440191387559918,0.3997186071051706,-0.3864335480478507,,,0.0,3716.666666666657
RBF_I,RBF_I__s9913__instance__severe,instance,severe,hellinger,E1_fixed / immediate_unscreened,E3_filter / confirmed_screened_filter_learned_features_label,cross_experiment,-0.0033554029776793337,0.0047846889952152805,0.38860358775940906,-0.3992112527934797,,,0.0,4353.333333333343
RBF_I,RBF_I__s9913__instance__severe,instance,severe,hellinger,E1_fixed / immediate_unscreened,E3_filter / confirmed_screened_filter_none,cross_experiment,-0.0220175927856735,-0.017129186602870827,0.3788251846640872,-0.35795977389246747,,,0.0,0.0
RBF_I,RBF_I__s9913__instance__severe,instance,severe,hellinger,E1_fixed / immediate_unscreened,E3_filter / confirmed_screened_filter_oracle_blocks,cross_experiment,0.028294788283146854,0.048325358851674605,1.0,-1.0,,,0.0,87083.33333333333
RBF_I,RBF_I__s9913__instance__severe,instance,severe,hellinger,E1_fixed / immediate_unscreened,E3_filter / confirmed_screened_filter_oracle_rows,cross_experiment,-0.037130909407733614,-0.026124401913875606,1.0,-0.3620349677928224,,,0.0,23691.66666666667
RBF_I,RBF_I__s9913__instance__severe,instance,severe,hellinger,E1_fixed / immediate_unscreened,E3_filter / confirmed_screened_filter_random_blocks,cross_experiment,0.028294788283146854,0.048325358851674605,1.0,-1.0,,,0.0,87083.33333333333
RBF_I,RBF_I__s9913__instance__severe,instance,severe,hellinger,E1_fixed / immediate_unscreened,E3_filter / confirmed_screened_filter_random_rows,cross_experiment,-0.006496734700800921,0.0022200956937798444,0.5017938797045375,-0.49386091757591694,,,0.0,23691.66666666667
RBF_I,RBF_I__s9913__instance__severe,instance,severe,hellinger,E1_fixed / immediate_unscreened,E3_filter / none_screened_filter_learned_features,cross_experiment,-0.008788422751431102,-0.0012440191387559918,0.3997186071051706,-0.3864335480478507,,,0.0,3716.666666666657
RBF_I,RBF_I__s9913__instance__severe,instance,severe,hellinger,E1_fixed / immediate_unscreened,E3_filter / none_screened_filter_learned_features_label,cross_experiment,-0.0033554029776793337,0.0047846889952152805,0.38860358775940906,-0.3992112527934797,,,0.0,4353.333333333343
RBF_I,RBF_I__s9913__instance__severe,instance,severe,hellinger,E1_fixed / immediate_unscreened,E3_filter / none_screened_filter_none,cross_experiment,-0.0220175927856735,-0.017129186602870827,0.3788251846640872,-0.35795977389246747,,,0.0,0.0
RBF_I,RBF_I__s9913__instance__severe,instance,severe,hellinger,E1_fixed / none_screened,E2_RL / RL_2state,cross_experiment,0.0,0.0,0.0,0.0,,,0.0,0.0
RBF_I,RBF_I__s9913__instance__severe,instance,severe,hellinger,E1_fixed / none_screened,E2_RL / RL_4state,cross_experiment,0.0,0.0,0.0,0.0,,,0.0,0.0
RBF_I,RBF_I__s9913__instance__severe,instance,severe,hellinger,E1_fixed / none_screened,E2_RL / confirmed_screened,cross_experiment,0.0,0.0,0.0,0.0,,,0.0,0.0
RBF_I,RBF_I__s9913__instance__severe,instance,severe,hellinger,E1_fixed / none_screened,E2_RL / error_rule,cross_experiment,-0.03251313707828829,-0.02765550239234449,-0.09285965529370377,0.09018009727882215,,,-8.333333333333334,0.0
RBF_I,RBF_I__s9913__instance__severe,instance,severe,hellinger,E1_fixed / none_screened,E2_RL / none_screened,cross_experiment,0.0,0.0,0.0,0.0,,,0.0,0.0
RBF_I,RBF_I__s9913__instance__severe,instance,severe,hellinger,E1_fixed / none_screened,E2_RL / selected_map,cross_experiment,0.0,0.0,0.0,0.0,,,0.0,0.0
RBF_I,RBF_I__s9913__instance__severe,instance,severe,hellinger,E1_fixed / none_screened,E3_filter / confirmed_screened_filter_learned_features,cross_experiment,0.013229170034242399,0.015885167464114835,0.020893422441083387,-0.028473774155383214,,,0.0,3716.666666666657
RBF_I,RBF_I__s9913__instance__severe,instance,severe,hellinger,E1_fixed / none_screened,E3_filter / confirmed_screened_filter_learned_features_label,cross_experiment,0.018662189807994167,0.021913875598086108,0.009778403095321853,-0.04125147890101222,,,0.0,4353.333333333343
RBF_I,RBF_I__s9913__instance__severe,instance,severe,hellinger,E1_fixed / none_screened,E3_filter / confirmed_screened_filter_none,cross_experiment,0.0,0.0,0.0,0.0,,,0.0,0.0
RBF_I,RBF_I__s9913__instance__severe,instance,severe,hellinger,E1_fixed / none_screened,E3_filter / confirmed_screened_filter_oracle_blocks,cross_experiment,0.050312381068820355,0.06545454545454543,0.6211748153359128,-0.6420402261075325,,,0.0,87083.33333333333
RBF_I,RBF_I__s9913__instance__severe,instance,severe,hellinger,E1_fixed / none_screened,E3_filter / confirmed_screened_filter_oracle_rows,cross_experiment,-0.015113316622060113,-0.008995215311004778,0.6211748153359128,-0.004075193900354934,,,0.0,23691.66666666667
RBF_I,RBF_I__s9913__instance__severe,instance,severe,hellinger,E1_fixed / none_screened,E3_filter / confirmed_screened_filter_random_blocks,cross_experiment,0.050312381068820355,0.06545454545454543,0.6211748153359128,-0.6420402261075325,,,0.0,87083.33333333333
RBF_I,RBF_I__s9913__instance__severe,instance,severe,hellinger,E1_fixed / none_screened,E3_filter / confirmed_screened_filter_random_rows,cross_experiment,0.01552085808487258,0.01934928229665067,0.12296869504045027,-0.13590114368344947,,,0.0,23691.66666666667
RBF_I,RBF_I__s9913__instance__severe,instance,severe,hellinger,E1_fixed / none_screened,E3_filter / none_screened_filter_learned_features,cross_experiment,0.013229170034242399,0.015885167464114835,0.020893422441083387,-0.028473774155383214,,,0.0,3716.666666666657
RBF_I,RBF_I__s9913__instance__severe,instance,severe,hellinger,E1_fixed / none_screened,E3_filter / none_screened_filter_learned_features_label,cross_experiment,0.018662189807994167,0.021913875598086108,0.009778403095321853,-0.04125147890101222,,,0.0,4353.333333333343
RBF_I,RBF_I__s9913__instance__severe,instance,severe,hellinger,E1_fixed / none_screened,E3_filter / none_screened_filter_none,cross_experiment,0.0,0.0,0.0,0.0,,,0.0,0.0
RBF_I,RBF_I__s9913__instance__severe,instance,severe,hellinger,E1_fixed / none_unscreened,E2_RL / RL_2state,cross_experiment,-0.0220175927856735,-0.017129186602870827,0.3788251846640872,-0.35795977389246747,,,0.0,0.0
RBF_I,RBF_I__s9913__instance__severe,instance,severe,hellinger,E1_fixed / none_unscreened,E2_RL / RL_4state,cross_experiment,-0.0220175927856735,-0.017129186602870827,0.3788251846640872,-0.35795977389246747,,,0.0,0.0
RBF_I,RBF_I__s9913__instance__severe,instance,severe,hellinger,E1_fixed / none_unscreened,E2_RL / confirmed_screened,cross_experiment,-0.0220175927856735,-0.017129186602870827,0.3788251846640872,-0.35795977389246747,,,0.0,0.0
RBF_I,RBF_I__s9913__instance__severe,instance,severe,hellinger,E1_fixed / none_unscreened,E2_RL / error_rule,cross_experiment,-0.05453072986396179,-0.044784688995215316,0.28596552937038344,-0.2677796766136453,,,-8.333333333333334,0.0
RBF_I,RBF_I__s9913__instance__severe,instance,severe,hellinger,E1_fixed / none_unscreened,E2_RL / none_screened,cross_experiment,-0.0220175927856735,-0.017129186602870827,0.3788251846640872,-0.35795977389246747,,,0.0,0.0
RBF_I,RBF_I__s9913__instance__severe,instance,severe,hellinger,E1_fixed / none_unscreened,E2_RL / selected_map,cross_experiment,-0.0220175927856735,-0.017129186602870827,0.3788251846640872,-0.35795977389246747,,,0.0,0.0
RBF_I,RBF_I__s9913__instance__severe,instance,severe,hellinger,E1_fixed / none_unscreened,E3_filter / confirmed_screened_filter_learned_features,cross_experiment,-0.008788422751431102,-0.0012440191387559918,0.3997186071051706,-0.3864335480478507,,,0.0,3716.666666666657
RBF_I,RBF_I__s9913__instance__severe,instance,severe,hellinger,E1_fixed / none_unscreened,E3_filter / confirmed_screened_filter_learned_features_label,cross_experiment,-0.0033554029776793337,0.0047846889952152805,0.38860358775940906,-0.3992112527934797,,,0.0,4353.333333333343
RBF_I,RBF_I__s9913__instance__severe,instance,severe,hellinger,E1_fixed / none_unscreened,E3_filter / confirmed_screened_filter_none,cross_experiment,-0.0220175927856735,-0.017129186602870827,0.3788251846640872,-0.35795977389246747,,,0.0,0.0
RBF_I,RBF_I__s9913__instance__severe,instance,severe,hellinger,E1_fixed / none_unscreened,E3_filter / confirmed_screened_filter_oracle_blocks,cross_experiment,0.028294788283146854,0.048325358851674605,1.0,-1.0,,,0.0,87083.33333333333
RBF_I,RBF_I__s9913__instance__severe,instance,severe,hellinger,E1_fixed / none_unscreened,E3_filter / confirmed_screened_filter_oracle_rows,cross_experiment,-0.037130909407733614,-0.026124401913875606,1.0,-0.3620349677928224,,,0.0,23691.66666666667
RBF_I,RBF_I__s9913__instance__severe,instance,severe,hellinger,E1_fixed / none_unscreened,E3_filter / confirmed_screened_filter_random_blocks,cross_experiment,0.028294788283146854,0.048325358851674605,1.0,-1.0,,,0.0,87083.33333333333
RBF_I,RBF_I__s9913__instance__severe,instance,severe,hellinger,E1_fixed / none_unscreened,E3_filter / confirmed_screened_filter_random_rows,cross_experiment,-0.006496734700800921,0.0022200956937798444,0.5017938797045375,-0.49386091757591694,,,0.0,23691.66666666667
RBF_I,RBF_I__s9913__instance__severe,instance,severe,hellinger,E1_fixed / none_unscreened,E3_filter / none_screened_filter_learned_features,cross_experiment,-0.008788422751431102,-0.0012440191387559918,0.3997186071051706,-0.3864335480478507,,,0.0,3716.666666666657
RBF_I,RBF_I__s9913__instance__severe,instance,severe,hellinger,E1_fixed / none_unscreened,E3_filter / none_screened_filter_learned_features_label,cross_experiment,-0.0033554029776793337,0.0047846889952152805,0.38860358775940906,-0.3992112527934797,,,0.0,4353.333333333343
RBF_I,RBF_I__s9913__instance__severe,instance,severe,hellinger,E1_fixed / none_unscreened,E3_filter / none_screened_filter_none,cross_experiment,-0.0220175927856735,-0.017129186602870827,0.3788251846640872,-0.35795977389246747,,,0.0,0.0
RBF_I,RBF_I__s9913__instance__severe,instance,severe,hellinger,E2_RL / RL_2state,E3_filter / confirmed_screened_filter_learned_features,cross_experiment,0.013229170034242399,0.015885167464114835,0.020893422441083387,-0.028473774155383214,,,0.0,3716.666666666657
RBF_I,RBF_I__s9913__instance__severe,instance,severe,hellinger,E2_RL / RL_2state,E3_filter / confirmed_screened_filter_learned_features_label,cross_experiment,0.018662189807994167,0.021913875598086108,0.009778403095321853,-0.04125147890101222,,,0.0,4353.333333333343
RBF_I,RBF_I__s9913__instance__severe,instance,severe,hellinger,E2_RL / RL_2state,E3_filter / confirmed_screened_filter_none,cross_experiment,0.0,0.0,0.0,0.0,,,0.0,0.0
RBF_I,RBF_I__s9913__instance__severe,instance,severe,hellinger,E2_RL / RL_2state,E3_filter / confirmed_screened_filter_oracle_blocks,cross_experiment,0.050312381068820355,0.06545454545454543,0.6211748153359128,-0.6420402261075325,,,0.0,87083.33333333333
RBF_I,RBF_I__s9913__instance__severe,instance,severe,hellinger,E2_RL / RL_2state,E3_filter / confirmed_screened_filter_oracle_rows,cross_experiment,-0.015113316622060113,-0.008995215311004778,0.6211748153359128,-0.004075193900354934,,,0.0,23691.66666666667
RBF_I,RBF_I__s9913__instance__severe,instance,severe,hellinger,E2_RL / RL_2state,E3_filter / confirmed_screened_filter_random_blocks,cross_experiment,0.050312381068820355,0.06545454545454543,0.6211748153359128,-0.6420402261075325,,,0.0,87083.33333333333
RBF_I,RBF_I__s9913__instance__severe,instance,severe,hellinger,E2_RL / RL_2state,E3_filter / confirmed_screened_filter_random_rows,cross_experiment,0.01552085808487258,0.01934928229665067,0.12296869504045027,-0.13590114368344947,,,0.0,23691.66666666667
RBF_I,RBF_I__s9913__instance__severe,instance,severe,hellinger,E2_RL / RL_2state,E3_filter / none_screened_filter_learned_features,cross_experiment,0.013229170034242399,0.015885167464114835,0.020893422441083387,-0.028473774155383214,,,0.0,3716.666666666657
RBF_I,RBF_I__s9913__instance__severe,instance,severe,hellinger,E2_RL / RL_2state,E3_filter / none_screened_filter_learned_features_label,cross_experiment,0.018662189807994167,0.021913875598086108,0.009778403095321853,-0.04125147890101222,,,0.0,4353.333333333343
RBF_I,RBF_I__s9913__instance__severe,instance,severe,hellinger,E2_RL / RL_2state,E3_filter / none_screened_filter_none,cross_experiment,0.0,0.0,0.0,0.0,,,0.0,0.0
RBF_I,RBF_I__s9913__instance__severe,instance,severe,hellinger,E2_RL / RL_4state,E3_filter / confirmed_screened_filter_learned_features,cross_experiment,0.013229170034242399,0.015885167464114835,0.020893422441083387,-0.028473774155383214,,,0.0,3716.666666666657
RBF_I,RBF_I__s9913__instance__severe,instance,severe,hellinger,E2_RL / RL_4state,E3_filter / confirmed_screened_filter_learned_features_label,cross_experiment,0.018662189807994167,0.021913875598086108,0.009778403095321853,-0.04125147890101222,,,0.0,4353.333333333343
RBF_I,RBF_I__s9913__instance__severe,instance,severe,hellinger,E2_RL / RL_4state,E3_filter / confirmed_screened_filter_none,cross_experiment,0.0,0.0,0.0,0.0,,,0.0,0.0
RBF_I,RBF_I__s9913__instance__severe,instance,severe,hellinger,E2_RL / RL_4state,E3_filter / confirmed_screened_filter_oracle_blocks,cross_experiment,0.050312381068820355,0.06545454545454543,0.6211748153359128,-0.6420402261075325,,,0.0,87083.33333333333
RBF_I,RBF_I__s9913__instance__severe,instance,severe,hellinger,E2_RL / RL_4state,E3_filter / confirmed_screened_filter_oracle_rows,cross_experiment,-0.015113316622060113,-0.008995215311004778,0.6211748153359128,-0.004075193900354934,,,0.0,23691.66666666667
RBF_I,RBF_I__s9913__instance__severe,instance,severe,hellinger,E2_RL / RL_4state,E3_filter / confirmed_screened_filter_random_blocks,cross_experiment,0.050312381068820355,0.06545454545454543,0.6211748153359128,-0.6420402261075325,,,0.0,87083.33333333333
RBF_I,RBF_I__s9913__instance__severe,instance,severe,hellinger,E2_RL / RL_4state,E3_filter / confirmed_screened_filter_random_rows,cross_experiment,0.01552085808487258,0.01934928229665067,0.12296869504045027,-0.13590114368344947,,,0.0,23691.66666666667
RBF_I,RBF_I__s9913__instance__severe,instance,severe,hellinger,E2_RL / RL_4state,E3_filter / none_screened_filter_learned_features,cross_experiment,0.013229170034242399,0.015885167464114835,0.020893422441083387,-0.028473774155383214,,,0.0,3716.666666666657
RBF_I,RBF_I__s9913__instance__severe,instance,severe,hellinger,E2_RL / RL_4state,E3_filter / none_screened_filter_learned_features_label,cross_experiment,0.018662189807994167,0.021913875598086108,0.009778403095321853,-0.04125147890101222,,,0.0,4353.333333333343
RBF_I,RBF_I__s9913__instance__severe,instance,severe,hellinger,E2_RL / RL_4state,E3_filter / none_screened_filter_none,cross_experiment,0.0,0.0,0.0,0.0,,,0.0,0.0
RBF_I,RBF_I__s9913__instance__severe,instance,severe,hellinger,E2_RL / confirmed_screened,E3_filter / confirmed_screened_filter_learned_features,cross_experiment,0.013229170034242399,0.015885167464114835,0.020893422441083387,-0.028473774155383214,,,0.0,3716.666666666657
RBF_I,RBF_I__s9913__instance__severe,instance,severe,hellinger,E2_RL / confirmed_screened,E3_filter / confirmed_screened_filter_learned_features_label,cross_experiment,0.018662189807994167,0.021913875598086108,0.009778403095321853,-0.04125147890101222,,,0.0,4353.333333333343
RBF_I,RBF_I__s9913__instance__severe,instance,severe,hellinger,E2_RL / confirmed_screened,E3_filter / confirmed_screened_filter_none,cross_experiment,0.0,0.0,0.0,0.0,,,0.0,0.0
RBF_I,RBF_I__s9913__instance__severe,instance,severe,hellinger,E2_RL / confirmed_screened,E3_filter / confirmed_screened_filter_oracle_blocks,cross_experiment,0.050312381068820355,0.06545454545454543,0.6211748153359128,-0.6420402261075325,,,0.0,87083.33333333333
RBF_I,RBF_I__s9913__instance__severe,instance,severe,hellinger,E2_RL / confirmed_screened,E3_filter / confirmed_screened_filter_oracle_rows,cross_experiment,-0.015113316622060113,-0.008995215311004778,0.6211748153359128,-0.004075193900354934,,,0.0,23691.66666666667
RBF_I,RBF_I__s9913__instance__severe,instance,severe,hellinger,E2_RL / confirmed_screened,E3_filter / confirmed_screened_filter_random_blocks,cross_experiment,0.050312381068820355,0.06545454545454543,0.6211748153359128,-0.6420402261075325,,,0.0,87083.33333333333
RBF_I,RBF_I__s9913__instance__severe,instance,severe,hellinger,E2_RL / confirmed_screened,E3_filter / confirmed_screened_filter_random_rows,cross_experiment,0.01552085808487258,0.01934928229665067,0.12296869504045027,-0.13590114368344947,,,0.0,23691.66666666667
RBF_I,RBF_I__s9913__instance__severe,instance,severe,hellinger,E2_RL / confirmed_screened,E3_filter / none_screened_filter_learned_features,cross_experiment,0.013229170034242399,0.015885167464114835,0.020893422441083387,-0.028473774155383214,,,0.0,3716.666666666657
RBF_I,RBF_I__s9913__instance__severe,instance,severe,hellinger,E2_RL / confirmed_screened,E3_filter / none_screened_filter_learned_features_label,cross_experiment,0.018662189807994167,0.021913875598086108,0.009778403095321853,-0.04125147890101222,,,0.0,4353.333333333343
RBF_I,RBF_I__s9913__instance__severe,instance,severe,hellinger,E2_RL / confirmed_screened,E3_filter / none_screened_filter_none,cross_experiment,0.0,0.0,0.0,0.0,,,0.0,0.0
RBF_I,RBF_I__s9913__instance__severe,instance,severe,hellinger,E2_RL / error_rule,E3_filter / confirmed_screened_filter_learned_features,cross_experiment,0.04574230711253069,0.043540669856459324,0.11375307773478716,-0.11865387143420536,,,8.333333333333334,3716.666666666657
RBF_I,RBF_I__s9913__instance__severe,instance,severe,hellinger,E2_RL / error_rule,E3_filter / confirmed_screened_filter_learned_features_label,cross_experiment,0.05117532688628246,0.049569377990430596,0.10263805838902562,-0.13143157617983436,,,8.333333333333334,4353.333333333343
RBF_I,RBF_I__s9913__instance__severe,instance,severe,hellinger,E2_RL / error_rule,E3_filter / confirmed_screened_filter_none,cross_experiment,0.03251313707828829,0.02765550239234449,0.09285965529370377,-0.09018009727882215,,,8.333333333333334,0.0
RBF_I,RBF_I__s9913__instance__severe,instance,severe,hellinger,E2_RL / error_rule,E3_filter / confirmed_screened_filter_oracle_blocks,cross_experiment,0.08282551814710865,0.09311004784688992,0.7140344706296166,-0.7322203233863547,,,8.333333333333334,87083.33333333333
RBF_I,RBF_I__s9913__instance__severe,instance,severe,hellinger,E2_RL / error_rule,E3_filter / confirmed_screened_filter_oracle_rows,cross_experiment,0.017399820456228177,0.01866028708133971,0.7140344706296166,-0.09425529117917708,,,8.333333333333334,23691.66666666667
RBF_I,RBF_I__s9913__instance__severe,instance,severe,hellinger,E2_RL / error_rule,E3_filter / confirmed_screened_filter_random_blocks,cross_experiment,0.08282551814710865,0.09311004784688992,0.7140344706296166,-0.7322203233863547,,,8.333333333333334,87083.33333333333
RBF_I,RBF_I__s9913__instance__severe,instance,severe,hellinger,E2_RL / error_rule,E3_filter / confirmed_screened_filter_random_rows,cross_experiment,0.04803399516316087,0.04700478468899516,0.21582835033415404,-0.2260812409622716,,,8.333333333333334,23691.66666666667
RBF_I,RBF_I__s9913__instance__severe,instance,severe,hellinger,E2_RL / error_rule,E3_filter / none_screened_filter_learned_features,cross_experiment,0.04574230711253069,0.043540669856459324,0.11375307773478716,-0.11865387143420536,,,8.333333333333334,3716.666666666657
RBF_I,RBF_I__s9913__instance__severe,instance,severe,hellinger,E2_RL / error_rule,E3_filter / none_screened_filter_learned_features_label,cross_experiment,0.05117532688628246,0.049569377990430596,0.10263805838902562,-0.13143157617983436,,,8.333333333333334,4353.333333333343
RBF_I,RBF_I__s9913__instance__severe,instance,severe,hellinger,E2_RL / error_rule,E3_filter / none_screened_filter_none,cross_experiment,0.03251313707828829,0.02765550239234449,0.09285965529370377,-0.09018009727882215,,,8.333333333333334,0.0
RBF_I,RBF_I__s9913__instance__severe,instance,severe,hellinger,E2_RL / none_screened,E3_filter / confirmed_screened_filter_learned_features,cross_experiment,0.013229170034242399,0.015885167464114835,0.020893422441083387,-0.028473774155383214,,,0.0,3716.666666666657
RBF_I,RBF_I__s9913__instance__severe,instance,severe,hellinger,E2_RL / none_screened,E3_filter / confirmed_screened_filter_learned_features_label,cross_experiment,0.018662189807994167,0.021913875598086108,0.009778403095321853,-0.04125147890101222,,,0.0,4353.333333333343
RBF_I,RBF_I__s9913__instance__severe,instance,severe,hellinger,E2_RL / none_screened,E3_filter / confirmed_screened_filter_none,cross_experiment,0.0,0.0,0.0,0.0,,,0.0,0.0
RBF_I,RBF_I__s9913__instance__severe,instance,severe,hellinger,E2_RL / none_screened,E3_filter / confirmed_screened_filter_oracle_blocks,cross_experiment,0.050312381068820355,0.06545454545454543,0.6211748153359128,-0.6420402261075325,,,0.0,87083.33333333333
RBF_I,RBF_I__s9913__instance__severe,instance,severe,hellinger,E2_RL / none_screened,E3_filter / confirmed_screened_filter_oracle_rows,cross_experiment,-0.015113316622060113,-0.008995215311004778,0.6211748153359128,-0.004075193900354934,,,0.0,23691.66666666667
RBF_I,RBF_I__s9913__instance__severe,instance,severe,hellinger,E2_RL / none_screened,E3_filter / confirmed_screened_filter_random_blocks,cross_experiment,0.050312381068820355,0.06545454545454543,0.6211748153359128,-0.6420402261075325,,,0.0,87083.33333333333
RBF_I,RBF_I__s9913__instance__severe,instance,severe,hellinger,E2_RL / none_screened,E3_filter / confirmed_screened_filter_random_rows,cross_experiment,0.01552085808487258,0.01934928229665067,0.12296869504045027,-0.13590114368344947,,,0.0,23691.66666666667
RBF_I,RBF_I__s9913__instance__severe,instance,severe,hellinger,E2_RL / none_screened,E3_filter / none_screened_filter_learned_features,cross_experiment,0.013229170034242399,0.015885167464114835,0.020893422441083387,-0.028473774155383214,,,0.0,3716.666666666657
RBF_I,RBF_I__s9913__instance__severe,instance,severe,hellinger,E2_RL / none_screened,E3_filter / none_screened_filter_learned_features_label,cross_experiment,0.018662189807994167,0.021913875598086108,0.009778403095321853,-0.04125147890101222,,,0.0,4353.333333333343
RBF_I,RBF_I__s9913__instance__severe,instance,severe,hellinger,E2_RL / none_screened,E3_filter / none_screened_filter_none,cross_experiment,0.0,0.0,0.0,0.0,,,0.0,0.0
RBF_I,RBF_I__s9913__instance__severe,instance,severe,hellinger,E2_RL / selected_map,E3_filter / confirmed_screened_filter_learned_features,cross_experiment,0.013229170034242399,0.015885167464114835,0.020893422441083387,-0.028473774155383214,,,0.0,3716.666666666657
RBF_I,RBF_I__s9913__instance__severe,instance,severe,hellinger,E2_RL / selected_map,E3_filter / confirmed_screened_filter_learned_features_label,cross_experiment,0.018662189807994167,0.021913875598086108,0.009778403095321853,-0.04125147890101222,,,0.0,4353.333333333343
RBF_I,RBF_I__s9913__instance__severe,instance,severe,hellinger,E2_RL / selected_map,E3_filter / confirmed_screened_filter_none,cross_experiment,0.0,0.0,0.0,0.0,,,0.0,0.0
RBF_I,RBF_I__s9913__instance__severe,instance,severe,hellinger,E2_RL / selected_map,E3_filter / confirmed_screened_filter_oracle_blocks,cross_experiment,0.050312381068820355,0.06545454545454543,0.6211748153359128,-0.6420402261075325,,,0.0,87083.33333333333
RBF_I,RBF_I__s9913__instance__severe,instance,severe,hellinger,E2_RL / selected_map,E3_filter / confirmed_screened_filter_oracle_rows,cross_experiment,-0.015113316622060113,-0.008995215311004778,0.6211748153359128,-0.004075193900354934,,,0.0,23691.66666666667
RBF_I,RBF_I__s9913__instance__severe,instance,severe,hellinger,E2_RL / selected_map,E3_filter / confirmed_screened_filter_random_blocks,cross_experiment,0.050312381068820355,0.06545454545454543,0.6211748153359128,-0.6420402261075325,,,0.0,87083.33333333333
RBF_I,RBF_I__s9913__instance__severe,instance,severe,hellinger,E2_RL / selected_map,E3_filter / confirmed_screened_filter_random_rows,cross_experiment,0.01552085808487258,0.01934928229665067,0.12296869504045027,-0.13590114368344947,,,0.0,23691.66666666667
RBF_I,RBF_I__s9913__instance__severe,instance,severe,hellinger,E2_RL / selected_map,E3_filter / none_screened_filter_learned_features,cross_experiment,0.013229170034242399,0.015885167464114835,0.020893422441083387,-0.028473774155383214,,,0.0,3716.666666666657
RBF_I,RBF_I__s9913__instance__severe,instance,severe,hellinger,E2_RL / selected_map,E3_filter / none_screened_filter_learned_features_label,cross_experiment,0.018662189807994167,0.021913875598086108,0.009778403095321853,-0.04125147890101222,,,0.0,4353.333333333343
RBF_I,RBF_I__s9913__instance__severe,instance,severe,hellinger,E2_RL / selected_map,E3_filter / none_screened_filter_none,cross_experiment,0.0,0.0,0.0,0.0,,,0.0,0.0
SEA_A,SEA_A__s9913__clean__none,clean,none,adwin,E1_fixed / confirmed_screened,E2_RL / RL_2state,cross_experiment,-7.209224033344341e-05,-0.0005741626794257826,,0.0,,,8.333333333333334,15833.333333333343
SEA_A,SEA_A__s9913__clean__none,clean,none,adwin,E1_fixed / confirmed_screened,E2_RL / RL_4state,cross_experiment,-7.209224033344341e-05,-0.0005741626794257826,,0.0,,,8.333333333333334,15833.333333333343
SEA_A,SEA_A__s9913__clean__none,clean,none,adwin,E1_fixed / confirmed_screened,E2_RL / confirmed_screened,cross_experiment,0.0,0.0,,0.0,,,0.0,0.0
SEA_A,SEA_A__s9913__clean__none,clean,none,adwin,E1_fixed / confirmed_screened,E2_RL / error_rule,cross_experiment,-0.008421323122668856,-0.0072727272727273196,,-0.09090909090909088,,,-8.333333333333334,15833.333333333343
SEA_A,SEA_A__s9913__clean__none,clean,none,adwin,E1_fixed / confirmed_screened,E2_RL / none_screened,cross_experiment,-7.209224033344341e-05,-0.0005741626794257826,,0.0,,,8.333333333333334,15833.333333333343
SEA_A,SEA_A__s9913__clean__none,clean,none,adwin,E1_fixed / confirmed_screened,E2_RL / selected_map,cross_experiment,-0.0012327392605202547,-0.0015311004784689386,,-0.09090909090909088,,,0.0,15833.333333333343
SEA_A,SEA_A__s9913__clean__none,clean,none,adwin,E1_fixed / confirmed_screened,E3_filter / confirmed_screened_filter_learned_features,cross_experiment,-0.026095756157273997,-0.021301435406698488,,-0.14147368421052636,,,3.333333333333334,7718.333333333343
SEA_A,SEA_A__s9913__clean__none,clean,none,adwin,E1_fixed / confirmed_screened,E3_filter / confirmed_screened_filter_learned_features_label,cross_experiment,-0.036356071207362284,-0.030660287081339832,,-0.03900478468899521,,,8.333333333333334,19915.0
SEA_A,SEA_A__s9913__clean__none,clean,none,adwin,E1_fixed / confirmed_screened,E3_filter / confirmed_screened_filter_none,cross_experiment,0.0,0.0,,0.0,,,0.0,0.0
SEA_A,SEA_A__s9913__clean__none,clean,none,adwin,E1_fixed / confirmed_screened,E3_filter / confirmed_screened_filter_oracle_blocks,cross_experiment,0.0,0.0,,0.0,,,0.0,0.0
SEA_A,SEA_A__s9913__clean__none,clean,none,adwin,E1_fixed / confirmed_screened,E3_filter / confirmed_screened_filter_oracle_rows,cross_experiment,0.0,0.0,,0.0,,,0.0,0.0
SEA_A,SEA_A__s9913__clean__none,clean,none,adwin,E1_fixed / confirmed_screened,E3_filter / confirmed_screened_filter_random_blocks,cross_experiment,0.0,0.0,,0.0,,,0.0,0.0
SEA_A,SEA_A__s9913__clean__none,clean,none,adwin,E1_fixed / confirmed_screened,E3_filter / confirmed_screened_filter_random_rows,cross_experiment,0.0,0.0,,0.0,,,0.0,0.0
SEA_A,SEA_A__s9913__clean__none,clean,none,adwin,E1_fixed / confirmed_screened,E3_filter / none_screened_filter_learned_features,cross_experiment,-0.026562249626857604,-0.021550239234449764,,-0.106622009569378,,,8.333333333333334,19785.0
SEA_A,SEA_A__s9913__clean__none,clean,none,adwin,E1_fixed / confirmed_screened,E3_filter / none_screened_filter_learned_features_label,cross_experiment,-0.036356071207362284,-0.030660287081339832,,-0.03900478468899521,,,8.333333333333334,19915.0
SEA_A,SEA_A__s9913__clean__none,clean,none,adwin,E1_fixed / confirmed_screened,E3_filter / none_screened_filter_none,cross_experiment,-7.209224033344341e-05,-0.0005741626794257826,,0.0,,,8.333333333333334,15833.333333333343
SEA_A,SEA_A__s9913__clean__none,clean,none,adwin,E1_fixed / confirmed_unscreened,E2_RL / RL_2state,cross_experiment,0.017021251822017858,0.0130143540669857,,-0.18181818181818182,,,0.0,0.0
SEA_A,SEA_A__s9913__clean__none,clean,none,adwin,E1_fixed / confirmed_unscreened,E2_RL / RL_4state,cross_experiment,0.017021251822017858,0.0130143540669857,,-0.18181818181818182,,,0.0,0.0
SEA_A,SEA_A__s9913__clean__none,clean,none,adwin,E1_fixed / confirmed_unscreened,E2_RL / confirmed_screened,cross_experiment,0.0170933440623513,0.013588516746411483,,-0.18181818181818182,,,-8.333333333333334,-15833.333333333343
SEA_A,SEA_A__s9913__clean__none,clean,none,adwin,E1_fixed / confirmed_unscreened,E2_RL / error_rule,cross_experiment,0.008672020939682445,0.0063157894736841635,,-0.2727272727272727,,,-16.666666666666668,0.0
SEA_A,SEA_A__s9913__clean__none,clean,none,adwin,E1_fixed / confirmed_unscreened,E2_RL / none_screened,cross_experiment,0.017021251822017858,0.0130143540669857,,-0.18181818181818182,,,0.0,0.0
SEA_A,SEA_A__s9913__clean__none,clean,none,adwin,E1_fixed / confirmed_unscreened,E2_RL / selected_map,cross_experiment,0.015860604801831046,0.012057416267942545,,-0.2727272727272727,,,-8.333333333333334,0.0
SEA_A,SEA_A__s9913__clean__none,clean,none,adwin,E1_fixed / confirmed_unscreened,E3_filter / confirmed_screened_filter_learned_features,cross_experiment,-0.009002412094922696,-0.007712918660287005,,-0.3232918660287082,,,-5.0,-8115.0
SEA_A,SEA_A__s9913__clean__none,clean,none,adwin,E1_fixed / confirmed_unscreened,E3_filter / confirmed_screened_filter_learned_features_label,cross_experiment,-0.019262727145010983,-0.01707177033492835,,-0.22082296650717703,,,0.0,4081.666666666657
SEA_A,SEA_A__s9913__clean__none,clean,none,adwin,E1_fixed / confirmed_unscreened,E3_filter / confirmed_screened_filter_none,cross_experiment,0.0170933440623513,0.013588516746411483,,-0.18181818181818182,,,-8.333333333333334,-15833.333333333343
SEA_A,SEA_A__s9913__clean__none,clean,none,adwin,E1_fixed / confirmed_unscreened,E3_filter / confirmed_screened_filter_oracle_blocks,cross_experiment,0.0170933440623513,0.013588516746411483,,-0.18181818181818182,,,-8.333333333333334,-15833.333333333343
SEA_A,SEA_A__s9913__clean__none,clean,none,adwin,E1_fixed / confirmed_unscreened,E3_filter / confirmed_screened_filter_oracle_rows,cross_experiment,0.0170933440623513,0.013588516746411483,,-0.18181818181818182,,,-8.333333333333334,-15833.333333333343
SEA_A,SEA_A__s9913__clean__none,clean,none,adwin,E1_fixed / confirmed_unscreened,E3_filter / confirmed_screened_filter_random_blocks,cross_experiment,0.0170933440623513,0.013588516746411483,,-0.18181818181818182,,,-8.333333333333334,-15833.333333333343
SEA_A,SEA_A__s9913__clean__none,clean,none,adwin,E1_fixed / confirmed_unscreened,E3_filter / confirmed_screened_filter_random_rows,cross_experiment,0.0170933440623513,0.013588516746411483,,-0.18181818181818182,,,-8.333333333333334,-15833.333333333343
SEA_A,SEA_A__s9913__clean__none,clean,none,adwin,E1_fixed / confirmed_unscreened,E3_filter / none_screened_filter_learned_features,cross_experiment,-0.009468905564506302,-0.00796172248803828,,-0.28844019138755983,,,0.0,3951.666666666657
SEA_A,SEA_A__s9913__clean__none,clean,none,adwin,E1_fixed / confirmed_unscreened,E3_filter / none_screened_filter_learned_features_label,cross_experiment,-0.019262727145010983,-0.01707177033492835,,-0.22082296650717703,,,0.0,4081.666666666657
SEA_A,SEA_A__s9913__clean__none,clean,none,adwin,E1_fixed / confirmed_unscreened,E3_filter / none_screened_filter_none,cross_experiment,0.017021251822017858,0.0130143540669857,,-0.18181818181818182,,,0.0,0.0
SEA_A,SEA_A__s9913__clean__none,clean,none,adwin,E1_fixed / immediate_screened,E2_RL / RL_2state,cross_experiment,0.0011606470201868113,0.000956937799043156,,0.09090909090909088,,,8.333333333333334,0.0
SEA_A,SEA_A__s9913__clean__none,clean,none,adwin,E1_fixed / immediate_screened,E2_RL / RL_4state,cross_experiment,0.0011606470201868113,0.000956937799043156,,0.09090909090909088,,,8.333333333333334,0.0
SEA_A,SEA_A__s9913__clean__none,clean,none,adwin,E1_fixed / immediate_screened,E2_RL / confirmed_screened,cross_experiment,0.0012327392605202547,0.0015311004784689386,,0.09090909090909088,,,0.0,-15833.333333333343
SEA_A,SEA_A__s9913__clean__none,clean,none,adwin,E1_fixed / immediate_screened,E2_RL / error_rule,cross_experiment,-0.007188583862148601,-0.005741626794258381,,0.0,,,-8.333333333333334,0.0
SEA_A,SEA_A__s9913__clean__none,clean,none,adwin,E1_fixed / immediate_screened,E2_RL / none_screened,cross_experiment,0.0011606470201868113,0.000956937799043156,,0.09090909090909088,,,8.333333333333334,0.0
SEA_A,SEA_A__s9913__clean__none,clean,none,adwin,E1_fixed / immediate_screened,E2_RL / selected_map,cross_experiment,0.0,0.0,,0.0,,,0.0,0.0
SEA_A,SEA_A__s9913__clean__none,clean,none,adwin,E1_fixed / immediate_screened,E3_filter / confirmed_screened_filter_learned_features,cross_experiment,-0.024863016896753742,-0.01977033492822955,,-0.05056459330143548,,,3.333333333333334,-8115.0
SEA_A,SEA_A__s9913__clean__none,clean,none,adwin,E1_fixed / immediate_screened,E3_filter / confirmed_screened_filter_learned_features_label,cross_experiment,-0.03512333194684203,-0.029129186602870893,,0.051904306220095675,,,8.333333333333334,4081.666666666657
SEA_A,SEA_A__s9913__clean__none,clean,none,adwin,E1_fixed / immediate_screened,E3_filter / confirmed_screened_filter_none,cross_experiment,0.0012327392605202547,0.0015311004784689386,,0.09090909090909088,,,0.0,-15833.333333333343
SEA_A,SEA_A__s9913__clean__none,clean,none,adwin,E1_fixed / immediate_screened,E3_filter / confirmed_screened_filter_oracle_blocks,cross_experiment,0.0012327392605202547,0.0015311004784689386,,0.09090909090909088,,,0.0,-15833.333333333343
SEA_A,SEA_A__s9913__clean__none,clean,none,adwin,E1_fixed / immediate_screened,E3_filter / confirmed_screened_filter_oracle_rows,cross_experiment,0.0012327392605202547,0.0015311004784689386,,0.09090909090909088,,,0.0,-15833.333333333343
SEA_A,SEA_A__s9913__clean__none,clean,none,adwin,E1_fixed / immediate_screened,E3_filter / confirmed_screened_filter_random_blocks,cross_experiment,0.0012327392605202547,0.0015311004784689386,,0.09090909090909088,,,0.0,-15833.333333333343
SEA_A,SEA_A__s9913__clean__none,clean,none,adwin,E1_fixed / immediate_screened,E3_filter / confirmed_screened_filter_random_rows,cross_experiment,0.0012327392605202547,0.0015311004784689386,,0.09090909090909088,,,0.0,-15833.333333333343
SEA_A,SEA_A__s9913__clean__none,clean,none,adwin,E1_fixed / immediate_screened,E3_filter / none_screened_filter_learned_features,cross_experiment,-0.02532951036633735,-0.020019138755980825,,-0.015712918660287123,,,8.333333333333334,3951.666666666657
SEA_A,SEA_A__s9913__clean__none,clean,none,adwin,E1_fixed / immediate_screened,E3_filter / none_screened_filter_learned_features_label,cross_experiment,-0.03512333194684203,-0.029129186602870893,,0.051904306220095675,,,8.333333333333334,4081.666666666657
SEA_A,SEA_A__s9913__clean__none,clean,none,adwin,E1_fixed / immediate_screened,E3_filter / none_screened_filter_none,cross_experiment,0.0011606470201868113,0.000956937799043156,,0.09090909090909088,,,8.333333333333334,0.0
SEA_A,SEA_A__s9913__clean__none,clean,none,adwin,E1_fixed / immediate_unscreened,E2_RL / RL_2state,cross_experiment,0.028021796489440032,0.023444976076555046,,-0.18181818181818182,,,16.666666666666668,0.0
SEA_A,SEA_A__s9913__clean__none,clean,none,adwin,E1_fixed / immediate_unscreened,E2_RL / RL_4state,cross_experiment,0.028021796489440032,0.023444976076555046,,-0.18181818181818182,,,16.666666666666668,0.0
SEA_A,SEA_A__s9913__clean__none,clean,none,adwin,E1_fixed / immediate_unscreened,E2_RL / confirmed_screened,cross_experiment,0.028093888729773475,0.02401913875598083,,-0.18181818181818182,,,8.333333333333334,-15833.333333333343
SEA_A,SEA_A__s9913__clean__none,clean,none,adwin,E1_fixed / immediate_unscreened,E2_RL / error_rule,cross_experiment,0.01967256560710462,0.01674641148325351,,-0.2727272727272727,,,0.0,0.0
SEA_A,SEA_A__s9913__clean__none,clean,none,adwin,E1_fixed / immediate_unscreened,E2_RL / none_screened,cross_experiment,0.028021796489440032,0.023444976076555046,,-0.18181818181818182,,,16.666666666666668,0.0
SEA_A,SEA_A__s9913__clean__none,clean,none,adwin,E1_fixed / immediate_unscreened,E2_RL / selected_map,cross_experiment,0.02686114946925322,0.02248803827751189,,-0.2727272727272727,,,8.333333333333334,0.0
SEA_A,SEA_A__s9913__clean__none,clean,none,adwin,E1_fixed / immediate_unscreened,E3_filter / confirmed_screened_filter_learned_features,cross_experiment,0.001998132572499478,0.002717703349282341,,-0.3232918660287082,,,11.666666666666668,-8115.0
SEA_A,SEA_A__s9913__clean__none,clean,none,adwin,E1_fixed / immediate_unscreened,E3_filter / confirmed_screened_filter_learned_features_label,cross_experiment,-0.008262182477588809,-0.006641148325359003,,-0.22082296650717703,,,16.666666666666668,4081.666666666657
SEA_A,SEA_A__s9913__clean__none,clean,none,adwin,E1_fixed / immediate_unscreened,E3_filter / confirmed_screened_filter_none,cross_experiment,0.028093888729773475,0.02401913875598083,,-0.18181818181818182,,,8.333333333333334,-15833.333333333343
SEA_A,SEA_A__s9913__clean__none,clean,none,adwin,E1_fixed / immediate_unscreened,E3_filter / confirmed_screened_filter_oracle_blocks,cross_experiment,0.028093888729773475,0.02401913875598083,,-0.18181818181818182,,,8.333333333333334,-15833.333333333343
SEA_A,SEA_A__s9913__clean__none,clean,none,adwin,E1_fixed / immediate_unscreened,E3_filter / confirmed_screened_filter_oracle_rows,cross_experiment,0.028093888729773475,0.02401913875598083,,-0.18181818181818182,,,8.333333333333334,-15833.333333333343
SEA_A,SEA_A__s9913__clean__none,clean,none,adwin,E1_fixed / immediate_unscreened,E3_filter / confirmed_screened_filter_random_blocks,cross_experiment,0.028093888729773475,0.02401913875598083,,-0.18181818181818182,,,8.333333333333334,-15833.333333333343
SEA_A,SEA_A__s9913__clean__none,clean,none,adwin,E1_fixed / immediate_unscreened,E3_filter / confirmed_screened_filter_random_rows,cross_experiment,0.028093888729773475,0.02401913875598083,,-0.18181818181818182,,,8.333333333333334,-15833.333333333343
SEA_A,SEA_A__s9913__clean__none,clean,none,adwin,E1_fixed / immediate_unscreened,E3_filter / none_screened_filter_learned_features,cross_experiment,0.0015316391029158716,0.002468899521531065,,-0.28844019138755983,,,16.666666666666668,3951.666666666657
SEA_A,SEA_A__s9913__clean__none,clean,none,adwin,E1_fixed / immediate_unscreened,E3_filter / none_screened_filter_learned_features_label,cross_experiment,-0.008262182477588809,-0.006641148325359003,,-0.22082296650717703,,,16.666666666666668,4081.666666666657
SEA_A,SEA_A__s9913__clean__none,clean,none,adwin,E1_fixed / immediate_unscreened,E3_filter / none_screened_filter_none,cross_experiment,0.028021796489440032,0.023444976076555046,,-0.18181818181818182,,,16.666666666666668,0.0
SEA_A,SEA_A__s9913__clean__none,clean,none,adwin,E1_fixed / none_screened,E2_RL / RL_2state,cross_experiment,0.0,0.0,,0.0,,,0.0,0.0
SEA_A,SEA_A__s9913__clean__none,clean,none,adwin,E1_fixed / none_screened,E2_RL / RL_4state,cross_experiment,0.0,0.0,,0.0,,,0.0,0.0
SEA_A,SEA_A__s9913__clean__none,clean,none,adwin,E1_fixed / none_screened,E2_RL / confirmed_screened,cross_experiment,7.209224033344341e-05,0.0005741626794257826,,0.0,,,-8.333333333333334,-15833.333333333343
SEA_A,SEA_A__s9913__clean__none,clean,none,adwin,E1_fixed / none_screened,E2_RL / error_rule,cross_experiment,-0.008349230882335412,-0.006698564593301537,,-0.09090909090909088,,,-16.666666666666668,0.0
SEA_A,SEA_A__s9913__clean__none,clean,none,adwin,E1_fixed / none_screened,E2_RL / none_screened,cross_experiment,0.0,0.0,,0.0,,,0.0,0.0
SEA_A,SEA_A__s9913__clean__none,clean,none,adwin,E1_fixed / none_screened,E2_RL / selected_map,cross_experiment,-0.0011606470201868113,-0.000956937799043156,,-0.09090909090909088,,,-8.333333333333334,0.0
SEA_A,SEA_A__s9913__clean__none,clean,none,adwin,E1_fixed / none_screened,E3_filter / confirmed_screened_filter_learned_features,cross_experiment,-0.026023663916940554,-0.020727272727272705,,-0.14147368421052636,,,-5.0,-8115.0
SEA_A,SEA_A__s9913__clean__none,clean,none,adwin,E1_fixed / none_screened,E3_filter / confirmed_screened_filter_learned_features_label,cross_experiment,-0.03628397896702884,-0.03008612440191405,,-0.03900478468899521,,,0.0,4081.666666666657
SEA_A,SEA_A__s9913__clean__none,clean,none,adwin,E1_fixed / none_screened,E3_filter / confirmed_screened_filter_none,cross_experiment,7.209224033344341e-05,0.0005741626794257826,,0.0,,,-8.333333333333334,-15833.333333333343
SEA_A,SEA_A__s9913__clean__none,clean,none,adwin,E1_fixed / none_screened,E3_filter / confirmed_screened_filter_oracle_blocks,cross_experiment,7.209224033344341e-05,0.0005741626794257826,,0.0,,,-8.333333333333334,-15833.333333333343
SEA_A,SEA_A__s9913__clean__none,clean,none,adwin,E1_fixed / none_screened,E3_filter / confirmed_screened_filter_oracle_rows,cross_experiment,7.209224033344341e-05,0.0005741626794257826,,0.0,,,-8.333333333333334,-15833.333333333343
SEA_A,SEA_A__s9913__clean__none,clean,none,adwin,E1_fixed / none_screened,E3_filter / confirmed_screened_filter_random_blocks,cross_experiment,7.209224033344341e-05,0.0005741626794257826,,0.0,,,-8.333333333333334,-15833.333333333343
SEA_A,SEA_A__s9913__clean__none,clean,none,adwin,E1_fixed / none_screened,E3_filter / confirmed_screened_filter_random_rows,cross_experiment,7.209224033344341e-05,0.0005741626794257826,,0.0,,,-8.333333333333334,-15833.333333333343
SEA_A,SEA_A__s9913__clean__none,clean,none,adwin,E1_fixed / none_screened,E3_filter / none_screened_filter_learned_features,cross_experiment,-0.02649015738652416,-0.02097607655502398,,-0.106622009569378,,,0.0,3951.666666666657
SEA_A,SEA_A__s9913__clean__none,clean,none,adwin,E1_fixed / none_screened,E3_filter / none_screened_filter_learned_features_label,cross_experiment,-0.03628397896702884,-0.03008612440191405,,-0.03900478468899521,,,0.0,4081.666666666657
SEA_A,SEA_A__s9913__clean__none,clean,none,adwin,E1_fixed / none_screened,E3_filter / none_screened_filter_none,cross_experiment,0.0,0.0,,0.0,,,0.0,0.0
SEA_A,SEA_A__s9913__clean__none,clean,none,adwin,E1_fixed / none_unscreened,E2_RL / RL_2state,cross_experiment,0.017021251822017858,0.0130143540669857,,-0.18181818181818182,,,0.0,0.0
SEA_A,SEA_A__s9913__clean__none,clean,none,adwin,E1_fixed / none_unscreened,E2_RL / RL_4state,cross_experiment,0.017021251822017858,0.0130143540669857,,-0.18181818181818182,,,0.0,0.0
SEA_A,SEA_A__s9913__clean__none,clean,none,adwin,E1_fixed / none_unscreened,E2_RL / confirmed_screened,cross_experiment,0.0170933440623513,0.013588516746411483,,-0.18181818181818182,,,-8.333333333333334,-15833.333333333343
SEA_A,SEA_A__s9913__clean__none,clean,none,adwin,E1_fixed / none_unscreened,E2_RL / error_rule,cross_experiment,0.008672020939682445,0.0063157894736841635,,-0.2727272727272727,,,-16.666666666666668,0.0
SEA_A,SEA_A__s9913__clean__none,clean,none,adwin,E1_fixed / none_unscreened,E2_RL / none_screened,cross_experiment,0.017021251822017858,0.0130143540669857,,-0.18181818181818182,,,0.0,0.0
SEA_A,SEA_A__s9913__clean__none,clean,none,adwin,E1_fixed / none_unscreened,E2_RL / selected_map,cross_experiment,0.015860604801831046,0.012057416267942545,,-0.2727272727272727,,,-8.333333333333334,0.0
SEA_A,SEA_A__s9913__clean__none,clean,none,adwin,E1_fixed / none_unscreened,E3_filter / confirmed_screened_filter_learned_features,cross_experiment,-0.009002412094922696,-0.007712918660287005,,-0.3232918660287082,,,-5.0,-8115.0
SEA_A,SEA_A__s9913__clean__none,clean,none,adwin,E1_fixed / none_unscreened,E3_filter / confirmed_screened_filter_learned_features_label,cross_experiment,-0.019262727145010983,-0.01707177033492835,,-0.22082296650717703,,,0.0,4081.666666666657
SEA_A,SEA_A__s9913__clean__none,clean,none,adwin,E1_fixed / none_unscreened,E3_filter / confirmed_screened_filter_none,cross_experiment,0.0170933440623513,0.013588516746411483,,-0.18181818181818182,,,-8.333333333333334,-15833.333333333343
SEA_A,SEA_A__s9913__clean__none,clean,none,adwin,E1_fixed / none_unscreened,E3_filter / confirmed_screened_filter_oracle_blocks,cross_experiment,0.0170933440623513,0.013588516746411483,,-0.18181818181818182,,,-8.333333333333334,-15833.333333333343
SEA_A,SEA_A__s9913__clean__none,clean,none,adwin,E1_fixed / none_unscreened,E3_filter / confirmed_screened_filter_oracle_rows,cross_experiment,0.0170933440623513,0.013588516746411483,,-0.18181818181818182,,,-8.333333333333334,-15833.333333333343
SEA_A,SEA_A__s9913__clean__none,clean,none,adwin,E1_fixed / none_unscreened,E3_filter / confirmed_screened_filter_random_blocks,cross_experiment,0.0170933440623513,0.013588516746411483,,-0.18181818181818182,,,-8.333333333333334,-15833.333333333343
SEA_A,SEA_A__s9913__clean__none,clean,none,adwin,E1_fixed / none_unscreened,E3_filter / confirmed_screened_filter_random_rows,cross_experiment,0.0170933440623513,0.013588516746411483,,-0.18181818181818182,,,-8.333333333333334,-15833.333333333343
SEA_A,SEA_A__s9913__clean__none,clean,none,adwin,E1_fixed / none_unscreened,E3_filter / none_screened_filter_learned_features,cross_experiment,-0.009468905564506302,-0.00796172248803828,,-0.28844019138755983,,,0.0,3951.666666666657
SEA_A,SEA_A__s9913__clean__none,clean,none,adwin,E1_fixed / none_unscreened,E3_filter / none_screened_filter_learned_features_label,cross_experiment,-0.019262727145010983,-0.01707177033492835,,-0.22082296650717703,,,0.0,4081.666666666657
SEA_A,SEA_A__s9913__clean__none,clean,none,adwin,E1_fixed / none_unscreened,E3_filter / none_screened_filter_none,cross_experiment,0.017021251822017858,0.0130143540669857,,-0.18181818181818182,,,0.0,0.0
SEA_A,SEA_A__s9913__clean__none,clean,none,adwin,E2_RL / RL_2state,E3_filter / confirmed_screened_filter_learned_features,cross_experiment,-0.026023663916940554,-0.020727272727272705,,-0.14147368421052636,,,-5.0,-8115.0
SEA_A,SEA_A__s9913__clean__none,clean,none,adwin,E2_RL / RL_2state,E3_filter / confirmed_screened_filter_learned_features_label,cross_experiment,-0.03628397896702884,-0.03008612440191405,,-0.03900478468899521,,,0.0,4081.666666666657
SEA_A,SEA_A__s9913__clean__none,clean,none,adwin,E2_RL / RL_2state,E3_filter / confirmed_screened_filter_none,cross_experiment,7.209224033344341e-05,0.0005741626794257826,,0.0,,,-8.333333333333334,-15833.333333333343
SEA_A,SEA_A__s9913__clean__none,clean,none,adwin,E2_RL / RL_2state,E3_filter / confirmed_screened_filter_oracle_blocks,cross_experiment,7.209224033344341e-05,0.0005741626794257826,,0.0,,,-8.333333333333334,-15833.333333333343
SEA_A,SEA_A__s9913__clean__none,clean,none,adwin,E2_RL / RL_2state,E3_filter / confirmed_screened_filter_oracle_rows,cross_experiment,7.209224033344341e-05,0.0005741626794257826,,0.0,,,-8.333333333333334,-15833.333333333343
SEA_A,SEA_A__s9913__clean__none,clean,none,adwin,E2_RL / RL_2state,E3_filter / confirmed_screened_filter_random_blocks,cross_experiment,7.209224033344341e-05,0.0005741626794257826,,0.0,,,-8.333333333333334,-15833.333333333343
SEA_A,SEA_A__s9913__clean__none,clean,none,adwin,E2_RL / RL_2state,E3_filter / confirmed_screened_filter_random_rows,cross_experiment,7.209224033344341e-05,0.0005741626794257826,,0.0,,,-8.333333333333334,-15833.333333333343
SEA_A,SEA_A__s9913__clean__none,clean,none,adwin,E2_RL / RL_2state,E3_filter / none_screened_filter_learned_features,cross_experiment,-0.02649015738652416,-0.02097607655502398,,-0.106622009569378,,,0.0,3951.666666666657
SEA_A,SEA_A__s9913__clean__none,clean,none,adwin,E2_RL / RL_2state,E3_filter / none_screened_filter_learned_features_label,cross_experiment,-0.03628397896702884,-0.03008612440191405,,-0.03900478468899521,,,0.0,4081.666666666657
SEA_A,SEA_A__s9913__clean__none,clean,none,adwin,E2_RL / RL_2state,E3_filter / none_screened_filter_none,cross_experiment,0.0,0.0,,0.0,,,0.0,0.0
SEA_A,SEA_A__s9913__clean__none,clean,none,adwin,E2_RL / RL_4state,E3_filter / confirmed_screened_filter_learned_features,cross_experiment,-0.026023663916940554,-0.020727272727272705,,-0.14147368421052636,,,-5.0,-8115.0
SEA_A,SEA_A__s9913__clean__none,clean,none,adwin,E2_RL / RL_4state,E3_filter / confirmed_screened_filter_learned_features_label,cross_experiment,-0.03628397896702884,-0.03008612440191405,,-0.03900478468899521,,,0.0,4081.666666666657
SEA_A,SEA_A__s9913__clean__none,clean,none,adwin,E2_RL / RL_4state,E3_filter / confirmed_screened_filter_none,cross_experiment,7.209224033344341e-05,0.0005741626794257826,,0.0,,,-8.333333333333334,-15833.333333333343
SEA_A,SEA_A__s9913__clean__none,clean,none,adwin,E2_RL / RL_4state,E3_filter / confirmed_screened_filter_oracle_blocks,cross_experiment,7.209224033344341e-05,0.0005741626794257826,,0.0,,,-8.333333333333334,-15833.333333333343
SEA_A,SEA_A__s9913__clean__none,clean,none,adwin,E2_RL / RL_4state,E3_filter / confirmed_screened_filter_oracle_rows,cross_experiment,7.209224033344341e-05,0.0005741626794257826,,0.0,,,-8.333333333333334,-15833.333333333343
SEA_A,SEA_A__s9913__clean__none,clean,none,adwin,E2_RL / RL_4state,E3_filter / confirmed_screened_filter_random_blocks,cross_experiment,7.209224033344341e-05,0.0005741626794257826,,0.0,,,-8.333333333333334,-15833.333333333343
SEA_A,SEA_A__s9913__clean__none,clean,none,adwin,E2_RL / RL_4state,E3_filter / confirmed_screened_filter_random_rows,cross_experiment,7.209224033344341e-05,0.0005741626794257826,,0.0,,,-8.333333333333334,-15833.333333333343
SEA_A,SEA_A__s9913__clean__none,clean,none,adwin,E2_RL / RL_4state,E3_filter / none_screened_filter_learned_features,cross_experiment,-0.02649015738652416,-0.02097607655502398,,-0.106622009569378,,,0.0,3951.666666666657
SEA_A,SEA_A__s9913__clean__none,clean,none,adwin,E2_RL / RL_4state,E3_filter / none_screened_filter_learned_features_label,cross_experiment,-0.03628397896702884,-0.03008612440191405,,-0.03900478468899521,,,0.0,4081.666666666657
SEA_A,SEA_A__s9913__clean__none,clean,none,adwin,E2_RL / RL_4state,E3_filter / none_screened_filter_none,cross_experiment,0.0,0.0,,0.0,,,0.0,0.0
SEA_A,SEA_A__s9913__clean__none,clean,none,adwin,E2_RL / confirmed_screened,E3_filter / confirmed_screened_filter_learned_features,cross_experiment,-0.026095756157273997,-0.021301435406698488,,-0.14147368421052636,,,3.333333333333334,7718.333333333343
SEA_A,SEA_A__s9913__clean__none,clean,none,adwin,E2_RL / confirmed_screened,E3_filter / confirmed_screened_filter_learned_features_label,cross_experiment,-0.036356071207362284,-0.030660287081339832,,-0.03900478468899521,,,8.333333333333334,19915.0
SEA_A,SEA_A__s9913__clean__none,clean,none,adwin,E2_RL / confirmed_screened,E3_filter / confirmed_screened_filter_none,cross_experiment,0.0,0.0,,0.0,,,0.0,0.0
SEA_A,SEA_A__s9913__clean__none,clean,none,adwin,E2_RL / confirmed_screened,E3_filter / confirmed_screened_filter_oracle_blocks,cross_experiment,0.0,0.0,,0.0,,,0.0,0.0
SEA_A,SEA_A__s9913__clean__none,clean,none,adwin,E2_RL / confirmed_screened,E3_filter / confirmed_screened_filter_oracle_rows,cross_experiment,0.0,0.0,,0.0,,,0.0,0.0
SEA_A,SEA_A__s9913__clean__none,clean,none,adwin,E2_RL / confirmed_screened,E3_filter / confirmed_screened_filter_random_blocks,cross_experiment,0.0,0.0,,0.0,,,0.0,0.0
SEA_A,SEA_A__s9913__clean__none,clean,none,adwin,E2_RL / confirmed_screened,E3_filter / confirmed_screened_filter_random_rows,cross_experiment,0.0,0.0,,0.0,,,0.0,0.0
SEA_A,SEA_A__s9913__clean__none,clean,none,adwin,E2_RL / confirmed_screened,E3_filter / none_screened_filter_learned_features,cross_experiment,-0.026562249626857604,-0.021550239234449764,,-0.106622009569378,,,8.333333333333334,19785.0
SEA_A,SEA_A__s9913__clean__none,clean,none,adwin,E2_RL / confirmed_screened,E3_filter / none_screened_filter_learned_features_label,cross_experiment,-0.036356071207362284,-0.030660287081339832,,-0.03900478468899521,,,8.333333333333334,19915.0
SEA_A,SEA_A__s9913__clean__none,clean,none,adwin,E2_RL / confirmed_screened,E3_filter / none_screened_filter_none,cross_experiment,-7.209224033344341e-05,-0.0005741626794257826,,0.0,,,8.333333333333334,15833.333333333343
SEA_A,SEA_A__s9913__clean__none,clean,none,adwin,E2_RL / error_rule,E3_filter / confirmed_screened_filter_learned_features,cross_experiment,-0.01767443303460514,-0.014028708133971168,,-0.05056459330143548,,,11.666666666666668,-8115.0
SEA_A,SEA_A__s9913__clean__none,clean,none,adwin,E2_RL / error_rule,E3_filter / confirmed_screened_filter_learned_features_label,cross_experiment,-0.027934748084693428,-0.023387559808612512,,0.051904306220095675,,,16.666666666666668,4081.666666666657
SEA_A,SEA_A__s9913__clean__none,clean,none,adwin,E2_RL / error_rule,E3_filter / confirmed_screened_filter_none,cross_experiment,0.008421323122668856,0.0072727272727273196,,0.09090909090909088,,,8.333333333333334,-15833.333333333343
SEA_A,SEA_A__s9913__clean__none,clean,none,adwin,E2_RL / error_rule,E3_filter / confirmed_screened_filter_oracle_blocks,cross_experiment,0.008421323122668856,0.0072727272727273196,,0.09090909090909088,,,8.333333333333334,-15833.333333333343
SEA_A,SEA_A__s9913__clean__none,clean,none,adwin,E2_RL / error_rule,E3_filter / confirmed_screened_filter_oracle_rows,cross_experiment,0.008421323122668856,0.0072727272727273196,,0.09090909090909088,,,8.333333333333334,-15833.333333333343
SEA_A,SEA_A__s9913__clean__none,clean,none,adwin,E2_RL / error_rule,E3_filter / confirmed_screened_filter_random_blocks,cross_experiment,0.008421323122668856,0.0072727272727273196,,0.09090909090909088,,,8.333333333333334,-15833.333333333343
SEA_A,SEA_A__s9913__clean__none,clean,none,adwin,E2_RL / error_rule,E3_filter / confirmed_screened_filter_random_rows,cross_experiment,0.008421323122668856,0.0072727272727273196,,0.09090909090909088,,,8.333333333333334,-15833.333333333343
SEA_A,SEA_A__s9913__clean__none,clean,none,adwin,E2_RL / error_rule,E3_filter / none_screened_filter_learned_features,cross_experiment,-0.018140926504188748,-0.014277511961722444,,-0.015712918660287123,,,16.666666666666668,3951.666666666657
SEA_A,SEA_A__s9913__clean__none,clean,none,adwin,E2_RL / error_rule,E3_filter / none_screened_filter_learned_features_label,cross_experiment,-0.027934748084693428,-0.023387559808612512,,0.051904306220095675,,,16.666666666666668,4081.666666666657
SEA_A,SEA_A__s9913__clean__none,clean,none,adwin,E2_RL / error_rule,E3_filter / none_screened_filter_none,cross_experiment,0.008349230882335412,0.006698564593301537,,0.09090909090909088,,,16.666666666666668,0.0
SEA_A,SEA_A__s9913__clean__none,clean,none,adwin,E2_RL / none_screened,E3_filter / confirmed_screened_filter_learned_features,cross_experiment,-0.026023663916940554,-0.020727272727272705,,-0.14147368421052636,,,-5.0,-8115.0
SEA_A,SEA_A__s9913__clean__none,clean,none,adwin,E2_RL / none_screened,E3_filter / confirmed_screened_filter_learned_features_label,cross_experiment,-0.03628397896702884,-0.03008612440191405,,-0.03900478468899521,,,0.0,4081.666666666657
SEA_A,SEA_A__s9913__clean__none,clean,none,adwin,E2_RL / none_screened,E3_filter / confirmed_screened_filter_none,cross_experiment,7.209224033344341e-05,0.0005741626794257826,,0.0,,,-8.333333333333334,-15833.333333333343
SEA_A,SEA_A__s9913__clean__none,clean,none,adwin,E2_RL / none_screened,E3_filter / confirmed_screened_filter_oracle_blocks,cross_experiment,7.209224033344341e-05,0.0005741626794257826,,0.0,,,-8.333333333333334,-15833.333333333343
SEA_A,SEA_A__s9913__clean__none,clean,none,adwin,E2_RL / none_screened,E3_filter / confirmed_screened_filter_oracle_rows,cross_experiment,7.209224033344341e-05,0.0005741626794257826,,0.0,,,-8.333333333333334,-15833.333333333343
SEA_A,SEA_A__s9913__clean__none,clean,none,adwin,E2_RL / none_screened,E3_filter / confirmed_screened_filter_random_blocks,cross_experiment,7.209224033344341e-05,0.0005741626794257826,,0.0,,,-8.333333333333334,-15833.333333333343
SEA_A,SEA_A__s9913__clean__none,clean,none,adwin,E2_RL / none_screened,E3_filter / confirmed_screened_filter_random_rows,cross_experiment,7.209224033344341e-05,0.0005741626794257826,,0.0,,,-8.333333333333334,-15833.333333333343
SEA_A,SEA_A__s9913__clean__none,clean,none,adwin,E2_RL / none_screened,E3_filter / none_screened_filter_learned_features,cross_experiment,-0.02649015738652416,-0.02097607655502398,,-0.106622009569378,,,0.0,3951.666666666657
SEA_A,SEA_A__s9913__clean__none,clean,none,adwin,E2_RL / none_screened,E3_filter / none_screened_filter_learned_features_label,cross_experiment,-0.03628397896702884,-0.03008612440191405,,-0.03900478468899521,,,0.0,4081.666666666657
SEA_A,SEA_A__s9913__clean__none,clean,none,adwin,E2_RL / none_screened,E3_filter / none_screened_filter_none,cross_experiment,0.0,0.0,,0.0,,,0.0,0.0
SEA_A,SEA_A__s9913__clean__none,clean,none,adwin,E2_RL / selected_map,E3_filter / confirmed_screened_filter_learned_features,cross_experiment,-0.024863016896753742,-0.01977033492822955,,-0.05056459330143548,,,3.333333333333334,-8115.0
SEA_A,SEA_A__s9913__clean__none,clean,none,adwin,E2_RL / selected_map,E3_filter / confirmed_screened_filter_learned_features_label,cross_experiment,-0.03512333194684203,-0.029129186602870893,,0.051904306220095675,,,8.333333333333334,4081.666666666657
SEA_A,SEA_A__s9913__clean__none,clean,none,adwin,E2_RL / selected_map,E3_filter / confirmed_screened_filter_none,cross_experiment,0.0012327392605202547,0.0015311004784689386,,0.09090909090909088,,,0.0,-15833.333333333343
SEA_A,SEA_A__s9913__clean__none,clean,none,adwin,E2_RL / selected_map,E3_filter / confirmed_screened_filter_oracle_blocks,cross_experiment,0.0012327392605202547,0.0015311004784689386,,0.09090909090909088,,,0.0,-15833.333333333343
SEA_A,SEA_A__s9913__clean__none,clean,none,adwin,E2_RL / selected_map,E3_filter / confirmed_screened_filter_oracle_rows,cross_experiment,0.0012327392605202547,0.0015311004784689386,,0.09090909090909088,,,0.0,-15833.333333333343
SEA_A,SEA_A__s9913__clean__none,clean,none,adwin,E2_RL / selected_map,E3_filter / confirmed_screened_filter_random_blocks,cross_experiment,0.0012327392605202547,0.0015311004784689386,,0.09090909090909088,,,0.0,-15833.333333333343
SEA_A,SEA_A__s9913__clean__none,clean,none,adwin,E2_RL / selected_map,E3_filter / confirmed_screened_filter_random_rows,cross_experiment,0.0012327392605202547,0.0015311004784689386,,0.09090909090909088,,,0.0,-15833.333333333343
SEA_A,SEA_A__s9913__clean__none,clean,none,adwin,E2_RL / selected_map,E3_filter / none_screened_filter_learned_features,cross_experiment,-0.02532951036633735,-0.020019138755980825,,-0.015712918660287123,,,8.333333333333334,3951.666666666657
SEA_A,SEA_A__s9913__clean__none,clean,none,adwin,E2_RL / selected_map,E3_filter / none_screened_filter_learned_features_label,cross_experiment,-0.03512333194684203,-0.029129186602870893,,0.051904306220095675,,,8.333333333333334,4081.666666666657
SEA_A,SEA_A__s9913__clean__none,clean,none,adwin,E2_RL / selected_map,E3_filter / none_screened_filter_none,cross_experiment,0.0011606470201868113,0.000956937799043156,,0.09090909090909088,,,8.333333333333334,0.0
SEA_A,SEA_A__s9913__clean__none,clean,none,d3_oof,E1_fixed / confirmed_screened,E2_RL / RL_2state,cross_experiment,0.0,0.0,,0.0,,,0.0,0.0
SEA_A,SEA_A__s9913__clean__none,clean,none,d3_oof,E1_fixed / confirmed_screened,E2_RL / RL_4state,cross_experiment,0.0,0.0,,0.0,,,0.0,0.0
SEA_A,SEA_A__s9913__clean__none,clean,none,d3_oof,E1_fixed / confirmed_screened,E2_RL / confirmed_screened,cross_experiment,0.0,0.0,,0.0,,,0.0,0.0
SEA_A,SEA_A__s9913__clean__none,clean,none,d3_oof,E1_fixed / confirmed_screened,E2_RL / error_rule,cross_experiment,-0.008349230882335412,-0.006698564593301537,,-0.09090909090909088,,,-16.666666666666668,0.0
SEA_A,SEA_A__s9913__clean__none,clean,none,d3_oof,E1_fixed / confirmed_screened,E2_RL / none_screened,cross_experiment,0.0,0.0,,0.0,,,0.0,0.0
SEA_A,SEA_A__s9913__clean__none,clean,none,d3_oof,E1_fixed / confirmed_screened,E2_RL / selected_map,cross_experiment,0.0,0.0,,0.0,,,0.0,0.0
SEA_A,SEA_A__s9913__clean__none,clean,none,d3_oof,E1_fixed / confirmed_screened,E3_filter / confirmed_screened_filter_learned_features,cross_experiment,-0.02649015738652416,-0.02097607655502398,,-0.106622009569378,,,0.0,3951.666666666657
SEA_A,SEA_A__s9913__clean__none,clean,none,d3_oof,E1_fixed / confirmed_screened,E3_filter / confirmed_screened_filter_learned_features_label,cross_experiment,-0.03628397896702884,-0.03008612440191405,,-0.03900478468899521,,,0.0,4081.666666666657
SEA_A,SEA_A__s9913__clean__none,clean,none,d3_oof,E1_fixed / confirmed_screened,E3_filter / confirmed_screened_filter_none,cross_experiment,0.0,0.0,,0.0,,,0.0,0.0
SEA_A,SEA_A__s9913__clean__none,clean,none,d3_oof,E1_fixed / confirmed_screened,E3_filter / confirmed_screened_filter_oracle_blocks,cross_experiment,0.0,0.0,,0.0,,,0.0,0.0
SEA_A,SEA_A__s9913__clean__none,clean,none,d3_oof,E1_fixed / confirmed_screened,E3_filter / confirmed_screened_filter_oracle_rows,cross_experiment,0.0,0.0,,0.0,,,0.0,0.0
SEA_A,SEA_A__s9913__clean__none,clean,none,d3_oof,E1_fixed / confirmed_screened,E3_filter / confirmed_screened_filter_random_blocks,cross_experiment,0.0,0.0,,0.0,,,0.0,0.0
SEA_A,SEA_A__s9913__clean__none,clean,none,d3_oof,E1_fixed / confirmed_screened,E3_filter / confirmed_screened_filter_random_rows,cross_experiment,0.0,0.0,,0.0,,,0.0,0.0
SEA_A,SEA_A__s9913__clean__none,clean,none,d3_oof,E1_fixed / confirmed_screened,E3_filter / none_screened_filter_learned_features,cross_experiment,-0.02649015738652416,-0.02097607655502398,,-0.106622009569378,,,0.0,3951.666666666657
SEA_A,SEA_A__s9913__clean__none,clean,none,d3_oof,E1_fixed / confirmed_screened,E3_filter / none_screened_filter_learned_features_label,cross_experiment,-0.03628397896702884,-0.03008612440191405,,-0.03900478468899521,,,0.0,4081.666666666657
SEA_A,SEA_A__s9913__clean__none,clean,none,d3_oof,E1_fixed / confirmed_screened,E3_filter / none_screened_filter_none,cross_experiment,0.0,0.0,,0.0,,,0.0,0.0
SEA_A,SEA_A__s9913__clean__none,clean,none,d3_oof,E1_fixed / confirmed_unscreened,E2_RL / RL_2state,cross_experiment,0.017021251822017858,0.0130143540669857,,-0.18181818181818182,,,0.0,0.0
SEA_A,SEA_A__s9913__clean__none,clean,none,d3_oof,E1_fixed / confirmed_unscreened,E2_RL / RL_4state,cross_experiment,0.017021251822017858,0.0130143540669857,,-0.18181818181818182,,,0.0,0.0
SEA_A,SEA_A__s9913__clean__none,clean,none,d3_oof,E1_fixed / confirmed_unscreened,E2_RL / confirmed_screened,cross_experiment,0.017021251822017858,0.0130143540669857,,-0.18181818181818182,,,0.0,0.0
SEA_A,SEA_A__s9913__clean__none,clean,none,d3_oof,E1_fixed / confirmed_unscreened,E2_RL / error_rule,cross_experiment,0.008672020939682445,0.0063157894736841635,,-0.2727272727272727,,,-16.666666666666668,0.0
SEA_A,SEA_A__s9913__clean__none,clean,none,d3_oof,E1_fixed / confirmed_unscreened,E2_RL / none_screened,cross_experiment,0.017021251822017858,0.0130143540669857,,-0.18181818181818182,,,0.0,0.0
SEA_A,SEA_A__s9913__clean__none,clean,none,d3_oof,E1_fixed / confirmed_unscreened,E2_RL / selected_map,cross_experiment,0.017021251822017858,0.0130143540669857,,-0.18181818181818182,,,0.0,0.0
SEA_A,SEA_A__s9913__clean__none,clean,none,d3_oof,E1_fixed / confirmed_unscreened,E3_filter / confirmed_screened_filter_learned_features,cross_experiment,-0.009468905564506302,-0.00796172248803828,,-0.28844019138755983,,,0.0,3951.666666666657
SEA_A,SEA_A__s9913__clean__none,clean,none,d3_oof,E1_fixed / confirmed_unscreened,E3_filter / confirmed_screened_filter_learned_features_label,cross_experiment,-0.019262727145010983,-0.01707177033492835,,-0.22082296650717703,,,0.0,4081.666666666657
SEA_A,SEA_A__s9913__clean__none,clean,none,d3_oof,E1_fixed / confirmed_unscreened,E3_filter / confirmed_screened_filter_none,cross_experiment,0.017021251822017858,0.0130143540669857,,-0.18181818181818182,,,0.0,0.0
SEA_A,SEA_A__s9913__clean__none,clean,none,d3_oof,E1_fixed / confirmed_unscreened,E3_filter / confirmed_screened_filter_oracle_blocks,cross_experiment,0.017021251822017858,0.0130143540669857,,-0.18181818181818182,,,0.0,0.0
SEA_A,SEA_A__s9913__clean__none,clean,none,d3_oof,E1_fixed / confirmed_unscreened,E3_filter / confirmed_screened_filter_oracle_rows,cross_experiment,0.017021251822017858,0.0130143540669857,,-0.18181818181818182,,,0.0,0.0
SEA_A,SEA_A__s9913__clean__none,clean,none,d3_oof,E1_fixed / confirmed_unscreened,E3_filter / confirmed_screened_filter_random_blocks,cross_experiment,0.017021251822017858,0.0130143540669857,,-0.18181818181818182,,,0.0,0.0
SEA_A,SEA_A__s9913__clean__none,clean,none,d3_oof,E1_fixed / confirmed_unscreened,E3_filter / confirmed_screened_filter_random_rows,cross_experiment,0.017021251822017858,0.0130143540669857,,-0.18181818181818182,,,0.0,0.0
SEA_A,SEA_A__s9913__clean__none,clean,none,d3_oof,E1_fixed / confirmed_unscreened,E3_filter / none_screened_filter_learned_features,cross_experiment,-0.009468905564506302,-0.00796172248803828,,-0.28844019138755983,,,0.0,3951.666666666657
SEA_A,SEA_A__s9913__clean__none,clean,none,d3_oof,E1_fixed / confirmed_unscreened,E3_filter / none_screened_filter_learned_features_label,cross_experiment,-0.019262727145010983,-0.01707177033492835,,-0.22082296650717703,,,0.0,4081.666666666657
SEA_A,SEA_A__s9913__clean__none,clean,none,d3_oof,E1_fixed / confirmed_unscreened,E3_filter / none_screened_filter_none,cross_experiment,0.017021251822017858,0.0130143540669857,,-0.18181818181818182,,,0.0,0.0
SEA_A,SEA_A__s9913__clean__none,clean,none,d3_oof,E1_fixed / immediate_screened,E2_RL / RL_2state,cross_experiment,0.0,0.0,,0.0,,,0.0,0.0
SEA_A,SEA_A__s9913__clean__none,clean,none,d3_oof,E1_fixed / immediate_screened,E2_RL / RL_4state,cross_experiment,0.0,0.0,,0.0,,,0.0,0.0
SEA_A,SEA_A__s9913__clean__none,clean,none,d3_oof,E1_fixed / immediate_screened,E2_RL / confirmed_screened,cross_experiment,0.0,0.0,,0.0,,,0.0,0.0
SEA_A,SEA_A__s9913__clean__none,clean,none,d3_oof,E1_fixed / immediate_screened,E2_RL / error_rule,cross_experiment,-0.008349230882335412,-0.006698564593301537,,-0.09090909090909088,,,-16.666666666666668,0.0
SEA_A,SEA_A__s9913__clean__none,clean,none,d3_oof,E1_fixed / immediate_screened,E2_RL / none_screened,cross_experiment,0.0,0.0,,0.0,,,0.0,0.0
SEA_A,SEA_A__s9913__clean__none,clean,none,d3_oof,E1_fixed / immediate_screened,E2_RL / selected_map,cross_experiment,0.0,0.0,,0.0,,,0.0,0.0
SEA_A,SEA_A__s9913__clean__none,clean,none,d3_oof,E1_fixed / immediate_screened,E3_filter / confirmed_screened_filter_learned_features,cross_experiment,-0.02649015738652416,-0.02097607655502398,,-0.106622009569378,,,0.0,3951.666666666657
SEA_A,SEA_A__s9913__clean__none,clean,none,d3_oof,E1_fixed / immediate_screened,E3_filter / confirmed_screened_filter_learned_features_label,cross_experiment,-0.03628397896702884,-0.03008612440191405,,-0.03900478468899521,,,0.0,4081.666666666657
SEA_A,SEA_A__s9913__clean__none,clean,none,d3_oof,E1_fixed / immediate_screened,E3_filter / confirmed_screened_filter_none,cross_experiment,0.0,0.0,,0.0,,,0.0,0.0
SEA_A,SEA_A__s9913__clean__none,clean,none,d3_oof,E1_fixed / immediate_screened,E3_filter / confirmed_screened_filter_oracle_blocks,cross_experiment,0.0,0.0,,0.0,,,0.0,0.0
SEA_A,SEA_A__s9913__clean__none,clean,none,d3_oof,E1_fixed / immediate_screened,E3_filter / confirmed_screened_filter_oracle_rows,cross_experiment,0.0,0.0,,0.0,,,0.0,0.0
SEA_A,SEA_A__s9913__clean__none,clean,none,d3_oof,E1_fixed / immediate_screened,E3_filter / confirmed_screened_filter_random_blocks,cross_experiment,0.0,0.0,,0.0,,,0.0,0.0
SEA_A,SEA_A__s9913__clean__none,clean,none,d3_oof,E1_fixed / immediate_screened,E3_filter / confirmed_screened_filter_random_rows,cross_experiment,0.0,0.0,,0.0,,,0.0,0.0
SEA_A,SEA_A__s9913__clean__none,clean,none,d3_oof,E1_fixed / immediate_screened,E3_filter / none_screened_filter_learned_features,cross_experiment,-0.02649015738652416,-0.02097607655502398,,-0.106622009569378,,,0.0,3951.666666666657
SEA_A,SEA_A__s9913__clean__none,clean,none,d3_oof,E1_fixed / immediate_screened,E3_filter / none_screened_filter_learned_features_label,cross_experiment,-0.03628397896702884,-0.03008612440191405,,-0.03900478468899521,,,0.0,4081.666666666657
SEA_A,SEA_A__s9913__clean__none,clean,none,d3_oof,E1_fixed / immediate_screened,E3_filter / none_screened_filter_none,cross_experiment,0.0,0.0,,0.0,,,0.0,0.0
SEA_A,SEA_A__s9913__clean__none,clean,none,d3_oof,E1_fixed / immediate_unscreened,E2_RL / RL_2state,cross_experiment,0.017021251822017858,0.0130143540669857,,-0.18181818181818182,,,0.0,0.0
SEA_A,SEA_A__s9913__clean__none,clean,none,d3_oof,E1_fixed / immediate_unscreened,E2_RL / RL_4state,cross_experiment,0.017021251822017858,0.0130143540669857,,-0.18181818181818182,,,0.0,0.0
SEA_A,SEA_A__s9913__clean__none,clean,none,d3_oof,E1_fixed / immediate_unscreened,E2_RL / confirmed_screened,cross_experiment,0.017021251822017858,0.0130143540669857,,-0.18181818181818182,,,0.0,0.0
SEA_A,SEA_A__s9913__clean__none,clean,none,d3_oof,E1_fixed / immediate_unscreened,E2_RL / error_rule,cross_experiment,0.008672020939682445,0.0063157894736841635,,-0.2727272727272727,,,-16.666666666666668,0.0
SEA_A,SEA_A__s9913__clean__none,clean,none,d3_oof,E1_fixed / immediate_unscreened,E2_RL / none_screened,cross_experiment,0.017021251822017858,0.0130143540669857,,-0.18181818181818182,,,0.0,0.0
SEA_A,SEA_A__s9913__clean__none,clean,none,d3_oof,E1_fixed / immediate_unscreened,E2_RL / selected_map,cross_experiment,0.017021251822017858,0.0130143540669857,,-0.18181818181818182,,,0.0,0.0
SEA_A,SEA_A__s9913__clean__none,clean,none,d3_oof,E1_fixed / immediate_unscreened,E3_filter / confirmed_screened_filter_learned_features,cross_experiment,-0.009468905564506302,-0.00796172248803828,,-0.28844019138755983,,,0.0,3951.666666666657
SEA_A,SEA_A__s9913__clean__none,clean,none,d3_oof,E1_fixed / immediate_unscreened,E3_filter / confirmed_screened_filter_learned_features_label,cross_experiment,-0.019262727145010983,-0.01707177033492835,,-0.22082296650717703,,,0.0,4081.666666666657
SEA_A,SEA_A__s9913__clean__none,clean,none,d3_oof,E1_fixed / immediate_unscreened,E3_filter / confirmed_screened_filter_none,cross_experiment,0.017021251822017858,0.0130143540669857,,-0.18181818181818182,,,0.0,0.0
SEA_A,SEA_A__s9913__clean__none,clean,none,d3_oof,E1_fixed / immediate_unscreened,E3_filter / confirmed_screened_filter_oracle_blocks,cross_experiment,0.017021251822017858,0.0130143540669857,,-0.18181818181818182,,,0.0,0.0
SEA_A,SEA_A__s9913__clean__none,clean,none,d3_oof,E1_fixed / immediate_unscreened,E3_filter / confirmed_screened_filter_oracle_rows,cross_experiment,0.017021251822017858,0.0130143540669857,,-0.18181818181818182,,,0.0,0.0
SEA_A,SEA_A__s9913__clean__none,clean,none,d3_oof,E1_fixed / immediate_unscreened,E3_filter / confirmed_screened_filter_random_blocks,cross_experiment,0.017021251822017858,0.0130143540669857,,-0.18181818181818182,,,0.0,0.0
SEA_A,SEA_A__s9913__clean__none,clean,none,d3_oof,E1_fixed / immediate_unscreened,E3_filter / confirmed_screened_filter_random_rows,cross_experiment,0.017021251822017858,0.0130143540669857,,-0.18181818181818182,,,0.0,0.0
SEA_A,SEA_A__s9913__clean__none,clean,none,d3_oof,E1_fixed / immediate_unscreened,E3_filter / none_screened_filter_learned_features,cross_experiment,-0.009468905564506302,-0.00796172248803828,,-0.28844019138755983,,,0.0,3951.666666666657
SEA_A,SEA_A__s9913__clean__none,clean,none,d3_oof,E1_fixed / immediate_unscreened,E3_filter / none_screened_filter_learned_features_label,cross_experiment,-0.019262727145010983,-0.01707177033492835,,-0.22082296650717703,,,0.0,4081.666666666657
SEA_A,SEA_A__s9913__clean__none,clean,none,d3_oof,E1_fixed / immediate_unscreened,E3_filter / none_screened_filter_none,cross_experiment,0.017021251822017858,0.0130143540669857,,-0.18181818181818182,,,0.0,0.0
SEA_A,SEA_A__s9913__clean__none,clean,none,d3_oof,E1_fixed / none_screened,E2_RL / RL_2state,cross_experiment,0.0,0.0,,0.0,,,0.0,0.0
SEA_A,SEA_A__s9913__clean__none,clean,none,d3_oof,E1_fixed / none_screened,E2_RL / RL_4state,cross_experiment,0.0,0.0,,0.0,,,0.0,0.0
SEA_A,SEA_A__s9913__clean__none,clean,none,d3_oof,E1_fixed / none_screened,E2_RL / confirmed_screened,cross_experiment,0.0,0.0,,0.0,,,0.0,0.0
SEA_A,SEA_A__s9913__clean__none,clean,none,d3_oof,E1_fixed / none_screened,E2_RL / error_rule,cross_experiment,-0.008349230882335412,-0.006698564593301537,,-0.09090909090909088,,,-16.666666666666668,0.0
SEA_A,SEA_A__s9913__clean__none,clean,none,d3_oof,E1_fixed / none_screened,E2_RL / none_screened,cross_experiment,0.0,0.0,,0.0,,,0.0,0.0
SEA_A,SEA_A__s9913__clean__none,clean,none,d3_oof,E1_fixed / none_screened,E2_RL / selected_map,cross_experiment,0.0,0.0,,0.0,,,0.0,0.0
SEA_A,SEA_A__s9913__clean__none,clean,none,d3_oof,E1_fixed / none_screened,E3_filter / confirmed_screened_filter_learned_features,cross_experiment,-0.02649015738652416,-0.02097607655502398,,-0.106622009569378,,,0.0,3951.666666666657
SEA_A,SEA_A__s9913__clean__none,clean,none,d3_oof,E1_fixed / none_screened,E3_filter / confirmed_screened_filter_learned_features_label,cross_experiment,-0.03628397896702884,-0.03008612440191405,,-0.03900478468899521,,,0.0,4081.666666666657
SEA_A,SEA_A__s9913__clean__none,clean,none,d3_oof,E1_fixed / none_screened,E3_filter / confirmed_screened_filter_none,cross_experiment,0.0,0.0,,0.0,,,0.0,0.0
SEA_A,SEA_A__s9913__clean__none,clean,none,d3_oof,E1_fixed / none_screened,E3_filter / confirmed_screened_filter_oracle_blocks,cross_experiment,0.0,0.0,,0.0,,,0.0,0.0
SEA_A,SEA_A__s9913__clean__none,clean,none,d3_oof,E1_fixed / none_screened,E3_filter / confirmed_screened_filter_oracle_rows,cross_experiment,0.0,0.0,,0.0,,,0.0,0.0
SEA_A,SEA_A__s9913__clean__none,clean,none,d3_oof,E1_fixed / none_screened,E3_filter / confirmed_screened_filter_random_blocks,cross_experiment,0.0,0.0,,0.0,,,0.0,0.0
SEA_A,SEA_A__s9913__clean__none,clean,none,d3_oof,E1_fixed / none_screened,E3_filter / confirmed_screened_filter_random_rows,cross_experiment,0.0,0.0,,0.0,,,0.0,0.0
SEA_A,SEA_A__s9913__clean__none,clean,none,d3_oof,E1_fixed / none_screened,E3_filter / none_screened_filter_learned_features,cross_experiment,-0.02649015738652416,-0.02097607655502398,,-0.106622009569378,,,0.0,3951.666666666657
SEA_A,SEA_A__s9913__clean__none,clean,none,d3_oof,E1_fixed / none_screened,E3_filter / none_screened_filter_learned_features_label,cross_experiment,-0.03628397896702884,-0.03008612440191405,,-0.03900478468899521,,,0.0,4081.666666666657
SEA_A,SEA_A__s9913__clean__none,clean,none,d3_oof,E1_fixed / none_screened,E3_filter / none_screened_filter_none,cross_experiment,0.0,0.0,,0.0,,,0.0,0.0
SEA_A,SEA_A__s9913__clean__none,clean,none,d3_oof,E1_fixed / none_unscreened,E2_RL / RL_2state,cross_experiment,0.017021251822017858,0.0130143540669857,,-0.18181818181818182,,,0.0,0.0
SEA_A,SEA_A__s9913__clean__none,clean,none,d3_oof,E1_fixed / none_unscreened,E2_RL / RL_4state,cross_experiment,0.017021251822017858,0.0130143540669857,,-0.18181818181818182,,,0.0,0.0
SEA_A,SEA_A__s9913__clean__none,clean,none,d3_oof,E1_fixed / none_unscreened,E2_RL / confirmed_screened,cross_experiment,0.017021251822017858,0.0130143540669857,,-0.18181818181818182,,,0.0,0.0
SEA_A,SEA_A__s9913__clean__none,clean,none,d3_oof,E1_fixed / none_unscreened,E2_RL / error_rule,cross_experiment,0.008672020939682445,0.0063157894736841635,,-0.2727272727272727,,,-16.666666666666668,0.0
SEA_A,SEA_A__s9913__clean__none,clean,none,d3_oof,E1_fixed / none_unscreened,E2_RL / none_screened,cross_experiment,0.017021251822017858,0.0130143540669857,,-0.18181818181818182,,,0.0,0.0
SEA_A,SEA_A__s9913__clean__none,clean,none,d3_oof,E1_fixed / none_unscreened,E2_RL / selected_map,cross_experiment,0.017021251822017858,0.0130143540669857,,-0.18181818181818182,,,0.0,0.0
SEA_A,SEA_A__s9913__clean__none,clean,none,d3_oof,E1_fixed / none_unscreened,E3_filter / confirmed_screened_filter_learned_features,cross_experiment,-0.009468905564506302,-0.00796172248803828,,-0.28844019138755983,,,0.0,3951.666666666657
SEA_A,SEA_A__s9913__clean__none,clean,none,d3_oof,E1_fixed / none_unscreened,E3_filter / confirmed_screened_filter_learned_features_label,cross_experiment,-0.019262727145010983,-0.01707177033492835,,-0.22082296650717703,,,0.0,4081.666666666657
SEA_A,SEA_A__s9913__clean__none,clean,none,d3_oof,E1_fixed / none_unscreened,E3_filter / confirmed_screened_filter_none,cross_experiment,0.017021251822017858,0.0130143540669857,,-0.18181818181818182,,,0.0,0.0
SEA_A,SEA_A__s9913__clean__none,clean,none,d3_oof,E1_fixed / none_unscreened,E3_filter / confirmed_screened_filter_oracle_blocks,cross_experiment,0.017021251822017858,0.0130143540669857,,-0.18181818181818182,,,0.0,0.0
SEA_A,SEA_A__s9913__clean__none,clean,none,d3_oof,E1_fixed / none_unscreened,E3_filter / confirmed_screened_filter_oracle_rows,cross_experiment,0.017021251822017858,0.0130143540669857,,-0.18181818181818182,,,0.0,0.0
SEA_A,SEA_A__s9913__clean__none,clean,none,d3_oof,E1_fixed / none_unscreened,E3_filter / confirmed_screened_filter_random_blocks,cross_experiment,0.017021251822017858,0.0130143540669857,,-0.18181818181818182,,,0.0,0.0
SEA_A,SEA_A__s9913__clean__none,clean,none,d3_oof,E1_fixed / none_unscreened,E3_filter / confirmed_screened_filter_random_rows,cross_experiment,0.017021251822017858,0.0130143540669857,,-0.18181818181818182,,,0.0,0.0
SEA_A,SEA_A__s9913__clean__none,clean,none,d3_oof,E1_fixed / none_unscreened,E3_filter / none_screened_filter_learned_features,cross_experiment,-0.009468905564506302,-0.00796172248803828,,-0.28844019138755983,,,0.0,3951.666666666657
SEA_A,SEA_A__s9913__clean__none,clean,none,d3_oof,E1_fixed / none_unscreened,E3_filter / none_screened_filter_learned_features_label,cross_experiment,-0.019262727145010983,-0.01707177033492835,,-0.22082296650717703,,,0.0,4081.666666666657
SEA_A,SEA_A__s9913__clean__none,clean,none,d3_oof,E1_fixed / none_unscreened,E3_filter / none_screened_filter_none,cross_experiment,0.017021251822017858,0.0130143540669857,,-0.18181818181818182,,,0.0,0.0
SEA_A,SEA_A__s9913__clean__none,clean,none,d3_oof,E2_RL / RL_2state,E3_filter / confirmed_screened_filter_learned_features,cross_experiment,-0.02649015738652416,-0.02097607655502398,,-0.106622009569378,,,0.0,3951.666666666657
SEA_A,SEA_A__s9913__clean__none,clean,none,d3_oof,E2_RL / RL_2state,E3_filter / confirmed_screened_filter_learned_features_label,cross_experiment,-0.03628397896702884,-0.03008612440191405,,-0.03900478468899521,,,0.0,4081.666666666657
SEA_A,SEA_A__s9913__clean__none,clean,none,d3_oof,E2_RL / RL_2state,E3_filter / confirmed_screened_filter_none,cross_experiment,0.0,0.0,,0.0,,,0.0,0.0
SEA_A,SEA_A__s9913__clean__none,clean,none,d3_oof,E2_RL / RL_2state,E3_filter / confirmed_screened_filter_oracle_blocks,cross_experiment,0.0,0.0,,0.0,,,0.0,0.0
SEA_A,SEA_A__s9913__clean__none,clean,none,d3_oof,E2_RL / RL_2state,E3_filter / confirmed_screened_filter_oracle_rows,cross_experiment,0.0,0.0,,0.0,,,0.0,0.0
SEA_A,SEA_A__s9913__clean__none,clean,none,d3_oof,E2_RL / RL_2state,E3_filter / confirmed_screened_filter_random_blocks,cross_experiment,0.0,0.0,,0.0,,,0.0,0.0
SEA_A,SEA_A__s9913__clean__none,clean,none,d3_oof,E2_RL / RL_2state,E3_filter / confirmed_screened_filter_random_rows,cross_experiment,0.0,0.0,,0.0,,,0.0,0.0
SEA_A,SEA_A__s9913__clean__none,clean,none,d3_oof,E2_RL / RL_2state,E3_filter / none_screened_filter_learned_features,cross_experiment,-0.02649015738652416,-0.02097607655502398,,-0.106622009569378,,,0.0,3951.666666666657
SEA_A,SEA_A__s9913__clean__none,clean,none,d3_oof,E2_RL / RL_2state,E3_filter / none_screened_filter_learned_features_label,cross_experiment,-0.03628397896702884,-0.03008612440191405,,-0.03900478468899521,,,0.0,4081.666666666657
SEA_A,SEA_A__s9913__clean__none,clean,none,d3_oof,E2_RL / RL_2state,E3_filter / none_screened_filter_none,cross_experiment,0.0,0.0,,0.0,,,0.0,0.0
SEA_A,SEA_A__s9913__clean__none,clean,none,d3_oof,E2_RL / RL_4state,E3_filter / confirmed_screened_filter_learned_features,cross_experiment,-0.02649015738652416,-0.02097607655502398,,-0.106622009569378,,,0.0,3951.666666666657
SEA_A,SEA_A__s9913__clean__none,clean,none,d3_oof,E2_RL / RL_4state,E3_filter / confirmed_screened_filter_learned_features_label,cross_experiment,-0.03628397896702884,-0.03008612440191405,,-0.03900478468899521,,,0.0,4081.666666666657
SEA_A,SEA_A__s9913__clean__none,clean,none,d3_oof,E2_RL / RL_4state,E3_filter / confirmed_screened_filter_none,cross_experiment,0.0,0.0,,0.0,,,0.0,0.0
SEA_A,SEA_A__s9913__clean__none,clean,none,d3_oof,E2_RL / RL_4state,E3_filter / confirmed_screened_filter_oracle_blocks,cross_experiment,0.0,0.0,,0.0,,,0.0,0.0
SEA_A,SEA_A__s9913__clean__none,clean,none,d3_oof,E2_RL / RL_4state,E3_filter / confirmed_screened_filter_oracle_rows,cross_experiment,0.0,0.0,,0.0,,,0.0,0.0
SEA_A,SEA_A__s9913__clean__none,clean,none,d3_oof,E2_RL / RL_4state,E3_filter / confirmed_screened_filter_random_blocks,cross_experiment,0.0,0.0,,0.0,,,0.0,0.0
SEA_A,SEA_A__s9913__clean__none,clean,none,d3_oof,E2_RL / RL_4state,E3_filter / confirmed_screened_filter_random_rows,cross_experiment,0.0,0.0,,0.0,,,0.0,0.0
SEA_A,SEA_A__s9913__clean__none,clean,none,d3_oof,E2_RL / RL_4state,E3_filter / none_screened_filter_learned_features,cross_experiment,-0.02649015738652416,-0.02097607655502398,,-0.106622009569378,,,0.0,3951.666666666657
SEA_A,SEA_A__s9913__clean__none,clean,none,d3_oof,E2_RL / RL_4state,E3_filter / none_screened_filter_learned_features_label,cross_experiment,-0.03628397896702884,-0.03008612440191405,,-0.03900478468899521,,,0.0,4081.666666666657
SEA_A,SEA_A__s9913__clean__none,clean,none,d3_oof,E2_RL / RL_4state,E3_filter / none_screened_filter_none,cross_experiment,0.0,0.0,,0.0,,,0.0,0.0
SEA_A,SEA_A__s9913__clean__none,clean,none,d3_oof,E2_RL / confirmed_screened,E3_filter / confirmed_screened_filter_learned_features,cross_experiment,-0.02649015738652416,-0.02097607655502398,,-0.106622009569378,,,0.0,3951.666666666657
SEA_A,SEA_A__s9913__clean__none,clean,none,d3_oof,E2_RL / confirmed_screened,E3_filter / confirmed_screened_filter_learned_features_label,cross_experiment,-0.03628397896702884,-0.03008612440191405,,-0.03900478468899521,,,0.0,4081.666666666657
SEA_A,SEA_A__s9913__clean__none,clean,none,d3_oof,E2_RL / confirmed_screened,E3_filter / confirmed_screened_filter_none,cross_experiment,0.0,0.0,,0.0,,,0.0,0.0
SEA_A,SEA_A__s9913__clean__none,clean,none,d3_oof,E2_RL / confirmed_screened,E3_filter / confirmed_screened_filter_oracle_blocks,cross_experiment,0.0,0.0,,0.0,,,0.0,0.0
SEA_A,SEA_A__s9913__clean__none,clean,none,d3_oof,E2_RL / confirmed_screened,E3_filter / confirmed_screened_filter_oracle_rows,cross_experiment,0.0,0.0,,0.0,,,0.0,0.0
SEA_A,SEA_A__s9913__clean__none,clean,none,d3_oof,E2_RL / confirmed_screened,E3_filter / confirmed_screened_filter_random_blocks,cross_experiment,0.0,0.0,,0.0,,,0.0,0.0
SEA_A,SEA_A__s9913__clean__none,clean,none,d3_oof,E2_RL / confirmed_screened,E3_filter / confirmed_screened_filter_random_rows,cross_experiment,0.0,0.0,,0.0,,,0.0,0.0
SEA_A,SEA_A__s9913__clean__none,clean,none,d3_oof,E2_RL / confirmed_screened,E3_filter / none_screened_filter_learned_features,cross_experiment,-0.02649015738652416,-0.02097607655502398,,-0.106622009569378,,,0.0,3951.666666666657
SEA_A,SEA_A__s9913__clean__none,clean,none,d3_oof,E2_RL / confirmed_screened,E3_filter / none_screened_filter_learned_features_label,cross_experiment,-0.03628397896702884,-0.03008612440191405,,-0.03900478468899521,,,0.0,4081.666666666657
SEA_A,SEA_A__s9913__clean__none,clean,none,d3_oof,E2_RL / confirmed_screened,E3_filter / none_screened_filter_none,cross_experiment,0.0,0.0,,0.0,,,0.0,0.0
SEA_A,SEA_A__s9913__clean__none,clean,none,d3_oof,E2_RL / error_rule,E3_filter / confirmed_screened_filter_learned_features,cross_experiment,-0.018140926504188748,-0.014277511961722444,,-0.015712918660287123,,,16.666666666666668,3951.666666666657
SEA_A,SEA_A__s9913__clean__none,clean,none,d3_oof,E2_RL / error_rule,E3_filter / confirmed_screened_filter_learned_features_label,cross_experiment,-0.027934748084693428,-0.023387559808612512,,0.051904306220095675,,,16.666666666666668,4081.666666666657
SEA_A,SEA_A__s9913__clean__none,clean,none,d3_oof,E2_RL / error_rule,E3_filter / confirmed_screened_filter_none,cross_experiment,0.008349230882335412,0.006698564593301537,,0.09090909090909088,,,16.666666666666668,0.0
SEA_A,SEA_A__s9913__clean__none,clean,none,d3_oof,E2_RL / error_rule,E3_filter / confirmed_screened_filter_oracle_blocks,cross_experiment,0.008349230882335412,0.006698564593301537,,0.09090909090909088,,,16.666666666666668,0.0
SEA_A,SEA_A__s9913__clean__none,clean,none,d3_oof,E2_RL / error_rule,E3_filter / confirmed_screened_filter_oracle_rows,cross_experiment,0.008349230882335412,0.006698564593301537,,0.09090909090909088,,,16.666666666666668,0.0
SEA_A,SEA_A__s9913__clean__none,clean,none,d3_oof,E2_RL / error_rule,E3_filter / confirmed_screened_filter_random_blocks,cross_experiment,0.008349230882335412,0.006698564593301537,,0.09090909090909088,,,16.666666666666668,0.0
SEA_A,SEA_A__s9913__clean__none,clean,none,d3_oof,E2_RL / error_rule,E3_filter / confirmed_screened_filter_random_rows,cross_experiment,0.008349230882335412,0.006698564593301537,,0.09090909090909088,,,16.666666666666668,0.0
SEA_A,SEA_A__s9913__clean__none,clean,none,d3_oof,E2_RL / error_rule,E3_filter / none_screened_filter_learned_features,cross_experiment,-0.018140926504188748,-0.014277511961722444,,-0.015712918660287123,,,16.666666666666668,3951.666666666657
SEA_A,SEA_A__s9913__clean__none,clean,none,d3_oof,E2_RL / error_rule,E3_filter / none_screened_filter_learned_features_label,cross_experiment,-0.027934748084693428,-0.023387559808612512,,0.051904306220095675,,,16.666666666666668,4081.666666666657
SEA_A,SEA_A__s9913__clean__none,clean,none,d3_oof,E2_RL / error_rule,E3_filter / none_screened_filter_none,cross_experiment,0.008349230882335412,0.006698564593301537,,0.09090909090909088,,,16.666666666666668,0.0
SEA_A,SEA_A__s9913__clean__none,clean,none,d3_oof,E2_RL / none_screened,E3_filter / confirmed_screened_filter_learned_features,cross_experiment,-0.02649015738652416,-0.02097607655502398,,-0.106622009569378,,,0.0,3951.666666666657
SEA_A,SEA_A__s9913__clean__none,clean,none,d3_oof,E2_RL / none_screened,E3_filter / confirmed_screened_filter_learned_features_label,cross_experiment,-0.03628397896702884,-0.03008612440191405,,-0.03900478468899521,,,0.0,4081.666666666657
SEA_A,SEA_A__s9913__clean__none,clean,none,d3_oof,E2_RL / none_screened,E3_filter / confirmed_screened_filter_none,cross_experiment,0.0,0.0,,0.0,,,0.0,0.0
SEA_A,SEA_A__s9913__clean__none,clean,none,d3_oof,E2_RL / none_screened,E3_filter / confirmed_screened_filter_oracle_blocks,cross_experiment,0.0,0.0,,0.0,,,0.0,0.0
SEA_A,SEA_A__s9913__clean__none,clean,none,d3_oof,E2_RL / none_screened,E3_filter / confirmed_screened_filter_oracle_rows,cross_experiment,0.0,0.0,,0.0,,,0.0,0.0
SEA_A,SEA_A__s9913__clean__none,clean,none,d3_oof,E2_RL / none_screened,E3_filter / confirmed_screened_filter_random_blocks,cross_experiment,0.0,0.0,,0.0,,,0.0,0.0
SEA_A,SEA_A__s9913__clean__none,clean,none,d3_oof,E2_RL / none_screened,E3_filter / confirmed_screened_filter_random_rows,cross_experiment,0.0,0.0,,0.0,,,0.0,0.0
SEA_A,SEA_A__s9913__clean__none,clean,none,d3_oof,E2_RL / none_screened,E3_filter / none_screened_filter_learned_features,cross_experiment,-0.02649015738652416,-0.02097607655502398,,-0.106622009569378,,,0.0,3951.666666666657
SEA_A,SEA_A__s9913__clean__none,clean,none,d3_oof,E2_RL / none_screened,E3_filter / none_screened_filter_learned_features_label,cross_experiment,-0.03628397896702884,-0.03008612440191405,,-0.03900478468899521,,,0.0,4081.666666666657
SEA_A,SEA_A__s9913__clean__none,clean,none,d3_oof,E2_RL / none_screened,E3_filter / none_screened_filter_none,cross_experiment,0.0,0.0,,0.0,,,0.0,0.0
SEA_A,SEA_A__s9913__clean__none,clean,none,d3_oof,E2_RL / selected_map,E3_filter / confirmed_screened_filter_learned_features,cross_experiment,-0.02649015738652416,-0.02097607655502398,,-0.106622009569378,,,0.0,3951.666666666657
SEA_A,SEA_A__s9913__clean__none,clean,none,d3_oof,E2_RL / selected_map,E3_filter / confirmed_screened_filter_learned_features_label,cross_experiment,-0.03628397896702884,-0.03008612440191405,,-0.03900478468899521,,,0.0,4081.666666666657
SEA_A,SEA_A__s9913__clean__none,clean,none,d3_oof,E2_RL / selected_map,E3_filter / confirmed_screened_filter_none,cross_experiment,0.0,0.0,,0.0,,,0.0,0.0
SEA_A,SEA_A__s9913__clean__none,clean,none,d3_oof,E2_RL / selected_map,E3_filter / confirmed_screened_filter_oracle_blocks,cross_experiment,0.0,0.0,,0.0,,,0.0,0.0
SEA_A,SEA_A__s9913__clean__none,clean,none,d3_oof,E2_RL / selected_map,E3_filter / confirmed_screened_filter_oracle_rows,cross_experiment,0.0,0.0,,0.0,,,0.0,0.0
SEA_A,SEA_A__s9913__clean__none,clean,none,d3_oof,E2_RL / selected_map,E3_filter / confirmed_screened_filter_random_blocks,cross_experiment,0.0,0.0,,0.0,,,0.0,0.0
SEA_A,SEA_A__s9913__clean__none,clean,none,d3_oof,E2_RL / selected_map,E3_filter / confirmed_screened_filter_random_rows,cross_experiment,0.0,0.0,,0.0,,,0.0,0.0
SEA_A,SEA_A__s9913__clean__none,clean,none,d3_oof,E2_RL / selected_map,E3_filter / none_screened_filter_learned_features,cross_experiment,-0.02649015738652416,-0.02097607655502398,,-0.106622009569378,,,0.0,3951.666666666657
SEA_A,SEA_A__s9913__clean__none,clean,none,d3_oof,E2_RL / selected_map,E3_filter / none_screened_filter_learned_features_label,cross_experiment,-0.03628397896702884,-0.03008612440191405,,-0.03900478468899521,,,0.0,4081.666666666657
SEA_A,SEA_A__s9913__clean__none,clean,none,d3_oof,E2_RL / selected_map,E3_filter / none_screened_filter_none,cross_experiment,0.0,0.0,,0.0,,,0.0,0.0
SEA_A,SEA_A__s9913__clean__none,clean,none,hddm_w,E1_fixed / confirmed_screened,E2_RL / RL_2state,cross_experiment,0.0,0.0,,0.0,,,0.0,0.0
SEA_A,SEA_A__s9913__clean__none,clean,none,hddm_w,E1_fixed / confirmed_screened,E2_RL / RL_4state,cross_experiment,0.0,0.0,,0.0,,,0.0,0.0
SEA_A,SEA_A__s9913__clean__none,clean,none,hddm_w,E1_fixed / confirmed_screened,E2_RL / confirmed_screened,cross_experiment,0.0,0.0,,0.0,,,0.0,0.0
SEA_A,SEA_A__s9913__clean__none,clean,none,hddm_w,E1_fixed / confirmed_screened,E2_RL / error_rule,cross_experiment,-0.008349230882335412,-0.006698564593301537,,-0.09090909090909088,,,-16.666666666666668,0.0
SEA_A,SEA_A__s9913__clean__none,clean,none,hddm_w,E1_fixed / confirmed_screened,E2_RL / none_screened,cross_experiment,0.0,0.0,,0.0,,,0.0,0.0
SEA_A,SEA_A__s9913__clean__none,clean,none,hddm_w,E1_fixed / confirmed_screened,E2_RL / selected_map,cross_experiment,-0.003316382448111055,-0.0024880382775119836,,0.0,,,-8.333333333333334,0.0
SEA_A,SEA_A__s9913__clean__none,clean,none,hddm_w,E1_fixed / confirmed_screened,E3_filter / confirmed_screened_filter_learned_features,cross_experiment,-0.02649015738652416,-0.02097607655502398,,-0.106622009569378,,,0.0,3951.666666666657
SEA_A,SEA_A__s9913__clean__none,clean,none,hddm_w,E1_fixed / confirmed_screened,E3_filter / confirmed_screened_filter_learned_features_label,cross_experiment,-0.03628397896702884,-0.03008612440191405,,-0.03900478468899521,,,0.0,4081.666666666657
SEA_A,SEA_A__s9913__clean__none,clean,none,hddm_w,E1_fixed / confirmed_screened,E3_filter / confirmed_screened_filter_none,cross_experiment,0.0,0.0,,0.0,,,0.0,0.0
SEA_A,SEA_A__s9913__clean__none,clean,none,hddm_w,E1_fixed / confirmed_screened,E3_filter / confirmed_screened_filter_oracle_blocks,cross_experiment,0.0,0.0,,0.0,,,0.0,0.0
SEA_A,SEA_A__s9913__clean__none,clean,none,hddm_w,E1_fixed / confirmed_screened,E3_filter / confirmed_screened_filter_oracle_rows,cross_experiment,0.0,0.0,,0.0,,,0.0,0.0
SEA_A,SEA_A__s9913__clean__none,clean,none,hddm_w,E1_fixed / confirmed_screened,E3_filter / confirmed_screened_filter_random_blocks,cross_experiment,0.0,0.0,,0.0,,,0.0,0.0
SEA_A,SEA_A__s9913__clean__none,clean,none,hddm_w,E1_fixed / confirmed_screened,E3_filter / confirmed_screened_filter_random_rows,cross_experiment,0.0,0.0,,0.0,,,0.0,0.0
SEA_A,SEA_A__s9913__clean__none,clean,none,hddm_w,E1_fixed / confirmed_screened,E3_filter / none_screened_filter_learned_features,cross_experiment,-0.02649015738652416,-0.02097607655502398,,-0.106622009569378,,,0.0,3951.666666666657
SEA_A,SEA_A__s9913__clean__none,clean,none,hddm_w,E1_fixed / confirmed_screened,E3_filter / none_screened_filter_learned_features_label,cross_experiment,-0.03628397896702884,-0.03008612440191405,,-0.03900478468899521,,,0.0,4081.666666666657
SEA_A,SEA_A__s9913__clean__none,clean,none,hddm_w,E1_fixed / confirmed_screened,E3_filter / none_screened_filter_none,cross_experiment,0.0,0.0,,0.0,,,0.0,0.0
SEA_A,SEA_A__s9913__clean__none,clean,none,hddm_w,E1_fixed / confirmed_unscreened,E2_RL / RL_2state,cross_experiment,0.017021251822017858,0.0130143540669857,,-0.18181818181818182,,,0.0,0.0
SEA_A,SEA_A__s9913__clean__none,clean,none,hddm_w,E1_fixed / confirmed_unscreened,E2_RL / RL_4state,cross_experiment,0.017021251822017858,0.0130143540669857,,-0.18181818181818182,,,0.0,0.0
SEA_A,SEA_A__s9913__clean__none,clean,none,hddm_w,E1_fixed / confirmed_unscreened,E2_RL / confirmed_screened,cross_experiment,0.017021251822017858,0.0130143540669857,,-0.18181818181818182,,,0.0,0.0
SEA_A,SEA_A__s9913__clean__none,clean,none,hddm_w,E1_fixed / confirmed_unscreened,E2_RL / error_rule,cross_experiment,0.008672020939682445,0.0063157894736841635,,-0.2727272727272727,,,-16.666666666666668,0.0
SEA_A,SEA_A__s9913__clean__none,clean,none,hddm_w,E1_fixed / confirmed_unscreened,E2_RL / none_screened,cross_experiment,0.017021251822017858,0.0130143540669857,,-0.18181818181818182,,,0.0,0.0
SEA_A,SEA_A__s9913__clean__none,clean,none,hddm_w,E1_fixed / confirmed_unscreened,E2_RL / selected_map,cross_experiment,0.013704869373906803,0.010526315789473717,,-0.18181818181818182,,,-8.333333333333334,0.0
SEA_A,SEA_A__s9913__clean__none,clean,none,hddm_w,E1_fixed / confirmed_unscreened,E3_filter / confirmed_screened_filter_learned_features,cross_experiment,-0.009468905564506302,-0.00796172248803828,,-0.28844019138755983,,,0.0,3951.666666666657
SEA_A,SEA_A__s9913__clean__none,clean,none,hddm_w,E1_fixed / confirmed_unscreened,E3_filter / confirmed_screened_filter_learned_features_label,cross_experiment,-0.019262727145010983,-0.01707177033492835,,-0.22082296650717703,,,0.0,4081.666666666657
SEA_A,SEA_A__s9913__clean__none,clean,none,hddm_w,E1_fixed / confirmed_unscreened,E3_filter / confirmed_screened_filter_none,cross_experiment,0.017021251822017858,0.0130143540669857,,-0.18181818181818182,,,0.0,0.0
SEA_A,SEA_A__s9913__clean__none,clean,none,hddm_w,E1_fixed / confirmed_unscreened,E3_filter / confirmed_screened_filter_oracle_blocks,cross_experiment,0.017021251822017858,0.0130143540669857,,-0.18181818181818182,,,0.0,0.0
SEA_A,SEA_A__s9913__clean__none,clean,none,hddm_w,E1_fixed / confirmed_unscreened,E3_filter / confirmed_screened_filter_oracle_rows,cross_experiment,0.017021251822017858,0.0130143540669857,,-0.18181818181818182,,,0.0,0.0
SEA_A,SEA_A__s9913__clean__none,clean,none,hddm_w,E1_fixed / confirmed_unscreened,E3_filter / confirmed_screened_filter_random_blocks,cross_experiment,0.017021251822017858,0.0130143540669857,,-0.18181818181818182,,,0.0,0.0
SEA_A,SEA_A__s9913__clean__none,clean,none,hddm_w,E1_fixed / confirmed_unscreened,E3_filter / confirmed_screened_filter_random_rows,cross_experiment,0.017021251822017858,0.0130143540669857,,-0.18181818181818182,,,0.0,0.0
SEA_A,SEA_A__s9913__clean__none,clean,none,hddm_w,E1_fixed / confirmed_unscreened,E3_filter / none_screened_filter_learned_features,cross_experiment,-0.009468905564506302,-0.00796172248803828,,-0.28844019138755983,,,0.0,3951.666666666657
SEA_A,SEA_A__s9913__clean__none,clean,none,hddm_w,E1_fixed / confirmed_unscreened,E3_filter / none_screened_filter_learned_features_label,cross_experiment,-0.019262727145010983,-0.01707177033492835,,-0.22082296650717703,,,0.0,4081.666666666657
SEA_A,SEA_A__s9913__clean__none,clean,none,hddm_w,E1_fixed / confirmed_unscreened,E3_filter / none_screened_filter_none,cross_experiment,0.017021251822017858,0.0130143540669857,,-0.18181818181818182,,,0.0,0.0
SEA_A,SEA_A__s9913__clean__none,clean,none,hddm_w,E1_fixed / immediate_screened,E2_RL / RL_2state,cross_experiment,0.003316382448111055,0.0024880382775119836,,0.0,,,8.333333333333334,0.0
SEA_A,SEA_A__s9913__clean__none,clean,none,hddm_w,E1_fixed / immediate_screened,E2_RL / RL_4state,cross_experiment,0.003316382448111055,0.0024880382775119836,,0.0,,,8.333333333333334,0.0
SEA_A,SEA_A__s9913__clean__none,clean,none,hddm_w,E1_fixed / immediate_screened,E2_RL / confirmed_screened,cross_experiment,0.003316382448111055,0.0024880382775119836,,0.0,,,8.333333333333334,0.0
SEA_A,SEA_A__s9913__clean__none,clean,none,hddm_w,E1_fixed / immediate_screened,E2_RL / error_rule,cross_experiment,-0.005032848434224357,-0.004210526315789553,,-0.09090909090909088,,,-8.333333333333334,0.0
SEA_A,SEA_A__s9913__clean__none,clean,none,hddm_w,E1_fixed / immediate_screened,E2_RL / none_screened,cross_experiment,0.003316382448111055,0.0024880382775119836,,0.0,,,8.333333333333334,0.0
SEA_A,SEA_A__s9913__clean__none,clean,none,hddm_w,E1_fixed / immediate_screened,E2_RL / selected_map,cross_experiment,0.0,0.0,,0.0,,,0.0,0.0
SEA_A,SEA_A__s9913__clean__none,clean,none,hddm_w,E1_fixed / immediate_screened,E3_filter / confirmed_screened_filter_learned_features,cross_experiment,-0.023173774938413105,-0.018488038277511998,,-0.106622009569378,,,8.333333333333334,3951.666666666657
SEA_A,SEA_A__s9913__clean__none,clean,none,hddm_w,E1_fixed / immediate_screened,E3_filter / confirmed_screened_filter_learned_features_label,cross_experiment,-0.032967596518917786,-0.027598086124402066,,-0.03900478468899521,,,8.333333333333334,4081.666666666657
SEA_A,SEA_A__s9913__clean__none,clean,none,hddm_w,E1_fixed / immediate_screened,E3_filter / confirmed_screened_filter_none,cross_experiment,0.003316382448111055,0.0024880382775119836,,0.0,,,8.333333333333334,0.0
SEA_A,SEA_A__s9913__clean__none,clean,none,hddm_w,E1_fixed / immediate_screened,E3_filter / confirmed_screened_filter_oracle_blocks,cross_experiment,0.003316382448111055,0.0024880382775119836,,0.0,,,8.333333333333334,0.0
SEA_A,SEA_A__s9913__clean__none,clean,none,hddm_w,E1_fixed / immediate_screened,E3_filter / confirmed_screened_filter_oracle_rows,cross_experiment,0.003316382448111055,0.0024880382775119836,,0.0,,,8.333333333333334,0.0
SEA_A,SEA_A__s9913__clean__none,clean,none,hddm_w,E1_fixed / immediate_screened,E3_filter / confirmed_screened_filter_random_blocks,cross_experiment,0.003316382448111055,0.0024880382775119836,,0.0,,,8.333333333333334,0.0
SEA_A,SEA_A__s9913__clean__none,clean,none,hddm_w,E1_fixed / immediate_screened,E3_filter / confirmed_screened_filter_random_rows,cross_experiment,0.003316382448111055,0.0024880382775119836,,0.0,,,8.333333333333334,0.0
SEA_A,SEA_A__s9913__clean__none,clean,none,hddm_w,E1_fixed / immediate_screened,E3_filter / none_screened_filter_learned_features,cross_experiment,-0.023173774938413105,-0.018488038277511998,,-0.106622009569378,,,8.333333333333334,3951.666666666657
SEA_A,SEA_A__s9913__clean__none,clean,none,hddm_w,E1_fixed / immediate_screened,E3_filter / none_screened_filter_learned_features_label,cross_experiment,-0.032967596518917786,-0.027598086124402066,,-0.03900478468899521,,,8.333333333333334,4081.666666666657
SEA_A,SEA_A__s9913__clean__none,clean,none,hddm_w,E1_fixed / immediate_screened,E3_filter / none_screened_filter_none,cross_experiment,0.003316382448111055,0.0024880382775119836,,0.0,,,8.333333333333334,0.0
SEA_A,SEA_A__s9913__clean__none,clean,none,hddm_w,E1_fixed / immediate_unscreened,E2_RL / RL_2state,cross_experiment,0.01912602592205459,0.01473684210526316,,-0.18181818181818182,,,8.333333333333334,0.0
SEA_A,SEA_A__s9913__clean__none,clean,none,hddm_w,E1_fixed / immediate_unscreened,E2_RL / RL_4state,cross_experiment,0.01912602592205459,0.01473684210526316,,-0.18181818181818182,,,8.333333333333334,0.0
SEA_A,SEA_A__s9913__clean__none,clean,none,hddm_w,E1_fixed / immediate_unscreened,E2_RL / confirmed_screened,cross_experiment,0.01912602592205459,0.01473684210526316,,-0.18181818181818182,,,8.333333333333334,0.0
SEA_A,SEA_A__s9913__clean__none,clean,none,hddm_w,E1_fixed / immediate_unscreened,E2_RL / error_rule,cross_experiment,0.010776795039719178,0.008038277511961622,,-0.2727272727272727,,,-8.333333333333334,0.0
SEA_A,SEA_A__s9913__clean__none,clean,none,hddm_w,E1_fixed / immediate_unscreened,E2_RL / none_screened,cross_experiment,0.01912602592205459,0.01473684210526316,,-0.18181818181818182,,,8.333333333333334,0.0
SEA_A,SEA_A__s9913__clean__none,clean,none,hddm_w,E1_fixed / immediate_unscreened,E2_RL / selected_map,cross_experiment,0.015809643473943535,0.012248803827751176,,-0.18181818181818182,,,0.0,0.0
SEA_A,SEA_A__s9913__clean__none,clean,none,hddm_w,E1_fixed / immediate_unscreened,E3_filter / confirmed_screened_filter_learned_features,cross_experiment,-0.00736413146446957,-0.006239234449760822,,-0.28844019138755983,,,8.333333333333334,3951.666666666657
SEA_A,SEA_A__s9913__clean__none,clean,none,hddm_w,E1_fixed / immediate_unscreened,E3_filter / confirmed_screened_filter_learned_features_label,cross_experiment,-0.01715795304497425,-0.01534928229665089,,-0.22082296650717703,,,8.333333333333334,4081.666666666657
SEA_A,SEA_A__s9913__clean__none,clean,none,hddm_w,E1_fixed / immediate_unscreened,E3_filter / confirmed_screened_filter_none,cross_experiment,0.01912602592205459,0.01473684210526316,,-0.18181818181818182,,,8.333333333333334,0.0
SEA_A,SEA_A__s9913__clean__none,clean,none,hddm_w,E1_fixed / immediate_unscreened,E3_filter / confirmed_screened_filter_oracle_blocks,cross_experiment,0.01912602592205459,0.01473684210526316,,-0.18181818181818182,,,8.333333333333334,0.0
SEA_A,SEA_A__s9913__clean__none,clean,none,hddm_w,E1_fixed / immediate_unscreened,E3_filter / confirmed_screened_filter_oracle_rows,cross_experiment,0.01912602592205459,0.01473684210526316,,-0.18181818181818182,,,8.333333333333334,0.0
SEA_A,SEA_A__s9913__clean__none,clean,none,hddm_w,E1_fixed / immediate_unscreened,E3_filter / confirmed_screened_filter_random_blocks,cross_experiment,0.01912602592205459,0.01473684210526316,,-0.18181818181818182,,,8.333333333333334,0.0
SEA_A,SEA_A__s9913__clean__none,clean,none,hddm_w,E1_fixed / immediate_unscreened,E3_filter / confirmed_screened_filter_random_rows,cross_experiment,0.01912602592205459,0.01473684210526316,,-0.18181818181818182,,,8.333333333333334,0.0
SEA_A,SEA_A__s9913__clean__none,clean,none,hddm_w,E1_fixed / immediate_unscreened,E3_filter / none_screened_filter_learned_features,cross_experiment,-0.00736413146446957,-0.006239234449760822,,-0.28844019138755983,,,8.333333333333334,3951.666666666657
SEA_A,SEA_A__s9913__clean__none,clean,none,hddm_w,E1_fixed / immediate_unscreened,E3_filter / none_screened_filter_learned_features_label,cross_experiment,-0.01715795304497425,-0.01534928229665089,,-0.22082296650717703,,,8.333333333333334,4081.666666666657
SEA_A,SEA_A__s9913__clean__none,clean,none,hddm_w,E1_fixed / immediate_unscreened,E3_filter / none_screened_filter_none,cross_experiment,0.01912602592205459,0.01473684210526316,,-0.18181818181818182,,,8.333333333333334,0.0
SEA_A,SEA_A__s9913__clean__none,clean,none,hddm_w,E1_fixed / none_screened,E2_RL / RL_2state,cross_experiment,0.0,0.0,,0.0,,,0.0,0.0
SEA_A,SEA_A__s9913__clean__none,clean,none,hddm_w,E1_fixed / none_screened,E2_RL / RL_4state,cross_experiment,0.0,0.0,,0.0,,,0.0,0.0
SEA_A,SEA_A__s9913__clean__none,clean,none,hddm_w,E1_fixed / none_screened,E2_RL / confirmed_screened,cross_experiment,0.0,0.0,,0.0,,,0.0,0.0
SEA_A,SEA_A__s9913__clean__none,clean,none,hddm_w,E1_fixed / none_screened,E2_RL / error_rule,cross_experiment,-0.008349230882335412,-0.006698564593301537,,-0.09090909090909088,,,-16.666666666666668,0.0
SEA_A,SEA_A__s9913__clean__none,clean,none,hddm_w,E1_fixed / none_screened,E2_RL / none_screened,cross_experiment,0.0,0.0,,0.0,,,0.0,0.0
SEA_A,SEA_A__s9913__clean__none,clean,none,hddm_w,E1_fixed / none_screened,E2_RL / selected_map,cross_experiment,-0.003316382448111055,-0.0024880382775119836,,0.0,,,-8.333333333333334,0.0
SEA_A,SEA_A__s9913__clean__none,clean,none,hddm_w,E1_fixed / none_screened,E3_filter / confirmed_screened_filter_learned_features,cross_experiment,-0.02649015738652416,-0.02097607655502398,,-0.106622009569378,,,0.0,3951.666666666657
SEA_A,SEA_A__s9913__clean__none,clean,none,hddm_w,E1_fixed / none_screened,E3_filter / confirmed_screened_filter_learned_features_label,cross_experiment,-0.03628397896702884,-0.03008612440191405,,-0.03900478468899521,,,0.0,4081.666666666657
SEA_A,SEA_A__s9913__clean__none,clean,none,hddm_w,E1_fixed / none_screened,E3_filter / confirmed_screened_filter_none,cross_experiment,0.0,0.0,,0.0,,,0.0,0.0
SEA_A,SEA_A__s9913__clean__none,clean,none,hddm_w,E1_fixed / none_screened,E3_filter / confirmed_screened_filter_oracle_blocks,cross_experiment,0.0,0.0,,0.0,,,0.0,0.0
SEA_A,SEA_A__s9913__clean__none,clean,none,hddm_w,E1_fixed / none_screened,E3_filter / confirmed_screened_filter_oracle_rows,cross_experiment,0.0,0.0,,0.0,,,0.0,0.0
SEA_A,SEA_A__s9913__clean__none,clean,none,hddm_w,E1_fixed / none_screened,E3_filter / confirmed_screened_filter_random_blocks,cross_experiment,0.0,0.0,,0.0,,,0.0,0.0
SEA_A,SEA_A__s9913__clean__none,clean,none,hddm_w,E1_fixed / none_screened,E3_filter / confirmed_screened_filter_random_rows,cross_experiment,0.0,0.0,,0.0,,,0.0,0.0
SEA_A,SEA_A__s9913__clean__none,clean,none,hddm_w,E1_fixed / none_screened,E3_filter / none_screened_filter_learned_features,cross_experiment,-0.02649015738652416,-0.02097607655502398,,-0.106622009569378,,,0.0,3951.666666666657
SEA_A,SEA_A__s9913__clean__none,clean,none,hddm_w,E1_fixed / none_screened,E3_filter / none_screened_filter_learned_features_label,cross_experiment,-0.03628397896702884,-0.03008612440191405,,-0.03900478468899521,,,0.0,4081.666666666657
SEA_A,SEA_A__s9913__clean__none,clean,none,hddm_w,E1_fixed / none_screened,E3_filter / none_screened_filter_none,cross_experiment,0.0,0.0,,0.0,,,0.0,0.0
SEA_A,SEA_A__s9913__clean__none,clean,none,hddm_w,E1_fixed / none_unscreened,E2_RL / RL_2state,cross_experiment,0.017021251822017858,0.0130143540669857,,-0.18181818181818182,,,0.0,0.0
SEA_A,SEA_A__s9913__clean__none,clean,none,hddm_w,E1_fixed / none_unscreened,E2_RL / RL_4state,cross_experiment,0.017021251822017858,0.0130143540669857,,-0.18181818181818182,,,0.0,0.0
SEA_A,SEA_A__s9913__clean__none,clean,none,hddm_w,E1_fixed / none_unscreened,E2_RL / confirmed_screened,cross_experiment,0.017021251822017858,0.0130143540669857,,-0.18181818181818182,,,0.0,0.0
SEA_A,SEA_A__s9913__clean__none,clean,none,hddm_w,E1_fixed / none_unscreened,E2_RL / error_rule,cross_experiment,0.008672020939682445,0.0063157894736841635,,-0.2727272727272727,,,-16.666666666666668,0.0
SEA_A,SEA_A__s9913__clean__none,clean,none,hddm_w,E1_fixed / none_unscreened,E2_RL / none_screened,cross_experiment,0.017021251822017858,0.0130143540669857,,-0.18181818181818182,,,0.0,0.0
SEA_A,SEA_A__s9913__clean__none,clean,none,hddm_w,E1_fixed / none_unscreened,E2_RL / selected_map,cross_experiment,0.013704869373906803,0.010526315789473717,,-0.18181818181818182,,,-8.333333333333334,0.0
SEA_A,SEA_A__s9913__clean__none,clean,none,hddm_w,E1_fixed / none_unscreened,E3_filter / confirmed_screened_filter_learned_features,cross_experiment,-0.009468905564506302,-0.00796172248803828,,-0.28844019138755983,,,0.0,3951.666666666657
SEA_A,SEA_A__s9913__clean__none,clean,none,hddm_w,E1_fixed / none_unscreened,E3_filter / confirmed_screened_filter_learned_features_label,cross_experiment,-0.019262727145010983,-0.01707177033492835,,-0.22082296650717703,,,0.0,4081.666666666657
SEA_A,SEA_A__s9913__clean__none,clean,none,hddm_w,E1_fixed / none_unscreened,E3_filter / confirmed_screened_filter_none,cross_experiment,0.017021251822017858,0.0130143540669857,,-0.18181818181818182,,,0.0,0.0
SEA_A,SEA_A__s9913__clean__none,clean,none,hddm_w,E1_fixed / none_unscreened,E3_filter / confirmed_screened_filter_oracle_blocks,cross_experiment,0.017021251822017858,0.0130143540669857,,-0.18181818181818182,,,0.0,0.0
SEA_A,SEA_A__s9913__clean__none,clean,none,hddm_w,E1_fixed / none_unscreened,E3_filter / confirmed_screened_filter_oracle_rows,cross_experiment,0.017021251822017858,0.0130143540669857,,-0.18181818181818182,,,0.0,0.0
SEA_A,SEA_A__s9913__clean__none,clean,none,hddm_w,E1_fixed / none_unscreened,E3_filter / confirmed_screened_filter_random_blocks,cross_experiment,0.017021251822017858,0.0130143540669857,,-0.18181818181818182,,,0.0,0.0
SEA_A,SEA_A__s9913__clean__none,clean,none,hddm_w,E1_fixed / none_unscreened,E3_filter / confirmed_screened_filter_random_rows,cross_experiment,0.017021251822017858,0.0130143540669857,,-0.18181818181818182,,,0.0,0.0
SEA_A,SEA_A__s9913__clean__none,clean,none,hddm_w,E1_fixed / none_unscreened,E3_filter / none_screened_filter_learned_features,cross_experiment,-0.009468905564506302,-0.00796172248803828,,-0.28844019138755983,,,0.0,3951.666666666657
SEA_A,SEA_A__s9913__clean__none,clean,none,hddm_w,E1_fixed / none_unscreened,E3_filter / none_screened_filter_learned_features_label,cross_experiment,-0.019262727145010983,-0.01707177033492835,,-0.22082296650717703,,,0.0,4081.666666666657
SEA_A,SEA_A__s9913__clean__none,clean,none,hddm_w,E1_fixed / none_unscreened,E3_filter / none_screened_filter_none,cross_experiment,0.017021251822017858,0.0130143540669857,,-0.18181818181818182,,,0.0,0.0
SEA_A,SEA_A__s9913__clean__none,clean,none,hddm_w,E2_RL / RL_2state,E3_filter / confirmed_screened_filter_learned_features,cross_experiment,-0.02649015738652416,-0.02097607655502398,,-0.106622009569378,,,0.0,3951.666666666657
SEA_A,SEA_A__s9913__clean__none,clean,none,hddm_w,E2_RL / RL_2state,E3_filter / confirmed_screened_filter_learned_features_label,cross_experiment,-0.03628397896702884,-0.03008612440191405,,-0.03900478468899521,,,0.0,4081.666666666657
SEA_A,SEA_A__s9913__clean__none,clean,none,hddm_w,E2_RL / RL_2state,E3_filter / confirmed_screened_filter_none,cross_experiment,0.0,0.0,,0.0,,,0.0,0.0
SEA_A,SEA_A__s9913__clean__none,clean,none,hddm_w,E2_RL / RL_2state,E3_filter / confirmed_screened_filter_oracle_blocks,cross_experiment,0.0,0.0,,0.0,,,0.0,0.0
SEA_A,SEA_A__s9913__clean__none,clean,none,hddm_w,E2_RL / RL_2state,E3_filter / confirmed_screened_filter_oracle_rows,cross_experiment,0.0,0.0,,0.0,,,0.0,0.0
SEA_A,SEA_A__s9913__clean__none,clean,none,hddm_w,E2_RL / RL_2state,E3_filter / confirmed_screened_filter_random_blocks,cross_experiment,0.0,0.0,,0.0,,,0.0,0.0
SEA_A,SEA_A__s9913__clean__none,clean,none,hddm_w,E2_RL / RL_2state,E3_filter / confirmed_screened_filter_random_rows,cross_experiment,0.0,0.0,,0.0,,,0.0,0.0
SEA_A,SEA_A__s9913__clean__none,clean,none,hddm_w,E2_RL / RL_2state,E3_filter / none_screened_filter_learned_features,cross_experiment,-0.02649015738652416,-0.02097607655502398,,-0.106622009569378,,,0.0,3951.666666666657
SEA_A,SEA_A__s9913__clean__none,clean,none,hddm_w,E2_RL / RL_2state,E3_filter / none_screened_filter_learned_features_label,cross_experiment,-0.03628397896702884,-0.03008612440191405,,-0.03900478468899521,,,0.0,4081.666666666657
SEA_A,SEA_A__s9913__clean__none,clean,none,hddm_w,E2_RL / RL_2state,E3_filter / none_screened_filter_none,cross_experiment,0.0,0.0,,0.0,,,0.0,0.0
SEA_A,SEA_A__s9913__clean__none,clean,none,hddm_w,E2_RL / RL_4state,E3_filter / confirmed_screened_filter_learned_features,cross_experiment,-0.02649015738652416,-0.02097607655502398,,-0.106622009569378,,,0.0,3951.666666666657
SEA_A,SEA_A__s9913__clean__none,clean,none,hddm_w,E2_RL / RL_4state,E3_filter / confirmed_screened_filter_learned_features_label,cross_experiment,-0.03628397896702884,-0.03008612440191405,,-0.03900478468899521,,,0.0,4081.666666666657
SEA_A,SEA_A__s9913__clean__none,clean,none,hddm_w,E2_RL / RL_4state,E3_filter / confirmed_screened_filter_none,cross_experiment,0.0,0.0,,0.0,,,0.0,0.0
SEA_A,SEA_A__s9913__clean__none,clean,none,hddm_w,E2_RL / RL_4state,E3_filter / confirmed_screened_filter_oracle_blocks,cross_experiment,0.0,0.0,,0.0,,,0.0,0.0
SEA_A,SEA_A__s9913__clean__none,clean,none,hddm_w,E2_RL / RL_4state,E3_filter / confirmed_screened_filter_oracle_rows,cross_experiment,0.0,0.0,,0.0,,,0.0,0.0
SEA_A,SEA_A__s9913__clean__none,clean,none,hddm_w,E2_RL / RL_4state,E3_filter / confirmed_screened_filter_random_blocks,cross_experiment,0.0,0.0,,0.0,,,0.0,0.0
SEA_A,SEA_A__s9913__clean__none,clean,none,hddm_w,E2_RL / RL_4state,E3_filter / confirmed_screened_filter_random_rows,cross_experiment,0.0,0.0,,0.0,,,0.0,0.0
SEA_A,SEA_A__s9913__clean__none,clean,none,hddm_w,E2_RL / RL_4state,E3_filter / none_screened_filter_learned_features,cross_experiment,-0.02649015738652416,-0.02097607655502398,,-0.106622009569378,,,0.0,3951.666666666657
SEA_A,SEA_A__s9913__clean__none,clean,none,hddm_w,E2_RL / RL_4state,E3_filter / none_screened_filter_learned_features_label,cross_experiment,-0.03628397896702884,-0.03008612440191405,,-0.03900478468899521,,,0.0,4081.666666666657
SEA_A,SEA_A__s9913__clean__none,clean,none,hddm_w,E2_RL / RL_4state,E3_filter / none_screened_filter_none,cross_experiment,0.0,0.0,,0.0,,,0.0,0.0
SEA_A,SEA_A__s9913__clean__none,clean,none,hddm_w,E2_RL / confirmed_screened,E3_filter / confirmed_screened_filter_learned_features,cross_experiment,-0.02649015738652416,-0.02097607655502398,,-0.106622009569378,,,0.0,3951.666666666657
SEA_A,SEA_A__s9913__clean__none,clean,none,hddm_w,E2_RL / confirmed_screened,E3_filter / confirmed_screened_filter_learned_features_label,cross_experiment,-0.03628397896702884,-0.03008612440191405,,-0.03900478468899521,,,0.0,4081.666666666657
SEA_A,SEA_A__s9913__clean__none,clean,none,hddm_w,E2_RL / confirmed_screened,E3_filter / confirmed_screened_filter_none,cross_experiment,0.0,0.0,,0.0,,,0.0,0.0
SEA_A,SEA_A__s9913__clean__none,clean,none,hddm_w,E2_RL / confirmed_screened,E3_filter / confirmed_screened_filter_oracle_blocks,cross_experiment,0.0,0.0,,0.0,,,0.0,0.0
SEA_A,SEA_A__s9913__clean__none,clean,none,hddm_w,E2_RL / confirmed_screened,E3_filter / confirmed_screened_filter_oracle_rows,cross_experiment,0.0,0.0,,0.0,,,0.0,0.0
SEA_A,SEA_A__s9913__clean__none,clean,none,hddm_w,E2_RL / confirmed_screened,E3_filter / confirmed_screened_filter_random_blocks,cross_experiment,0.0,0.0,,0.0,,,0.0,0.0
SEA_A,SEA_A__s9913__clean__none,clean,none,hddm_w,E2_RL / confirmed_screened,E3_filter / confirmed_screened_filter_random_rows,cross_experiment,0.0,0.0,,0.0,,,0.0,0.0
SEA_A,SEA_A__s9913__clean__none,clean,none,hddm_w,E2_RL / confirmed_screened,E3_filter / none_screened_filter_learned_features,cross_experiment,-0.02649015738652416,-0.02097607655502398,,-0.106622009569378,,,0.0,3951.666666666657
SEA_A,SEA_A__s9913__clean__none,clean,none,hddm_w,E2_RL / confirmed_screened,E3_filter / none_screened_filter_learned_features_label,cross_experiment,-0.03628397896702884,-0.03008612440191405,,-0.03900478468899521,,,0.0,4081.666666666657
SEA_A,SEA_A__s9913__clean__none,clean,none,hddm_w,E2_RL / confirmed_screened,E3_filter / none_screened_filter_none,cross_experiment,0.0,0.0,,0.0,,,0.0,0.0
SEA_A,SEA_A__s9913__clean__none,clean,none,hddm_w,E2_RL / error_rule,E3_filter / confirmed_screened_filter_learned_features,cross_experiment,-0.018140926504188748,-0.014277511961722444,,-0.015712918660287123,,,16.666666666666668,3951.666666666657
SEA_A,SEA_A__s9913__clean__none,clean,none,hddm_w,E2_RL / error_rule,E3_filter / confirmed_screened_filter_learned_features_label,cross_experiment,-0.027934748084693428,-0.023387559808612512,,0.051904306220095675,,,16.666666666666668,4081.666666666657
SEA_A,SEA_A__s9913__clean__none,clean,none,hddm_w,E2_RL / error_rule,E3_filter / confirmed_screened_filter_none,cross_experiment,0.008349230882335412,0.006698564593301537,,0.09090909090909088,,,16.666666666666668,0.0
SEA_A,SEA_A__s9913__clean__none,clean,none,hddm_w,E2_RL / error_rule,E3_filter / confirmed_screened_filter_oracle_blocks,cross_experiment,0.008349230882335412,0.006698564593301537,,0.09090909090909088,,,16.666666666666668,0.0
SEA_A,SEA_A__s9913__clean__none,clean,none,hddm_w,E2_RL / error_rule,E3_filter / confirmed_screened_filter_oracle_rows,cross_experiment,0.008349230882335412,0.006698564593301537,,0.09090909090909088,,,16.666666666666668,0.0
SEA_A,SEA_A__s9913__clean__none,clean,none,hddm_w,E2_RL / error_rule,E3_filter / confirmed_screened_filter_random_blocks,cross_experiment,0.008349230882335412,0.006698564593301537,,0.09090909090909088,,,16.666666666666668,0.0
SEA_A,SEA_A__s9913__clean__none,clean,none,hddm_w,E2_RL / error_rule,E3_filter / confirmed_screened_filter_random_rows,cross_experiment,0.008349230882335412,0.006698564593301537,,0.09090909090909088,,,16.666666666666668,0.0
SEA_A,SEA_A__s9913__clean__none,clean,none,hddm_w,E2_RL / error_rule,E3_filter / none_screened_filter_learned_features,cross_experiment,-0.018140926504188748,-0.014277511961722444,,-0.015712918660287123,,,16.666666666666668,3951.666666666657
SEA_A,SEA_A__s9913__clean__none,clean,none,hddm_w,E2_RL / error_rule,E3_filter / none_screened_filter_learned_features_label,cross_experiment,-0.027934748084693428,-0.023387559808612512,,0.051904306220095675,,,16.666666666666668,4081.666666666657
SEA_A,SEA_A__s9913__clean__none,clean,none,hddm_w,E2_RL / error_rule,E3_filter / none_screened_filter_none,cross_experiment,0.008349230882335412,0.006698564593301537,,0.09090909090909088,,,16.666666666666668,0.0
SEA_A,SEA_A__s9913__clean__none,clean,none,hddm_w,E2_RL / none_screened,E3_filter / confirmed_screened_filter_learned_features,cross_experiment,-0.02649015738652416,-0.02097607655502398,,-0.106622009569378,,,0.0,3951.666666666657
SEA_A,SEA_A__s9913__clean__none,clean,none,hddm_w,E2_RL / none_screened,E3_filter / confirmed_screened_filter_learned_features_label,cross_experiment,-0.03628397896702884,-0.03008612440191405,,-0.03900478468899521,,,0.0,4081.666666666657
SEA_A,SEA_A__s9913__clean__none,clean,none,hddm_w,E2_RL / none_screened,E3_filter / confirmed_screened_filter_none,cross_experiment,0.0,0.0,,0.0,,,0.0,0.0
SEA_A,SEA_A__s9913__clean__none,clean,none,hddm_w,E2_RL / none_screened,E3_filter / confirmed_screened_filter_oracle_blocks,cross_experiment,0.0,0.0,,0.0,,,0.0,0.0
SEA_A,SEA_A__s9913__clean__none,clean,none,hddm_w,E2_RL / none_screened,E3_filter / confirmed_screened_filter_oracle_rows,cross_experiment,0.0,0.0,,0.0,,,0.0,0.0
SEA_A,SEA_A__s9913__clean__none,clean,none,hddm_w,E2_RL / none_screened,E3_filter / confirmed_screened_filter_random_blocks,cross_experiment,0.0,0.0,,0.0,,,0.0,0.0
SEA_A,SEA_A__s9913__clean__none,clean,none,hddm_w,E2_RL / none_screened,E3_filter / confirmed_screened_filter_random_rows,cross_experiment,0.0,0.0,,0.0,,,0.0,0.0
SEA_A,SEA_A__s9913__clean__none,clean,none,hddm_w,E2_RL / none_screened,E3_filter / none_screened_filter_learned_features,cross_experiment,-0.02649015738652416,-0.02097607655502398,,-0.106622009569378,,,0.0,3951.666666666657
SEA_A,SEA_A__s9913__clean__none,clean,none,hddm_w,E2_RL / none_screened,E3_filter / none_screened_filter_learned_features_label,cross_experiment,-0.03628397896702884,-0.03008612440191405,,-0.03900478468899521,,,0.0,4081.666666666657
SEA_A,SEA_A__s9913__clean__none,clean,none,hddm_w,E2_RL / none_screened,E3_filter / none_screened_filter_none,cross_experiment,0.0,0.0,,0.0,,,0.0,0.0
SEA_A,SEA_A__s9913__clean__none,clean,none,hddm_w,E2_RL / selected_map,E3_filter / confirmed_screened_filter_learned_features,cross_experiment,-0.023173774938413105,-0.018488038277511998,,-0.106622009569378,,,8.333333333333334,3951.666666666657
SEA_A,SEA_A__s9913__clean__none,clean,none,hddm_w,E2_RL / selected_map,E3_filter / confirmed_screened_filter_learned_features_label,cross_experiment,-0.032967596518917786,-0.027598086124402066,,-0.03900478468899521,,,8.333333333333334,4081.666666666657
SEA_A,SEA_A__s9913__clean__none,clean,none,hddm_w,E2_RL / selected_map,E3_filter / confirmed_screened_filter_none,cross_experiment,0.003316382448111055,0.0024880382775119836,,0.0,,,8.333333333333334,0.0
SEA_A,SEA_A__s9913__clean__none,clean,none,hddm_w,E2_RL / selected_map,E3_filter / confirmed_screened_filter_oracle_blocks,cross_experiment,0.003316382448111055,0.0024880382775119836,,0.0,,,8.333333333333334,0.0
SEA_A,SEA_A__s9913__clean__none,clean,none,hddm_w,E2_RL / selected_map,E3_filter / confirmed_screened_filter_oracle_rows,cross_experiment,0.003316382448111055,0.0024880382775119836,,0.0,,,8.333333333333334,0.0
SEA_A,SEA_A__s9913__clean__none,clean,none,hddm_w,E2_RL / selected_map,E3_filter / confirmed_screened_filter_random_blocks,cross_experiment,0.003316382448111055,0.0024880382775119836,,0.0,,,8.333333333333334,0.0
SEA_A,SEA_A__s9913__clean__none,clean,none,hddm_w,E2_RL / selected_map,E3_filter / confirmed_screened_filter_random_rows,cross_experiment,0.003316382448111055,0.0024880382775119836,,0.0,,,8.333333333333334,0.0
SEA_A,SEA_A__s9913__clean__none,clean,none,hddm_w,E2_RL / selected_map,E3_filter / none_screened_filter_learned_features,cross_experiment,-0.023173774938413105,-0.018488038277511998,,-0.106622009569378,,,8.333333333333334,3951.666666666657
SEA_A,SEA_A__s9913__clean__none,clean,none,hddm_w,E2_RL / selected_map,E3_filter / none_screened_filter_learned_features_label,cross_experiment,-0.032967596518917786,-0.027598086124402066,,-0.03900478468899521,,,8.333333333333334,4081.666666666657
SEA_A,SEA_A__s9913__clean__none,clean,none,hddm_w,E2_RL / selected_map,E3_filter / none_screened_filter_none,cross_experiment,0.003316382448111055,0.0024880382775119836,,0.0,,,8.333333333333334,0.0
SEA_A,SEA_A__s9913__clean__none,clean,none,hellinger,E1_fixed / confirmed_screened,E2_RL / RL_2state,cross_experiment,0.0,0.0,,0.0,,,0.0,0.0
SEA_A,SEA_A__s9913__clean__none,clean,none,hellinger,E1_fixed / confirmed_screened,E2_RL / RL_4state,cross_experiment,0.0,0.0,,0.0,,,0.0,0.0
SEA_A,SEA_A__s9913__clean__none,clean,none,hellinger,E1_fixed / confirmed_screened,E2_RL / confirmed_screened,cross_experiment,0.0,0.0,,0.0,,,0.0,0.0
SEA_A,SEA_A__s9913__clean__none,clean,none,hellinger,E1_fixed / confirmed_screened,E2_RL / error_rule,cross_experiment,-0.008349230882335412,-0.006698564593301537,,-0.09090909090909088,,,-16.666666666666668,0.0
SEA_A,SEA_A__s9913__clean__none,clean,none,hellinger,E1_fixed / confirmed_screened,E2_RL / none_screened,cross_experiment,0.0,0.0,,0.0,,,0.0,0.0
SEA_A,SEA_A__s9913__clean__none,clean,none,hellinger,E1_fixed / confirmed_screened,E2_RL / selected_map,cross_experiment,0.0,0.0,,0.0,,,0.0,0.0
SEA_A,SEA_A__s9913__clean__none,clean,none,hellinger,E1_fixed / confirmed_screened,E3_filter / confirmed_screened_filter_learned_features,cross_experiment,-0.02649015738652416,-0.02097607655502398,,-0.106622009569378,,,0.0,3951.666666666657
SEA_A,SEA_A__s9913__clean__none,clean,none,hellinger,E1_fixed / confirmed_screened,E3_filter / confirmed_screened_filter_learned_features_label,cross_experiment,-0.03628397896702884,-0.03008612440191405,,-0.03900478468899521,,,0.0,4081.666666666657
SEA_A,SEA_A__s9913__clean__none,clean,none,hellinger,E1_fixed / confirmed_screened,E3_filter / confirmed_screened_filter_none,cross_experiment,0.0,0.0,,0.0,,,0.0,0.0
SEA_A,SEA_A__s9913__clean__none,clean,none,hellinger,E1_fixed / confirmed_screened,E3_filter / confirmed_screened_filter_oracle_blocks,cross_experiment,0.0,0.0,,0.0,,,0.0,0.0
SEA_A,SEA_A__s9913__clean__none,clean,none,hellinger,E1_fixed / confirmed_screened,E3_filter / confirmed_screened_filter_oracle_rows,cross_experiment,0.0,0.0,,0.0,,,0.0,0.0
SEA_A,SEA_A__s9913__clean__none,clean,none,hellinger,E1_fixed / confirmed_screened,E3_filter / confirmed_screened_filter_random_blocks,cross_experiment,0.0,0.0,,0.0,,,0.0,0.0
SEA_A,SEA_A__s9913__clean__none,clean,none,hellinger,E1_fixed / confirmed_screened,E3_filter / confirmed_screened_filter_random_rows,cross_experiment,0.0,0.0,,0.0,,,0.0,0.0
SEA_A,SEA_A__s9913__clean__none,clean,none,hellinger,E1_fixed / confirmed_screened,E3_filter / none_screened_filter_learned_features,cross_experiment,-0.02649015738652416,-0.02097607655502398,,-0.106622009569378,,,0.0,3951.666666666657
SEA_A,SEA_A__s9913__clean__none,clean,none,hellinger,E1_fixed / confirmed_screened,E3_filter / none_screened_filter_learned_features_label,cross_experiment,-0.03628397896702884,-0.03008612440191405,,-0.03900478468899521,,,0.0,4081.666666666657
SEA_A,SEA_A__s9913__clean__none,clean,none,hellinger,E1_fixed / confirmed_screened,E3_filter / none_screened_filter_none,cross_experiment,0.0,0.0,,0.0,,,0.0,0.0
SEA_A,SEA_A__s9913__clean__none,clean,none,hellinger,E1_fixed / confirmed_unscreened,E2_RL / RL_2state,cross_experiment,0.017021251822017858,0.0130143540669857,,-0.18181818181818182,,,0.0,0.0
SEA_A,SEA_A__s9913__clean__none,clean,none,hellinger,E1_fixed / confirmed_unscreened,E2_RL / RL_4state,cross_experiment,0.017021251822017858,0.0130143540669857,,-0.18181818181818182,,,0.0,0.0
SEA_A,SEA_A__s9913__clean__none,clean,none,hellinger,E1_fixed / confirmed_unscreened,E2_RL / confirmed_screened,cross_experiment,0.017021251822017858,0.0130143540669857,,-0.18181818181818182,,,0.0,0.0
SEA_A,SEA_A__s9913__clean__none,clean,none,hellinger,E1_fixed / confirmed_unscreened,E2_RL / error_rule,cross_experiment,0.008672020939682445,0.0063157894736841635,,-0.2727272727272727,,,-16.666666666666668,0.0
SEA_A,SEA_A__s9913__clean__none,clean,none,hellinger,E1_fixed / confirmed_unscreened,E2_RL / none_screened,cross_experiment,0.017021251822017858,0.0130143540669857,,-0.18181818181818182,,,0.0,0.0
SEA_A,SEA_A__s9913__clean__none,clean,none,hellinger,E1_fixed / confirmed_unscreened,E2_RL / selected_map,cross_experiment,0.017021251822017858,0.0130143540669857,,-0.18181818181818182,,,0.0,0.0
SEA_A,SEA_A__s9913__clean__none,clean,none,hellinger,E1_fixed / confirmed_unscreened,E3_filter / confirmed_screened_filter_learned_features,cross_experiment,-0.009468905564506302,-0.00796172248803828,,-0.28844019138755983,,,0.0,3951.666666666657
SEA_A,SEA_A__s9913__clean__none,clean,none,hellinger,E1_fixed / confirmed_unscreened,E3_filter / confirmed_screened_filter_learned_features_label,cross_experiment,-0.019262727145010983,-0.01707177033492835,,-0.22082296650717703,,,0.0,4081.666666666657
SEA_A,SEA_A__s9913__clean__none,clean,none,hellinger,E1_fixed / confirmed_unscreened,E3_filter / confirmed_screened_filter_none,cross_experiment,0.017021251822017858,0.0130143540669857,,-0.18181818181818182,,,0.0,0.0
SEA_A,SEA_A__s9913__clean__none,clean,none,hellinger,E1_fixed / confirmed_unscreened,E3_filter / confirmed_screened_filter_oracle_blocks,cross_experiment,0.017021251822017858,0.0130143540669857,,-0.18181818181818182,,,0.0,0.0
SEA_A,SEA_A__s9913__clean__none,clean,none,hellinger,E1_fixed / confirmed_unscreened,E3_filter / confirmed_screened_filter_oracle_rows,cross_experiment,0.017021251822017858,0.0130143540669857,,-0.18181818181818182,,,0.0,0.0
SEA_A,SEA_A__s9913__clean__none,clean,none,hellinger,E1_fixed / confirmed_unscreened,E3_filter / confirmed_screened_filter_random_blocks,cross_experiment,0.017021251822017858,0.0130143540669857,,-0.18181818181818182,,,0.0,0.0
SEA_A,SEA_A__s9913__clean__none,clean,none,hellinger,E1_fixed / confirmed_unscreened,E3_filter / confirmed_screened_filter_random_rows,cross_experiment,0.017021251822017858,0.0130143540669857,,-0.18181818181818182,,,0.0,0.0
SEA_A,SEA_A__s9913__clean__none,clean,none,hellinger,E1_fixed / confirmed_unscreened,E3_filter / none_screened_filter_learned_features,cross_experiment,-0.009468905564506302,-0.00796172248803828,,-0.28844019138755983,,,0.0,3951.666666666657
SEA_A,SEA_A__s9913__clean__none,clean,none,hellinger,E1_fixed / confirmed_unscreened,E3_filter / none_screened_filter_learned_features_label,cross_experiment,-0.019262727145010983,-0.01707177033492835,,-0.22082296650717703,,,0.0,4081.666666666657
SEA_A,SEA_A__s9913__clean__none,clean,none,hellinger,E1_fixed / confirmed_unscreened,E3_filter / none_screened_filter_none,cross_experiment,0.017021251822017858,0.0130143540669857,,-0.18181818181818182,,,0.0,0.0
SEA_A,SEA_A__s9913__clean__none,clean,none,hellinger,E1_fixed / immediate_screened,E2_RL / RL_2state,cross_experiment,0.0,0.0,,0.0,,,0.0,0.0
SEA_A,SEA_A__s9913__clean__none,clean,none,hellinger,E1_fixed / immediate_screened,E2_RL / RL_4state,cross_experiment,0.0,0.0,,0.0,,,0.0,0.0
SEA_A,SEA_A__s9913__clean__none,clean,none,hellinger,E1_fixed / immediate_screened,E2_RL / confirmed_screened,cross_experiment,0.0,0.0,,0.0,,,0.0,0.0
SEA_A,SEA_A__s9913__clean__none,clean,none,hellinger,E1_fixed / immediate_screened,E2_RL / error_rule,cross_experiment,-0.008349230882335412,-0.006698564593301537,,-0.09090909090909088,,,-16.666666666666668,0.0
SEA_A,SEA_A__s9913__clean__none,clean,none,hellinger,E1_fixed / immediate_screened,E2_RL / none_screened,cross_experiment,0.0,0.0,,0.0,,,0.0,0.0
SEA_A,SEA_A__s9913__clean__none,clean,none,hellinger,E1_fixed / immediate_screened,E2_RL / selected_map,cross_experiment,0.0,0.0,,0.0,,,0.0,0.0
SEA_A,SEA_A__s9913__clean__none,clean,none,hellinger,E1_fixed / immediate_screened,E3_filter / confirmed_screened_filter_learned_features,cross_experiment,-0.02649015738652416,-0.02097607655502398,,-0.106622009569378,,,0.0,3951.666666666657
SEA_A,SEA_A__s9913__clean__none,clean,none,hellinger,E1_fixed / immediate_screened,E3_filter / confirmed_screened_filter_learned_features_label,cross_experiment,-0.03628397896702884,-0.03008612440191405,,-0.03900478468899521,,,0.0,4081.666666666657
SEA_A,SEA_A__s9913__clean__none,clean,none,hellinger,E1_fixed / immediate_screened,E3_filter / confirmed_screened_filter_none,cross_experiment,0.0,0.0,,0.0,,,0.0,0.0
SEA_A,SEA_A__s9913__clean__none,clean,none,hellinger,E1_fixed / immediate_screened,E3_filter / confirmed_screened_filter_oracle_blocks,cross_experiment,0.0,0.0,,0.0,,,0.0,0.0
SEA_A,SEA_A__s9913__clean__none,clean,none,hellinger,E1_fixed / immediate_screened,E3_filter / confirmed_screened_filter_oracle_rows,cross_experiment,0.0,0.0,,0.0,,,0.0,0.0
SEA_A,SEA_A__s9913__clean__none,clean,none,hellinger,E1_fixed / immediate_screened,E3_filter / confirmed_screened_filter_random_blocks,cross_experiment,0.0,0.0,,0.0,,,0.0,0.0
SEA_A,SEA_A__s9913__clean__none,clean,none,hellinger,E1_fixed / immediate_screened,E3_filter / confirmed_screened_filter_random_rows,cross_experiment,0.0,0.0,,0.0,,,0.0,0.0
SEA_A,SEA_A__s9913__clean__none,clean,none,hellinger,E1_fixed / immediate_screened,E3_filter / none_screened_filter_learned_features,cross_experiment,-0.02649015738652416,-0.02097607655502398,,-0.106622009569378,,,0.0,3951.666666666657
SEA_A,SEA_A__s9913__clean__none,clean,none,hellinger,E1_fixed / immediate_screened,E3_filter / none_screened_filter_learned_features_label,cross_experiment,-0.03628397896702884,-0.03008612440191405,,-0.03900478468899521,,,0.0,4081.666666666657
SEA_A,SEA_A__s9913__clean__none,clean,none,hellinger,E1_fixed / immediate_screened,E3_filter / none_screened_filter_none,cross_experiment,0.0,0.0,,0.0,,,0.0,0.0
SEA_A,SEA_A__s9913__clean__none,clean,none,hellinger,E1_fixed / immediate_unscreened,E2_RL / RL_2state,cross_experiment,0.017021251822017858,0.0130143540669857,,-0.18181818181818182,,,0.0,0.0
SEA_A,SEA_A__s9913__clean__none,clean,none,hellinger,E1_fixed / immediate_unscreened,E2_RL / RL_4state,cross_experiment,0.017021251822017858,0.0130143540669857,,-0.18181818181818182,,,0.0,0.0
SEA_A,SEA_A__s9913__clean__none,clean,none,hellinger,E1_fixed / immediate_unscreened,E2_RL / confirmed_screened,cross_experiment,0.017021251822017858,0.0130143540669857,,-0.18181818181818182,,,0.0,0.0
SEA_A,SEA_A__s9913__clean__none,clean,none,hellinger,E1_fixed / immediate_unscreened,E2_RL / error_rule,cross_experiment,0.008672020939682445,0.0063157894736841635,,-0.2727272727272727,,,-16.666666666666668,0.0
SEA_A,SEA_A__s9913__clean__none,clean,none,hellinger,E1_fixed / immediate_unscreened,E2_RL / none_screened,cross_experiment,0.017021251822017858,0.0130143540669857,,-0.18181818181818182,,,0.0,0.0
SEA_A,SEA_A__s9913__clean__none,clean,none,hellinger,E1_fixed / immediate_unscreened,E2_RL / selected_map,cross_experiment,0.017021251822017858,0.0130143540669857,,-0.18181818181818182,,,0.0,0.0
SEA_A,SEA_A__s9913__clean__none,clean,none,hellinger,E1_fixed / immediate_unscreened,E3_filter / confirmed_screened_filter_learned_features,cross_experiment,-0.009468905564506302,-0.00796172248803828,,-0.28844019138755983,,,0.0,3951.666666666657
SEA_A,SEA_A__s9913__clean__none,clean,none,hellinger,E1_fixed / immediate_unscreened,E3_filter / confirmed_screened_filter_learned_features_label,cross_experiment,-0.019262727145010983,-0.01707177033492835,,-0.22082296650717703,,,0.0,4081.666666666657
SEA_A,SEA_A__s9913__clean__none,clean,none,hellinger,E1_fixed / immediate_unscreened,E3_filter / confirmed_screened_filter_none,cross_experiment,0.017021251822017858,0.0130143540669857,,-0.18181818181818182,,,0.0,0.0
SEA_A,SEA_A__s9913__clean__none,clean,none,hellinger,E1_fixed / immediate_unscreened,E3_filter / confirmed_screened_filter_oracle_blocks,cross_experiment,0.017021251822017858,0.0130143540669857,,-0.18181818181818182,,,0.0,0.0
SEA_A,SEA_A__s9913__clean__none,clean,none,hellinger,E1_fixed / immediate_unscreened,E3_filter / confirmed_screened_filter_oracle_rows,cross_experiment,0.017021251822017858,0.0130143540669857,,-0.18181818181818182,,,0.0,0.0
SEA_A,SEA_A__s9913__clean__none,clean,none,hellinger,E1_fixed / immediate_unscreened,E3_filter / confirmed_screened_filter_random_blocks,cross_experiment,0.017021251822017858,0.0130143540669857,,-0.18181818181818182,,,0.0,0.0
SEA_A,SEA_A__s9913__clean__none,clean,none,hellinger,E1_fixed / immediate_unscreened,E3_filter / confirmed_screened_filter_random_rows,cross_experiment,0.017021251822017858,0.0130143540669857,,-0.18181818181818182,,,0.0,0.0
SEA_A,SEA_A__s9913__clean__none,clean,none,hellinger,E1_fixed / immediate_unscreened,E3_filter / none_screened_filter_learned_features,cross_experiment,-0.009468905564506302,-0.00796172248803828,,-0.28844019138755983,,,0.0,3951.666666666657
SEA_A,SEA_A__s9913__clean__none,clean,none,hellinger,E1_fixed / immediate_unscreened,E3_filter / none_screened_filter_learned_features_label,cross_experiment,-0.019262727145010983,-0.01707177033492835,,-0.22082296650717703,,,0.0,4081.666666666657
SEA_A,SEA_A__s9913__clean__none,clean,none,hellinger,E1_fixed / immediate_unscreened,E3_filter / none_screened_filter_none,cross_experiment,0.017021251822017858,0.0130143540669857,,-0.18181818181818182,,,0.0,0.0
SEA_A,SEA_A__s9913__clean__none,clean,none,hellinger,E1_fixed / none_screened,E2_RL / RL_2state,cross_experiment,0.0,0.0,,0.0,,,0.0,0.0
SEA_A,SEA_A__s9913__clean__none,clean,none,hellinger,E1_fixed / none_screened,E2_RL / RL_4state,cross_experiment,0.0,0.0,,0.0,,,0.0,0.0
SEA_A,SEA_A__s9913__clean__none,clean,none,hellinger,E1_fixed / none_screened,E2_RL / confirmed_screened,cross_experiment,0.0,0.0,,0.0,,,0.0,0.0
SEA_A,SEA_A__s9913__clean__none,clean,none,hellinger,E1_fixed / none_screened,E2_RL / error_rule,cross_experiment,-0.008349230882335412,-0.006698564593301537,,-0.09090909090909088,,,-16.666666666666668,0.0
SEA_A,SEA_A__s9913__clean__none,clean,none,hellinger,E1_fixed / none_screened,E2_RL / none_screened,cross_experiment,0.0,0.0,,0.0,,,0.0,0.0
SEA_A,SEA_A__s9913__clean__none,clean,none,hellinger,E1_fixed / none_screened,E2_RL / selected_map,cross_experiment,0.0,0.0,,0.0,,,0.0,0.0
SEA_A,SEA_A__s9913__clean__none,clean,none,hellinger,E1_fixed / none_screened,E3_filter / confirmed_screened_filter_learned_features,cross_experiment,-0.02649015738652416,-0.02097607655502398,,-0.106622009569378,,,0.0,3951.666666666657
SEA_A,SEA_A__s9913__clean__none,clean,none,hellinger,E1_fixed / none_screened,E3_filter / confirmed_screened_filter_learned_features_label,cross_experiment,-0.03628397896702884,-0.03008612440191405,,-0.03900478468899521,,,0.0,4081.666666666657
SEA_A,SEA_A__s9913__clean__none,clean,none,hellinger,E1_fixed / none_screened,E3_filter / confirmed_screened_filter_none,cross_experiment,0.0,0.0,,0.0,,,0.0,0.0
SEA_A,SEA_A__s9913__clean__none,clean,none,hellinger,E1_fixed / none_screened,E3_filter / confirmed_screened_filter_oracle_blocks,cross_experiment,0.0,0.0,,0.0,,,0.0,0.0
SEA_A,SEA_A__s9913__clean__none,clean,none,hellinger,E1_fixed / none_screened,E3_filter / confirmed_screened_filter_oracle_rows,cross_experiment,0.0,0.0,,0.0,,,0.0,0.0
SEA_A,SEA_A__s9913__clean__none,clean,none,hellinger,E1_fixed / none_screened,E3_filter / confirmed_screened_filter_random_blocks,cross_experiment,0.0,0.0,,0.0,,,0.0,0.0
SEA_A,SEA_A__s9913__clean__none,clean,none,hellinger,E1_fixed / none_screened,E3_filter / confirmed_screened_filter_random_rows,cross_experiment,0.0,0.0,,0.0,,,0.0,0.0
SEA_A,SEA_A__s9913__clean__none,clean,none,hellinger,E1_fixed / none_screened,E3_filter / none_screened_filter_learned_features,cross_experiment,-0.02649015738652416,-0.02097607655502398,,-0.106622009569378,,,0.0,3951.666666666657
SEA_A,SEA_A__s9913__clean__none,clean,none,hellinger,E1_fixed / none_screened,E3_filter / none_screened_filter_learned_features_label,cross_experiment,-0.03628397896702884,-0.03008612440191405,,-0.03900478468899521,,,0.0,4081.666666666657
SEA_A,SEA_A__s9913__clean__none,clean,none,hellinger,E1_fixed / none_screened,E3_filter / none_screened_filter_none,cross_experiment,0.0,0.0,,0.0,,,0.0,0.0
SEA_A,SEA_A__s9913__clean__none,clean,none,hellinger,E1_fixed / none_unscreened,E2_RL / RL_2state,cross_experiment,0.017021251822017858,0.0130143540669857,,-0.18181818181818182,,,0.0,0.0
SEA_A,SEA_A__s9913__clean__none,clean,none,hellinger,E1_fixed / none_unscreened,E2_RL / RL_4state,cross_experiment,0.017021251822017858,0.0130143540669857,,-0.18181818181818182,,,0.0,0.0
SEA_A,SEA_A__s9913__clean__none,clean,none,hellinger,E1_fixed / none_unscreened,E2_RL / confirmed_screened,cross_experiment,0.017021251822017858,0.0130143540669857,,-0.18181818181818182,,,0.0,0.0
SEA_A,SEA_A__s9913__clean__none,clean,none,hellinger,E1_fixed / none_unscreened,E2_RL / error_rule,cross_experiment,0.008672020939682445,0.0063157894736841635,,-0.2727272727272727,,,-16.666666666666668,0.0
SEA_A,SEA_A__s9913__clean__none,clean,none,hellinger,E1_fixed / none_unscreened,E2_RL / none_screened,cross_experiment,0.017021251822017858,0.0130143540669857,,-0.18181818181818182,,,0.0,0.0
SEA_A,SEA_A__s9913__clean__none,clean,none,hellinger,E1_fixed / none_unscreened,E2_RL / selected_map,cross_experiment,0.017021251822017858,0.0130143540669857,,-0.18181818181818182,,,0.0,0.0
SEA_A,SEA_A__s9913__clean__none,clean,none,hellinger,E1_fixed / none_unscreened,E3_filter / confirmed_screened_filter_learned_features,cross_experiment,-0.009468905564506302,-0.00796172248803828,,-0.28844019138755983,,,0.0,3951.666666666657
SEA_A,SEA_A__s9913__clean__none,clean,none,hellinger,E1_fixed / none_unscreened,E3_filter / confirmed_screened_filter_learned_features_label,cross_experiment,-0.019262727145010983,-0.01707177033492835,,-0.22082296650717703,,,0.0,4081.666666666657
SEA_A,SEA_A__s9913__clean__none,clean,none,hellinger,E1_fixed / none_unscreened,E3_filter / confirmed_screened_filter_none,cross_experiment,0.017021251822017858,0.0130143540669857,,-0.18181818181818182,,,0.0,0.0
SEA_A,SEA_A__s9913__clean__none,clean,none,hellinger,E1_fixed / none_unscreened,E3_filter / confirmed_screened_filter_oracle_blocks,cross_experiment,0.017021251822017858,0.0130143540669857,,-0.18181818181818182,,,0.0,0.0
SEA_A,SEA_A__s9913__clean__none,clean,none,hellinger,E1_fixed / none_unscreened,E3_filter / confirmed_screened_filter_oracle_rows,cross_experiment,0.017021251822017858,0.0130143540669857,,-0.18181818181818182,,,0.0,0.0
SEA_A,SEA_A__s9913__clean__none,clean,none,hellinger,E1_fixed / none_unscreened,E3_filter / confirmed_screened_filter_random_blocks,cross_experiment,0.017021251822017858,0.0130143540669857,,-0.18181818181818182,,,0.0,0.0
SEA_A,SEA_A__s9913__clean__none,clean,none,hellinger,E1_fixed / none_unscreened,E3_filter / confirmed_screened_filter_random_rows,cross_experiment,0.017021251822017858,0.0130143540669857,,-0.18181818181818182,,,0.0,0.0
SEA_A,SEA_A__s9913__clean__none,clean,none,hellinger,E1_fixed / none_unscreened,E3_filter / none_screened_filter_learned_features,cross_experiment,-0.009468905564506302,-0.00796172248803828,,-0.28844019138755983,,,0.0,3951.666666666657
SEA_A,SEA_A__s9913__clean__none,clean,none,hellinger,E1_fixed / none_unscreened,E3_filter / none_screened_filter_learned_features_label,cross_experiment,-0.019262727145010983,-0.01707177033492835,,-0.22082296650717703,,,0.0,4081.666666666657
SEA_A,SEA_A__s9913__clean__none,clean,none,hellinger,E1_fixed / none_unscreened,E3_filter / none_screened_filter_none,cross_experiment,0.017021251822017858,0.0130143540669857,,-0.18181818181818182,,,0.0,0.0
SEA_A,SEA_A__s9913__clean__none,clean,none,hellinger,E2_RL / RL_2state,E3_filter / confirmed_screened_filter_learned_features,cross_experiment,-0.02649015738652416,-0.02097607655502398,,-0.106622009569378,,,0.0,3951.666666666657
SEA_A,SEA_A__s9913__clean__none,clean,none,hellinger,E2_RL / RL_2state,E3_filter / confirmed_screened_filter_learned_features_label,cross_experiment,-0.03628397896702884,-0.03008612440191405,,-0.03900478468899521,,,0.0,4081.666666666657
SEA_A,SEA_A__s9913__clean__none,clean,none,hellinger,E2_RL / RL_2state,E3_filter / confirmed_screened_filter_none,cross_experiment,0.0,0.0,,0.0,,,0.0,0.0
SEA_A,SEA_A__s9913__clean__none,clean,none,hellinger,E2_RL / RL_2state,E3_filter / confirmed_screened_filter_oracle_blocks,cross_experiment,0.0,0.0,,0.0,,,0.0,0.0
SEA_A,SEA_A__s9913__clean__none,clean,none,hellinger,E2_RL / RL_2state,E3_filter / confirmed_screened_filter_oracle_rows,cross_experiment,0.0,0.0,,0.0,,,0.0,0.0
SEA_A,SEA_A__s9913__clean__none,clean,none,hellinger,E2_RL / RL_2state,E3_filter / confirmed_screened_filter_random_blocks,cross_experiment,0.0,0.0,,0.0,,,0.0,0.0
SEA_A,SEA_A__s9913__clean__none,clean,none,hellinger,E2_RL / RL_2state,E3_filter / confirmed_screened_filter_random_rows,cross_experiment,0.0,0.0,,0.0,,,0.0,0.0
SEA_A,SEA_A__s9913__clean__none,clean,none,hellinger,E2_RL / RL_2state,E3_filter / none_screened_filter_learned_features,cross_experiment,-0.02649015738652416,-0.02097607655502398,,-0.106622009569378,,,0.0,3951.666666666657
SEA_A,SEA_A__s9913__clean__none,clean,none,hellinger,E2_RL / RL_2state,E3_filter / none_screened_filter_learned_features_label,cross_experiment,-0.03628397896702884,-0.03008612440191405,,-0.03900478468899521,,,0.0,4081.666666666657
SEA_A,SEA_A__s9913__clean__none,clean,none,hellinger,E2_RL / RL_2state,E3_filter / none_screened_filter_none,cross_experiment,0.0,0.0,,0.0,,,0.0,0.0
SEA_A,SEA_A__s9913__clean__none,clean,none,hellinger,E2_RL / RL_4state,E3_filter / confirmed_screened_filter_learned_features,cross_experiment,-0.02649015738652416,-0.02097607655502398,,-0.106622009569378,,,0.0,3951.666666666657
SEA_A,SEA_A__s9913__clean__none,clean,none,hellinger,E2_RL / RL_4state,E3_filter / confirmed_screened_filter_learned_features_label,cross_experiment,-0.03628397896702884,-0.03008612440191405,,-0.03900478468899521,,,0.0,4081.666666666657
SEA_A,SEA_A__s9913__clean__none,clean,none,hellinger,E2_RL / RL_4state,E3_filter / confirmed_screened_filter_none,cross_experiment,0.0,0.0,,0.0,,,0.0,0.0
SEA_A,SEA_A__s9913__clean__none,clean,none,hellinger,E2_RL / RL_4state,E3_filter / confirmed_screened_filter_oracle_blocks,cross_experiment,0.0,0.0,,0.0,,,0.0,0.0
SEA_A,SEA_A__s9913__clean__none,clean,none,hellinger,E2_RL / RL_4state,E3_filter / confirmed_screened_filter_oracle_rows,cross_experiment,0.0,0.0,,0.0,,,0.0,0.0
SEA_A,SEA_A__s9913__clean__none,clean,none,hellinger,E2_RL / RL_4state,E3_filter / confirmed_screened_filter_random_blocks,cross_experiment,0.0,0.0,,0.0,,,0.0,0.0
SEA_A,SEA_A__s9913__clean__none,clean,none,hellinger,E2_RL / RL_4state,E3_filter / confirmed_screened_filter_random_rows,cross_experiment,0.0,0.0,,0.0,,,0.0,0.0
SEA_A,SEA_A__s9913__clean__none,clean,none,hellinger,E2_RL / RL_4state,E3_filter / none_screened_filter_learned_features,cross_experiment,-0.02649015738652416,-0.02097607655502398,,-0.106622009569378,,,0.0,3951.666666666657
SEA_A,SEA_A__s9913__clean__none,clean,none,hellinger,E2_RL / RL_4state,E3_filter / none_screened_filter_learned_features_label,cross_experiment,-0.03628397896702884,-0.03008612440191405,,-0.03900478468899521,,,0.0,4081.666666666657
SEA_A,SEA_A__s9913__clean__none,clean,none,hellinger,E2_RL / RL_4state,E3_filter / none_screened_filter_none,cross_experiment,0.0,0.0,,0.0,,,0.0,0.0
SEA_A,SEA_A__s9913__clean__none,clean,none,hellinger,E2_RL / confirmed_screened,E3_filter / confirmed_screened_filter_learned_features,cross_experiment,-0.02649015738652416,-0.02097607655502398,,-0.106622009569378,,,0.0,3951.666666666657
SEA_A,SEA_A__s9913__clean__none,clean,none,hellinger,E2_RL / confirmed_screened,E3_filter / confirmed_screened_filter_learned_features_label,cross_experiment,-0.03628397896702884,-0.03008612440191405,,-0.03900478468899521,,,0.0,4081.666666666657
SEA_A,SEA_A__s9913__clean__none,clean,none,hellinger,E2_RL / confirmed_screened,E3_filter / confirmed_screened_filter_none,cross_experiment,0.0,0.0,,0.0,,,0.0,0.0
SEA_A,SEA_A__s9913__clean__none,clean,none,hellinger,E2_RL / confirmed_screened,E3_filter / confirmed_screened_filter_oracle_blocks,cross_experiment,0.0,0.0,,0.0,,,0.0,0.0
SEA_A,SEA_A__s9913__clean__none,clean,none,hellinger,E2_RL / confirmed_screened,E3_filter / confirmed_screened_filter_oracle_rows,cross_experiment,0.0,0.0,,0.0,,,0.0,0.0
SEA_A,SEA_A__s9913__clean__none,clean,none,hellinger,E2_RL / confirmed_screened,E3_filter / confirmed_screened_filter_random_blocks,cross_experiment,0.0,0.0,,0.0,,,0.0,0.0
SEA_A,SEA_A__s9913__clean__none,clean,none,hellinger,E2_RL / confirmed_screened,E3_filter / confirmed_screened_filter_random_rows,cross_experiment,0.0,0.0,,0.0,,,0.0,0.0
SEA_A,SEA_A__s9913__clean__none,clean,none,hellinger,E2_RL / confirmed_screened,E3_filter / none_screened_filter_learned_features,cross_experiment,-0.02649015738652416,-0.02097607655502398,,-0.106622009569378,,,0.0,3951.666666666657
SEA_A,SEA_A__s9913__clean__none,clean,none,hellinger,E2_RL / confirmed_screened,E3_filter / none_screened_filter_learned_features_label,cross_experiment,-0.03628397896702884,-0.03008612440191405,,-0.03900478468899521,,,0.0,4081.666666666657
SEA_A,SEA_A__s9913__clean__none,clean,none,hellinger,E2_RL / confirmed_screened,E3_filter / none_screened_filter_none,cross_experiment,0.0,0.0,,0.0,,,0.0,0.0
SEA_A,SEA_A__s9913__clean__none,clean,none,hellinger,E2_RL / error_rule,E3_filter / confirmed_screened_filter_learned_features,cross_experiment,-0.018140926504188748,-0.014277511961722444,,-0.015712918660287123,,,16.666666666666668,3951.666666666657
SEA_A,SEA_A__s9913__clean__none,clean,none,hellinger,E2_RL / error_rule,E3_filter / confirmed_screened_filter_learned_features_label,cross_experiment,-0.027934748084693428,-0.023387559808612512,,0.051904306220095675,,,16.666666666666668,4081.666666666657
SEA_A,SEA_A__s9913__clean__none,clean,none,hellinger,E2_RL / error_rule,E3_filter / confirmed_screened_filter_none,cross_experiment,0.008349230882335412,0.006698564593301537,,0.09090909090909088,,,16.666666666666668,0.0
SEA_A,SEA_A__s9913__clean__none,clean,none,hellinger,E2_RL / error_rule,E3_filter / confirmed_screened_filter_oracle_blocks,cross_experiment,0.008349230882335412,0.006698564593301537,,0.09090909090909088,,,16.666666666666668,0.0
SEA_A,SEA_A__s9913__clean__none,clean,none,hellinger,E2_RL / error_rule,E3_filter / confirmed_screened_filter_oracle_rows,cross_experiment,0.008349230882335412,0.006698564593301537,,0.09090909090909088,,,16.666666666666668,0.0
SEA_A,SEA_A__s9913__clean__none,clean,none,hellinger,E2_RL / error_rule,E3_filter / confirmed_screened_filter_random_blocks,cross_experiment,0.008349230882335412,0.006698564593301537,,0.09090909090909088,,,16.666666666666668,0.0
SEA_A,SEA_A__s9913__clean__none,clean,none,hellinger,E2_RL / error_rule,E3_filter / confirmed_screened_filter_random_rows,cross_experiment,0.008349230882335412,0.006698564593301537,,0.09090909090909088,,,16.666666666666668,0.0
SEA_A,SEA_A__s9913__clean__none,clean,none,hellinger,E2_RL / error_rule,E3_filter / none_screened_filter_learned_features,cross_experiment,-0.018140926504188748,-0.014277511961722444,,-0.015712918660287123,,,16.666666666666668,3951.666666666657
SEA_A,SEA_A__s9913__clean__none,clean,none,hellinger,E2_RL / error_rule,E3_filter / none_screened_filter_learned_features_label,cross_experiment,-0.027934748084693428,-0.023387559808612512,,0.051904306220095675,,,16.666666666666668,4081.666666666657
SEA_A,SEA_A__s9913__clean__none,clean,none,hellinger,E2_RL / error_rule,E3_filter / none_screened_filter_none,cross_experiment,0.008349230882335412,0.006698564593301537,,0.09090909090909088,,,16.666666666666668,0.0
SEA_A,SEA_A__s9913__clean__none,clean,none,hellinger,E2_RL / none_screened,E3_filter / confirmed_screened_filter_learned_features,cross_experiment,-0.02649015738652416,-0.02097607655502398,,-0.106622009569378,,,0.0,3951.666666666657
SEA_A,SEA_A__s9913__clean__none,clean,none,hellinger,E2_RL / none_screened,E3_filter / confirmed_screened_filter_learned_features_label,cross_experiment,-0.03628397896702884,-0.03008612440191405,,-0.03900478468899521,,,0.0,4081.666666666657
SEA_A,SEA_A__s9913__clean__none,clean,none,hellinger,E2_RL / none_screened,E3_filter / confirmed_screened_filter_none,cross_experiment,0.0,0.0,,0.0,,,0.0,0.0
SEA_A,SEA_A__s9913__clean__none,clean,none,hellinger,E2_RL / none_screened,E3_filter / confirmed_screened_filter_oracle_blocks,cross_experiment,0.0,0.0,,0.0,,,0.0,0.0
SEA_A,SEA_A__s9913__clean__none,clean,none,hellinger,E2_RL / none_screened,E3_filter / confirmed_screened_filter_oracle_rows,cross_experiment,0.0,0.0,,0.0,,,0.0,0.0
SEA_A,SEA_A__s9913__clean__none,clean,none,hellinger,E2_RL / none_screened,E3_filter / confirmed_screened_filter_random_blocks,cross_experiment,0.0,0.0,,0.0,,,0.0,0.0
SEA_A,SEA_A__s9913__clean__none,clean,none,hellinger,E2_RL / none_screened,E3_filter / confirmed_screened_filter_random_rows,cross_experiment,0.0,0.0,,0.0,,,0.0,0.0
SEA_A,SEA_A__s9913__clean__none,clean,none,hellinger,E2_RL / none_screened,E3_filter / none_screened_filter_learned_features,cross_experiment,-0.02649015738652416,-0.02097607655502398,,-0.106622009569378,,,0.0,3951.666666666657
SEA_A,SEA_A__s9913__clean__none,clean,none,hellinger,E2_RL / none_screened,E3_filter / none_screened_filter_learned_features_label,cross_experiment,-0.03628397896702884,-0.03008612440191405,,-0.03900478468899521,,,0.0,4081.666666666657
SEA_A,SEA_A__s9913__clean__none,clean,none,hellinger,E2_RL / none_screened,E3_filter / none_screened_filter_none,cross_experiment,0.0,0.0,,0.0,,,0.0,0.0
SEA_A,SEA_A__s9913__clean__none,clean,none,hellinger,E2_RL / selected_map,E3_filter / confirmed_screened_filter_learned_features,cross_experiment,-0.02649015738652416,-0.02097607655502398,,-0.106622009569378,,,0.0,3951.666666666657
SEA_A,SEA_A__s9913__clean__none,clean,none,hellinger,E2_RL / selected_map,E3_filter / confirmed_screened_filter_learned_features_label,cross_experiment,-0.03628397896702884,-0.03008612440191405,,-0.03900478468899521,,,0.0,4081.666666666657
SEA_A,SEA_A__s9913__clean__none,clean,none,hellinger,E2_RL / selected_map,E3_filter / confirmed_screened_filter_none,cross_experiment,0.0,0.0,,0.0,,,0.0,0.0
SEA_A,SEA_A__s9913__clean__none,clean,none,hellinger,E2_RL / selected_map,E3_filter / confirmed_screened_filter_oracle_blocks,cross_experiment,0.0,0.0,,0.0,,,0.0,0.0
SEA_A,SEA_A__s9913__clean__none,clean,none,hellinger,E2_RL / selected_map,E3_filter / confirmed_screened_filter_oracle_rows,cross_experiment,0.0,0.0,,0.0,,,0.0,0.0
SEA_A,SEA_A__s9913__clean__none,clean,none,hellinger,E2_RL / selected_map,E3_filter / confirmed_screened_filter_random_blocks,cross_experiment,0.0,0.0,,0.0,,,0.0,0.0
SEA_A,SEA_A__s9913__clean__none,clean,none,hellinger,E2_RL / selected_map,E3_filter / confirmed_screened_filter_random_rows,cross_experiment,0.0,0.0,,0.0,,,0.0,0.0
SEA_A,SEA_A__s9913__clean__none,clean,none,hellinger,E2_RL / selected_map,E3_filter / none_screened_filter_learned_features,cross_experiment,-0.02649015738652416,-0.02097607655502398,,-0.106622009569378,,,0.0,3951.666666666657
SEA_A,SEA_A__s9913__clean__none,clean,none,hellinger,E2_RL / selected_map,E3_filter / none_screened_filter_learned_features_label,cross_experiment,-0.03628397896702884,-0.03008612440191405,,-0.03900478468899521,,,0.0,4081.666666666657
SEA_A,SEA_A__s9913__clean__none,clean,none,hellinger,E2_RL / selected_map,E3_filter / none_screened_filter_none,cross_experiment,0.0,0.0,,0.0,,,0.0,0.0
SEA_A,SEA_A__s9913__instance__severe,instance,severe,adwin,E1_fixed / confirmed_screened,E2_RL / RL_2state,cross_experiment,0.0,0.0,0.0,0.0,,,0.0,0.0
SEA_A,SEA_A__s9913__instance__severe,instance,severe,adwin,E1_fixed / confirmed_screened,E2_RL / RL_4state,cross_experiment,0.0,0.0,0.0,0.0,,,0.0,0.0
SEA_A,SEA_A__s9913__instance__severe,instance,severe,adwin,E1_fixed / confirmed_screened,E2_RL / confirmed_screened,cross_experiment,0.0,0.0,0.0,0.0,,,0.0,0.0
SEA_A,SEA_A__s9913__instance__severe,instance,severe,adwin,E1_fixed / confirmed_screened,E2_RL / error_rule,cross_experiment,-0.0031925818770750514,-0.002679425837320615,0.18680167597765363,-0.17993672554706036,,,-8.333333333333334,0.0
SEA_A,SEA_A__s9913__instance__severe,instance,severe,adwin,E1_fixed / confirmed_screened,E2_RL / none_screened,cross_experiment,0.0,0.0,0.0,0.0,,,0.0,0.0
SEA_A,SEA_A__s9913__instance__severe,instance,severe,adwin,E1_fixed / confirmed_screened,E2_RL / selected_map,cross_experiment,0.0,0.0,0.0,0.0,,,0.0,0.0
SEA_A,SEA_A__s9913__instance__severe,instance,severe,adwin,E1_fixed / confirmed_screened,E3_filter / confirmed_screened_filter_learned_features,cross_experiment,0.008913490030403093,0.006813397129186605,0.11166201117318442,-0.11059847086738726,,,0.0,3951.666666666657
SEA_A,SEA_A__s9913__instance__severe,instance,severe,adwin,E1_fixed / confirmed_screened,E3_filter / confirmed_screened_filter_learned_features_label,cross_experiment,-0.006040569604300217,-0.005607655502392284,0.6168994413407822,-0.08062219878723965,,,0.0,19038.33333333333
SEA_A,SEA_A__s9913__instance__severe,instance,severe,adwin,E1_fixed / confirmed_screened,E3_filter / confirmed_screened_filter_none,cross_experiment,0.0,0.0,0.0,0.0,,,0.0,0.0
SEA_A,SEA_A__s9913__instance__severe,instance,severe,adwin,E1_fixed / confirmed_screened,E3_filter / confirmed_screened_filter_oracle_blocks,cross_experiment,0.005750399135018069,0.005071770334928227,0.9053770949720671,-0.9104930134458212,,,0.0,87083.33333333333
SEA_A,SEA_A__s9913__instance__severe,instance,severe,adwin,E1_fixed / confirmed_screened,E3_filter / confirmed_screened_filter_oracle_rows,cross_experiment,0.0008537591661973432,-0.0004784688995215225,0.9053770949720671,-0.18310044819404164,,,-8.333333333333334,12158.333333333328
SEA_A,SEA_A__s9913__instance__severe,instance,severe,adwin,E1_fixed / confirmed_screened,E3_filter / confirmed_screened_filter_random_blocks,cross_experiment,0.0057503991350181805,0.005071770334928227,0.9053770949720671,-0.9104930134458212,,,0.0,87083.33333333333
SEA_A,SEA_A__s9913__instance__severe,instance,severe,adwin,E1_fixed / confirmed_screened,E3_filter / confirmed_screened_filter_random_rows,cross_experiment,0.023347364193923248,0.01856459330143534,0.3725558659217878,-0.3832849986817822,,,0.0,23866.666666666657
SEA_A,SEA_A__s9913__instance__severe,instance,severe,adwin,E1_fixed / confirmed_screened,E3_filter / none_screened_filter_learned_features,cross_experiment,0.008913490030403093,0.006813397129186605,0.11166201117318442,-0.11059847086738726,,,0.0,3951.666666666657
SEA_A,SEA_A__s9913__instance__severe,instance,severe,adwin,E1_fixed / confirmed_screened,E3_filter / none_screened_filter_learned_features_label,cross_experiment,-0.006040569604300217,-0.005607655502392284,0.6168994413407822,-0.08062219878723965,,,0.0,19038.33333333333
SEA_A,SEA_A__s9913__instance__severe,instance,severe,adwin,E1_fixed / confirmed_screened,E3_filter / none_screened_filter_none,cross_experiment,0.0,0.0,0.0,0.0,,,0.0,0.0
SEA_A,SEA_A__s9913__instance__severe,instance,severe,adwin,E1_fixed / confirmed_unscreened,E2_RL / RL_2state,cross_experiment,0.007830747036542851,0.006794258373205797,0.09462290502793291,-0.08950698655417876,,,0.0,0.0
SEA_A,SEA_A__s9913__instance__severe,instance,severe,adwin,E1_fixed / confirmed_unscreened,E2_RL / RL_4state,cross_experiment,0.007830747036542851,0.006794258373205797,0.09462290502793291,-0.08950698655417876,,,0.0,0.0
SEA_A,SEA_A__s9913__instance__severe,instance,severe,adwin,E1_fixed / confirmed_unscreened,E2_RL / confirmed_screened,cross_experiment,0.007830747036542851,0.006794258373205797,0.09462290502793291,-0.08950698655417876,,,0.0,0.0
SEA_A,SEA_A__s9913__instance__severe,instance,severe,adwin,E1_fixed / confirmed_unscreened,E2_RL / error_rule,cross_experiment,0.0046381651594678,0.004114832535885182,0.28142458100558654,-0.26944371210123913,,,-8.333333333333334,0.0
SEA_A,SEA_A__s9913__instance__severe,instance,severe,adwin,E1_fixed / confirmed_unscreened,E2_RL / none_screened,cross_experiment,0.007830747036542851,0.006794258373205797,0.09462290502793291,-0.08950698655417876,,,0.0,0.0
SEA_A,SEA_A__s9913__instance__severe,instance,severe,adwin,E1_fixed / confirmed_unscreened,E2_RL / selected_map,cross_experiment,0.007830747036542851,0.006794258373205797,0.09462290502793291,-0.08950698655417876,,,0.0,0.0
SEA_A,SEA_A__s9913__instance__severe,instance,severe,adwin,E1_fixed / confirmed_unscreened,E3_filter / confirmed_screened_filter_learned_features,cross_experiment,0.016744237066945944,0.013607655502392402,0.20628491620111733,-0.20010545742156602,,,0.0,3951.666666666657
SEA_A,SEA_A__s9913__instance__severe,instance,severe,adwin,E1_fixed / confirmed_unscreened,E3_filter / confirmed_screened_filter_learned_features_label,cross_experiment,0.0017901774322426345,0.0011866028708135135,0.711522346368715,-0.1701291853414184,,,0.0,19038.33333333333
SEA_A,SEA_A__s9913__instance__severe,instance,severe,adwin,E1_fixed / confirmed_unscreened,E3_filter / confirmed_screened_filter_none,cross_experiment,0.007830747036542851,0.006794258373205797,0.09462290502793291,-0.08950698655417876,,,0.0,0.0
SEA_A,SEA_A__s9913__instance__severe,instance,severe,adwin,E1_fixed / confirmed_unscreened,E3_filter / confirmed_screened_filter_oracle_blocks,cross_experiment,0.01358114617156092,0.011866028708134024,1.0,-1.0,,,0.0,87083.33333333333
SEA_A,SEA_A__s9913__instance__severe,instance,severe,adwin,E1_fixed / confirmed_unscreened,E3_filter / confirmed_screened_filter_oracle_rows,cross_experiment,0.008684506202740194,0.006315789473684275,1.0,-0.2726074347482204,,,-8.333333333333334,12158.333333333328
SEA_A,SEA_A__s9913__instance__severe,instance,severe,adwin,E1_fixed / confirmed_unscreened,E3_filter / confirmed_screened_filter_random_blocks,cross_experiment,0.013581146171561032,0.011866028708134024,1.0,-1.0,,,0.0,87083.33333333333
SEA_A,SEA_A__s9913__instance__severe,instance,severe,adwin,E1_fixed / confirmed_unscreened,E3_filter / confirmed_screened_filter_random_rows,cross_experiment,0.0311781112304661,0.025358851674641136,0.4671787709497207,-0.47279198523596094,,,0.0,23866.666666666657
SEA_A,SEA_A__s9913__instance__severe,instance,severe,adwin,E1_fixed / confirmed_unscreened,E3_filter / none_screened_filter_learned_features,cross_experiment,0.016744237066945944,0.013607655502392402,0.20628491620111733,-0.20010545742156602,,,0.0,3951.666666666657
SEA_A,SEA_A__s9913__instance__severe,instance,severe,adwin,E1_fixed / confirmed_unscreened,E3_filter / none_screened_filter_learned_features_label,cross_experiment,0.0017901774322426345,0.0011866028708135135,0.711522346368715,-0.1701291853414184,,,0.0,19038.33333333333
SEA_A,SEA_A__s9913__instance__severe,instance,severe,adwin,E1_fixed / confirmed_unscreened,E3_filter / none_screened_filter_none,cross_experiment,0.007830747036542851,0.006794258373205797,0.09462290502793291,-0.08950698655417876,,,0.0,0.0
SEA_A,SEA_A__s9913__instance__severe,instance,severe,adwin,E1_fixed / immediate_screened,E2_RL / RL_2state,cross_experiment,0.0,0.0,0.0,0.0,,,0.0,0.0
SEA_A,SEA_A__s9913__instance__severe,instance,severe,adwin,E1_fixed / immediate_screened,E2_RL / RL_4state,cross_experiment,0.0,0.0,0.0,0.0,,,0.0,0.0
SEA_A,SEA_A__s9913__instance__severe,instance,severe,adwin,E1_fixed / immediate_screened,E2_RL / confirmed_screened,cross_experiment,0.0,0.0,0.0,0.0,,,0.0,0.0
SEA_A,SEA_A__s9913__instance__severe,instance,severe,adwin,E1_fixed / immediate_screened,E2_RL / error_rule,cross_experiment,-0.0031925818770750514,-0.002679425837320615,0.18680167597765363,-0.17993672554706036,,,-8.333333333333334,0.0
SEA_A,SEA_A__s9913__instance__severe,instance,severe,adwin,E1_fixed / immediate_screened,E2_RL / none_screened,cross_experiment,0.0,0.0,0.0,0.0,,,0.0,0.0
SEA_A,SEA_A__s9913__instance__severe,instance,severe,adwin,E1_fixed / immediate_screened,E2_RL / selected_map,cross_experiment,0.0,0.0,0.0,0.0,,,0.0,0.0
SEA_A,SEA_A__s9913__instance__severe,instance,severe,adwin,E1_fixed / immediate_screened,E3_filter / confirmed_screened_filter_learned_features,cross_experiment,0.008913490030403093,0.006813397129186605,0.11166201117318442,-0.11059847086738726,,,0.0,3951.666666666657
SEA_A,SEA_A__s9913__instance__severe,instance,severe,adwin,E1_fixed / immediate_screened,E3_filter / confirmed_screened_filter_learned_features_label,cross_experiment,-0.006040569604300217,-0.005607655502392284,0.6168994413407822,-0.08062219878723965,,,0.0,19038.33333333333
SEA_A,SEA_A__s9913__instance__severe,instance,severe,adwin,E1_fixed / immediate_screened,E3_filter / confirmed_screened_filter_none,cross_experiment,0.0,0.0,0.0,0.0,,,0.0,0.0
SEA_A,SEA_A__s9913__instance__severe,instance,severe,adwin,E1_fixed / immediate_screened,E3_filter / confirmed_screened_filter_oracle_blocks,cross_experiment,0.005750399135018069,0.005071770334928227,0.9053770949720671,-0.9104930134458212,,,0.0,87083.33333333333
SEA_A,SEA_A__s9913__instance__severe,instance,severe,adwin,E1_fixed / immediate_screened,E3_filter / confirmed_screened_filter_oracle_rows,cross_experiment,0.0008537591661973432,-0.0004784688995215225,0.9053770949720671,-0.18310044819404164,,,-8.333333333333334,12158.333333333328
SEA_A,SEA_A__s9913__instance__severe,instance,severe,adwin,E1_fixed / immediate_screened,E3_filter / confirmed_screened_filter_random_blocks,cross_experiment,0.0057503991350181805,0.005071770334928227,0.9053770949720671,-0.9104930134458212,,,0.0,87083.33333333333
SEA_A,SEA_A__s9913__instance__severe,instance,severe,adwin,E1_fixed / immediate_screened,E3_filter / confirmed_screened_filter_random_rows,cross_experiment,0.023347364193923248,0.01856459330143534,0.3725558659217878,-0.3832849986817822,,,0.0,23866.666666666657
SEA_A,SEA_A__s9913__instance__severe,instance,severe,adwin,E1_fixed / immediate_screened,E3_filter / none_screened_filter_learned_features,cross_experiment,0.008913490030403093,0.006813397129186605,0.11166201117318442,-0.11059847086738726,,,0.0,3951.666666666657
SEA_A,SEA_A__s9913__instance__severe,instance,severe,adwin,E1_fixed / immediate_screened,E3_filter / none_screened_filter_learned_features_label,cross_experiment,-0.006040569604300217,-0.005607655502392284,0.6168994413407822,-0.08062219878723965,,,0.0,19038.33333333333
SEA_A,SEA_A__s9913__instance__severe,instance,severe,adwin,E1_fixed / immediate_screened,E3_filter / none_screened_filter_none,cross_experiment,0.0,0.0,0.0,0.0,,,0.0,0.0
SEA_A,SEA_A__s9913__instance__severe,instance,severe,adwin,E1_fixed / immediate_unscreened,E2_RL / RL_2state,cross_experiment,0.007830747036542851,0.006794258373205797,0.09462290502793291,-0.08950698655417876,,,0.0,0.0
SEA_A,SEA_A__s9913__instance__severe,instance,severe,adwin,E1_fixed / immediate_unscreened,E2_RL / RL_4state,cross_experiment,0.007830747036542851,0.006794258373205797,0.09462290502793291,-0.08950698655417876,,,0.0,0.0
SEA_A,SEA_A__s9913__instance__severe,instance,severe,adwin,E1_fixed / immediate_unscreened,E2_RL / confirmed_screened,cross_experiment,0.007830747036542851,0.006794258373205797,0.09462290502793291,-0.08950698655417876,,,0.0,0.0
SEA_A,SEA_A__s9913__instance__severe,instance,severe,adwin,E1_fixed / immediate_unscreened,E2_RL / error_rule,cross_experiment,0.0046381651594678,0.004114832535885182,0.28142458100558654,-0.26944371210123913,,,-8.333333333333334,0.0
SEA_A,SEA_A__s9913__instance__severe,instance,severe,adwin,E1_fixed / immediate_unscreened,E2_RL / none_screened,cross_experiment,0.007830747036542851,0.006794258373205797,0.09462290502793291,-0.08950698655417876,,,0.0,0.0
SEA_A,SEA_A__s9913__instance__severe,instance,severe,adwin,E1_fixed / immediate_unscreened,E2_RL / selected_map,cross_experiment,0.007830747036542851,0.006794258373205797,0.09462290502793291,-0.08950698655417876,,,0.0,0.0
SEA_A,SEA_A__s9913__instance__severe,instance,severe,adwin,E1_fixed / immediate_unscreened,E3_filter / confirmed_screened_filter_learned_features,cross_experiment,0.016744237066945944,0.013607655502392402,0.20628491620111733,-0.20010545742156602,,,0.0,3951.666666666657
SEA_A,SEA_A__s9913__instance__severe,instance,severe,adwin,E1_fixed / immediate_unscreened,E3_filter / confirmed_screened_filter_learned_features_label,cross_experiment,0.0017901774322426345,0.0011866028708135135,0.711522346368715,-0.1701291853414184,,,0.0,19038.33333333333
SEA_A,SEA_A__s9913__instance__severe,instance,severe,adwin,E1_fixed / immediate_unscreened,E3_filter / confirmed_screened_filter_none,cross_experiment,0.007830747036542851,0.006794258373205797,0.09462290502793291,-0.08950698655417876,,,0.0,0.0
SEA_A,SEA_A__s9913__instance__severe,instance,severe,adwin,E1_fixed / immediate_unscreened,E3_filter / confirmed_screened_filter_oracle_blocks,cross_experiment,0.01358114617156092,0.011866028708134024,1.0,-1.0,,,0.0,87083.33333333333
SEA_A,SEA_A__s9913__instance__severe,instance,severe,adwin,E1_fixed / immediate_unscreened,E3_filter / confirmed_screened_filter_oracle_rows,cross_experiment,0.008684506202740194,0.006315789473684275,1.0,-0.2726074347482204,,,-8.333333333333334,12158.333333333328
SEA_A,SEA_A__s9913__instance__severe,instance,severe,adwin,E1_fixed / immediate_unscreened,E3_filter / confirmed_screened_filter_random_blocks,cross_experiment,0.013581146171561032,0.011866028708134024,1.0,-1.0,,,0.0,87083.33333333333
SEA_A,SEA_A__s9913__instance__severe,instance,severe,adwin,E1_fixed / immediate_unscreened,E3_filter / confirmed_screened_filter_random_rows,cross_experiment,0.0311781112304661,0.025358851674641136,0.4671787709497207,-0.47279198523596094,,,0.0,23866.666666666657
SEA_A,SEA_A__s9913__instance__severe,instance,severe,adwin,E1_fixed / immediate_unscreened,E3_filter / none_screened_filter_learned_features,cross_experiment,0.016744237066945944,0.013607655502392402,0.20628491620111733,-0.20010545742156602,,,0.0,3951.666666666657
SEA_A,SEA_A__s9913__instance__severe,instance,severe,adwin,E1_fixed / immediate_unscreened,E3_filter / none_screened_filter_learned_features_label,cross_experiment,0.0017901774322426345,0.0011866028708135135,0.711522346368715,-0.1701291853414184,,,0.0,19038.33333333333
SEA_A,SEA_A__s9913__instance__severe,instance,severe,adwin,E1_fixed / immediate_unscreened,E3_filter / none_screened_filter_none,cross_experiment,0.007830747036542851,0.006794258373205797,0.09462290502793291,-0.08950698655417876,,,0.0,0.0
SEA_A,SEA_A__s9913__instance__severe,instance,severe,adwin,E1_fixed / none_screened,E2_RL / RL_2state,cross_experiment,0.0,0.0,0.0,0.0,,,0.0,0.0
SEA_A,SEA_A__s9913__instance__severe,instance,severe,adwin,E1_fixed / none_screened,E2_RL / RL_4state,cross_experiment,0.0,0.0,0.0,0.0,,,0.0,0.0
SEA_A,SEA_A__s9913__instance__severe,instance,severe,adwin,E1_fixed / none_screened,E2_RL / confirmed_screened,cross_experiment,0.0,0.0,0.0,0.0,,,0.0,0.0
SEA_A,SEA_A__s9913__instance__severe,instance,severe,adwin,E1_fixed / none_screened,E2_RL / error_rule,cross_experiment,-0.0031925818770750514,-0.002679425837320615,0.18680167597765363,-0.17993672554706036,,,-8.333333333333334,0.0
SEA_A,SEA_A__s9913__instance__severe,instance,severe,adwin,E1_fixed / none_screened,E2_RL / none_screened,cross_experiment,0.0,0.0,0.0,0.0,,,0.0,0.0
SEA_A,SEA_A__s9913__instance__severe,instance,severe,adwin,E1_fixed / none_screened,E2_RL / selected_map,cross_experiment,0.0,0.0,0.0,0.0,,,0.0,0.0
SEA_A,SEA_A__s9913__instance__severe,instance,severe,adwin,E1_fixed / none_screened,E3_filter / confirmed_screened_filter_learned_features,cross_experiment,0.008913490030403093,0.006813397129186605,0.11166201117318442,-0.11059847086738726,,,0.0,3951.666666666657
SEA_A,SEA_A__s9913__instance__severe,instance,severe,adwin,E1_fixed / none_screened,E3_filter / confirmed_screened_filter_learned_features_label,cross_experiment,-0.006040569604300217,-0.005607655502392284,0.6168994413407822,-0.08062219878723965,,,0.0,19038.33333333333
SEA_A,SEA_A__s9913__instance__severe,instance,severe,adwin,E1_fixed / none_screened,E3_filter / confirmed_screened_filter_none,cross_experiment,0.0,0.0,0.0,0.0,,,0.0,0.0
SEA_A,SEA_A__s9913__instance__severe,instance,severe,adwin,E1_fixed / none_screened,E3_filter / confirmed_screened_filter_oracle_blocks,cross_experiment,0.005750399135018069,0.005071770334928227,0.9053770949720671,-0.9104930134458212,,,0.0,87083.33333333333
SEA_A,SEA_A__s9913__instance__severe,instance,severe,adwin,E1_fixed / none_screened,E3_filter / confirmed_screened_filter_oracle_rows,cross_experiment,0.0008537591661973432,-0.0004784688995215225,0.9053770949720671,-0.18310044819404164,,,-8.333333333333334,12158.333333333328
SEA_A,SEA_A__s9913__instance__severe,instance,severe,adwin,E1_fixed / none_screened,E3_filter / confirmed_screened_filter_random_blocks,cross_experiment,0.0057503991350181805,0.005071770334928227,0.9053770949720671,-0.9104930134458212,,,0.0,87083.33333333333
SEA_A,SEA_A__s9913__instance__severe,instance,severe,adwin,E1_fixed / none_screened,E3_filter / confirmed_screened_filter_random_rows,cross_experiment,0.023347364193923248,0.01856459330143534,0.3725558659217878,-0.3832849986817822,,,0.0,23866.666666666657
SEA_A,SEA_A__s9913__instance__severe,instance,severe,adwin,E1_fixed / none_screened,E3_filter / none_screened_filter_learned_features,cross_experiment,0.008913490030403093,0.006813397129186605,0.11166201117318442,-0.11059847086738726,,,0.0,3951.666666666657
SEA_A,SEA_A__s9913__instance__severe,instance,severe,adwin,E1_fixed / none_screened,E3_filter / none_screened_filter_learned_features_label,cross_experiment,-0.006040569604300217,-0.005607655502392284,0.6168994413407822,-0.08062219878723965,,,0.0,19038.33333333333
SEA_A,SEA_A__s9913__instance__severe,instance,severe,adwin,E1_fixed / none_screened,E3_filter / none_screened_filter_none,cross_experiment,0.0,0.0,0.0,0.0,,,0.0,0.0
SEA_A,SEA_A__s9913__instance__severe,instance,severe,adwin,E1_fixed / none_unscreened,E2_RL / RL_2state,cross_experiment,0.007830747036542851,0.006794258373205797,0.09462290502793291,-0.08950698655417876,,,0.0,0.0
SEA_A,SEA_A__s9913__instance__severe,instance,severe,adwin,E1_fixed / none_unscreened,E2_RL / RL_4state,cross_experiment,0.007830747036542851,0.006794258373205797,0.09462290502793291,-0.08950698655417876,,,0.0,0.0
SEA_A,SEA_A__s9913__instance__severe,instance,severe,adwin,E1_fixed / none_unscreened,E2_RL / confirmed_screened,cross_experiment,0.007830747036542851,0.006794258373205797,0.09462290502793291,-0.08950698655417876,,,0.0,0.0
SEA_A,SEA_A__s9913__instance__severe,instance,severe,adwin,E1_fixed / none_unscreened,E2_RL / error_rule,cross_experiment,0.0046381651594678,0.004114832535885182,0.28142458100558654,-0.26944371210123913,,,-8.333333333333334,0.0
SEA_A,SEA_A__s9913__instance__severe,instance,severe,adwin,E1_fixed / none_unscreened,E2_RL / none_screened,cross_experiment,0.007830747036542851,0.006794258373205797,0.09462290502793291,-0.08950698655417876,,,0.0,0.0
SEA_A,SEA_A__s9913__instance__severe,instance,severe,adwin,E1_fixed / none_unscreened,E2_RL / selected_map,cross_experiment,0.007830747036542851,0.006794258373205797,0.09462290502793291,-0.08950698655417876,,,0.0,0.0
SEA_A,SEA_A__s9913__instance__severe,instance,severe,adwin,E1_fixed / none_unscreened,E3_filter / confirmed_screened_filter_learned_features,cross_experiment,0.016744237066945944,0.013607655502392402,0.20628491620111733,-0.20010545742156602,,,0.0,3951.666666666657
SEA_A,SEA_A__s9913__instance__severe,instance,severe,adwin,E1_fixed / none_unscreened,E3_filter / confirmed_screened_filter_learned_features_label,cross_experiment,0.0017901774322426345,0.0011866028708135135,0.711522346368715,-0.1701291853414184,,,0.0,19038.33333333333
SEA_A,SEA_A__s9913__instance__severe,instance,severe,adwin,E1_fixed / none_unscreened,E3_filter / confirmed_screened_filter_none,cross_experiment,0.007830747036542851,0.006794258373205797,0.09462290502793291,-0.08950698655417876,,,0.0,0.0
SEA_A,SEA_A__s9913__instance__severe,instance,severe,adwin,E1_fixed / none_unscreened,E3_filter / confirmed_screened_filter_oracle_blocks,cross_experiment,0.01358114617156092,0.011866028708134024,1.0,-1.0,,,0.0,87083.33333333333
SEA_A,SEA_A__s9913__instance__severe,instance,severe,adwin,E1_fixed / none_unscreened,E3_filter / confirmed_screened_filter_oracle_rows,cross_experiment,0.008684506202740194,0.006315789473684275,1.0,-0.2726074347482204,,,-8.333333333333334,12158.333333333328
SEA_A,SEA_A__s9913__instance__severe,instance,severe,adwin,E1_fixed / none_unscreened,E3_filter / confirmed_screened_filter_random_blocks,cross_experiment,0.013581146171561032,0.011866028708134024,1.0,-1.0,,,0.0,87083.33333333333
SEA_A,SEA_A__s9913__instance__severe,instance,severe,adwin,E1_fixed / none_unscreened,E3_filter / confirmed_screened_filter_random_rows,cross_experiment,0.0311781112304661,0.025358851674641136,0.4671787709497207,-0.47279198523596094,,,0.0,23866.666666666657
SEA_A,SEA_A__s9913__instance__severe,instance,severe,adwin,E1_fixed / none_unscreened,E3_filter / none_screened_filter_learned_features,cross_experiment,0.016744237066945944,0.013607655502392402,0.20628491620111733,-0.20010545742156602,,,0.0,3951.666666666657
SEA_A,SEA_A__s9913__instance__severe,instance,severe,adwin,E1_fixed / none_unscreened,E3_filter / none_screened_filter_learned_features_label,cross_experiment,0.0017901774322426345,0.0011866028708135135,0.711522346368715,-0.1701291853414184,,,0.0,19038.33333333333
SEA_A,SEA_A__s9913__instance__severe,instance,severe,adwin,E1_fixed / none_unscreened,E3_filter / none_screened_filter_none,cross_experiment,0.007830747036542851,0.006794258373205797,0.09462290502793291,-0.08950698655417876,,,0.0,0.0
SEA_A,SEA_A__s9913__instance__severe,instance,severe,adwin,E2_RL / RL_2state,E3_filter / confirmed_screened_filter_learned_features,cross_experiment,0.008913490030403093,0.006813397129186605,0.11166201117318442,-0.11059847086738726,,,0.0,3951.666666666657
SEA_A,SEA_A__s9913__instance__severe,instance,severe,adwin,E2_RL / RL_2state,E3_filter / confirmed_screened_filter_learned_features_label,cross_experiment,-0.006040569604300217,-0.005607655502392284,0.6168994413407822,-0.08062219878723965,,,0.0,19038.33333333333
SEA_A,SEA_A__s9913__instance__severe,instance,severe,adwin,E2_RL / RL_2state,E3_filter / confirmed_screened_filter_none,cross_experiment,0.0,0.0,0.0,0.0,,,0.0,0.0
SEA_A,SEA_A__s9913__instance__severe,instance,severe,adwin,E2_RL / RL_2state,E3_filter / confirmed_screened_filter_oracle_blocks,cross_experiment,0.005750399135018069,0.005071770334928227,0.9053770949720671,-0.9104930134458212,,,0.0,87083.33333333333
SEA_A,SEA_A__s9913__instance__severe,instance,severe,adwin,E2_RL / RL_2state,E3_filter / confirmed_screened_filter_oracle_rows,cross_experiment,0.0008537591661973432,-0.0004784688995215225,0.9053770949720671,-0.18310044819404164,,,-8.333333333333334,12158.333333333328
SEA_A,SEA_A__s9913__instance__severe,instance,severe,adwin,E2_RL / RL_2state,E3_filter / confirmed_screened_filter_random_blocks,cross_experiment,0.0057503991350181805,0.005071770334928227,0.9053770949720671,-0.9104930134458212,,,0.0,87083.33333333333
SEA_A,SEA_A__s9913__instance__severe,instance,severe,adwin,E2_RL / RL_2state,E3_filter / confirmed_screened_filter_random_rows,cross_experiment,0.023347364193923248,0.01856459330143534,0.3725558659217878,-0.3832849986817822,,,0.0,23866.666666666657
SEA_A,SEA_A__s9913__instance__severe,instance,severe,adwin,E2_RL / RL_2state,E3_filter / none_screened_filter_learned_features,cross_experiment,0.008913490030403093,0.006813397129186605,0.11166201117318442,-0.11059847086738726,,,0.0,3951.666666666657
SEA_A,SEA_A__s9913__instance__severe,instance,severe,adwin,E2_RL / RL_2state,E3_filter / none_screened_filter_learned_features_label,cross_experiment,-0.006040569604300217,-0.005607655502392284,0.6168994413407822,-0.08062219878723965,,,0.0,19038.33333333333
SEA_A,SEA_A__s9913__instance__severe,instance,severe,adwin,E2_RL / RL_2state,E3_filter / none_screened_filter_none,cross_experiment,0.0,0.0,0.0,0.0,,,0.0,0.0
SEA_A,SEA_A__s9913__instance__severe,instance,severe,adwin,E2_RL / RL_4state,E3_filter / confirmed_screened_filter_learned_features,cross_experiment,0.008913490030403093,0.006813397129186605,0.11166201117318442,-0.11059847086738726,,,0.0,3951.666666666657
SEA_A,SEA_A__s9913__instance__severe,instance,severe,adwin,E2_RL / RL_4state,E3_filter / confirmed_screened_filter_learned_features_label,cross_experiment,-0.006040569604300217,-0.005607655502392284,0.6168994413407822,-0.08062219878723965,,,0.0,19038.33333333333
SEA_A,SEA_A__s9913__instance__severe,instance,severe,adwin,E2_RL / RL_4state,E3_filter / confirmed_screened_filter_none,cross_experiment,0.0,0.0,0.0,0.0,,,0.0,0.0
SEA_A,SEA_A__s9913__instance__severe,instance,severe,adwin,E2_RL / RL_4state,E3_filter / confirmed_screened_filter_oracle_blocks,cross_experiment,0.005750399135018069,0.005071770334928227,0.9053770949720671,-0.9104930134458212,,,0.0,87083.33333333333
SEA_A,SEA_A__s9913__instance__severe,instance,severe,adwin,E2_RL / RL_4state,E3_filter / confirmed_screened_filter_oracle_rows,cross_experiment,0.0008537591661973432,-0.0004784688995215225,0.9053770949720671,-0.18310044819404164,,,-8.333333333333334,12158.333333333328
SEA_A,SEA_A__s9913__instance__severe,instance,severe,adwin,E2_RL / RL_4state,E3_filter / confirmed_screened_filter_random_blocks,cross_experiment,0.0057503991350181805,0.005071770334928227,0.9053770949720671,-0.9104930134458212,,,0.0,87083.33333333333
SEA_A,SEA_A__s9913__instance__severe,instance,severe,adwin,E2_RL / RL_4state,E3_filter / confirmed_screened_filter_random_rows,cross_experiment,0.023347364193923248,0.01856459330143534,0.3725558659217878,-0.3832849986817822,,,0.0,23866.666666666657
SEA_A,SEA_A__s9913__instance__severe,instance,severe,adwin,E2_RL / RL_4state,E3_filter / none_screened_filter_learned_features,cross_experiment,0.008913490030403093,0.006813397129186605,0.11166201117318442,-0.11059847086738726,,,0.0,3951.666666666657
SEA_A,SEA_A__s9913__instance__severe,instance,severe,adwin,E2_RL / RL_4state,E3_filter / none_screened_filter_learned_features_label,cross_experiment,-0.006040569604300217,-0.005607655502392284,0.6168994413407822,-0.08062219878723965,,,0.0,19038.33333333333
SEA_A,SEA_A__s9913__instance__severe,instance,severe,adwin,E2_RL / RL_4state,E3_filter / none_screened_filter_none,cross_experiment,0.0,0.0,0.0,0.0,,,0.0,0.0
SEA_A,SEA_A__s9913__instance__severe,instance,severe,adwin,E2_RL / confirmed_screened,E3_filter / confirmed_screened_filter_learned_features,cross_experiment,0.008913490030403093,0.006813397129186605,0.11166201117318442,-0.11059847086738726,,,0.0,3951.666666666657
SEA_A,SEA_A__s9913__instance__severe,instance,severe,adwin,E2_RL / confirmed_screened,E3_filter / confirmed_screened_filter_learned_features_label,cross_experiment,-0.006040569604300217,-0.005607655502392284,0.6168994413407822,-0.08062219878723965,,,0.0,19038.33333333333
SEA_A,SEA_A__s9913__instance__severe,instance,severe,adwin,E2_RL / confirmed_screened,E3_filter / confirmed_screened_filter_none,cross_experiment,0.0,0.0,0.0,0.0,,,0.0,0.0
SEA_A,SEA_A__s9913__instance__severe,instance,severe,adwin,E2_RL / confirmed_screened,E3_filter / confirmed_screened_filter_oracle_blocks,cross_experiment,0.005750399135018069,0.005071770334928227,0.9053770949720671,-0.9104930134458212,,,0.0,87083.33333333333
SEA_A,SEA_A__s9913__instance__severe,instance,severe,adwin,E2_RL / confirmed_screened,E3_filter / confirmed_screened_filter_oracle_rows,cross_experiment,0.0008537591661973432,-0.0004784688995215225,0.9053770949720671,-0.18310044819404164,,,-8.333333333333334,12158.333333333328
SEA_A,SEA_A__s9913__instance__severe,instance,severe,adwin,E2_RL / confirmed_screened,E3_filter / confirmed_screened_filter_random_blocks,cross_experiment,0.0057503991350181805,0.005071770334928227,0.9053770949720671,-0.9104930134458212,,,0.0,87083.33333333333
SEA_A,SEA_A__s9913__instance__severe,instance,severe,adwin,E2_RL / confirmed_screened,E3_filter / confirmed_screened_filter_random_rows,cross_experiment,0.023347364193923248,0.01856459330143534,0.3725558659217878,-0.3832849986817822,,,0.0,23866.666666666657
SEA_A,SEA_A__s9913__instance__severe,instance,severe,adwin,E2_RL / confirmed_screened,E3_filter / none_screened_filter_learned_features,cross_experiment,0.008913490030403093,0.006813397129186605,0.11166201117318442,-0.11059847086738726,,,0.0,3951.666666666657
SEA_A,SEA_A__s9913__instance__severe,instance,severe,adwin,E2_RL / confirmed_screened,E3_filter / none_screened_filter_learned_features_label,cross_experiment,-0.006040569604300217,-0.005607655502392284,0.6168994413407822,-0.08062219878723965,,,0.0,19038.33333333333
SEA_A,SEA_A__s9913__instance__severe,instance,severe,adwin,E2_RL / confirmed_screened,E3_filter / none_screened_filter_none,cross_experiment,0.0,0.0,0.0,0.0,,,0.0,0.0
SEA_A,SEA_A__s9913__instance__severe,instance,severe,adwin,E2_RL / error_rule,E3_filter / confirmed_screened_filter_learned_features,cross_experiment,0.012106071907478144,0.00949282296650722,-0.07513966480446921,0.06933825467967311,,,8.333333333333334,3951.666666666657
SEA_A,SEA_A__s9913__instance__severe,instance,severe,adwin,E2_RL / error_rule,E3_filter / confirmed_screened_filter_learned_features_label,cross_experiment,-0.0028479877272251652,-0.002928229665071669,0.43009776536312855,0.09931452675982072,,,8.333333333333334,19038.33333333333
SEA_A,SEA_A__s9913__instance__severe,instance,severe,adwin,E2_RL / error_rule,E3_filter / confirmed_screened_filter_none,cross_experiment,0.0031925818770750514,0.002679425837320615,-0.18680167597765363,0.17993672554706036,,,8.333333333333334,0.0
SEA_A,SEA_A__s9913__instance__severe,instance,severe,adwin,E2_RL / error_rule,E3_filter / confirmed_screened_filter_oracle_blocks,cross_experiment,0.00894298101209312,0.007751196172248842,0.7185754189944135,-0.7305562878987608,,,8.333333333333334,87083.33333333333
SEA_A,SEA_A__s9913__instance__severe,instance,severe,adwin,E2_RL / error_rule,E3_filter / confirmed_screened_filter_oracle_rows,cross_experiment,0.0040463410432723945,0.0022009569377990923,0.7185754189944135,-0.003163722646981282,,,0.0,12158.333333333328
SEA_A,SEA_A__s9913__instance__severe,instance,severe,adwin,E2_RL / error_rule,E3_filter / confirmed_screened_filter_random_blocks,cross_experiment,0.008942981012093232,0.007751196172248842,0.7185754189944135,-0.7305562878987608,,,8.333333333333334,87083.33333333333
SEA_A,SEA_A__s9913__instance__severe,instance,severe,adwin,E2_RL / error_rule,E3_filter / confirmed_screened_filter_random_rows,cross_experiment,0.0265399460709983,0.021244019138755954,0.18575418994413417,-0.2033482731347218,,,8.333333333333334,23866.666666666657
SEA_A,SEA_A__s9913__instance__severe,instance,severe,adwin,E2_RL / error_rule,E3_filter / none_screened_filter_learned_features,cross_experiment,0.012106071907478144,0.00949282296650722,-0.07513966480446921,0.06933825467967311,,,8.333333333333334,3951.666666666657
SEA_A,SEA_A__s9913__instance__severe,instance,severe,adwin,E2_RL / error_rule,E3_filter / none_screened_filter_learned_features_label,cross_experiment,-0.0028479877272251652,-0.002928229665071669,0.43009776536312855,0.09931452675982072,,,8.333333333333334,19038.33333333333
SEA_A,SEA_A__s9913__instance__severe,instance,severe,adwin,E2_RL / error_rule,E3_filter / none_screened_filter_none,cross_experiment,0.0031925818770750514,0.002679425837320615,-0.18680167597765363,0.17993672554706036,,,8.333333333333334,0.0
SEA_A,SEA_A__s9913__instance__severe,instance,severe,adwin,E2_RL / none_screened,E3_filter / confirmed_screened_filter_learned_features,cross_experiment,0.008913490030403093,0.006813397129186605,0.11166201117318442,-0.11059847086738726,,,0.0,3951.666666666657
SEA_A,SEA_A__s9913__instance__severe,instance,severe,adwin,E2_RL / none_screened,E3_filter / confirmed_screened_filter_learned_features_label,cross_experiment,-0.006040569604300217,-0.005607655502392284,0.6168994413407822,-0.08062219878723965,,,0.0,19038.33333333333
SEA_A,SEA_A__s9913__instance__severe,instance,severe,adwin,E2_RL / none_screened,E3_filter / confirmed_screened_filter_none,cross_experiment,0.0,0.0,0.0,0.0,,,0.0,0.0
SEA_A,SEA_A__s9913__instance__severe,instance,severe,adwin,E2_RL / none_screened,E3_filter / confirmed_screened_filter_oracle_blocks,cross_experiment,0.005750399135018069,0.005071770334928227,0.9053770949720671,-0.9104930134458212,,,0.0,87083.33333333333
SEA_A,SEA_A__s9913__instance__severe,instance,severe,adwin,E2_RL / none_screened,E3_filter / confirmed_screened_filter_oracle_rows,cross_experiment,0.0008537591661973432,-0.0004784688995215225,0.9053770949720671,-0.18310044819404164,,,-8.333333333333334,12158.333333333328
SEA_A,SEA_A__s9913__instance__severe,instance,severe,adwin,E2_RL / none_screened,E3_filter / confirmed_screened_filter_random_blocks,cross_experiment,0.0057503991350181805,0.005071770334928227,0.9053770949720671,-0.9104930134458212,,,0.0,87083.33333333333
SEA_A,SEA_A__s9913__instance__severe,instance,severe,adwin,E2_RL / none_screened,E3_filter / confirmed_screened_filter_random_rows,cross_experiment,0.023347364193923248,0.01856459330143534,0.3725558659217878,-0.3832849986817822,,,0.0,23866.666666666657
SEA_A,SEA_A__s9913__instance__severe,instance,severe,adwin,E2_RL / none_screened,E3_filter / none_screened_filter_learned_features,cross_experiment,0.008913490030403093,0.006813397129186605,0.11166201117318442,-0.11059847086738726,,,0.0,3951.666666666657
SEA_A,SEA_A__s9913__instance__severe,instance,severe,adwin,E2_RL / none_screened,E3_filter / none_screened_filter_learned_features_label,cross_experiment,-0.006040569604300217,-0.005607655502392284,0.6168994413407822,-0.08062219878723965,,,0.0,19038.33333333333
SEA_A,SEA_A__s9913__instance__severe,instance,severe,adwin,E2_RL / none_screened,E3_filter / none_screened_filter_none,cross_experiment,0.0,0.0,0.0,0.0,,,0.0,0.0
SEA_A,SEA_A__s9913__instance__severe,instance,severe,adwin,E2_RL / selected_map,E3_filter / confirmed_screened_filter_learned_features,cross_experiment,0.008913490030403093,0.006813397129186605,0.11166201117318442,-0.11059847086738726,,,0.0,3951.666666666657
SEA_A,SEA_A__s9913__instance__severe,instance,severe,adwin,E2_RL / selected_map,E3_filter / confirmed_screened_filter_learned_features_label,cross_experiment,-0.006040569604300217,-0.005607655502392284,0.6168994413407822,-0.08062219878723965,,,0.0,19038.33333333333
SEA_A,SEA_A__s9913__instance__severe,instance,severe,adwin,E2_RL / selected_map,E3_filter / confirmed_screened_filter_none,cross_experiment,0.0,0.0,0.0,0.0,,,0.0,0.0
SEA_A,SEA_A__s9913__instance__severe,instance,severe,adwin,E2_RL / selected_map,E3_filter / confirmed_screened_filter_oracle_blocks,cross_experiment,0.005750399135018069,0.005071770334928227,0.9053770949720671,-0.9104930134458212,,,0.0,87083.33333333333
SEA_A,SEA_A__s9913__instance__severe,instance,severe,adwin,E2_RL / selected_map,E3_filter / confirmed_screened_filter_oracle_rows,cross_experiment,0.0008537591661973432,-0.0004784688995215225,0.9053770949720671,-0.18310044819404164,,,-8.333333333333334,12158.333333333328
SEA_A,SEA_A__s9913__instance__severe,instance,severe,adwin,E2_RL / selected_map,E3_filter / confirmed_screened_filter_random_blocks,cross_experiment,0.0057503991350181805,0.005071770334928227,0.9053770949720671,-0.9104930134458212,,,0.0,87083.33333333333
SEA_A,SEA_A__s9913__instance__severe,instance,severe,adwin,E2_RL / selected_map,E3_filter / confirmed_screened_filter_random_rows,cross_experiment,0.023347364193923248,0.01856459330143534,0.3725558659217878,-0.3832849986817822,,,0.0,23866.666666666657
SEA_A,SEA_A__s9913__instance__severe,instance,severe,adwin,E2_RL / selected_map,E3_filter / none_screened_filter_learned_features,cross_experiment,0.008913490030403093,0.006813397129186605,0.11166201117318442,-0.11059847086738726,,,0.0,3951.666666666657
SEA_A,SEA_A__s9913__instance__severe,instance,severe,adwin,E2_RL / selected_map,E3_filter / none_screened_filter_learned_features_label,cross_experiment,-0.006040569604300217,-0.005607655502392284,0.6168994413407822,-0.08062219878723965,,,0.0,19038.33333333333
SEA_A,SEA_A__s9913__instance__severe,instance,severe,adwin,E2_RL / selected_map,E3_filter / none_screened_filter_none,cross_experiment,0.0,0.0,0.0,0.0,,,0.0,0.0
SEA_A,SEA_A__s9913__instance__severe,instance,severe,d3_oof,E1_fixed / confirmed_screened,E2_RL / RL_2state,cross_experiment,0.0,0.0,0.0,0.0,,,0.0,0.0
SEA_A,SEA_A__s9913__instance__severe,instance,severe,d3_oof,E1_fixed / confirmed_screened,E2_RL / RL_4state,cross_experiment,0.0,0.0,0.0,0.0,,,0.0,0.0
SEA_A,SEA_A__s9913__instance__severe,instance,severe,d3_oof,E1_fixed / confirmed_screened,E2_RL / confirmed_screened,cross_experiment,0.0,0.0,0.0,0.0,,,0.0,0.0
SEA_A,SEA_A__s9913__instance__severe,instance,severe,d3_oof,E1_fixed / confirmed_screened,E2_RL / error_rule,cross_experiment,-0.0031925818770750514,-0.002679425837320615,0.18680167597765363,-0.17993672554706036,,,-8.333333333333334,0.0
SEA_A,SEA_A__s9913__instance__severe,instance,severe,d3_oof,E1_fixed / confirmed_screened,E2_RL / none_screened,cross_experiment,0.0,0.0,0.0,0.0,,,0.0,0.0
SEA_A,SEA_A__s9913__instance__severe,instance,severe,d3_oof,E1_fixed / confirmed_screened,E2_RL / selected_map,cross_experiment,0.0,0.0,0.0,0.0,,,0.0,0.0
SEA_A,SEA_A__s9913__instance__severe,instance,severe,d3_oof,E1_fixed / confirmed_screened,E3_filter / confirmed_screened_filter_learned_features,cross_experiment,0.008913490030403093,0.006813397129186605,0.11166201117318442,-0.11059847086738726,,,0.0,3951.666666666657
SEA_A,SEA_A__s9913__instance__severe,instance,severe,d3_oof,E1_fixed / confirmed_screened,E3_filter / confirmed_screened_filter_learned_features_label,cross_experiment,-0.006040569604300217,-0.005607655502392284,0.6168994413407822,-0.08062219878723965,,,0.0,19038.33333333333
SEA_A,SEA_A__s9913__instance__severe,instance,severe,d3_oof,E1_fixed / confirmed_screened,E3_filter / confirmed_screened_filter_none,cross_experiment,0.0,0.0,0.0,0.0,,,0.0,0.0
SEA_A,SEA_A__s9913__instance__severe,instance,severe,d3_oof,E1_fixed / confirmed_screened,E3_filter / confirmed_screened_filter_oracle_blocks,cross_experiment,0.005750399135018069,0.005071770334928227,0.9053770949720671,-0.9104930134458212,,,0.0,87083.33333333333
SEA_A,SEA_A__s9913__instance__severe,instance,severe,d3_oof,E1_fixed / confirmed_screened,E3_filter / confirmed_screened_filter_oracle_rows,cross_experiment,-0.005874749673709712,-0.005837320574162752,0.9053770949720671,-0.09649354073292908,,,0.0,23866.666666666657
SEA_A,SEA_A__s9913__instance__severe,instance,severe,d3_oof,E1_fixed / confirmed_screened,E3_filter / confirmed_screened_filter_random_blocks,cross_experiment,0.0057503991350181805,0.005071770334928227,0.9053770949720671,-0.9104930134458212,,,0.0,87083.33333333333
SEA_A,SEA_A__s9913__instance__severe,instance,severe,d3_oof,E1_fixed / confirmed_screened,E3_filter / confirmed_screened_filter_random_rows,cross_experiment,0.023347364193923248,0.01856459330143534,0.3725558659217878,-0.3832849986817822,,,0.0,23866.666666666657
SEA_A,SEA_A__s9913__instance__severe,instance,severe,d3_oof,E1_fixed / confirmed_screened,E3_filter / none_screened_filter_learned_features,cross_experiment,0.008913490030403093,0.006813397129186605,0.11166201117318442,-0.11059847086738726,,,0.0,3951.666666666657
SEA_A,SEA_A__s9913__instance__severe,instance,severe,d3_oof,E1_fixed / confirmed_screened,E3_filter / none_screened_filter_learned_features_label,cross_experiment,-0.006040569604300217,-0.005607655502392284,0.6168994413407822,-0.08062219878723965,,,0.0,19038.33333333333
SEA_A,SEA_A__s9913__instance__severe,instance,severe,d3_oof,E1_fixed / confirmed_screened,E3_filter / none_screened_filter_none,cross_experiment,0.0,0.0,0.0,0.0,,,0.0,0.0
SEA_A,SEA_A__s9913__instance__severe,instance,severe,d3_oof,E1_fixed / confirmed_unscreened,E2_RL / RL_2state,cross_experiment,0.007830747036542851,0.006794258373205797,0.09462290502793291,-0.08950698655417876,,,0.0,0.0
SEA_A,SEA_A__s9913__instance__severe,instance,severe,d3_oof,E1_fixed / confirmed_unscreened,E2_RL / RL_4state,cross_experiment,0.007830747036542851,0.006794258373205797,0.09462290502793291,-0.08950698655417876,,,0.0,0.0
SEA_A,SEA_A__s9913__instance__severe,instance,severe,d3_oof,E1_fixed / confirmed_unscreened,E2_RL / confirmed_screened,cross_experiment,0.007830747036542851,0.006794258373205797,0.09462290502793291,-0.08950698655417876,,,0.0,0.0
SEA_A,SEA_A__s9913__instance__severe,instance,severe,d3_oof,E1_fixed / confirmed_unscreened,E2_RL / error_rule,cross_experiment,0.0046381651594678,0.004114832535885182,0.28142458100558654,-0.26944371210123913,,,-8.333333333333334,0.0
SEA_A,SEA_A__s9913__instance__severe,instance,severe,d3_oof,E1_fixed / confirmed_unscreened,E2_RL / none_screened,cross_experiment,0.007830747036542851,0.006794258373205797,0.09462290502793291,-0.08950698655417876,,,0.0,0.0
SEA_A,SEA_A__s9913__instance__severe,instance,severe,d3_oof,E1_fixed / confirmed_unscreened,E2_RL / selected_map,cross_experiment,0.007830747036542851,0.006794258373205797,0.09462290502793291,-0.08950698655417876,,,0.0,0.0
SEA_A,SEA_A__s9913__instance__severe,instance,severe,d3_oof,E1_fixed / confirmed_unscreened,E3_filter / confirmed_screened_filter_learned_features,cross_experiment,0.016744237066945944,0.013607655502392402,0.20628491620111733,-0.20010545742156602,,,0.0,3951.666666666657
SEA_A,SEA_A__s9913__instance__severe,instance,severe,d3_oof,E1_fixed / confirmed_unscreened,E3_filter / confirmed_screened_filter_learned_features_label,cross_experiment,0.0017901774322426345,0.0011866028708135135,0.711522346368715,-0.1701291853414184,,,0.0,19038.33333333333
SEA_A,SEA_A__s9913__instance__severe,instance,severe,d3_oof,E1_fixed / confirmed_unscreened,E3_filter / confirmed_screened_filter_none,cross_experiment,0.007830747036542851,0.006794258373205797,0.09462290502793291,-0.08950698655417876,,,0.0,0.0
SEA_A,SEA_A__s9913__instance__severe,instance,severe,d3_oof,E1_fixed / confirmed_unscreened,E3_filter / confirmed_screened_filter_oracle_blocks,cross_experiment,0.01358114617156092,0.011866028708134024,1.0,-1.0,,,0.0,87083.33333333333
SEA_A,SEA_A__s9913__instance__severe,instance,severe,d3_oof,E1_fixed / confirmed_unscreened,E3_filter / confirmed_screened_filter_oracle_rows,cross_experiment,0.0019559973628331395,0.000956937799043045,1.0,-0.18600052728710784,,,0.0,23866.666666666657
SEA_A,SEA_A__s9913__instance__severe,instance,severe,d3_oof,E1_fixed / confirmed_unscreened,E3_filter / confirmed_screened_filter_random_blocks,cross_experiment,0.013581146171561032,0.011866028708134024,1.0,-1.0,,,0.0,87083.33333333333
SEA_A,SEA_A__s9913__instance__severe,instance,severe,d3_oof,E1_fixed / confirmed_unscreened,E3_filter / confirmed_screened_filter_random_rows,cross_experiment,0.0311781112304661,0.025358851674641136,0.4671787709497207,-0.47279198523596094,,,0.0,23866.666666666657
SEA_A,SEA_A__s9913__instance__severe,instance,severe,d3_oof,E1_fixed / confirmed_unscreened,E3_filter / none_screened_filter_learned_features,cross_experiment,0.016744237066945944,0.013607655502392402,0.20628491620111733,-0.20010545742156602,,,0.0,3951.666666666657
SEA_A,SEA_A__s9913__instance__severe,instance,severe,d3_oof,E1_fixed / confirmed_unscreened,E3_filter / none_screened_filter_learned_features_label,cross_experiment,0.0017901774322426345,0.0011866028708135135,0.711522346368715,-0.1701291853414184,,,0.0,19038.33333333333
SEA_A,SEA_A__s9913__instance__severe,instance,severe,d3_oof,E1_fixed / confirmed_unscreened,E3_filter / none_screened_filter_none,cross_experiment,0.007830747036542851,0.006794258373205797,0.09462290502793291,-0.08950698655417876,,,0.0,0.0
SEA_A,SEA_A__s9913__instance__severe,instance,severe,d3_oof,E1_fixed / immediate_screened,E2_RL / RL_2state,cross_experiment,0.0,0.0,0.0,0.0,,,0.0,0.0
SEA_A,SEA_A__s9913__instance__severe,instance,severe,d3_oof,E1_fixed / immediate_screened,E2_RL / RL_4state,cross_experiment,0.0,0.0,0.0,0.0,,,0.0,0.0
SEA_A,SEA_A__s9913__instance__severe,instance,severe,d3_oof,E1_fixed / immediate_screened,E2_RL / confirmed_screened,cross_experiment,0.0,0.0,0.0,0.0,,,0.0,0.0
SEA_A,SEA_A__s9913__instance__severe,instance,severe,d3_oof,E1_fixed / immediate_screened,E2_RL / error_rule,cross_experiment,-0.0031925818770750514,-0.002679425837320615,0.18680167597765363,-0.17993672554706036,,,-8.333333333333334,0.0
SEA_A,SEA_A__s9913__instance__severe,instance,severe,d3_oof,E1_fixed / immediate_screened,E2_RL / none_screened,cross_experiment,0.0,0.0,0.0,0.0,,,0.0,0.0
SEA_A,SEA_A__s9913__instance__severe,instance,severe,d3_oof,E1_fixed / immediate_screened,E2_RL / selected_map,cross_experiment,0.0,0.0,0.0,0.0,,,0.0,0.0
SEA_A,SEA_A__s9913__instance__severe,instance,severe,d3_oof,E1_fixed / immediate_screened,E3_filter / confirmed_screened_filter_learned_features,cross_experiment,0.008913490030403093,0.006813397129186605,0.11166201117318442,-0.11059847086738726,,,0.0,3951.666666666657
SEA_A,SEA_A__s9913__instance__severe,instance,severe,d3_oof,E1_fixed / immediate_screened,E3_filter / confirmed_screened_filter_learned_features_label,cross_experiment,-0.006040569604300217,-0.005607655502392284,0.6168994413407822,-0.08062219878723965,,,0.0,19038.33333333333
SEA_A,SEA_A__s9913__instance__severe,instance,severe,d3_oof,E1_fixed / immediate_screened,E3_filter / confirmed_screened_filter_none,cross_experiment,0.0,0.0,0.0,0.0,,,0.0,0.0
SEA_A,SEA_A__s9913__instance__severe,instance,severe,d3_oof,E1_fixed / immediate_screened,E3_filter / confirmed_screened_filter_oracle_blocks,cross_experiment,0.005750399135018069,0.005071770334928227,0.9053770949720671,-0.9104930134458212,,,0.0,87083.33333333333
SEA_A,SEA_A__s9913__instance__severe,instance,severe,d3_oof,E1_fixed / immediate_screened,E3_filter / confirmed_screened_filter_oracle_rows,cross_experiment,-0.005874749673709712,-0.005837320574162752,0.9053770949720671,-0.09649354073292908,,,0.0,23866.666666666657
SEA_A,SEA_A__s9913__instance__severe,instance,severe,d3_oof,E1_fixed / immediate_screened,E3_filter / confirmed_screened_filter_random_blocks,cross_experiment,0.0057503991350181805,0.005071770334928227,0.9053770949720671,-0.9104930134458212,,,0.0,87083.33333333333
SEA_A,SEA_A__s9913__instance__severe,instance,severe,d3_oof,E1_fixed / immediate_screened,E3_filter / confirmed_screened_filter_random_rows,cross_experiment,0.023347364193923248,0.01856459330143534,0.3725558659217878,-0.3832849986817822,,,0.0,23866.666666666657
SEA_A,SEA_A__s9913__instance__severe,instance,severe,d3_oof,E1_fixed / immediate_screened,E3_filter / none_screened_filter_learned_features,cross_experiment,0.008913490030403093,0.006813397129186605,0.11166201117318442,-0.11059847086738726,,,0.0,3951.666666666657
SEA_A,SEA_A__s9913__instance__severe,instance,severe,d3_oof,E1_fixed / immediate_screened,E3_filter / none_screened_filter_learned_features_label,cross_experiment,-0.006040569604300217,-0.005607655502392284,0.6168994413407822,-0.08062219878723965,,,0.0,19038.33333333333
SEA_A,SEA_A__s9913__instance__severe,instance,severe,d3_oof,E1_fixed / immediate_screened,E3_filter / none_screened_filter_none,cross_experiment,0.0,0.0,0.0,0.0,,,0.0,0.0
SEA_A,SEA_A__s9913__instance__severe,instance,severe,d3_oof,E1_fixed / immediate_unscreened,E2_RL / RL_2state,cross_experiment,0.007830747036542851,0.006794258373205797,0.09462290502793291,-0.08950698655417876,,,0.0,0.0
SEA_A,SEA_A__s9913__instance__severe,instance,severe,d3_oof,E1_fixed / immediate_unscreened,E2_RL / RL_4state,cross_experiment,0.007830747036542851,0.006794258373205797,0.09462290502793291,-0.08950698655417876,,,0.0,0.0
SEA_A,SEA_A__s9913__instance__severe,instance,severe,d3_oof,E1_fixed / immediate_unscreened,E2_RL / confirmed_screened,cross_experiment,0.007830747036542851,0.006794258373205797,0.09462290502793291,-0.08950698655417876,,,0.0,0.0
SEA_A,SEA_A__s9913__instance__severe,instance,severe,d3_oof,E1_fixed / immediate_unscreened,E2_RL / error_rule,cross_experiment,0.0046381651594678,0.004114832535885182,0.28142458100558654,-0.26944371210123913,,,-8.333333333333334,0.0
SEA_A,SEA_A__s9913__instance__severe,instance,severe,d3_oof,E1_fixed / immediate_unscreened,E2_RL / none_screened,cross_experiment,0.007830747036542851,0.006794258373205797,0.09462290502793291,-0.08950698655417876,,,0.0,0.0
SEA_A,SEA_A__s9913__instance__severe,instance,severe,d3_oof,E1_fixed / immediate_unscreened,E2_RL / selected_map,cross_experiment,0.007830747036542851,0.006794258373205797,0.09462290502793291,-0.08950698655417876,,,0.0,0.0
SEA_A,SEA_A__s9913__instance__severe,instance,severe,d3_oof,E1_fixed / immediate_unscreened,E3_filter / confirmed_screened_filter_learned_features,cross_experiment,0.016744237066945944,0.013607655502392402,0.20628491620111733,-0.20010545742156602,,,0.0,3951.666666666657
SEA_A,SEA_A__s9913__instance__severe,instance,severe,d3_oof,E1_fixed / immediate_unscreened,E3_filter / confirmed_screened_filter_learned_features_label,cross_experiment,0.0017901774322426345,0.0011866028708135135,0.711522346368715,-0.1701291853414184,,,0.0,19038.33333333333
SEA_A,SEA_A__s9913__instance__severe,instance,severe,d3_oof,E1_fixed / immediate_unscreened,E3_filter / confirmed_screened_filter_none,cross_experiment,0.007830747036542851,0.006794258373205797,0.09462290502793291,-0.08950698655417876,,,0.0,0.0
SEA_A,SEA_A__s9913__instance__severe,instance,severe,d3_oof,E1_fixed / immediate_unscreened,E3_filter / confirmed_screened_filter_oracle_blocks,cross_experiment,0.01358114617156092,0.011866028708134024,1.0,-1.0,,,0.0,87083.33333333333
SEA_A,SEA_A__s9913__instance__severe,instance,severe,d3_oof,E1_fixed / immediate_unscreened,E3_filter / confirmed_screened_filter_oracle_rows,cross_experiment,0.0019559973628331395,0.000956937799043045,1.0,-0.18600052728710784,,,0.0,23866.666666666657
SEA_A,SEA_A__s9913__instance__severe,instance,severe,d3_oof,E1_fixed / immediate_unscreened,E3_filter / confirmed_screened_filter_random_blocks,cross_experiment,0.013581146171561032,0.011866028708134024,1.0,-1.0,,,0.0,87083.33333333333
SEA_A,SEA_A__s9913__instance__severe,instance,severe,d3_oof,E1_fixed / immediate_unscreened,E3_filter / confirmed_screened_filter_random_rows,cross_experiment,0.0311781112304661,0.025358851674641136,0.4671787709497207,-0.47279198523596094,,,0.0,23866.666666666657
SEA_A,SEA_A__s9913__instance__severe,instance,severe,d3_oof,E1_fixed / immediate_unscreened,E3_filter / none_screened_filter_learned_features,cross_experiment,0.016744237066945944,0.013607655502392402,0.20628491620111733,-0.20010545742156602,,,0.0,3951.666666666657
SEA_A,SEA_A__s9913__instance__severe,instance,severe,d3_oof,E1_fixed / immediate_unscreened,E3_filter / none_screened_filter_learned_features_label,cross_experiment,0.0017901774322426345,0.0011866028708135135,0.711522346368715,-0.1701291853414184,,,0.0,19038.33333333333
SEA_A,SEA_A__s9913__instance__severe,instance,severe,d3_oof,E1_fixed / immediate_unscreened,E3_filter / none_screened_filter_none,cross_experiment,0.007830747036542851,0.006794258373205797,0.09462290502793291,-0.08950698655417876,,,0.0,0.0
SEA_A,SEA_A__s9913__instance__severe,instance,severe,d3_oof,E1_fixed / none_screened,E2_RL / RL_2state,cross_experiment,0.0,0.0,0.0,0.0,,,0.0,0.0
SEA_A,SEA_A__s9913__instance__severe,instance,severe,d3_oof,E1_fixed / none_screened,E2_RL / RL_4state,cross_experiment,0.0,0.0,0.0,0.0,,,0.0,0.0
SEA_A,SEA_A__s9913__instance__severe,instance,severe,d3_oof,E1_fixed / none_screened,E2_RL / confirmed_screened,cross_experiment,0.0,0.0,0.0,0.0,,,0.0,0.0
SEA_A,SEA_A__s9913__instance__severe,instance,severe,d3_oof,E1_fixed / none_screened,E2_RL / error_rule,cross_experiment,-0.0031925818770750514,-0.002679425837320615,0.18680167597765363,-0.17993672554706036,,,-8.333333333333334,0.0
SEA_A,SEA_A__s9913__instance__severe,instance,severe,d3_oof,E1_fixed / none_screened,E2_RL / none_screened,cross_experiment,0.0,0.0,0.0,0.0,,,0.0,0.0
SEA_A,SEA_A__s9913__instance__severe,instance,severe,d3_oof,E1_fixed / none_screened,E2_RL / selected_map,cross_experiment,0.0,0.0,0.0,0.0,,,0.0,0.0
SEA_A,SEA_A__s9913__instance__severe,instance,severe,d3_oof,E1_fixed / none_screened,E3_filter / confirmed_screened_filter_learned_features,cross_experiment,0.008913490030403093,0.006813397129186605,0.11166201117318442,-0.11059847086738726,,,0.0,3951.666666666657
SEA_A,SEA_A__s9913__instance__severe,instance,severe,d3_oof,E1_fixed / none_screened,E3_filter / confirmed_screened_filter_learned_features_label,cross_experiment,-0.006040569604300217,-0.005607655502392284,0.6168994413407822,-0.08062219878723965,,,0.0,19038.33333333333
SEA_A,SEA_A__s9913__instance__severe,instance,severe,d3_oof,E1_fixed / none_screened,E3_filter / confirmed_screened_filter_none,cross_experiment,0.0,0.0,0.0,0.0,,,0.0,0.0
SEA_A,SEA_A__s9913__instance__severe,instance,severe,d3_oof,E1_fixed / none_screened,E3_filter / confirmed_screened_filter_oracle_blocks,cross_experiment,0.005750399135018069,0.005071770334928227,0.9053770949720671,-0.9104930134458212,,,0.0,87083.33333333333
SEA_A,SEA_A__s9913__instance__severe,instance,severe,d3_oof,E1_fixed / none_screened,E3_filter / confirmed_screened_filter_oracle_rows,cross_experiment,-0.005874749673709712,-0.005837320574162752,0.9053770949720671,-0.09649354073292908,,,0.0,23866.666666666657
SEA_A,SEA_A__s9913__instance__severe,instance,severe,d3_oof,E1_fixed / none_screened,E3_filter / confirmed_screened_filter_random_blocks,cross_experiment,0.0057503991350181805,0.005071770334928227,0.9053770949720671,-0.9104930134458212,,,0.0,87083.33333333333
SEA_A,SEA_A__s9913__instance__severe,instance,severe,d3_oof,E1_fixed / none_screened,E3_filter / confirmed_screened_filter_random_rows,cross_experiment,0.023347364193923248,0.01856459330143534,0.3725558659217878,-0.3832849986817822,,,0.0,23866.666666666657
SEA_A,SEA_A__s9913__instance__severe,instance,severe,d3_oof,E1_fixed / none_screened,E3_filter / none_screened_filter_learned_features,cross_experiment,0.008913490030403093,0.006813397129186605,0.11166201117318442,-0.11059847086738726,,,0.0,3951.666666666657
SEA_A,SEA_A__s9913__instance__severe,instance,severe,d3_oof,E1_fixed / none_screened,E3_filter / none_screened_filter_learned_features_label,cross_experiment,-0.006040569604300217,-0.005607655502392284,0.6168994413407822,-0.08062219878723965,,,0.0,19038.33333333333
SEA_A,SEA_A__s9913__instance__severe,instance,severe,d3_oof,E1_fixed / none_screened,E3_filter / none_screened_filter_none,cross_experiment,0.0,0.0,0.0,0.0,,,0.0,0.0
SEA_A,SEA_A__s9913__instance__severe,instance,severe,d3_oof,E1_fixed / none_unscreened,E2_RL / RL_2state,cross_experiment,0.007830747036542851,0.006794258373205797,0.09462290502793291,-0.08950698655417876,,,0.0,0.0
SEA_A,SEA_A__s9913__instance__severe,instance,severe,d3_oof,E1_fixed / none_unscreened,E2_RL / RL_4state,cross_experiment,0.007830747036542851,0.006794258373205797,0.09462290502793291,-0.08950698655417876,,,0.0,0.0
SEA_A,SEA_A__s9913__instance__severe,instance,severe,d3_oof,E1_fixed / none_unscreened,E2_RL / confirmed_screened,cross_experiment,0.007830747036542851,0.006794258373205797,0.09462290502793291,-0.08950698655417876,,,0.0,0.0
SEA_A,SEA_A__s9913__instance__severe,instance,severe,d3_oof,E1_fixed / none_unscreened,E2_RL / error_rule,cross_experiment,0.0046381651594678,0.004114832535885182,0.28142458100558654,-0.26944371210123913,,,-8.333333333333334,0.0
SEA_A,SEA_A__s9913__instance__severe,instance,severe,d3_oof,E1_fixed / none_unscreened,E2_RL / none_screened,cross_experiment,0.007830747036542851,0.006794258373205797,0.09462290502793291,-0.08950698655417876,,,0.0,0.0
SEA_A,SEA_A__s9913__instance__severe,instance,severe,d3_oof,E1_fixed / none_unscreened,E2_RL / selected_map,cross_experiment,0.007830747036542851,0.006794258373205797,0.09462290502793291,-0.08950698655417876,,,0.0,0.0
SEA_A,SEA_A__s9913__instance__severe,instance,severe,d3_oof,E1_fixed / none_unscreened,E3_filter / confirmed_screened_filter_learned_features,cross_experiment,0.016744237066945944,0.013607655502392402,0.20628491620111733,-0.20010545742156602,,,0.0,3951.666666666657
SEA_A,SEA_A__s9913__instance__severe,instance,severe,d3_oof,E1_fixed / none_unscreened,E3_filter / confirmed_screened_filter_learned_features_label,cross_experiment,0.0017901774322426345,0.0011866028708135135,0.711522346368715,-0.1701291853414184,,,0.0,19038.33333333333
SEA_A,SEA_A__s9913__instance__severe,instance,severe,d3_oof,E1_fixed / none_unscreened,E3_filter / confirmed_screened_filter_none,cross_experiment,0.007830747036542851,0.006794258373205797,0.09462290502793291,-0.08950698655417876,,,0.0,0.0
SEA_A,SEA_A__s9913__instance__severe,instance,severe,d3_oof,E1_fixed / none_unscreened,E3_filter / confirmed_screened_filter_oracle_blocks,cross_experiment,0.01358114617156092,0.011866028708134024,1.0,-1.0,,,0.0,87083.33333333333
SEA_A,SEA_A__s9913__instance__severe,instance,severe,d3_oof,E1_fixed / none_unscreened,E3_filter / confirmed_screened_filter_oracle_rows,cross_experiment,0.0019559973628331395,0.000956937799043045,1.0,-0.18600052728710784,,,0.0,23866.666666666657
SEA_A,SEA_A__s9913__instance__severe,instance,severe,d3_oof,E1_fixed / none_unscreened,E3_filter / confirmed_screened_filter_random_blocks,cross_experiment,0.013581146171561032,0.011866028708134024,1.0,-1.0,,,0.0,87083.33333333333
SEA_A,SEA_A__s9913__instance__severe,instance,severe,d3_oof,E1_fixed / none_unscreened,E3_filter / confirmed_screened_filter_random_rows,cross_experiment,0.0311781112304661,0.025358851674641136,0.4671787709497207,-0.47279198523596094,,,0.0,23866.666666666657
SEA_A,SEA_A__s9913__instance__severe,instance,severe,d3_oof,E1_fixed / none_unscreened,E3_filter / none_screened_filter_learned_features,cross_experiment,0.016744237066945944,0.013607655502392402,0.20628491620111733,-0.20010545742156602,,,0.0,3951.666666666657
SEA_A,SEA_A__s9913__instance__severe,instance,severe,d3_oof,E1_fixed / none_unscreened,E3_filter / none_screened_filter_learned_features_label,cross_experiment,0.0017901774322426345,0.0011866028708135135,0.711522346368715,-0.1701291853414184,,,0.0,19038.33333333333
SEA_A,SEA_A__s9913__instance__severe,instance,severe,d3_oof,E1_fixed / none_unscreened,E3_filter / none_screened_filter_none,cross_experiment,0.007830747036542851,0.006794258373205797,0.09462290502793291,-0.08950698655417876,,,0.0,0.0
SEA_A,SEA_A__s9913__instance__severe,instance,severe,d3_oof,E2_RL / RL_2state,E3_filter / confirmed_screened_filter_learned_features,cross_experiment,0.008913490030403093,0.006813397129186605,0.11166201117318442,-0.11059847086738726,,,0.0,3951.666666666657
SEA_A,SEA_A__s9913__instance__severe,instance,severe,d3_oof,E2_RL / RL_2state,E3_filter / confirmed_screened_filter_learned_features_label,cross_experiment,-0.006040569604300217,-0.005607655502392284,0.6168994413407822,-0.08062219878723965,,,0.0,19038.33333333333
SEA_A,SEA_A__s9913__instance__severe,instance,severe,d3_oof,E2_RL / RL_2state,E3_filter / confirmed_screened_filter_none,cross_experiment,0.0,0.0,0.0,0.0,,,0.0,0.0
SEA_A,SEA_A__s9913__instance__severe,instance,severe,d3_oof,E2_RL / RL_2state,E3_filter / confirmed_screened_filter_oracle_blocks,cross_experiment,0.005750399135018069,0.005071770334928227,0.9053770949720671,-0.9104930134458212,,,0.0,87083.33333333333
SEA_A,SEA_A__s9913__instance__severe,instance,severe,d3_oof,E2_RL / RL_2state,E3_filter / confirmed_screened_filter_oracle_rows,cross_experiment,-0.005874749673709712,-0.005837320574162752,0.9053770949720671,-0.09649354073292908,,,0.0,23866.666666666657
SEA_A,SEA_A__s9913__instance__severe,instance,severe,d3_oof,E2_RL / RL_2state,E3_filter / confirmed_screened_filter_random_blocks,cross_experiment,0.0057503991350181805,0.005071770334928227,0.9053770949720671,-0.9104930134458212,,,0.0,87083.33333333333
SEA_A,SEA_A__s9913__instance__severe,instance,severe,d3_oof,E2_RL / RL_2state,E3_filter / confirmed_screened_filter_random_rows,cross_experiment,0.023347364193923248,0.01856459330143534,0.3725558659217878,-0.3832849986817822,,,0.0,23866.666666666657
SEA_A,SEA_A__s9913__instance__severe,instance,severe,d3_oof,E2_RL / RL_2state,E3_filter / none_screened_filter_learned_features,cross_experiment,0.008913490030403093,0.006813397129186605,0.11166201117318442,-0.11059847086738726,,,0.0,3951.666666666657
SEA_A,SEA_A__s9913__instance__severe,instance,severe,d3_oof,E2_RL / RL_2state,E3_filter / none_screened_filter_learned_features_label,cross_experiment,-0.006040569604300217,-0.005607655502392284,0.6168994413407822,-0.08062219878723965,,,0.0,19038.33333333333
SEA_A,SEA_A__s9913__instance__severe,instance,severe,d3_oof,E2_RL / RL_2state,E3_filter / none_screened_filter_none,cross_experiment,0.0,0.0,0.0,0.0,,,0.0,0.0
SEA_A,SEA_A__s9913__instance__severe,instance,severe,d3_oof,E2_RL / RL_4state,E3_filter / confirmed_screened_filter_learned_features,cross_experiment,0.008913490030403093,0.006813397129186605,0.11166201117318442,-0.11059847086738726,,,0.0,3951.666666666657
SEA_A,SEA_A__s9913__instance__severe,instance,severe,d3_oof,E2_RL / RL_4state,E3_filter / confirmed_screened_filter_learned_features_label,cross_experiment,-0.006040569604300217,-0.005607655502392284,0.6168994413407822,-0.08062219878723965,,,0.0,19038.33333333333
SEA_A,SEA_A__s9913__instance__severe,instance,severe,d3_oof,E2_RL / RL_4state,E3_filter / confirmed_screened_filter_none,cross_experiment,0.0,0.0,0.0,0.0,,,0.0,0.0
SEA_A,SEA_A__s9913__instance__severe,instance,severe,d3_oof,E2_RL / RL_4state,E3_filter / confirmed_screened_filter_oracle_blocks,cross_experiment,0.005750399135018069,0.005071770334928227,0.9053770949720671,-0.9104930134458212,,,0.0,87083.33333333333
SEA_A,SEA_A__s9913__instance__severe,instance,severe,d3_oof,E2_RL / RL_4state,E3_filter / confirmed_screened_filter_oracle_rows,cross_experiment,-0.005874749673709712,-0.005837320574162752,0.9053770949720671,-0.09649354073292908,,,0.0,23866.666666666657
SEA_A,SEA_A__s9913__instance__severe,instance,severe,d3_oof,E2_RL / RL_4state,E3_filter / confirmed_screened_filter_random_blocks,cross_experiment,0.0057503991350181805,0.005071770334928227,0.9053770949720671,-0.9104930134458212,,,0.0,87083.33333333333
SEA_A,SEA_A__s9913__instance__severe,instance,severe,d3_oof,E2_RL / RL_4state,E3_filter / confirmed_screened_filter_random_rows,cross_experiment,0.023347364193923248,0.01856459330143534,0.3725558659217878,-0.3832849986817822,,,0.0,23866.666666666657
SEA_A,SEA_A__s9913__instance__severe,instance,severe,d3_oof,E2_RL / RL_4state,E3_filter / none_screened_filter_learned_features,cross_experiment,0.008913490030403093,0.006813397129186605,0.11166201117318442,-0.11059847086738726,,,0.0,3951.666666666657
SEA_A,SEA_A__s9913__instance__severe,instance,severe,d3_oof,E2_RL / RL_4state,E3_filter / none_screened_filter_learned_features_label,cross_experiment,-0.006040569604300217,-0.005607655502392284,0.6168994413407822,-0.08062219878723965,,,0.0,19038.33333333333
SEA_A,SEA_A__s9913__instance__severe,instance,severe,d3_oof,E2_RL / RL_4state,E3_filter / none_screened_filter_none,cross_experiment,0.0,0.0,0.0,0.0,,,0.0,0.0
SEA_A,SEA_A__s9913__instance__severe,instance,severe,d3_oof,E2_RL / confirmed_screened,E3_filter / confirmed_screened_filter_learned_features,cross_experiment,0.008913490030403093,0.006813397129186605,0.11166201117318442,-0.11059847086738726,,,0.0,3951.666666666657
SEA_A,SEA_A__s9913__instance__severe,instance,severe,d3_oof,E2_RL / confirmed_screened,E3_filter / confirmed_screened_filter_learned_features_label,cross_experiment,-0.006040569604300217,-0.005607655502392284,0.6168994413407822,-0.08062219878723965,,,0.0,19038.33333333333
SEA_A,SEA_A__s9913__instance__severe,instance,severe,d3_oof,E2_RL / confirmed_screened,E3_filter / confirmed_screened_filter_none,cross_experiment,0.0,0.0,0.0,0.0,,,0.0,0.0
SEA_A,SEA_A__s9913__instance__severe,instance,severe,d3_oof,E2_RL / confirmed_screened,E3_filter / confirmed_screened_filter_oracle_blocks,cross_experiment,0.005750399135018069,0.005071770334928227,0.9053770949720671,-0.9104930134458212,,,0.0,87083.33333333333
SEA_A,SEA_A__s9913__instance__severe,instance,severe,d3_oof,E2_RL / confirmed_screened,E3_filter / confirmed_screened_filter_oracle_rows,cross_experiment,-0.005874749673709712,-0.005837320574162752,0.9053770949720671,-0.09649354073292908,,,0.0,23866.666666666657
SEA_A,SEA_A__s9913__instance__severe,instance,severe,d3_oof,E2_RL / confirmed_screened,E3_filter / confirmed_screened_filter_random_blocks,cross_experiment,0.0057503991350181805,0.005071770334928227,0.9053770949720671,-0.9104930134458212,,,0.0,87083.33333333333
SEA_A,SEA_A__s9913__instance__severe,instance,severe,d3_oof,E2_RL / confirmed_screened,E3_filter / confirmed_screened_filter_random_rows,cross_experiment,0.023347364193923248,0.01856459330143534,0.3725558659217878,-0.3832849986817822,,,0.0,23866.666666666657
SEA_A,SEA_A__s9913__instance__severe,instance,severe,d3_oof,E2_RL / confirmed_screened,E3_filter / none_screened_filter_learned_features,cross_experiment,0.008913490030403093,0.006813397129186605,0.11166201117318442,-0.11059847086738726,,,0.0,3951.666666666657
SEA_A,SEA_A__s9913__instance__severe,instance,severe,d3_oof,E2_RL / confirmed_screened,E3_filter / none_screened_filter_learned_features_label,cross_experiment,-0.006040569604300217,-0.005607655502392284,0.6168994413407822,-0.08062219878723965,,,0.0,19038.33333333333
SEA_A,SEA_A__s9913__instance__severe,instance,severe,d3_oof,E2_RL / confirmed_screened,E3_filter / none_screened_filter_none,cross_experiment,0.0,0.0,0.0,0.0,,,0.0,0.0
SEA_A,SEA_A__s9913__instance__severe,instance,severe,d3_oof,E2_RL / error_rule,E3_filter / confirmed_screened_filter_learned_features,cross_experiment,0.012106071907478144,0.00949282296650722,-0.07513966480446921,0.06933825467967311,,,8.333333333333334,3951.666666666657
SEA_A,SEA_A__s9913__instance__severe,instance,severe,d3_oof,E2_RL / error_rule,E3_filter / confirmed_screened_filter_learned_features_label,cross_experiment,-0.0028479877272251652,-0.002928229665071669,0.43009776536312855,0.09931452675982072,,,8.333333333333334,19038.33333333333
SEA_A,SEA_A__s9913__instance__severe,instance,severe,d3_oof,E2_RL / error_rule,E3_filter / confirmed_screened_filter_none,cross_experiment,0.0031925818770750514,0.002679425837320615,-0.18680167597765363,0.17993672554706036,,,8.333333333333334,0.0
SEA_A,SEA_A__s9913__instance__severe,instance,severe,d3_oof,E2_RL / error_rule,E3_filter / confirmed_screened_filter_oracle_blocks,cross_experiment,0.00894298101209312,0.007751196172248842,0.7185754189944135,-0.7305562878987608,,,8.333333333333334,87083.33333333333
SEA_A,SEA_A__s9913__instance__severe,instance,severe,d3_oof,E2_RL / error_rule,E3_filter / confirmed_screened_filter_oracle_rows,cross_experiment,-0.00268216779663466,-0.0031578947368421373,0.7185754189944135,0.0834431848141313,,,8.333333333333334,23866.666666666657
SEA_A,SEA_A__s9913__instance__severe,instance,severe,d3_oof,E2_RL / error_rule,E3_filter / confirmed_screened_filter_random_blocks,cross_experiment,0.008942981012093232,0.007751196172248842,0.7185754189944135,-0.7305562878987608,,,8.333333333333334,87083.33333333333
SEA_A,SEA_A__s9913__instance__severe,instance,severe,d3_oof,E2_RL / error_rule,E3_filter / confirmed_screened_filter_random_rows,cross_experiment,0.0265399460709983,0.021244019138755954,0.18575418994413417,-0.2033482731347218,,,8.333333333333334,23866.666666666657
SEA_A,SEA_A__s9913__instance__severe,instance,severe,d3_oof,E2_RL / error_rule,E3_filter / none_screened_filter_learned_features,cross_experiment,0.012106071907478144,0.00949282296650722,-0.07513966480446921,0.06933825467967311,,,8.333333333333334,3951.666666666657
SEA_A,SEA_A__s9913__instance__severe,instance,severe,d3_oof,E2_RL / error_rule,E3_filter / none_screened_filter_learned_features_label,cross_experiment,-0.0028479877272251652,-0.002928229665071669,0.43009776536312855,0.09931452675982072,,,8.333333333333334,19038.33333333333
SEA_A,SEA_A__s9913__instance__severe,instance,severe,d3_oof,E2_RL / error_rule,E3_filter / none_screened_filter_none,cross_experiment,0.0031925818770750514,0.002679425837320615,-0.18680167597765363,0.17993672554706036,,,8.333333333333334,0.0
SEA_A,SEA_A__s9913__instance__severe,instance,severe,d3_oof,E2_RL / none_screened,E3_filter / confirmed_screened_filter_learned_features,cross_experiment,0.008913490030403093,0.006813397129186605,0.11166201117318442,-0.11059847086738726,,,0.0,3951.666666666657
SEA_A,SEA_A__s9913__instance__severe,instance,severe,d3_oof,E2_RL / none_screened,E3_filter / confirmed_screened_filter_learned_features_label,cross_experiment,-0.006040569604300217,-0.005607655502392284,0.6168994413407822,-0.08062219878723965,,,0.0,19038.33333333333
SEA_A,SEA_A__s9913__instance__severe,instance,severe,d3_oof,E2_RL / none_screened,E3_filter / confirmed_screened_filter_none,cross_experiment,0.0,0.0,0.0,0.0,,,0.0,0.0
SEA_A,SEA_A__s9913__instance__severe,instance,severe,d3_oof,E2_RL / none_screened,E3_filter / confirmed_screened_filter_oracle_blocks,cross_experiment,0.005750399135018069,0.005071770334928227,0.9053770949720671,-0.9104930134458212,,,0.0,87083.33333333333
SEA_A,SEA_A__s9913__instance__severe,instance,severe,d3_oof,E2_RL / none_screened,E3_filter / confirmed_screened_filter_oracle_rows,cross_experiment,-0.005874749673709712,-0.005837320574162752,0.9053770949720671,-0.09649354073292908,,,0.0,23866.666666666657
SEA_A,SEA_A__s9913__instance__severe,instance,severe,d3_oof,E2_RL / none_screened,E3_filter / confirmed_screened_filter_random_blocks,cross_experiment,0.0057503991350181805,0.005071770334928227,0.9053770949720671,-0.9104930134458212,,,0.0,87083.33333333333
SEA_A,SEA_A__s9913__instance__severe,instance,severe,d3_oof,E2_RL / none_screened,E3_filter / confirmed_screened_filter_random_rows,cross_experiment,0.023347364193923248,0.01856459330143534,0.3725558659217878,-0.3832849986817822,,,0.0,23866.666666666657
SEA_A,SEA_A__s9913__instance__severe,instance,severe,d3_oof,E2_RL / none_screened,E3_filter / none_screened_filter_learned_features,cross_experiment,0.008913490030403093,0.006813397129186605,0.11166201117318442,-0.11059847086738726,,,0.0,3951.666666666657
SEA_A,SEA_A__s9913__instance__severe,instance,severe,d3_oof,E2_RL / none_screened,E3_filter / none_screened_filter_learned_features_label,cross_experiment,-0.006040569604300217,-0.005607655502392284,0.6168994413407822,-0.08062219878723965,,,0.0,19038.33333333333
SEA_A,SEA_A__s9913__instance__severe,instance,severe,d3_oof,E2_RL / none_screened,E3_filter / none_screened_filter_none,cross_experiment,0.0,0.0,0.0,0.0,,,0.0,0.0
SEA_A,SEA_A__s9913__instance__severe,instance,severe,d3_oof,E2_RL / selected_map,E3_filter / confirmed_screened_filter_learned_features,cross_experiment,0.008913490030403093,0.006813397129186605,0.11166201117318442,-0.11059847086738726,,,0.0,3951.666666666657
SEA_A,SEA_A__s9913__instance__severe,instance,severe,d3_oof,E2_RL / selected_map,E3_filter / confirmed_screened_filter_learned_features_label,cross_experiment,-0.006040569604300217,-0.005607655502392284,0.6168994413407822,-0.08062219878723965,,,0.0,19038.33333333333
SEA_A,SEA_A__s9913__instance__severe,instance,severe,d3_oof,E2_RL / selected_map,E3_filter / confirmed_screened_filter_none,cross_experiment,0.0,0.0,0.0,0.0,,,0.0,0.0
SEA_A,SEA_A__s9913__instance__severe,instance,severe,d3_oof,E2_RL / selected_map,E3_filter / confirmed_screened_filter_oracle_blocks,cross_experiment,0.005750399135018069,0.005071770334928227,0.9053770949720671,-0.9104930134458212,,,0.0,87083.33333333333
SEA_A,SEA_A__s9913__instance__severe,instance,severe,d3_oof,E2_RL / selected_map,E3_filter / confirmed_screened_filter_oracle_rows,cross_experiment,-0.005874749673709712,-0.005837320574162752,0.9053770949720671,-0.09649354073292908,,,0.0,23866.666666666657
SEA_A,SEA_A__s9913__instance__severe,instance,severe,d3_oof,E2_RL / selected_map,E3_filter / confirmed_screened_filter_random_blocks,cross_experiment,0.0057503991350181805,0.005071770334928227,0.9053770949720671,-0.9104930134458212,,,0.0,87083.33333333333
SEA_A,SEA_A__s9913__instance__severe,instance,severe,d3_oof,E2_RL / selected_map,E3_filter / confirmed_screened_filter_random_rows,cross_experiment,0.023347364193923248,0.01856459330143534,0.3725558659217878,-0.3832849986817822,,,0.0,23866.666666666657
SEA_A,SEA_A__s9913__instance__severe,instance,severe,d3_oof,E2_RL / selected_map,E3_filter / none_screened_filter_learned_features,cross_experiment,0.008913490030403093,0.006813397129186605,0.11166201117318442,-0.11059847086738726,,,0.0,3951.666666666657
SEA_A,SEA_A__s9913__instance__severe,instance,severe,d3_oof,E2_RL / selected_map,E3_filter / none_screened_filter_learned_features_label,cross_experiment,-0.006040569604300217,-0.005607655502392284,0.6168994413407822,-0.08062219878723965,,,0.0,19038.33333333333
SEA_A,SEA_A__s9913__instance__severe,instance,severe,d3_oof,E2_RL / selected_map,E3_filter / none_screened_filter_none,cross_experiment,0.0,0.0,0.0,0.0,,,0.0,0.0
SEA_A,SEA_A__s9913__instance__severe,instance,severe,hddm_w,E1_fixed / confirmed_screened,E2_RL / RL_2state,cross_experiment,0.0,0.0,0.0,0.0,,,0.0,0.0
SEA_A,SEA_A__s9913__instance__severe,instance,severe,hddm_w,E1_fixed / confirmed_screened,E2_RL / RL_4state,cross_experiment,0.0,0.0,0.0,0.0,,,0.0,0.0
SEA_A,SEA_A__s9913__instance__severe,instance,severe,hddm_w,E1_fixed / confirmed_screened,E2_RL / confirmed_screened,cross_experiment,0.0,0.0,0.0,0.0,,,0.0,0.0
SEA_A,SEA_A__s9913__instance__severe,instance,severe,hddm_w,E1_fixed / confirmed_screened,E2_RL / error_rule,cross_experiment,-0.0031925818770750514,-0.002679425837320615,0.18680167597765363,-0.17993672554706036,,,-8.333333333333334,0.0
SEA_A,SEA_A__s9913__instance__severe,instance,severe,hddm_w,E1_fixed / confirmed_screened,E2_RL / none_screened,cross_experiment,0.0,0.0,0.0,0.0,,,0.0,0.0
SEA_A,SEA_A__s9913__instance__severe,instance,severe,hddm_w,E1_fixed / confirmed_screened,E2_RL / selected_map,cross_experiment,-0.0031925818770750514,-0.002679425837320615,0.18680167597765363,-0.17993672554706036,,,-8.333333333333334,0.0
SEA_A,SEA_A__s9913__instance__severe,instance,severe,hddm_w,E1_fixed / confirmed_screened,E3_filter / confirmed_screened_filter_learned_features,cross_experiment,0.0069920512405006185,0.005205741626794214,0.2171787709497207,-0.21465858159767992,,,-3.3333333333333335,-2078.3333333333285
SEA_A,SEA_A__s9913__instance__severe,instance,severe,hddm_w,E1_fixed / confirmed_screened,E3_filter / confirmed_screened_filter_learned_features_label,cross_experiment,-0.006040569604300217,-0.005607655502392284,0.6168994413407822,-0.08062219878723965,,,0.0,19038.33333333333
SEA_A,SEA_A__s9913__instance__severe,instance,severe,hddm_w,E1_fixed / confirmed_screened,E3_filter / confirmed_screened_filter_none,cross_experiment,0.0,0.0,0.0,0.0,,,0.0,0.0
SEA_A,SEA_A__s9913__instance__severe,instance,severe,hddm_w,E1_fixed / confirmed_screened,E3_filter / confirmed_screened_filter_oracle_blocks,cross_experiment,0.005750399135018069,0.005071770334928227,0.9053770949720671,-0.9104930134458212,,,0.0,87083.33333333333
SEA_A,SEA_A__s9913__instance__severe,instance,severe,hddm_w,E1_fixed / confirmed_screened,E3_filter / confirmed_screened_filter_oracle_rows,cross_experiment,-0.005874749673709712,-0.005837320574162752,0.9053770949720671,-0.09649354073292908,,,0.0,23866.666666666657
SEA_A,SEA_A__s9913__instance__severe,instance,severe,hddm_w,E1_fixed / confirmed_screened,E3_filter / confirmed_screened_filter_random_blocks,cross_experiment,0.0057503991350181805,0.005071770334928227,0.9053770949720671,-0.9104930134458212,,,0.0,87083.33333333333
SEA_A,SEA_A__s9913__instance__severe,instance,severe,hddm_w,E1_fixed / confirmed_screened,E3_filter / confirmed_screened_filter_random_rows,cross_experiment,0.008229462909767338,0.006526315789473713,0.3465083798882682,-0.3564197205378329,,,-6.666666666666667,14671.666666666657
SEA_A,SEA_A__s9913__instance__severe,instance,severe,hddm_w,E1_fixed / confirmed_screened,E3_filter / none_screened_filter_learned_features,cross_experiment,0.008913490030403093,0.006813397129186605,0.11166201117318442,-0.11059847086738726,,,0.0,3951.666666666657
SEA_A,SEA_A__s9913__instance__severe,instance,severe,hddm_w,E1_fixed / confirmed_screened,E3_filter / none_screened_filter_learned_features_label,cross_experiment,-0.006040569604300217,-0.005607655502392284,0.6168994413407822,-0.08062219878723965,,,0.0,19038.33333333333
SEA_A,SEA_A__s9913__instance__severe,instance,severe,hddm_w,E1_fixed / confirmed_screened,E3_filter / none_screened_filter_none,cross_experiment,0.0,0.0,0.0,0.0,,,0.0,0.0
SEA_A,SEA_A__s9913__instance__severe,instance,severe,hddm_w,E1_fixed / confirmed_unscreened,E2_RL / RL_2state,cross_experiment,0.007830747036542851,0.006794258373205797,0.09462290502793291,-0.08950698655417876,,,0.0,0.0
SEA_A,SEA_A__s9913__instance__severe,instance,severe,hddm_w,E1_fixed / confirmed_unscreened,E2_RL / RL_4state,cross_experiment,0.007830747036542851,0.006794258373205797,0.09462290502793291,-0.08950698655417876,,,0.0,0.0
SEA_A,SEA_A__s9913__instance__severe,instance,severe,hddm_w,E1_fixed / confirmed_unscreened,E2_RL / confirmed_screened,cross_experiment,0.007830747036542851,0.006794258373205797,0.09462290502793291,-0.08950698655417876,,,0.0,0.0
SEA_A,SEA_A__s9913__instance__severe,instance,severe,hddm_w,E1_fixed / confirmed_unscreened,E2_RL / error_rule,cross_experiment,0.0046381651594678,0.004114832535885182,0.28142458100558654,-0.26944371210123913,,,-8.333333333333334,0.0
SEA_A,SEA_A__s9913__instance__severe,instance,severe,hddm_w,E1_fixed / confirmed_unscreened,E2_RL / none_screened,cross_experiment,0.007830747036542851,0.006794258373205797,0.09462290502793291,-0.08950698655417876,,,0.0,0.0
SEA_A,SEA_A__s9913__instance__severe,instance,severe,hddm_w,E1_fixed / confirmed_unscreened,E2_RL / selected_map,cross_experiment,0.0046381651594678,0.004114832535885182,0.28142458100558654,-0.26944371210123913,,,-8.333333333333334,0.0
SEA_A,SEA_A__s9913__instance__severe,instance,severe,hddm_w,E1_fixed / confirmed_unscreened,E3_filter / confirmed_screened_filter_learned_features,cross_experiment,0.01482279827704347,0.01200000000000001,0.3118016759776536,-0.3041655681518587,,,-3.3333333333333335,-2078.3333333333285
SEA_A,SEA_A__s9913__instance__severe,instance,severe,hddm_w,E1_fixed / confirmed_unscreened,E3_filter / confirmed_screened_filter_learned_features_label,cross_experiment,0.0017901774322426345,0.0011866028708135135,0.711522346368715,-0.1701291853414184,,,0.0,19038.33333333333
SEA_A,SEA_A__s9913__instance__severe,instance,severe,hddm_w,E1_fixed / confirmed_unscreened,E3_filter / confirmed_screened_filter_none,cross_experiment,0.007830747036542851,0.006794258373205797,0.09462290502793291,-0.08950698655417876,,,0.0,0.0
SEA_A,SEA_A__s9913__instance__severe,instance,severe,hddm_w,E1_fixed / confirmed_unscreened,E3_filter / confirmed_screened_filter_oracle_blocks,cross_experiment,0.01358114617156092,0.011866028708134024,1.0,-1.0,,,0.0,87083.33333333333
SEA_A,SEA_A__s9913__instance__severe,instance,severe,hddm_w,E1_fixed / confirmed_unscreened,E3_filter / confirmed_screened_filter_oracle_rows,cross_experiment,0.0019559973628331395,0.000956937799043045,1.0,-0.18600052728710784,,,0.0,23866.666666666657
SEA_A,SEA_A__s9913__instance__severe,instance,severe,hddm_w,E1_fixed / confirmed_unscreened,E3_filter / confirmed_screened_filter_random_blocks,cross_experiment,0.013581146171561032,0.011866028708134024,1.0,-1.0,,,0.0,87083.33333333333
SEA_A,SEA_A__s9913__instance__severe,instance,severe,hddm_w,E1_fixed / confirmed_unscreened,E3_filter / confirmed_screened_filter_random_rows,cross_experiment,0.01606020994631019,0.01332057416267951,0.4411312849162011,-0.44592670709201165,,,-6.666666666666667,14671.666666666657
SEA_A,SEA_A__s9913__instance__severe,instance,severe,hddm_w,E1_fixed / confirmed_unscreened,E3_filter / none_screened_filter_learned_features,cross_experiment,0.016744237066945944,0.013607655502392402,0.20628491620111733,-0.20010545742156602,,,0.0,3951.666666666657
SEA_A,SEA_A__s9913__instance__severe,instance,severe,hddm_w,E1_fixed / confirmed_unscreened,E3_filter / none_screened_filter_learned_features_label,cross_experiment,0.0017901774322426345,0.0011866028708135135,0.711522346368715,-0.1701291853414184,,,0.0,19038.33333333333
SEA_A,SEA_A__s9913__instance__severe,instance,severe,hddm_w,E1_fixed / confirmed_unscreened,E3_filter / none_screened_filter_none,cross_experiment,0.007830747036542851,0.006794258373205797,0.09462290502793291,-0.08950698655417876,,,0.0,0.0
SEA_A,SEA_A__s9913__instance__severe,instance,severe,hddm_w,E1_fixed / immediate_screened,E2_RL / RL_2state,cross_experiment,0.003225090513128248,0.0031578947368421373,-0.3537011173184358,0.3673872923807013,,,16.666666666666668,0.0
SEA_A,SEA_A__s9913__instance__severe,instance,severe,hddm_w,E1_fixed / immediate_screened,E2_RL / RL_4state,cross_experiment,0.003225090513128248,0.0031578947368421373,-0.3537011173184358,0.3673872923807013,,,16.666666666666668,0.0
SEA_A,SEA_A__s9913__instance__severe,instance,severe,hddm_w,E1_fixed / immediate_screened,E2_RL / confirmed_screened,cross_experiment,0.003225090513128248,0.0031578947368421373,-0.3537011173184358,0.3673872923807013,,,16.666666666666668,0.0
SEA_A,SEA_A__s9913__instance__severe,instance,severe,hddm_w,E1_fixed / immediate_screened,E2_RL / error_rule,cross_experiment,3.250863605319676e-05,0.0004784688995215225,-0.16689944134078216,0.18745056683364092,,,8.333333333333334,0.0
SEA_A,SEA_A__s9913__instance__severe,instance,severe,hddm_w,E1_fixed / immediate_screened,E2_RL / none_screened,cross_experiment,0.003225090513128248,0.0031578947368421373,-0.3537011173184358,0.3673872923807013,,,16.666666666666668,0.0
SEA_A,SEA_A__s9913__instance__severe,instance,severe,hddm_w,E1_fixed / immediate_screened,E2_RL / selected_map,cross_experiment,3.250863605319676e-05,0.0004784688995215225,-0.16689944134078216,0.18745056683364092,,,8.333333333333334,0.0
SEA_A,SEA_A__s9913__instance__severe,instance,severe,hddm_w,E1_fixed / immediate_screened,E3_filter / confirmed_screened_filter_learned_features,cross_experiment,0.010217141753628867,0.008363636363636351,-0.13652234636871508,0.15272871078302136,,,13.333333333333334,-2078.3333333333285
SEA_A,SEA_A__s9913__instance__severe,instance,severe,hddm_w,E1_fixed / immediate_screened,E3_filter / confirmed_screened_filter_learned_features_label,cross_experiment,-0.0028154790911719685,-0.0024497607655501463,0.2631983240223464,0.28676509359346164,,,16.666666666666668,19038.33333333333
SEA_A,SEA_A__s9913__instance__severe,instance,severe,hddm_w,E1_fixed / immediate_screened,E3_filter / confirmed_screened_filter_none,cross_experiment,0.003225090513128248,0.0031578947368421373,-0.3537011173184358,0.3673872923807013,,,16.666666666666668,0.0
SEA_A,SEA_A__s9913__instance__severe,instance,severe,hddm_w,E1_fixed / immediate_screened,E3_filter / confirmed_screened_filter_oracle_blocks,cross_experiment,0.008975489648146318,0.008229665071770365,0.5516759776536313,-0.54310572106512,,,16.666666666666668,87083.33333333333
SEA_A,SEA_A__s9913__instance__severe,instance,severe,hddm_w,E1_fixed / immediate_screened,E3_filter / confirmed_screened_filter_oracle_rows,cross_experiment,-0.0026496591605814634,-0.002679425837320615,0.5516759776536313,0.2708937516477722,,,16.666666666666668,23866.666666666657
SEA_A,SEA_A__s9913__instance__severe,instance,severe,hddm_w,E1_fixed / immediate_screened,E3_filter / confirmed_screened_filter_random_blocks,cross_experiment,0.008975489648146429,0.008229665071770365,0.5516759776536313,-0.54310572106512,,,16.666666666666668,87083.33333333333
SEA_A,SEA_A__s9913__instance__severe,instance,severe,hddm_w,E1_fixed / immediate_screened,E3_filter / confirmed_screened_filter_random_rows,cross_experiment,0.011454553422895586,0.00968421052631585,-0.007192737430167573,0.010967571842868395,,,10.0,14671.666666666657
SEA_A,SEA_A__s9913__instance__severe,instance,severe,hddm_w,E1_fixed / immediate_screened,E3_filter / none_screened_filter_learned_features,cross_experiment,0.012138580543531341,0.009971291866028742,-0.24203910614525137,0.25678882151331406,,,16.666666666666668,3951.666666666657
SEA_A,SEA_A__s9913__instance__severe,instance,severe,hddm_w,E1_fixed / immediate_screened,E3_filter / none_screened_filter_learned_features_label,cross_experiment,-0.0028154790911719685,-0.0024497607655501463,0.2631983240223464,0.28676509359346164,,,16.666666666666668,19038.33333333333
SEA_A,SEA_A__s9913__instance__severe,instance,severe,hddm_w,E1_fixed / immediate_screened,E3_filter / none_screened_filter_none,cross_experiment,0.003225090513128248,0.0031578947368421373,-0.3537011173184358,0.3673872923807013,,,16.666666666666668,0.0
SEA_A,SEA_A__s9913__instance__severe,instance,severe,hddm_w,E1_fixed / immediate_unscreened,E2_RL / RL_2state,cross_experiment,0.015451081284530543,0.012631578947368438,0.09462290502793291,-0.08950698655417876,,,33.333333333333336,0.0
SEA_A,SEA_A__s9913__instance__severe,instance,severe,hddm_w,E1_fixed / immediate_unscreened,E2_RL / RL_4state,cross_experiment,0.015451081284530543,0.012631578947368438,0.09462290502793291,-0.08950698655417876,,,33.333333333333336,0.0
SEA_A,SEA_A__s9913__instance__severe,instance,severe,hddm_w,E1_fixed / immediate_unscreened,E2_RL / confirmed_screened,cross_experiment,0.015451081284530543,0.012631578947368438,0.09462290502793291,-0.08950698655417876,,,33.333333333333336,0.0
SEA_A,SEA_A__s9913__instance__severe,instance,severe,hddm_w,E1_fixed / immediate_unscreened,E2_RL / error_rule,cross_experiment,0.012258499407455492,0.009952153110047823,0.28142458100558654,-0.26944371210123913,,,25.0,0.0
SEA_A,SEA_A__s9913__instance__severe,instance,severe,hddm_w,E1_fixed / immediate_unscreened,E2_RL / none_screened,cross_experiment,0.015451081284530543,0.012631578947368438,0.09462290502793291,-0.08950698655417876,,,33.333333333333336,0.0
SEA_A,SEA_A__s9913__instance__severe,instance,severe,hddm_w,E1_fixed / immediate_unscreened,E2_RL / selected_map,cross_experiment,0.012258499407455492,0.009952153110047823,0.28142458100558654,-0.26944371210123913,,,25.0,0.0
SEA_A,SEA_A__s9913__instance__severe,instance,severe,hddm_w,E1_fixed / immediate_unscreened,E3_filter / confirmed_screened_filter_learned_features,cross_experiment,0.022443132525031162,0.01783732057416265,0.3118016759776536,-0.3041655681518587,,,30.000000000000004,-2078.3333333333285
SEA_A,SEA_A__s9913__instance__severe,instance,severe,hddm_w,E1_fixed / immediate_unscreened,E3_filter / confirmed_screened_filter_learned_features_label,cross_experiment,0.009410511680230327,0.0070239234449761545,0.711522346368715,-0.1701291853414184,,,33.333333333333336,19038.33333333333
SEA_A,SEA_A__s9913__instance__severe,instance,severe,hddm_w,E1_fixed / immediate_unscreened,E3_filter / confirmed_screened_filter_none,cross_experiment,0.015451081284530543,0.012631578947368438,0.09462290502793291,-0.08950698655417876,,,33.333333333333336,0.0
SEA_A,SEA_A__s9913__instance__severe,instance,severe,hddm_w,E1_fixed / immediate_unscreened,E3_filter / confirmed_screened_filter_oracle_blocks,cross_experiment,0.021201480419548613,0.017703349282296665,1.0,-1.0,,,33.333333333333336,87083.33333333333
SEA_A,SEA_A__s9913__instance__severe,instance,severe,hddm_w,E1_fixed / immediate_unscreened,E3_filter / confirmed_screened_filter_oracle_rows,cross_experiment,0.009576331610820832,0.006794258373205686,1.0,-0.18600052728710784,,,33.333333333333336,23866.666666666657
SEA_A,SEA_A__s9913__instance__severe,instance,severe,hddm_w,E1_fixed / immediate_unscreened,E3_filter / confirmed_screened_filter_random_blocks,cross_experiment,0.021201480419548724,0.017703349282296665,1.0,-1.0,,,33.333333333333336,87083.33333333333
SEA_A,SEA_A__s9913__instance__severe,instance,severe,hddm_w,E1_fixed / immediate_unscreened,E3_filter / confirmed_screened_filter_random_rows,cross_experiment,0.02368054419429788,0.01915789473684215,0.4411312849162011,-0.44592670709201165,,,26.666666666666668,14671.666666666657
SEA_A,SEA_A__s9913__instance__severe,instance,severe,hddm_w,E1_fixed / immediate_unscreened,E3_filter / none_screened_filter_learned_features,cross_experiment,0.024364571314933636,0.019444976076555043,0.20628491620111733,-0.20010545742156602,,,33.333333333333336,3951.666666666657
SEA_A,SEA_A__s9913__instance__severe,instance,severe,hddm_w,E1_fixed / immediate_unscreened,E3_filter / none_screened_filter_learned_features_label,cross_experiment,0.009410511680230327,0.0070239234449761545,0.711522346368715,-0.1701291853414184,,,33.333333333333336,19038.33333333333
SEA_A,SEA_A__s9913__instance__severe,instance,severe,hddm_w,E1_fixed / immediate_unscreened,E3_filter / none_screened_filter_none,cross_experiment,0.015451081284530543,0.012631578947368438,0.09462290502793291,-0.08950698655417876,,,33.333333333333336,0.0
SEA_A,SEA_A__s9913__instance__severe,instance,severe,hddm_w,E1_fixed / none_screened,E2_RL / RL_2state,cross_experiment,0.0,0.0,0.0,0.0,,,0.0,0.0
SEA_A,SEA_A__s9913__instance__severe,instance,severe,hddm_w,E1_fixed / none_screened,E2_RL / RL_4state,cross_experiment,0.0,0.0,0.0,0.0,,,0.0,0.0
SEA_A,SEA_A__s9913__instance__severe,instance,severe,hddm_w,E1_fixed / none_screened,E2_RL / confirmed_screened,cross_experiment,0.0,0.0,0.0,0.0,,,0.0,0.0
SEA_A,SEA_A__s9913__instance__severe,instance,severe,hddm_w,E1_fixed / none_screened,E2_RL / error_rule,cross_experiment,-0.0031925818770750514,-0.002679425837320615,0.18680167597765363,-0.17993672554706036,,,-8.333333333333334,0.0
SEA_A,SEA_A__s9913__instance__severe,instance,severe,hddm_w,E1_fixed / none_screened,E2_RL / none_screened,cross_experiment,0.0,0.0,0.0,0.0,,,0.0,0.0
SEA_A,SEA_A__s9913__instance__severe,instance,severe,hddm_w,E1_fixed / none_screened,E2_RL / selected_map,cross_experiment,-0.0031925818770750514,-0.002679425837320615,0.18680167597765363,-0.17993672554706036,,,-8.333333333333334,0.0
SEA_A,SEA_A__s9913__instance__severe,instance,severe,hddm_w,E1_fixed / none_screened,E3_filter / confirmed_screened_filter_learned_features,cross_experiment,0.0069920512405006185,0.005205741626794214,0.2171787709497207,-0.21465858159767992,,,-3.3333333333333335,-2078.3333333333285
SEA_A,SEA_A__s9913__instance__severe,instance,severe,hddm_w,E1_fixed / none_screened,E3_filter / confirmed_screened_filter_learned_features_label,cross_experiment,-0.006040569604300217,-0.005607655502392284,0.6168994413407822,-0.08062219878723965,,,0.0,19038.33333333333
SEA_A,SEA_A__s9913__instance__severe,instance,severe,hddm_w,E1_fixed / none_screened,E3_filter / confirmed_screened_filter_none,cross_experiment,0.0,0.0,0.0,0.0,,,0.0,0.0
SEA_A,SEA_A__s9913__instance__severe,instance,severe,hddm_w,E1_fixed / none_screened,E3_filter / confirmed_screened_filter_oracle_blocks,cross_experiment,0.005750399135018069,0.005071770334928227,0.9053770949720671,-0.9104930134458212,,,0.0,87083.33333333333
SEA_A,SEA_A__s9913__instance__severe,instance,severe,hddm_w,E1_fixed / none_screened,E3_filter / confirmed_screened_filter_oracle_rows,cross_experiment,-0.005874749673709712,-0.005837320574162752,0.9053770949720671,-0.09649354073292908,,,0.0,23866.666666666657
SEA_A,SEA_A__s9913__instance__severe,instance,severe,hddm_w,E1_fixed / none_screened,E3_filter / confirmed_screened_filter_random_blocks,cross_experiment,0.0057503991350181805,0.005071770334928227,0.9053770949720671,-0.9104930134458212,,,0.0,87083.33333333333
SEA_A,SEA_A__s9913__instance__severe,instance,severe,hddm_w,E1_fixed / none_screened,E3_filter / confirmed_screened_filter_random_rows,cross_experiment,0.008229462909767338,0.006526315789473713,0.3465083798882682,-0.3564197205378329,,,-6.666666666666667,14671.666666666657
SEA_A,SEA_A__s9913__instance__severe,instance,severe,hddm_w,E1_fixed / none_screened,E3_filter / none_screened_filter_learned_features,cross_experiment,0.008913490030403093,0.006813397129186605,0.11166201117318442,-0.11059847086738726,,,0.0,3951.666666666657
SEA_A,SEA_A__s9913__instance__severe,instance,severe,hddm_w,E1_fixed / none_screened,E3_filter / none_screened_filter_learned_features_label,cross_experiment,-0.006040569604300217,-0.005607655502392284,0.6168994413407822,-0.08062219878723965,,,0.0,19038.33333333333
SEA_A,SEA_A__s9913__instance__severe,instance,severe,hddm_w,E1_fixed / none_screened,E3_filter / none_screened_filter_none,cross_experiment,0.0,0.0,0.0,0.0,,,0.0,0.0
SEA_A,SEA_A__s9913__instance__severe,instance,severe,hddm_w,E1_fixed / none_unscreened,E2_RL / RL_2state,cross_experiment,0.007830747036542851,0.006794258373205797,0.09462290502793291,-0.08950698655417876,,,0.0,0.0
SEA_A,SEA_A__s9913__instance__severe,instance,severe,hddm_w,E1_fixed / none_unscreened,E2_RL / RL_4state,cross_experiment,0.007830747036542851,0.006794258373205797,0.09462290502793291,-0.08950698655417876,,,0.0,0.0
SEA_A,SEA_A__s9913__instance__severe,instance,severe,hddm_w,E1_fixed / none_unscreened,E2_RL / confirmed_screened,cross_experiment,0.007830747036542851,0.006794258373205797,0.09462290502793291,-0.08950698655417876,,,0.0,0.0
SEA_A,SEA_A__s9913__instance__severe,instance,severe,hddm_w,E1_fixed / none_unscreened,E2_RL / error_rule,cross_experiment,0.0046381651594678,0.004114832535885182,0.28142458100558654,-0.26944371210123913,,,-8.333333333333334,0.0
SEA_A,SEA_A__s9913__instance__severe,instance,severe,hddm_w,E1_fixed / none_unscreened,E2_RL / none_screened,cross_experiment,0.007830747036542851,0.006794258373205797,0.09462290502793291,-0.08950698655417876,,,0.0,0.0
SEA_A,SEA_A__s9913__instance__severe,instance,severe,hddm_w,E1_fixed / none_unscreened,E2_RL / selected_map,cross_experiment,0.0046381651594678,0.004114832535885182,0.28142458100558654,-0.26944371210123913,,,-8.333333333333334,0.0
SEA_A,SEA_A__s9913__instance__severe,instance,severe,hddm_w,E1_fixed / none_unscreened,E3_filter / confirmed_screened_filter_learned_features,cross_experiment,0.01482279827704347,0.01200000000000001,0.3118016759776536,-0.3041655681518587,,,-3.3333333333333335,-2078.3333333333285
SEA_A,SEA_A__s9913__instance__severe,instance,severe,hddm_w,E1_fixed / none_unscreened,E3_filter / confirmed_screened_filter_learned_features_label,cross_experiment,0.0017901774322426345,0.0011866028708135135,0.711522346368715,-0.1701291853414184,,,0.0,19038.33333333333
SEA_A,SEA_A__s9913__instance__severe,instance,severe,hddm_w,E1_fixed / none_unscreened,E3_filter / confirmed_screened_filter_none,cross_experiment,0.007830747036542851,0.006794258373205797,0.09462290502793291,-0.08950698655417876,,,0.0,0.0
SEA_A,SEA_A__s9913__instance__severe,instance,severe,hddm_w,E1_fixed / none_unscreened,E3_filter / confirmed_screened_filter_oracle_blocks,cross_experiment,0.01358114617156092,0.011866028708134024,1.0,-1.0,,,0.0,87083.33333333333
SEA_A,SEA_A__s9913__instance__severe,instance,severe,hddm_w,E1_fixed / none_unscreened,E3_filter / confirmed_screened_filter_oracle_rows,cross_experiment,0.0019559973628331395,0.000956937799043045,1.0,-0.18600052728710784,,,0.0,23866.666666666657
SEA_A,SEA_A__s9913__instance__severe,instance,severe,hddm_w,E1_fixed / none_unscreened,E3_filter / confirmed_screened_filter_random_blocks,cross_experiment,0.013581146171561032,0.011866028708134024,1.0,-1.0,,,0.0,87083.33333333333
SEA_A,SEA_A__s9913__instance__severe,instance,severe,hddm_w,E1_fixed / none_unscreened,E3_filter / confirmed_screened_filter_random_rows,cross_experiment,0.01606020994631019,0.01332057416267951,0.4411312849162011,-0.44592670709201165,,,-6.666666666666667,14671.666666666657
SEA_A,SEA_A__s9913__instance__severe,instance,severe,hddm_w,E1_fixed / none_unscreened,E3_filter / none_screened_filter_learned_features,cross_experiment,0.016744237066945944,0.013607655502392402,0.20628491620111733,-0.20010545742156602,,,0.0,3951.666666666657
SEA_A,SEA_A__s9913__instance__severe,instance,severe,hddm_w,E1_fixed / none_unscreened,E3_filter / none_screened_filter_learned_features_label,cross_experiment,0.0017901774322426345,0.0011866028708135135,0.711522346368715,-0.1701291853414184,,,0.0,19038.33333333333
SEA_A,SEA_A__s9913__instance__severe,instance,severe,hddm_w,E1_fixed / none_unscreened,E3_filter / none_screened_filter_none,cross_experiment,0.007830747036542851,0.006794258373205797,0.09462290502793291,-0.08950698655417876,,,0.0,0.0
SEA_A,SEA_A__s9913__instance__severe,instance,severe,hddm_w,E2_RL / RL_2state,E3_filter / confirmed_screened_filter_learned_features,cross_experiment,0.0069920512405006185,0.005205741626794214,0.2171787709497207,-0.21465858159767992,,,-3.3333333333333335,-2078.3333333333285
SEA_A,SEA_A__s9913__instance__severe,instance,severe,hddm_w,E2_RL / RL_2state,E3_filter / confirmed_screened_filter_learned_features_label,cross_experiment,-0.006040569604300217,-0.005607655502392284,0.6168994413407822,-0.08062219878723965,,,0.0,19038.33333333333
SEA_A,SEA_A__s9913__instance__severe,instance,severe,hddm_w,E2_RL / RL_2state,E3_filter / confirmed_screened_filter_none,cross_experiment,0.0,0.0,0.0,0.0,,,0.0,0.0
SEA_A,SEA_A__s9913__instance__severe,instance,severe,hddm_w,E2_RL / RL_2state,E3_filter / confirmed_screened_filter_oracle_blocks,cross_experiment,0.005750399135018069,0.005071770334928227,0.9053770949720671,-0.9104930134458212,,,0.0,87083.33333333333
SEA_A,SEA_A__s9913__instance__severe,instance,severe,hddm_w,E2_RL / RL_2state,E3_filter / confirmed_screened_filter_oracle_rows,cross_experiment,-0.005874749673709712,-0.005837320574162752,0.9053770949720671,-0.09649354073292908,,,0.0,23866.666666666657
SEA_A,SEA_A__s9913__instance__severe,instance,severe,hddm_w,E2_RL / RL_2state,E3_filter / confirmed_screened_filter_random_blocks,cross_experiment,0.0057503991350181805,0.005071770334928227,0.9053770949720671,-0.9104930134458212,,,0.0,87083.33333333333
SEA_A,SEA_A__s9913__instance__severe,instance,severe,hddm_w,E2_RL / RL_2state,E3_filter / confirmed_screened_filter_random_rows,cross_experiment,0.008229462909767338,0.006526315789473713,0.3465083798882682,-0.3564197205378329,,,-6.666666666666667,14671.666666666657
SEA_A,SEA_A__s9913__instance__severe,instance,severe,hddm_w,E2_RL / RL_2state,E3_filter / none_screened_filter_learned_features,cross_experiment,0.008913490030403093,0.006813397129186605,0.11166201117318442,-0.11059847086738726,,,0.0,3951.666666666657
SEA_A,SEA_A__s9913__instance__severe,instance,severe,hddm_w,E2_RL / RL_2state,E3_filter / none_screened_filter_learned_features_label,cross_experiment,-0.006040569604300217,-0.005607655502392284,0.6168994413407822,-0.08062219878723965,,,0.0,19038.33333333333
SEA_A,SEA_A__s9913__instance__severe,instance,severe,hddm_w,E2_RL / RL_2state,E3_filter / none_screened_filter_none,cross_experiment,0.0,0.0,0.0,0.0,,,0.0,0.0
SEA_A,SEA_A__s9913__instance__severe,instance,severe,hddm_w,E2_RL / RL_4state,E3_filter / confirmed_screened_filter_learned_features,cross_experiment,0.0069920512405006185,0.005205741626794214,0.2171787709497207,-0.21465858159767992,,,-3.3333333333333335,-2078.3333333333285
SEA_A,SEA_A__s9913__instance__severe,instance,severe,hddm_w,E2_RL / RL_4state,E3_filter / confirmed_screened_filter_learned_features_label,cross_experiment,-0.006040569604300217,-0.005607655502392284,0.6168994413407822,-0.08062219878723965,,,0.0,19038.33333333333
SEA_A,SEA_A__s9913__instance__severe,instance,severe,hddm_w,E2_RL / RL_4state,E3_filter / confirmed_screened_filter_none,cross_experiment,0.0,0.0,0.0,0.0,,,0.0,0.0
SEA_A,SEA_A__s9913__instance__severe,instance,severe,hddm_w,E2_RL / RL_4state,E3_filter / confirmed_screened_filter_oracle_blocks,cross_experiment,0.005750399135018069,0.005071770334928227,0.9053770949720671,-0.9104930134458212,,,0.0,87083.33333333333
SEA_A,SEA_A__s9913__instance__severe,instance,severe,hddm_w,E2_RL / RL_4state,E3_filter / confirmed_screened_filter_oracle_rows,cross_experiment,-0.005874749673709712,-0.005837320574162752,0.9053770949720671,-0.09649354073292908,,,0.0,23866.666666666657
SEA_A,SEA_A__s9913__instance__severe,instance,severe,hddm_w,E2_RL / RL_4state,E3_filter / confirmed_screened_filter_random_blocks,cross_experiment,0.0057503991350181805,0.005071770334928227,0.9053770949720671,-0.9104930134458212,,,0.0,87083.33333333333
SEA_A,SEA_A__s9913__instance__severe,instance,severe,hddm_w,E2_RL / RL_4state,E3_filter / confirmed_screened_filter_random_rows,cross_experiment,0.008229462909767338,0.006526315789473713,0.3465083798882682,-0.3564197205378329,,,-6.666666666666667,14671.666666666657
SEA_A,SEA_A__s9913__instance__severe,instance,severe,hddm_w,E2_RL / RL_4state,E3_filter / none_screened_filter_learned_features,cross_experiment,0.008913490030403093,0.006813397129186605,0.11166201117318442,-0.11059847086738726,,,0.0,3951.666666666657
SEA_A,SEA_A__s9913__instance__severe,instance,severe,hddm_w,E2_RL / RL_4state,E3_filter / none_screened_filter_learned_features_label,cross_experiment,-0.006040569604300217,-0.005607655502392284,0.6168994413407822,-0.08062219878723965,,,0.0,19038.33333333333
SEA_A,SEA_A__s9913__instance__severe,instance,severe,hddm_w,E2_RL / RL_4state,E3_filter / none_screened_filter_none,cross_experiment,0.0,0.0,0.0,0.0,,,0.0,0.0
SEA_A,SEA_A__s9913__instance__severe,instance,severe,hddm_w,E2_RL / confirmed_screened,E3_filter / confirmed_screened_filter_learned_features,cross_experiment,0.0069920512405006185,0.005205741626794214,0.2171787709497207,-0.21465858159767992,,,-3.3333333333333335,-2078.3333333333285
SEA_A,SEA_A__s9913__instance__severe,instance,severe,hddm_w,E2_RL / confirmed_screened,E3_filter / confirmed_screened_filter_learned_features_label,cross_experiment,-0.006040569604300217,-0.005607655502392284,0.6168994413407822,-0.08062219878723965,,,0.0,19038.33333333333
SEA_A,SEA_A__s9913__instance__severe,instance,severe,hddm_w,E2_RL / confirmed_screened,E3_filter / confirmed_screened_filter_none,cross_experiment,0.0,0.0,0.0,0.0,,,0.0,0.0
SEA_A,SEA_A__s9913__instance__severe,instance,severe,hddm_w,E2_RL / confirmed_screened,E3_filter / confirmed_screened_filter_oracle_blocks,cross_experiment,0.005750399135018069,0.005071770334928227,0.9053770949720671,-0.9104930134458212,,,0.0,87083.33333333333
SEA_A,SEA_A__s9913__instance__severe,instance,severe,hddm_w,E2_RL / confirmed_screened,E3_filter / confirmed_screened_filter_oracle_rows,cross_experiment,-0.005874749673709712,-0.005837320574162752,0.9053770949720671,-0.09649354073292908,,,0.0,23866.666666666657
SEA_A,SEA_A__s9913__instance__severe,instance,severe,hddm_w,E2_RL / confirmed_screened,E3_filter / confirmed_screened_filter_random_blocks,cross_experiment,0.0057503991350181805,0.005071770334928227,0.9053770949720671,-0.9104930134458212,,,0.0,87083.33333333333
SEA_A,SEA_A__s9913__instance__severe,instance,severe,hddm_w,E2_RL / confirmed_screened,E3_filter / confirmed_screened_filter_random_rows,cross_experiment,0.008229462909767338,0.006526315789473713,0.3465083798882682,-0.3564197205378329,,,-6.666666666666667,14671.666666666657
SEA_A,SEA_A__s9913__instance__severe,instance,severe,hddm_w,E2_RL / confirmed_screened,E3_filter / none_screened_filter_learned_features,cross_experiment,0.008913490030403093,0.006813397129186605,0.11166201117318442,-0.11059847086738726,,,0.0,3951.666666666657
SEA_A,SEA_A__s9913__instance__severe,instance,severe,hddm_w,E2_RL / confirmed_screened,E3_filter / none_screened_filter_learned_features_label,cross_experiment,-0.006040569604300217,-0.005607655502392284,0.6168994413407822,-0.08062219878723965,,,0.0,19038.33333333333
SEA_A,SEA_A__s9913__instance__severe,instance,severe,hddm_w,E2_RL / confirmed_screened,E3_filter / none_screened_filter_none,cross_experiment,0.0,0.0,0.0,0.0,,,0.0,0.0
SEA_A,SEA_A__s9913__instance__severe,instance,severe,hddm_w,E2_RL / error_rule,E3_filter / confirmed_screened_filter_learned_features,cross_experiment,0.01018463311757567,0.007885167464114828,0.030377094972067087,-0.03472185605061956,,,5.0,-2078.3333333333285
SEA_A,SEA_A__s9913__instance__severe,instance,severe,hddm_w,E2_RL / error_rule,E3_filter / confirmed_screened_filter_learned_features_label,cross_experiment,-0.0028479877272251652,-0.002928229665071669,0.43009776536312855,0.09931452675982072,,,8.333333333333334,19038.33333333333
SEA_A,SEA_A__s9913__instance__severe,instance,severe,hddm_w,E2_RL / error_rule,E3_filter / confirmed_screened_filter_none,cross_experiment,0.0031925818770750514,0.002679425837320615,-0.18680167597765363,0.17993672554706036,,,8.333333333333334,0.0
SEA_A,SEA_A__s9913__instance__severe,instance,severe,hddm_w,E2_RL / error_rule,E3_filter / confirmed_screened_filter_oracle_blocks,cross_experiment,0.00894298101209312,0.007751196172248842,0.7185754189944135,-0.7305562878987608,,,8.333333333333334,87083.33333333333
SEA_A,SEA_A__s9913__instance__severe,instance,severe,hddm_w,E2_RL / error_rule,E3_filter / confirmed_screened_filter_oracle_rows,cross_experiment,-0.00268216779663466,-0.0031578947368421373,0.7185754189944135,0.0834431848141313,,,8.333333333333334,23866.666666666657
SEA_A,SEA_A__s9913__instance__severe,instance,severe,hddm_w,E2_RL / error_rule,E3_filter / confirmed_screened_filter_random_blocks,cross_experiment,0.008942981012093232,0.007751196172248842,0.7185754189944135,-0.7305562878987608,,,8.333333333333334,87083.33333333333
SEA_A,SEA_A__s9913__instance__severe,instance,severe,hddm_w,E2_RL / error_rule,E3_filter / confirmed_screened_filter_random_rows,cross_experiment,0.011422044786842389,0.009205741626794328,0.1597067039106146,-0.17648299499077252,,,1.666666666666667,14671.666666666657
SEA_A,SEA_A__s9913__instance__severe,instance,severe,hddm_w,E2_RL / error_rule,E3_filter / none_screened_filter_learned_features,cross_experiment,0.012106071907478144,0.00949282296650722,-0.07513966480446921,0.06933825467967311,,,8.333333333333334,3951.666666666657
SEA_A,SEA_A__s9913__instance__severe,instance,severe,hddm_w,E2_RL / error_rule,E3_filter / none_screened_filter_learned_features_label,cross_experiment,-0.0028479877272251652,-0.002928229665071669,0.43009776536312855,0.09931452675982072,,,8.333333333333334,19038.33333333333
SEA_A,SEA_A__s9913__instance__severe,instance,severe,hddm_w,E2_RL / error_rule,E3_filter / none_screened_filter_none,cross_experiment,0.0031925818770750514,0.002679425837320615,-0.18680167597765363,0.17993672554706036,,,8.333333333333334,0.0
SEA_A,SEA_A__s9913__instance__severe,instance,severe,hddm_w,E2_RL / none_screened,E3_filter / confirmed_screened_filter_learned_features,cross_experiment,0.0069920512405006185,0.005205741626794214,0.2171787709497207,-0.21465858159767992,,,-3.3333333333333335,-2078.3333333333285
SEA_A,SEA_A__s9913__instance__severe,instance,severe,hddm_w,E2_RL / none_screened,E3_filter / confirmed_screened_filter_learned_features_label,cross_experiment,-0.006040569604300217,-0.005607655502392284,0.6168994413407822,-0.08062219878723965,,,0.0,19038.33333333333
SEA_A,SEA_A__s9913__instance__severe,instance,severe,hddm_w,E2_RL / none_screened,E3_filter / confirmed_screened_filter_none,cross_experiment,0.0,0.0,0.0,0.0,,,0.0,0.0
SEA_A,SEA_A__s9913__instance__severe,instance,severe,hddm_w,E2_RL / none_screened,E3_filter / confirmed_screened_filter_oracle_blocks,cross_experiment,0.005750399135018069,0.005071770334928227,0.9053770949720671,-0.9104930134458212,,,0.0,87083.33333333333
SEA_A,SEA_A__s9913__instance__severe,instance,severe,hddm_w,E2_RL / none_screened,E3_filter / confirmed_screened_filter_oracle_rows,cross_experiment,-0.005874749673709712,-0.005837320574162752,0.9053770949720671,-0.09649354073292908,,,0.0,23866.666666666657
SEA_A,SEA_A__s9913__instance__severe,instance,severe,hddm_w,E2_RL / none_screened,E3_filter / confirmed_screened_filter_random_blocks,cross_experiment,0.0057503991350181805,0.005071770334928227,0.9053770949720671,-0.9104930134458212,,,0.0,87083.33333333333
SEA_A,SEA_A__s9913__instance__severe,instance,severe,hddm_w,E2_RL / none_screened,E3_filter / confirmed_screened_filter_random_rows,cross_experiment,0.008229462909767338,0.006526315789473713,0.3465083798882682,-0.3564197205378329,,,-6.666666666666667,14671.666666666657
SEA_A,SEA_A__s9913__instance__severe,instance,severe,hddm_w,E2_RL / none_screened,E3_filter / none_screened_filter_learned_features,cross_experiment,0.008913490030403093,0.006813397129186605,0.11166201117318442,-0.11059847086738726,,,0.0,3951.666666666657
SEA_A,SEA_A__s9913__instance__severe,instance,severe,hddm_w,E2_RL / none_screened,E3_filter / none_screened_filter_learned_features_label,cross_experiment,-0.006040569604300217,-0.005607655502392284,0.6168994413407822,-0.08062219878723965,,,0.0,19038.33333333333
SEA_A,SEA_A__s9913__instance__severe,instance,severe,hddm_w,E2_RL / none_screened,E3_filter / none_screened_filter_none,cross_experiment,0.0,0.0,0.0,0.0,,,0.0,0.0
SEA_A,SEA_A__s9913__instance__severe,instance,severe,hddm_w,E2_RL / selected_map,E3_filter / confirmed_screened_filter_learned_features,cross_experiment,0.01018463311757567,0.007885167464114828,0.030377094972067087,-0.03472185605061956,,,5.0,-2078.3333333333285
SEA_A,SEA_A__s9913__instance__severe,instance,severe,hddm_w,E2_RL / selected_map,E3_filter / confirmed_screened_filter_learned_features_label,cross_experiment,-0.0028479877272251652,-0.002928229665071669,0.43009776536312855,0.09931452675982072,,,8.333333333333334,19038.33333333333
SEA_A,SEA_A__s9913__instance__severe,instance,severe,hddm_w,E2_RL / selected_map,E3_filter / confirmed_screened_filter_none,cross_experiment,0.0031925818770750514,0.002679425837320615,-0.18680167597765363,0.17993672554706036,,,8.333333333333334,0.0
SEA_A,SEA_A__s9913__instance__severe,instance,severe,hddm_w,E2_RL / selected_map,E3_filter / confirmed_screened_filter_oracle_blocks,cross_experiment,0.00894298101209312,0.007751196172248842,0.7185754189944135,-0.7305562878987608,,,8.333333333333334,87083.33333333333
SEA_A,SEA_A__s9913__instance__severe,instance,severe,hddm_w,E2_RL / selected_map,E3_filter / confirmed_screened_filter_oracle_rows,cross_experiment,-0.00268216779663466,-0.0031578947368421373,0.7185754189944135,0.0834431848141313,,,8.333333333333334,23866.666666666657
SEA_A,SEA_A__s9913__instance__severe,instance,severe,hddm_w,E2_RL / selected_map,E3_filter / confirmed_screened_filter_random_blocks,cross_experiment,0.008942981012093232,0.007751196172248842,0.7185754189944135,-0.7305562878987608,,,8.333333333333334,87083.33333333333
SEA_A,SEA_A__s9913__instance__severe,instance,severe,hddm_w,E2_RL / selected_map,E3_filter / confirmed_screened_filter_random_rows,cross_experiment,0.011422044786842389,0.009205741626794328,0.1597067039106146,-0.17648299499077252,,,1.666666666666667,14671.666666666657
SEA_A,SEA_A__s9913__instance__severe,instance,severe,hddm_w,E2_RL / selected_map,E3_filter / none_screened_filter_learned_features,cross_experiment,0.012106071907478144,0.00949282296650722,-0.07513966480446921,0.06933825467967311,,,8.333333333333334,3951.666666666657
SEA_A,SEA_A__s9913__instance__severe,instance,severe,hddm_w,E2_RL / selected_map,E3_filter / none_screened_filter_learned_features_label,cross_experiment,-0.0028479877272251652,-0.002928229665071669,0.43009776536312855,0.09931452675982072,,,8.333333333333334,19038.33333333333
SEA_A,SEA_A__s9913__instance__severe,instance,severe,hddm_w,E2_RL / selected_map,E3_filter / none_screened_filter_none,cross_experiment,0.0031925818770750514,0.002679425837320615,-0.18680167597765363,0.17993672554706036,,,8.333333333333334,0.0
SEA_A,SEA_A__s9913__instance__severe,instance,severe,hellinger,E1_fixed / confirmed_screened,E2_RL / RL_2state,cross_experiment,0.0,0.0,0.0,0.0,,,0.0,0.0
SEA_A,SEA_A__s9913__instance__severe,instance,severe,hellinger,E1_fixed / confirmed_screened,E2_RL / RL_4state,cross_experiment,0.0,0.0,0.0,0.0,,,0.0,0.0
SEA_A,SEA_A__s9913__instance__severe,instance,severe,hellinger,E1_fixed / confirmed_screened,E2_RL / confirmed_screened,cross_experiment,0.0,0.0,0.0,0.0,,,0.0,0.0
SEA_A,SEA_A__s9913__instance__severe,instance,severe,hellinger,E1_fixed / confirmed_screened,E2_RL / error_rule,cross_experiment,-0.0031925818770750514,-0.002679425837320615,0.18680167597765363,-0.17993672554706036,,,-8.333333333333334,0.0
SEA_A,SEA_A__s9913__instance__severe,instance,severe,hellinger,E1_fixed / confirmed_screened,E2_RL / none_screened,cross_experiment,0.0,0.0,0.0,0.0,,,0.0,0.0
SEA_A,SEA_A__s9913__instance__severe,instance,severe,hellinger,E1_fixed / confirmed_screened,E2_RL / selected_map,cross_experiment,0.0,0.0,0.0,0.0,,,0.0,0.0
SEA_A,SEA_A__s9913__instance__severe,instance,severe,hellinger,E1_fixed / confirmed_screened,E3_filter / confirmed_screened_filter_learned_features,cross_experiment,0.008913490030403093,0.006813397129186605,0.11166201117318442,-0.11059847086738726,,,0.0,3951.666666666657
SEA_A,SEA_A__s9913__instance__severe,instance,severe,hellinger,E1_fixed / confirmed_screened,E3_filter / confirmed_screened_filter_learned_features_label,cross_experiment,-0.006040569604300217,-0.005607655502392284,0.6168994413407822,-0.08062219878723965,,,0.0,19038.33333333333
SEA_A,SEA_A__s9913__instance__severe,instance,severe,hellinger,E1_fixed / confirmed_screened,E3_filter / confirmed_screened_filter_none,cross_experiment,0.0,0.0,0.0,0.0,,,0.0,0.0
SEA_A,SEA_A__s9913__instance__severe,instance,severe,hellinger,E1_fixed / confirmed_screened,E3_filter / confirmed_screened_filter_oracle_blocks,cross_experiment,0.005750399135018069,0.005071770334928227,0.9053770949720671,-0.9104930134458212,,,0.0,87083.33333333333
SEA_A,SEA_A__s9913__instance__severe,instance,severe,hellinger,E1_fixed / confirmed_screened,E3_filter / confirmed_screened_filter_oracle_rows,cross_experiment,-0.005874749673709712,-0.005837320574162752,0.9053770949720671,-0.09649354073292908,,,0.0,23866.666666666657
SEA_A,SEA_A__s9913__instance__severe,instance,severe,hellinger,E1_fixed / confirmed_screened,E3_filter / confirmed_screened_filter_random_blocks,cross_experiment,0.0057503991350181805,0.005071770334928227,0.9053770949720671,-0.9104930134458212,,,0.0,87083.33333333333
SEA_A,SEA_A__s9913__instance__severe,instance,severe,hellinger,E1_fixed / confirmed_screened,E3_filter / confirmed_screened_filter_random_rows,cross_experiment,0.017086112899200367,0.013550239234449757,0.36005586592178773,-0.36920643290271554,,,-1.6666666666666667,21553.33333333333
SEA_A,SEA_A__s9913__instance__severe,instance,severe,hellinger,E1_fixed / confirmed_screened,E3_filter / none_screened_filter_learned_features,cross_experiment,0.008913490030403093,0.006813397129186605,0.11166201117318442,-0.11059847086738726,,,0.0,3951.666666666657
SEA_A,SEA_A__s9913__instance__severe,instance,severe,hellinger,E1_fixed / confirmed_screened,E3_filter / none_screened_filter_learned_features_label,cross_experiment,-0.006040569604300217,-0.005607655502392284,0.6168994413407822,-0.08062219878723965,,,0.0,19038.33333333333
SEA_A,SEA_A__s9913__instance__severe,instance,severe,hellinger,E1_fixed / confirmed_screened,E3_filter / none_screened_filter_none,cross_experiment,0.0,0.0,0.0,0.0,,,0.0,0.0
SEA_A,SEA_A__s9913__instance__severe,instance,severe,hellinger,E1_fixed / confirmed_unscreened,E2_RL / RL_2state,cross_experiment,0.007830747036542851,0.006794258373205797,0.09462290502793291,-0.08950698655417876,,,0.0,0.0
SEA_A,SEA_A__s9913__instance__severe,instance,severe,hellinger,E1_fixed / confirmed_unscreened,E2_RL / RL_4state,cross_experiment,0.007830747036542851,0.006794258373205797,0.09462290502793291,-0.08950698655417876,,,0.0,0.0
SEA_A,SEA_A__s9913__instance__severe,instance,severe,hellinger,E1_fixed / confirmed_unscreened,E2_RL / confirmed_screened,cross_experiment,0.007830747036542851,0.006794258373205797,0.09462290502793291,-0.08950698655417876,,,0.0,0.0
SEA_A,SEA_A__s9913__instance__severe,instance,severe,hellinger,E1_fixed / confirmed_unscreened,E2_RL / error_rule,cross_experiment,0.0046381651594678,0.004114832535885182,0.28142458100558654,-0.26944371210123913,,,-8.333333333333334,0.0
SEA_A,SEA_A__s9913__instance__severe,instance,severe,hellinger,E1_fixed / confirmed_unscreened,E2_RL / none_screened,cross_experiment,0.007830747036542851,0.006794258373205797,0.09462290502793291,-0.08950698655417876,,,0.0,0.0
SEA_A,SEA_A__s9913__instance__severe,instance,severe,hellinger,E1_fixed / confirmed_unscreened,E2_RL / selected_map,cross_experiment,0.007830747036542851,0.006794258373205797,0.09462290502793291,-0.08950698655417876,,,0.0,0.0
SEA_A,SEA_A__s9913__instance__severe,instance,severe,hellinger,E1_fixed / confirmed_unscreened,E3_filter / confirmed_screened_filter_learned_features,cross_experiment,0.016744237066945944,0.013607655502392402,0.20628491620111733,-0.20010545742156602,,,0.0,3951.666666666657
SEA_A,SEA_A__s9913__instance__severe,instance,severe,hellinger,E1_fixed / confirmed_unscreened,E3_filter / confirmed_screened_filter_learned_features_label,cross_experiment,0.0017901774322426345,0.0011866028708135135,0.711522346368715,-0.1701291853414184,,,0.0,19038.33333333333
SEA_A,SEA_A__s9913__instance__severe,instance,severe,hellinger,E1_fixed / confirmed_unscreened,E3_filter / confirmed_screened_filter_none,cross_experiment,0.007830747036542851,0.006794258373205797,0.09462290502793291,-0.08950698655417876,,,0.0,0.0
SEA_A,SEA_A__s9913__instance__severe,instance,severe,hellinger,E1_fixed / confirmed_unscreened,E3_filter / confirmed_screened_filter_oracle_blocks,cross_experiment,0.01358114617156092,0.011866028708134024,1.0,-1.0,,,0.0,87083.33333333333
SEA_A,SEA_A__s9913__instance__severe,instance,severe,hellinger,E1_fixed / confirmed_unscreened,E3_filter / confirmed_screened_filter_oracle_rows,cross_experiment,0.0019559973628331395,0.000956937799043045,1.0,-0.18600052728710784,,,0.0,23866.666666666657
SEA_A,SEA_A__s9913__instance__severe,instance,severe,hellinger,E1_fixed / confirmed_unscreened,E3_filter / confirmed_screened_filter_random_blocks,cross_experiment,0.013581146171561032,0.011866028708134024,1.0,-1.0,,,0.0,87083.33333333333
SEA_A,SEA_A__s9913__instance__severe,instance,severe,hellinger,E1_fixed / confirmed_unscreened,E3_filter / confirmed_screened_filter_random_rows,cross_experiment,0.02491685993574322,0.020344497607655554,0.45467877094972065,-0.4587134194568943,,,-1.6666666666666667,21553.33333333333
SEA_A,SEA_A__s9913__instance__severe,instance,severe,hellinger,E1_fixed / confirmed_unscreened,E3_filter / none_screened_filter_learned_features,cross_experiment,0.016744237066945944,0.013607655502392402,0.20628491620111733,-0.20010545742156602,,,0.0,3951.666666666657
SEA_A,SEA_A__s9913__instance__severe,instance,severe,hellinger,E1_fixed / confirmed_unscreened,E3_filter / none_screened_filter_learned_features_label,cross_experiment,0.0017901774322426345,0.0011866028708135135,0.711522346368715,-0.1701291853414184,,,0.0,19038.33333333333
SEA_A,SEA_A__s9913__instance__severe,instance,severe,hellinger,E1_fixed / confirmed_unscreened,E3_filter / none_screened_filter_none,cross_experiment,0.007830747036542851,0.006794258373205797,0.09462290502793291,-0.08950698655417876,,,0.0,0.0
SEA_A,SEA_A__s9913__instance__severe,instance,severe,hellinger,E1_fixed / immediate_screened,E2_RL / RL_2state,cross_experiment,0.0,0.0,0.0,0.0,,,0.0,0.0
SEA_A,SEA_A__s9913__instance__severe,instance,severe,hellinger,E1_fixed / immediate_screened,E2_RL / RL_4state,cross_experiment,0.0,0.0,0.0,0.0,,,0.0,0.0
SEA_A,SEA_A__s9913__instance__severe,instance,severe,hellinger,E1_fixed / immediate_screened,E2_RL / confirmed_screened,cross_experiment,0.0,0.0,0.0,0.0,,,0.0,0.0
SEA_A,SEA_A__s9913__instance__severe,instance,severe,hellinger,E1_fixed / immediate_screened,E2_RL / error_rule,cross_experiment,-0.0031925818770750514,-0.002679425837320615,0.18680167597765363,-0.17993672554706036,,,-8.333333333333334,0.0
SEA_A,SEA_A__s9913__instance__severe,instance,severe,hellinger,E1_fixed / immediate_screened,E2_RL / none_screened,cross_experiment,0.0,0.0,0.0,0.0,,,0.0,0.0
SEA_A,SEA_A__s9913__instance__severe,instance,severe,hellinger,E1_fixed / immediate_screened,E2_RL / selected_map,cross_experiment,0.0,0.0,0.0,0.0,,,0.0,0.0
SEA_A,SEA_A__s9913__instance__severe,instance,severe,hellinger,E1_fixed / immediate_screened,E3_filter / confirmed_screened_filter_learned_features,cross_experiment,0.008913490030403093,0.006813397129186605,0.11166201117318442,-0.11059847086738726,,,0.0,3951.666666666657
SEA_A,SEA_A__s9913__instance__severe,instance,severe,hellinger,E1_fixed / immediate_screened,E3_filter / confirmed_screened_filter_learned_features_label,cross_experiment,-0.006040569604300217,-0.005607655502392284,0.6168994413407822,-0.08062219878723965,,,0.0,19038.33333333333
SEA_A,SEA_A__s9913__instance__severe,instance,severe,hellinger,E1_fixed / immediate_screened,E3_filter / confirmed_screened_filter_none,cross_experiment,0.0,0.0,0.0,0.0,,,0.0,0.0
SEA_A,SEA_A__s9913__instance__severe,instance,severe,hellinger,E1_fixed / immediate_screened,E3_filter / confirmed_screened_filter_oracle_blocks,cross_experiment,0.005750399135018069,0.005071770334928227,0.9053770949720671,-0.9104930134458212,,,0.0,87083.33333333333
SEA_A,SEA_A__s9913__instance__severe,instance,severe,hellinger,E1_fixed / immediate_screened,E3_filter / confirmed_screened_filter_oracle_rows,cross_experiment,-0.005874749673709712,-0.005837320574162752,0.9053770949720671,-0.09649354073292908,,,0.0,23866.666666666657
SEA_A,SEA_A__s9913__instance__severe,instance,severe,hellinger,E1_fixed / immediate_screened,E3_filter / confirmed_screened_filter_random_blocks,cross_experiment,0.0057503991350181805,0.005071770334928227,0.9053770949720671,-0.9104930134458212,,,0.0,87083.33333333333
SEA_A,SEA_A__s9913__instance__severe,instance,severe,hellinger,E1_fixed / immediate_screened,E3_filter / confirmed_screened_filter_random_rows,cross_experiment,0.017086112899200367,0.013550239234449757,0.36005586592178773,-0.36920643290271554,,,-1.6666666666666667,21553.33333333333
SEA_A,SEA_A__s9913__instance__severe,instance,severe,hellinger,E1_fixed / immediate_screened,E3_filter / none_screened_filter_learned_features,cross_experiment,0.008913490030403093,0.006813397129186605,0.11166201117318442,-0.11059847086738726,,,0.0,3951.666666666657
SEA_A,SEA_A__s9913__instance__severe,instance,severe,hellinger,E1_fixed / immediate_screened,E3_filter / none_screened_filter_learned_features_label,cross_experiment,-0.006040569604300217,-0.005607655502392284,0.6168994413407822,-0.08062219878723965,,,0.0,19038.33333333333
SEA_A,SEA_A__s9913__instance__severe,instance,severe,hellinger,E1_fixed / immediate_screened,E3_filter / none_screened_filter_none,cross_experiment,0.0,0.0,0.0,0.0,,,0.0,0.0
SEA_A,SEA_A__s9913__instance__severe,instance,severe,hellinger,E1_fixed / immediate_unscreened,E2_RL / RL_2state,cross_experiment,0.007830747036542851,0.006794258373205797,0.09462290502793291,-0.08950698655417876,,,0.0,0.0
SEA_A,SEA_A__s9913__instance__severe,instance,severe,hellinger,E1_fixed / immediate_unscreened,E2_RL / RL_4state,cross_experiment,0.007830747036542851,0.006794258373205797,0.09462290502793291,-0.08950698655417876,,,0.0,0.0
SEA_A,SEA_A__s9913__instance__severe,instance,severe,hellinger,E1_fixed / immediate_unscreened,E2_RL / confirmed_screened,cross_experiment,0.007830747036542851,0.006794258373205797,0.09462290502793291,-0.08950698655417876,,,0.0,0.0
SEA_A,SEA_A__s9913__instance__severe,instance,severe,hellinger,E1_fixed / immediate_unscreened,E2_RL / error_rule,cross_experiment,0.0046381651594678,0.004114832535885182,0.28142458100558654,-0.26944371210123913,,,-8.333333333333334,0.0
SEA_A,SEA_A__s9913__instance__severe,instance,severe,hellinger,E1_fixed / immediate_unscreened,E2_RL / none_screened,cross_experiment,0.007830747036542851,0.006794258373205797,0.09462290502793291,-0.08950698655417876,,,0.0,0.0
SEA_A,SEA_A__s9913__instance__severe,instance,severe,hellinger,E1_fixed / immediate_unscreened,E2_RL / selected_map,cross_experiment,0.007830747036542851,0.006794258373205797,0.09462290502793291,-0.08950698655417876,,,0.0,0.0
SEA_A,SEA_A__s9913__instance__severe,instance,severe,hellinger,E1_fixed / immediate_unscreened,E3_filter / confirmed_screened_filter_learned_features,cross_experiment,0.016744237066945944,0.013607655502392402,0.20628491620111733,-0.20010545742156602,,,0.0,3951.666666666657
SEA_A,SEA_A__s9913__instance__severe,instance,severe,hellinger,E1_fixed / immediate_unscreened,E3_filter / confirmed_screened_filter_learned_features_label,cross_experiment,0.0017901774322426345,0.0011866028708135135,0.711522346368715,-0.1701291853414184,,,0.0,19038.33333333333
SEA_A,SEA_A__s9913__instance__severe,instance,severe,hellinger,E1_fixed / immediate_unscreened,E3_filter / confirmed_screened_filter_none,cross_experiment,0.007830747036542851,0.006794258373205797,0.09462290502793291,-0.08950698655417876,,,0.0,0.0
SEA_A,SEA_A__s9913__instance__severe,instance,severe,hellinger,E1_fixed / immediate_unscreened,E3_filter / confirmed_screened_filter_oracle_blocks,cross_experiment,0.01358114617156092,0.011866028708134024,1.0,-1.0,,,0.0,87083.33333333333
SEA_A,SEA_A__s9913__instance__severe,instance,severe,hellinger,E1_fixed / immediate_unscreened,E3_filter / confirmed_screened_filter_oracle_rows,cross_experiment,0.0019559973628331395,0.000956937799043045,1.0,-0.18600052728710784,,,0.0,23866.666666666657
SEA_A,SEA_A__s9913__instance__severe,instance,severe,hellinger,E1_fixed / immediate_unscreened,E3_filter / confirmed_screened_filter_random_blocks,cross_experiment,0.013581146171561032,0.011866028708134024,1.0,-1.0,,,0.0,87083.33333333333
SEA_A,SEA_A__s9913__instance__severe,instance,severe,hellinger,E1_fixed / immediate_unscreened,E3_filter / confirmed_screened_filter_random_rows,cross_experiment,0.02491685993574322,0.020344497607655554,0.45467877094972065,-0.4587134194568943,,,-1.6666666666666667,21553.33333333333
SEA_A,SEA_A__s9913__instance__severe,instance,severe,hellinger,E1_fixed / immediate_unscreened,E3_filter / none_screened_filter_learned_features,cross_experiment,0.016744237066945944,0.013607655502392402,0.20628491620111733,-0.20010545742156602,,,0.0,3951.666666666657
SEA_A,SEA_A__s9913__instance__severe,instance,severe,hellinger,E1_fixed / immediate_unscreened,E3_filter / none_screened_filter_learned_features_label,cross_experiment,0.0017901774322426345,0.0011866028708135135,0.711522346368715,-0.1701291853414184,,,0.0,19038.33333333333
SEA_A,SEA_A__s9913__instance__severe,instance,severe,hellinger,E1_fixed / immediate_unscreened,E3_filter / none_screened_filter_none,cross_experiment,0.007830747036542851,0.006794258373205797,0.09462290502793291,-0.08950698655417876,,,0.0,0.0
SEA_A,SEA_A__s9913__instance__severe,instance,severe,hellinger,E1_fixed / none_screened,E2_RL / RL_2state,cross_experiment,0.0,0.0,0.0,0.0,,,0.0,0.0
SEA_A,SEA_A__s9913__instance__severe,instance,severe,hellinger,E1_fixed / none_screened,E2_RL / RL_4state,cross_experiment,0.0,0.0,0.0,0.0,,,0.0,0.0
SEA_A,SEA_A__s9913__instance__severe,instance,severe,hellinger,E1_fixed / none_screened,E2_RL / confirmed_screened,cross_experiment,0.0,0.0,0.0,0.0,,,0.0,0.0
SEA_A,SEA_A__s9913__instance__severe,instance,severe,hellinger,E1_fixed / none_screened,E2_RL / error_rule,cross_experiment,-0.0031925818770750514,-0.002679425837320615,0.18680167597765363,-0.17993672554706036,,,-8.333333333333334,0.0
SEA_A,SEA_A__s9913__instance__severe,instance,severe,hellinger,E1_fixed / none_screened,E2_RL / none_screened,cross_experiment,0.0,0.0,0.0,0.0,,,0.0,0.0
SEA_A,SEA_A__s9913__instance__severe,instance,severe,hellinger,E1_fixed / none_screened,E2_RL / selected_map,cross_experiment,0.0,0.0,0.0,0.0,,,0.0,0.0
SEA_A,SEA_A__s9913__instance__severe,instance,severe,hellinger,E1_fixed / none_screened,E3_filter / confirmed_screened_filter_learned_features,cross_experiment,0.008913490030403093,0.006813397129186605,0.11166201117318442,-0.11059847086738726,,,0.0,3951.666666666657
SEA_A,SEA_A__s9913__instance__severe,instance,severe,hellinger,E1_fixed / none_screened,E3_filter / confirmed_screened_filter_learned_features_label,cross_experiment,-0.006040569604300217,-0.005607655502392284,0.6168994413407822,-0.08062219878723965,,,0.0,19038.33333333333
SEA_A,SEA_A__s9913__instance__severe,instance,severe,hellinger,E1_fixed / none_screened,E3_filter / confirmed_screened_filter_none,cross_experiment,0.0,0.0,0.0,0.0,,,0.0,0.0
SEA_A,SEA_A__s9913__instance__severe,instance,severe,hellinger,E1_fixed / none_screened,E3_filter / confirmed_screened_filter_oracle_blocks,cross_experiment,0.005750399135018069,0.005071770334928227,0.9053770949720671,-0.9104930134458212,,,0.0,87083.33333333333
SEA_A,SEA_A__s9913__instance__severe,instance,severe,hellinger,E1_fixed / none_screened,E3_filter / confirmed_screened_filter_oracle_rows,cross_experiment,-0.005874749673709712,-0.005837320574162752,0.9053770949720671,-0.09649354073292908,,,0.0,23866.666666666657
SEA_A,SEA_A__s9913__instance__severe,instance,severe,hellinger,E1_fixed / none_screened,E3_filter / confirmed_screened_filter_random_blocks,cross_experiment,0.0057503991350181805,0.005071770334928227,0.9053770949720671,-0.9104930134458212,,,0.0,87083.33333333333
SEA_A,SEA_A__s9913__instance__severe,instance,severe,hellinger,E1_fixed / none_screened,E3_filter / confirmed_screened_filter_random_rows,cross_experiment,0.017086112899200367,0.013550239234449757,0.36005586592178773,-0.36920643290271554,,,-1.6666666666666667,21553.33333333333
SEA_A,SEA_A__s9913__instance__severe,instance,severe,hellinger,E1_fixed / none_screened,E3_filter / none_screened_filter_learned_features,cross_experiment,0.008913490030403093,0.006813397129186605,0.11166201117318442,-0.11059847086738726,,,0.0,3951.666666666657
SEA_A,SEA_A__s9913__instance__severe,instance,severe,hellinger,E1_fixed / none_screened,E3_filter / none_screened_filter_learned_features_label,cross_experiment,-0.006040569604300217,-0.005607655502392284,0.6168994413407822,-0.08062219878723965,,,0.0,19038.33333333333
SEA_A,SEA_A__s9913__instance__severe,instance,severe,hellinger,E1_fixed / none_screened,E3_filter / none_screened_filter_none,cross_experiment,0.0,0.0,0.0,0.0,,,0.0,0.0
SEA_A,SEA_A__s9913__instance__severe,instance,severe,hellinger,E1_fixed / none_unscreened,E2_RL / RL_2state,cross_experiment,0.007830747036542851,0.006794258373205797,0.09462290502793291,-0.08950698655417876,,,0.0,0.0
SEA_A,SEA_A__s9913__instance__severe,instance,severe,hellinger,E1_fixed / none_unscreened,E2_RL / RL_4state,cross_experiment,0.007830747036542851,0.006794258373205797,0.09462290502793291,-0.08950698655417876,,,0.0,0.0
SEA_A,SEA_A__s9913__instance__severe,instance,severe,hellinger,E1_fixed / none_unscreened,E2_RL / confirmed_screened,cross_experiment,0.007830747036542851,0.006794258373205797,0.09462290502793291,-0.08950698655417876,,,0.0,0.0
SEA_A,SEA_A__s9913__instance__severe,instance,severe,hellinger,E1_fixed / none_unscreened,E2_RL / error_rule,cross_experiment,0.0046381651594678,0.004114832535885182,0.28142458100558654,-0.26944371210123913,,,-8.333333333333334,0.0
SEA_A,SEA_A__s9913__instance__severe,instance,severe,hellinger,E1_fixed / none_unscreened,E2_RL / none_screened,cross_experiment,0.007830747036542851,0.006794258373205797,0.09462290502793291,-0.08950698655417876,,,0.0,0.0
SEA_A,SEA_A__s9913__instance__severe,instance,severe,hellinger,E1_fixed / none_unscreened,E2_RL / selected_map,cross_experiment,0.007830747036542851,0.006794258373205797,0.09462290502793291,-0.08950698655417876,,,0.0,0.0
SEA_A,SEA_A__s9913__instance__severe,instance,severe,hellinger,E1_fixed / none_unscreened,E3_filter / confirmed_screened_filter_learned_features,cross_experiment,0.016744237066945944,0.013607655502392402,0.20628491620111733,-0.20010545742156602,,,0.0,3951.666666666657
SEA_A,SEA_A__s9913__instance__severe,instance,severe,hellinger,E1_fixed / none_unscreened,E3_filter / confirmed_screened_filter_learned_features_label,cross_experiment,0.0017901774322426345,0.0011866028708135135,0.711522346368715,-0.1701291853414184,,,0.0,19038.33333333333
SEA_A,SEA_A__s9913__instance__severe,instance,severe,hellinger,E1_fixed / none_unscreened,E3_filter / confirmed_screened_filter_none,cross_experiment,0.007830747036542851,0.006794258373205797,0.09462290502793291,-0.08950698655417876,,,0.0,0.0
SEA_A,SEA_A__s9913__instance__severe,instance,severe,hellinger,E1_fixed / none_unscreened,E3_filter / confirmed_screened_filter_oracle_blocks,cross_experiment,0.01358114617156092,0.011866028708134024,1.0,-1.0,,,0.0,87083.33333333333
SEA_A,SEA_A__s9913__instance__severe,instance,severe,hellinger,E1_fixed / none_unscreened,E3_filter / confirmed_screened_filter_oracle_rows,cross_experiment,0.0019559973628331395,0.000956937799043045,1.0,-0.18600052728710784,,,0.0,23866.666666666657
SEA_A,SEA_A__s9913__instance__severe,instance,severe,hellinger,E1_fixed / none_unscreened,E3_filter / confirmed_screened_filter_random_blocks,cross_experiment,0.013581146171561032,0.011866028708134024,1.0,-1.0,,,0.0,87083.33333333333
SEA_A,SEA_A__s9913__instance__severe,instance,severe,hellinger,E1_fixed / none_unscreened,E3_filter / confirmed_screened_filter_random_rows,cross_experiment,0.02491685993574322,0.020344497607655554,0.45467877094972065,-0.4587134194568943,,,-1.6666666666666667,21553.33333333333
SEA_A,SEA_A__s9913__instance__severe,instance,severe,hellinger,E1_fixed / none_unscreened,E3_filter / none_screened_filter_learned_features,cross_experiment,0.016744237066945944,0.013607655502392402,0.20628491620111733,-0.20010545742156602,,,0.0,3951.666666666657
SEA_A,SEA_A__s9913__instance__severe,instance,severe,hellinger,E1_fixed / none_unscreened,E3_filter / none_screened_filter_learned_features_label,cross_experiment,0.0017901774322426345,0.0011866028708135135,0.711522346368715,-0.1701291853414184,,,0.0,19038.33333333333
SEA_A,SEA_A__s9913__instance__severe,instance,severe,hellinger,E1_fixed / none_unscreened,E3_filter / none_screened_filter_none,cross_experiment,0.007830747036542851,0.006794258373205797,0.09462290502793291,-0.08950698655417876,,,0.0,0.0
SEA_A,SEA_A__s9913__instance__severe,instance,severe,hellinger,E2_RL / RL_2state,E3_filter / confirmed_screened_filter_learned_features,cross_experiment,0.008913490030403093,0.006813397129186605,0.11166201117318442,-0.11059847086738726,,,0.0,3951.666666666657
SEA_A,SEA_A__s9913__instance__severe,instance,severe,hellinger,E2_RL / RL_2state,E3_filter / confirmed_screened_filter_learned_features_label,cross_experiment,-0.006040569604300217,-0.005607655502392284,0.6168994413407822,-0.08062219878723965,,,0.0,19038.33333333333
SEA_A,SEA_A__s9913__instance__severe,instance,severe,hellinger,E2_RL / RL_2state,E3_filter / confirmed_screened_filter_none,cross_experiment,0.0,0.0,0.0,0.0,,,0.0,0.0
SEA_A,SEA_A__s9913__instance__severe,instance,severe,hellinger,E2_RL / RL_2state,E3_filter / confirmed_screened_filter_oracle_blocks,cross_experiment,0.005750399135018069,0.005071770334928227,0.9053770949720671,-0.9104930134458212,,,0.0,87083.33333333333
SEA_A,SEA_A__s9913__instance__severe,instance,severe,hellinger,E2_RL / RL_2state,E3_filter / confirmed_screened_filter_oracle_rows,cross_experiment,-0.005874749673709712,-0.005837320574162752,0.9053770949720671,-0.09649354073292908,,,0.0,23866.666666666657
SEA_A,SEA_A__s9913__instance__severe,instance,severe,hellinger,E2_RL / RL_2state,E3_filter / confirmed_screened_filter_random_blocks,cross_experiment,0.0057503991350181805,0.005071770334928227,0.9053770949720671,-0.9104930134458212,,,0.0,87083.33333333333
SEA_A,SEA_A__s9913__instance__severe,instance,severe,hellinger,E2_RL / RL_2state,E3_filter / confirmed_screened_filter_random_rows,cross_experiment,0.017086112899200367,0.013550239234449757,0.36005586592178773,-0.36920643290271554,,,-1.6666666666666667,21553.33333333333
SEA_A,SEA_A__s9913__instance__severe,instance,severe,hellinger,E2_RL / RL_2state,E3_filter / none_screened_filter_learned_features,cross_experiment,0.008913490030403093,0.006813397129186605,0.11166201117318442,-0.11059847086738726,,,0.0,3951.666666666657
SEA_A,SEA_A__s9913__instance__severe,instance,severe,hellinger,E2_RL / RL_2state,E3_filter / none_screened_filter_learned_features_label,cross_experiment,-0.006040569604300217,-0.005607655502392284,0.6168994413407822,-0.08062219878723965,,,0.0,19038.33333333333
SEA_A,SEA_A__s9913__instance__severe,instance,severe,hellinger,E2_RL / RL_2state,E3_filter / none_screened_filter_none,cross_experiment,0.0,0.0,0.0,0.0,,,0.0,0.0
SEA_A,SEA_A__s9913__instance__severe,instance,severe,hellinger,E2_RL / RL_4state,E3_filter / confirmed_screened_filter_learned_features,cross_experiment,0.008913490030403093,0.006813397129186605,0.11166201117318442,-0.11059847086738726,,,0.0,3951.666666666657
SEA_A,SEA_A__s9913__instance__severe,instance,severe,hellinger,E2_RL / RL_4state,E3_filter / confirmed_screened_filter_learned_features_label,cross_experiment,-0.006040569604300217,-0.005607655502392284,0.6168994413407822,-0.08062219878723965,,,0.0,19038.33333333333
SEA_A,SEA_A__s9913__instance__severe,instance,severe,hellinger,E2_RL / RL_4state,E3_filter / confirmed_screened_filter_none,cross_experiment,0.0,0.0,0.0,0.0,,,0.0,0.0
SEA_A,SEA_A__s9913__instance__severe,instance,severe,hellinger,E2_RL / RL_4state,E3_filter / confirmed_screened_filter_oracle_blocks,cross_experiment,0.005750399135018069,0.005071770334928227,0.9053770949720671,-0.9104930134458212,,,0.0,87083.33333333333
SEA_A,SEA_A__s9913__instance__severe,instance,severe,hellinger,E2_RL / RL_4state,E3_filter / confirmed_screened_filter_oracle_rows,cross_experiment,-0.005874749673709712,-0.005837320574162752,0.9053770949720671,-0.09649354073292908,,,0.0,23866.666666666657
SEA_A,SEA_A__s9913__instance__severe,instance,severe,hellinger,E2_RL / RL_4state,E3_filter / confirmed_screened_filter_random_blocks,cross_experiment,0.0057503991350181805,0.005071770334928227,0.9053770949720671,-0.9104930134458212,,,0.0,87083.33333333333
SEA_A,SEA_A__s9913__instance__severe,instance,severe,hellinger,E2_RL / RL_4state,E3_filter / confirmed_screened_filter_random_rows,cross_experiment,0.017086112899200367,0.013550239234449757,0.36005586592178773,-0.36920643290271554,,,-1.6666666666666667,21553.33333333333
SEA_A,SEA_A__s9913__instance__severe,instance,severe,hellinger,E2_RL / RL_4state,E3_filter / none_screened_filter_learned_features,cross_experiment,0.008913490030403093,0.006813397129186605,0.11166201117318442,-0.11059847086738726,,,0.0,3951.666666666657
SEA_A,SEA_A__s9913__instance__severe,instance,severe,hellinger,E2_RL / RL_4state,E3_filter / none_screened_filter_learned_features_label,cross_experiment,-0.006040569604300217,-0.005607655502392284,0.6168994413407822,-0.08062219878723965,,,0.0,19038.33333333333
SEA_A,SEA_A__s9913__instance__severe,instance,severe,hellinger,E2_RL / RL_4state,E3_filter / none_screened_filter_none,cross_experiment,0.0,0.0,0.0,0.0,,,0.0,0.0
SEA_A,SEA_A__s9913__instance__severe,instance,severe,hellinger,E2_RL / confirmed_screened,E3_filter / confirmed_screened_filter_learned_features,cross_experiment,0.008913490030403093,0.006813397129186605,0.11166201117318442,-0.11059847086738726,,,0.0,3951.666666666657
SEA_A,SEA_A__s9913__instance__severe,instance,severe,hellinger,E2_RL / confirmed_screened,E3_filter / confirmed_screened_filter_learned_features_label,cross_experiment,-0.006040569604300217,-0.005607655502392284,0.6168994413407822,-0.08062219878723965,,,0.0,19038.33333333333
SEA_A,SEA_A__s9913__instance__severe,instance,severe,hellinger,E2_RL / confirmed_screened,E3_filter / confirmed_screened_filter_none,cross_experiment,0.0,0.0,0.0,0.0,,,0.0,0.0
SEA_A,SEA_A__s9913__instance__severe,instance,severe,hellinger,E2_RL / confirmed_screened,E3_filter / confirmed_screened_filter_oracle_blocks,cross_experiment,0.005750399135018069,0.005071770334928227,0.9053770949720671,-0.9104930134458212,,,0.0,87083.33333333333
SEA_A,SEA_A__s9913__instance__severe,instance,severe,hellinger,E2_RL / confirmed_screened,E3_filter / confirmed_screened_filter_oracle_rows,cross_experiment,-0.005874749673709712,-0.005837320574162752,0.9053770949720671,-0.09649354073292908,,,0.0,23866.666666666657
SEA_A,SEA_A__s9913__instance__severe,instance,severe,hellinger,E2_RL / confirmed_screened,E3_filter / confirmed_screened_filter_random_blocks,cross_experiment,0.0057503991350181805,0.005071770334928227,0.9053770949720671,-0.9104930134458212,,,0.0,87083.33333333333
SEA_A,SEA_A__s9913__instance__severe,instance,severe,hellinger,E2_RL / confirmed_screened,E3_filter / confirmed_screened_filter_random_rows,cross_experiment,0.017086112899200367,0.013550239234449757,0.36005586592178773,-0.36920643290271554,,,-1.6666666666666667,21553.33333333333
SEA_A,SEA_A__s9913__instance__severe,instance,severe,hellinger,E2_RL / confirmed_screened,E3_filter / none_screened_filter_learned_features,cross_experiment,0.008913490030403093,0.006813397129186605,0.11166201117318442,-0.11059847086738726,,,0.0,3951.666666666657
SEA_A,SEA_A__s9913__instance__severe,instance,severe,hellinger,E2_RL / confirmed_screened,E3_filter / none_screened_filter_learned_features_label,cross_experiment,-0.006040569604300217,-0.005607655502392284,0.6168994413407822,-0.08062219878723965,,,0.0,19038.33333333333
SEA_A,SEA_A__s9913__instance__severe,instance,severe,hellinger,E2_RL / confirmed_screened,E3_filter / none_screened_filter_none,cross_experiment,0.0,0.0,0.0,0.0,,,0.0,0.0
SEA_A,SEA_A__s9913__instance__severe,instance,severe,hellinger,E2_RL / error_rule,E3_filter / confirmed_screened_filter_learned_features,cross_experiment,0.012106071907478144,0.00949282296650722,-0.07513966480446921,0.06933825467967311,,,8.333333333333334,3951.666666666657
SEA_A,SEA_A__s9913__instance__severe,instance,severe,hellinger,E2_RL / error_rule,E3_filter / confirmed_screened_filter_learned_features_label,cross_experiment,-0.0028479877272251652,-0.002928229665071669,0.43009776536312855,0.09931452675982072,,,8.333333333333334,19038.33333333333
SEA_A,SEA_A__s9913__instance__severe,instance,severe,hellinger,E2_RL / error_rule,E3_filter / confirmed_screened_filter_none,cross_experiment,0.0031925818770750514,0.002679425837320615,-0.18680167597765363,0.17993672554706036,,,8.333333333333334,0.0
SEA_A,SEA_A__s9913__instance__severe,instance,severe,hellinger,E2_RL / error_rule,E3_filter / confirmed_screened_filter_oracle_blocks,cross_experiment,0.00894298101209312,0.007751196172248842,0.7185754189944135,-0.7305562878987608,,,8.333333333333334,87083.33333333333
SEA_A,SEA_A__s9913__instance__severe,instance,severe,hellinger,E2_RL / error_rule,E3_filter / confirmed_screened_filter_oracle_rows,cross_experiment,-0.00268216779663466,-0.0031578947368421373,0.7185754189944135,0.0834431848141313,,,8.333333333333334,23866.666666666657
SEA_A,SEA_A__s9913__instance__severe,instance,severe,hellinger,E2_RL / error_rule,E3_filter / confirmed_screened_filter_random_blocks,cross_experiment,0.008942981012093232,0.007751196172248842,0.7185754189944135,-0.7305562878987608,,,8.333333333333334,87083.33333333333
SEA_A,SEA_A__s9913__instance__severe,instance,severe,hellinger,E2_RL / error_rule,E3_filter / confirmed_screened_filter_random_rows,cross_experiment,0.02027869477627542,0.01622966507177037,0.1732541899441341,-0.18926970735565518,,,6.666666666666667,21553.33333333333
SEA_A,SEA_A__s9913__instance__severe,instance,severe,hellinger,E2_RL / error_rule,E3_filter / none_screened_filter_learned_features,cross_experiment,0.012106071907478144,0.00949282296650722,-0.07513966480446921,0.06933825467967311,,,8.333333333333334,3951.666666666657
SEA_A,SEA_A__s9913__instance__severe,instance,severe,hellinger,E2_RL / error_rule,E3_filter / none_screened_filter_learned_features_label,cross_experiment,-0.0028479877272251652,-0.002928229665071669,0.43009776536312855,0.09931452675982072,,,8.333333333333334,19038.33333333333
SEA_A,SEA_A__s9913__instance__severe,instance,severe,hellinger,E2_RL / error_rule,E3_filter / none_screened_filter_none,cross_experiment,0.0031925818770750514,0.002679425837320615,-0.18680167597765363,0.17993672554706036,,,8.333333333333334,0.0
SEA_A,SEA_A__s9913__instance__severe,instance,severe,hellinger,E2_RL / none_screened,E3_filter / confirmed_screened_filter_learned_features,cross_experiment,0.008913490030403093,0.006813397129186605,0.11166201117318442,-0.11059847086738726,,,0.0,3951.666666666657
SEA_A,SEA_A__s9913__instance__severe,instance,severe,hellinger,E2_RL / none_screened,E3_filter / confirmed_screened_filter_learned_features_label,cross_experiment,-0.006040569604300217,-0.005607655502392284,0.6168994413407822,-0.08062219878723965,,,0.0,19038.33333333333
SEA_A,SEA_A__s9913__instance__severe,instance,severe,hellinger,E2_RL / none_screened,E3_filter / confirmed_screened_filter_none,cross_experiment,0.0,0.0,0.0,0.0,,,0.0,0.0
SEA_A,SEA_A__s9913__instance__severe,instance,severe,hellinger,E2_RL / none_screened,E3_filter / confirmed_screened_filter_oracle_blocks,cross_experiment,0.005750399135018069,0.005071770334928227,0.9053770949720671,-0.9104930134458212,,,0.0,87083.33333333333
SEA_A,SEA_A__s9913__instance__severe,instance,severe,hellinger,E2_RL / none_screened,E3_filter / confirmed_screened_filter_oracle_rows,cross_experiment,-0.005874749673709712,-0.005837320574162752,0.9053770949720671,-0.09649354073292908,,,0.0,23866.666666666657
SEA_A,SEA_A__s9913__instance__severe,instance,severe,hellinger,E2_RL / none_screened,E3_filter / confirmed_screened_filter_random_blocks,cross_experiment,0.0057503991350181805,0.005071770334928227,0.9053770949720671,-0.9104930134458212,,,0.0,87083.33333333333
SEA_A,SEA_A__s9913__instance__severe,instance,severe,hellinger,E2_RL / none_screened,E3_filter / confirmed_screened_filter_random_rows,cross_experiment,0.017086112899200367,0.013550239234449757,0.36005586592178773,-0.36920643290271554,,,-1.6666666666666667,21553.33333333333
SEA_A,SEA_A__s9913__instance__severe,instance,severe,hellinger,E2_RL / none_screened,E3_filter / none_screened_filter_learned_features,cross_experiment,0.008913490030403093,0.006813397129186605,0.11166201117318442,-0.11059847086738726,,,0.0,3951.666666666657
SEA_A,SEA_A__s9913__instance__severe,instance,severe,hellinger,E2_RL / none_screened,E3_filter / none_screened_filter_learned_features_label,cross_experiment,-0.006040569604300217,-0.005607655502392284,0.6168994413407822,-0.08062219878723965,,,0.0,19038.33333333333
SEA_A,SEA_A__s9913__instance__severe,instance,severe,hellinger,E2_RL / none_screened,E3_filter / none_screened_filter_none,cross_experiment,0.0,0.0,0.0,0.0,,,0.0,0.0
SEA_A,SEA_A__s9913__instance__severe,instance,severe,hellinger,E2_RL / selected_map,E3_filter / confirmed_screened_filter_learned_features,cross_experiment,0.008913490030403093,0.006813397129186605,0.11166201117318442,-0.11059847086738726,,,0.0,3951.666666666657
SEA_A,SEA_A__s9913__instance__severe,instance,severe,hellinger,E2_RL / selected_map,E3_filter / confirmed_screened_filter_learned_features_label,cross_experiment,-0.006040569604300217,-0.005607655502392284,0.6168994413407822,-0.08062219878723965,,,0.0,19038.33333333333
SEA_A,SEA_A__s9913__instance__severe,instance,severe,hellinger,E2_RL / selected_map,E3_filter / confirmed_screened_filter_none,cross_experiment,0.0,0.0,0.0,0.0,,,0.0,0.0
SEA_A,SEA_A__s9913__instance__severe,instance,severe,hellinger,E2_RL / selected_map,E3_filter / confirmed_screened_filter_oracle_blocks,cross_experiment,0.005750399135018069,0.005071770334928227,0.9053770949720671,-0.9104930134458212,,,0.0,87083.33333333333
SEA_A,SEA_A__s9913__instance__severe,instance,severe,hellinger,E2_RL / selected_map,E3_filter / confirmed_screened_filter_oracle_rows,cross_experiment,-0.005874749673709712,-0.005837320574162752,0.9053770949720671,-0.09649354073292908,,,0.0,23866.666666666657
SEA_A,SEA_A__s9913__instance__severe,instance,severe,hellinger,E2_RL / selected_map,E3_filter / confirmed_screened_filter_random_blocks,cross_experiment,0.0057503991350181805,0.005071770334928227,0.9053770949720671,-0.9104930134458212,,,0.0,87083.33333333333
SEA_A,SEA_A__s9913__instance__severe,instance,severe,hellinger,E2_RL / selected_map,E3_filter / confirmed_screened_filter_random_rows,cross_experiment,0.017086112899200367,0.013550239234449757,0.36005586592178773,-0.36920643290271554,,,-1.6666666666666667,21553.33333333333
SEA_A,SEA_A__s9913__instance__severe,instance,severe,hellinger,E2_RL / selected_map,E3_filter / none_screened_filter_learned_features,cross_experiment,0.008913490030403093,0.006813397129186605,0.11166201117318442,-0.11059847086738726,,,0.0,3951.666666666657
SEA_A,SEA_A__s9913__instance__severe,instance,severe,hellinger,E2_RL / selected_map,E3_filter / none_screened_filter_learned_features_label,cross_experiment,-0.006040569604300217,-0.005607655502392284,0.6168994413407822,-0.08062219878723965,,,0.0,19038.33333333333
SEA_A,SEA_A__s9913__instance__severe,instance,severe,hellinger,E2_RL / selected_map,E3_filter / none_screened_filter_none,cross_experiment,0.0,0.0,0.0,0.0,,,0.0,0.0
radar,radar__evaluation__clean__none__aNone,clean,none,adwin,E1_fixed / confirmed_screened,E2_RL / RL_2state,cross_experiment,0.041701520436647016,0.10151679306608885,,0.0,0.2427790788446526,0.0,0.0,15833.333333333343
radar,radar__evaluation__clean__none__aNone,clean,none,adwin,E1_fixed / confirmed_screened,E2_RL / RL_4state,cross_experiment,0.041701520436647016,0.10151679306608885,,0.0,0.2427790788446526,0.0,0.0,15833.333333333343
radar,radar__evaluation__clean__none__aNone,clean,none,adwin,E1_fixed / confirmed_screened,E2_RL / confirmed_screened,cross_experiment,0.0,0.0,,0.0,0.0,0.0,0.0,0.0
radar,radar__evaluation__clean__none__aNone,clean,none,adwin,E1_fixed / confirmed_screened,E2_RL / error_rule,cross_experiment,0.044850219435672634,0.10130010834236192,,-0.09090909090909088,0.24329950559458757,0.0,-16.666666666666668,15833.333333333343
radar,radar__evaluation__clean__none__aNone,clean,none,adwin,E1_fixed / confirmed_screened,E2_RL / none_screened,cross_experiment,0.041701520436647016,0.10151679306608885,,0.0,0.2427790788446526,0.0,0.0,15833.333333333343
radar,radar__evaluation__clean__none__aNone,clean,none,adwin,E1_fixed / confirmed_screened,E2_RL / selected_map,cross_experiment,0.044850219435672634,0.10130010834236192,,-0.09090909090909088,0.24329950559458757,0.0,-8.333333333333334,15833.333333333343
radar,radar__evaluation__clean__none__aNone,clean,none,adwin,E1_fixed / confirmed_screened,E3_filter / confirmed_screened_filter_learned_features,cross_experiment,0.054268039797478906,0.12071505958829909,,0.06296650717703345,0.30189955763726256,0.0021904585112307376,-3.3333333333333335,-368.3333333333285
radar,radar__evaluation__clean__none__aNone,clean,none,adwin,E1_fixed / confirmed_screened,E3_filter / confirmed_screened_filter_learned_features_label,cross_experiment,0.024144777768118575,0.05033586132177692,,0.020095693779904278,0.0004163413999479504,-0.01670688695006497,-1.6666666666666667,5468.333333333343
radar,radar__evaluation__clean__none__aNone,clean,none,adwin,E1_fixed / confirmed_screened,E3_filter / confirmed_screened_filter_none,cross_experiment,0.0,0.0,,0.0,0.0,0.0,0.0,0.0
radar,radar__evaluation__clean__none__aNone,clean,none,adwin,E1_fixed / confirmed_screened,E3_filter / confirmed_screened_filter_oracle_blocks,cross_experiment,0.0,0.0,,0.0,0.0,0.0,0.0,0.0
radar,radar__evaluation__clean__none__aNone,clean,none,adwin,E1_fixed / confirmed_screened,E3_filter / confirmed_screened_filter_oracle_rows,cross_experiment,0.0,0.0,,0.0,0.0,0.0,0.0,0.0
radar,radar__evaluation__clean__none__aNone,clean,none,adwin,E1_fixed / confirmed_screened,E3_filter / confirmed_screened_filter_random_blocks,cross_experiment,0.0,0.0,,5.551115123125783e-17,0.0,0.0,0.0,0.0
radar,radar__evaluation__clean__none__aNone,clean,none,adwin,E1_fixed / confirmed_screened,E3_filter / confirmed_screened_filter_random_rows,cross_experiment,0.0,0.0,,5.551115123125783e-17,0.0,0.0,0.0,0.0
radar,radar__evaluation__clean__none__aNone,clean,none,adwin,E1_fixed / confirmed_screened,E3_filter / none_screened_filter_learned_features,cross_experiment,0.04396406120467772,0.10049837486457214,,0.09919617224880378,0.2533437418683321,0.0021904585112307376,0.0,20566.666666666686
radar,radar__evaluation__clean__none__aNone,clean,none,adwin,E1_fixed / confirmed_screened,E3_filter / none_screened_filter_learned_features_label,cross_experiment,0.03192468688935904,0.07029252437703148,,0.022488038277511946,0.052042674993494575,-0.01670688695006497,0.0,20455.0
radar,radar__evaluation__clean__none__aNone,clean,none,adwin,E1_fixed / confirmed_screened,E3_filter / none_screened_filter_none,cross_experiment,0.041701520436647016,0.10151679306608885,,0.0,0.2427790788446526,0.0,0.0,15833.333333333343
radar,radar__evaluation__clean__none__aNone,clean,none,adwin,E1_fixed / confirmed_unscreened,E2_RL / RL_2state,cross_experiment,0.0266182893583716,0.15395449620801727,,-0.45454545454545453,0.4715066354410617,0.03638388713569705,8.333333333333334,15833.333333333343
radar,radar__evaluation__clean__none__aNone,clean,none,adwin,E1_fixed / confirmed_unscreened,E2_RL / RL_4state,cross_experiment,0.0266182893583716,0.15395449620801727,,-0.45454545454545453,0.4715066354410617,0.03638388713569705,8.333333333333334,15833.333333333343
radar,radar__evaluation__clean__none__aNone,clean,none,adwin,E1_fixed / confirmed_unscreened,E2_RL / confirmed_screened,cross_experiment,-0.015083231078275416,0.052437703141928416,,-0.45454545454545453,0.2287275565964091,0.03638388713569705,8.333333333333334,0.0
radar,radar__evaluation__clean__none__aNone,clean,none,adwin,E1_fixed / confirmed_unscreened,E2_RL / error_rule,cross_experiment,0.029766988357397217,0.15373781148429033,,-0.5454545454545454,0.47202706219099666,0.03638388713569705,-8.333333333333334,15833.333333333343
radar,radar__evaluation__clean__none__aNone,clean,none,adwin,E1_fixed / confirmed_unscreened,E2_RL / none_screened,cross_experiment,0.0266182893583716,0.15395449620801727,,-0.45454545454545453,0.4715066354410617,0.03638388713569705,8.333333333333334,15833.333333333343
radar,radar__evaluation__clean__none__aNone,clean,none,adwin,E1_fixed / confirmed_unscreened,E2_RL / selected_map,cross_experiment,0.029766988357397217,0.15373781148429033,,-0.5454545454545454,0.47202706219099666,0.03638388713569705,0.0,15833.333333333343
radar,radar__evaluation__clean__none__aNone,clean,none,adwin,E1_fixed / confirmed_unscreened,E3_filter / confirmed_screened_filter_learned_features,cross_experiment,0.03918480871920349,0.1731527627302275,,-0.3915789473684211,0.5306271142336716,0.038574345646927785,5.0,-368.3333333333285
radar,radar__evaluation__clean__none__aNone,clean,none,adwin,E1_fixed / confirmed_unscreened,E3_filter / confirmed_screened_filter_learned_features_label,cross_experiment,0.009061546689843158,0.10277356446370534,,-0.43444976076555025,0.22914389799635704,0.01967700018563208,6.666666666666667,5468.333333333343
radar,radar__evaluation__clean__none__aNone,clean,none,adwin,E1_fixed / confirmed_unscreened,E3_filter / confirmed_screened_filter_none,cross_experiment,-0.015083231078275416,0.052437703141928416,,-0.45454545454545453,0.2287275565964091,0.03638388713569705,8.333333333333334,0.0
radar,radar__evaluation__clean__none__aNone,clean,none,adwin,E1_fixed / confirmed_unscreened,E3_filter / confirmed_screened_filter_oracle_blocks,cross_experiment,-0.015083231078275416,0.052437703141928416,,-0.45454545454545453,0.2287275565964091,0.03638388713569705,8.333333333333334,0.0
radar,radar__evaluation__clean__none__aNone,clean,none,adwin,E1_fixed / confirmed_unscreened,E3_filter / confirmed_screened_filter_oracle_rows,cross_experiment,-0.015083231078275416,0.052437703141928416,,-0.45454545454545453,0.2287275565964091,0.03638388713569705,8.333333333333334,0.0
radar,radar__evaluation__clean__none__aNone,clean,none,adwin,E1_fixed / confirmed_unscreened,E3_filter / confirmed_screened_filter_random_blocks,cross_experiment,-0.015083231078275416,0.052437703141928416,,-0.4545454545454545,0.2287275565964091,0.03638388713569705,8.333333333333334,0.0
radar,radar__evaluation__clean__none__aNone,clean,none,adwin,E1_fixed / confirmed_unscreened,E3_filter / confirmed_screened_filter_random_rows,cross_experiment,-0.015083231078275416,0.052437703141928416,,-0.4545454545454545,0.2287275565964091,0.03638388713569705,8.333333333333334,0.0
radar,radar__evaluation__clean__none__aNone,clean,none,adwin,E1_fixed / confirmed_unscreened,E3_filter / none_screened_filter_learned_features,cross_experiment,0.0288808301264023,0.15293607800650055,,-0.35534928229665075,0.48207129846474117,0.038574345646927785,8.333333333333334,20566.666666666686
radar,radar__evaluation__clean__none__aNone,clean,none,adwin,E1_fixed / confirmed_unscreened,E3_filter / none_screened_filter_learned_features_label,cross_experiment,0.016841455811083622,0.1227302275189599,,-0.4320574162679426,0.28077023158990366,0.01967700018563208,8.333333333333334,20455.0
radar,radar__evaluation__clean__none__aNone,clean,none,adwin,E1_fixed / confirmed_unscreened,E3_filter / none_screened_filter_none,cross_experiment,0.0266182893583716,0.15395449620801727,,-0.45454545454545453,0.4715066354410617,0.03638388713569705,8.333333333333334,15833.333333333343
radar,radar__evaluation__clean__none__aNone,clean,none,adwin,E1_fixed / immediate_screened,E2_RL / RL_2state,cross_experiment,-0.0011673969932769757,-0.011592632719393259,,0.09090909090909088,-0.06531355711683584,0.02079079264896975,25.0,0.0
radar,radar__evaluation__clean__none__aNone,clean,none,adwin,E1_fixed / immediate_screened,E2_RL / RL_4state,cross_experiment,-0.0011673969932769757,-0.011592632719393259,,0.09090909090909088,-0.06531355711683584,0.02079079264896975,25.0,0.0
radar,radar__evaluation__clean__none__aNone,clean,none,adwin,E1_fixed / immediate_screened,E2_RL / confirmed_screened,cross_experiment,-0.04286891742992399,-0.11310942578548211,,0.09090909090909088,-0.30809263596148845,0.02079079264896975,25.0,-15833.333333333343
radar,radar__evaluation__clean__none__aNone,clean,none,adwin,E1_fixed / immediate_screened,E2_RL / error_rule,cross_experiment,0.001981302005748642,-0.011809317443120193,,0.0,-0.06479313036690088,0.02079079264896975,8.333333333333332,0.0
radar,radar__evaluation__clean__none__aNone,clean,none,adwin,E1_fixed / immediate_screened,E2_RL / none_screened,cross_experiment,-0.0011673969932769757,-0.011592632719393259,,0.09090909090909088,-0.06531355711683584,0.02079079264896975,25.0,0.0
radar,radar__evaluation__clean__none__aNone,clean,none,adwin,E1_fixed / immediate_screened,E2_RL / selected_map,cross_experiment,0.001981302005748642,-0.011809317443120193,,0.0,-0.06479313036690088,0.02079079264896975,16.666666666666664,0.0
radar,radar__evaluation__clean__none__aNone,clean,none,adwin,E1_fixed / immediate_screened,E3_filter / confirmed_screened_filter_learned_features,cross_experiment,0.011399122367554915,0.00760563380281698,,0.15387559808612433,-0.006193078324225887,0.022981251160200486,21.666666666666668,-16201.666666666672
radar,radar__evaluation__clean__none__aNone,clean,none,adwin,E1_fixed / immediate_screened,E3_filter / confirmed_screened_filter_learned_features_label,cross_experiment,-0.018724139661805417,-0.06277356446370519,,0.11100478468899516,-0.3076762945615405,0.00408390569890478,23.333333333333332,-10365.0
radar,radar__evaluation__clean__none__aNone,clean,none,adwin,E1_fixed / immediate_screened,E3_filter / confirmed_screened_filter_none,cross_experiment,-0.04286891742992399,-0.11310942578548211,,0.09090909090909088,-0.30809263596148845,0.02079079264896975,25.0,-15833.333333333343
radar,radar__evaluation__clean__none__aNone,clean,none,adwin,E1_fixed / immediate_screened,E3_filter / confirmed_screened_filter_oracle_blocks,cross_experiment,-0.04286891742992399,-0.11310942578548211,,0.09090909090909088,-0.30809263596148845,0.02079079264896975,25.0,-15833.333333333343
radar,radar__evaluation__clean__none__aNone,clean,none,adwin,E1_fixed / immediate_screened,E3_filter / confirmed_screened_filter_oracle_rows,cross_experiment,-0.04286891742992399,-0.11310942578548211,,0.09090909090909088,-0.30809263596148845,0.02079079264896975,25.0,-15833.333333333343
radar,radar__evaluation__clean__none__aNone,clean,none,adwin,E1_fixed / immediate_screened,E3_filter / confirmed_screened_filter_random_blocks,cross_experiment,-0.04286891742992399,-0.11310942578548211,,0.09090909090909094,-0.30809263596148845,0.02079079264896975,25.0,-15833.333333333343
radar,radar__evaluation__clean__none__aNone,clean,none,adwin,E1_fixed / immediate_screened,E3_filter / confirmed_screened_filter_random_rows,cross_experiment,-0.04286891742992399,-0.11310942578548211,,0.09090909090909094,-0.30809263596148845,0.02079079264896975,25.0,-15833.333333333343
radar,radar__evaluation__clean__none__aNone,clean,none,adwin,E1_fixed / immediate_screened,E3_filter / none_screened_filter_learned_features,cross_experiment,0.0010951437747537263,-0.012611050920909972,,0.19010526315789467,-0.054748894093156364,0.022981251160200486,25.0,4733.333333333343
radar,radar__evaluation__clean__none__aNone,clean,none,adwin,E1_fixed / immediate_screened,E3_filter / none_screened_filter_learned_features_label,cross_experiment,-0.010944230540564953,-0.042816901408450625,,0.11339712918660283,-0.2560499609679939,0.00408390569890478,25.0,4621.666666666657
radar,radar__evaluation__clean__none__aNone,clean,none,adwin,E1_fixed / immediate_screened,E3_filter / none_screened_filter_none,cross_experiment,-0.0011673969932769757,-0.011592632719393259,,0.09090909090909088,-0.06531355711683584,0.02079079264896975,25.0,0.0
radar,radar__evaluation__clean__none__aNone,clean,none,adwin,E1_fixed / immediate_unscreened,E2_RL / RL_2state,cross_experiment,0.04543495464621697,0.036619718309859106,,-0.45454545454545453,0.24121779859484777,0.11212177464265827,58.333333333333336,0.0
radar,radar__evaluation__clean__none__aNone,clean,none,adwin,E1_fixed / immediate_unscreened,E2_RL / RL_4state,cross_experiment,0.04543495464621697,0.036619718309859106,,-0.45454545454545453,0.24121779859484777,0.11212177464265827,58.333333333333336,0.0
radar,radar__evaluation__clean__none__aNone,clean,none,adwin,E1_fixed / immediate_unscreened,E2_RL / confirmed_screened,cross_experiment,0.0037334342095699524,-0.06489707475622974,,-0.45454545454545453,-0.0015612802498048417,0.11212177464265827,58.333333333333336,-15833.333333333343
radar,radar__evaluation__clean__none__aNone,clean,none,adwin,E1_fixed / immediate_unscreened,E2_RL / error_rule,cross_experiment,0.048583653645242586,0.03640303358613217,,-0.5454545454545454,0.24173822534478273,0.11212177464265827,41.66666666666667,0.0
radar,radar__evaluation__clean__none__aNone,clean,none,adwin,E1_fixed / immediate_unscreened,E2_RL / none_screened,cross_experiment,0.04543495464621697,0.036619718309859106,,-0.45454545454545453,0.24121779859484777,0.11212177464265827,58.333333333333336,0.0
radar,radar__evaluation__clean__none__aNone,clean,none,adwin,E1_fixed / immediate_unscreened,E2_RL / selected_map,cross_experiment,0.048583653645242586,0.03640303358613217,,-0.5454545454545454,0.24173822534478273,0.11212177464265827,50.0,0.0
radar,radar__evaluation__clean__none__aNone,clean,none,adwin,E1_fixed / immediate_unscreened,E3_filter / confirmed_screened_filter_learned_features,cross_experiment,0.05800147400704886,0.055817984832069345,,-0.3915789473684211,0.3003382773874577,0.114312233153889,55.0,-16201.666666666672
radar,radar__evaluation__clean__none__aNone,clean,none,adwin,E1_fixed / immediate_unscreened,E3_filter / confirmed_screened_filter_learned_features_label,cross_experiment,0.027878211977688527,-0.014561213434452824,,-0.43444976076555025,-0.0011449388498568913,0.09541488769259329,56.66666666666667,-10365.0
radar,radar__evaluation__clean__none__aNone,clean,none,adwin,E1_fixed / immediate_unscreened,E3_filter / confirmed_screened_filter_none,cross_experiment,0.0037334342095699524,-0.06489707475622974,,-0.45454545454545453,-0.0015612802498048417,0.11212177464265827,58.333333333333336,-15833.333333333343
radar,radar__evaluation__clean__none__aNone,clean,none,adwin,E1_fixed / immediate_unscreened,E3_filter / confirmed_screened_filter_oracle_blocks,cross_experiment,0.0037334342095699524,-0.06489707475622974,,-0.45454545454545453,-0.0015612802498048417,0.11212177464265827,58.333333333333336,-15833.333333333343
radar,radar__evaluation__clean__none__aNone,clean,none,adwin,E1_fixed / immediate_unscreened,E3_filter / confirmed_screened_filter_oracle_rows,cross_experiment,0.0037334342095699524,-0.06489707475622974,,-0.45454545454545453,-0.0015612802498048417,0.11212177464265827,58.333333333333336,-15833.333333333343
radar,radar__evaluation__clean__none__aNone,clean,none,adwin,E1_fixed / immediate_unscreened,E3_filter / confirmed_screened_filter_random_blocks,cross_experiment,0.0037334342095699524,-0.06489707475622974,,-0.4545454545454545,-0.0015612802498048417,0.11212177464265827,58.333333333333336,-15833.333333333343
radar,radar__evaluation__clean__none__aNone,clean,none,adwin,E1_fixed / immediate_unscreened,E3_filter / confirmed_screened_filter_random_rows,cross_experiment,0.0037334342095699524,-0.06489707475622974,,-0.4545454545454545,-0.0015612802498048417,0.11212177464265827,58.333333333333336,-15833.333333333343
radar,radar__evaluation__clean__none__aNone,clean,none,adwin,E1_fixed / immediate_unscreened,E3_filter / none_screened_filter_learned_features,cross_experiment,0.04769749541424767,0.03560130010834239,,-0.35534928229665075,0.25178246161852724,0.114312233153889,58.333333333333336,4733.333333333343
radar,radar__evaluation__clean__none__aNone,clean,none,adwin,E1_fixed / immediate_unscreened,E3_filter / none_screened_filter_learned_features_label,cross_experiment,0.03565812109892899,0.00539544962080174,,-0.4320574162679426,0.050481394743689734,0.09541488769259329,58.333333333333336,4621.666666666657
radar,radar__evaluation__clean__none__aNone,clean,none,adwin,E1_fixed / immediate_unscreened,E3_filter / none_screened_filter_none,cross_experiment,0.04543495464621697,0.036619718309859106,,-0.45454545454545453,0.24121779859484777,0.11212177464265827,58.333333333333336,0.0
radar,radar__evaluation__clean__none__aNone,clean,none,adwin,E1_fixed / none_screened,E2_RL / RL_2state,cross_experiment,0.0,0.0,,0.0,0.0,0.0,0.0,0.0
radar,radar__evaluation__clean__none__aNone,clean,none,adwin,E1_fixed / none_screened,E2_RL / RL_4state,cross_experiment,0.0,0.0,,0.0,0.0,0.0,0.0,0.0
radar,radar__evaluation__clean__none__aNone,clean,none,adwin,E1_fixed / none_screened,E2_RL / confirmed_screened,cross_experiment,-0.041701520436647016,-0.10151679306608885,,0.0,-0.2427790788446526,0.0,0.0,-15833.333333333343
radar,radar__evaluation__clean__none__aNone,clean,none,adwin,E1_fixed / none_screened,E2_RL / error_rule,cross_experiment,0.0031486989990256176,-0.00021668472372693426,,-0.09090909090909088,0.0005204267499349657,0.0,-16.666666666666668,0.0
radar,radar__evaluation__clean__none__aNone,clean,none,adwin,E1_fixed / none_screened,E2_RL / none_screened,cross_experiment,0.0,0.0,,0.0,0.0,0.0,0.0,0.0
radar,radar__evaluation__clean__none__aNone,clean,none,adwin,E1_fixed / none_screened,E2_RL / selected_map,cross_experiment,0.0031486989990256176,-0.00021668472372693426,,-0.09090909090909088,0.0005204267499349657,0.0,-8.333333333333334,0.0
radar,radar__evaluation__clean__none__aNone,clean,none,adwin,E1_fixed / none_screened,E3_filter / confirmed_screened_filter_learned_features,cross_experiment,0.01256651936083189,0.01919826652221024,,0.06296650717703345,0.059120478792609954,0.0021904585112307376,-3.3333333333333335,-16201.666666666672
radar,radar__evaluation__clean__none__aNone,clean,none,adwin,E1_fixed / none_screened,E3_filter / confirmed_screened_filter_learned_features_label,cross_experiment,-0.01755674266852844,-0.05118093174431193,,0.020095693779904278,-0.24236273744470466,-0.01670688695006497,-1.6666666666666667,-10365.0
radar,radar__evaluation__clean__none__aNone,clean,none,adwin,E1_fixed / none_screened,E3_filter / confirmed_screened_filter_none,cross_experiment,-0.041701520436647016,-0.10151679306608885,,0.0,-0.2427790788446526,0.0,0.0,-15833.333333333343
radar,radar__evaluation__clean__none__aNone,clean,none,adwin,E1_fixed / none_screened,E3_filter / confirmed_screened_filter_oracle_blocks,cross_experiment,-0.041701520436647016,-0.10151679306608885,,0.0,-0.2427790788446526,0.0,0.0,-15833.333333333343
radar,radar__evaluation__clean__none__aNone,clean,none,adwin,E1_fixed / none_screened,E3_filter / confirmed_screened_filter_oracle_rows,cross_experiment,-0.041701520436647016,-0.10151679306608885,,0.0,-0.2427790788446526,0.0,0.0,-15833.333333333343
radar,radar__evaluation__clean__none__aNone,clean,none,adwin,E1_fixed / none_screened,E3_filter / confirmed_screened_filter_random_blocks,cross_experiment,-0.041701520436647016,-0.10151679306608885,,5.551115123125783e-17,-0.2427790788446526,0.0,0.0,-15833.333333333343
radar,radar__evaluation__clean__none__aNone,clean,none,adwin,E1_fixed / none_screened,E3_filter / confirmed_screened_filter_random_rows,cross_experiment,-0.041701520436647016,-0.10151679306608885,,5.551115123125783e-17,-0.2427790788446526,0.0,0.0,-15833.333333333343
radar,radar__evaluation__clean__none__aNone,clean,none,adwin,E1_fixed / none_screened,E3_filter / none_screened_filter_learned_features,cross_experiment,0.002262540768030702,-0.0010184182015167131,,0.09919617224880378,0.010564663023679477,0.0021904585112307376,0.0,4733.333333333343
radar,radar__evaluation__clean__none__aNone,clean,none,adwin,E1_fixed / none_screened,E3_filter / none_screened_filter_learned_features_label,cross_experiment,-0.009776833547287977,-0.031224268689057366,,0.022488038277511946,-0.19073640385115803,-0.01670688695006497,0.0,4621.666666666657
radar,radar__evaluation__clean__none__aNone,clean,none,adwin,E1_fixed / none_screened,E3_filter / none_screened_filter_none,cross_experiment,0.0,0.0,,0.0,0.0,0.0,0.0,0.0
radar,radar__evaluation__clean__none__aNone,clean,none,adwin,E1_fixed / none_unscreened,E2_RL / RL_2state,cross_experiment,-0.048817543459644536,-0.03672806067172263,,-0.45454545454545453,0.005724694249284401,0.03638388713569705,0.0,0.0
radar,radar__evaluation__clean__none__aNone,clean,none,adwin,E1_fixed / none_unscreened,E2_RL / RL_4state,cross_experiment,-0.048817543459644536,-0.03672806067172263,,-0.45454545454545453,0.005724694249284401,0.03638388713569705,0.0,0.0
radar,radar__evaluation__clean__none__aNone,clean,none,adwin,E1_fixed / none_unscreened,E2_RL / confirmed_screened,cross_experiment,-0.09051906389629155,-0.13824485373781148,,-0.45454545454545453,-0.2370543845953682,0.03638388713569705,0.0,-15833.333333333343
radar,radar__evaluation__clean__none__aNone,clean,none,adwin,E1_fixed / none_unscreened,E2_RL / error_rule,cross_experiment,-0.04566884446061892,-0.03694474539544956,,-0.5454545454545454,0.006245120999219367,0.03638388713569705,-16.666666666666668,0.0
radar,radar__evaluation__clean__none__aNone,clean,none,adwin,E1_fixed / none_unscreened,E2_RL / none_screened,cross_experiment,-0.048817543459644536,-0.03672806067172263,,-0.45454545454545453,0.005724694249284401,0.03638388713569705,0.0,0.0
radar,radar__evaluation__clean__none__aNone,clean,none,adwin,E1_fixed / none_unscreened,E2_RL / selected_map,cross_experiment,-0.04566884446061892,-0.03694474539544956,,-0.5454545454545454,0.006245120999219367,0.03638388713569705,-8.333333333333334,0.0
radar,radar__evaluation__clean__none__aNone,clean,none,adwin,E1_fixed / none_unscreened,E3_filter / confirmed_screened_filter_learned_features,cross_experiment,-0.036251024098812645,-0.01752979414951239,,-0.3915789473684211,0.06484517304189436,0.038574345646927785,-3.3333333333333335,-16201.666666666672
radar,radar__evaluation__clean__none__aNone,clean,none,adwin,E1_fixed / none_unscreened,E3_filter / confirmed_screened_filter_learned_features_label,cross_experiment,-0.06637428612817298,-0.08790899241603456,,-0.43444976076555025,-0.23663804319542026,0.01967700018563208,-1.6666666666666667,-10365.0
radar,radar__evaluation__clean__none__aNone,clean,none,adwin,E1_fixed / none_unscreened,E3_filter / confirmed_screened_filter_none,cross_experiment,-0.09051906389629155,-0.13824485373781148,,-0.45454545454545453,-0.2370543845953682,0.03638388713569705,0.0,-15833.333333333343
radar,radar__evaluation__clean__none__aNone,clean,none,adwin,E1_fixed / none_unscreened,E3_filter / confirmed_screened_filter_oracle_blocks,cross_experiment,-0.09051906389629155,-0.13824485373781148,,-0.45454545454545453,-0.2370543845953682,0.03638388713569705,0.0,-15833.333333333343
radar,radar__evaluation__clean__none__aNone,clean,none,adwin,E1_fixed / none_unscreened,E3_filter / confirmed_screened_filter_oracle_rows,cross_experiment,-0.09051906389629155,-0.13824485373781148,,-0.45454545454545453,-0.2370543845953682,0.03638388713569705,0.0,-15833.333333333343
radar,radar__evaluation__clean__none__aNone,clean,none,adwin,E1_fixed / none_unscreened,E3_filter / confirmed_screened_filter_random_blocks,cross_experiment,-0.09051906389629155,-0.13824485373781148,,-0.4545454545454545,-0.2370543845953682,0.03638388713569705,0.0,-15833.333333333343
radar,radar__evaluation__clean__none__aNone,clean,none,adwin,E1_fixed / none_unscreened,E3_filter / confirmed_screened_filter_random_rows,cross_experiment,-0.09051906389629155,-0.13824485373781148,,-0.4545454545454545,-0.2370543845953682,0.03638388713569705,0.0,-15833.333333333343
radar,radar__evaluation__clean__none__aNone,clean,none,adwin,E1_fixed / none_unscreened,E3_filter / none_screened_filter_learned_features,cross_experiment,-0.046555002691613834,-0.03774647887323934,,-0.35534928229665075,0.016289357272963878,0.038574345646927785,0.0,4733.333333333343
radar,radar__evaluation__clean__none__aNone,clean,none,adwin,E1_fixed / none_unscreened,E3_filter / none_screened_filter_learned_features_label,cross_experiment,-0.05859437700693251,-0.06795232936078,,-0.4320574162679426,-0.18501170960187363,0.01967700018563208,0.0,4621.666666666657
radar,radar__evaluation__clean__none__aNone,clean,none,adwin,E1_fixed / none_unscreened,E3_filter / none_screened_filter_none,cross_experiment,-0.048817543459644536,-0.03672806067172263,,-0.45454545454545453,0.005724694249284401,0.03638388713569705,0.0,0.0
radar,radar__evaluation__clean__none__aNone,clean,none,adwin,E2_RL / RL_2state,E3_filter / confirmed_screened_filter_learned_features,cross_experiment,0.01256651936083189,0.01919826652221024,,0.06296650717703345,0.059120478792609954,0.0021904585112307376,-3.3333333333333335,-16201.666666666672
radar,radar__evaluation__clean__none__aNone,clean,none,adwin,E2_RL / RL_2state,E3_filter / confirmed_screened_filter_learned_features_label,cross_experiment,-0.01755674266852844,-0.05118093174431193,,0.020095693779904278,-0.24236273744470466,-0.01670688695006497,-1.6666666666666667,-10365.0
radar,radar__evaluation__clean__none__aNone,clean,none,adwin,E2_RL / RL_2state,E3_filter / confirmed_screened_filter_none,cross_experiment,-0.041701520436647016,-0.10151679306608885,,0.0,-0.2427790788446526,0.0,0.0,-15833.333333333343
radar,radar__evaluation__clean__none__aNone,clean,none,adwin,E2_RL / RL_2state,E3_filter / confirmed_screened_filter_oracle_blocks,cross_experiment,-0.041701520436647016,-0.10151679306608885,,0.0,-0.2427790788446526,0.0,0.0,-15833.333333333343
radar,radar__evaluation__clean__none__aNone,clean,none,adwin,E2_RL / RL_2state,E3_filter / confirmed_screened_filter_oracle_rows,cross_experiment,-0.041701520436647016,-0.10151679306608885,,0.0,-0.2427790788446526,0.0,0.0,-15833.333333333343
radar,radar__evaluation__clean__none__aNone,clean,none,adwin,E2_RL / RL_2state,E3_filter / confirmed_screened_filter_random_blocks,cross_experiment,-0.041701520436647016,-0.10151679306608885,,5.551115123125783e-17,-0.2427790788446526,0.0,0.0,-15833.333333333343
radar,radar__evaluation__clean__none__aNone,clean,none,adwin,E2_RL / RL_2state,E3_filter / confirmed_screened_filter_random_rows,cross_experiment,-0.041701520436647016,-0.10151679306608885,,5.551115123125783e-17,-0.2427790788446526,0.0,0.0,-15833.333333333343
radar,radar__evaluation__clean__none__aNone,clean,none,adwin,E2_RL / RL_2state,E3_filter / none_screened_filter_learned_features,cross_experiment,0.002262540768030702,-0.0010184182015167131,,0.09919617224880378,0.010564663023679477,0.0021904585112307376,0.0,4733.333333333343
radar,radar__evaluation__clean__none__aNone,clean,none,adwin,E2_RL / RL_2state,E3_filter / none_screened_filter_learned_features_label,cross_experiment,-0.009776833547287977,-0.031224268689057366,,0.022488038277511946,-0.19073640385115803,-0.01670688695006497,0.0,4621.666666666657
radar,radar__evaluation__clean__none__aNone,clean,none,adwin,E2_RL / RL_2state,E3_filter / none_screened_filter_none,cross_experiment,0.0,0.0,,0.0,0.0,0.0,0.0,0.0
radar,radar__evaluation__clean__none__aNone,clean,none,adwin,E2_RL / RL_4state,E3_filter / confirmed_screened_filter_learned_features,cross_experiment,0.01256651936083189,0.01919826652221024,,0.06296650717703345,0.059120478792609954,0.0021904585112307376,-3.3333333333333335,-16201.666666666672
radar,radar__evaluation__clean__none__aNone,clean,none,adwin,E2_RL / RL_4state,E3_filter / confirmed_screened_filter_learned_features_label,cross_experiment,-0.01755674266852844,-0.05118093174431193,,0.020095693779904278,-0.24236273744470466,-0.01670688695006497,-1.6666666666666667,-10365.0
radar,radar__evaluation__clean__none__aNone,clean,none,adwin,E2_RL / RL_4state,E3_filter / confirmed_screened_filter_none,cross_experiment,-0.041701520436647016,-0.10151679306608885,,0.0,-0.2427790788446526,0.0,0.0,-15833.333333333343
radar,radar__evaluation__clean__none__aNone,clean,none,adwin,E2_RL / RL_4state,E3_filter / confirmed_screened_filter_oracle_blocks,cross_experiment,-0.041701520436647016,-0.10151679306608885,,0.0,-0.2427790788446526,0.0,0.0,-15833.333333333343
radar,radar__evaluation__clean__none__aNone,clean,none,adwin,E2_RL / RL_4state,E3_filter / confirmed_screened_filter_oracle_rows,cross_experiment,-0.041701520436647016,-0.10151679306608885,,0.0,-0.2427790788446526,0.0,0.0,-15833.333333333343
radar,radar__evaluation__clean__none__aNone,clean,none,adwin,E2_RL / RL_4state,E3_filter / confirmed_screened_filter_random_blocks,cross_experiment,-0.041701520436647016,-0.10151679306608885,,5.551115123125783e-17,-0.2427790788446526,0.0,0.0,-15833.333333333343
radar,radar__evaluation__clean__none__aNone,clean,none,adwin,E2_RL / RL_4state,E3_filter / confirmed_screened_filter_random_rows,cross_experiment,-0.041701520436647016,-0.10151679306608885,,5.551115123125783e-17,-0.2427790788446526,0.0,0.0,-15833.333333333343
radar,radar__evaluation__clean__none__aNone,clean,none,adwin,E2_RL / RL_4state,E3_filter / none_screened_filter_learned_features,cross_experiment,0.002262540768030702,-0.0010184182015167131,,0.09919617224880378,0.010564663023679477,0.0021904585112307376,0.0,4733.333333333343
radar,radar__evaluation__clean__none__aNone,clean,none,adwin,E2_RL / RL_4state,E3_filter / none_screened_filter_learned_features_label,cross_experiment,-0.009776833547287977,-0.031224268689057366,,0.022488038277511946,-0.19073640385115803,-0.01670688695006497,0.0,4621.666666666657
radar,radar__evaluation__clean__none__aNone,clean,none,adwin,E2_RL / RL_4state,E3_filter / none_screened_filter_none,cross_experiment,0.0,0.0,,0.0,0.0,0.0,0.0,0.0
radar,radar__evaluation__clean__none__aNone,clean,none,adwin,E2_RL / confirmed_screened,E3_filter / confirmed_screened_filter_learned_features,cross_experiment,0.054268039797478906,0.12071505958829909,,0.06296650717703345,0.30189955763726256,0.0021904585112307376,-3.3333333333333335,-368.3333333333285
radar,radar__evaluation__clean__none__aNone,clean,none,adwin,E2_RL / confirmed_screened,E3_filter / confirmed_screened_filter_learned_features_label,cross_experiment,0.024144777768118575,0.05033586132177692,,0.020095693779904278,0.0004163413999479504,-0.01670688695006497,-1.6666666666666667,5468.333333333343
radar,radar__evaluation__clean__none__aNone,clean,none,adwin,E2_RL / confirmed_screened,E3_filter / confirmed_screened_filter_none,cross_experiment,0.0,0.0,,0.0,0.0,0.0,0.0,0.0
radar,radar__evaluation__clean__none__aNone,clean,none,adwin,E2_RL / confirmed_screened,E3_filter / confirmed_screened_filter_oracle_blocks,cross_experiment,0.0,0.0,,0.0,0.0,0.0,0.0,0.0
radar,radar__evaluation__clean__none__aNone,clean,none,adwin,E2_RL / confirmed_screened,E3_filter / confirmed_screened_filter_oracle_rows,cross_experiment,0.0,0.0,,0.0,0.0,0.0,0.0,0.0
radar,radar__evaluation__clean__none__aNone,clean,none,adwin,E2_RL / confirmed_screened,E3_filter / confirmed_screened_filter_random_blocks,cross_experiment,0.0,0.0,,5.551115123125783e-17,0.0,0.0,0.0,0.0
radar,radar__evaluation__clean__none__aNone,clean,none,adwin,E2_RL / confirmed_screened,E3_filter / confirmed_screened_filter_random_rows,cross_experiment,0.0,0.0,,5.551115123125783e-17,0.0,0.0,0.0,0.0
radar,radar__evaluation__clean__none__aNone,clean,none,adwin,E2_RL / confirmed_screened,E3_filter / none_screened_filter_learned_features,cross_experiment,0.04396406120467772,0.10049837486457214,,0.09919617224880378,0.2533437418683321,0.0021904585112307376,0.0,20566.666666666686
radar,radar__evaluation__clean__none__aNone,clean,none,adwin,E2_RL / confirmed_screened,E3_filter / none_screened_filter_learned_features_label,cross_experiment,0.03192468688935904,0.07029252437703148,,0.022488038277511946,0.052042674993494575,-0.01670688695006497,0.0,20455.0
radar,radar__evaluation__clean__none__aNone,clean,none,adwin,E2_RL / confirmed_screened,E3_filter / none_screened_filter_none,cross_experiment,0.041701520436647016,0.10151679306608885,,0.0,0.2427790788446526,0.0,0.0,15833.333333333343
radar,radar__evaluation__clean__none__aNone,clean,none,adwin,E2_RL / error_rule,E3_filter / confirmed_screened_filter_learned_features,cross_experiment,0.009417820361806273,0.019414951245937173,,0.15387559808612433,0.05860005204267499,0.0021904585112307376,13.333333333333334,-16201.666666666672
radar,radar__evaluation__clean__none__aNone,clean,none,adwin,E2_RL / error_rule,E3_filter / confirmed_screened_filter_learned_features_label,cross_experiment,-0.02070544166755406,-0.050964247020584996,,0.11100478468899516,-0.24288316419463962,-0.01670688695006497,15.000000000000002,-10365.0
radar,radar__evaluation__clean__none__aNone,clean,none,adwin,E2_RL / error_rule,E3_filter / confirmed_screened_filter_none,cross_experiment,-0.044850219435672634,-0.10130010834236192,,0.09090909090909088,-0.24329950559458757,0.0,16.666666666666668,-15833.333333333343
radar,radar__evaluation__clean__none__aNone,clean,none,adwin,E2_RL / error_rule,E3_filter / confirmed_screened_filter_oracle_blocks,cross_experiment,-0.044850219435672634,-0.10130010834236192,,0.09090909090909088,-0.24329950559458757,0.0,16.666666666666668,-15833.333333333343
radar,radar__evaluation__clean__none__aNone,clean,none,adwin,E2_RL / error_rule,E3_filter / confirmed_screened_filter_oracle_rows,cross_experiment,-0.044850219435672634,-0.10130010834236192,,0.09090909090909088,-0.24329950559458757,0.0,16.666666666666668,-15833.333333333343
radar,radar__evaluation__clean__none__aNone,clean,none,adwin,E2_RL / error_rule,E3_filter / confirmed_screened_filter_random_blocks,cross_experiment,-0.044850219435672634,-0.10130010834236192,,0.09090909090909094,-0.24329950559458757,0.0,16.666666666666668,-15833.333333333343
radar,radar__evaluation__clean__none__aNone,clean,none,adwin,E2_RL / error_rule,E3_filter / confirmed_screened_filter_random_rows,cross_experiment,-0.044850219435672634,-0.10130010834236192,,0.09090909090909094,-0.24329950559458757,0.0,16.666666666666668,-15833.333333333343
radar,radar__evaluation__clean__none__aNone,clean,none,adwin,E2_RL / error_rule,E3_filter / none_screened_filter_learned_features,cross_experiment,-0.0008861582309949156,-0.0008017334777897789,,0.19010526315789467,0.010044236273744511,0.0021904585112307376,16.666666666666668,4733.333333333343
radar,radar__evaluation__clean__none__aNone,clean,none,adwin,E2_RL / error_rule,E3_filter / none_screened_filter_learned_features_label,cross_experiment,-0.012925532546313595,-0.031007583965330432,,0.11339712918660283,-0.191256830601093,-0.01670688695006497,16.666666666666668,4621.666666666657
radar,radar__evaluation__clean__none__aNone,clean,none,adwin,E2_RL / error_rule,E3_filter / none_screened_filter_none,cross_experiment,-0.0031486989990256176,0.00021668472372693426,,0.09090909090909088,-0.0005204267499349657,0.0,16.666666666666668,0.0
radar,radar__evaluation__clean__none__aNone,clean,none,adwin,E2_RL / none_screened,E3_filter / confirmed_screened_filter_learned_features,cross_experiment,0.01256651936083189,0.01919826652221024,,0.06296650717703345,0.059120478792609954,0.0021904585112307376,-3.3333333333333335,-16201.666666666672
radar,radar__evaluation__clean__none__aNone,clean,none,adwin,E2_RL / none_screened,E3_filter / confirmed_screened_filter_learned_features_label,cross_experiment,-0.01755674266852844,-0.05118093174431193,,0.020095693779904278,-0.24236273744470466,-0.01670688695006497,-1.6666666666666667,-10365.0
radar,radar__evaluation__clean__none__aNone,clean,none,adwin,E2_RL / none_screened,E3_filter / confirmed_screened_filter_none,cross_experiment,-0.041701520436647016,-0.10151679306608885,,0.0,-0.2427790788446526,0.0,0.0,-15833.333333333343
radar,radar__evaluation__clean__none__aNone,clean,none,adwin,E2_RL / none_screened,E3_filter / confirmed_screened_filter_oracle_blocks,cross_experiment,-0.041701520436647016,-0.10151679306608885,,0.0,-0.2427790788446526,0.0,0.0,-15833.333333333343
radar,radar__evaluation__clean__none__aNone,clean,none,adwin,E2_RL / none_screened,E3_filter / confirmed_screened_filter_oracle_rows,cross_experiment,-0.041701520436647016,-0.10151679306608885,,0.0,-0.2427790788446526,0.0,0.0,-15833.333333333343
radar,radar__evaluation__clean__none__aNone,clean,none,adwin,E2_RL / none_screened,E3_filter / confirmed_screened_filter_random_blocks,cross_experiment,-0.041701520436647016,-0.10151679306608885,,5.551115123125783e-17,-0.2427790788446526,0.0,0.0,-15833.333333333343
radar,radar__evaluation__clean__none__aNone,clean,none,adwin,E2_RL / none_screened,E3_filter / confirmed_screened_filter_random_rows,cross_experiment,-0.041701520436647016,-0.10151679306608885,,5.551115123125783e-17,-0.2427790788446526,0.0,0.0,-15833.333333333343
radar,radar__evaluation__clean__none__aNone,clean,none,adwin,E2_RL / none_screened,E3_filter / none_screened_filter_learned_features,cross_experiment,0.002262540768030702,-0.0010184182015167131,,0.09919617224880378,0.010564663023679477,0.0021904585112307376,0.0,4733.333333333343
radar,radar__evaluation__clean__none__aNone,clean,none,adwin,E2_RL / none_screened,E3_filter / none_screened_filter_learned_features_label,cross_experiment,-0.009776833547287977,-0.031224268689057366,,0.022488038277511946,-0.19073640385115803,-0.01670688695006497,0.0,4621.666666666657
radar,radar__evaluation__clean__none__aNone,clean,none,adwin,E2_RL / none_screened,E3_filter / none_screened_filter_none,cross_experiment,0.0,0.0,,0.0,0.0,0.0,0.0,0.0
radar,radar__evaluation__clean__none__aNone,clean,none,adwin,E2_RL / selected_map,E3_filter / confirmed_screened_filter_learned_features,cross_experiment,0.009417820361806273,0.019414951245937173,,0.15387559808612433,0.05860005204267499,0.0021904585112307376,5.0,-16201.666666666672
radar,radar__evaluation__clean__none__aNone,clean,none,adwin,E2_RL / selected_map,E3_filter / confirmed_screened_filter_learned_features_label,cross_experiment,-0.02070544166755406,-0.050964247020584996,,0.11100478468899516,-0.24288316419463962,-0.01670688695006497,6.666666666666667,-10365.0
radar,radar__evaluation__clean__none__aNone,clean,none,adwin,E2_RL / selected_map,E3_filter / confirmed_screened_filter_none,cross_experiment,-0.044850219435672634,-0.10130010834236192,,0.09090909090909088,-0.24329950559458757,0.0,8.333333333333334,-15833.333333333343
radar,radar__evaluation__clean__none__aNone,clean,none,adwin,E2_RL / selected_map,E3_filter / confirmed_screened_filter_oracle_blocks,cross_experiment,-0.044850219435672634,-0.10130010834236192,,0.09090909090909088,-0.24329950559458757,0.0,8.333333333333334,-15833.333333333343
radar,radar__evaluation__clean__none__aNone,clean,none,adwin,E2_RL / selected_map,E3_filter / confirmed_screened_filter_oracle_rows,cross_experiment,-0.044850219435672634,-0.10130010834236192,,0.09090909090909088,-0.24329950559458757,0.0,8.333333333333334,-15833.333333333343
radar,radar__evaluation__clean__none__aNone,clean,none,adwin,E2_RL / selected_map,E3_filter / confirmed_screened_filter_random_blocks,cross_experiment,-0.044850219435672634,-0.10130010834236192,,0.09090909090909094,-0.24329950559458757,0.0,8.333333333333334,-15833.333333333343
radar,radar__evaluation__clean__none__aNone,clean,none,adwin,E2_RL / selected_map,E3_filter / confirmed_screened_filter_random_rows,cross_experiment,-0.044850219435672634,-0.10130010834236192,,0.09090909090909094,-0.24329950559458757,0.0,8.333333333333334,-15833.333333333343
radar,radar__evaluation__clean__none__aNone,clean,none,adwin,E2_RL / selected_map,E3_filter / none_screened_filter_learned_features,cross_experiment,-0.0008861582309949156,-0.0008017334777897789,,0.19010526315789467,0.010044236273744511,0.0021904585112307376,8.333333333333334,4733.333333333343
radar,radar__evaluation__clean__none__aNone,clean,none,adwin,E2_RL / selected_map,E3_filter / none_screened_filter_learned_features_label,cross_experiment,-0.012925532546313595,-0.031007583965330432,,0.11339712918660283,-0.191256830601093,-0.01670688695006497,8.333333333333334,4621.666666666657
radar,radar__evaluation__clean__none__aNone,clean,none,adwin,E2_RL / selected_map,E3_filter / none_screened_filter_none,cross_experiment,-0.0031486989990256176,0.00021668472372693426,,0.09090909090909088,-0.0005204267499349657,0.0,8.333333333333334,0.0
radar,radar__evaluation__clean__none__aNone,clean,none,d3_oof,E1_fixed / confirmed_screened,E2_RL / RL_2state,cross_experiment,0.0,0.0,,0.0,0.0,0.0,0.0,0.0
radar,radar__evaluation__clean__none__aNone,clean,none,d3_oof,E1_fixed / confirmed_screened,E2_RL / RL_4state,cross_experiment,0.0,0.0,,0.0,0.0,0.0,0.0,0.0
radar,radar__evaluation__clean__none__aNone,clean,none,d3_oof,E1_fixed / confirmed_screened,E2_RL / confirmed_screened,cross_experiment,0.0,0.0,,0.0,0.0,0.0,0.0,0.0
radar,radar__evaluation__clean__none__aNone,clean,none,d3_oof,E1_fixed / confirmed_screened,E2_RL / error_rule,cross_experiment,0.0031486989990256176,-0.00021668472372693426,,-0.09090909090909088,0.0005204267499349657,0.0,-16.666666666666668,0.0
radar,radar__evaluation__clean__none__aNone,clean,none,d3_oof,E1_fixed / confirmed_screened,E2_RL / none_screened,cross_experiment,0.0,0.0,,0.0,0.0,0.0,0.0,0.0
radar,radar__evaluation__clean__none__aNone,clean,none,d3_oof,E1_fixed / confirmed_screened,E2_RL / selected_map,cross_experiment,0.0,0.0,,0.0,0.0,0.0,0.0,0.0
radar,radar__evaluation__clean__none__aNone,clean,none,d3_oof,E1_fixed / confirmed_screened,E3_filter / confirmed_screened_filter_learned_features,cross_experiment,0.002262540768030702,-0.0010184182015167131,,0.09919617224880378,0.010564663023679477,0.0021904585112307376,0.0,4733.333333333343
radar,radar__evaluation__clean__none__aNone,clean,none,d3_oof,E1_fixed / confirmed_screened,E3_filter / confirmed_screened_filter_learned_features_label,cross_experiment,-0.009776833547287977,-0.031224268689057366,,0.022488038277511946,-0.19073640385115803,-0.01670688695006497,0.0,4621.666666666657
radar,radar__evaluation__clean__none__aNone,clean,none,d3_oof,E1_fixed / confirmed_screened,E3_filter / confirmed_screened_filter_none,cross_experiment,0.0,0.0,,0.0,0.0,0.0,0.0,0.0
radar,radar__evaluation__clean__none__aNone,clean,none,d3_oof,E1_fixed / confirmed_screened,E3_filter / confirmed_screened_filter_oracle_blocks,cross_experiment,0.0,0.0,,0.0,0.0,0.0,0.0,0.0
radar,radar__evaluation__clean__none__aNone,clean,none,d3_oof,E1_fixed / confirmed_screened,E3_filter / confirmed_screened_filter_oracle_rows,cross_experiment,0.0,0.0,,0.0,0.0,0.0,0.0,0.0
radar,radar__evaluation__clean__none__aNone,clean,none,d3_oof,E1_fixed / confirmed_screened,E3_filter / confirmed_screened_filter_random_blocks,cross_experiment,2.7755575615628914e-17,0.0,,5.551115123125783e-17,0.0,0.0,0.0,0.0
radar,radar__evaluation__clean__none__aNone,clean,none,d3_oof,E1_fixed / confirmed_screened,E3_filter / confirmed_screened_filter_random_rows,cross_experiment,2.7755575615628914e-17,0.0,,5.551115123125783e-17,0.0,0.0,0.0,0.0
radar,radar__evaluation__clean__none__aNone,clean,none,d3_oof,E1_fixed / confirmed_screened,E3_filter / none_screened_filter_learned_features,cross_experiment,0.002262540768030702,-0.0010184182015167131,,0.09919617224880378,0.010564663023679477,0.0021904585112307376,0.0,4733.333333333343
radar,radar__evaluation__clean__none__aNone,clean,none,d3_oof,E1_fixed / confirmed_screened,E3_filter / none_screened_filter_learned_features_label,cross_experiment,-0.009776833547287977,-0.031224268689057366,,0.022488038277511946,-0.19073640385115803,-0.01670688695006497,0.0,4621.666666666657
radar,radar__evaluation__clean__none__aNone,clean,none,d3_oof,E1_fixed / confirmed_screened,E3_filter / none_screened_filter_none,cross_experiment,0.0,0.0,,0.0,0.0,0.0,0.0,0.0
radar,radar__evaluation__clean__none__aNone,clean,none,d3_oof,E1_fixed / confirmed_unscreened,E2_RL / RL_2state,cross_experiment,-0.048817543459644536,-0.03672806067172263,,-0.45454545454545453,0.005724694249284401,0.03638388713569705,0.0,0.0
radar,radar__evaluation__clean__none__aNone,clean,none,d3_oof,E1_fixed / confirmed_unscreened,E2_RL / RL_4state,cross_experiment,-0.048817543459644536,-0.03672806067172263,,-0.45454545454545453,0.005724694249284401,0.03638388713569705,0.0,0.0
radar,radar__evaluation__clean__none__aNone,clean,none,d3_oof,E1_fixed / confirmed_unscreened,E2_RL / confirmed_screened,cross_experiment,-0.048817543459644536,-0.03672806067172263,,-0.45454545454545453,0.005724694249284401,0.03638388713569705,0.0,0.0
radar,radar__evaluation__clean__none__aNone,clean,none,d3_oof,E1_fixed / confirmed_unscreened,E2_RL / error_rule,cross_experiment,-0.04566884446061892,-0.03694474539544956,,-0.5454545454545454,0.006245120999219367,0.03638388713569705,-16.666666666666668,0.0
radar,radar__evaluation__clean__none__aNone,clean,none,d3_oof,E1_fixed / confirmed_unscreened,E2_RL / none_screened,cross_experiment,-0.048817543459644536,-0.03672806067172263,,-0.45454545454545453,0.005724694249284401,0.03638388713569705,0.0,0.0
radar,radar__evaluation__clean__none__aNone,clean,none,d3_oof,E1_fixed / confirmed_unscreened,E2_RL / selected_map,cross_experiment,-0.048817543459644536,-0.03672806067172263,,-0.45454545454545453,0.005724694249284401,0.03638388713569705,0.0,0.0
radar,radar__evaluation__clean__none__aNone,clean,none,d3_oof,E1_fixed / confirmed_unscreened,E3_filter / confirmed_screened_filter_learned_features,cross_experiment,-0.046555002691613834,-0.03774647887323934,,-0.35534928229665075,0.016289357272963878,0.038574345646927785,0.0,4733.333333333343
radar,radar__evaluation__clean__none__aNone,clean,none,d3_oof,E1_fixed / confirmed_unscreened,E3_filter / confirmed_screened_filter_learned_features_label,cross_experiment,-0.05859437700693251,-0.06795232936078,,-0.4320574162679426,-0.18501170960187363,0.01967700018563208,0.0,4621.666666666657
radar,radar__evaluation__clean__none__aNone,clean,none,d3_oof,E1_fixed / confirmed_unscreened,E3_filter / confirmed_screened_filter_none,cross_experiment,-0.048817543459644536,-0.03672806067172263,,-0.45454545454545453,0.005724694249284401,0.03638388713569705,0.0,0.0
radar,radar__evaluation__clean__none__aNone,clean,none,d3_oof,E1_fixed / confirmed_unscreened,E3_filter / confirmed_screened_filter_oracle_blocks,cross_experiment,-0.048817543459644536,-0.03672806067172263,,-0.45454545454545453,0.005724694249284401,0.03638388713569705,0.0,0.0
radar,radar__evaluation__clean__none__aNone,clean,none,d3_oof,E1_fixed / confirmed_unscreened,E3_filter / confirmed_screened_filter_oracle_rows,cross_experiment,-0.048817543459644536,-0.03672806067172263,,-0.45454545454545453,0.005724694249284401,0.03638388713569705,0.0,0.0
radar,radar__evaluation__clean__none__aNone,clean,none,d3_oof,E1_fixed / confirmed_unscreened,E3_filter / confirmed_screened_filter_random_blocks,cross_experiment,-0.04881754345964451,-0.03672806067172263,,-0.4545454545454545,0.005724694249284401,0.03638388713569705,0.0,0.0
radar,radar__evaluation__clean__none__aNone,clean,none,d3_oof,E1_fixed / confirmed_unscreened,E3_filter / confirmed_screened_filter_random_rows,cross_experiment,-0.04881754345964451,-0.03672806067172263,,-0.4545454545454545,0.005724694249284401,0.03638388713569705,0.0,0.0
radar,radar__evaluation__clean__none__aNone,clean,none,d3_oof,E1_fixed / confirmed_unscreened,E3_filter / none_screened_filter_learned_features,cross_experiment,-0.046555002691613834,-0.03774647887323934,,-0.35534928229665075,0.016289357272963878,0.038574345646927785,0.0,4733.333333333343
radar,radar__evaluation__clean__none__aNone,clean,none,d3_oof,E1_fixed / confirmed_unscreened,E3_filter / none_screened_filter_learned_features_label,cross_experiment,-0.05859437700693251,-0.06795232936078,,-0.4320574162679426,-0.18501170960187363,0.01967700018563208,0.0,4621.666666666657
radar,radar__evaluation__clean__none__aNone,clean,none,d3_oof,E1_fixed / confirmed_unscreened,E3_filter / none_screened_filter_none,cross_experiment,-0.048817543459644536,-0.03672806067172263,,-0.45454545454545453,0.005724694249284401,0.03638388713569705,0.0,0.0
radar,radar__evaluation__clean__none__aNone,clean,none,d3_oof,E1_fixed / immediate_screened,E2_RL / RL_2state,cross_experiment,0.0,0.0,,0.0,0.0,0.0,0.0,0.0
radar,radar__evaluation__clean__none__aNone,clean,none,d3_oof,E1_fixed / immediate_screened,E2_RL / RL_4state,cross_experiment,0.0,0.0,,0.0,0.0,0.0,0.0,0.0
radar,radar__evaluation__clean__none__aNone,clean,none,d3_oof,E1_fixed / immediate_screened,E2_RL / confirmed_screened,cross_experiment,0.0,0.0,,0.0,0.0,0.0,0.0,0.0
radar,radar__evaluation__clean__none__aNone,clean,none,d3_oof,E1_fixed / immediate_screened,E2_RL / error_rule,cross_experiment,0.0031486989990256176,-0.00021668472372693426,,-0.09090909090909088,0.0005204267499349657,0.0,-16.666666666666668,0.0
radar,radar__evaluation__clean__none__aNone,clean,none,d3_oof,E1_fixed / immediate_screened,E2_RL / none_screened,cross_experiment,0.0,0.0,,0.0,0.0,0.0,0.0,0.0
radar,radar__evaluation__clean__none__aNone,clean,none,d3_oof,E1_fixed / immediate_screened,E2_RL / selected_map,cross_experiment,0.0,0.0,,0.0,0.0,0.0,0.0,0.0
radar,radar__evaluation__clean__none__aNone,clean,none,d3_oof,E1_fixed / immediate_screened,E3_filter / confirmed_screened_filter_learned_features,cross_experiment,0.002262540768030702,-0.0010184182015167131,,0.09919617224880378,0.010564663023679477,0.0021904585112307376,0.0,4733.333333333343
radar,radar__evaluation__clean__none__aNone,clean,none,d3_oof,E1_fixed / immediate_screened,E3_filter / confirmed_screened_filter_learned_features_label,cross_experiment,-0.009776833547287977,-0.031224268689057366,,0.022488038277511946,-0.19073640385115803,-0.01670688695006497,0.0,4621.666666666657
radar,radar__evaluation__clean__none__aNone,clean,none,d3_oof,E1_fixed / immediate_screened,E3_filter / confirmed_screened_filter_none,cross_experiment,0.0,0.0,,0.0,0.0,0.0,0.0,0.0
radar,radar__evaluation__clean__none__aNone,clean,none,d3_oof,E1_fixed / immediate_screened,E3_filter / confirmed_screened_filter_oracle_blocks,cross_experiment,0.0,0.0,,0.0,0.0,0.0,0.0,0.0
radar,radar__evaluation__clean__none__aNone,clean,none,d3_oof,E1_fixed / immediate_screened,E3_filter / confirmed_screened_filter_oracle_rows,cross_experiment,0.0,0.0,,0.0,0.0,0.0,0.0,0.0
radar,radar__evaluation__clean__none__aNone,clean,none,d3_oof,E1_fixed / immediate_screened,E3_filter / confirmed_screened_filter_random_blocks,cross_experiment,2.7755575615628914e-17,0.0,,5.551115123125783e-17,0.0,0.0,0.0,0.0
radar,radar__evaluation__clean__none__aNone,clean,none,d3_oof,E1_fixed / immediate_screened,E3_filter / confirmed_screened_filter_random_rows,cross_experiment,2.7755575615628914e-17,0.0,,5.551115123125783e-17,0.0,0.0,0.0,0.0
radar,radar__evaluation__clean__none__aNone,clean,none,d3_oof,E1_fixed / immediate_screened,E3_filter / none_screened_filter_learned_features,cross_experiment,0.002262540768030702,-0.0010184182015167131,,0.09919617224880378,0.010564663023679477,0.0021904585112307376,0.0,4733.333333333343
radar,radar__evaluation__clean__none__aNone,clean,none,d3_oof,E1_fixed / immediate_screened,E3_filter / none_screened_filter_learned_features_label,cross_experiment,-0.009776833547287977,-0.031224268689057366,,0.022488038277511946,-0.19073640385115803,-0.01670688695006497,0.0,4621.666666666657
radar,radar__evaluation__clean__none__aNone,clean,none,d3_oof,E1_fixed / immediate_screened,E3_filter / none_screened_filter_none,cross_experiment,0.0,0.0,,0.0,0.0,0.0,0.0,0.0
radar,radar__evaluation__clean__none__aNone,clean,none,d3_oof,E1_fixed / immediate_unscreened,E2_RL / RL_2state,cross_experiment,-0.048817543459644536,-0.03672806067172263,,-0.45454545454545453,0.005724694249284401,0.03638388713569705,0.0,0.0
radar,radar__evaluation__clean__none__aNone,clean,none,d3_oof,E1_fixed / immediate_unscreened,E2_RL / RL_4state,cross_experiment,-0.048817543459644536,-0.03672806067172263,,-0.45454545454545453,0.005724694249284401,0.03638388713569705,0.0,0.0
radar,radar__evaluation__clean__none__aNone,clean,none,d3_oof,E1_fixed / immediate_unscreened,E2_RL / confirmed_screened,cross_experiment,-0.048817543459644536,-0.03672806067172263,,-0.45454545454545453,0.005724694249284401,0.03638388713569705,0.0,0.0
radar,radar__evaluation__clean__none__aNone,clean,none,d3_oof,E1_fixed / immediate_unscreened,E2_RL / error_rule,cross_experiment,-0.04566884446061892,-0.03694474539544956,,-0.5454545454545454,0.006245120999219367,0.03638388713569705,-16.666666666666668,0.0
radar,radar__evaluation__clean__none__aNone,clean,none,d3_oof,E1_fixed / immediate_unscreened,E2_RL / none_screened,cross_experiment,-0.048817543459644536,-0.03672806067172263,,-0.45454545454545453,0.005724694249284401,0.03638388713569705,0.0,0.0
radar,radar__evaluation__clean__none__aNone,clean,none,d3_oof,E1_fixed / immediate_unscreened,E2_RL / selected_map,cross_experiment,-0.048817543459644536,-0.03672806067172263,,-0.45454545454545453,0.005724694249284401,0.03638388713569705,0.0,0.0
radar,radar__evaluation__clean__none__aNone,clean,none,d3_oof,E1_fixed / immediate_unscreened,E3_filter / confirmed_screened_filter_learned_features,cross_experiment,-0.046555002691613834,-0.03774647887323934,,-0.35534928229665075,0.016289357272963878,0.038574345646927785,0.0,4733.333333333343
radar,radar__evaluation__clean__none__aNone,clean,none,d3_oof,E1_fixed / immediate_unscreened,E3_filter / confirmed_screened_filter_learned_features_label,cross_experiment,-0.05859437700693251,-0.06795232936078,,-0.4320574162679426,-0.18501170960187363,0.01967700018563208,0.0,4621.666666666657
radar,radar__evaluation__clean__none__aNone,clean,none,d3_oof,E1_fixed / immediate_unscreened,E3_filter / confirmed_screened_filter_none,cross_experiment,-0.048817543459644536,-0.03672806067172263,,-0.45454545454545453,0.005724694249284401,0.03638388713569705,0.0,0.0
radar,radar__evaluation__clean__none__aNone,clean,none,d3_oof,E1_fixed / immediate_unscreened,E3_filter / confirmed_screened_filter_oracle_blocks,cross_experiment,-0.048817543459644536,-0.03672806067172263,,-0.45454545454545453,0.005724694249284401,0.03638388713569705,0.0,0.0
radar,radar__evaluation__clean__none__aNone,clean,none,d3_oof,E1_fixed / immediate_unscreened,E3_filter / confirmed_screened_filter_oracle_rows,cross_experiment,-0.048817543459644536,-0.03672806067172263,,-0.45454545454545453,0.005724694249284401,0.03638388713569705,0.0,0.0
radar,radar__evaluation__clean__none__aNone,clean,none,d3_oof,E1_fixed / immediate_unscreened,E3_filter / confirmed_screened_filter_random_blocks,cross_experiment,-0.04881754345964451,-0.03672806067172263,,-0.4545454545454545,0.005724694249284401,0.03638388713569705,0.0,0.0
radar,radar__evaluation__clean__none__aNone,clean,none,d3_oof,E1_fixed / immediate_unscreened,E3_filter / confirmed_screened_filter_random_rows,cross_experiment,-0.04881754345964451,-0.03672806067172263,,-0.4545454545454545,0.005724694249284401,0.03638388713569705,0.0,0.0
radar,radar__evaluation__clean__none__aNone,clean,none,d3_oof,E1_fixed / immediate_unscreened,E3_filter / none_screened_filter_learned_features,cross_experiment,-0.046555002691613834,-0.03774647887323934,,-0.35534928229665075,0.016289357272963878,0.038574345646927785,0.0,4733.333333333343
radar,radar__evaluation__clean__none__aNone,clean,none,d3_oof,E1_fixed / immediate_unscreened,E3_filter / none_screened_filter_learned_features_label,cross_experiment,-0.05859437700693251,-0.06795232936078,,-0.4320574162679426,-0.18501170960187363,0.01967700018563208,0.0,4621.666666666657
radar,radar__evaluation__clean__none__aNone,clean,none,d3_oof,E1_fixed / immediate_unscreened,E3_filter / none_screened_filter_none,cross_experiment,-0.048817543459644536,-0.03672806067172263,,-0.45454545454545453,0.005724694249284401,0.03638388713569705,0.0,0.0
radar,radar__evaluation__clean__none__aNone,clean,none,d3_oof,E1_fixed / none_screened,E2_RL / RL_2state,cross_experiment,0.0,0.0,,0.0,0.0,0.0,0.0,0.0
radar,radar__evaluation__clean__none__aNone,clean,none,d3_oof,E1_fixed / none_screened,E2_RL / RL_4state,cross_experiment,0.0,0.0,,0.0,0.0,0.0,0.0,0.0
radar,radar__evaluation__clean__none__aNone,clean,none,d3_oof,E1_fixed / none_screened,E2_RL / confirmed_screened,cross_experiment,0.0,0.0,,0.0,0.0,0.0,0.0,0.0
radar,radar__evaluation__clean__none__aNone,clean,none,d3_oof,E1_fixed / none_screened,E2_RL / error_rule,cross_experiment,0.0031486989990256176,-0.00021668472372693426,,-0.09090909090909088,0.0005204267499349657,0.0,-16.666666666666668,0.0
radar,radar__evaluation__clean__none__aNone,clean,none,d3_oof,E1_fixed / none_screened,E2_RL / none_screened,cross_experiment,0.0,0.0,,0.0,0.0,0.0,0.0,0.0
radar,radar__evaluation__clean__none__aNone,clean,none,d3_oof,E1_fixed / none_screened,E2_RL / selected_map,cross_experiment,0.0,0.0,,0.0,0.0,0.0,0.0,0.0
radar,radar__evaluation__clean__none__aNone,clean,none,d3_oof,E1_fixed / none_screened,E3_filter / confirmed_screened_filter_learned_features,cross_experiment,0.002262540768030702,-0.0010184182015167131,,0.09919617224880378,0.010564663023679477,0.0021904585112307376,0.0,4733.333333333343
radar,radar__evaluation__clean__none__aNone,clean,none,d3_oof,E1_fixed / none_screened,E3_filter / confirmed_screened_filter_learned_features_label,cross_experiment,-0.009776833547287977,-0.031224268689057366,,0.022488038277511946,-0.19073640385115803,-0.01670688695006497,0.0,4621.666666666657
radar,radar__evaluation__clean__none__aNone,clean,none,d3_oof,E1_fixed / none_screened,E3_filter / confirmed_screened_filter_none,cross_experiment,0.0,0.0,,0.0,0.0,0.0,0.0,0.0
radar,radar__evaluation__clean__none__aNone,clean,none,d3_oof,E1_fixed / none_screened,E3_filter / confirmed_screened_filter_oracle_blocks,cross_experiment,0.0,0.0,,0.0,0.0,0.0,0.0,0.0
radar,radar__evaluation__clean__none__aNone,clean,none,d3_oof,E1_fixed / none_screened,E3_filter / confirmed_screened_filter_oracle_rows,cross_experiment,0.0,0.0,,0.0,0.0,0.0,0.0,0.0
radar,radar__evaluation__clean__none__aNone,clean,none,d3_oof,E1_fixed / none_screened,E3_filter / confirmed_screened_filter_random_blocks,cross_experiment,2.7755575615628914e-17,0.0,,5.551115123125783e-17,0.0,0.0,0.0,0.0
radar,radar__evaluation__clean__none__aNone,clean,none,d3_oof,E1_fixed / none_screened,E3_filter / confirmed_screened_filter_random_rows,cross_experiment,2.7755575615628914e-17,0.0,,5.551115123125783e-17,0.0,0.0,0.0,0.0
radar,radar__evaluation__clean__none__aNone,clean,none,d3_oof,E1_fixed / none_screened,E3_filter / none_screened_filter_learned_features,cross_experiment,0.002262540768030702,-0.0010184182015167131,,0.09919617224880378,0.010564663023679477,0.0021904585112307376,0.0,4733.333333333343
radar,radar__evaluation__clean__none__aNone,clean,none,d3_oof,E1_fixed / none_screened,E3_filter / none_screened_filter_learned_features_label,cross_experiment,-0.009776833547287977,-0.031224268689057366,,0.022488038277511946,-0.19073640385115803,-0.01670688695006497,0.0,4621.666666666657
radar,radar__evaluation__clean__none__aNone,clean,none,d3_oof,E1_fixed / none_screened,E3_filter / none_screened_filter_none,cross_experiment,0.0,0.0,,0.0,0.0,0.0,0.0,0.0
radar,radar__evaluation__clean__none__aNone,clean,none,d3_oof,E1_fixed / none_unscreened,E2_RL / RL_2state,cross_experiment,-0.048817543459644536,-0.03672806067172263,,-0.45454545454545453,0.005724694249284401,0.03638388713569705,0.0,0.0
radar,radar__evaluation__clean__none__aNone,clean,none,d3_oof,E1_fixed / none_unscreened,E2_RL / RL_4state,cross_experiment,-0.048817543459644536,-0.03672806067172263,,-0.45454545454545453,0.005724694249284401,0.03638388713569705,0.0,0.0
radar,radar__evaluation__clean__none__aNone,clean,none,d3_oof,E1_fixed / none_unscreened,E2_RL / confirmed_screened,cross_experiment,-0.048817543459644536,-0.03672806067172263,,-0.45454545454545453,0.005724694249284401,0.03638388713569705,0.0,0.0
radar,radar__evaluation__clean__none__aNone,clean,none,d3_oof,E1_fixed / none_unscreened,E2_RL / error_rule,cross_experiment,-0.04566884446061892,-0.03694474539544956,,-0.5454545454545454,0.006245120999219367,0.03638388713569705,-16.666666666666668,0.0
radar,radar__evaluation__clean__none__aNone,clean,none,d3_oof,E1_fixed / none_unscreened,E2_RL / none_screened,cross_experiment,-0.048817543459644536,-0.03672806067172263,,-0.45454545454545453,0.005724694249284401,0.03638388713569705,0.0,0.0
radar,radar__evaluation__clean__none__aNone,clean,none,d3_oof,E1_fixed / none_unscreened,E2_RL / selected_map,cross_experiment,-0.048817543459644536,-0.03672806067172263,,-0.45454545454545453,0.005724694249284401,0.03638388713569705,0.0,0.0
radar,radar__evaluation__clean__none__aNone,clean,none,d3_oof,E1_fixed / none_unscreened,E3_filter / confirmed_screened_filter_learned_features,cross_experiment,-0.046555002691613834,-0.03774647887323934,,-0.35534928229665075,0.016289357272963878,0.038574345646927785,0.0,4733.333333333343
radar,radar__evaluation__clean__none__aNone,clean,none,d3_oof,E1_fixed / none_unscreened,E3_filter / confirmed_screened_filter_learned_features_label,cross_experiment,-0.05859437700693251,-0.06795232936078,,-0.4320574162679426,-0.18501170960187363,0.01967700018563208,0.0,4621.666666666657
radar,radar__evaluation__clean__none__aNone,clean,none,d3_oof,E1_fixed / none_unscreened,E3_filter / confirmed_screened_filter_none,cross_experiment,-0.048817543459644536,-0.03672806067172263,,-0.45454545454545453,0.005724694249284401,0.03638388713569705,0.0,0.0
radar,radar__evaluation__clean__none__aNone,clean,none,d3_oof,E1_fixed / none_unscreened,E3_filter / confirmed_screened_filter_oracle_blocks,cross_experiment,-0.048817543459644536,-0.03672806067172263,,-0.45454545454545453,0.005724694249284401,0.03638388713569705,0.0,0.0
radar,radar__evaluation__clean__none__aNone,clean,none,d3_oof,E1_fixed / none_unscreened,E3_filter / confirmed_screened_filter_oracle_rows,cross_experiment,-0.048817543459644536,-0.03672806067172263,,-0.45454545454545453,0.005724694249284401,0.03638388713569705,0.0,0.0
radar,radar__evaluation__clean__none__aNone,clean,none,d3_oof,E1_fixed / none_unscreened,E3_filter / confirmed_screened_filter_random_blocks,cross_experiment,-0.04881754345964451,-0.03672806067172263,,-0.4545454545454545,0.005724694249284401,0.03638388713569705,0.0,0.0
radar,radar__evaluation__clean__none__aNone,clean,none,d3_oof,E1_fixed / none_unscreened,E3_filter / confirmed_screened_filter_random_rows,cross_experiment,-0.04881754345964451,-0.03672806067172263,,-0.4545454545454545,0.005724694249284401,0.03638388713569705,0.0,0.0
radar,radar__evaluation__clean__none__aNone,clean,none,d3_oof,E1_fixed / none_unscreened,E3_filter / none_screened_filter_learned_features,cross_experiment,-0.046555002691613834,-0.03774647887323934,,-0.35534928229665075,0.016289357272963878,0.038574345646927785,0.0,4733.333333333343
radar,radar__evaluation__clean__none__aNone,clean,none,d3_oof,E1_fixed / none_unscreened,E3_filter / none_screened_filter_learned_features_label,cross_experiment,-0.05859437700693251,-0.06795232936078,,-0.4320574162679426,-0.18501170960187363,0.01967700018563208,0.0,4621.666666666657
radar,radar__evaluation__clean__none__aNone,clean,none,d3_oof,E1_fixed / none_unscreened,E3_filter / none_screened_filter_none,cross_experiment,-0.048817543459644536,-0.03672806067172263,,-0.45454545454545453,0.005724694249284401,0.03638388713569705,0.0,0.0
radar,radar__evaluation__clean__none__aNone,clean,none,d3_oof,E2_RL / RL_2state,E3_filter / confirmed_screened_filter_learned_features,cross_experiment,0.002262540768030702,-0.0010184182015167131,,0.09919617224880378,0.010564663023679477,0.0021904585112307376,0.0,4733.333333333343
radar,radar__evaluation__clean__none__aNone,clean,none,d3_oof,E2_RL / RL_2state,E3_filter / confirmed_screened_filter_learned_features_label,cross_experiment,-0.009776833547287977,-0.031224268689057366,,0.022488038277511946,-0.19073640385115803,-0.01670688695006497,0.0,4621.666666666657
radar,radar__evaluation__clean__none__aNone,clean,none,d3_oof,E2_RL / RL_2state,E3_filter / confirmed_screened_filter_none,cross_experiment,0.0,0.0,,0.0,0.0,0.0,0.0,0.0
radar,radar__evaluation__clean__none__aNone,clean,none,d3_oof,E2_RL / RL_2state,E3_filter / confirmed_screened_filter_oracle_blocks,cross_experiment,0.0,0.0,,0.0,0.0,0.0,0.0,0.0
radar,radar__evaluation__clean__none__aNone,clean,none,d3_oof,E2_RL / RL_2state,E3_filter / confirmed_screened_filter_oracle_rows,cross_experiment,0.0,0.0,,0.0,0.0,0.0,0.0,0.0
radar,radar__evaluation__clean__none__aNone,clean,none,d3_oof,E2_RL / RL_2state,E3_filter / confirmed_screened_filter_random_blocks,cross_experiment,2.7755575615628914e-17,0.0,,5.551115123125783e-17,0.0,0.0,0.0,0.0
radar,radar__evaluation__clean__none__aNone,clean,none,d3_oof,E2_RL / RL_2state,E3_filter / confirmed_screened_filter_random_rows,cross_experiment,2.7755575615628914e-17,0.0,,5.551115123125783e-17,0.0,0.0,0.0,0.0
radar,radar__evaluation__clean__none__aNone,clean,none,d3_oof,E2_RL / RL_2state,E3_filter / none_screened_filter_learned_features,cross_experiment,0.002262540768030702,-0.0010184182015167131,,0.09919617224880378,0.010564663023679477,0.0021904585112307376,0.0,4733.333333333343
radar,radar__evaluation__clean__none__aNone,clean,none,d3_oof,E2_RL / RL_2state,E3_filter / none_screened_filter_learned_features_label,cross_experiment,-0.009776833547287977,-0.031224268689057366,,0.022488038277511946,-0.19073640385115803,-0.01670688695006497,0.0,4621.666666666657
radar,radar__evaluation__clean__none__aNone,clean,none,d3_oof,E2_RL / RL_2state,E3_filter / none_screened_filter_none,cross_experiment,0.0,0.0,,0.0,0.0,0.0,0.0,0.0
radar,radar__evaluation__clean__none__aNone,clean,none,d3_oof,E2_RL / RL_4state,E3_filter / confirmed_screened_filter_learned_features,cross_experiment,0.002262540768030702,-0.0010184182015167131,,0.09919617224880378,0.010564663023679477,0.0021904585112307376,0.0,4733.333333333343
radar,radar__evaluation__clean__none__aNone,clean,none,d3_oof,E2_RL / RL_4state,E3_filter / confirmed_screened_filter_learned_features_label,cross_experiment,-0.009776833547287977,-0.031224268689057366,,0.022488038277511946,-0.19073640385115803,-0.01670688695006497,0.0,4621.666666666657
radar,radar__evaluation__clean__none__aNone,clean,none,d3_oof,E2_RL / RL_4state,E3_filter / confirmed_screened_filter_none,cross_experiment,0.0,0.0,,0.0,0.0,0.0,0.0,0.0
radar,radar__evaluation__clean__none__aNone,clean,none,d3_oof,E2_RL / RL_4state,E3_filter / confirmed_screened_filter_oracle_blocks,cross_experiment,0.0,0.0,,0.0,0.0,0.0,0.0,0.0
radar,radar__evaluation__clean__none__aNone,clean,none,d3_oof,E2_RL / RL_4state,E3_filter / confirmed_screened_filter_oracle_rows,cross_experiment,0.0,0.0,,0.0,0.0,0.0,0.0,0.0
radar,radar__evaluation__clean__none__aNone,clean,none,d3_oof,E2_RL / RL_4state,E3_filter / confirmed_screened_filter_random_blocks,cross_experiment,2.7755575615628914e-17,0.0,,5.551115123125783e-17,0.0,0.0,0.0,0.0
radar,radar__evaluation__clean__none__aNone,clean,none,d3_oof,E2_RL / RL_4state,E3_filter / confirmed_screened_filter_random_rows,cross_experiment,2.7755575615628914e-17,0.0,,5.551115123125783e-17,0.0,0.0,0.0,0.0
radar,radar__evaluation__clean__none__aNone,clean,none,d3_oof,E2_RL / RL_4state,E3_filter / none_screened_filter_learned_features,cross_experiment,0.002262540768030702,-0.0010184182015167131,,0.09919617224880378,0.010564663023679477,0.0021904585112307376,0.0,4733.333333333343
radar,radar__evaluation__clean__none__aNone,clean,none,d3_oof,E2_RL / RL_4state,E3_filter / none_screened_filter_learned_features_label,cross_experiment,-0.009776833547287977,-0.031224268689057366,,0.022488038277511946,-0.19073640385115803,-0.01670688695006497,0.0,4621.666666666657
radar,radar__evaluation__clean__none__aNone,clean,none,d3_oof,E2_RL / RL_4state,E3_filter / none_screened_filter_none,cross_experiment,0.0,0.0,,0.0,0.0,0.0,0.0,0.0
radar,radar__evaluation__clean__none__aNone,clean,none,d3_oof,E2_RL / confirmed_screened,E3_filter / confirmed_screened_filter_learned_features,cross_experiment,0.002262540768030702,-0.0010184182015167131,,0.09919617224880378,0.010564663023679477,0.0021904585112307376,0.0,4733.333333333343
radar,radar__evaluation__clean__none__aNone,clean,none,d3_oof,E2_RL / confirmed_screened,E3_filter / confirmed_screened_filter_learned_features_label,cross_experiment,-0.009776833547287977,-0.031224268689057366,,0.022488038277511946,-0.19073640385115803,-0.01670688695006497,0.0,4621.666666666657
radar,radar__evaluation__clean__none__aNone,clean,none,d3_oof,E2_RL / confirmed_screened,E3_filter / confirmed_screened_filter_none,cross_experiment,0.0,0.0,,0.0,0.0,0.0,0.0,0.0
radar,radar__evaluation__clean__none__aNone,clean,none,d3_oof,E2_RL / confirmed_screened,E3_filter / confirmed_screened_filter_oracle_blocks,cross_experiment,0.0,0.0,,0.0,0.0,0.0,0.0,0.0
radar,radar__evaluation__clean__none__aNone,clean,none,d3_oof,E2_RL / confirmed_screened,E3_filter / confirmed_screened_filter_oracle_rows,cross_experiment,0.0,0.0,,0.0,0.0,0.0,0.0,0.0
radar,radar__evaluation__clean__none__aNone,clean,none,d3_oof,E2_RL / confirmed_screened,E3_filter / confirmed_screened_filter_random_blocks,cross_experiment,2.7755575615628914e-17,0.0,,5.551115123125783e-17,0.0,0.0,0.0,0.0
radar,radar__evaluation__clean__none__aNone,clean,none,d3_oof,E2_RL / confirmed_screened,E3_filter / confirmed_screened_filter_random_rows,cross_experiment,2.7755575615628914e-17,0.0,,5.551115123125783e-17,0.0,0.0,0.0,0.0
radar,radar__evaluation__clean__none__aNone,clean,none,d3_oof,E2_RL / confirmed_screened,E3_filter / none_screened_filter_learned_features,cross_experiment,0.002262540768030702,-0.0010184182015167131,,0.09919617224880378,0.010564663023679477,0.0021904585112307376,0.0,4733.333333333343
radar,radar__evaluation__clean__none__aNone,clean,none,d3_oof,E2_RL / confirmed_screened,E3_filter / none_screened_filter_learned_features_label,cross_experiment,-0.009776833547287977,-0.031224268689057366,,0.022488038277511946,-0.19073640385115803,-0.01670688695006497,0.0,4621.666666666657
radar,radar__evaluation__clean__none__aNone,clean,none,d3_oof,E2_RL / confirmed_screened,E3_filter / none_screened_filter_none,cross_experiment,0.0,0.0,,0.0,0.0,0.0,0.0,0.0
radar,radar__evaluation__clean__none__aNone,clean,none,d3_oof,E2_RL / error_rule,E3_filter / confirmed_screened_filter_learned_features,cross_experiment,-0.0008861582309949156,-0.0008017334777897789,,0.19010526315789467,0.010044236273744511,0.0021904585112307376,16.666666666666668,4733.333333333343
radar,radar__evaluation__clean__none__aNone,clean,none,d3_oof,E2_RL / error_rule,E3_filter / confirmed_screened_filter_learned_features_label,cross_experiment,-0.012925532546313595,-0.031007583965330432,,0.11339712918660283,-0.191256830601093,-0.01670688695006497,16.666666666666668,4621.666666666657
radar,radar__evaluation__clean__none__aNone,clean,none,d3_oof,E2_RL / error_rule,E3_filter / confirmed_screened_filter_none,cross_experiment,-0.0031486989990256176,0.00021668472372693426,,0.09090909090909088,-0.0005204267499349657,0.0,16.666666666666668,0.0
radar,radar__evaluation__clean__none__aNone,clean,none,d3_oof,E2_RL / error_rule,E3_filter / confirmed_screened_filter_oracle_blocks,cross_experiment,-0.0031486989990256176,0.00021668472372693426,,0.09090909090909088,-0.0005204267499349657,0.0,16.666666666666668,0.0
radar,radar__evaluation__clean__none__aNone,clean,none,d3_oof,E2_RL / error_rule,E3_filter / confirmed_screened_filter_oracle_rows,cross_experiment,-0.0031486989990256176,0.00021668472372693426,,0.09090909090909088,-0.0005204267499349657,0.0,16.666666666666668,0.0
radar,radar__evaluation__clean__none__aNone,clean,none,d3_oof,E2_RL / error_rule,E3_filter / confirmed_screened_filter_random_blocks,cross_experiment,-0.00314869899902559,0.00021668472372693426,,0.09090909090909094,-0.0005204267499349657,0.0,16.666666666666668,0.0
radar,radar__evaluation__clean__none__aNone,clean,none,d3_oof,E2_RL / error_rule,E3_filter / confirmed_screened_filter_random_rows,cross_experiment,-0.00314869899902559,0.00021668472372693426,,0.09090909090909094,-0.0005204267499349657,0.0,16.666666666666668,0.0
radar,radar__evaluation__clean__none__aNone,clean,none,d3_oof,E2_RL / error_rule,E3_filter / none_screened_filter_learned_features,cross_experiment,-0.0008861582309949156,-0.0008017334777897789,,0.19010526315789467,0.010044236273744511,0.0021904585112307376,16.666666666666668,4733.333333333343
radar,radar__evaluation__clean__none__aNone,clean,none,d3_oof,E2_RL / error_rule,E3_filter / none_screened_filter_learned_features_label,cross_experiment,-0.012925532546313595,-0.031007583965330432,,0.11339712918660283,-0.191256830601093,-0.01670688695006497,16.666666666666668,4621.666666666657
radar,radar__evaluation__clean__none__aNone,clean,none,d3_oof,E2_RL / error_rule,E3_filter / none_screened_filter_none,cross_experiment,-0.0031486989990256176,0.00021668472372693426,,0.09090909090909088,-0.0005204267499349657,0.0,16.666666666666668,0.0
radar,radar__evaluation__clean__none__aNone,clean,none,d3_oof,E2_RL / none_screened,E3_filter / confirmed_screened_filter_learned_features,cross_experiment,0.002262540768030702,-0.0010184182015167131,,0.09919617224880378,0.010564663023679477,0.0021904585112307376,0.0,4733.333333333343
radar,radar__evaluation__clean__none__aNone,clean,none,d3_oof,E2_RL / none_screened,E3_filter / confirmed_screened_filter_learned_features_label,cross_experiment,-0.009776833547287977,-0.031224268689057366,,0.022488038277511946,-0.19073640385115803,-0.01670688695006497,0.0,4621.666666666657
radar,radar__evaluation__clean__none__aNone,clean,none,d3_oof,E2_RL / none_screened,E3_filter / confirmed_screened_filter_none,cross_experiment,0.0,0.0,,0.0,0.0,0.0,0.0,0.0
radar,radar__evaluation__clean__none__aNone,clean,none,d3_oof,E2_RL / none_screened,E3_filter / confirmed_screened_filter_oracle_blocks,cross_experiment,0.0,0.0,,0.0,0.0,0.0,0.0,0.0
radar,radar__evaluation__clean__none__aNone,clean,none,d3_oof,E2_RL / none_screened,E3_filter / confirmed_screened_filter_oracle_rows,cross_experiment,0.0,0.0,,0.0,0.0,0.0,0.0,0.0
radar,radar__evaluation__clean__none__aNone,clean,none,d3_oof,E2_RL / none_screened,E3_filter / confirmed_screened_filter_random_blocks,cross_experiment,2.7755575615628914e-17,0.0,,5.551115123125783e-17,0.0,0.0,0.0,0.0
radar,radar__evaluation__clean__none__aNone,clean,none,d3_oof,E2_RL / none_screened,E3_filter / confirmed_screened_filter_random_rows,cross_experiment,2.7755575615628914e-17,0.0,,5.551115123125783e-17,0.0,0.0,0.0,0.0
radar,radar__evaluation__clean__none__aNone,clean,none,d3_oof,E2_RL / none_screened,E3_filter / none_screened_filter_learned_features,cross_experiment,0.002262540768030702,-0.0010184182015167131,,0.09919617224880378,0.010564663023679477,0.0021904585112307376,0.0,4733.333333333343
radar,radar__evaluation__clean__none__aNone,clean,none,d3_oof,E2_RL / none_screened,E3_filter / none_screened_filter_learned_features_label,cross_experiment,-0.009776833547287977,-0.031224268689057366,,0.022488038277511946,-0.19073640385115803,-0.01670688695006497,0.0,4621.666666666657
radar,radar__evaluation__clean__none__aNone,clean,none,d3_oof,E2_RL / none_screened,E3_filter / none_screened_filter_none,cross_experiment,0.0,0.0,,0.0,0.0,0.0,0.0,0.0
radar,radar__evaluation__clean__none__aNone,clean,none,d3_oof,E2_RL / selected_map,E3_filter / confirmed_screened_filter_learned_features,cross_experiment,0.002262540768030702,-0.0010184182015167131,,0.09919617224880378,0.010564663023679477,0.0021904585112307376,0.0,4733.333333333343
radar,radar__evaluation__clean__none__aNone,clean,none,d3_oof,E2_RL / selected_map,E3_filter / confirmed_screened_filter_learned_features_label,cross_experiment,-0.009776833547287977,-0.031224268689057366,,0.022488038277511946,-0.19073640385115803,-0.01670688695006497,0.0,4621.666666666657
radar,radar__evaluation__clean__none__aNone,clean,none,d3_oof,E2_RL / selected_map,E3_filter / confirmed_screened_filter_none,cross_experiment,0.0,0.0,,0.0,0.0,0.0,0.0,0.0
radar,radar__evaluation__clean__none__aNone,clean,none,d3_oof,E2_RL / selected_map,E3_filter / confirmed_screened_filter_oracle_blocks,cross_experiment,0.0,0.0,,0.0,0.0,0.0,0.0,0.0
radar,radar__evaluation__clean__none__aNone,clean,none,d3_oof,E2_RL / selected_map,E3_filter / confirmed_screened_filter_oracle_rows,cross_experiment,0.0,0.0,,0.0,0.0,0.0,0.0,0.0
radar,radar__evaluation__clean__none__aNone,clean,none,d3_oof,E2_RL / selected_map,E3_filter / confirmed_screened_filter_random_blocks,cross_experiment,2.7755575615628914e-17,0.0,,5.551115123125783e-17,0.0,0.0,0.0,0.0
radar,radar__evaluation__clean__none__aNone,clean,none,d3_oof,E2_RL / selected_map,E3_filter / confirmed_screened_filter_random_rows,cross_experiment,2.7755575615628914e-17,0.0,,5.551115123125783e-17,0.0,0.0,0.0,0.0
radar,radar__evaluation__clean__none__aNone,clean,none,d3_oof,E2_RL / selected_map,E3_filter / none_screened_filter_learned_features,cross_experiment,0.002262540768030702,-0.0010184182015167131,,0.09919617224880378,0.010564663023679477,0.0021904585112307376,0.0,4733.333333333343
radar,radar__evaluation__clean__none__aNone,clean,none,d3_oof,E2_RL / selected_map,E3_filter / none_screened_filter_learned_features_label,cross_experiment,-0.009776833547287977,-0.031224268689057366,,0.022488038277511946,-0.19073640385115803,-0.01670688695006497,0.0,4621.666666666657
radar,radar__evaluation__clean__none__aNone,clean,none,d3_oof,E2_RL / selected_map,E3_filter / none_screened_filter_none,cross_experiment,0.0,0.0,,0.0,0.0,0.0,0.0,0.0
radar,radar__evaluation__clean__none__aNone,clean,none,hddm_w,E1_fixed / confirmed_screened,E2_RL / RL_2state,cross_experiment,0.041701520436647016,0.10151679306608885,,0.0,0.2427790788446526,0.0,0.0,15833.333333333343
radar,radar__evaluation__clean__none__aNone,clean,none,hddm_w,E1_fixed / confirmed_screened,E2_RL / RL_4state,cross_experiment,0.041701520436647016,0.10151679306608885,,0.0,0.2427790788446526,0.0,0.0,15833.333333333343
radar,radar__evaluation__clean__none__aNone,clean,none,hddm_w,E1_fixed / confirmed_screened,E2_RL / confirmed_screened,cross_experiment,0.0,0.0,,0.0,0.0,0.0,0.0,0.0
radar,radar__evaluation__clean__none__aNone,clean,none,hddm_w,E1_fixed / confirmed_screened,E2_RL / error_rule,cross_experiment,0.044850219435672634,0.10130010834236192,,-0.09090909090909088,0.24329950559458757,0.0,-16.666666666666668,15833.333333333343
radar,radar__evaluation__clean__none__aNone,clean,none,hddm_w,E1_fixed / confirmed_screened,E2_RL / none_screened,cross_experiment,0.041701520436647016,0.10151679306608885,,0.0,0.2427790788446526,0.0,0.0,15833.333333333343
radar,radar__evaluation__clean__none__aNone,clean,none,hddm_w,E1_fixed / confirmed_screened,E2_RL / selected_map,cross_experiment,0.044850219435672634,0.10130010834236192,,-0.09090909090909088,0.24329950559458757,0.0,0.0,15833.333333333343
radar,radar__evaluation__clean__none__aNone,clean,none,hddm_w,E1_fixed / confirmed_screened,E3_filter / confirmed_screened_filter_learned_features,cross_experiment,0.06747852116047079,0.14130010834236184,,0.0626602870813397,0.35134009888108253,0.0021904585112307376,-1.6666666666666667,2761.6666666666715
radar,radar__evaluation__clean__none__aNone,clean,none,hddm_w,E1_fixed / confirmed_screened,E3_filter / confirmed_screened_filter_learned_features_label,cross_experiment,0.024144777768118575,0.05033586132177692,,0.020095693779904278,0.0004163413999479504,-0.01670688695006497,-1.6666666666666667,5468.333333333343
radar,radar__evaluation__clean__none__aNone,clean,none,hddm_w,E1_fixed / confirmed_screened,E3_filter / confirmed_screened_filter_none,cross_experiment,0.0,0.0,,0.0,0.0,0.0,0.0,0.0
radar,radar__evaluation__clean__none__aNone,clean,none,hddm_w,E1_fixed / confirmed_screened,E3_filter / confirmed_screened_filter_oracle_blocks,cross_experiment,0.0,0.0,,0.0,0.0,0.0,0.0,0.0
radar,radar__evaluation__clean__none__aNone,clean,none,hddm_w,E1_fixed / confirmed_screened,E3_filter / confirmed_screened_filter_oracle_rows,cross_experiment,0.0,0.0,,0.0,0.0,0.0,0.0,0.0
radar,radar__evaluation__clean__none__aNone,clean,none,hddm_w,E1_fixed / confirmed_screened,E3_filter / confirmed_screened_filter_random_blocks,cross_experiment,0.0,0.0,,5.551115123125783e-17,0.0,0.0,0.0,0.0
radar,radar__evaluation__clean__none__aNone,clean,none,hddm_w,E1_fixed / confirmed_screened,E3_filter / confirmed_screened_filter_random_rows,cross_experiment,0.0,0.0,,5.551115123125783e-17,0.0,0.0,0.0,0.0
radar,radar__evaluation__clean__none__aNone,clean,none,hddm_w,E1_fixed / confirmed_screened,E3_filter / none_screened_filter_learned_features,cross_experiment,0.04396406120467772,0.10049837486457214,,0.09919617224880378,0.2533437418683321,0.0021904585112307376,0.0,20566.666666666686
radar,radar__evaluation__clean__none__aNone,clean,none,hddm_w,E1_fixed / confirmed_screened,E3_filter / none_screened_filter_learned_features_label,cross_experiment,0.03192468688935904,0.07029252437703148,,0.022488038277511946,0.052042674993494575,-0.01670688695006497,0.0,20455.0
radar,radar__evaluation__clean__none__aNone,clean,none,hddm_w,E1_fixed / confirmed_screened,E3_filter / none_screened_filter_none,cross_experiment,0.041701520436647016,0.10151679306608885,,0.0,0.2427790788446526,0.0,0.0,15833.333333333343
radar,radar__evaluation__clean__none__aNone,clean,none,hddm_w,E1_fixed / confirmed_unscreened,E2_RL / RL_2state,cross_experiment,0.0266182893583716,0.15395449620801727,,-0.45454545454545453,0.4715066354410617,0.03638388713569705,8.333333333333334,15833.333333333343
radar,radar__evaluation__clean__none__aNone,clean,none,hddm_w,E1_fixed / confirmed_unscreened,E2_RL / RL_4state,cross_experiment,0.0266182893583716,0.15395449620801727,,-0.45454545454545453,0.4715066354410617,0.03638388713569705,8.333333333333334,15833.333333333343
radar,radar__evaluation__clean__none__aNone,clean,none,hddm_w,E1_fixed / confirmed_unscreened,E2_RL / confirmed_screened,cross_experiment,-0.015083231078275416,0.052437703141928416,,-0.45454545454545453,0.2287275565964091,0.03638388713569705,8.333333333333334,0.0
radar,radar__evaluation__clean__none__aNone,clean,none,hddm_w,E1_fixed / confirmed_unscreened,E2_RL / error_rule,cross_experiment,0.029766988357397217,0.15373781148429033,,-0.5454545454545454,0.47202706219099666,0.03638388713569705,-8.333333333333334,15833.333333333343
radar,radar__evaluation__clean__none__aNone,clean,none,hddm_w,E1_fixed / confirmed_unscreened,E2_RL / none_screened,cross_experiment,0.0266182893583716,0.15395449620801727,,-0.45454545454545453,0.4715066354410617,0.03638388713569705,8.333333333333334,15833.333333333343
radar,radar__evaluation__clean__none__aNone,clean,none,hddm_w,E1_fixed / confirmed_unscreened,E2_RL / selected_map,cross_experiment,0.029766988357397217,0.15373781148429033,,-0.5454545454545454,0.47202706219099666,0.03638388713569705,8.333333333333334,15833.333333333343
radar,radar__evaluation__clean__none__aNone,clean,none,hddm_w,E1_fixed / confirmed_unscreened,E3_filter / confirmed_screened_filter_learned_features,cross_experiment,0.05239529008219537,0.19373781148429026,,-0.39188516746411484,0.5800676554774916,0.038574345646927785,6.666666666666667,2761.6666666666715
radar,radar__evaluation__clean__none__aNone,clean,none,hddm_w,E1_fixed / confirmed_unscreened,E3_filter / confirmed_screened_filter_learned_features_label,cross_experiment,0.009061546689843158,0.10277356446370534,,-0.43444976076555025,0.22914389799635704,0.01967700018563208,6.666666666666667,5468.333333333343
radar,radar__evaluation__clean__none__aNone,clean,none,hddm_w,E1_fixed / confirmed_unscreened,E3_filter / confirmed_screened_filter_none,cross_experiment,-0.015083231078275416,0.052437703141928416,,-0.45454545454545453,0.2287275565964091,0.03638388713569705,8.333333333333334,0.0
radar,radar__evaluation__clean__none__aNone,clean,none,hddm_w,E1_fixed / confirmed_unscreened,E3_filter / confirmed_screened_filter_oracle_blocks,cross_experiment,-0.015083231078275416,0.052437703141928416,,-0.45454545454545453,0.2287275565964091,0.03638388713569705,8.333333333333334,0.0
radar,radar__evaluation__clean__none__aNone,clean,none,hddm_w,E1_fixed / confirmed_unscreened,E3_filter / confirmed_screened_filter_oracle_rows,cross_experiment,-0.015083231078275416,0.052437703141928416,,-0.45454545454545453,0.2287275565964091,0.03638388713569705,8.333333333333334,0.0
radar,radar__evaluation__clean__none__aNone,clean,none,hddm_w,E1_fixed / confirmed_unscreened,E3_filter / confirmed_screened_filter_random_blocks,cross_experiment,-0.015083231078275416,0.052437703141928416,,-0.4545454545454545,0.2287275565964091,0.03638388713569705,8.333333333333334,0.0
radar,radar__evaluation__clean__none__aNone,clean,none,hddm_w,E1_fixed / confirmed_unscreened,E3_filter / confirmed_screened_filter_random_rows,cross_experiment,-0.015083231078275416,0.052437703141928416,,-0.4545454545454545,0.2287275565964091,0.03638388713569705,8.333333333333334,0.0
radar,radar__evaluation__clean__none__aNone,clean,none,hddm_w,E1_fixed / confirmed_unscreened,E3_filter / none_screened_filter_learned_features,cross_experiment,0.0288808301264023,0.15293607800650055,,-0.35534928229665075,0.48207129846474117,0.038574345646927785,8.333333333333334,20566.666666666686
radar,radar__evaluation__clean__none__aNone,clean,none,hddm_w,E1_fixed / confirmed_unscreened,E3_filter / none_screened_filter_learned_features_label,cross_experiment,0.016841455811083622,0.1227302275189599,,-0.4320574162679426,0.28077023158990366,0.01967700018563208,8.333333333333334,20455.0
radar,radar__evaluation__clean__none__aNone,clean,none,hddm_w,E1_fixed / confirmed_unscreened,E3_filter / none_screened_filter_none,cross_experiment,0.0266182893583716,0.15395449620801727,,-0.45454545454545453,0.4715066354410617,0.03638388713569705,8.333333333333334,15833.333333333343
radar,radar__evaluation__clean__none__aNone,clean,none,hddm_w,E1_fixed / immediate_screened,E2_RL / RL_2state,cross_experiment,-0.0011673969932769757,-0.011592632719393259,,0.09090909090909088,-0.06531355711683584,0.02079079264896975,16.666666666666668,0.0
radar,radar__evaluation__clean__none__aNone,clean,none,hddm_w,E1_fixed / immediate_screened,E2_RL / RL_4state,cross_experiment,-0.0011673969932769757,-0.011592632719393259,,0.09090909090909088,-0.06531355711683584,0.02079079264896975,16.666666666666668,0.0
radar,radar__evaluation__clean__none__aNone,clean,none,hddm_w,E1_fixed / immediate_screened,E2_RL / confirmed_screened,cross_experiment,-0.04286891742992399,-0.11310942578548211,,0.09090909090909088,-0.30809263596148845,0.02079079264896975,16.666666666666668,-15833.333333333343
radar,radar__evaluation__clean__none__aNone,clean,none,hddm_w,E1_fixed / immediate_screened,E2_RL / error_rule,cross_experiment,0.001981302005748642,-0.011809317443120193,,0.0,-0.06479313036690088,0.02079079264896975,0.0,0.0
radar,radar__evaluation__clean__none__aNone,clean,none,hddm_w,E1_fixed / immediate_screened,E2_RL / none_screened,cross_experiment,-0.0011673969932769757,-0.011592632719393259,,0.09090909090909088,-0.06531355711683584,0.02079079264896975,16.666666666666668,0.0
radar,radar__evaluation__clean__none__aNone,clean,none,hddm_w,E1_fixed / immediate_screened,E2_RL / selected_map,cross_experiment,0.001981302005748642,-0.011809317443120193,,0.0,-0.06479313036690088,0.02079079264896975,16.666666666666668,0.0
radar,radar__evaluation__clean__none__aNone,clean,none,hddm_w,E1_fixed / immediate_screened,E3_filter / confirmed_screened_filter_learned_features,cross_experiment,0.024609603730546797,0.02819068255687973,,0.15356937799043058,0.04324746291959408,0.022981251160200486,15.000000000000002,-13071.666666666672
radar,radar__evaluation__clean__none__aNone,clean,none,hddm_w,E1_fixed / immediate_screened,E3_filter / confirmed_screened_filter_learned_features_label,cross_experiment,-0.018724139661805417,-0.06277356446370519,,0.11100478468899516,-0.3076762945615405,0.00408390569890478,15.000000000000002,-10365.0
radar,radar__evaluation__clean__none__aNone,clean,none,hddm_w,E1_fixed / immediate_screened,E3_filter / confirmed_screened_filter_none,cross_experiment,-0.04286891742992399,-0.11310942578548211,,0.09090909090909088,-0.30809263596148845,0.02079079264896975,16.666666666666668,-15833.333333333343
radar,radar__evaluation__clean__none__aNone,clean,none,hddm_w,E1_fixed / immediate_screened,E3_filter / confirmed_screened_filter_oracle_blocks,cross_experiment,-0.04286891742992399,-0.11310942578548211,,0.09090909090909088,-0.30809263596148845,0.02079079264896975,16.666666666666668,-15833.333333333343
radar,radar__evaluation__clean__none__aNone,clean,none,hddm_w,E1_fixed / immediate_screened,E3_filter / confirmed_screened_filter_oracle_rows,cross_experiment,-0.04286891742992399,-0.11310942578548211,,0.09090909090909088,-0.30809263596148845,0.02079079264896975,16.666666666666668,-15833.333333333343
radar,radar__evaluation__clean__none__aNone,clean,none,hddm_w,E1_fixed / immediate_screened,E3_filter / confirmed_screened_filter_random_blocks,cross_experiment,-0.04286891742992399,-0.11310942578548211,,0.09090909090909094,-0.30809263596148845,0.02079079264896975,16.666666666666668,-15833.333333333343
radar,radar__evaluation__clean__none__aNone,clean,none,hddm_w,E1_fixed / immediate_screened,E3_filter / confirmed_screened_filter_random_rows,cross_experiment,-0.04286891742992399,-0.11310942578548211,,0.09090909090909094,-0.30809263596148845,0.02079079264896975,16.666666666666668,-15833.333333333343
radar,radar__evaluation__clean__none__aNone,clean,none,hddm_w,E1_fixed / immediate_screened,E3_filter / none_screened_filter_learned_features,cross_experiment,0.0010951437747537263,-0.012611050920909972,,0.19010526315789467,-0.054748894093156364,0.022981251160200486,16.666666666666668,4733.333333333343
radar,radar__evaluation__clean__none__aNone,clean,none,hddm_w,E1_fixed / immediate_screened,E3_filter / none_screened_filter_learned_features_label,cross_experiment,-0.010944230540564953,-0.042816901408450625,,0.11339712918660283,-0.2560499609679939,0.00408390569890478,16.666666666666668,4621.666666666657
radar,radar__evaluation__clean__none__aNone,clean,none,hddm_w,E1_fixed / immediate_screened,E3_filter / none_screened_filter_none,cross_experiment,-0.0011673969932769757,-0.011592632719393259,,0.09090909090909088,-0.06531355711683584,0.02079079264896975,16.666666666666668,0.0
radar,radar__evaluation__clean__none__aNone,clean,none,hddm_w,E1_fixed / immediate_unscreened,E2_RL / RL_2state,cross_experiment,0.045371341423238204,0.03640303358613217,,-0.45454545454545453,0.24121779859484777,0.11212177464265827,50.0,0.0
radar,radar__evaluation__clean__none__aNone,clean,none,hddm_w,E1_fixed / immediate_unscreened,E2_RL / RL_4state,cross_experiment,0.045371341423238204,0.03640303358613217,,-0.45454545454545453,0.24121779859484777,0.11212177464265827,50.0,0.0
radar,radar__evaluation__clean__none__aNone,clean,none,hddm_w,E1_fixed / immediate_unscreened,E2_RL / confirmed_screened,cross_experiment,0.003669820986591188,-0.06511375947995668,,-0.45454545454545453,-0.0015612802498048417,0.11212177464265827,50.0,-15833.333333333343
radar,radar__evaluation__clean__none__aNone,clean,none,hddm_w,E1_fixed / immediate_unscreened,E2_RL / error_rule,cross_experiment,0.04852004042226382,0.03618634886240524,,-0.5454545454545454,0.24173822534478273,0.11212177464265827,33.33333333333333,0.0
radar,radar__evaluation__clean__none__aNone,clean,none,hddm_w,E1_fixed / immediate_unscreened,E2_RL / none_screened,cross_experiment,0.045371341423238204,0.03640303358613217,,-0.45454545454545453,0.24121779859484777,0.11212177464265827,50.0,0.0
radar,radar__evaluation__clean__none__aNone,clean,none,hddm_w,E1_fixed / immediate_unscreened,E2_RL / selected_map,cross_experiment,0.04852004042226382,0.03618634886240524,,-0.5454545454545454,0.24173822534478273,0.11212177464265827,50.0,0.0
radar,radar__evaluation__clean__none__aNone,clean,none,hddm_w,E1_fixed / immediate_unscreened,E3_filter / confirmed_screened_filter_learned_features,cross_experiment,0.07114834214706198,0.07618634886240516,,-0.39188516746411484,0.3497788186312777,0.114312233153889,48.333333333333336,-13071.666666666672
radar,radar__evaluation__clean__none__aNone,clean,none,hddm_w,E1_fixed / immediate_unscreened,E3_filter / confirmed_screened_filter_learned_features_label,cross_experiment,0.027814598754709763,-0.014777898158179759,,-0.43444976076555025,-0.0011449388498568913,0.09541488769259329,48.333333333333336,-10365.0
radar,radar__evaluation__clean__none__aNone,clean,none,hddm_w,E1_fixed / immediate_unscreened,E3_filter / confirmed_screened_filter_none,cross_experiment,0.003669820986591188,-0.06511375947995668,,-0.45454545454545453,-0.0015612802498048417,0.11212177464265827,50.0,-15833.333333333343
radar,radar__evaluation__clean__none__aNone,clean,none,hddm_w,E1_fixed / immediate_unscreened,E3_filter / confirmed_screened_filter_oracle_blocks,cross_experiment,0.003669820986591188,-0.06511375947995668,,-0.45454545454545453,-0.0015612802498048417,0.11212177464265827,50.0,-15833.333333333343
radar,radar__evaluation__clean__none__aNone,clean,none,hddm_w,E1_fixed / immediate_unscreened,E3_filter / confirmed_screened_filter_oracle_rows,cross_experiment,0.003669820986591188,-0.06511375947995668,,-0.45454545454545453,-0.0015612802498048417,0.11212177464265827,50.0,-15833.333333333343
radar,radar__evaluation__clean__none__aNone,clean,none,hddm_w,E1_fixed / immediate_unscreened,E3_filter / confirmed_screened_filter_random_blocks,cross_experiment,0.003669820986591188,-0.06511375947995668,,-0.4545454545454545,-0.0015612802498048417,0.11212177464265827,50.0,-15833.333333333343
radar,radar__evaluation__clean__none__aNone,clean,none,hddm_w,E1_fixed / immediate_unscreened,E3_filter / confirmed_screened_filter_random_rows,cross_experiment,0.003669820986591188,-0.06511375947995668,,-0.4545454545454545,-0.0015612802498048417,0.11212177464265827,50.0,-15833.333333333343
radar,radar__evaluation__clean__none__aNone,clean,none,hddm_w,E1_fixed / immediate_unscreened,E3_filter / none_screened_filter_learned_features,cross_experiment,0.047633882191268906,0.03538461538461546,,-0.35534928229665075,0.25178246161852724,0.114312233153889,50.0,4733.333333333343
radar,radar__evaluation__clean__none__aNone,clean,none,hddm_w,E1_fixed / immediate_unscreened,E3_filter / none_screened_filter_learned_features_label,cross_experiment,0.035594507875950226,0.005178764897074806,,-0.4320574162679426,0.050481394743689734,0.09541488769259329,50.0,4621.666666666657
radar,radar__evaluation__clean__none__aNone,clean,none,hddm_w,E1_fixed / immediate_unscreened,E3_filter / none_screened_filter_none,cross_experiment,0.045371341423238204,0.03640303358613217,,-0.45454545454545453,0.24121779859484777,0.11212177464265827,50.0,0.0
radar,radar__evaluation__clean__none__aNone,clean,none,hddm_w,E1_fixed / none_screened,E2_RL / RL_2state,cross_experiment,0.0,0.0,,0.0,0.0,0.0,0.0,0.0
radar,radar__evaluation__clean__none__aNone,clean,none,hddm_w,E1_fixed / none_screened,E2_RL / RL_4state,cross_experiment,0.0,0.0,,0.0,0.0,0.0,0.0,0.0
radar,radar__evaluation__clean__none__aNone,clean,none,hddm_w,E1_fixed / none_screened,E2_RL / confirmed_screened,cross_experiment,-0.041701520436647016,-0.10151679306608885,,0.0,-0.2427790788446526,0.0,0.0,-15833.333333333343
radar,radar__evaluation__clean__none__aNone,clean,none,hddm_w,E1_fixed / none_screened,E2_RL / error_rule,cross_experiment,0.0031486989990256176,-0.00021668472372693426,,-0.09090909090909088,0.0005204267499349657,0.0,-16.666666666666668,0.0
radar,radar__evaluation__clean__none__aNone,clean,none,hddm_w,E1_fixed / none_screened,E2_RL / none_screened,cross_experiment,0.0,0.0,,0.0,0.0,0.0,0.0,0.0
radar,radar__evaluation__clean__none__aNone,clean,none,hddm_w,E1_fixed / none_screened,E2_RL / selected_map,cross_experiment,0.0031486989990256176,-0.00021668472372693426,,-0.09090909090909088,0.0005204267499349657,0.0,0.0,0.0
radar,radar__evaluation__clean__none__aNone,clean,none,hddm_w,E1_fixed / none_screened,E3_filter / confirmed_screened_filter_learned_features,cross_experiment,0.025777000723823773,0.03978331527627299,,0.0626602870813397,0.10856102003642992,0.0021904585112307376,-1.6666666666666667,-13071.666666666672
radar,radar__evaluation__clean__none__aNone,clean,none,hddm_w,E1_fixed / none_screened,E3_filter / confirmed_screened_filter_learned_features_label,cross_experiment,-0.01755674266852844,-0.05118093174431193,,0.020095693779904278,-0.24236273744470466,-0.01670688695006497,-1.6666666666666667,-10365.0
radar,radar__evaluation__clean__none__aNone,clean,none,hddm_w,E1_fixed / none_screened,E3_filter / confirmed_screened_filter_none,cross_experiment,-0.041701520436647016,-0.10151679306608885,,0.0,-0.2427790788446526,0.0,0.0,-15833.333333333343
radar,radar__evaluation__clean__none__aNone,clean,none,hddm_w,E1_fixed / none_screened,E3_filter / confirmed_screened_filter_oracle_blocks,cross_experiment,-0.041701520436647016,-0.10151679306608885,,0.0,-0.2427790788446526,0.0,0.0,-15833.333333333343
radar,radar__evaluation__clean__none__aNone,clean,none,hddm_w,E1_fixed / none_screened,E3_filter / confirmed_screened_filter_oracle_rows,cross_experiment,-0.041701520436647016,-0.10151679306608885,,0.0,-0.2427790788446526,0.0,0.0,-15833.333333333343
radar,radar__evaluation__clean__none__aNone,clean,none,hddm_w,E1_fixed / none_screened,E3_filter / confirmed_screened_filter_random_blocks,cross_experiment,-0.041701520436647016,-0.10151679306608885,,5.551115123125783e-17,-0.2427790788446526,0.0,0.0,-15833.333333333343
radar,radar__evaluation__clean__none__aNone,clean,none,hddm_w,E1_fixed / none_screened,E3_filter / confirmed_screened_filter_random_rows,cross_experiment,-0.041701520436647016,-0.10151679306608885,,5.551115123125783e-17,-0.2427790788446526,0.0,0.0,-15833.333333333343
radar,radar__evaluation__clean__none__aNone,clean,none,hddm_w,E1_fixed / none_screened,E3_filter / none_screened_filter_learned_features,cross_experiment,0.002262540768030702,-0.0010184182015167131,,0.09919617224880378,0.010564663023679477,0.0021904585112307376,0.0,4733.333333333343
radar,radar__evaluation__clean__none__aNone,clean,none,hddm_w,E1_fixed / none_screened,E3_filter / none_screened_filter_learned_features_label,cross_experiment,-0.009776833547287977,-0.031224268689057366,,0.022488038277511946,-0.19073640385115803,-0.01670688695006497,0.0,4621.666666666657
radar,radar__evaluation__clean__none__aNone,clean,none,hddm_w,E1_fixed / none_screened,E3_filter / none_screened_filter_none,cross_experiment,0.0,0.0,,0.0,0.0,0.0,0.0,0.0
radar,radar__evaluation__clean__none__aNone,clean,none,hddm_w,E1_fixed / none_unscreened,E2_RL / RL_2state,cross_experiment,-0.048817543459644536,-0.03672806067172263,,-0.45454545454545453,0.005724694249284401,0.03638388713569705,0.0,0.0
radar,radar__evaluation__clean__none__aNone,clean,none,hddm_w,E1_fixed / none_unscreened,E2_RL / RL_4state,cross_experiment,-0.048817543459644536,-0.03672806067172263,,-0.45454545454545453,0.005724694249284401,0.03638388713569705,0.0,0.0
radar,radar__evaluation__clean__none__aNone,clean,none,hddm_w,E1_fixed / none_unscreened,E2_RL / confirmed_screened,cross_experiment,-0.09051906389629155,-0.13824485373781148,,-0.45454545454545453,-0.2370543845953682,0.03638388713569705,0.0,-15833.333333333343
radar,radar__evaluation__clean__none__aNone,clean,none,hddm_w,E1_fixed / none_unscreened,E2_RL / error_rule,cross_experiment,-0.04566884446061892,-0.03694474539544956,,-0.5454545454545454,0.006245120999219367,0.03638388713569705,-16.666666666666668,0.0
radar,radar__evaluation__clean__none__aNone,clean,none,hddm_w,E1_fixed / none_unscreened,E2_RL / none_screened,cross_experiment,-0.048817543459644536,-0.03672806067172263,,-0.45454545454545453,0.005724694249284401,0.03638388713569705,0.0,0.0
radar,radar__evaluation__clean__none__aNone,clean,none,hddm_w,E1_fixed / none_unscreened,E2_RL / selected_map,cross_experiment,-0.04566884446061892,-0.03694474539544956,,-0.5454545454545454,0.006245120999219367,0.03638388713569705,0.0,0.0
radar,radar__evaluation__clean__none__aNone,clean,none,hddm_w,E1_fixed / none_unscreened,E3_filter / confirmed_screened_filter_learned_features,cross_experiment,-0.023040542735820763,0.0030552546045503615,,-0.39188516746411484,0.11428571428571432,0.038574345646927785,-1.6666666666666667,-13071.666666666672
radar,radar__evaluation__clean__none__aNone,clean,none,hddm_w,E1_fixed / none_unscreened,E3_filter / confirmed_screened_filter_learned_features_label,cross_experiment,-0.06637428612817298,-0.08790899241603456,,-0.43444976076555025,-0.23663804319542026,0.01967700018563208,-1.6666666666666667,-10365.0
radar,radar__evaluation__clean__none__aNone,clean,none,hddm_w,E1_fixed / none_unscreened,E3_filter / confirmed_screened_filter_none,cross_experiment,-0.09051906389629155,-0.13824485373781148,,-0.45454545454545453,-0.2370543845953682,0.03638388713569705,0.0,-15833.333333333343
radar,radar__evaluation__clean__none__aNone,clean,none,hddm_w,E1_fixed / none_unscreened,E3_filter / confirmed_screened_filter_oracle_blocks,cross_experiment,-0.09051906389629155,-0.13824485373781148,,-0.45454545454545453,-0.2370543845953682,0.03638388713569705,0.0,-15833.333333333343
radar,radar__evaluation__clean__none__aNone,clean,none,hddm_w,E1_fixed / none_unscreened,E3_filter / confirmed_screened_filter_oracle_rows,cross_experiment,-0.09051906389629155,-0.13824485373781148,,-0.45454545454545453,-0.2370543845953682,0.03638388713569705,0.0,-15833.333333333343
radar,radar__evaluation__clean__none__aNone,clean,none,hddm_w,E1_fixed / none_unscreened,E3_filter / confirmed_screened_filter_random_blocks,cross_experiment,-0.09051906389629155,-0.13824485373781148,,-0.4545454545454545,-0.2370543845953682,0.03638388713569705,0.0,-15833.333333333343
radar,radar__evaluation__clean__none__aNone,clean,none,hddm_w,E1_fixed / none_unscreened,E3_filter / confirmed_screened_filter_random_rows,cross_experiment,-0.09051906389629155,-0.13824485373781148,,-0.4545454545454545,-0.2370543845953682,0.03638388713569705,0.0,-15833.333333333343
radar,radar__evaluation__clean__none__aNone,clean,none,hddm_w,E1_fixed / none_unscreened,E3_filter / none_screened_filter_learned_features,cross_experiment,-0.046555002691613834,-0.03774647887323934,,-0.35534928229665075,0.016289357272963878,0.038574345646927785,0.0,4733.333333333343
radar,radar__evaluation__clean__none__aNone,clean,none,hddm_w,E1_fixed / none_unscreened,E3_filter / none_screened_filter_learned_features_label,cross_experiment,-0.05859437700693251,-0.06795232936078,,-0.4320574162679426,-0.18501170960187363,0.01967700018563208,0.0,4621.666666666657
radar,radar__evaluation__clean__none__aNone,clean,none,hddm_w,E1_fixed / none_unscreened,E3_filter / none_screened_filter_none,cross_experiment,-0.048817543459644536,-0.03672806067172263,,-0.45454545454545453,0.005724694249284401,0.03638388713569705,0.0,0.0
radar,radar__evaluation__clean__none__aNone,clean,none,hddm_w,E2_RL / RL_2state,E3_filter / confirmed_screened_filter_learned_features,cross_experiment,0.025777000723823773,0.03978331527627299,,0.0626602870813397,0.10856102003642992,0.0021904585112307376,-1.6666666666666667,-13071.666666666672
radar,radar__evaluation__clean__none__aNone,clean,none,hddm_w,E2_RL / RL_2state,E3_filter / confirmed_screened_filter_learned_features_label,cross_experiment,-0.01755674266852844,-0.05118093174431193,,0.020095693779904278,-0.24236273744470466,-0.01670688695006497,-1.6666666666666667,-10365.0
radar,radar__evaluation__clean__none__aNone,clean,none,hddm_w,E2_RL / RL_2state,E3_filter / confirmed_screened_filter_none,cross_experiment,-0.041701520436647016,-0.10151679306608885,,0.0,-0.2427790788446526,0.0,0.0,-15833.333333333343
radar,radar__evaluation__clean__none__aNone,clean,none,hddm_w,E2_RL / RL_2state,E3_filter / confirmed_screened_filter_oracle_blocks,cross_experiment,-0.041701520436647016,-0.10151679306608885,,0.0,-0.2427790788446526,0.0,0.0,-15833.333333333343
radar,radar__evaluation__clean__none__aNone,clean,none,hddm_w,E2_RL / RL_2state,E3_filter / confirmed_screened_filter_oracle_rows,cross_experiment,-0.041701520436647016,-0.10151679306608885,,0.0,-0.2427790788446526,0.0,0.0,-15833.333333333343
radar,radar__evaluation__clean__none__aNone,clean,none,hddm_w,E2_RL / RL_2state,E3_filter / confirmed_screened_filter_random_blocks,cross_experiment,-0.041701520436647016,-0.10151679306608885,,5.551115123125783e-17,-0.2427790788446526,0.0,0.0,-15833.333333333343
radar,radar__evaluation__clean__none__aNone,clean,none,hddm_w,E2_RL / RL_2state,E3_filter / confirmed_screened_filter_random_rows,cross_experiment,-0.041701520436647016,-0.10151679306608885,,5.551115123125783e-17,-0.2427790788446526,0.0,0.0,-15833.333333333343
radar,radar__evaluation__clean__none__aNone,clean,none,hddm_w,E2_RL / RL_2state,E3_filter / none_screened_filter_learned_features,cross_experiment,0.002262540768030702,-0.0010184182015167131,,0.09919617224880378,0.010564663023679477,0.0021904585112307376,0.0,4733.333333333343
radar,radar__evaluation__clean__none__aNone,clean,none,hddm_w,E2_RL / RL_2state,E3_filter / none_screened_filter_learned_features_label,cross_experiment,-0.009776833547287977,-0.031224268689057366,,0.022488038277511946,-0.19073640385115803,-0.01670688695006497,0.0,4621.666666666657
radar,radar__evaluation__clean__none__aNone,clean,none,hddm_w,E2_RL / RL_2state,E3_filter / none_screened_filter_none,cross_experiment,0.0,0.0,,0.0,0.0,0.0,0.0,0.0
radar,radar__evaluation__clean__none__aNone,clean,none,hddm_w,E2_RL / RL_4state,E3_filter / confirmed_screened_filter_learned_features,cross_experiment,0.025777000723823773,0.03978331527627299,,0.0626602870813397,0.10856102003642992,0.0021904585112307376,-1.6666666666666667,-13071.666666666672
radar,radar__evaluation__clean__none__aNone,clean,none,hddm_w,E2_RL / RL_4state,E3_filter / confirmed_screened_filter_learned_features_label,cross_experiment,-0.01755674266852844,-0.05118093174431193,,0.020095693779904278,-0.24236273744470466,-0.01670688695006497,-1.6666666666666667,-10365.0
radar,radar__evaluation__clean__none__aNone,clean,none,hddm_w,E2_RL / RL_4state,E3_filter / confirmed_screened_filter_none,cross_experiment,-0.041701520436647016,-0.10151679306608885,,0.0,-0.2427790788446526,0.0,0.0,-15833.333333333343
radar,radar__evaluation__clean__none__aNone,clean,none,hddm_w,E2_RL / RL_4state,E3_filter / confirmed_screened_filter_oracle_blocks,cross_experiment,-0.041701520436647016,-0.10151679306608885,,0.0,-0.2427790788446526,0.0,0.0,-15833.333333333343
radar,radar__evaluation__clean__none__aNone,clean,none,hddm_w,E2_RL / RL_4state,E3_filter / confirmed_screened_filter_oracle_rows,cross_experiment,-0.041701520436647016,-0.10151679306608885,,0.0,-0.2427790788446526,0.0,0.0,-15833.333333333343
radar,radar__evaluation__clean__none__aNone,clean,none,hddm_w,E2_RL / RL_4state,E3_filter / confirmed_screened_filter_random_blocks,cross_experiment,-0.041701520436647016,-0.10151679306608885,,5.551115123125783e-17,-0.2427790788446526,0.0,0.0,-15833.333333333343
radar,radar__evaluation__clean__none__aNone,clean,none,hddm_w,E2_RL / RL_4state,E3_filter / confirmed_screened_filter_random_rows,cross_experiment,-0.041701520436647016,-0.10151679306608885,,5.551115123125783e-17,-0.2427790788446526,0.0,0.0,-15833.333333333343
radar,radar__evaluation__clean__none__aNone,clean,none,hddm_w,E2_RL / RL_4state,E3_filter / none_screened_filter_learned_features,cross_experiment,0.002262540768030702,-0.0010184182015167131,,0.09919617224880378,0.010564663023679477,0.0021904585112307376,0.0,4733.333333333343
radar,radar__evaluation__clean__none__aNone,clean,none,hddm_w,E2_RL / RL_4state,E3_filter / none_screened_filter_learned_features_label,cross_experiment,-0.009776833547287977,-0.031224268689057366,,0.022488038277511946,-0.19073640385115803,-0.01670688695006497,0.0,4621.666666666657
radar,radar__evaluation__clean__none__aNone,clean,none,hddm_w,E2_RL / RL_4state,E3_filter / none_screened_filter_none,cross_experiment,0.0,0.0,,0.0,0.0,0.0,0.0,0.0
radar,radar__evaluation__clean__none__aNone,clean,none,hddm_w,E2_RL / confirmed_screened,E3_filter / confirmed_screened_filter_learned_features,cross_experiment,0.06747852116047079,0.14130010834236184,,0.0626602870813397,0.35134009888108253,0.0021904585112307376,-1.6666666666666667,2761.6666666666715
radar,radar__evaluation__clean__none__aNone,clean,none,hddm_w,E2_RL / confirmed_screened,E3_filter / confirmed_screened_filter_learned_features_label,cross_experiment,0.024144777768118575,0.05033586132177692,,0.020095693779904278,0.0004163413999479504,-0.01670688695006497,-1.6666666666666667,5468.333333333343
radar,radar__evaluation__clean__none__aNone,clean,none,hddm_w,E2_RL / confirmed_screened,E3_filter / confirmed_screened_filter_none,cross_experiment,0.0,0.0,,0.0,0.0,0.0,0.0,0.0
radar,radar__evaluation__clean__none__aNone,clean,none,hddm_w,E2_RL / confirmed_screened,E3_filter / confirmed_screened_filter_oracle_blocks,cross_experiment,0.0,0.0,,0.0,0.0,0.0,0.0,0.0
radar,radar__evaluation__clean__none__aNone,clean,none,hddm_w,E2_RL / confirmed_screened,E3_filter / confirmed_screened_filter_oracle_rows,cross_experiment,0.0,0.0,,0.0,0.0,0.0,0.0,0.0
radar,radar__evaluation__clean__none__aNone,clean,none,hddm_w,E2_RL / confirmed_screened,E3_filter / confirmed_screened_filter_random_blocks,cross_experiment,0.0,0.0,,5.551115123125783e-17,0.0,0.0,0.0,0.0
radar,radar__evaluation__clean__none__aNone,clean,none,hddm_w,E2_RL / confirmed_screened,E3_filter / confirmed_screened_filter_random_rows,cross_experiment,0.0,0.0,,5.551115123125783e-17,0.0,0.0,0.0,0.0
radar,radar__evaluation__clean__none__aNone,clean,none,hddm_w,E2_RL / confirmed_screened,E3_filter / none_screened_filter_learned_features,cross_experiment,0.04396406120467772,0.10049837486457214,,0.09919617224880378,0.2533437418683321,0.0021904585112307376,0.0,20566.666666666686
radar,radar__evaluation__clean__none__aNone,clean,none,hddm_w,E2_RL / confirmed_screened,E3_filter / none_screened_filter_learned_features_label,cross_experiment,0.03192468688935904,0.07029252437703148,,0.022488038277511946,0.052042674993494575,-0.01670688695006497,0.0,20455.0
radar,radar__evaluation__clean__none__aNone,clean,none,hddm_w,E2_RL / confirmed_screened,E3_filter / none_screened_filter_none,cross_experiment,0.041701520436647016,0.10151679306608885,,0.0,0.2427790788446526,0.0,0.0,15833.333333333343
radar,radar__evaluation__clean__none__aNone,clean,none,hddm_w,E2_RL / error_rule,E3_filter / confirmed_screened_filter_learned_features,cross_experiment,0.022628301724798155,0.039999999999999925,,0.15356937799043058,0.10804059328649496,0.0021904585112307376,15.000000000000002,-13071.666666666672
radar,radar__evaluation__clean__none__aNone,clean,none,hddm_w,E2_RL / error_rule,E3_filter / confirmed_screened_filter_learned_features_label,cross_experiment,-0.02070544166755406,-0.050964247020584996,,0.11100478468899516,-0.24288316419463962,-0.01670688695006497,15.000000000000002,-10365.0
radar,radar__evaluation__clean__none__aNone,clean,none,hddm_w,E2_RL / error_rule,E3_filter / confirmed_screened_filter_none,cross_experiment,-0.044850219435672634,-0.10130010834236192,,0.09090909090909088,-0.24329950559458757,0.0,16.666666666666668,-15833.333333333343
radar,radar__evaluation__clean__none__aNone,clean,none,hddm_w,E2_RL / error_rule,E3_filter / confirmed_screened_filter_oracle_blocks,cross_experiment,-0.044850219435672634,-0.10130010834236192,,0.09090909090909088,-0.24329950559458757,0.0,16.666666666666668,-15833.333333333343
radar,radar__evaluation__clean__none__aNone,clean,none,hddm_w,E2_RL / error_rule,E3_filter / confirmed_screened_filter_oracle_rows,cross_experiment,-0.044850219435672634,-0.10130010834236192,,0.09090909090909088,-0.24329950559458757,0.0,16.666666666666668,-15833.333333333343
radar,radar__evaluation__clean__none__aNone,clean,none,hddm_w,E2_RL / error_rule,E3_filter / confirmed_screened_filter_random_blocks,cross_experiment,-0.044850219435672634,-0.10130010834236192,,0.09090909090909094,-0.24329950559458757,0.0,16.666666666666668,-15833.333333333343
radar,radar__evaluation__clean__none__aNone,clean,none,hddm_w,E2_RL / error_rule,E3_filter / confirmed_screened_filter_random_rows,cross_experiment,-0.044850219435672634,-0.10130010834236192,,0.09090909090909094,-0.24329950559458757,0.0,16.666666666666668,-15833.333333333343
radar,radar__evaluation__clean__none__aNone,clean,none,hddm_w,E2_RL / error_rule,E3_filter / none_screened_filter_learned_features,cross_experiment,-0.0008861582309949156,-0.0008017334777897789,,0.19010526315789467,0.010044236273744511,0.0021904585112307376,16.666666666666668,4733.333333333343
radar,radar__evaluation__clean__none__aNone,clean,none,hddm_w,E2_RL / error_rule,E3_filter / none_screened_filter_learned_features_label,cross_experiment,-0.012925532546313595,-0.031007583965330432,,0.11339712918660283,-0.191256830601093,-0.01670688695006497,16.666666666666668,4621.666666666657
radar,radar__evaluation__clean__none__aNone,clean,none,hddm_w,E2_RL / error_rule,E3_filter / none_screened_filter_none,cross_experiment,-0.0031486989990256176,0.00021668472372693426,,0.09090909090909088,-0.0005204267499349657,0.0,16.666666666666668,0.0
radar,radar__evaluation__clean__none__aNone,clean,none,hddm_w,E2_RL / none_screened,E3_filter / confirmed_screened_filter_learned_features,cross_experiment,0.025777000723823773,0.03978331527627299,,0.0626602870813397,0.10856102003642992,0.0021904585112307376,-1.6666666666666667,-13071.666666666672
radar,radar__evaluation__clean__none__aNone,clean,none,hddm_w,E2_RL / none_screened,E3_filter / confirmed_screened_filter_learned_features_label,cross_experiment,-0.01755674266852844,-0.05118093174431193,,0.020095693779904278,-0.24236273744470466,-0.01670688695006497,-1.6666666666666667,-10365.0
radar,radar__evaluation__clean__none__aNone,clean,none,hddm_w,E2_RL / none_screened,E3_filter / confirmed_screened_filter_none,cross_experiment,-0.041701520436647016,-0.10151679306608885,,0.0,-0.2427790788446526,0.0,0.0,-15833.333333333343
radar,radar__evaluation__clean__none__aNone,clean,none,hddm_w,E2_RL / none_screened,E3_filter / confirmed_screened_filter_oracle_blocks,cross_experiment,-0.041701520436647016,-0.10151679306608885,,0.0,-0.2427790788446526,0.0,0.0,-15833.333333333343
radar,radar__evaluation__clean__none__aNone,clean,none,hddm_w,E2_RL / none_screened,E3_filter / confirmed_screened_filter_oracle_rows,cross_experiment,-0.041701520436647016,-0.10151679306608885,,0.0,-0.2427790788446526,0.0,0.0,-15833.333333333343
radar,radar__evaluation__clean__none__aNone,clean,none,hddm_w,E2_RL / none_screened,E3_filter / confirmed_screened_filter_random_blocks,cross_experiment,-0.041701520436647016,-0.10151679306608885,,5.551115123125783e-17,-0.2427790788446526,0.0,0.0,-15833.333333333343
radar,radar__evaluation__clean__none__aNone,clean,none,hddm_w,E2_RL / none_screened,E3_filter / confirmed_screened_filter_random_rows,cross_experiment,-0.041701520436647016,-0.10151679306608885,,5.551115123125783e-17,-0.2427790788446526,0.0,0.0,-15833.333333333343
radar,radar__evaluation__clean__none__aNone,clean,none,hddm_w,E2_RL / none_screened,E3_filter / none_screened_filter_learned_features,cross_experiment,0.002262540768030702,-0.0010184182015167131,,0.09919617224880378,0.010564663023679477,0.0021904585112307376,0.0,4733.333333333343
radar,radar__evaluation__clean__none__aNone,clean,none,hddm_w,E2_RL / none_screened,E3_filter / none_screened_filter_learned_features_label,cross_experiment,-0.009776833547287977,-0.031224268689057366,,0.022488038277511946,-0.19073640385115803,-0.01670688695006497,0.0,4621.666666666657
radar,radar__evaluation__clean__none__aNone,clean,none,hddm_w,E2_RL / none_screened,E3_filter / none_screened_filter_none,cross_experiment,0.0,0.0,,0.0,0.0,0.0,0.0,0.0
radar,radar__evaluation__clean__none__aNone,clean,none,hddm_w,E2_RL / selected_map,E3_filter / confirmed_screened_filter_learned_features,cross_experiment,0.022628301724798155,0.039999999999999925,,0.15356937799043058,0.10804059328649496,0.0021904585112307376,-1.6666666666666667,-13071.666666666672
radar,radar__evaluation__clean__none__aNone,clean,none,hddm_w,E2_RL / selected_map,E3_filter / confirmed_screened_filter_learned_features_label,cross_experiment,-0.02070544166755406,-0.050964247020584996,,0.11100478468899516,-0.24288316419463962,-0.01670688695006497,-1.6666666666666667,-10365.0
radar,radar__evaluation__clean__none__aNone,clean,none,hddm_w,E2_RL / selected_map,E3_filter / confirmed_screened_filter_none,cross_experiment,-0.044850219435672634,-0.10130010834236192,,0.09090909090909088,-0.24329950559458757,0.0,0.0,-15833.333333333343
radar,radar__evaluation__clean__none__aNone,clean,none,hddm_w,E2_RL / selected_map,E3_filter / confirmed_screened_filter_oracle_blocks,cross_experiment,-0.044850219435672634,-0.10130010834236192,,0.09090909090909088,-0.24329950559458757,0.0,0.0,-15833.333333333343
radar,radar__evaluation__clean__none__aNone,clean,none,hddm_w,E2_RL / selected_map,E3_filter / confirmed_screened_filter_oracle_rows,cross_experiment,-0.044850219435672634,-0.10130010834236192,,0.09090909090909088,-0.24329950559458757,0.0,0.0,-15833.333333333343
radar,radar__evaluation__clean__none__aNone,clean,none,hddm_w,E2_RL / selected_map,E3_filter / confirmed_screened_filter_random_blocks,cross_experiment,-0.044850219435672634,-0.10130010834236192,,0.09090909090909094,-0.24329950559458757,0.0,0.0,-15833.333333333343
radar,radar__evaluation__clean__none__aNone,clean,none,hddm_w,E2_RL / selected_map,E3_filter / confirmed_screened_filter_random_rows,cross_experiment,-0.044850219435672634,-0.10130010834236192,,0.09090909090909094,-0.24329950559458757,0.0,0.0,-15833.333333333343
radar,radar__evaluation__clean__none__aNone,clean,none,hddm_w,E2_RL / selected_map,E3_filter / none_screened_filter_learned_features,cross_experiment,-0.0008861582309949156,-0.0008017334777897789,,0.19010526315789467,0.010044236273744511,0.0021904585112307376,0.0,4733.333333333343
radar,radar__evaluation__clean__none__aNone,clean,none,hddm_w,E2_RL / selected_map,E3_filter / none_screened_filter_learned_features_label,cross_experiment,-0.012925532546313595,-0.031007583965330432,,0.11339712918660283,-0.191256830601093,-0.01670688695006497,0.0,4621.666666666657
radar,radar__evaluation__clean__none__aNone,clean,none,hddm_w,E2_RL / selected_map,E3_filter / none_screened_filter_none,cross_experiment,-0.0031486989990256176,0.00021668472372693426,,0.09090909090909088,-0.0005204267499349657,0.0,0.0,0.0
radar,radar__evaluation__clean__none__aNone,clean,none,hellinger,E1_fixed / confirmed_screened,E2_RL / RL_2state,cross_experiment,0.0,0.0,,-0.09090909090909088,0.0,0.0,8.333333333333334,15833.333333333343
radar,radar__evaluation__clean__none__aNone,clean,none,hellinger,E1_fixed / confirmed_screened,E2_RL / RL_4state,cross_experiment,0.0,0.0,,-0.09090909090909088,0.0,0.0,8.333333333333334,15833.333333333343
radar,radar__evaluation__clean__none__aNone,clean,none,hellinger,E1_fixed / confirmed_screened,E2_RL / confirmed_screened,cross_experiment,0.0,0.0,,0.0,0.0,0.0,0.0,0.0
radar,radar__evaluation__clean__none__aNone,clean,none,hellinger,E1_fixed / confirmed_screened,E2_RL / error_rule,cross_experiment,0.0031486989990256176,-0.00021668472372693426,,-0.18181818181818177,0.0005204267499349657,0.0,-8.333333333333334,15833.333333333343
radar,radar__evaluation__clean__none__aNone,clean,none,hellinger,E1_fixed / confirmed_screened,E2_RL / none_screened,cross_experiment,0.0,0.0,,-0.09090909090909088,0.0,0.0,8.333333333333334,15833.333333333343
radar,radar__evaluation__clean__none__aNone,clean,none,hellinger,E1_fixed / confirmed_screened,E2_RL / selected_map,cross_experiment,0.0,0.0,,-0.09090909090909088,0.0,0.0,8.333333333333334,15833.333333333343
radar,radar__evaluation__clean__none__aNone,clean,none,hellinger,E1_fixed / confirmed_screened,E3_filter / confirmed_screened_filter_learned_features,cross_experiment,0.002262540768030702,-0.0010184182015167131,,0.06091866028708137,0.010564663023679477,0.0021904585112307376,1.666666666666667,8085.000000000015
radar,radar__evaluation__clean__none__aNone,clean,none,hellinger,E1_fixed / confirmed_screened,E3_filter / confirmed_screened_filter_learned_features_label,cross_experiment,-0.009776833547287977,-0.031224268689057366,,-0.013875598086124374,-0.19073640385115803,-0.01670688695006497,3.333333333333334,10955.0
radar,radar__evaluation__clean__none__aNone,clean,none,hellinger,E1_fixed / confirmed_screened,E3_filter / confirmed_screened_filter_none,cross_experiment,0.0,0.0,,0.0,0.0,0.0,0.0,0.0
radar,radar__evaluation__clean__none__aNone,clean,none,hellinger,E1_fixed / confirmed_screened,E3_filter / confirmed_screened_filter_oracle_blocks,cross_experiment,0.0,0.0,,0.0,0.0,0.0,0.0,0.0
radar,radar__evaluation__clean__none__aNone,clean,none,hellinger,E1_fixed / confirmed_screened,E3_filter / confirmed_screened_filter_oracle_rows,cross_experiment,0.0,0.0,,0.0,0.0,0.0,0.0,0.0
radar,radar__evaluation__clean__none__aNone,clean,none,hellinger,E1_fixed / confirmed_screened,E3_filter / confirmed_screened_filter_random_blocks,cross_experiment,2.7755575615628914e-17,0.0,,0.0,0.0,0.0,0.0,0.0
radar,radar__evaluation__clean__none__aNone,clean,none,hellinger,E1_fixed / confirmed_screened,E3_filter / confirmed_screened_filter_random_rows,cross_experiment,2.7755575615628914e-17,0.0,,0.0,0.0,0.0,0.0,0.0
radar,radar__evaluation__clean__none__aNone,clean,none,hellinger,E1_fixed / confirmed_screened,E3_filter / none_screened_filter_learned_features,cross_experiment,0.002262540768030702,-0.0010184182015167131,,0.008287081339712898,0.010564663023679477,0.0021904585112307376,8.333333333333334,20566.666666666686
radar,radar__evaluation__clean__none__aNone,clean,none,hellinger,E1_fixed / confirmed_screened,E3_filter / none_screened_filter_learned_features_label,cross_experiment,-0.009776833547287977,-0.031224268689057366,,-0.06842105263157894,-0.19073640385115803,-0.01670688695006497,8.333333333333334,20455.0
radar,radar__evaluation__clean__none__aNone,clean,none,hellinger,E1_fixed / confirmed_screened,E3_filter / none_screened_filter_none,cross_experiment,0.0,0.0,,-0.09090909090909088,0.0,0.0,8.333333333333334,15833.333333333343
radar,radar__evaluation__clean__none__aNone,clean,none,hellinger,E1_fixed / confirmed_unscreened,E2_RL / RL_2state,cross_experiment,-0.048817543459644536,-0.03672806067172263,,-0.45454545454545453,0.005724694249284401,0.03638388713569705,8.333333333333334,15833.333333333343
radar,radar__evaluation__clean__none__aNone,clean,none,hellinger,E1_fixed / confirmed_unscreened,E2_RL / RL_4state,cross_experiment,-0.048817543459644536,-0.03672806067172263,,-0.45454545454545453,0.005724694249284401,0.03638388713569705,8.333333333333334,15833.333333333343
radar,radar__evaluation__clean__none__aNone,clean,none,hellinger,E1_fixed / confirmed_unscreened,E2_RL / confirmed_screened,cross_experiment,-0.048817543459644536,-0.03672806067172263,,-0.36363636363636365,0.005724694249284401,0.03638388713569705,0.0,0.0
radar,radar__evaluation__clean__none__aNone,clean,none,hellinger,E1_fixed / confirmed_unscreened,E2_RL / error_rule,cross_experiment,-0.04566884446061892,-0.03694474539544956,,-0.5454545454545454,0.006245120999219367,0.03638388713569705,-8.333333333333334,15833.333333333343
radar,radar__evaluation__clean__none__aNone,clean,none,hellinger,E1_fixed / confirmed_unscreened,E2_RL / none_screened,cross_experiment,-0.048817543459644536,-0.03672806067172263,,-0.45454545454545453,0.005724694249284401,0.03638388713569705,8.333333333333334,15833.333333333343
radar,radar__evaluation__clean__none__aNone,clean,none,hellinger,E1_fixed / confirmed_unscreened,E2_RL / selected_map,cross_experiment,-0.048817543459644536,-0.03672806067172263,,-0.45454545454545453,0.005724694249284401,0.03638388713569705,8.333333333333334,15833.333333333343
radar,radar__evaluation__clean__none__aNone,clean,none,hellinger,E1_fixed / confirmed_unscreened,E3_filter / confirmed_screened_filter_learned_features,cross_experiment,-0.046555002691613834,-0.03774647887323934,,-0.3027177033492823,0.016289357272963878,0.038574345646927785,1.666666666666667,8085.000000000015
radar,radar__evaluation__clean__none__aNone,clean,none,hellinger,E1_fixed / confirmed_unscreened,E3_filter / confirmed_screened_filter_learned_features_label,cross_experiment,-0.05859437700693251,-0.06795232936078,,-0.377511961722488,-0.18501170960187363,0.01967700018563208,3.333333333333334,10955.0
radar,radar__evaluation__clean__none__aNone,clean,none,hellinger,E1_fixed / confirmed_unscreened,E3_filter / confirmed_screened_filter_none,cross_experiment,-0.048817543459644536,-0.03672806067172263,,-0.36363636363636365,0.005724694249284401,0.03638388713569705,0.0,0.0
radar,radar__evaluation__clean__none__aNone,clean,none,hellinger,E1_fixed / confirmed_unscreened,E3_filter / confirmed_screened_filter_oracle_blocks,cross_experiment,-0.048817543459644536,-0.03672806067172263,,-0.36363636363636365,0.005724694249284401,0.03638388713569705,0.0,0.0
radar,radar__evaluation__clean__none__aNone,clean,none,hellinger,E1_fixed / confirmed_unscreened,E3_filter / confirmed_screened_filter_oracle_rows,cross_experiment,-0.048817543459644536,-0.03672806067172263,,-0.36363636363636365,0.005724694249284401,0.03638388713569705,0.0,0.0
radar,radar__evaluation__clean__none__aNone,clean,none,hellinger,E1_fixed / confirmed_unscreened,E3_filter / confirmed_screened_filter_random_blocks,cross_experiment,-0.04881754345964451,-0.03672806067172263,,-0.36363636363636365,0.005724694249284401,0.03638388713569705,0.0,0.0
radar,radar__evaluation__clean__none__aNone,clean,none,hellinger,E1_fixed / confirmed_unscreened,E3_filter / confirmed_screened_filter_random_rows,cross_experiment,-0.04881754345964451,-0.03672806067172263,,-0.36363636363636365,0.005724694249284401,0.03638388713569705,0.0,0.0
radar,radar__evaluation__clean__none__aNone,clean,none,hellinger,E1_fixed / confirmed_unscreened,E3_filter / none_screened_filter_learned_features,cross_experiment,-0.046555002691613834,-0.03774647887323934,,-0.35534928229665075,0.016289357272963878,0.038574345646927785,8.333333333333334,20566.666666666686
radar,radar__evaluation__clean__none__aNone,clean,none,hellinger,E1_fixed / confirmed_unscreened,E3_filter / none_screened_filter_learned_features_label,cross_experiment,-0.05859437700693251,-0.06795232936078,,-0.4320574162679426,-0.18501170960187363,0.01967700018563208,8.333333333333334,20455.0
radar,radar__evaluation__clean__none__aNone,clean,none,hellinger,E1_fixed / confirmed_unscreened,E3_filter / none_screened_filter_none,cross_experiment,-0.048817543459644536,-0.03672806067172263,,-0.45454545454545453,0.005724694249284401,0.03638388713569705,8.333333333333334,15833.333333333343
radar,radar__evaluation__clean__none__aNone,clean,none,hellinger,E1_fixed / immediate_screened,E2_RL / RL_2state,cross_experiment,0.0,0.0,,0.0,0.0,0.0,0.0,0.0
radar,radar__evaluation__clean__none__aNone,clean,none,hellinger,E1_fixed / immediate_screened,E2_RL / RL_4state,cross_experiment,0.0,0.0,,0.0,0.0,0.0,0.0,0.0
radar,radar__evaluation__clean__none__aNone,clean,none,hellinger,E1_fixed / immediate_screened,E2_RL / confirmed_screened,cross_experiment,0.0,0.0,,0.09090909090909088,0.0,0.0,-8.333333333333334,-15833.333333333343
radar,radar__evaluation__clean__none__aNone,clean,none,hellinger,E1_fixed / immediate_screened,E2_RL / error_rule,cross_experiment,0.0031486989990256176,-0.00021668472372693426,,-0.09090909090909088,0.0005204267499349657,0.0,-16.666666666666668,0.0
radar,radar__evaluation__clean__none__aNone,clean,none,hellinger,E1_fixed / immediate_screened,E2_RL / none_screened,cross_experiment,0.0,0.0,,0.0,0.0,0.0,0.0,0.0
radar,radar__evaluation__clean__none__aNone,clean,none,hellinger,E1_fixed / immediate_screened,E2_RL / selected_map,cross_experiment,0.0,0.0,,0.0,0.0,0.0,0.0,0.0
radar,radar__evaluation__clean__none__aNone,clean,none,hellinger,E1_fixed / immediate_screened,E3_filter / confirmed_screened_filter_learned_features,cross_experiment,0.002262540768030702,-0.0010184182015167131,,0.15182775119617226,0.010564663023679477,0.0021904585112307376,-6.666666666666667,-7748.3333333333285
radar,radar__evaluation__clean__none__aNone,clean,none,hellinger,E1_fixed / immediate_screened,E3_filter / confirmed_screened_filter_learned_features_label,cross_experiment,-0.009776833547287977,-0.031224268689057366,,0.07703349282296651,-0.19073640385115803,-0.01670688695006497,-5.0,-4878.333333333343
radar,radar__evaluation__clean__none__aNone,clean,none,hellinger,E1_fixed / immediate_screened,E3_filter / confirmed_screened_filter_none,cross_experiment,0.0,0.0,,0.09090909090909088,0.0,0.0,-8.333333333333334,-15833.333333333343
radar,radar__evaluation__clean__none__aNone,clean,none,hellinger,E1_fixed / immediate_screened,E3_filter / confirmed_screened_filter_oracle_blocks,cross_experiment,0.0,0.0,,0.09090909090909088,0.0,0.0,-8.333333333333334,-15833.333333333343
radar,radar__evaluation__clean__none__aNone,clean,none,hellinger,E1_fixed / immediate_screened,E3_filter / confirmed_screened_filter_oracle_rows,cross_experiment,0.0,0.0,,0.09090909090909088,0.0,0.0,-8.333333333333334,-15833.333333333343
radar,radar__evaluation__clean__none__aNone,clean,none,hellinger,E1_fixed / immediate_screened,E3_filter / confirmed_screened_filter_random_blocks,cross_experiment,2.7755575615628914e-17,0.0,,0.09090909090909088,0.0,0.0,-8.333333333333334,-15833.333333333343
radar,radar__evaluation__clean__none__aNone,clean,none,hellinger,E1_fixed / immediate_screened,E3_filter / confirmed_screened_filter_random_rows,cross_experiment,2.7755575615628914e-17,0.0,,0.09090909090909088,0.0,0.0,-8.333333333333334,-15833.333333333343
radar,radar__evaluation__clean__none__aNone,clean,none,hellinger,E1_fixed / immediate_screened,E3_filter / none_screened_filter_learned_features,cross_experiment,0.002262540768030702,-0.0010184182015167131,,0.09919617224880378,0.010564663023679477,0.0021904585112307376,0.0,4733.333333333343
radar,radar__evaluation__clean__none__aNone,clean,none,hellinger,E1_fixed / immediate_screened,E3_filter / none_screened_filter_learned_features_label,cross_experiment,-0.009776833547287977,-0.031224268689057366,,0.022488038277511946,-0.19073640385115803,-0.01670688695006497,0.0,4621.666666666657
radar,radar__evaluation__clean__none__aNone,clean,none,hellinger,E1_fixed / immediate_screened,E3_filter / none_screened_filter_none,cross_experiment,0.0,0.0,,0.0,0.0,0.0,0.0,0.0
radar,radar__evaluation__clean__none__aNone,clean,none,hellinger,E1_fixed / immediate_unscreened,E2_RL / RL_2state,cross_experiment,-0.0033367623741376307,0.0664138678223185,,-0.45454545454545453,0.25136612021857924,0.03638388713569705,8.333333333333334,0.0
radar,radar__evaluation__clean__none__aNone,clean,none,hellinger,E1_fixed / immediate_unscreened,E2_RL / RL_4state,cross_experiment,-0.0033367623741376307,0.0664138678223185,,-0.45454545454545453,0.25136612021857924,0.03638388713569705,8.333333333333334,0.0
radar,radar__evaluation__clean__none__aNone,clean,none,hellinger,E1_fixed / immediate_unscreened,E2_RL / confirmed_screened,cross_experiment,-0.0033367623741376307,0.0664138678223185,,-0.36363636363636365,0.25136612021857924,0.03638388713569705,0.0,-15833.333333333343
radar,radar__evaluation__clean__none__aNone,clean,none,hellinger,E1_fixed / immediate_unscreened,E2_RL / error_rule,cross_experiment,-0.0001880633751120131,0.06619718309859157,,-0.5454545454545454,0.2518865469685142,0.03638388713569705,-8.333333333333334,0.0
radar,radar__evaluation__clean__none__aNone,clean,none,hellinger,E1_fixed / immediate_unscreened,E2_RL / none_screened,cross_experiment,-0.0033367623741376307,0.0664138678223185,,-0.45454545454545453,0.25136612021857924,0.03638388713569705,8.333333333333334,0.0
radar,radar__evaluation__clean__none__aNone,clean,none,hellinger,E1_fixed / immediate_unscreened,E2_RL / selected_map,cross_experiment,-0.0033367623741376307,0.0664138678223185,,-0.45454545454545453,0.25136612021857924,0.03638388713569705,8.333333333333334,0.0
radar,radar__evaluation__clean__none__aNone,clean,none,hellinger,E1_fixed / immediate_unscreened,E3_filter / confirmed_screened_filter_learned_features,cross_experiment,-0.0010742216061069287,0.0653954496208018,,-0.3027177033492823,0.2619307832422587,0.038574345646927785,1.666666666666667,-7748.3333333333285
radar,radar__evaluation__clean__none__aNone,clean,none,hellinger,E1_fixed / immediate_unscreened,E3_filter / confirmed_screened_filter_learned_features_label,cross_experiment,-0.013113595921425608,0.03518959913326114,,-0.377511961722488,0.060629716367421205,0.01967700018563208,3.333333333333334,-4878.333333333343
radar,radar__evaluation__clean__none__aNone,clean,none,hellinger,E1_fixed / immediate_unscreened,E3_filter / confirmed_screened_filter_none,cross_experiment,-0.0033367623741376307,0.0664138678223185,,-0.36363636363636365,0.25136612021857924,0.03638388713569705,0.0,-15833.333333333343
radar,radar__evaluation__clean__none__aNone,clean,none,hellinger,E1_fixed / immediate_unscreened,E3_filter / confirmed_screened_filter_oracle_blocks,cross_experiment,-0.0033367623741376307,0.0664138678223185,,-0.36363636363636365,0.25136612021857924,0.03638388713569705,0.0,-15833.333333333343
radar,radar__evaluation__clean__none__aNone,clean,none,hellinger,E1_fixed / immediate_unscreened,E3_filter / confirmed_screened_filter_oracle_rows,cross_experiment,-0.0033367623741376307,0.0664138678223185,,-0.36363636363636365,0.25136612021857924,0.03638388713569705,0.0,-15833.333333333343
radar,radar__evaluation__clean__none__aNone,clean,none,hellinger,E1_fixed / immediate_unscreened,E3_filter / confirmed_screened_filter_random_blocks,cross_experiment,-0.003336762374137603,0.0664138678223185,,-0.36363636363636365,0.25136612021857924,0.03638388713569705,0.0,-15833.333333333343
radar,radar__evaluation__clean__none__aNone,clean,none,hellinger,E1_fixed / immediate_unscreened,E3_filter / confirmed_screened_filter_random_rows,cross_experiment,-0.003336762374137603,0.0664138678223185,,-0.36363636363636365,0.25136612021857924,0.03638388713569705,0.0,-15833.333333333343
radar,radar__evaluation__clean__none__aNone,clean,none,hellinger,E1_fixed / immediate_unscreened,E3_filter / none_screened_filter_learned_features,cross_experiment,-0.0010742216061069287,0.0653954496208018,,-0.35534928229665075,0.2619307832422587,0.038574345646927785,8.333333333333334,4733.333333333343
radar,radar__evaluation__clean__none__aNone,clean,none,hellinger,E1_fixed / immediate_unscreened,E3_filter / none_screened_filter_learned_features_label,cross_experiment,-0.013113595921425608,0.03518959913326114,,-0.4320574162679426,0.060629716367421205,0.01967700018563208,8.333333333333334,4621.666666666657
radar,radar__evaluation__clean__none__aNone,clean,none,hellinger,E1_fixed / immediate_unscreened,E3_filter / none_screened_filter_none,cross_experiment,-0.0033367623741376307,0.0664138678223185,,-0.45454545454545453,0.25136612021857924,0.03638388713569705,8.333333333333334,0.0
radar,radar__evaluation__clean__none__aNone,clean,none,hellinger,E1_fixed / none_screened,E2_RL / RL_2state,cross_experiment,0.0,0.0,,0.0,0.0,0.0,0.0,0.0
radar,radar__evaluation__clean__none__aNone,clean,none,hellinger,E1_fixed / none_screened,E2_RL / RL_4state,cross_experiment,0.0,0.0,,0.0,0.0,0.0,0.0,0.0
radar,radar__evaluation__clean__none__aNone,clean,none,hellinger,E1_fixed / none_screened,E2_RL / confirmed_screened,cross_experiment,0.0,0.0,,0.09090909090909088,0.0,0.0,-8.333333333333334,-15833.333333333343
radar,radar__evaluation__clean__none__aNone,clean,none,hellinger,E1_fixed / none_screened,E2_RL / error_rule,cross_experiment,0.0031486989990256176,-0.00021668472372693426,,-0.09090909090909088,0.0005204267499349657,0.0,-16.666666666666668,0.0
radar,radar__evaluation__clean__none__aNone,clean,none,hellinger,E1_fixed / none_screened,E2_RL / none_screened,cross_experiment,0.0,0.0,,0.0,0.0,0.0,0.0,0.0
radar,radar__evaluation__clean__none__aNone,clean,none,hellinger,E1_fixed / none_screened,E2_RL / selected_map,cross_experiment,0.0,0.0,,0.0,0.0,0.0,0.0,0.0
radar,radar__evaluation__clean__none__aNone,clean,none,hellinger,E1_fixed / none_screened,E3_filter / confirmed_screened_filter_learned_features,cross_experiment,0.002262540768030702,-0.0010184182015167131,,0.15182775119617226,0.010564663023679477,0.0021904585112307376,-6.666666666666667,-7748.3333333333285
radar,radar__evaluation__clean__none__aNone,clean,none,hellinger,E1_fixed / none_screened,E3_filter / confirmed_screened_filter_learned_features_label,cross_experiment,-0.009776833547287977,-0.031224268689057366,,0.07703349282296651,-0.19073640385115803,-0.01670688695006497,-5.0,-4878.333333333343
radar,radar__evaluation__clean__none__aNone,clean,none,hellinger,E1_fixed / none_screened,E3_filter / confirmed_screened_filter_none,cross_experiment,0.0,0.0,,0.09090909090909088,0.0,0.0,-8.333333333333334,-15833.333333333343
radar,radar__evaluation__clean__none__aNone,clean,none,hellinger,E1_fixed / none_screened,E3_filter / confirmed_screened_filter_oracle_blocks,cross_experiment,0.0,0.0,,0.09090909090909088,0.0,0.0,-8.333333333333334,-15833.333333333343
radar,radar__evaluation__clean__none__aNone,clean,none,hellinger,E1_fixed / none_screened,E3_filter / confirmed_screened_filter_oracle_rows,cross_experiment,0.0,0.0,,0.09090909090909088,0.0,0.0,-8.333333333333334,-15833.333333333343
radar,radar__evaluation__clean__none__aNone,clean,none,hellinger,E1_fixed / none_screened,E3_filter / confirmed_screened_filter_random_blocks,cross_experiment,2.7755575615628914e-17,0.0,,0.09090909090909088,0.0,0.0,-8.333333333333334,-15833.333333333343
radar,radar__evaluation__clean__none__aNone,clean,none,hellinger,E1_fixed / none_screened,E3_filter / confirmed_screened_filter_random_rows,cross_experiment,2.7755575615628914e-17,0.0,,0.09090909090909088,0.0,0.0,-8.333333333333334,-15833.333333333343
radar,radar__evaluation__clean__none__aNone,clean,none,hellinger,E1_fixed / none_screened,E3_filter / none_screened_filter_learned_features,cross_experiment,0.002262540768030702,-0.0010184182015167131,,0.09919617224880378,0.010564663023679477,0.0021904585112307376,0.0,4733.333333333343
radar,radar__evaluation__clean__none__aNone,clean,none,hellinger,E1_fixed / none_screened,E3_filter / none_screened_filter_learned_features_label,cross_experiment,-0.009776833547287977,-0.031224268689057366,,0.022488038277511946,-0.19073640385115803,-0.01670688695006497,0.0,4621.666666666657
radar,radar__evaluation__clean__none__aNone,clean,none,hellinger,E1_fixed / none_screened,E3_filter / none_screened_filter_none,cross_experiment,0.0,0.0,,0.0,0.0,0.0,0.0,0.0
radar,radar__evaluation__clean__none__aNone,clean,none,hellinger,E1_fixed / none_unscreened,E2_RL / RL_2state,cross_experiment,-0.048817543459644536,-0.03672806067172263,,-0.45454545454545453,0.005724694249284401,0.03638388713569705,0.0,0.0
radar,radar__evaluation__clean__none__aNone,clean,none,hellinger,E1_fixed / none_unscreened,E2_RL / RL_4state,cross_experiment,-0.048817543459644536,-0.03672806067172263,,-0.45454545454545453,0.005724694249284401,0.03638388713569705,0.0,0.0
radar,radar__evaluation__clean__none__aNone,clean,none,hellinger,E1_fixed / none_unscreened,E2_RL / confirmed_screened,cross_experiment,-0.048817543459644536,-0.03672806067172263,,-0.36363636363636365,0.005724694249284401,0.03638388713569705,-8.333333333333334,-15833.333333333343
radar,radar__evaluation__clean__none__aNone,clean,none,hellinger,E1_fixed / none_unscreened,E2_RL / error_rule,cross_experiment,-0.04566884446061892,-0.03694474539544956,,-0.5454545454545454,0.006245120999219367,0.03638388713569705,-16.666666666666668,0.0
radar,radar__evaluation__clean__none__aNone,clean,none,hellinger,E1_fixed / none_unscreened,E2_RL / none_screened,cross_experiment,-0.048817543459644536,-0.03672806067172263,,-0.45454545454545453,0.005724694249284401,0.03638388713569705,0.0,0.0
radar,radar__evaluation__clean__none__aNone,clean,none,hellinger,E1_fixed / none_unscreened,E2_RL / selected_map,cross_experiment,-0.048817543459644536,-0.03672806067172263,,-0.45454545454545453,0.005724694249284401,0.03638388713569705,0.0,0.0
radar,radar__evaluation__clean__none__aNone,clean,none,hellinger,E1_fixed / none_unscreened,E3_filter / confirmed_screened_filter_learned_features,cross_experiment,-0.046555002691613834,-0.03774647887323934,,-0.3027177033492823,0.016289357272963878,0.038574345646927785,-6.666666666666667,-7748.3333333333285
radar,radar__evaluation__clean__none__aNone,clean,none,hellinger,E1_fixed / none_unscreened,E3_filter / confirmed_screened_filter_learned_features_label,cross_experiment,-0.05859437700693251,-0.06795232936078,,-0.377511961722488,-0.18501170960187363,0.01967700018563208,-5.0,-4878.333333333343
radar,radar__evaluation__clean__none__aNone,clean,none,hellinger,E1_fixed / none_unscreened,E3_filter / confirmed_screened_filter_none,cross_experiment,-0.048817543459644536,-0.03672806067172263,,-0.36363636363636365,0.005724694249284401,0.03638388713569705,-8.333333333333334,-15833.333333333343
radar,radar__evaluation__clean__none__aNone,clean,none,hellinger,E1_fixed / none_unscreened,E3_filter / confirmed_screened_filter_oracle_blocks,cross_experiment,-0.048817543459644536,-0.03672806067172263,,-0.36363636363636365,0.005724694249284401,0.03638388713569705,-8.333333333333334,-15833.333333333343
radar,radar__evaluation__clean__none__aNone,clean,none,hellinger,E1_fixed / none_unscreened,E3_filter / confirmed_screened_filter_oracle_rows,cross_experiment,-0.048817543459644536,-0.03672806067172263,,-0.36363636363636365,0.005724694249284401,0.03638388713569705,-8.333333333333334,-15833.333333333343
radar,radar__evaluation__clean__none__aNone,clean,none,hellinger,E1_fixed / none_unscreened,E3_filter / confirmed_screened_filter_random_blocks,cross_experiment,-0.04881754345964451,-0.03672806067172263,,-0.36363636363636365,0.005724694249284401,0.03638388713569705,-8.333333333333334,-15833.333333333343
radar,radar__evaluation__clean__none__aNone,clean,none,hellinger,E1_fixed / none_unscreened,E3_filter / confirmed_screened_filter_random_rows,cross_experiment,-0.04881754345964451,-0.03672806067172263,,-0.36363636363636365,0.005724694249284401,0.03638388713569705,-8.333333333333334,-15833.333333333343
radar,radar__evaluation__clean__none__aNone,clean,none,hellinger,E1_fixed / none_unscreened,E3_filter / none_screened_filter_learned_features,cross_experiment,-0.046555002691613834,-0.03774647887323934,,-0.35534928229665075,0.016289357272963878,0.038574345646927785,0.0,4733.333333333343
radar,radar__evaluation__clean__none__aNone,clean,none,hellinger,E1_fixed / none_unscreened,E3_filter / none_screened_filter_learned_features_label,cross_experiment,-0.05859437700693251,-0.06795232936078,,-0.4320574162679426,-0.18501170960187363,0.01967700018563208,0.0,4621.666666666657
radar,radar__evaluation__clean__none__aNone,clean,none,hellinger,E1_fixed / none_unscreened,E3_filter / none_screened_filter_none,cross_experiment,-0.048817543459644536,-0.03672806067172263,,-0.45454545454545453,0.005724694249284401,0.03638388713569705,0.0,0.0
radar,radar__evaluation__clean__none__aNone,clean,none,hellinger,E2_RL / RL_2state,E3_filter / confirmed_screened_filter_learned_features,cross_experiment,0.002262540768030702,-0.0010184182015167131,,0.15182775119617226,0.010564663023679477,0.0021904585112307376,-6.666666666666667,-7748.3333333333285
radar,radar__evaluation__clean__none__aNone,clean,none,hellinger,E2_RL / RL_2state,E3_filter / confirmed_screened_filter_learned_features_label,cross_experiment,-0.009776833547287977,-0.031224268689057366,,0.07703349282296651,-0.19073640385115803,-0.01670688695006497,-5.0,-4878.333333333343
radar,radar__evaluation__clean__none__aNone,clean,none,hellinger,E2_RL / RL_2state,E3_filter / confirmed_screened_filter_none,cross_experiment,0.0,0.0,,0.09090909090909088,0.0,0.0,-8.333333333333334,-15833.333333333343
radar,radar__evaluation__clean__none__aNone,clean,none,hellinger,E2_RL / RL_2state,E3_filter / confirmed_screened_filter_oracle_blocks,cross_experiment,0.0,0.0,,0.09090909090909088,0.0,0.0,-8.333333333333334,-15833.333333333343
radar,radar__evaluation__clean__none__aNone,clean,none,hellinger,E2_RL / RL_2state,E3_filter / confirmed_screened_filter_oracle_rows,cross_experiment,0.0,0.0,,0.09090909090909088,0.0,0.0,-8.333333333333334,-15833.333333333343
radar,radar__evaluation__clean__none__aNone,clean,none,hellinger,E2_RL / RL_2state,E3_filter / confirmed_screened_filter_random_blocks,cross_experiment,2.7755575615628914e-17,0.0,,0.09090909090909088,0.0,0.0,-8.333333333333334,-15833.333333333343
radar,radar__evaluation__clean__none__aNone,clean,none,hellinger,E2_RL / RL_2state,E3_filter / confirmed_screened_filter_random_rows,cross_experiment,2.7755575615628914e-17,0.0,,0.09090909090909088,0.0,0.0,-8.333333333333334,-15833.333333333343
radar,radar__evaluation__clean__none__aNone,clean,none,hellinger,E2_RL / RL_2state,E3_filter / none_screened_filter_learned_features,cross_experiment,0.002262540768030702,-0.0010184182015167131,,0.09919617224880378,0.010564663023679477,0.0021904585112307376,0.0,4733.333333333343
radar,radar__evaluation__clean__none__aNone,clean,none,hellinger,E2_RL / RL_2state,E3_filter / none_screened_filter_learned_features_label,cross_experiment,-0.009776833547287977,-0.031224268689057366,,0.022488038277511946,-0.19073640385115803,-0.01670688695006497,0.0,4621.666666666657
radar,radar__evaluation__clean__none__aNone,clean,none,hellinger,E2_RL / RL_2state,E3_filter / none_screened_filter_none,cross_experiment,0.0,0.0,,0.0,0.0,0.0,0.0,0.0
radar,radar__evaluation__clean__none__aNone,clean,none,hellinger,E2_RL / RL_4state,E3_filter / confirmed_screened_filter_learned_features,cross_experiment,0.002262540768030702,-0.0010184182015167131,,0.15182775119617226,0.010564663023679477,0.0021904585112307376,-6.666666666666667,-7748.3333333333285
radar,radar__evaluation__clean__none__aNone,clean,none,hellinger,E2_RL / RL_4state,E3_filter / confirmed_screened_filter_learned_features_label,cross_experiment,-0.009776833547287977,-0.031224268689057366,,0.07703349282296651,-0.19073640385115803,-0.01670688695006497,-5.0,-4878.333333333343
radar,radar__evaluation__clean__none__aNone,clean,none,hellinger,E2_RL / RL_4state,E3_filter / confirmed_screened_filter_none,cross_experiment,0.0,0.0,,0.09090909090909088,0.0,0.0,-8.333333333333334,-15833.333333333343
radar,radar__evaluation__clean__none__aNone,clean,none,hellinger,E2_RL / RL_4state,E3_filter / confirmed_screened_filter_oracle_blocks,cross_experiment,0.0,0.0,,0.09090909090909088,0.0,0.0,-8.333333333333334,-15833.333333333343
radar,radar__evaluation__clean__none__aNone,clean,none,hellinger,E2_RL / RL_4state,E3_filter / confirmed_screened_filter_oracle_rows,cross_experiment,0.0,0.0,,0.09090909090909088,0.0,0.0,-8.333333333333334,-15833.333333333343
radar,radar__evaluation__clean__none__aNone,clean,none,hellinger,E2_RL / RL_4state,E3_filter / confirmed_screened_filter_random_blocks,cross_experiment,2.7755575615628914e-17,0.0,,0.09090909090909088,0.0,0.0,-8.333333333333334,-15833.333333333343
radar,radar__evaluation__clean__none__aNone,clean,none,hellinger,E2_RL / RL_4state,E3_filter / confirmed_screened_filter_random_rows,cross_experiment,2.7755575615628914e-17,0.0,,0.09090909090909088,0.0,0.0,-8.333333333333334,-15833.333333333343
radar,radar__evaluation__clean__none__aNone,clean,none,hellinger,E2_RL / RL_4state,E3_filter / none_screened_filter_learned_features,cross_experiment,0.002262540768030702,-0.0010184182015167131,,0.09919617224880378,0.010564663023679477,0.0021904585112307376,0.0,4733.333333333343
radar,radar__evaluation__clean__none__aNone,clean,none,hellinger,E2_RL / RL_4state,E3_filter / none_screened_filter_learned_features_label,cross_experiment,-0.009776833547287977,-0.031224268689057366,,0.022488038277511946,-0.19073640385115803,-0.01670688695006497,0.0,4621.666666666657
radar,radar__evaluation__clean__none__aNone,clean,none,hellinger,E2_RL / RL_4state,E3_filter / none_screened_filter_none,cross_experiment,0.0,0.0,,0.0,0.0,0.0,0.0,0.0
radar,radar__evaluation__clean__none__aNone,clean,none,hellinger,E2_RL / confirmed_screened,E3_filter / confirmed_screened_filter_learned_features,cross_experiment,0.002262540768030702,-0.0010184182015167131,,0.06091866028708137,0.010564663023679477,0.0021904585112307376,1.666666666666667,8085.000000000015
radar,radar__evaluation__clean__none__aNone,clean,none,hellinger,E2_RL / confirmed_screened,E3_filter / confirmed_screened_filter_learned_features_label,cross_experiment,-0.009776833547287977,-0.031224268689057366,,-0.013875598086124374,-0.19073640385115803,-0.01670688695006497,3.333333333333334,10955.0
radar,radar__evaluation__clean__none__aNone,clean,none,hellinger,E2_RL / confirmed_screened,E3_filter / confirmed_screened_filter_none,cross_experiment,0.0,0.0,,0.0,0.0,0.0,0.0,0.0
radar,radar__evaluation__clean__none__aNone,clean,none,hellinger,E2_RL / confirmed_screened,E3_filter / confirmed_screened_filter_oracle_blocks,cross_experiment,0.0,0.0,,0.0,0.0,0.0,0.0,0.0
radar,radar__evaluation__clean__none__aNone,clean,none,hellinger,E2_RL / confirmed_screened,E3_filter / confirmed_screened_filter_oracle_rows,cross_experiment,0.0,0.0,,0.0,0.0,0.0,0.0,0.0
radar,radar__evaluation__clean__none__aNone,clean,none,hellinger,E2_RL / confirmed_screened,E3_filter / confirmed_screened_filter_random_blocks,cross_experiment,2.7755575615628914e-17,0.0,,0.0,0.0,0.0,0.0,0.0
radar,radar__evaluation__clean__none__aNone,clean,none,hellinger,E2_RL / confirmed_screened,E3_filter / confirmed_screened_filter_random_rows,cross_experiment,2.7755575615628914e-17,0.0,,0.0,0.0,0.0,0.0,0.0
radar,radar__evaluation__clean__none__aNone,clean,none,hellinger,E2_RL / confirmed_screened,E3_filter / none_screened_filter_learned_features,cross_experiment,0.002262540768030702,-0.0010184182015167131,,0.008287081339712898,0.010564663023679477,0.0021904585112307376,8.333333333333334,20566.666666666686
radar,radar__evaluation__clean__none__aNone,clean,none,hellinger,E2_RL / confirmed_screened,E3_filter / none_screened_filter_learned_features_label,cross_experiment,-0.009776833547287977,-0.031224268689057366,,-0.06842105263157894,-0.19073640385115803,-0.01670688695006497,8.333333333333334,20455.0
radar,radar__evaluation__clean__none__aNone,clean,none,hellinger,E2_RL / confirmed_screened,E3_filter / none_screened_filter_none,cross_experiment,0.0,0.0,,-0.09090909090909088,0.0,0.0,8.333333333333334,15833.333333333343
radar,radar__evaluation__clean__none__aNone,clean,none,hellinger,E2_RL / error_rule,E3_filter / confirmed_screened_filter_learned_features,cross_experiment,-0.0008861582309949156,-0.0008017334777897789,,0.24273684210526314,0.010044236273744511,0.0021904585112307376,10.0,-7748.3333333333285
radar,radar__evaluation__clean__none__aNone,clean,none,hellinger,E2_RL / error_rule,E3_filter / confirmed_screened_filter_learned_features_label,cross_experiment,-0.012925532546313595,-0.031007583965330432,,0.1679425837320574,-0.191256830601093,-0.01670688695006497,11.666666666666668,-4878.333333333343
radar,radar__evaluation__clean__none__aNone,clean,none,hellinger,E2_RL / error_rule,E3_filter / confirmed_screened_filter_none,cross_experiment,-0.0031486989990256176,0.00021668472372693426,,0.18181818181818177,-0.0005204267499349657,0.0,8.333333333333334,-15833.333333333343
radar,radar__evaluation__clean__none__aNone,clean,none,hellinger,E2_RL / error_rule,E3_filter / confirmed_screened_filter_oracle_blocks,cross_experiment,-0.0031486989990256176,0.00021668472372693426,,0.18181818181818177,-0.0005204267499349657,0.0,8.333333333333334,-15833.333333333343
radar,radar__evaluation__clean__none__aNone,clean,none,hellinger,E2_RL / error_rule,E3_filter / confirmed_screened_filter_oracle_rows,cross_experiment,-0.0031486989990256176,0.00021668472372693426,,0.18181818181818177,-0.0005204267499349657,0.0,8.333333333333334,-15833.333333333343
radar,radar__evaluation__clean__none__aNone,clean,none,hellinger,E2_RL / error_rule,E3_filter / confirmed_screened_filter_random_blocks,cross_experiment,-0.00314869899902559,0.00021668472372693426,,0.18181818181818177,-0.0005204267499349657,0.0,8.333333333333334,-15833.333333333343
radar,radar__evaluation__clean__none__aNone,clean,none,hellinger,E2_RL / error_rule,E3_filter / confirmed_screened_filter_random_rows,cross_experiment,-0.00314869899902559,0.00021668472372693426,,0.18181818181818177,-0.0005204267499349657,0.0,8.333333333333334,-15833.333333333343
radar,radar__evaluation__clean__none__aNone,clean,none,hellinger,E2_RL / error_rule,E3_filter / none_screened_filter_learned_features,cross_experiment,-0.0008861582309949156,-0.0008017334777897789,,0.19010526315789467,0.010044236273744511,0.0021904585112307376,16.666666666666668,4733.333333333343
radar,radar__evaluation__clean__none__aNone,clean,none,hellinger,E2_RL / error_rule,E3_filter / none_screened_filter_learned_features_label,cross_experiment,-0.012925532546313595,-0.031007583965330432,,0.11339712918660283,-0.191256830601093,-0.01670688695006497,16.666666666666668,4621.666666666657
radar,radar__evaluation__clean__none__aNone,clean,none,hellinger,E2_RL / error_rule,E3_filter / none_screened_filter_none,cross_experiment,-0.0031486989990256176,0.00021668472372693426,,0.09090909090909088,-0.0005204267499349657,0.0,16.666666666666668,0.0
radar,radar__evaluation__clean__none__aNone,clean,none,hellinger,E2_RL / none_screened,E3_filter / confirmed_screened_filter_learned_features,cross_experiment,0.002262540768030702,-0.0010184182015167131,,0.15182775119617226,0.010564663023679477,0.0021904585112307376,-6.666666666666667,-7748.3333333333285
radar,radar__evaluation__clean__none__aNone,clean,none,hellinger,E2_RL / none_screened,E3_filter / confirmed_screened_filter_learned_features_label,cross_experiment,-0.009776833547287977,-0.031224268689057366,,0.07703349282296651,-0.19073640385115803,-0.01670688695006497,-5.0,-4878.333333333343
radar,radar__evaluation__clean__none__aNone,clean,none,hellinger,E2_RL / none_screened,E3_filter / confirmed_screened_filter_none,cross_experiment,0.0,0.0,,0.09090909090909088,0.0,0.0,-8.333333333333334,-15833.333333333343
radar,radar__evaluation__clean__none__aNone,clean,none,hellinger,E2_RL / none_screened,E3_filter / confirmed_screened_filter_oracle_blocks,cross_experiment,0.0,0.0,,0.09090909090909088,0.0,0.0,-8.333333333333334,-15833.333333333343
radar,radar__evaluation__clean__none__aNone,clean,none,hellinger,E2_RL / none_screened,E3_filter / confirmed_screened_filter_oracle_rows,cross_experiment,0.0,0.0,,0.09090909090909088,0.0,0.0,-8.333333333333334,-15833.333333333343
radar,radar__evaluation__clean__none__aNone,clean,none,hellinger,E2_RL / none_screened,E3_filter / confirmed_screened_filter_random_blocks,cross_experiment,2.7755575615628914e-17,0.0,,0.09090909090909088,0.0,0.0,-8.333333333333334,-15833.333333333343
radar,radar__evaluation__clean__none__aNone,clean,none,hellinger,E2_RL / none_screened,E3_filter / confirmed_screened_filter_random_rows,cross_experiment,2.7755575615628914e-17,0.0,,0.09090909090909088,0.0,0.0,-8.333333333333334,-15833.333333333343
radar,radar__evaluation__clean__none__aNone,clean,none,hellinger,E2_RL / none_screened,E3_filter / none_screened_filter_learned_features,cross_experiment,0.002262540768030702,-0.0010184182015167131,,0.09919617224880378,0.010564663023679477,0.0021904585112307376,0.0,4733.333333333343
radar,radar__evaluation__clean__none__aNone,clean,none,hellinger,E2_RL / none_screened,E3_filter / none_screened_filter_learned_features_label,cross_experiment,-0.009776833547287977,-0.031224268689057366,,0.022488038277511946,-0.19073640385115803,-0.01670688695006497,0.0,4621.666666666657
radar,radar__evaluation__clean__none__aNone,clean,none,hellinger,E2_RL / none_screened,E3_filter / none_screened_filter_none,cross_experiment,0.0,0.0,,0.0,0.0,0.0,0.0,0.0
radar,radar__evaluation__clean__none__aNone,clean,none,hellinger,E2_RL / selected_map,E3_filter / confirmed_screened_filter_learned_features,cross_experiment,0.002262540768030702,-0.0010184182015167131,,0.15182775119617226,0.010564663023679477,0.0021904585112307376,-6.666666666666667,-7748.3333333333285
radar,radar__evaluation__clean__none__aNone,clean,none,hellinger,E2_RL / selected_map,E3_filter / confirmed_screened_filter_learned_features_label,cross_experiment,-0.009776833547287977,-0.031224268689057366,,0.07703349282296651,-0.19073640385115803,-0.01670688695006497,-5.0,-4878.333333333343
radar,radar__evaluation__clean__none__aNone,clean,none,hellinger,E2_RL / selected_map,E3_filter / confirmed_screened_filter_none,cross_experiment,0.0,0.0,,0.09090909090909088,0.0,0.0,-8.333333333333334,-15833.333333333343
radar,radar__evaluation__clean__none__aNone,clean,none,hellinger,E2_RL / selected_map,E3_filter / confirmed_screened_filter_oracle_blocks,cross_experiment,0.0,0.0,,0.09090909090909088,0.0,0.0,-8.333333333333334,-15833.333333333343
radar,radar__evaluation__clean__none__aNone,clean,none,hellinger,E2_RL / selected_map,E3_filter / confirmed_screened_filter_oracle_rows,cross_experiment,0.0,0.0,,0.09090909090909088,0.0,0.0,-8.333333333333334,-15833.333333333343
radar,radar__evaluation__clean__none__aNone,clean,none,hellinger,E2_RL / selected_map,E3_filter / confirmed_screened_filter_random_blocks,cross_experiment,2.7755575615628914e-17,0.0,,0.09090909090909088,0.0,0.0,-8.333333333333334,-15833.333333333343
radar,radar__evaluation__clean__none__aNone,clean,none,hellinger,E2_RL / selected_map,E3_filter / confirmed_screened_filter_random_rows,cross_experiment,2.7755575615628914e-17,0.0,,0.09090909090909088,0.0,0.0,-8.333333333333334,-15833.333333333343
radar,radar__evaluation__clean__none__aNone,clean,none,hellinger,E2_RL / selected_map,E3_filter / none_screened_filter_learned_features,cross_experiment,0.002262540768030702,-0.0010184182015167131,,0.09919617224880378,0.010564663023679477,0.0021904585112307376,0.0,4733.333333333343
radar,radar__evaluation__clean__none__aNone,clean,none,hellinger,E2_RL / selected_map,E3_filter / none_screened_filter_learned_features_label,cross_experiment,-0.009776833547287977,-0.031224268689057366,,0.022488038277511946,-0.19073640385115803,-0.01670688695006497,0.0,4621.666666666657
radar,radar__evaluation__clean__none__aNone,clean,none,hellinger,E2_RL / selected_map,E3_filter / none_screened_filter_none,cross_experiment,0.0,0.0,,0.0,0.0,0.0,0.0,0.0
radar,radar__evaluation__instance__severe__a0,instance,severe,adwin,E1_fixed / confirmed_screened,E2_RL / RL_2state,cross_experiment,0.06950410309062305,0.10270855904658716,0.09388185654008441,-0.08979752826715753,0.24121779859484777,0.0,8.333333333333334,15833.333333333343
radar,radar__evaluation__instance__severe__a0,instance,severe,adwin,E1_fixed / confirmed_screened,E2_RL / RL_4state,cross_experiment,0.06950410309062305,0.10270855904658716,0.09388185654008441,-0.08979752826715753,0.24121779859484777,0.0,8.333333333333334,15833.333333333343
radar,radar__evaluation__instance__severe__a0,instance,severe,adwin,E1_fixed / confirmed_screened,E2_RL / confirmed_screened,cross_experiment,0.0,0.0,0.0,0.0,0.0,0.0,0.0,0.0
radar,radar__evaluation__instance__severe__a0,instance,severe,adwin,E1_fixed / confirmed_screened,E2_RL / error_rule,cross_experiment,0.0002781675929201255,-0.00021668472372704528,0.27461322081575246,-0.272022087825401,-0.0039032006245121043,0.0,0.0,15833.333333333343
radar,radar__evaluation__instance__severe__a0,instance,severe,adwin,E1_fixed / confirmed_screened,E2_RL / none_screened,cross_experiment,0.06950410309062305,0.10270855904658716,0.09388185654008441,-0.08979752826715753,0.24121779859484777,0.0,8.333333333333334,15833.333333333343
radar,radar__evaluation__instance__severe__a0,instance,severe,adwin,E1_fixed / confirmed_screened,E2_RL / selected_map,cross_experiment,0.06982677315766805,0.10270855904658716,0.27461322081575246,-0.272022087825401,0.2427790788446526,0.0,8.333333333333334,15833.333333333343
radar,radar__evaluation__instance__severe__a0,instance,severe,adwin,E1_fixed / confirmed_screened,E3_filter / confirmed_screened_filter_learned_features,cross_experiment,0.07498262880745396,0.09876489707475622,0.10745428973277082,-0.11149092821456741,0.2597449908925319,0.011806200111379242,3.333333333333334,-346.66666666665697
radar,radar__evaluation__instance__severe__a0,instance,severe,adwin,E1_fixed / confirmed_screened,E3_filter / confirmed_screened_filter_learned_features_label,cross_experiment,0.027579817005276924,0.04136511375947993,0.10773558368495084,-0.09447804364975021,-0.041790268019776255,-0.000594022647113418,3.333333333333334,6271.6666666666715
radar,radar__evaluation__instance__severe__a0,instance,severe,adwin,E1_fixed / confirmed_screened,E3_filter / confirmed_screened_filter_none,cross_experiment,0.0,0.0,0.0,0.0,0.0,0.0,0.0,0.0
radar,radar__evaluation__instance__severe__a0,instance,severe,adwin,E1_fixed / confirmed_screened,E3_filter / confirmed_screened_filter_oracle_blocks,cross_experiment,0.09343389302247929,0.20585048754062835,0.8136427566807314,-0.8198790428608993,-0.5381212594327348,-0.15036198255058475,8.333333333333334,102916.66666666667
radar,radar__evaluation__instance__severe__a0,instance,severe,adwin,E1_fixed / confirmed_screened,E3_filter / confirmed_screened_filter_oracle_rows,cross_experiment,0.04913514095213056,0.08645720476706387,0.8136427566807314,-0.09203260583749673,0.23939630497007547,0.027659179506218677,0.0,27916.66666666667
radar,radar__evaluation__instance__severe__a0,instance,severe,adwin,E1_fixed / confirmed_screened,E3_filter / confirmed_screened_filter_random_blocks,cross_experiment,0.09343389302247929,0.2058504875406284,0.8136427566807314,-0.8198790428608993,-0.5381212594327348,-0.15036198255058478,8.333333333333334,102916.66666666667
radar,radar__evaluation__instance__severe__a0,instance,severe,adwin,E1_fixed / confirmed_screened,E3_filter / confirmed_screened_filter_random_rows,cross_experiment,0.078582143301228,0.09941495124593713,0.27011251758087207,-0.27699184854062586,0.2711423367161072,0.01429366994616671,5.0,25691.666666666686
radar,radar__evaluation__instance__severe__a0,instance,severe,adwin,E1_fixed / confirmed_screened,E3_filter / none_screened_filter_learned_features,cross_experiment,0.07528759468917243,0.09876489707475622,0.09071729957805907,-0.0932947672889824,0.25610200364298724,0.011806200111379242,8.333333333333334,20566.666666666686
radar,radar__evaluation__instance__severe__a0,instance,severe,adwin,E1_fixed / confirmed_screened,E3_filter / none_screened_filter_learned_features_label,cross_experiment,0.06928227885965074,0.10299024918743227,0.14767932489451485,-0.12995003944254535,0.10294041113713243,-0.000594022647113418,8.333333333333334,21308.333333333343
radar,radar__evaluation__instance__severe__a0,instance,severe,adwin,E1_fixed / confirmed_screened,E3_filter / none_screened_filter_none,cross_experiment,0.06950410309062305,0.10270855904658716,0.09388185654008441,-0.08979752826715753,0.24121779859484777,0.0,8.333333333333334,15833.333333333343
radar,radar__evaluation__instance__severe__a0,instance,severe,adwin,E1_fixed / confirmed_unscreened,E2_RL / RL_2state,cross_experiment,-0.03472734786549622,0.005525460455037878,0.280239099859353,-0.26991848540625824,0.020296643247462914,-0.035641358826805275,8.333333333333334,15833.333333333343
radar,radar__evaluation__instance__severe__a0,instance,severe,adwin,E1_fixed / confirmed_unscreened,E2_RL / RL_4state,cross_experiment,-0.03472734786549622,0.005525460455037878,0.280239099859353,-0.26991848540625824,0.020296643247462914,-0.035641358826805275,8.333333333333334,15833.333333333343
radar,radar__evaluation__instance__severe__a0,instance,severe,adwin,E1_fixed / confirmed_unscreened,E2_RL / confirmed_screened,cross_experiment,-0.10423145095611927,-0.09718309859154928,0.18635724331926862,-0.1801209571391007,-0.22092115534738485,-0.035641358826805275,0.0,0.0
radar,radar__evaluation__instance__severe__a0,instance,severe,adwin,E1_fixed / confirmed_unscreened,E2_RL / error_rule,cross_experiment,-0.10395328336319914,-0.09739978331527632,0.4609704641350211,-0.4521430449645017,-0.22482435597189696,-0.035641358826805275,0.0,15833.333333333343
radar,radar__evaluation__instance__severe__a0,instance,severe,adwin,E1_fixed / confirmed_unscreened,E2_RL / none_screened,cross_experiment,-0.03472734786549622,0.005525460455037878,0.280239099859353,-0.26991848540625824,0.020296643247462914,-0.035641358826805275,8.333333333333334,15833.333333333343
radar,radar__evaluation__instance__severe__a0,instance,severe,adwin,E1_fixed / confirmed_unscreened,E2_RL / selected_map,cross_experiment,-0.034404677798451216,0.005525460455037878,0.4609704641350211,-0.4521430449645017,0.021857923497267756,-0.035641358826805275,8.333333333333334,15833.333333333343
radar,radar__evaluation__instance__severe__a0,instance,severe,adwin,E1_fixed / confirmed_unscreened,E3_filter / confirmed_screened_filter_learned_features,cross_experiment,-0.02924882214866531,0.001581798483206942,0.29381153305203944,-0.2916118853536681,0.03882383554514701,-0.023835158715426033,3.333333333333334,-346.66666666665697
radar,radar__evaluation__instance__severe__a0,instance,severe,adwin,E1_fixed / confirmed_unscreened,E3_filter / confirmed_screened_filter_learned_features_label,cross_experiment,-0.07665163395084235,-0.055817984832069345,0.29409282700421946,-0.2745990007888509,-0.26271142336716113,-0.03623538147391869,3.333333333333334,6271.6666666666715
radar,radar__evaluation__instance__severe__a0,instance,severe,adwin,E1_fixed / confirmed_unscreened,E3_filter / confirmed_screened_filter_none,cross_experiment,-0.10423145095611927,-0.09718309859154928,0.18635724331926862,-0.1801209571391007,-0.22092115534738485,-0.035641358826805275,0.0,0.0
radar,radar__evaluation__instance__severe__a0,instance,severe,adwin,E1_fixed / confirmed_unscreened,E3_filter / confirmed_screened_filter_oracle_blocks,cross_experiment,-0.010797557933639984,0.10866738894907907,1.0,-1.0,-0.7590424147801197,-0.18600334137739002,8.333333333333334,102916.66666666667
radar,radar__evaluation__instance__severe__a0,instance,severe,adwin,E1_fixed / confirmed_unscreened,E3_filter / confirmed_screened_filter_oracle_rows,cross_experiment,-0.05509631000398871,-0.01072589382448541,1.0,-0.27215356297659743,0.018475149622690604,-0.007982179320586598,0.0,27916.66666666667
radar,radar__evaluation__instance__severe__a0,instance,severe,adwin,E1_fixed / confirmed_unscreened,E3_filter / confirmed_screened_filter_random_blocks,cross_experiment,-0.010797557933639984,0.10866738894907912,1.0,-1.0,-0.7590424147801197,-0.18600334137739005,8.333333333333334,102916.66666666667
radar,radar__evaluation__instance__severe__a0,instance,severe,adwin,E1_fixed / confirmed_unscreened,E3_filter / confirmed_screened_filter_random_rows,cross_experiment,-0.025649307654891276,0.002231852654387856,0.4564697609001407,-0.45711280567972656,0.050221181368722334,-0.021347688880638566,5.0,25691.666666666686
radar,radar__evaluation__instance__severe__a0,instance,severe,adwin,E1_fixed / confirmed_unscreened,E3_filter / none_screened_filter_learned_features,cross_experiment,-0.028943856266946844,0.001581798483206942,0.2770745428973277,-0.2734157244280831,0.03518084829560238,-0.023835158715426033,8.333333333333334,20566.666666666686
radar,radar__evaluation__instance__severe__a0,instance,severe,adwin,E1_fixed / confirmed_unscreened,E3_filter / none_screened_filter_learned_features_label,cross_experiment,-0.03494917209646853,0.005807150595882993,0.33403656821378347,-0.31007099658164605,-0.11798074421025243,-0.03623538147391869,8.333333333333334,21308.333333333343
radar,radar__evaluation__instance__severe__a0,instance,severe,adwin,E1_fixed / confirmed_unscreened,E3_filter / none_screened_filter_none,cross_experiment,-0.03472734786549622,0.005525460455037878,0.280239099859353,-0.26991848540625824,0.020296643247462914,-0.035641358826805275,8.333333333333334,15833.333333333343
radar,radar__evaluation__instance__severe__a0,instance,severe,adwin,E1_fixed / immediate_screened,E2_RL / RL_2state,cross_experiment,-0.036885646837614514,0.017443120260021705,-0.17580872011251758,0.1840652116749934,-0.09159510798855061,-0.056246519398552075,8.333333333333334,0.0
radar,radar__evaluation__instance__severe__a0,instance,severe,adwin,E1_fixed / immediate_screened,E2_RL / RL_4state,cross_experiment,-0.036885646837614514,0.017443120260021705,-0.17580872011251758,0.1840652116749934,-0.09159510798855061,-0.056246519398552075,8.333333333333334,0.0
radar,radar__evaluation__instance__severe__a0,instance,severe,adwin,E1_fixed / immediate_screened,E2_RL / confirmed_screened,cross_experiment,-0.10638974992823756,-0.08526543878656545,-0.269690576652602,0.27386273994215093,-0.33281290658339835,-0.056246519398552075,0.0,-15833.333333333343
radar,radar__evaluation__instance__severe__a0,instance,severe,adwin,E1_fixed / immediate_screened,E2_RL / error_rule,cross_experiment,-0.10611158233531744,-0.0854821235102925,0.004922644163150469,0.0018406521167499412,-0.33671610720791045,-0.056246519398552075,0.0,0.0
radar,radar__evaluation__instance__severe__a0,instance,severe,adwin,E1_fixed / immediate_screened,E2_RL / none_screened,cross_experiment,-0.036885646837614514,0.017443120260021705,-0.17580872011251758,0.1840652116749934,-0.09159510798855061,-0.056246519398552075,8.333333333333334,0.0
radar,radar__evaluation__instance__severe__a0,instance,severe,adwin,E1_fixed / immediate_screened,E2_RL / selected_map,cross_experiment,-0.03656297677056951,0.017443120260021705,0.004922644163150469,0.0018406521167499412,-0.09003382773874577,-0.056246519398552075,8.333333333333334,0.0
radar,radar__evaluation__instance__severe__a0,instance,severe,adwin,E1_fixed / immediate_screened,E3_filter / confirmed_screened_filter_learned_features,cross_experiment,-0.0314071211207836,0.013499458288190769,-0.16223628691983116,0.16237181172758353,-0.07306791569086651,-0.04444031928717283,3.333333333333334,-16180.0
radar,radar__evaluation__instance__severe__a0,instance,severe,adwin,E1_fixed / immediate_screened,E3_filter / confirmed_screened_filter_learned_features_label,cross_experiment,-0.07880993292296064,-0.04390032502708552,-0.16195499296765115,0.17938469629240072,-0.3746031746031746,-0.05684054204566549,3.333333333333334,-9561.666666666672
radar,radar__evaluation__instance__severe__a0,instance,severe,adwin,E1_fixed / immediate_screened,E3_filter / confirmed_screened_filter_none,cross_experiment,-0.10638974992823756,-0.08526543878656545,-0.269690576652602,0.27386273994215093,-0.33281290658339835,-0.056246519398552075,0.0,-15833.333333333343
radar,radar__evaluation__instance__severe__a0,instance,severe,adwin,E1_fixed / immediate_screened,E3_filter / confirmed_screened_filter_oracle_blocks,cross_experiment,-0.012955856905758276,0.1205850487540629,0.5439521800281294,-0.5460163029187484,-0.8709341660161332,-0.20660850194913682,8.333333333333334,87083.33333333333
radar,radar__evaluation__instance__severe__a0,instance,severe,adwin,E1_fixed / immediate_screened,E3_filter / confirmed_screened_filter_oracle_rows,cross_experiment,-0.057254608976107,0.001191765980498416,0.5439521800281294,0.1818301341046542,-0.09341660161332292,-0.028587339892333394,0.0,12083.333333333328
radar,radar__evaluation__instance__severe__a0,instance,severe,adwin,E1_fixed / immediate_screened,E3_filter / confirmed_screened_filter_random_blocks,cross_experiment,-0.012955856905758276,0.12058504875406295,0.5439521800281294,-0.5460163029187484,-0.8709341660161332,-0.20660850194913685,8.333333333333334,87083.33333333333
radar,radar__evaluation__instance__severe__a0,instance,severe,adwin,E1_fixed / immediate_screened,E3_filter / confirmed_screened_filter_random_rows,cross_experiment,-0.027807606627009568,0.014149512459371683,0.00042194092827008145,-0.003129108598474928,-0.06167056986729119,-0.041952849452385366,5.0,9858.333333333343
radar,radar__evaluation__instance__severe__a0,instance,severe,adwin,E1_fixed / immediate_screened,E3_filter / none_screened_filter_learned_features,cross_experiment,-0.031102155239065135,0.013499458288190769,-0.1789732770745429,0.18056797265316854,-0.07671090294041115,-0.04444031928717283,8.333333333333334,4733.333333333343
radar,radar__evaluation__instance__severe__a0,instance,severe,adwin,E1_fixed / immediate_screened,E3_filter / none_screened_filter_learned_features_label,cross_experiment,-0.03710747106858682,0.01772481040086682,-0.12201125175808714,0.14391270049960558,-0.22987249544626595,-0.05684054204566549,8.333333333333334,5475.0
radar,radar__evaluation__instance__severe__a0,instance,severe,adwin,E1_fixed / immediate_screened,E3_filter / none_screened_filter_none,cross_experiment,-0.036885646837614514,0.017443120260021705,-0.17580872011251758,0.1840652116749934,-0.09159510798855061,-0.056246519398552075,8.333333333333334,0.0
radar,radar__evaluation__instance__severe__a0,instance,severe,adwin,E1_fixed / immediate_unscreened,E2_RL / RL_2state,cross_experiment,0.02387553917265861,0.03618634886240524,0.280239099859353,-0.26991848540625824,0.18735362997658078,0.08798960460367553,58.333333333333336,0.0
radar,radar__evaluation__instance__severe__a0,instance,severe,adwin,E1_fixed / immediate_unscreened,E2_RL / RL_4state,cross_experiment,0.02387553917265861,0.03618634886240524,0.280239099859353,-0.26991848540625824,0.18735362997658078,0.08798960460367553,58.333333333333336,0.0
radar,radar__evaluation__instance__severe__a0,instance,severe,adwin,E1_fixed / immediate_unscreened,E2_RL / confirmed_screened,cross_experiment,-0.04562856391796444,-0.06652221018418192,0.18635724331926862,-0.1801209571391007,-0.05386416861826698,0.08798960460367553,50.0,-15833.333333333343
radar,radar__evaluation__instance__severe__a0,instance,severe,adwin,E1_fixed / immediate_unscreened,E2_RL / error_rule,cross_experiment,-0.04535039632504431,-0.06673889490790896,0.4609704641350211,-0.4521430449645017,-0.05776736924277909,0.08798960460367553,50.0,0.0
radar,radar__evaluation__instance__severe__a0,instance,severe,adwin,E1_fixed / immediate_unscreened,E2_RL / none_screened,cross_experiment,0.02387553917265861,0.03618634886240524,0.280239099859353,-0.26991848540625824,0.18735362997658078,0.08798960460367553,58.333333333333336,0.0
radar,radar__evaluation__instance__severe__a0,instance,severe,adwin,E1_fixed / immediate_unscreened,E2_RL / selected_map,cross_experiment,0.024198209239703616,0.03618634886240524,0.4609704641350211,-0.4521430449645017,0.18891491022638562,0.08798960460367553,58.333333333333336,0.0
radar,radar__evaluation__instance__severe__a0,instance,severe,adwin,E1_fixed / immediate_unscreened,E3_filter / confirmed_screened_filter_learned_features,cross_experiment,0.029354064889489523,0.0322426868905743,0.29381153305203944,-0.2916118853536681,0.20588082227426488,0.09979580471505477,53.333333333333336,-16180.0
radar,radar__evaluation__instance__severe__a0,instance,severe,adwin,E1_fixed / immediate_unscreened,E3_filter / confirmed_screened_filter_learned_features_label,cross_experiment,-0.018048746912687513,-0.025157096424701986,0.29409282700421946,-0.2745990007888509,-0.09565443663804324,0.08739558195656211,53.333333333333336,-9561.666666666672
radar,radar__evaluation__instance__severe__a0,instance,severe,adwin,E1_fixed / immediate_unscreened,E3_filter / confirmed_screened_filter_none,cross_experiment,-0.04562856391796444,-0.06652221018418192,0.18635724331926862,-0.1801209571391007,-0.05386416861826698,0.08798960460367553,50.0,-15833.333333333343
radar,radar__evaluation__instance__severe__a0,instance,severe,adwin,E1_fixed / immediate_unscreened,E3_filter / confirmed_screened_filter_oracle_blocks,cross_experiment,0.04780532910451485,0.13932827735644643,1.0,-1.0,-0.5919854280510017,-0.062372377946909224,58.333333333333336,87083.33333333333
radar,radar__evaluation__instance__severe__a0,instance,severe,adwin,E1_fixed / immediate_unscreened,E3_filter / confirmed_screened_filter_oracle_rows,cross_experiment,0.003506577034166125,0.01993499458288195,1.0,-0.27215356297659743,0.18553213635180849,0.11564878410989421,50.0,12083.333333333328
radar,radar__evaluation__instance__severe__a0,instance,severe,adwin,E1_fixed / immediate_unscreened,E3_filter / confirmed_screened_filter_random_blocks,cross_experiment,0.04780532910451485,0.13932827735644648,1.0,-1.0,-0.5919854280510017,-0.06237237794690925,58.333333333333336,87083.33333333333
radar,radar__evaluation__instance__severe__a0,instance,severe,adwin,E1_fixed / immediate_unscreened,E3_filter / confirmed_screened_filter_random_rows,cross_experiment,0.032953579383263557,0.032892741061755215,0.4564697609001407,-0.45711280567972656,0.2172781680978402,0.10228327454984223,55.0,9858.333333333343
radar,radar__evaluation__instance__severe__a0,instance,severe,adwin,E1_fixed / immediate_unscreened,E3_filter / none_screened_filter_learned_features,cross_experiment,0.02965903077120799,0.0322426868905743,0.2770745428973277,-0.2734157244280831,0.20223783502472026,0.09979580471505477,58.333333333333336,4733.333333333343
radar,radar__evaluation__instance__severe__a0,instance,severe,adwin,E1_fixed / immediate_unscreened,E3_filter / none_screened_filter_learned_features_label,cross_experiment,0.023653714941686305,0.03646803900325035,0.33403656821378347,-0.31007099658164605,0.04907624251886544,0.08739558195656211,58.333333333333336,5475.0
radar,radar__evaluation__instance__severe__a0,instance,severe,adwin,E1_fixed / immediate_unscreened,E3_filter / none_screened_filter_none,cross_experiment,0.02387553917265861,0.03618634886240524,0.280239099859353,-0.26991848540625824,0.18735362997658078,0.08798960460367553,58.333333333333336,0.0
radar,radar__evaluation__instance__severe__a0,instance,severe,adwin,E1_fixed / none_screened,E2_RL / RL_2state,cross_experiment,0.0,0.0,0.0,0.0,0.0,0.0,0.0,0.0
radar,radar__evaluation__instance__severe__a0,instance,severe,adwin,E1_fixed / none_screened,E2_RL / RL_4state,cross_experiment,0.0,0.0,0.0,0.0,0.0,0.0,0.0,0.0
radar,radar__evaluation__instance__severe__a0,instance,severe,adwin,E1_fixed / none_screened,E2_RL / confirmed_screened,cross_experiment,-0.06950410309062305,-0.10270855904658716,-0.09388185654008441,0.08979752826715753,-0.24121779859484777,0.0,-8.333333333333334,-15833.333333333343
radar,radar__evaluation__instance__severe__a0,instance,severe,adwin,E1_fixed / none_screened,E2_RL / error_rule,cross_experiment,-0.06922593549770292,-0.1029252437703142,0.18073136427566805,-0.18222455955824346,-0.24512099921935987,0.0,-8.333333333333334,0.0
radar,radar__evaluation__instance__severe__a0,instance,severe,adwin,E1_fixed / none_screened,E2_RL / none_screened,cross_experiment,0.0,0.0,0.0,0.0,0.0,0.0,0.0,0.0
radar,radar__evaluation__instance__severe__a0,instance,severe,adwin,E1_fixed / none_screened,E2_RL / selected_map,cross_experiment,0.00032267006704500556,0.0,0.18073136427566805,-0.18222455955824346,0.0015612802498048417,0.0,0.0,0.0
radar,radar__evaluation__instance__severe__a0,instance,severe,adwin,E1_fixed / none_screened,E3_filter / confirmed_screened_filter_learned_features,cross_experiment,0.005478525716830912,-0.003943661971830936,0.013572433192686417,-0.021693399947409875,0.018527192297684097,0.011806200111379242,-5.0,-16180.0
radar,radar__evaluation__instance__severe__a0,instance,severe,adwin,E1_fixed / none_screened,E3_filter / confirmed_screened_filter_learned_features_label,cross_experiment,-0.041924286085346124,-0.06134344528710722,0.013853727144866435,-0.004680515382592676,-0.283008066614624,-0.000594022647113418,-5.0,-9561.666666666672
radar,radar__evaluation__instance__severe__a0,instance,severe,adwin,E1_fixed / none_screened,E3_filter / confirmed_screened_filter_none,cross_experiment,-0.06950410309062305,-0.10270855904658716,-0.09388185654008441,0.08979752826715753,-0.24121779859484777,0.0,-8.333333333333334,-15833.333333333343
radar,radar__evaluation__instance__severe__a0,instance,severe,adwin,E1_fixed / none_screened,E3_filter / confirmed_screened_filter_oracle_blocks,cross_experiment,0.023929789931856238,0.10314192849404119,0.719760900140647,-0.7300815145937418,-0.7793390580275825,-0.15036198255058475,0.0,87083.33333333333
radar,radar__evaluation__instance__severe__a0,instance,severe,adwin,E1_fixed / none_screened,E3_filter / confirmed_screened_filter_oracle_rows,cross_experiment,-0.020368962138492486,-0.01625135427952329,0.719760900140647,-0.0022350775703391945,-0.0018214936247723107,0.027659179506218677,-8.333333333333334,12083.333333333328
radar,radar__evaluation__instance__severe__a0,instance,severe,adwin,E1_fixed / none_screened,E3_filter / confirmed_screened_filter_random_blocks,cross_experiment,0.023929789931856238,0.10314192849404125,0.719760900140647,-0.7300815145937418,-0.7793390580275825,-0.15036198255058478,0.0,87083.33333333333
radar,radar__evaluation__instance__severe__a0,instance,severe,adwin,E1_fixed / none_screened,E3_filter / confirmed_screened_filter_random_rows,cross_experiment,0.009078040210604946,-0.0032936078006500225,0.17623066104078766,-0.18719432027346833,0.02992453812125942,0.01429366994616671,-3.3333333333333335,9858.333333333343
radar,radar__evaluation__instance__severe__a0,instance,severe,adwin,E1_fixed / none_screened,E3_filter / none_screened_filter_learned_features,cross_experiment,0.0057834915985493784,-0.003943661971830936,-0.0031645569620253333,-0.0034972390218248606,0.014884205048139462,0.011806200111379242,0.0,4733.333333333343
radar,radar__evaluation__instance__severe__a0,instance,severe,adwin,E1_fixed / none_screened,E3_filter / none_screened_filter_learned_features_label,cross_experiment,-0.0002218242309723062,0.00028169014084511446,0.053797468354430444,-0.04015251117538782,-0.13827738745771534,-0.000594022647113418,0.0,5475.0
radar,radar__evaluation__instance__severe__a0,instance,severe,adwin,E1_fixed / none_screened,E3_filter / none_screened_filter_none,cross_experiment,0.0,0.0,0.0,0.0,0.0,0.0,0.0,0.0
radar,radar__evaluation__instance__severe__a0,instance,severe,adwin,E1_fixed / none_unscreened,E2_RL / RL_2state,cross_experiment,0.07979517523702398,0.209750812567714,0.280239099859353,-0.26991848540625824,0.5107988550611502,-0.035641358826805275,0.0,0.0
radar,radar__evaluation__instance__severe__a0,instance,severe,adwin,E1_fixed / none_unscreened,E2_RL / RL_4state,cross_experiment,0.07979517523702398,0.209750812567714,0.280239099859353,-0.26991848540625824,0.5107988550611502,-0.035641358826805275,0.0,0.0
radar,radar__evaluation__instance__severe__a0,instance,severe,adwin,E1_fixed / none_unscreened,E2_RL / confirmed_screened,cross_experiment,0.010291072146400931,0.10704225352112684,0.18635724331926862,-0.1801209571391007,0.26958105646630237,-0.035641358826805275,-8.333333333333334,-15833.333333333343
radar,radar__evaluation__instance__severe__a0,instance,severe,adwin,E1_fixed / none_unscreened,E2_RL / error_rule,cross_experiment,0.010569239739321057,0.1068255687973998,0.4609704641350211,-0.4521430449645017,0.26567785584179027,-0.035641358826805275,-8.333333333333334,0.0
radar,radar__evaluation__instance__severe__a0,instance,severe,adwin,E1_fixed / none_unscreened,E2_RL / none_screened,cross_experiment,0.07979517523702398,0.209750812567714,0.280239099859353,-0.26991848540625824,0.5107988550611502,-0.035641358826805275,0.0,0.0
radar,radar__evaluation__instance__severe__a0,instance,severe,adwin,E1_fixed / none_unscreened,E2_RL / selected_map,cross_experiment,0.08011784530406899,0.209750812567714,0.4609704641350211,-0.4521430449645017,0.512360135310955,-0.035641358826805275,0.0,0.0
radar,radar__evaluation__instance__severe__a0,instance,severe,adwin,E1_fixed / none_unscreened,E3_filter / confirmed_screened_filter_learned_features,cross_experiment,0.08527370095385489,0.20580715059588306,0.29381153305203944,-0.2916118853536681,0.5293260473588343,-0.023835158715426033,-5.0,-16180.0
radar,radar__evaluation__instance__severe__a0,instance,severe,adwin,E1_fixed / none_unscreened,E3_filter / confirmed_screened_filter_learned_features_label,cross_experiment,0.037870889151677856,0.14840736728060677,0.29409282700421946,-0.2745990007888509,0.22779078844652612,-0.03623538147391869,-5.0,-9561.666666666672
radar,radar__evaluation__instance__severe__a0,instance,severe,adwin,E1_fixed / none_unscreened,E3_filter / confirmed_screened_filter_none,cross_experiment,0.010291072146400931,0.10704225352112684,0.18635724331926862,-0.1801209571391007,0.26958105646630237,-0.035641358826805275,-8.333333333333334,-15833.333333333343
radar,radar__evaluation__instance__severe__a0,instance,severe,adwin,E1_fixed / none_unscreened,E3_filter / confirmed_screened_filter_oracle_blocks,cross_experiment,0.10372496516888022,0.3128927410617552,1.0,-1.0,-0.26854020296643244,-0.18600334137739002,0.0,87083.33333333333
radar,radar__evaluation__instance__severe__a0,instance,severe,adwin,E1_fixed / none_unscreened,E3_filter / confirmed_screened_filter_oracle_rows,cross_experiment,0.059426213098531494,0.1934994582881907,1.0,-0.27215356297659743,0.5089773614363778,-0.007982179320586598,-8.333333333333334,12083.333333333328
radar,radar__evaluation__instance__severe__a0,instance,severe,adwin,E1_fixed / none_unscreened,E3_filter / confirmed_screened_filter_random_blocks,cross_experiment,0.10372496516888022,0.31289274106175524,1.0,-1.0,-0.26854020296643244,-0.18600334137739005,0.0,87083.33333333333
radar,radar__evaluation__instance__severe__a0,instance,severe,adwin,E1_fixed / none_unscreened,E3_filter / confirmed_screened_filter_random_rows,cross_experiment,0.08887321544762893,0.20645720476706397,0.4564697609001407,-0.45711280567972656,0.5407233931824096,-0.021347688880638566,-3.3333333333333335,9858.333333333343
radar,radar__evaluation__instance__severe__a0,instance,severe,adwin,E1_fixed / none_unscreened,E3_filter / none_screened_filter_learned_features,cross_experiment,0.08557866683557336,0.20580715059588306,0.2770745428973277,-0.2734157244280831,0.5256830601092896,-0.023835158715426033,0.0,4733.333333333343
radar,radar__evaluation__instance__severe__a0,instance,severe,adwin,E1_fixed / none_unscreened,E3_filter / none_screened_filter_learned_features_label,cross_experiment,0.07957335100605167,0.2100325027085591,0.33403656821378347,-0.31007099658164605,0.3725214676034348,-0.03623538147391869,0.0,5475.0
radar,radar__evaluation__instance__severe__a0,instance,severe,adwin,E1_fixed / none_unscreened,E3_filter / none_screened_filter_none,cross_experiment,0.07979517523702398,0.209750812567714,0.280239099859353,-0.26991848540625824,0.5107988550611502,-0.035641358826805275,0.0,0.0
radar,radar__evaluation__instance__severe__a0,instance,severe,adwin,E2_RL / RL_2state,E3_filter / confirmed_screened_filter_learned_features,cross_experiment,0.005478525716830912,-0.003943661971830936,0.013572433192686417,-0.021693399947409875,0.018527192297684097,0.011806200111379242,-5.0,-16180.0
radar,radar__evaluation__instance__severe__a0,instance,severe,adwin,E2_RL / RL_2state,E3_filter / confirmed_screened_filter_learned_features_label,cross_experiment,-0.041924286085346124,-0.06134344528710722,0.013853727144866435,-0.004680515382592676,-0.283008066614624,-0.000594022647113418,-5.0,-9561.666666666672
radar,radar__evaluation__instance__severe__a0,instance,severe,adwin,E2_RL / RL_2state,E3_filter / confirmed_screened_filter_none,cross_experiment,-0.06950410309062305,-0.10270855904658716,-0.09388185654008441,0.08979752826715753,-0.24121779859484777,0.0,-8.333333333333334,-15833.333333333343
radar,radar__evaluation__instance__severe__a0,instance,severe,adwin,E2_RL / RL_2state,E3_filter / confirmed_screened_filter_oracle_blocks,cross_experiment,0.023929789931856238,0.10314192849404119,0.719760900140647,-0.7300815145937418,-0.7793390580275825,-0.15036198255058475,0.0,87083.33333333333
radar,radar__evaluation__instance__severe__a0,instance,severe,adwin,E2_RL / RL_2state,E3_filter / confirmed_screened_filter_oracle_rows,cross_experiment,-0.020368962138492486,-0.01625135427952329,0.719760900140647,-0.0022350775703391945,-0.0018214936247723107,0.027659179506218677,-8.333333333333334,12083.333333333328
radar,radar__evaluation__instance__severe__a0,instance,severe,adwin,E2_RL / RL_2state,E3_filter / confirmed_screened_filter_random_blocks,cross_experiment,0.023929789931856238,0.10314192849404125,0.719760900140647,-0.7300815145937418,-0.7793390580275825,-0.15036198255058478,0.0,87083.33333333333
radar,radar__evaluation__instance__severe__a0,instance,severe,adwin,E2_RL / RL_2state,E3_filter / confirmed_screened_filter_random_rows,cross_experiment,0.009078040210604946,-0.0032936078006500225,0.17623066104078766,-0.18719432027346833,0.02992453812125942,0.01429366994616671,-3.3333333333333335,9858.333333333343
radar,radar__evaluation__instance__severe__a0,instance,severe,adwin,E2_RL / RL_2state,E3_filter / none_screened_filter_learned_features,cross_experiment,0.0057834915985493784,-0.003943661971830936,-0.0031645569620253333,-0.0034972390218248606,0.014884205048139462,0.011806200111379242,0.0,4733.333333333343
radar,radar__evaluation__instance__severe__a0,instance,severe,adwin,E2_RL / RL_2state,E3_filter / none_screened_filter_learned_features_label,cross_experiment,-0.0002218242309723062,0.00028169014084511446,0.053797468354430444,-0.04015251117538782,-0.13827738745771534,-0.000594022647113418,0.0,5475.0
radar,radar__evaluation__instance__severe__a0,instance,severe,adwin,E2_RL / RL_2state,E3_filter / none_screened_filter_none,cross_experiment,0.0,0.0,0.0,0.0,0.0,0.0,0.0,0.0
radar,radar__evaluation__instance__severe__a0,instance,severe,adwin,E2_RL / RL_4state,E3_filter / confirmed_screened_filter_learned_features,cross_experiment,0.005478525716830912,-0.003943661971830936,0.013572433192686417,-0.021693399947409875,0.018527192297684097,0.011806200111379242,-5.0,-16180.0
radar,radar__evaluation__instance__severe__a0,instance,severe,adwin,E2_RL / RL_4state,E3_filter / confirmed_screened_filter_learned_features_label,cross_experiment,-0.041924286085346124,-0.06134344528710722,0.013853727144866435,-0.004680515382592676,-0.283008066614624,-0.000594022647113418,-5.0,-9561.666666666672
radar,radar__evaluation__instance__severe__a0,instance,severe,adwin,E2_RL / RL_4state,E3_filter / confirmed_screened_filter_none,cross_experiment,-0.06950410309062305,-0.10270855904658716,-0.09388185654008441,0.08979752826715753,-0.24121779859484777,0.0,-8.333333333333334,-15833.333333333343
radar,radar__evaluation__instance__severe__a0,instance,severe,adwin,E2_RL / RL_4state,E3_filter / confirmed_screened_filter_oracle_blocks,cross_experiment,0.023929789931856238,0.10314192849404119,0.719760900140647,-0.7300815145937418,-0.7793390580275825,-0.15036198255058475,0.0,87083.33333333333
radar,radar__evaluation__instance__severe__a0,instance,severe,adwin,E2_RL / RL_4state,E3_filter / confirmed_screened_filter_oracle_rows,cross_experiment,-0.020368962138492486,-0.01625135427952329,0.719760900140647,-0.0022350775703391945,-0.0018214936247723107,0.027659179506218677,-8.333333333333334,12083.333333333328
radar,radar__evaluation__instance__severe__a0,instance,severe,adwin,E2_RL / RL_4state,E3_filter / confirmed_screened_filter_random_blocks,cross_experiment,0.023929789931856238,0.10314192849404125,0.719760900140647,-0.7300815145937418,-0.7793390580275825,-0.15036198255058478,0.0,87083.33333333333
radar,radar__evaluation__instance__severe__a0,instance,severe,adwin,E2_RL / RL_4state,E3_filter / confirmed_screened_filter_random_rows,cross_experiment,0.009078040210604946,-0.0032936078006500225,0.17623066104078766,-0.18719432027346833,0.02992453812125942,0.01429366994616671,-3.3333333333333335,9858.333333333343
radar,radar__evaluation__instance__severe__a0,instance,severe,adwin,E2_RL / RL_4state,E3_filter / none_screened_filter_learned_features,cross_experiment,0.0057834915985493784,-0.003943661971830936,-0.0031645569620253333,-0.0034972390218248606,0.014884205048139462,0.011806200111379242,0.0,4733.333333333343
radar,radar__evaluation__instance__severe__a0,instance,severe,adwin,E2_RL / RL_4state,E3_filter / none_screened_filter_learned_features_label,cross_experiment,-0.0002218242309723062,0.00028169014084511446,0.053797468354430444,-0.04015251117538782,-0.13827738745771534,-0.000594022647113418,0.0,5475.0
radar,radar__evaluation__instance__severe__a0,instance,severe,adwin,E2_RL / RL_4state,E3_filter / none_screened_filter_none,cross_experiment,0.0,0.0,0.0,0.0,0.0,0.0,0.0,0.0
radar,radar__evaluation__instance__severe__a0,instance,severe,adwin,E2_RL / confirmed_screened,E3_filter / confirmed_screened_filter_learned_features,cross_experiment,0.07498262880745396,0.09876489707475622,0.10745428973277082,-0.11149092821456741,0.2597449908925319,0.011806200111379242,3.333333333333334,-346.66666666665697
radar,radar__evaluation__instance__severe__a0,instance,severe,adwin,E2_RL / confirmed_screened,E3_filter / confirmed_screened_filter_learned_features_label,cross_experiment,0.027579817005276924,0.04136511375947993,0.10773558368495084,-0.09447804364975021,-0.041790268019776255,-0.000594022647113418,3.333333333333334,6271.6666666666715
radar,radar__evaluation__instance__severe__a0,instance,severe,adwin,E2_RL / confirmed_screened,E3_filter / confirmed_screened_filter_none,cross_experiment,0.0,0.0,0.0,0.0,0.0,0.0,0.0,0.0
radar,radar__evaluation__instance__severe__a0,instance,severe,adwin,E2_RL / confirmed_screened,E3_filter / confirmed_screened_filter_oracle_blocks,cross_experiment,0.09343389302247929,0.20585048754062835,0.8136427566807314,-0.8198790428608993,-0.5381212594327348,-0.15036198255058475,8.333333333333334,102916.66666666667
radar,radar__evaluation__instance__severe__a0,instance,severe,adwin,E2_RL / confirmed_screened,E3_filter / confirmed_screened_filter_oracle_rows,cross_experiment,0.04913514095213056,0.08645720476706387,0.8136427566807314,-0.09203260583749673,0.23939630497007547,0.027659179506218677,0.0,27916.66666666667
radar,radar__evaluation__instance__severe__a0,instance,severe,adwin,E2_RL / confirmed_screened,E3_filter / confirmed_screened_filter_random_blocks,cross_experiment,0.09343389302247929,0.2058504875406284,0.8136427566807314,-0.8198790428608993,-0.5381212594327348,-0.15036198255058478,8.333333333333334,102916.66666666667
radar,radar__evaluation__instance__severe__a0,instance,severe,adwin,E2_RL / confirmed_screened,E3_filter / confirmed_screened_filter_random_rows,cross_experiment,0.078582143301228,0.09941495124593713,0.27011251758087207,-0.27699184854062586,0.2711423367161072,0.01429366994616671,5.0,25691.666666666686
radar,radar__evaluation__instance__severe__a0,instance,severe,adwin,E2_RL / confirmed_screened,E3_filter / none_screened_filter_learned_features,cross_experiment,0.07528759468917243,0.09876489707475622,0.09071729957805907,-0.0932947672889824,0.25610200364298724,0.011806200111379242,8.333333333333334,20566.666666666686
radar,radar__evaluation__instance__severe__a0,instance,severe,adwin,E2_RL / confirmed_screened,E3_filter / none_screened_filter_learned_features_label,cross_experiment,0.06928227885965074,0.10299024918743227,0.14767932489451485,-0.12995003944254535,0.10294041113713243,-0.000594022647113418,8.333333333333334,21308.333333333343
radar,radar__evaluation__instance__severe__a0,instance,severe,adwin,E2_RL / confirmed_screened,E3_filter / none_screened_filter_none,cross_experiment,0.06950410309062305,0.10270855904658716,0.09388185654008441,-0.08979752826715753,0.24121779859484777,0.0,8.333333333333334,15833.333333333343
radar,radar__evaluation__instance__severe__a0,instance,severe,adwin,E2_RL / error_rule,E3_filter / confirmed_screened_filter_learned_features,cross_experiment,0.07470446121453383,0.09898158179848326,-0.16715893108298163,0.16053115961083358,0.263648191517044,0.011806200111379242,3.333333333333334,-16180.0
radar,radar__evaluation__instance__severe__a0,instance,severe,adwin,E2_RL / error_rule,E3_filter / confirmed_screened_filter_learned_features_label,cross_experiment,0.0273016494123568,0.04158179848320698,-0.16687763713080161,0.17754404417565078,-0.03788706739526415,-0.000594022647113418,3.333333333333334,-9561.666666666672
radar,radar__evaluation__instance__severe__a0,instance,severe,adwin,E2_RL / error_rule,E3_filter / confirmed_screened_filter_none,cross_experiment,-0.0002781675929201255,0.00021668472372704528,-0.27461322081575246,0.272022087825401,0.0039032006245121043,0.0,0.0,-15833.333333333343
radar,radar__evaluation__instance__severe__a0,instance,severe,adwin,E2_RL / error_rule,E3_filter / confirmed_screened_filter_oracle_blocks,cross_experiment,0.09315572542955916,0.2060671722643554,0.5390295358649789,-0.5478569550354984,-0.5342180588082227,-0.15036198255058475,8.333333333333334,87083.33333333333
radar,radar__evaluation__instance__severe__a0,instance,severe,adwin,E2_RL / error_rule,E3_filter / confirmed_screened_filter_oracle_rows,cross_experiment,0.04885697335921044,0.08667388949079091,0.5390295358649789,0.17998948198790427,0.24329950559458757,0.027659179506218677,0.0,12083.333333333328
radar,radar__evaluation__instance__severe__a0,instance,severe,adwin,E2_RL / error_rule,E3_filter / confirmed_screened_filter_random_blocks,cross_experiment,0.09315572542955916,0.20606717226435545,0.5390295358649789,-0.5478569550354984,-0.5342180588082227,-0.15036198255058478,8.333333333333334,87083.33333333333
radar,radar__evaluation__instance__severe__a0,instance,severe,adwin,E2_RL / error_rule,E3_filter / confirmed_screened_filter_random_rows,cross_experiment,0.07830397570830787,0.09963163596966418,-0.004500703234880388,-0.004969760715224869,0.2750455373406193,0.01429366994616671,5.0,9858.333333333343
radar,radar__evaluation__instance__severe__a0,instance,severe,adwin,E2_RL / error_rule,E3_filter / none_screened_filter_learned_features,cross_experiment,0.0750094270962523,0.09898158179848326,-0.18389592123769338,0.1787273205364186,0.26000520426749935,0.011806200111379242,8.333333333333334,4733.333333333343
radar,radar__evaluation__instance__severe__a0,instance,severe,adwin,E2_RL / error_rule,E3_filter / none_screened_filter_learned_features_label,cross_experiment,0.06900411126673062,0.10320693391115932,-0.1269338959212376,0.14207204838285564,0.10684361176164453,-0.000594022647113418,8.333333333333334,5475.0
radar,radar__evaluation__instance__severe__a0,instance,severe,adwin,E2_RL / error_rule,E3_filter / none_screened_filter_none,cross_experiment,0.06922593549770292,0.1029252437703142,-0.18073136427566805,0.18222455955824346,0.24512099921935987,0.0,8.333333333333334,0.0
radar,radar__evaluation__instance__severe__a0,instance,severe,adwin,E2_RL / none_screened,E3_filter / confirmed_screened_filter_learned_features,cross_experiment,0.005478525716830912,-0.003943661971830936,0.013572433192686417,-0.021693399947409875,0.018527192297684097,0.011806200111379242,-5.0,-16180.0
radar,radar__evaluation__instance__severe__a0,instance,severe,adwin,E2_RL / none_screened,E3_filter / confirmed_screened_filter_learned_features_label,cross_experiment,-0.041924286085346124,-0.06134344528710722,0.013853727144866435,-0.004680515382592676,-0.283008066614624,-0.000594022647113418,-5.0,-9561.666666666672
radar,radar__evaluation__instance__severe__a0,instance,severe,adwin,E2_RL / none_screened,E3_filter / confirmed_screened_filter_none,cross_experiment,-0.06950410309062305,-0.10270855904658716,-0.09388185654008441,0.08979752826715753,-0.24121779859484777,0.0,-8.333333333333334,-15833.333333333343
radar,radar__evaluation__instance__severe__a0,instance,severe,adwin,E2_RL / none_screened,E3_filter / confirmed_screened_filter_oracle_blocks,cross_experiment,0.023929789931856238,0.10314192849404119,0.719760900140647,-0.7300815145937418,-0.7793390580275825,-0.15036198255058475,0.0,87083.33333333333
radar,radar__evaluation__instance__severe__a0,instance,severe,adwin,E2_RL / none_screened,E3_filter / confirmed_screened_filter_oracle_rows,cross_experiment,-0.020368962138492486,-0.01625135427952329,0.719760900140647,-0.0022350775703391945,-0.0018214936247723107,0.027659179506218677,-8.333333333333334,12083.333333333328
radar,radar__evaluation__instance__severe__a0,instance,severe,adwin,E2_RL / none_screened,E3_filter / confirmed_screened_filter_random_blocks,cross_experiment,0.023929789931856238,0.10314192849404125,0.719760900140647,-0.7300815145937418,-0.7793390580275825,-0.15036198255058478,0.0,87083.33333333333
radar,radar__evaluation__instance__severe__a0,instance,severe,adwin,E2_RL / none_screened,E3_filter / confirmed_screened_filter_random_rows,cross_experiment,0.009078040210604946,-0.0032936078006500225,0.17623066104078766,-0.18719432027346833,0.02992453812125942,0.01429366994616671,-3.3333333333333335,9858.333333333343
radar,radar__evaluation__instance__severe__a0,instance,severe,adwin,E2_RL / none_screened,E3_filter / none_screened_filter_learned_features,cross_experiment,0.0057834915985493784,-0.003943661971830936,-0.0031645569620253333,-0.0034972390218248606,0.014884205048139462,0.011806200111379242,0.0,4733.333333333343
radar,radar__evaluation__instance__severe__a0,instance,severe,adwin,E2_RL / none_screened,E3_filter / none_screened_filter_learned_features_label,cross_experiment,-0.0002218242309723062,0.00028169014084511446,0.053797468354430444,-0.04015251117538782,-0.13827738745771534,-0.000594022647113418,0.0,5475.0
radar,radar__evaluation__instance__severe__a0,instance,severe,adwin,E2_RL / none_screened,E3_filter / none_screened_filter_none,cross_experiment,0.0,0.0,0.0,0.0,0.0,0.0,0.0,0.0
radar,radar__evaluation__instance__severe__a0,instance,severe,adwin,E2_RL / selected_map,E3_filter / confirmed_screened_filter_learned_features,cross_experiment,0.0051558556497859065,-0.003943661971830936,-0.16715893108298163,0.16053115961083358,0.016965912047879256,0.011806200111379242,-5.0,-16180.0
radar,radar__evaluation__instance__severe__a0,instance,severe,adwin,E2_RL / selected_map,E3_filter / confirmed_screened_filter_learned_features_label,cross_experiment,-0.04224695615239113,-0.06134344528710722,-0.16687763713080161,0.17754404417565078,-0.28456934686442886,-0.000594022647113418,-5.0,-9561.666666666672
radar,radar__evaluation__instance__severe__a0,instance,severe,adwin,E2_RL / selected_map,E3_filter / confirmed_screened_filter_none,cross_experiment,-0.06982677315766805,-0.10270855904658716,-0.27461322081575246,0.272022087825401,-0.2427790788446526,0.0,-8.333333333333334,-15833.333333333343
radar,radar__evaluation__instance__severe__a0,instance,severe,adwin,E2_RL / selected_map,E3_filter / confirmed_screened_filter_oracle_blocks,cross_experiment,0.023607119864811232,0.10314192849404119,0.5390295358649789,-0.5478569550354984,-0.7809003382773874,-0.15036198255058475,0.0,87083.33333333333
radar,radar__evaluation__instance__severe__a0,instance,severe,adwin,E2_RL / selected_map,E3_filter / confirmed_screened_filter_oracle_rows,cross_experiment,-0.02069163220553749,-0.01625135427952329,0.5390295358649789,0.17998948198790427,-0.0033827738745771524,0.027659179506218677,-8.333333333333334,12083.333333333328
radar,radar__evaluation__instance__severe__a0,instance,severe,adwin,E2_RL / selected_map,E3_filter / confirmed_screened_filter_random_blocks,cross_experiment,0.023607119864811232,0.10314192849404125,0.5390295358649789,-0.5478569550354984,-0.7809003382773874,-0.15036198255058478,0.0,87083.33333333333
radar,radar__evaluation__instance__severe__a0,instance,severe,adwin,E2_RL / selected_map,E3_filter / confirmed_screened_filter_random_rows,cross_experiment,0.00875537014355994,-0.0032936078006500225,-0.004500703234880388,-0.004969760715224869,0.028363257871454578,0.01429366994616671,-3.3333333333333335,9858.333333333343
radar,radar__evaluation__instance__severe__a0,instance,severe,adwin,E2_RL / selected_map,E3_filter / none_screened_filter_learned_features,cross_experiment,0.005460821531504373,-0.003943661971830936,-0.18389592123769338,0.1787273205364186,0.01332292479833462,0.011806200111379242,0.0,4733.333333333343
radar,radar__evaluation__instance__severe__a0,instance,severe,adwin,E2_RL / selected_map,E3_filter / none_screened_filter_learned_features_label,cross_experiment,-0.0005444942980173118,0.00028169014084511446,-0.1269338959212376,0.14207204838285564,-0.13983866770752018,-0.000594022647113418,0.0,5475.0
radar,radar__evaluation__instance__severe__a0,instance,severe,adwin,E2_RL / selected_map,E3_filter / none_screened_filter_none,cross_experiment,-0.00032267006704500556,0.0,-0.18073136427566805,0.18222455955824346,-0.0015612802498048417,0.0,0.0,0.0
radar,radar__evaluation__instance__severe__a0,instance,severe,d3_oof,E1_fixed / confirmed_screened,E2_RL / RL_2state,cross_experiment,0.0,0.0,0.0,0.0,0.0,0.0,0.0,0.0
radar,radar__evaluation__instance__severe__a0,instance,severe,d3_oof,E1_fixed / confirmed_screened,E2_RL / RL_4state,cross_experiment,0.0,0.0,0.0,0.0,0.0,0.0,0.0,0.0
radar,radar__evaluation__instance__severe__a0,instance,severe,d3_oof,E1_fixed / confirmed_screened,E2_RL / confirmed_screened,cross_experiment,0.0,0.0,0.0,0.0,0.0,0.0,0.0,0.0
radar,radar__evaluation__instance__severe__a0,instance,severe,d3_oof,E1_fixed / confirmed_screened,E2_RL / error_rule,cross_experiment,-0.06922593549770292,-0.1029252437703142,0.18073136427566805,-0.18222455955824346,-0.24512099921935987,0.0,-8.333333333333334,0.0
radar,radar__evaluation__instance__severe__a0,instance,severe,d3_oof,E1_fixed / confirmed_screened,E2_RL / none_screened,cross_experiment,0.0,0.0,0.0,0.0,0.0,0.0,0.0,0.0
radar,radar__evaluation__instance__severe__a0,instance,severe,d3_oof,E1_fixed / confirmed_screened,E2_RL / selected_map,cross_experiment,0.0,0.0,0.0,0.0,0.0,0.0,0.0,0.0
radar,radar__evaluation__instance__severe__a0,instance,severe,d3_oof,E1_fixed / confirmed_screened,E3_filter / confirmed_screened_filter_learned_features,cross_experiment,0.0057834915985493784,-0.003943661971830936,-0.0031645569620253333,-0.0034972390218248606,0.014884205048139462,0.011806200111379242,0.0,4733.333333333343
radar,radar__evaluation__instance__severe__a0,instance,severe,d3_oof,E1_fixed / confirmed_screened,E3_filter / confirmed_screened_filter_learned_features_label,cross_experiment,-0.0002218242309723062,0.00028169014084511446,0.053797468354430444,-0.04015251117538782,-0.13827738745771534,-0.000594022647113418,0.0,5475.0
radar,radar__evaluation__instance__severe__a0,instance,severe,d3_oof,E1_fixed / confirmed_screened,E3_filter / confirmed_screened_filter_none,cross_experiment,0.0,0.0,0.0,0.0,0.0,0.0,0.0,0.0
radar,radar__evaluation__instance__severe__a0,instance,severe,d3_oof,E1_fixed / confirmed_screened,E3_filter / confirmed_screened_filter_oracle_blocks,cross_experiment,0.023929789931856238,0.10314192849404119,0.719760900140647,-0.7300815145937418,-0.7793390580275825,-0.15036198255058475,0.0,87083.33333333333
radar,radar__evaluation__instance__severe__a0,instance,severe,d3_oof,E1_fixed / confirmed_screened,E3_filter / confirmed_screened_filter_oracle_rows,cross_experiment,-0.130855452588163,-0.2204767063921993,0.719760900140647,-0.09019195372074679,-0.505854800936768,0.027659179506218677,0.0,23700.0
radar,radar__evaluation__instance__severe__a0,instance,severe,d3_oof,E1_fixed / confirmed_screened,E3_filter / confirmed_screened_filter_random_blocks,cross_experiment,0.023929789931856238,0.10314192849404125,0.719760900140647,-0.7300815145937418,-0.7793390580275825,-0.15036198255058478,0.0,87083.33333333333
radar,radar__evaluation__instance__severe__a0,instance,severe,d3_oof,E1_fixed / confirmed_screened,E3_filter / confirmed_screened_filter_random_rows,cross_experiment,0.009046226822589626,-0.003315276273022638,0.17714486638537275,-0.18819353142256112,0.029716367421285445,0.01429366994616671,0.0,23700.0
radar,radar__evaluation__instance__severe__a0,instance,severe,d3_oof,E1_fixed / confirmed_screened,E3_filter / none_screened_filter_learned_features,cross_experiment,0.0057834915985493784,-0.003943661971830936,-0.0031645569620253333,-0.0034972390218248606,0.014884205048139462,0.011806200111379242,0.0,4733.333333333343
radar,radar__evaluation__instance__severe__a0,instance,severe,d3_oof,E1_fixed / confirmed_screened,E3_filter / none_screened_filter_learned_features_label,cross_experiment,-0.0002218242309723062,0.00028169014084511446,0.053797468354430444,-0.04015251117538782,-0.13827738745771534,-0.000594022647113418,0.0,5475.0
radar,radar__evaluation__instance__severe__a0,instance,severe,d3_oof,E1_fixed / confirmed_screened,E3_filter / none_screened_filter_none,cross_experiment,0.0,0.0,0.0,0.0,0.0,0.0,0.0,0.0
radar,radar__evaluation__instance__severe__a0,instance,severe,d3_oof,E1_fixed / confirmed_unscreened,E2_RL / RL_2state,cross_experiment,0.07979517523702398,0.209750812567714,0.280239099859353,-0.26991848540625824,0.5107988550611502,-0.035641358826805275,0.0,0.0
radar,radar__evaluation__instance__severe__a0,instance,severe,d3_oof,E1_fixed / confirmed_unscreened,E2_RL / RL_4state,cross_experiment,0.07979517523702398,0.209750812567714,0.280239099859353,-0.26991848540625824,0.5107988550611502,-0.035641358826805275,0.0,0.0
radar,radar__evaluation__instance__severe__a0,instance,severe,d3_oof,E1_fixed / confirmed_unscreened,E2_RL / confirmed_screened,cross_experiment,0.07979517523702398,0.209750812567714,0.280239099859353,-0.26991848540625824,0.5107988550611502,-0.035641358826805275,0.0,0.0
radar,radar__evaluation__instance__severe__a0,instance,severe,d3_oof,E1_fixed / confirmed_unscreened,E2_RL / error_rule,cross_experiment,0.010569239739321057,0.1068255687973998,0.4609704641350211,-0.4521430449645017,0.26567785584179027,-0.035641358826805275,-8.333333333333334,0.0
radar,radar__evaluation__instance__severe__a0,instance,severe,d3_oof,E1_fixed / confirmed_unscreened,E2_RL / none_screened,cross_experiment,0.07979517523702398,0.209750812567714,0.280239099859353,-0.26991848540625824,0.5107988550611502,-0.035641358826805275,0.0,0.0
radar,radar__evaluation__instance__severe__a0,instance,severe,d3_oof,E1_fixed / confirmed_unscreened,E2_RL / selected_map,cross_experiment,0.07979517523702398,0.209750812567714,0.280239099859353,-0.26991848540625824,0.5107988550611502,-0.035641358826805275,0.0,0.0
radar,radar__evaluation__instance__severe__a0,instance,severe,d3_oof,E1_fixed / confirmed_unscreened,E3_filter / confirmed_screened_filter_learned_features,cross_experiment,0.08557866683557336,0.20580715059588306,0.2770745428973277,-0.2734157244280831,0.5256830601092896,-0.023835158715426033,0.0,4733.333333333343
radar,radar__evaluation__instance__severe__a0,instance,severe,d3_oof,E1_fixed / confirmed_unscreened,E3_filter / confirmed_screened_filter_learned_features_label,cross_experiment,0.07957335100605167,0.2100325027085591,0.33403656821378347,-0.31007099658164605,0.3725214676034348,-0.03623538147391869,0.0,5475.0
radar,radar__evaluation__instance__severe__a0,instance,severe,d3_oof,E1_fixed / confirmed_unscreened,E3_filter / confirmed_screened_filter_none,cross_experiment,0.07979517523702398,0.209750812567714,0.280239099859353,-0.26991848540625824,0.5107988550611502,-0.035641358826805275,0.0,0.0
radar,radar__evaluation__instance__severe__a0,instance,severe,d3_oof,E1_fixed / confirmed_unscreened,E3_filter / confirmed_screened_filter_oracle_blocks,cross_experiment,0.10372496516888022,0.3128927410617552,1.0,-1.0,-0.26854020296643244,-0.18600334137739002,0.0,87083.33333333333
radar,radar__evaluation__instance__severe__a0,instance,severe,d3_oof,E1_fixed / confirmed_unscreened,E3_filter / confirmed_screened_filter_oracle_rows,cross_experiment,-0.05106027735113902,-0.0107258938244853,1.0,-0.360110439127005,0.004944054124382036,-0.007982179320586598,0.0,23700.0
radar,radar__evaluation__instance__severe__a0,instance,severe,d3_oof,E1_fixed / confirmed_unscreened,E3_filter / confirmed_screened_filter_random_blocks,cross_experiment,0.10372496516888022,0.31289274106175524,1.0,-1.0,-0.26854020296643244,-0.18600334137739005,0.0,87083.33333333333
radar,radar__evaluation__instance__severe__a0,instance,severe,d3_oof,E1_fixed / confirmed_unscreened,E3_filter / confirmed_screened_filter_random_rows,cross_experiment,0.0888414020596136,0.20643553629469136,0.45738396624472577,-0.45811201682881936,0.5405152224824356,-0.021347688880638566,0.0,23700.0
radar,radar__evaluation__instance__severe__a0,instance,severe,d3_oof,E1_fixed / confirmed_unscreened,E3_filter / none_screened_filter_learned_features,cross_experiment,0.08557866683557336,0.20580715059588306,0.2770745428973277,-0.2734157244280831,0.5256830601092896,-0.023835158715426033,0.0,4733.333333333343
radar,radar__evaluation__instance__severe__a0,instance,severe,d3_oof,E1_fixed / confirmed_unscreened,E3_filter / none_screened_filter_learned_features_label,cross_experiment,0.07957335100605167,0.2100325027085591,0.33403656821378347,-0.31007099658164605,0.3725214676034348,-0.03623538147391869,0.0,5475.0
radar,radar__evaluation__instance__severe__a0,instance,severe,d3_oof,E1_fixed / confirmed_unscreened,E3_filter / none_screened_filter_none,cross_experiment,0.07979517523702398,0.209750812567714,0.280239099859353,-0.26991848540625824,0.5107988550611502,-0.035641358826805275,0.0,0.0
radar,radar__evaluation__instance__severe__a0,instance,severe,d3_oof,E1_fixed / immediate_screened,E2_RL / RL_2state,cross_experiment,0.0,0.0,0.0,0.0,0.0,0.0,0.0,0.0
radar,radar__evaluation__instance__severe__a0,instance,severe,d3_oof,E1_fixed / immediate_screened,E2_RL / RL_4state,cross_experiment,0.0,0.0,0.0,0.0,0.0,0.0,0.0,0.0
radar,radar__evaluation__instance__severe__a0,instance,severe,d3_oof,E1_fixed / immediate_screened,E2_RL / confirmed_screened,cross_experiment,0.0,0.0,0.0,0.0,0.0,0.0,0.0,0.0
radar,radar__evaluation__instance__severe__a0,instance,severe,d3_oof,E1_fixed / immediate_screened,E2_RL / error_rule,cross_experiment,-0.06922593549770292,-0.1029252437703142,0.18073136427566805,-0.18222455955824346,-0.24512099921935987,0.0,-8.333333333333334,0.0
radar,radar__evaluation__instance__severe__a0,instance,severe,d3_oof,E1_fixed / immediate_screened,E2_RL / none_screened,cross_experiment,0.0,0.0,0.0,0.0,0.0,0.0,0.0,0.0
radar,radar__evaluation__instance__severe__a0,instance,severe,d3_oof,E1_fixed / immediate_screened,E2_RL / selected_map,cross_experiment,0.0,0.0,0.0,0.0,0.0,0.0,0.0,0.0
radar,radar__evaluation__instance__severe__a0,instance,severe,d3_oof,E1_fixed / immediate_screened,E3_filter / confirmed_screened_filter_learned_features,cross_experiment,0.0057834915985493784,-0.003943661971830936,-0.0031645569620253333,-0.0034972390218248606,0.014884205048139462,0.011806200111379242,0.0,4733.333333333343
radar,radar__evaluation__instance__severe__a0,instance,severe,d3_oof,E1_fixed / immediate_screened,E3_filter / confirmed_screened_filter_learned_features_label,cross_experiment,-0.0002218242309723062,0.00028169014084511446,0.053797468354430444,-0.04015251117538782,-0.13827738745771534,-0.000594022647113418,0.0,5475.0
radar,radar__evaluation__instance__severe__a0,instance,severe,d3_oof,E1_fixed / immediate_screened,E3_filter / confirmed_screened_filter_none,cross_experiment,0.0,0.0,0.0,0.0,0.0,0.0,0.0,0.0
radar,radar__evaluation__instance__severe__a0,instance,severe,d3_oof,E1_fixed / immediate_screened,E3_filter / confirmed_screened_filter_oracle_blocks,cross_experiment,0.023929789931856238,0.10314192849404119,0.719760900140647,-0.7300815145937418,-0.7793390580275825,-0.15036198255058475,0.0,87083.33333333333
radar,radar__evaluation__instance__severe__a0,instance,severe,d3_oof,E1_fixed / immediate_screened,E3_filter / confirmed_screened_filter_oracle_rows,cross_experiment,-0.130855452588163,-0.2204767063921993,0.719760900140647,-0.09019195372074679,-0.505854800936768,0.027659179506218677,0.0,23700.0
radar,radar__evaluation__instance__severe__a0,instance,severe,d3_oof,E1_fixed / immediate_screened,E3_filter / confirmed_screened_filter_random_blocks,cross_experiment,0.023929789931856238,0.10314192849404125,0.719760900140647,-0.7300815145937418,-0.7793390580275825,-0.15036198255058478,0.0,87083.33333333333
radar,radar__evaluation__instance__severe__a0,instance,severe,d3_oof,E1_fixed / immediate_screened,E3_filter / confirmed_screened_filter_random_rows,cross_experiment,0.009046226822589626,-0.003315276273022638,0.17714486638537275,-0.18819353142256112,0.029716367421285445,0.01429366994616671,0.0,23700.0
radar,radar__evaluation__instance__severe__a0,instance,severe,d3_oof,E1_fixed / immediate_screened,E3_filter / none_screened_filter_learned_features,cross_experiment,0.0057834915985493784,-0.003943661971830936,-0.0031645569620253333,-0.0034972390218248606,0.014884205048139462,0.011806200111379242,0.0,4733.333333333343
radar,radar__evaluation__instance__severe__a0,instance,severe,d3_oof,E1_fixed / immediate_screened,E3_filter / none_screened_filter_learned_features_label,cross_experiment,-0.0002218242309723062,0.00028169014084511446,0.053797468354430444,-0.04015251117538782,-0.13827738745771534,-0.000594022647113418,0.0,5475.0
radar,radar__evaluation__instance__severe__a0,instance,severe,d3_oof,E1_fixed / immediate_screened,E3_filter / none_screened_filter_none,cross_experiment,0.0,0.0,0.0,0.0,0.0,0.0,0.0,0.0
radar,radar__evaluation__instance__severe__a0,instance,severe,d3_oof,E1_fixed / immediate_unscreened,E2_RL / RL_2state,cross_experiment,0.07979517523702398,0.209750812567714,0.280239099859353,-0.26991848540625824,0.5107988550611502,-0.035641358826805275,0.0,0.0
radar,radar__evaluation__instance__severe__a0,instance,severe,d3_oof,E1_fixed / immediate_unscreened,E2_RL / RL_4state,cross_experiment,0.07979517523702398,0.209750812567714,0.280239099859353,-0.26991848540625824,0.5107988550611502,-0.035641358826805275,0.0,0.0
radar,radar__evaluation__instance__severe__a0,instance,severe,d3_oof,E1_fixed / immediate_unscreened,E2_RL / confirmed_screened,cross_experiment,0.07979517523702398,0.209750812567714,0.280239099859353,-0.26991848540625824,0.5107988550611502,-0.035641358826805275,0.0,0.0
radar,radar__evaluation__instance__severe__a0,instance,severe,d3_oof,E1_fixed / immediate_unscreened,E2_RL / error_rule,cross_experiment,0.010569239739321057,0.1068255687973998,0.4609704641350211,-0.4521430449645017,0.26567785584179027,-0.035641358826805275,-8.333333333333334,0.0
radar,radar__evaluation__instance__severe__a0,instance,severe,d3_oof,E1_fixed / immediate_unscreened,E2_RL / none_screened,cross_experiment,0.07979517523702398,0.209750812567714,0.280239099859353,-0.26991848540625824,0.5107988550611502,-0.035641358826805275,0.0,0.0
radar,radar__evaluation__instance__severe__a0,instance,severe,d3_oof,E1_fixed / immediate_unscreened,E2_RL / selected_map,cross_experiment,0.07979517523702398,0.209750812567714,0.280239099859353,-0.26991848540625824,0.5107988550611502,-0.035641358826805275,0.0,0.0
radar,radar__evaluation__instance__severe__a0,instance,severe,d3_oof,E1_fixed / immediate_unscreened,E3_filter / confirmed_screened_filter_learned_features,cross_experiment,0.08557866683557336,0.20580715059588306,0.2770745428973277,-0.2734157244280831,0.5256830601092896,-0.023835158715426033,0.0,4733.333333333343
radar,radar__evaluation__instance__severe__a0,instance,severe,d3_oof,E1_fixed / immediate_unscreened,E3_filter / confirmed_screened_filter_learned_features_label,cross_experiment,0.07957335100605167,0.2100325027085591,0.33403656821378347,-0.31007099658164605,0.3725214676034348,-0.03623538147391869,0.0,5475.0
radar,radar__evaluation__instance__severe__a0,instance,severe,d3_oof,E1_fixed / immediate_unscreened,E3_filter / confirmed_screened_filter_none,cross_experiment,0.07979517523702398,0.209750812567714,0.280239099859353,-0.26991848540625824,0.5107988550611502,-0.035641358826805275,0.0,0.0
radar,radar__evaluation__instance__severe__a0,instance,severe,d3_oof,E1_fixed / immediate_unscreened,E3_filter / confirmed_screened_filter_oracle_blocks,cross_experiment,0.10372496516888022,0.3128927410617552,1.0,-1.0,-0.26854020296643244,-0.18600334137739002,0.0,87083.33333333333
radar,radar__evaluation__instance__severe__a0,instance,severe,d3_oof,E1_fixed / immediate_unscreened,E3_filter / confirmed_screened_filter_oracle_rows,cross_experiment,-0.05106027735113902,-0.0107258938244853,1.0,-0.360110439127005,0.004944054124382036,-0.007982179320586598,0.0,23700.0
radar,radar__evaluation__instance__severe__a0,instance,severe,d3_oof,E1_fixed / immediate_unscreened,E3_filter / confirmed_screened_filter_random_blocks,cross_experiment,0.10372496516888022,0.31289274106175524,1.0,-1.0,-0.26854020296643244,-0.18600334137739005,0.0,87083.33333333333
radar,radar__evaluation__instance__severe__a0,instance,severe,d3_oof,E1_fixed / immediate_unscreened,E3_filter / confirmed_screened_filter_random_rows,cross_experiment,0.0888414020596136,0.20643553629469136,0.45738396624472577,-0.45811201682881936,0.5405152224824356,-0.021347688880638566,0.0,23700.0
radar,radar__evaluation__instance__severe__a0,instance,severe,d3_oof,E1_fixed / immediate_unscreened,E3_filter / none_screened_filter_learned_features,cross_experiment,0.08557866683557336,0.20580715059588306,0.2770745428973277,-0.2734157244280831,0.5256830601092896,-0.023835158715426033,0.0,4733.333333333343
radar,radar__evaluation__instance__severe__a0,instance,severe,d3_oof,E1_fixed / immediate_unscreened,E3_filter / none_screened_filter_learned_features_label,cross_experiment,0.07957335100605167,0.2100325027085591,0.33403656821378347,-0.31007099658164605,0.3725214676034348,-0.03623538147391869,0.0,5475.0
radar,radar__evaluation__instance__severe__a0,instance,severe,d3_oof,E1_fixed / immediate_unscreened,E3_filter / none_screened_filter_none,cross_experiment,0.07979517523702398,0.209750812567714,0.280239099859353,-0.26991848540625824,0.5107988550611502,-0.035641358826805275,0.0,0.0
radar,radar__evaluation__instance__severe__a0,instance,severe,d3_oof,E1_fixed / none_screened,E2_RL / RL_2state,cross_experiment,0.0,0.0,0.0,0.0,0.0,0.0,0.0,0.0
radar,radar__evaluation__instance__severe__a0,instance,severe,d3_oof,E1_fixed / none_screened,E2_RL / RL_4state,cross_experiment,0.0,0.0,0.0,0.0,0.0,0.0,0.0,0.0
radar,radar__evaluation__instance__severe__a0,instance,severe,d3_oof,E1_fixed / none_screened,E2_RL / confirmed_screened,cross_experiment,0.0,0.0,0.0,0.0,0.0,0.0,0.0,0.0
radar,radar__evaluation__instance__severe__a0,instance,severe,d3_oof,E1_fixed / none_screened,E2_RL / error_rule,cross_experiment,-0.06922593549770292,-0.1029252437703142,0.18073136427566805,-0.18222455955824346,-0.24512099921935987,0.0,-8.333333333333334,0.0
radar,radar__evaluation__instance__severe__a0,instance,severe,d3_oof,E1_fixed / none_screened,E2_RL / none_screened,cross_experiment,0.0,0.0,0.0,0.0,0.0,0.0,0.0,0.0
radar,radar__evaluation__instance__severe__a0,instance,severe,d3_oof,E1_fixed / none_screened,E2_RL / selected_map,cross_experiment,0.0,0.0,0.0,0.0,0.0,0.0,0.0,0.0
radar,radar__evaluation__instance__severe__a0,instance,severe,d3_oof,E1_fixed / none_screened,E3_filter / confirmed_screened_filter_learned_features,cross_experiment,0.0057834915985493784,-0.003943661971830936,-0.0031645569620253333,-0.0034972390218248606,0.014884205048139462,0.011806200111379242,0.0,4733.333333333343
radar,radar__evaluation__instance__severe__a0,instance,severe,d3_oof,E1_fixed / none_screened,E3_filter / confirmed_screened_filter_learned_features_label,cross_experiment,-0.0002218242309723062,0.00028169014084511446,0.053797468354430444,-0.04015251117538782,-0.13827738745771534,-0.000594022647113418,0.0,5475.0
radar,radar__evaluation__instance__severe__a0,instance,severe,d3_oof,E1_fixed / none_screened,E3_filter / confirmed_screened_filter_none,cross_experiment,0.0,0.0,0.0,0.0,0.0,0.0,0.0,0.0
radar,radar__evaluation__instance__severe__a0,instance,severe,d3_oof,E1_fixed / none_screened,E3_filter / confirmed_screened_filter_oracle_blocks,cross_experiment,0.023929789931856238,0.10314192849404119,0.719760900140647,-0.7300815145937418,-0.7793390580275825,-0.15036198255058475,0.0,87083.33333333333
radar,radar__evaluation__instance__severe__a0,instance,severe,d3_oof,E1_fixed / none_screened,E3_filter / confirmed_screened_filter_oracle_rows,cross_experiment,-0.130855452588163,-0.2204767063921993,0.719760900140647,-0.09019195372074679,-0.505854800936768,0.027659179506218677,0.0,23700.0
radar,radar__evaluation__instance__severe__a0,instance,severe,d3_oof,E1_fixed / none_screened,E3_filter / confirmed_screened_filter_random_blocks,cross_experiment,0.023929789931856238,0.10314192849404125,0.719760900140647,-0.7300815145937418,-0.7793390580275825,-0.15036198255058478,0.0,87083.33333333333
radar,radar__evaluation__instance__severe__a0,instance,severe,d3_oof,E1_fixed / none_screened,E3_filter / confirmed_screened_filter_random_rows,cross_experiment,0.009046226822589626,-0.003315276273022638,0.17714486638537275,-0.18819353142256112,0.029716367421285445,0.01429366994616671,0.0,23700.0
radar,radar__evaluation__instance__severe__a0,instance,severe,d3_oof,E1_fixed / none_screened,E3_filter / none_screened_filter_learned_features,cross_experiment,0.0057834915985493784,-0.003943661971830936,-0.0031645569620253333,-0.0034972390218248606,0.014884205048139462,0.011806200111379242,0.0,4733.333333333343
radar,radar__evaluation__instance__severe__a0,instance,severe,d3_oof,E1_fixed / none_screened,E3_filter / none_screened_filter_learned_features_label,cross_experiment,-0.0002218242309723062,0.00028169014084511446,0.053797468354430444,-0.04015251117538782,-0.13827738745771534,-0.000594022647113418,0.0,5475.0
radar,radar__evaluation__instance__severe__a0,instance,severe,d3_oof,E1_fixed / none_screened,E3_filter / none_screened_filter_none,cross_experiment,0.0,0.0,0.0,0.0,0.0,0.0,0.0,0.0
radar,radar__evaluation__instance__severe__a0,instance,severe,d3_oof,E1_fixed / none_unscreened,E2_RL / RL_2state,cross_experiment,0.07979517523702398,0.209750812567714,0.280239099859353,-0.26991848540625824,0.5107988550611502,-0.035641358826805275,0.0,0.0
radar,radar__evaluation__instance__severe__a0,instance,severe,d3_oof,E1_fixed / none_unscreened,E2_RL / RL_4state,cross_experiment,0.07979517523702398,0.209750812567714,0.280239099859353,-0.26991848540625824,0.5107988550611502,-0.035641358826805275,0.0,0.0
radar,radar__evaluation__instance__severe__a0,instance,severe,d3_oof,E1_fixed / none_unscreened,E2_RL / confirmed_screened,cross_experiment,0.07979517523702398,0.209750812567714,0.280239099859353,-0.26991848540625824,0.5107988550611502,-0.035641358826805275,0.0,0.0
radar,radar__evaluation__instance__severe__a0,instance,severe,d3_oof,E1_fixed / none_unscreened,E2_RL / error_rule,cross_experiment,0.010569239739321057,0.1068255687973998,0.4609704641350211,-0.4521430449645017,0.26567785584179027,-0.035641358826805275,-8.333333333333334,0.0
radar,radar__evaluation__instance__severe__a0,instance,severe,d3_oof,E1_fixed / none_unscreened,E2_RL / none_screened,cross_experiment,0.07979517523702398,0.209750812567714,0.280239099859353,-0.26991848540625824,0.5107988550611502,-0.035641358826805275,0.0,0.0
radar,radar__evaluation__instance__severe__a0,instance,severe,d3_oof,E1_fixed / none_unscreened,E2_RL / selected_map,cross_experiment,0.07979517523702398,0.209750812567714,0.280239099859353,-0.26991848540625824,0.5107988550611502,-0.035641358826805275,0.0,0.0
radar,radar__evaluation__instance__severe__a0,instance,severe,d3_oof,E1_fixed / none_unscreened,E3_filter / confirmed_screened_filter_learned_features,cross_experiment,0.08557866683557336,0.20580715059588306,0.2770745428973277,-0.2734157244280831,0.5256830601092896,-0.023835158715426033,0.0,4733.333333333343
radar,radar__evaluation__instance__severe__a0,instance,severe,d3_oof,E1_fixed / none_unscreened,E3_filter / confirmed_screened_filter_learned_features_label,cross_experiment,0.07957335100605167,0.2100325027085591,0.33403656821378347,-0.31007099658164605,0.3725214676034348,-0.03623538147391869,0.0,5475.0
radar,radar__evaluation__instance__severe__a0,instance,severe,d3_oof,E1_fixed / none_unscreened,E3_filter / confirmed_screened_filter_none,cross_experiment,0.07979517523702398,0.209750812567714,0.280239099859353,-0.26991848540625824,0.5107988550611502,-0.035641358826805275,0.0,0.0
radar,radar__evaluation__instance__severe__a0,instance,severe,d3_oof,E1_fixed / none_unscreened,E3_filter / confirmed_screened_filter_oracle_blocks,cross_experiment,0.10372496516888022,0.3128927410617552,1.0,-1.0,-0.26854020296643244,-0.18600334137739002,0.0,87083.33333333333
radar,radar__evaluation__instance__severe__a0,instance,severe,d3_oof,E1_fixed / none_unscreened,E3_filter / confirmed_screened_filter_oracle_rows,cross_experiment,-0.05106027735113902,-0.0107258938244853,1.0,-0.360110439127005,0.004944054124382036,-0.007982179320586598,0.0,23700.0
radar,radar__evaluation__instance__severe__a0,instance,severe,d3_oof,E1_fixed / none_unscreened,E3_filter / confirmed_screened_filter_random_blocks,cross_experiment,0.10372496516888022,0.31289274106175524,1.0,-1.0,-0.26854020296643244,-0.18600334137739005,0.0,87083.33333333333
radar,radar__evaluation__instance__severe__a0,instance,severe,d3_oof,E1_fixed / none_unscreened,E3_filter / confirmed_screened_filter_random_rows,cross_experiment,0.0888414020596136,0.20643553629469136,0.45738396624472577,-0.45811201682881936,0.5405152224824356,-0.021347688880638566,0.0,23700.0
radar,radar__evaluation__instance__severe__a0,instance,severe,d3_oof,E1_fixed / none_unscreened,E3_filter / none_screened_filter_learned_features,cross_experiment,0.08557866683557336,0.20580715059588306,0.2770745428973277,-0.2734157244280831,0.5256830601092896,-0.023835158715426033,0.0,4733.333333333343
radar,radar__evaluation__instance__severe__a0,instance,severe,d3_oof,E1_fixed / none_unscreened,E3_filter / none_screened_filter_learned_features_label,cross_experiment,0.07957335100605167,0.2100325027085591,0.33403656821378347,-0.31007099658164605,0.3725214676034348,-0.03623538147391869,0.0,5475.0
radar,radar__evaluation__instance__severe__a0,instance,severe,d3_oof,E1_fixed / none_unscreened,E3_filter / none_screened_filter_none,cross_experiment,0.07979517523702398,0.209750812567714,0.280239099859353,-0.26991848540625824,0.5107988550611502,-0.035641358826805275,0.0,0.0
radar,radar__evaluation__instance__severe__a0,instance,severe,d3_oof,E2_RL / RL_2state,E3_filter / confirmed_screened_filter_learned_features,cross_experiment,0.0057834915985493784,-0.003943661971830936,-0.0031645569620253333,-0.0034972390218248606,0.014884205048139462,0.011806200111379242,0.0,4733.333333333343
radar,radar__evaluation__instance__severe__a0,instance,severe,d3_oof,E2_RL / RL_2state,E3_filter / confirmed_screened_filter_learned_features_label,cross_experiment,-0.0002218242309723062,0.00028169014084511446,0.053797468354430444,-0.04015251117538782,-0.13827738745771534,-0.000594022647113418,0.0,5475.0
radar,radar__evaluation__instance__severe__a0,instance,severe,d3_oof,E2_RL / RL_2state,E3_filter / confirmed_screened_filter_none,cross_experiment,0.0,0.0,0.0,0.0,0.0,0.0,0.0,0.0
radar,radar__evaluation__instance__severe__a0,instance,severe,d3_oof,E2_RL / RL_2state,E3_filter / confirmed_screened_filter_oracle_blocks,cross_experiment,0.023929789931856238,0.10314192849404119,0.719760900140647,-0.7300815145937418,-0.7793390580275825,-0.15036198255058475,0.0,87083.33333333333
radar,radar__evaluation__instance__severe__a0,instance,severe,d3_oof,E2_RL / RL_2state,E3_filter / confirmed_screened_filter_oracle_rows,cross_experiment,-0.130855452588163,-0.2204767063921993,0.719760900140647,-0.09019195372074679,-0.505854800936768,0.027659179506218677,0.0,23700.0
radar,radar__evaluation__instance__severe__a0,instance,severe,d3_oof,E2_RL / RL_2state,E3_filter / confirmed_screened_filter_random_blocks,cross_experiment,0.023929789931856238,0.10314192849404125,0.719760900140647,-0.7300815145937418,-0.7793390580275825,-0.15036198255058478,0.0,87083.33333333333
radar,radar__evaluation__instance__severe__a0,instance,severe,d3_oof,E2_RL / RL_2state,E3_filter / confirmed_screened_filter_random_rows,cross_experiment,0.009046226822589626,-0.003315276273022638,0.17714486638537275,-0.18819353142256112,0.029716367421285445,0.01429366994616671,0.0,23700.0
radar,radar__evaluation__instance__severe__a0,instance,severe,d3_oof,E2_RL / RL_2state,E3_filter / none_screened_filter_learned_features,cross_experiment,0.0057834915985493784,-0.003943661971830936,-0.0031645569620253333,-0.0034972390218248606,0.014884205048139462,0.011806200111379242,0.0,4733.333333333343
radar,radar__evaluation__instance__severe__a0,instance,severe,d3_oof,E2_RL / RL_2state,E3_filter / none_screened_filter_learned_features_label,cross_experiment,-0.0002218242309723062,0.00028169014084511446,0.053797468354430444,-0.04015251117538782,-0.13827738745771534,-0.000594022647113418,0.0,5475.0
radar,radar__evaluation__instance__severe__a0,instance,severe,d3_oof,E2_RL / RL_2state,E3_filter / none_screened_filter_none,cross_experiment,0.0,0.0,0.0,0.0,0.0,0.0,0.0,0.0
radar,radar__evaluation__instance__severe__a0,instance,severe,d3_oof,E2_RL / RL_4state,E3_filter / confirmed_screened_filter_learned_features,cross_experiment,0.0057834915985493784,-0.003943661971830936,-0.0031645569620253333,-0.0034972390218248606,0.014884205048139462,0.011806200111379242,0.0,4733.333333333343
radar,radar__evaluation__instance__severe__a0,instance,severe,d3_oof,E2_RL / RL_4state,E3_filter / confirmed_screened_filter_learned_features_label,cross_experiment,-0.0002218242309723062,0.00028169014084511446,0.053797468354430444,-0.04015251117538782,-0.13827738745771534,-0.000594022647113418,0.0,5475.0
radar,radar__evaluation__instance__severe__a0,instance,severe,d3_oof,E2_RL / RL_4state,E3_filter / confirmed_screened_filter_none,cross_experiment,0.0,0.0,0.0,0.0,0.0,0.0,0.0,0.0
radar,radar__evaluation__instance__severe__a0,instance,severe,d3_oof,E2_RL / RL_4state,E3_filter / confirmed_screened_filter_oracle_blocks,cross_experiment,0.023929789931856238,0.10314192849404119,0.719760900140647,-0.7300815145937418,-0.7793390580275825,-0.15036198255058475,0.0,87083.33333333333
radar,radar__evaluation__instance__severe__a0,instance,severe,d3_oof,E2_RL / RL_4state,E3_filter / confirmed_screened_filter_oracle_rows,cross_experiment,-0.130855452588163,-0.2204767063921993,0.719760900140647,-0.09019195372074679,-0.505854800936768,0.027659179506218677,0.0,23700.0
radar,radar__evaluation__instance__severe__a0,instance,severe,d3_oof,E2_RL / RL_4state,E3_filter / confirmed_screened_filter_random_blocks,cross_experiment,0.023929789931856238,0.10314192849404125,0.719760900140647,-0.7300815145937418,-0.7793390580275825,-0.15036198255058478,0.0,87083.33333333333
radar,radar__evaluation__instance__severe__a0,instance,severe,d3_oof,E2_RL / RL_4state,E3_filter / confirmed_screened_filter_random_rows,cross_experiment,0.009046226822589626,-0.003315276273022638,0.17714486638537275,-0.18819353142256112,0.029716367421285445,0.01429366994616671,0.0,23700.0
radar,radar__evaluation__instance__severe__a0,instance,severe,d3_oof,E2_RL / RL_4state,E3_filter / none_screened_filter_learned_features,cross_experiment,0.0057834915985493784,-0.003943661971830936,-0.0031645569620253333,-0.0034972390218248606,0.014884205048139462,0.011806200111379242,0.0,4733.333333333343
radar,radar__evaluation__instance__severe__a0,instance,severe,d3_oof,E2_RL / RL_4state,E3_filter / none_screened_filter_learned_features_label,cross_experiment,-0.0002218242309723062,0.00028169014084511446,0.053797468354430444,-0.04015251117538782,-0.13827738745771534,-0.000594022647113418,0.0,5475.0
radar,radar__evaluation__instance__severe__a0,instance,severe,d3_oof,E2_RL / RL_4state,E3_filter / none_screened_filter_none,cross_experiment,0.0,0.0,0.0,0.0,0.0,0.0,0.0,0.0
radar,radar__evaluation__instance__severe__a0,instance,severe,d3_oof,E2_RL / confirmed_screened,E3_filter / confirmed_screened_filter_learned_features,cross_experiment,0.0057834915985493784,-0.003943661971830936,-0.0031645569620253333,-0.0034972390218248606,0.014884205048139462,0.011806200111379242,0.0,4733.333333333343
radar,radar__evaluation__instance__severe__a0,instance,severe,d3_oof,E2_RL / confirmed_screened,E3_filter / confirmed_screened_filter_learned_features_label,cross_experiment,-0.0002218242309723062,0.00028169014084511446,0.053797468354430444,-0.04015251117538782,-0.13827738745771534,-0.000594022647113418,0.0,5475.0
radar,radar__evaluation__instance__severe__a0,instance,severe,d3_oof,E2_RL / confirmed_screened,E3_filter / confirmed_screened_filter_none,cross_experiment,0.0,0.0,0.0,0.0,0.0,0.0,0.0,0.0
radar,radar__evaluation__instance__severe__a0,instance,severe,d3_oof,E2_RL / confirmed_screened,E3_filter / confirmed_screened_filter_oracle_blocks,cross_experiment,0.023929789931856238,0.10314192849404119,0.719760900140647,-0.7300815145937418,-0.7793390580275825,-0.15036198255058475,0.0,87083.33333333333
radar,radar__evaluation__instance__severe__a0,instance,severe,d3_oof,E2_RL / confirmed_screened,E3_filter / confirmed_screened_filter_oracle_rows,cross_experiment,-0.130855452588163,-0.2204767063921993,0.719760900140647,-0.09019195372074679,-0.505854800936768,0.027659179506218677,0.0,23700.0
radar,radar__evaluation__instance__severe__a0,instance,severe,d3_oof,E2_RL / confirmed_screened,E3_filter / confirmed_screened_filter_random_blocks,cross_experiment,0.023929789931856238,0.10314192849404125,0.719760900140647,-0.7300815145937418,-0.7793390580275825,-0.15036198255058478,0.0,87083.33333333333
radar,radar__evaluation__instance__severe__a0,instance,severe,d3_oof,E2_RL / confirmed_screened,E3_filter / confirmed_screened_filter_random_rows,cross_experiment,0.009046226822589626,-0.003315276273022638,0.17714486638537275,-0.18819353142256112,0.029716367421285445,0.01429366994616671,0.0,23700.0
radar,radar__evaluation__instance__severe__a0,instance,severe,d3_oof,E2_RL / confirmed_screened,E3_filter / none_screened_filter_learned_features,cross_experiment,0.0057834915985493784,-0.003943661971830936,-0.0031645569620253333,-0.0034972390218248606,0.014884205048139462,0.011806200111379242,0.0,4733.333333333343
radar,radar__evaluation__instance__severe__a0,instance,severe,d3_oof,E2_RL / confirmed_screened,E3_filter / none_screened_filter_learned_features_label,cross_experiment,-0.0002218242309723062,0.00028169014084511446,0.053797468354430444,-0.04015251117538782,-0.13827738745771534,-0.000594022647113418,0.0,5475.0
radar,radar__evaluation__instance__severe__a0,instance,severe,d3_oof,E2_RL / confirmed_screened,E3_filter / none_screened_filter_none,cross_experiment,0.0,0.0,0.0,0.0,0.0,0.0,0.0,0.0
radar,radar__evaluation__instance__severe__a0,instance,severe,d3_oof,E2_RL / error_rule,E3_filter / confirmed_screened_filter_learned_features,cross_experiment,0.0750094270962523,0.09898158179848326,-0.18389592123769338,0.1787273205364186,0.26000520426749935,0.011806200111379242,8.333333333333334,4733.333333333343
radar,radar__evaluation__instance__severe__a0,instance,severe,d3_oof,E2_RL / error_rule,E3_filter / confirmed_screened_filter_learned_features_label,cross_experiment,0.06900411126673062,0.10320693391115932,-0.1269338959212376,0.14207204838285564,0.10684361176164453,-0.000594022647113418,8.333333333333334,5475.0
radar,radar__evaluation__instance__severe__a0,instance,severe,d3_oof,E2_RL / error_rule,E3_filter / confirmed_screened_filter_none,cross_experiment,0.06922593549770292,0.1029252437703142,-0.18073136427566805,0.18222455955824346,0.24512099921935987,0.0,8.333333333333334,0.0
radar,radar__evaluation__instance__severe__a0,instance,severe,d3_oof,E2_RL / error_rule,E3_filter / confirmed_screened_filter_oracle_blocks,cross_experiment,0.09315572542955916,0.2060671722643554,0.5390295358649789,-0.5478569550354984,-0.5342180588082227,-0.15036198255058475,8.333333333333334,87083.33333333333
radar,radar__evaluation__instance__severe__a0,instance,severe,d3_oof,E2_RL / error_rule,E3_filter / confirmed_screened_filter_oracle_rows,cross_experiment,-0.06162951709046008,-0.1175514626218851,0.5390295358649789,0.09203260583749667,-0.26073380171740823,0.027659179506218677,8.333333333333334,23700.0
radar,radar__evaluation__instance__severe__a0,instance,severe,d3_oof,E2_RL / error_rule,E3_filter / confirmed_screened_filter_random_blocks,cross_experiment,0.09315572542955916,0.20606717226435545,0.5390295358649789,-0.5478569550354984,-0.5342180588082227,-0.15036198255058478,8.333333333333334,87083.33333333333
radar,radar__evaluation__instance__severe__a0,instance,severe,d3_oof,E2_RL / error_rule,E3_filter / confirmed_screened_filter_random_rows,cross_experiment,0.07827216232029255,0.09960996749729156,-0.0035864978902953037,-0.005968971864317663,0.2748373666406453,0.01429366994616671,8.333333333333334,23700.0
radar,radar__evaluation__instance__severe__a0,instance,severe,d3_oof,E2_RL / error_rule,E3_filter / none_screened_filter_learned_features,cross_experiment,0.0750094270962523,0.09898158179848326,-0.18389592123769338,0.1787273205364186,0.26000520426749935,0.011806200111379242,8.333333333333334,4733.333333333343
radar,radar__evaluation__instance__severe__a0,instance,severe,d3_oof,E2_RL / error_rule,E3_filter / none_screened_filter_learned_features_label,cross_experiment,0.06900411126673062,0.10320693391115932,-0.1269338959212376,0.14207204838285564,0.10684361176164453,-0.000594022647113418,8.333333333333334,5475.0
radar,radar__evaluation__instance__severe__a0,instance,severe,d3_oof,E2_RL / error_rule,E3_filter / none_screened_filter_none,cross_experiment,0.06922593549770292,0.1029252437703142,-0.18073136427566805,0.18222455955824346,0.24512099921935987,0.0,8.333333333333334,0.0
radar,radar__evaluation__instance__severe__a0,instance,severe,d3_oof,E2_RL / none_screened,E3_filter / confirmed_screened_filter_learned_features,cross_experiment,0.0057834915985493784,-0.003943661971830936,-0.0031645569620253333,-0.0034972390218248606,0.014884205048139462,0.011806200111379242,0.0,4733.333333333343
radar,radar__evaluation__instance__severe__a0,instance,severe,d3_oof,E2_RL / none_screened,E3_filter / confirmed_screened_filter_learned_features_label,cross_experiment,-0.0002218242309723062,0.00028169014084511446,0.053797468354430444,-0.04015251117538782,-0.13827738745771534,-0.000594022647113418,0.0,5475.0
radar,radar__evaluation__instance__severe__a0,instance,severe,d3_oof,E2_RL / none_screened,E3_filter / confirmed_screened_filter_none,cross_experiment,0.0,0.0,0.0,0.0,0.0,0.0,0.0,0.0
radar,radar__evaluation__instance__severe__a0,instance,severe,d3_oof,E2_RL / none_screened,E3_filter / confirmed_screened_filter_oracle_blocks,cross_experiment,0.023929789931856238,0.10314192849404119,0.719760900140647,-0.7300815145937418,-0.7793390580275825,-0.15036198255058475,0.0,87083.33333333333
radar,radar__evaluation__instance__severe__a0,instance,severe,d3_oof,E2_RL / none_screened,E3_filter / confirmed_screened_filter_oracle_rows,cross_experiment,-0.130855452588163,-0.2204767063921993,0.719760900140647,-0.09019195372074679,-0.505854800936768,0.027659179506218677,0.0,23700.0
radar,radar__evaluation__instance__severe__a0,instance,severe,d3_oof,E2_RL / none_screened,E3_filter / confirmed_screened_filter_random_blocks,cross_experiment,0.023929789931856238,0.10314192849404125,0.719760900140647,-0.7300815145937418,-0.7793390580275825,-0.15036198255058478,0.0,87083.33333333333
radar,radar__evaluation__instance__severe__a0,instance,severe,d3_oof,E2_RL / none_screened,E3_filter / confirmed_screened_filter_random_rows,cross_experiment,0.009046226822589626,-0.003315276273022638,0.17714486638537275,-0.18819353142256112,0.029716367421285445,0.01429366994616671,0.0,23700.0
radar,radar__evaluation__instance__severe__a0,instance,severe,d3_oof,E2_RL / none_screened,E3_filter / none_screened_filter_learned_features,cross_experiment,0.0057834915985493784,-0.003943661971830936,-0.0031645569620253333,-0.0034972390218248606,0.014884205048139462,0.011806200111379242,0.0,4733.333333333343
radar,radar__evaluation__instance__severe__a0,instance,severe,d3_oof,E2_RL / none_screened,E3_filter / none_screened_filter_learned_features_label,cross_experiment,-0.0002218242309723062,0.00028169014084511446,0.053797468354430444,-0.04015251117538782,-0.13827738745771534,-0.000594022647113418,0.0,5475.0
radar,radar__evaluation__instance__severe__a0,instance,severe,d3_oof,E2_RL / none_screened,E3_filter / none_screened_filter_none,cross_experiment,0.0,0.0,0.0,0.0,0.0,0.0,0.0,0.0
radar,radar__evaluation__instance__severe__a0,instance,severe,d3_oof,E2_RL / selected_map,E3_filter / confirmed_screened_filter_learned_features,cross_experiment,0.0057834915985493784,-0.003943661971830936,-0.0031645569620253333,-0.0034972390218248606,0.014884205048139462,0.011806200111379242,0.0,4733.333333333343
radar,radar__evaluation__instance__severe__a0,instance,severe,d3_oof,E2_RL / selected_map,E3_filter / confirmed_screened_filter_learned_features_label,cross_experiment,-0.0002218242309723062,0.00028169014084511446,0.053797468354430444,-0.04015251117538782,-0.13827738745771534,-0.000594022647113418,0.0,5475.0
radar,radar__evaluation__instance__severe__a0,instance,severe,d3_oof,E2_RL / selected_map,E3_filter / confirmed_screened_filter_none,cross_experiment,0.0,0.0,0.0,0.0,0.0,0.0,0.0,0.0
radar,radar__evaluation__instance__severe__a0,instance,severe,d3_oof,E2_RL / selected_map,E3_filter / confirmed_screened_filter_oracle_blocks,cross_experiment,0.023929789931856238,0.10314192849404119,0.719760900140647,-0.7300815145937418,-0.7793390580275825,-0.15036198255058475,0.0,87083.33333333333
radar,radar__evaluation__instance__severe__a0,instance,severe,d3_oof,E2_RL / selected_map,E3_filter / confirmed_screened_filter_oracle_rows,cross_experiment,-0.130855452588163,-0.2204767063921993,0.719760900140647,-0.09019195372074679,-0.505854800936768,0.027659179506218677,0.0,23700.0
radar,radar__evaluation__instance__severe__a0,instance,severe,d3_oof,E2_RL / selected_map,E3_filter / confirmed_screened_filter_random_blocks,cross_experiment,0.023929789931856238,0.10314192849404125,0.719760900140647,-0.7300815145937418,-0.7793390580275825,-0.15036198255058478,0.0,87083.33333333333
radar,radar__evaluation__instance__severe__a0,instance,severe,d3_oof,E2_RL / selected_map,E3_filter / confirmed_screened_filter_random_rows,cross_experiment,0.009046226822589626,-0.003315276273022638,0.17714486638537275,-0.18819353142256112,0.029716367421285445,0.01429366994616671,0.0,23700.0
radar,radar__evaluation__instance__severe__a0,instance,severe,d3_oof,E2_RL / selected_map,E3_filter / none_screened_filter_learned_features,cross_experiment,0.0057834915985493784,-0.003943661971830936,-0.0031645569620253333,-0.0034972390218248606,0.014884205048139462,0.011806200111379242,0.0,4733.333333333343
radar,radar__evaluation__instance__severe__a0,instance,severe,d3_oof,E2_RL / selected_map,E3_filter / none_screened_filter_learned_features_label,cross_experiment,-0.0002218242309723062,0.00028169014084511446,0.053797468354430444,-0.04015251117538782,-0.13827738745771534,-0.000594022647113418,0.0,5475.0
radar,radar__evaluation__instance__severe__a0,instance,severe,d3_oof,E2_RL / selected_map,E3_filter / none_screened_filter_none,cross_experiment,0.0,0.0,0.0,0.0,0.0,0.0,0.0,0.0
radar,radar__evaluation__instance__severe__a0,instance,severe,hddm_w,E1_fixed / confirmed_screened,E2_RL / RL_2state,cross_experiment,0.06950410309062305,0.10270855904658716,0.09388185654008441,-0.08979752826715753,0.24121779859484777,0.0,8.333333333333334,15833.333333333343
radar,radar__evaluation__instance__severe__a0,instance,severe,hddm_w,E1_fixed / confirmed_screened,E2_RL / RL_4state,cross_experiment,0.06950410309062305,0.10270855904658716,0.09388185654008441,-0.08979752826715753,0.24121779859484777,0.0,8.333333333333334,15833.333333333343
radar,radar__evaluation__instance__severe__a0,instance,severe,hddm_w,E1_fixed / confirmed_screened,E2_RL / confirmed_screened,cross_experiment,0.0,0.0,0.0,0.0,0.0,0.0,0.0,0.0
radar,radar__evaluation__instance__severe__a0,instance,severe,hddm_w,E1_fixed / confirmed_screened,E2_RL / error_rule,cross_experiment,0.0002781675929201255,-0.00021668472372704528,0.27461322081575246,-0.272022087825401,-0.0039032006245121043,0.0,0.0,15833.333333333343
radar,radar__evaluation__instance__severe__a0,instance,severe,hddm_w,E1_fixed / confirmed_screened,E2_RL / none_screened,cross_experiment,0.06950410309062305,0.10270855904658716,0.09388185654008441,-0.08979752826715753,0.24121779859484777,0.0,8.333333333333334,15833.333333333343
radar,radar__evaluation__instance__severe__a0,instance,severe,hddm_w,E1_fixed / confirmed_screened,E2_RL / selected_map,cross_experiment,0.06982677315766805,0.10270855904658716,0.27461322081575246,-0.272022087825401,0.2427790788446526,0.0,8.333333333333334,15833.333333333343
radar,radar__evaluation__instance__severe__a0,instance,severe,hddm_w,E1_fixed / confirmed_screened,E3_filter / confirmed_screened_filter_learned_features,cross_experiment,0.052272518410664826,0.05791982665222095,0.10822784810126584,-0.10933473573494606,0.16471506635441063,0.011806200111379242,1.666666666666667,-3304.9999999999854
radar,radar__evaluation__instance__severe__a0,instance,severe,hddm_w,E1_fixed / confirmed_screened,E3_filter / confirmed_screened_filter_learned_features_label,cross_experiment,-0.008058397266753198,-0.020065005417118087,0.12271448663853723,-0.08961346305548246,-0.08810824876398643,-0.000594022647113418,1.666666666666667,3445.0
radar,radar__evaluation__instance__severe__a0,instance,severe,hddm_w,E1_fixed / confirmed_screened,E3_filter / confirmed_screened_filter_none,cross_experiment,0.0,0.0,0.0,0.0,0.0,0.0,0.0,0.0
radar,radar__evaluation__instance__severe__a0,instance,severe,hddm_w,E1_fixed / confirmed_screened,E3_filter / confirmed_screened_filter_oracle_blocks,cross_experiment,0.09343389302247929,0.20585048754062835,0.8136427566807314,-0.8198790428608993,-0.5381212594327348,-0.15036198255058475,8.333333333333334,102916.66666666667
radar,radar__evaluation__instance__severe__a0,instance,severe,hddm_w,E1_fixed / confirmed_screened,E3_filter / confirmed_screened_filter_oracle_rows,cross_experiment,0.04913514095213056,0.08645720476706387,0.8136427566807314,-0.09203260583749673,0.23939630497007547,0.027659179506218677,0.0,27916.66666666667
radar,radar__evaluation__instance__severe__a0,instance,severe,hddm_w,E1_fixed / confirmed_screened,E3_filter / confirmed_screened_filter_random_blocks,cross_experiment,0.09343389302247929,0.2058504875406284,0.8136427566807314,-0.8198790428608993,-0.5381212594327348,-0.15036198255058478,8.333333333333334,102916.66666666667
radar,radar__evaluation__instance__severe__a0,instance,severe,hddm_w,E1_fixed / confirmed_screened,E3_filter / confirmed_screened_filter_random_rows,cross_experiment,0.07860698291391996,0.09941495124593713,0.25773558368495086,-0.26423875887457277,0.2721311475409836,0.01429366994616671,0.0,18806.666666666686
radar,radar__evaluation__instance__severe__a0,instance,severe,hddm_w,E1_fixed / confirmed_screened,E3_filter / none_screened_filter_learned_features,cross_experiment,0.07528759468917243,0.09876489707475622,0.09071729957805907,-0.0932947672889824,0.25610200364298724,0.011806200111379242,8.333333333333334,20566.666666666686
radar,radar__evaluation__instance__severe__a0,instance,severe,hddm_w,E1_fixed / confirmed_screened,E3_filter / none_screened_filter_learned_features_label,cross_experiment,0.06928227885965074,0.10299024918743227,0.14767932489451485,-0.12995003944254535,0.10294041113713243,-0.000594022647113418,8.333333333333334,21308.333333333343
radar,radar__evaluation__instance__severe__a0,instance,severe,hddm_w,E1_fixed / confirmed_screened,E3_filter / none_screened_filter_none,cross_experiment,0.06950410309062305,0.10270855904658716,0.09388185654008441,-0.08979752826715753,0.24121779859484777,0.0,8.333333333333334,15833.333333333343
radar,radar__evaluation__instance__severe__a0,instance,severe,hddm_w,E1_fixed / confirmed_unscreened,E2_RL / RL_2state,cross_experiment,0.03434452580277314,0.10823401950162514,0.280239099859353,-0.26991848540625824,0.2518865469685142,-0.035641358826805275,8.333333333333334,15833.333333333343
radar,radar__evaluation__instance__severe__a0,instance,severe,hddm_w,E1_fixed / confirmed_unscreened,E2_RL / RL_4state,cross_experiment,0.03434452580277314,0.10823401950162514,0.280239099859353,-0.26991848540625824,0.2518865469685142,-0.035641358826805275,8.333333333333334,15833.333333333343
radar,radar__evaluation__instance__severe__a0,instance,severe,hddm_w,E1_fixed / confirmed_unscreened,E2_RL / confirmed_screened,cross_experiment,-0.03515957728784991,0.005525460455037989,0.18635724331926862,-0.1801209571391007,0.010668748373666437,-0.035641358826805275,0.0,0.0
radar,radar__evaluation__instance__severe__a0,instance,severe,hddm_w,E1_fixed / confirmed_unscreened,E2_RL / error_rule,cross_experiment,-0.03488140969492978,0.005308775731310944,0.4609704641350211,-0.4521430449645017,0.0067655477491543325,-0.035641358826805275,0.0,15833.333333333343
radar,radar__evaluation__instance__severe__a0,instance,severe,hddm_w,E1_fixed / confirmed_unscreened,E2_RL / none_screened,cross_experiment,0.03434452580277314,0.10823401950162514,0.280239099859353,-0.26991848540625824,0.2518865469685142,-0.035641358826805275,8.333333333333334,15833.333333333343
radar,radar__evaluation__instance__severe__a0,instance,severe,hddm_w,E1_fixed / confirmed_unscreened,E2_RL / selected_map,cross_experiment,0.034667195869818146,0.10823401950162514,0.4609704641350211,-0.4521430449645017,0.25344782721831904,-0.035641358826805275,8.333333333333334,15833.333333333343
radar,radar__evaluation__instance__severe__a0,instance,severe,hddm_w,E1_fixed / confirmed_unscreened,E3_filter / confirmed_screened_filter_learned_features,cross_experiment,0.017112941122814918,0.06344528710725894,0.29458509142053446,-0.28945569287404677,0.17538381472807707,-0.023835158715426033,1.666666666666667,-3304.9999999999854
radar,radar__evaluation__instance__severe__a0,instance,severe,hddm_w,E1_fixed / confirmed_unscreened,E3_filter / confirmed_screened_filter_learned_features_label,cross_experiment,-0.043217974554603106,-0.014539544962080098,0.30907172995780585,-0.26973442019458316,-0.07743950039031999,-0.03623538147391869,1.666666666666667,3445.0
radar,radar__evaluation__instance__severe__a0,instance,severe,hddm_w,E1_fixed / confirmed_unscreened,E3_filter / confirmed_screened_filter_none,cross_experiment,-0.03515957728784991,0.005525460455037989,0.18635724331926862,-0.1801209571391007,0.010668748373666437,-0.035641358826805275,0.0,0.0
radar,radar__evaluation__instance__severe__a0,instance,severe,hddm_w,E1_fixed / confirmed_unscreened,E3_filter / confirmed_screened_filter_oracle_blocks,cross_experiment,0.05827431573462938,0.21137594799566634,1.0,-1.0,-0.5274525110590684,-0.18600334137739002,8.333333333333334,102916.66666666667
radar,radar__evaluation__instance__severe__a0,instance,severe,hddm_w,E1_fixed / confirmed_unscreened,E3_filter / confirmed_screened_filter_oracle_rows,cross_experiment,0.013975563664280655,0.09198266522210186,1.0,-0.27215356297659743,0.2500650533437419,-0.007982179320586598,0.0,27916.66666666667
radar,radar__evaluation__instance__severe__a0,instance,severe,hddm_w,E1_fixed / confirmed_unscreened,E3_filter / confirmed_screened_filter_random_blocks,cross_experiment,0.05827431573462938,0.2113759479956664,1.0,-1.0,-0.5274525110590684,-0.18600334137739005,8.333333333333334,102916.66666666667
radar,radar__evaluation__instance__severe__a0,instance,severe,hddm_w,E1_fixed / confirmed_unscreened,E3_filter / confirmed_screened_filter_random_rows,cross_experiment,0.04344740562607005,0.10494041170097512,0.4440928270042195,-0.44435971601367347,0.28279989591465005,-0.021347688880638566,0.0,18806.666666666686
radar,radar__evaluation__instance__severe__a0,instance,severe,hddm_w,E1_fixed / confirmed_unscreened,E3_filter / none_screened_filter_learned_features,cross_experiment,0.04012801740132252,0.10429035752979421,0.2770745428973277,-0.2734157244280831,0.2667707520166537,-0.023835158715426033,8.333333333333334,20566.666666666686
radar,radar__evaluation__instance__severe__a0,instance,severe,hddm_w,E1_fixed / confirmed_unscreened,E3_filter / none_screened_filter_learned_features_label,cross_experiment,0.034122701571800834,0.10851570964247026,0.33403656821378347,-0.31007099658164605,0.11360915951079886,-0.03623538147391869,8.333333333333334,21308.333333333343
radar,radar__evaluation__instance__severe__a0,instance,severe,hddm_w,E1_fixed / confirmed_unscreened,E3_filter / none_screened_filter_none,cross_experiment,0.03434452580277314,0.10823401950162514,0.280239099859353,-0.26991848540625824,0.2518865469685142,-0.035641358826805275,8.333333333333334,15833.333333333343
radar,radar__evaluation__instance__severe__a0,instance,severe,hddm_w,E1_fixed / immediate_screened,E2_RL / RL_2state,cross_experiment,-0.036885646837614514,0.017443120260021705,-0.259845288326301,0.27754404417565076,-0.09159510798855061,-0.056246519398552075,8.333333333333334,0.0
radar,radar__evaluation__instance__severe__a0,instance,severe,hddm_w,E1_fixed / immediate_screened,E2_RL / RL_4state,cross_experiment,-0.036885646837614514,0.017443120260021705,-0.259845288326301,0.27754404417565076,-0.09159510798855061,-0.056246519398552075,8.333333333333334,0.0
radar,radar__evaluation__instance__severe__a0,instance,severe,hddm_w,E1_fixed / immediate_screened,E2_RL / confirmed_screened,cross_experiment,-0.10638974992823756,-0.08526543878656545,-0.3537271448663854,0.3673415724428083,-0.33281290658339835,-0.056246519398552075,0.0,-15833.333333333343
radar,radar__evaluation__instance__severe__a0,instance,severe,hddm_w,E1_fixed / immediate_screened,E2_RL / error_rule,cross_experiment,-0.10611158233531744,-0.0854821235102925,-0.07911392405063294,0.0953194846174073,-0.33671610720791045,-0.056246519398552075,0.0,0.0
radar,radar__evaluation__instance__severe__a0,instance,severe,hddm_w,E1_fixed / immediate_screened,E2_RL / none_screened,cross_experiment,-0.036885646837614514,0.017443120260021705,-0.259845288326301,0.27754404417565076,-0.09159510798855061,-0.056246519398552075,8.333333333333334,0.0
radar,radar__evaluation__instance__severe__a0,instance,severe,hddm_w,E1_fixed / immediate_screened,E2_RL / selected_map,cross_experiment,-0.03656297677056951,0.017443120260021705,-0.07911392405063294,0.0953194846174073,-0.09003382773874577,-0.056246519398552075,8.333333333333334,0.0
radar,radar__evaluation__instance__severe__a0,instance,severe,hddm_w,E1_fixed / immediate_screened,E3_filter / confirmed_screened_filter_learned_features,cross_experiment,-0.054117231517572736,-0.0273456121343445,-0.24549929676511956,0.25800683670786223,-0.16809784022898774,-0.04444031928717283,1.666666666666667,-19138.33333333333
radar,radar__evaluation__instance__severe__a0,instance,severe,hddm_w,E1_fixed / immediate_screened,E3_filter / confirmed_screened_filter_learned_features_label,cross_experiment,-0.11444814719499076,-0.10533044420368354,-0.23101265822784817,0.27772810938732584,-0.4209211553473848,-0.05684054204566549,1.666666666666667,-12388.333333333343
radar,radar__evaluation__instance__severe__a0,instance,severe,hddm_w,E1_fixed / immediate_screened,E3_filter / confirmed_screened_filter_none,cross_experiment,-0.10638974992823756,-0.08526543878656545,-0.3537271448663854,0.3673415724428083,-0.33281290658339835,-0.056246519398552075,0.0,-15833.333333333343
radar,radar__evaluation__instance__severe__a0,instance,severe,hddm_w,E1_fixed / immediate_screened,E3_filter / confirmed_screened_filter_oracle_blocks,cross_experiment,-0.012955856905758276,0.1205850487540629,0.459915611814346,-0.452537470418091,-0.8709341660161332,-0.20660850194913682,8.333333333333334,87083.33333333333
radar,radar__evaluation__instance__severe__a0,instance,severe,hddm_w,E1_fixed / immediate_screened,E3_filter / confirmed_screened_filter_oracle_rows,cross_experiment,-0.057254608976107,0.001191765980498416,0.459915611814346,0.27530896660531157,-0.09341660161332292,-0.028587339892333394,0.0,12083.333333333328
radar,radar__evaluation__instance__severe__a0,instance,severe,hddm_w,E1_fixed / immediate_screened,E3_filter / confirmed_screened_filter_random_blocks,cross_experiment,-0.012955856905758276,0.12058504875406295,0.459915611814346,-0.452537470418091,-0.8709341660161332,-0.20660850194913685,8.333333333333334,87083.33333333333
radar,radar__evaluation__instance__severe__a0,instance,severe,hddm_w,E1_fixed / immediate_screened,E3_filter / confirmed_screened_filter_random_rows,cross_experiment,-0.027782767014317603,0.014149512459371683,-0.09599156118143454,0.10310281356823553,-0.06068175904241478,-0.041952849452385366,0.0,2973.333333333343
radar,radar__evaluation__instance__severe__a0,instance,severe,hddm_w,E1_fixed / immediate_screened,E3_filter / none_screened_filter_learned_features,cross_experiment,-0.031102155239065135,0.013499458288190769,-0.2630098452883263,0.2740468051538259,-0.07671090294041115,-0.04444031928717283,8.333333333333334,4733.333333333343
radar,radar__evaluation__instance__severe__a0,instance,severe,hddm_w,E1_fixed / immediate_screened,E3_filter / none_screened_filter_learned_features_label,cross_experiment,-0.03710747106858682,0.01772481040086682,-0.20604781997187055,0.23739153300026294,-0.22987249544626595,-0.05684054204566549,8.333333333333334,5475.0
radar,radar__evaluation__instance__severe__a0,instance,severe,hddm_w,E1_fixed / immediate_screened,E3_filter / none_screened_filter_none,cross_experiment,-0.036885646837614514,0.017443120260021705,-0.259845288326301,0.27754404417565076,-0.09159510798855061,-0.056246519398552075,8.333333333333334,0.0
radar,radar__evaluation__instance__severe__a0,instance,severe,hddm_w,E1_fixed / immediate_unscreened,E2_RL / RL_2state,cross_experiment,0.028264457426064205,0.07432286023835322,0.280239099859353,-0.26991848540625824,0.18735362997658078,0.022647113421199183,50.0,0.0
radar,radar__evaluation__instance__severe__a0,instance,severe,hddm_w,E1_fixed / immediate_unscreened,E2_RL / RL_4state,cross_experiment,0.028264457426064205,0.07432286023835322,0.280239099859353,-0.26991848540625824,0.18735362997658078,0.022647113421199183,50.0,0.0
radar,radar__evaluation__instance__severe__a0,instance,severe,hddm_w,E1_fixed / immediate_unscreened,E2_RL / confirmed_screened,cross_experiment,-0.041239645664558844,-0.02838569880823394,0.18635724331926862,-0.1801209571391007,-0.05386416861826698,0.022647113421199183,41.666666666666664,-15833.333333333343
radar,radar__evaluation__instance__severe__a0,instance,severe,hddm_w,E1_fixed / immediate_unscreened,E2_RL / error_rule,cross_experiment,-0.04096147807163872,-0.028602383531960984,0.4609704641350211,-0.4521430449645017,-0.05776736924277909,0.022647113421199183,41.666666666666664,0.0
radar,radar__evaluation__instance__severe__a0,instance,severe,hddm_w,E1_fixed / immediate_unscreened,E2_RL / none_screened,cross_experiment,0.028264457426064205,0.07432286023835322,0.280239099859353,-0.26991848540625824,0.18735362997658078,0.022647113421199183,50.0,0.0
radar,radar__evaluation__instance__severe__a0,instance,severe,hddm_w,E1_fixed / immediate_unscreened,E2_RL / selected_map,cross_experiment,0.02858712749310921,0.07432286023835322,0.4609704641350211,-0.4521430449645017,0.18891491022638562,0.022647113421199183,50.0,0.0
radar,radar__evaluation__instance__severe__a0,instance,severe,hddm_w,E1_fixed / immediate_unscreened,E3_filter / confirmed_screened_filter_learned_features,cross_experiment,0.011032872746105982,0.029534127843987013,0.29458509142053446,-0.28945569287404677,0.11085089773614365,0.034453313532578425,43.333333333333336,-19138.33333333333
radar,radar__evaluation__instance__severe__a0,instance,severe,hddm_w,E1_fixed / immediate_unscreened,E3_filter / confirmed_screened_filter_learned_features_label,cross_experiment,-0.04929804293131204,-0.048450704225352026,0.30907172995780585,-0.26973442019458316,-0.1419724173822534,0.022053090774085765,43.333333333333336,-12388.333333333343
radar,radar__evaluation__instance__severe__a0,instance,severe,hddm_w,E1_fixed / immediate_unscreened,E3_filter / confirmed_screened_filter_none,cross_experiment,-0.041239645664558844,-0.02838569880823394,0.18635724331926862,-0.1801209571391007,-0.05386416861826698,0.022647113421199183,41.666666666666664,-15833.333333333343
radar,radar__evaluation__instance__severe__a0,instance,severe,hddm_w,E1_fixed / immediate_unscreened,E3_filter / confirmed_screened_filter_oracle_blocks,cross_experiment,0.05219424735792044,0.1774647887323944,1.0,-1.0,-0.5919854280510017,-0.12771486912938557,50.0,87083.33333333333
radar,radar__evaluation__instance__severe__a0,instance,severe,hddm_w,E1_fixed / immediate_unscreened,E3_filter / confirmed_screened_filter_oracle_rows,cross_experiment,0.007895495287571719,0.05807150595882993,1.0,-0.27215356297659743,0.18553213635180849,0.05030629292741786,41.666666666666664,12083.333333333328
radar,radar__evaluation__instance__severe__a0,instance,severe,hddm_w,E1_fixed / immediate_unscreened,E3_filter / confirmed_screened_filter_random_blocks,cross_experiment,0.05219424735792044,0.17746478873239446,1.0,-1.0,-0.5919854280510017,-0.1277148691293856,50.0,87083.33333333333
radar,radar__evaluation__instance__severe__a0,instance,severe,hddm_w,E1_fixed / immediate_unscreened,E3_filter / confirmed_screened_filter_random_rows,cross_experiment,0.037367337249361116,0.0710292524377032,0.4440928270042195,-0.44435971601367347,0.21826697892271663,0.03694078336736589,41.666666666666664,2973.333333333343
radar,radar__evaluation__instance__severe__a0,instance,severe,hddm_w,E1_fixed / immediate_unscreened,E3_filter / none_screened_filter_learned_features,cross_experiment,0.03404794902461358,0.07037919826652228,0.2770745428973277,-0.2734157244280831,0.20223783502472026,0.034453313532578425,50.0,4733.333333333343
radar,radar__evaluation__instance__severe__a0,instance,severe,hddm_w,E1_fixed / immediate_unscreened,E3_filter / none_screened_filter_learned_features_label,cross_experiment,0.0280426331950919,0.07460455037919833,0.33403656821378347,-0.31007099658164605,0.04907624251886544,0.022053090774085765,50.0,5475.0
radar,radar__evaluation__instance__severe__a0,instance,severe,hddm_w,E1_fixed / immediate_unscreened,E3_filter / none_screened_filter_none,cross_experiment,0.028264457426064205,0.07432286023835322,0.280239099859353,-0.26991848540625824,0.18735362997658078,0.022647113421199183,50.0,0.0
radar,radar__evaluation__instance__severe__a0,instance,severe,hddm_w,E1_fixed / none_screened,E2_RL / RL_2state,cross_experiment,0.0,0.0,0.0,0.0,0.0,0.0,0.0,0.0
radar,radar__evaluation__instance__severe__a0,instance,severe,hddm_w,E1_fixed / none_screened,E2_RL / RL_4state,cross_experiment,0.0,0.0,0.0,0.0,0.0,0.0,0.0,0.0
radar,radar__evaluation__instance__severe__a0,instance,severe,hddm_w,E1_fixed / none_screened,E2_RL / confirmed_screened,cross_experiment,-0.06950410309062305,-0.10270855904658716,-0.09388185654008441,0.08979752826715753,-0.24121779859484777,0.0,-8.333333333333334,-15833.333333333343
radar,radar__evaluation__instance__severe__a0,instance,severe,hddm_w,E1_fixed / none_screened,E2_RL / error_rule,cross_experiment,-0.06922593549770292,-0.1029252437703142,0.18073136427566805,-0.18222455955824346,-0.24512099921935987,0.0,-8.333333333333334,0.0
radar,radar__evaluation__instance__severe__a0,instance,severe,hddm_w,E1_fixed / none_screened,E2_RL / none_screened,cross_experiment,0.0,0.0,0.0,0.0,0.0,0.0,0.0,0.0
radar,radar__evaluation__instance__severe__a0,instance,severe,hddm_w,E1_fixed / none_screened,E2_RL / selected_map,cross_experiment,0.00032267006704500556,0.0,0.18073136427566805,-0.18222455955824346,0.0015612802498048417,0.0,0.0,0.0
radar,radar__evaluation__instance__severe__a0,instance,severe,hddm_w,E1_fixed / none_screened,E3_filter / confirmed_screened_filter_learned_features,cross_experiment,-0.017231584679958223,-0.044788732394366204,0.014345991561181437,-0.01953720746778853,-0.07650273224043713,0.011806200111379242,-6.666666666666667,-19138.33333333333
radar,radar__evaluation__instance__severe__a0,instance,severe,hddm_w,E1_fixed / none_screened,E3_filter / confirmed_screened_filter_learned_features_label,cross_experiment,-0.07756250035737625,-0.12277356446370524,0.028832630098452827,0.0001840652116750774,-0.3293260473588342,-0.000594022647113418,-6.666666666666667,-12388.333333333343
radar,radar__evaluation__instance__severe__a0,instance,severe,hddm_w,E1_fixed / none_screened,E3_filter / confirmed_screened_filter_none,cross_experiment,-0.06950410309062305,-0.10270855904658716,-0.09388185654008441,0.08979752826715753,-0.24121779859484777,0.0,-8.333333333333334,-15833.333333333343
radar,radar__evaluation__instance__severe__a0,instance,severe,hddm_w,E1_fixed / none_screened,E3_filter / confirmed_screened_filter_oracle_blocks,cross_experiment,0.023929789931856238,0.10314192849404119,0.719760900140647,-0.7300815145937418,-0.7793390580275825,-0.15036198255058475,0.0,87083.33333333333
radar,radar__evaluation__instance__severe__a0,instance,severe,hddm_w,E1_fixed / none_screened,E3_filter / confirmed_screened_filter_oracle_rows,cross_experiment,-0.020368962138492486,-0.01625135427952329,0.719760900140647,-0.0022350775703391945,-0.0018214936247723107,0.027659179506218677,-8.333333333333334,12083.333333333328
radar,radar__evaluation__instance__severe__a0,instance,severe,hddm_w,E1_fixed / none_screened,E3_filter / confirmed_screened_filter_random_blocks,cross_experiment,0.023929789931856238,0.10314192849404125,0.719760900140647,-0.7300815145937418,-0.7793390580275825,-0.15036198255058478,0.0,87083.33333333333
radar,radar__evaluation__instance__severe__a0,instance,severe,hddm_w,E1_fixed / none_screened,E3_filter / confirmed_screened_filter_random_rows,cross_experiment,0.009102879823296911,-0.0032936078006500225,0.16385372714486646,-0.17444123060741523,0.03091334894613583,0.01429366994616671,-8.333333333333334,2973.333333333343
radar,radar__evaluation__instance__severe__a0,instance,severe,hddm_w,E1_fixed / none_screened,E3_filter / none_screened_filter_learned_features,cross_experiment,0.0057834915985493784,-0.003943661971830936,-0.0031645569620253333,-0.0034972390218248606,0.014884205048139462,0.011806200111379242,0.0,4733.333333333343
radar,radar__evaluation__instance__severe__a0,instance,severe,hddm_w,E1_fixed / none_screened,E3_filter / none_screened_filter_learned_features_label,cross_experiment,-0.0002218242309723062,0.00028169014084511446,0.053797468354430444,-0.04015251117538782,-0.13827738745771534,-0.000594022647113418,0.0,5475.0
radar,radar__evaluation__instance__severe__a0,instance,severe,hddm_w,E1_fixed / none_screened,E3_filter / none_screened_filter_none,cross_experiment,0.0,0.0,0.0,0.0,0.0,0.0,0.0,0.0
radar,radar__evaluation__instance__severe__a0,instance,severe,hddm_w,E1_fixed / none_unscreened,E2_RL / RL_2state,cross_experiment,0.07979517523702398,0.209750812567714,0.280239099859353,-0.26991848540625824,0.5107988550611502,-0.035641358826805275,0.0,0.0
radar,radar__evaluation__instance__severe__a0,instance,severe,hddm_w,E1_fixed / none_unscreened,E2_RL / RL_4state,cross_experiment,0.07979517523702398,0.209750812567714,0.280239099859353,-0.26991848540625824,0.5107988550611502,-0.035641358826805275,0.0,0.0
radar,radar__evaluation__instance__severe__a0,instance,severe,hddm_w,E1_fixed / none_unscreened,E2_RL / confirmed_screened,cross_experiment,0.010291072146400931,0.10704225352112684,0.18635724331926862,-0.1801209571391007,0.26958105646630237,-0.035641358826805275,-8.333333333333334,-15833.333333333343
radar,radar__evaluation__instance__severe__a0,instance,severe,hddm_w,E1_fixed / none_unscreened,E2_RL / error_rule,cross_experiment,0.010569239739321057,0.1068255687973998,0.4609704641350211,-0.4521430449645017,0.26567785584179027,-0.035641358826805275,-8.333333333333334,0.0
radar,radar__evaluation__instance__severe__a0,instance,severe,hddm_w,E1_fixed / none_unscreened,E2_RL / none_screened,cross_experiment,0.07979517523702398,0.209750812567714,0.280239099859353,-0.26991848540625824,0.5107988550611502,-0.035641358826805275,0.0,0.0
radar,radar__evaluation__instance__severe__a0,instance,severe,hddm_w,E1_fixed / none_unscreened,E2_RL / selected_map,cross_experiment,0.08011784530406899,0.209750812567714,0.4609704641350211,-0.4521430449645017,0.512360135310955,-0.035641358826805275,0.0,0.0
radar,radar__evaluation__instance__severe__a0,instance,severe,hddm_w,E1_fixed / none_unscreened,E3_filter / confirmed_screened_filter_learned_features,cross_experiment,0.06256359055706576,0.1649620801733478,0.29458509142053446,-0.28945569287404677,0.434296122820713,-0.023835158715426033,-6.666666666666667,-19138.33333333333
radar,radar__evaluation__instance__severe__a0,instance,severe,hddm_w,E1_fixed / none_unscreened,E3_filter / confirmed_screened_filter_learned_features_label,cross_experiment,0.0022326748796477336,0.08697724810400875,0.30907172995780585,-0.26973442019458316,0.18147280770231594,-0.03623538147391869,-6.666666666666667,-12388.333333333343
radar,radar__evaluation__instance__severe__a0,instance,severe,hddm_w,E1_fixed / none_unscreened,E3_filter / confirmed_screened_filter_none,cross_experiment,0.010291072146400931,0.10704225352112684,0.18635724331926862,-0.1801209571391007,0.26958105646630237,-0.035641358826805275,-8.333333333333334,-15833.333333333343
radar,radar__evaluation__instance__severe__a0,instance,severe,hddm_w,E1_fixed / none_unscreened,E3_filter / confirmed_screened_filter_oracle_blocks,cross_experiment,0.10372496516888022,0.3128927410617552,1.0,-1.0,-0.26854020296643244,-0.18600334137739002,0.0,87083.33333333333
radar,radar__evaluation__instance__severe__a0,instance,severe,hddm_w,E1_fixed / none_unscreened,E3_filter / confirmed_screened_filter_oracle_rows,cross_experiment,0.059426213098531494,0.1934994582881907,1.0,-0.27215356297659743,0.5089773614363778,-0.007982179320586598,-8.333333333333334,12083.333333333328
radar,radar__evaluation__instance__severe__a0,instance,severe,hddm_w,E1_fixed / none_unscreened,E3_filter / confirmed_screened_filter_random_blocks,cross_experiment,0.10372496516888022,0.31289274106175524,1.0,-1.0,-0.26854020296643244,-0.18600334137739005,0.0,87083.33333333333
radar,radar__evaluation__instance__severe__a0,instance,severe,hddm_w,E1_fixed / none_unscreened,E3_filter / confirmed_screened_filter_random_rows,cross_experiment,0.08889805506032089,0.20645720476706397,0.4440928270042195,-0.44435971601367347,0.5417122040072859,-0.021347688880638566,-8.333333333333334,2973.333333333343
radar,radar__evaluation__instance__severe__a0,instance,severe,hddm_w,E1_fixed / none_unscreened,E3_filter / none_screened_filter_learned_features,cross_experiment,0.08557866683557336,0.20580715059588306,0.2770745428973277,-0.2734157244280831,0.5256830601092896,-0.023835158715426033,0.0,4733.333333333343
radar,radar__evaluation__instance__severe__a0,instance,severe,hddm_w,E1_fixed / none_unscreened,E3_filter / none_screened_filter_learned_features_label,cross_experiment,0.07957335100605167,0.2100325027085591,0.33403656821378347,-0.31007099658164605,0.3725214676034348,-0.03623538147391869,0.0,5475.0
radar,radar__evaluation__instance__severe__a0,instance,severe,hddm_w,E1_fixed / none_unscreened,E3_filter / none_screened_filter_none,cross_experiment,0.07979517523702398,0.209750812567714,0.280239099859353,-0.26991848540625824,0.5107988550611502,-0.035641358826805275,0.0,0.0
radar,radar__evaluation__instance__severe__a0,instance,severe,hddm_w,E2_RL / RL_2state,E3_filter / confirmed_screened_filter_learned_features,cross_experiment,-0.017231584679958223,-0.044788732394366204,0.014345991561181437,-0.01953720746778853,-0.07650273224043713,0.011806200111379242,-6.666666666666667,-19138.33333333333
radar,radar__evaluation__instance__severe__a0,instance,severe,hddm_w,E2_RL / RL_2state,E3_filter / confirmed_screened_filter_learned_features_label,cross_experiment,-0.07756250035737625,-0.12277356446370524,0.028832630098452827,0.0001840652116750774,-0.3293260473588342,-0.000594022647113418,-6.666666666666667,-12388.333333333343
radar,radar__evaluation__instance__severe__a0,instance,severe,hddm_w,E2_RL / RL_2state,E3_filter / confirmed_screened_filter_none,cross_experiment,-0.06950410309062305,-0.10270855904658716,-0.09388185654008441,0.08979752826715753,-0.24121779859484777,0.0,-8.333333333333334,-15833.333333333343
radar,radar__evaluation__instance__severe__a0,instance,severe,hddm_w,E2_RL / RL_2state,E3_filter / confirmed_screened_filter_oracle_blocks,cross_experiment,0.023929789931856238,0.10314192849404119,0.719760900140647,-0.7300815145937418,-0.7793390580275825,-0.15036198255058475,0.0,87083.33333333333
radar,radar__evaluation__instance__severe__a0,instance,severe,hddm_w,E2_RL / RL_2state,E3_filter / confirmed_screened_filter_oracle_rows,cross_experiment,-0.020368962138492486,-0.01625135427952329,0.719760900140647,-0.0022350775703391945,-0.0018214936247723107,0.027659179506218677,-8.333333333333334,12083.333333333328
radar,radar__evaluation__instance__severe__a0,instance,severe,hddm_w,E2_RL / RL_2state,E3_filter / confirmed_screened_filter_random_blocks,cross_experiment,0.023929789931856238,0.10314192849404125,0.719760900140647,-0.7300815145937418,-0.7793390580275825,-0.15036198255058478,0.0,87083.33333333333
radar,radar__evaluation__instance__severe__a0,instance,severe,hddm_w,E2_RL / RL_2state,E3_filter / confirmed_screened_filter_random_rows,cross_experiment,0.009102879823296911,-0.0032936078006500225,0.16385372714486646,-0.17444123060741523,0.03091334894613583,0.01429366994616671,-8.333333333333334,2973.333333333343
radar,radar__evaluation__instance__severe__a0,instance,severe,hddm_w,E2_RL / RL_2state,E3_filter / none_screened_filter_learned_features,cross_experiment,0.0057834915985493784,-0.003943661971830936,-0.0031645569620253333,-0.0034972390218248606,0.014884205048139462,0.011806200111379242,0.0,4733.333333333343
radar,radar__evaluation__instance__severe__a0,instance,severe,hddm_w,E2_RL / RL_2state,E3_filter / none_screened_filter_learned_features_label,cross_experiment,-0.0002218242309723062,0.00028169014084511446,0.053797468354430444,-0.04015251117538782,-0.13827738745771534,-0.000594022647113418,0.0,5475.0
radar,radar__evaluation__instance__severe__a0,instance,severe,hddm_w,E2_RL / RL_2state,E3_filter / none_screened_filter_none,cross_experiment,0.0,0.0,0.0,0.0,0.0,0.0,0.0,0.0
radar,radar__evaluation__instance__severe__a0,instance,severe,hddm_w,E2_RL / RL_4state,E3_filter / confirmed_screened_filter_learned_features,cross_experiment,-0.017231584679958223,-0.044788732394366204,0.014345991561181437,-0.01953720746778853,-0.07650273224043713,0.011806200111379242,-6.666666666666667,-19138.33333333333
radar,radar__evaluation__instance__severe__a0,instance,severe,hddm_w,E2_RL / RL_4state,E3_filter / confirmed_screened_filter_learned_features_label,cross_experiment,-0.07756250035737625,-0.12277356446370524,0.028832630098452827,0.0001840652116750774,-0.3293260473588342,-0.000594022647113418,-6.666666666666667,-12388.333333333343
radar,radar__evaluation__instance__severe__a0,instance,severe,hddm_w,E2_RL / RL_4state,E3_filter / confirmed_screened_filter_none,cross_experiment,-0.06950410309062305,-0.10270855904658716,-0.09388185654008441,0.08979752826715753,-0.24121779859484777,0.0,-8.333333333333334,-15833.333333333343
radar,radar__evaluation__instance__severe__a0,instance,severe,hddm_w,E2_RL / RL_4state,E3_filter / confirmed_screened_filter_oracle_blocks,cross_experiment,0.023929789931856238,0.10314192849404119,0.719760900140647,-0.7300815145937418,-0.7793390580275825,-0.15036198255058475,0.0,87083.33333333333
radar,radar__evaluation__instance__severe__a0,instance,severe,hddm_w,E2_RL / RL_4state,E3_filter / confirmed_screened_filter_oracle_rows,cross_experiment,-0.020368962138492486,-0.01625135427952329,0.719760900140647,-0.0022350775703391945,-0.0018214936247723107,0.027659179506218677,-8.333333333333334,12083.333333333328
radar,radar__evaluation__instance__severe__a0,instance,severe,hddm_w,E2_RL / RL_4state,E3_filter / confirmed_screened_filter_random_blocks,cross_experiment,0.023929789931856238,0.10314192849404125,0.719760900140647,-0.7300815145937418,-0.7793390580275825,-0.15036198255058478,0.0,87083.33333333333
radar,radar__evaluation__instance__severe__a0,instance,severe,hddm_w,E2_RL / RL_4state,E3_filter / confirmed_screened_filter_random_rows,cross_experiment,0.009102879823296911,-0.0032936078006500225,0.16385372714486646,-0.17444123060741523,0.03091334894613583,0.01429366994616671,-8.333333333333334,2973.333333333343
radar,radar__evaluation__instance__severe__a0,instance,severe,hddm_w,E2_RL / RL_4state,E3_filter / none_screened_filter_learned_features,cross_experiment,0.0057834915985493784,-0.003943661971830936,-0.0031645569620253333,-0.0034972390218248606,0.014884205048139462,0.011806200111379242,0.0,4733.333333333343
radar,radar__evaluation__instance__severe__a0,instance,severe,hddm_w,E2_RL / RL_4state,E3_filter / none_screened_filter_learned_features_label,cross_experiment,-0.0002218242309723062,0.00028169014084511446,0.053797468354430444,-0.04015251117538782,-0.13827738745771534,-0.000594022647113418,0.0,5475.0
radar,radar__evaluation__instance__severe__a0,instance,severe,hddm_w,E2_RL / RL_4state,E3_filter / none_screened_filter_none,cross_experiment,0.0,0.0,0.0,0.0,0.0,0.0,0.0,0.0
radar,radar__evaluation__instance__severe__a0,instance,severe,hddm_w,E2_RL / confirmed_screened,E3_filter / confirmed_screened_filter_learned_features,cross_experiment,0.052272518410664826,0.05791982665222095,0.10822784810126584,-0.10933473573494606,0.16471506635441063,0.011806200111379242,1.666666666666667,-3304.9999999999854
radar,radar__evaluation__instance__severe__a0,instance,severe,hddm_w,E2_RL / confirmed_screened,E3_filter / confirmed_screened_filter_learned_features_label,cross_experiment,-0.008058397266753198,-0.020065005417118087,0.12271448663853723,-0.08961346305548246,-0.08810824876398643,-0.000594022647113418,1.666666666666667,3445.0
radar,radar__evaluation__instance__severe__a0,instance,severe,hddm_w,E2_RL / confirmed_screened,E3_filter / confirmed_screened_filter_none,cross_experiment,0.0,0.0,0.0,0.0,0.0,0.0,0.0,0.0
radar,radar__evaluation__instance__severe__a0,instance,severe,hddm_w,E2_RL / confirmed_screened,E3_filter / confirmed_screened_filter_oracle_blocks,cross_experiment,0.09343389302247929,0.20585048754062835,0.8136427566807314,-0.8198790428608993,-0.5381212594327348,-0.15036198255058475,8.333333333333334,102916.66666666667
radar,radar__evaluation__instance__severe__a0,instance,severe,hddm_w,E2_RL / confirmed_screened,E3_filter / confirmed_screened_filter_oracle_rows,cross_experiment,0.04913514095213056,0.08645720476706387,0.8136427566807314,-0.09203260583749673,0.23939630497007547,0.027659179506218677,0.0,27916.66666666667
radar,radar__evaluation__instance__severe__a0,instance,severe,hddm_w,E2_RL / confirmed_screened,E3_filter / confirmed_screened_filter_random_blocks,cross_experiment,0.09343389302247929,0.2058504875406284,0.8136427566807314,-0.8198790428608993,-0.5381212594327348,-0.15036198255058478,8.333333333333334,102916.66666666667
radar,radar__evaluation__instance__severe__a0,instance,severe,hddm_w,E2_RL / confirmed_screened,E3_filter / confirmed_screened_filter_random_rows,cross_experiment,0.07860698291391996,0.09941495124593713,0.25773558368495086,-0.26423875887457277,0.2721311475409836,0.01429366994616671,0.0,18806.666666666686
radar,radar__evaluation__instance__severe__a0,instance,severe,hddm_w,E2_RL / confirmed_screened,E3_filter / none_screened_filter_learned_features,cross_experiment,0.07528759468917243,0.09876489707475622,0.09071729957805907,-0.0932947672889824,0.25610200364298724,0.011806200111379242,8.333333333333334,20566.666666666686
radar,radar__evaluation__instance__severe__a0,instance,severe,hddm_w,E2_RL / confirmed_screened,E3_filter / none_screened_filter_learned_features_label,cross_experiment,0.06928227885965074,0.10299024918743227,0.14767932489451485,-0.12995003944254535,0.10294041113713243,-0.000594022647113418,8.333333333333334,21308.333333333343
radar,radar__evaluation__instance__severe__a0,instance,severe,hddm_w,E2_RL / confirmed_screened,E3_filter / none_screened_filter_none,cross_experiment,0.06950410309062305,0.10270855904658716,0.09388185654008441,-0.08979752826715753,0.24121779859484777,0.0,8.333333333333334,15833.333333333343
radar,radar__evaluation__instance__severe__a0,instance,severe,hddm_w,E2_RL / error_rule,E3_filter / confirmed_screened_filter_learned_features,cross_experiment,0.0519943508177447,0.058136511375948,-0.1663853727144866,0.16268735209045493,0.16861826697892274,0.011806200111379242,1.666666666666667,-19138.33333333333
radar,radar__evaluation__instance__severe__a0,instance,severe,hddm_w,E2_RL / error_rule,E3_filter / confirmed_screened_filter_learned_features_label,cross_experiment,-0.008336564859673323,-0.01984832069339104,-0.15189873417721522,0.18240862476991854,-0.08420504813947433,-0.000594022647113418,1.666666666666667,-12388.333333333343
radar,radar__evaluation__instance__severe__a0,instance,severe,hddm_w,E2_RL / error_rule,E3_filter / confirmed_screened_filter_none,cross_experiment,-0.0002781675929201255,0.00021668472372704528,-0.27461322081575246,0.272022087825401,0.0039032006245121043,0.0,0.0,-15833.333333333343
radar,radar__evaluation__instance__severe__a0,instance,severe,hddm_w,E2_RL / error_rule,E3_filter / confirmed_screened_filter_oracle_blocks,cross_experiment,0.09315572542955916,0.2060671722643554,0.5390295358649789,-0.5478569550354984,-0.5342180588082227,-0.15036198255058475,8.333333333333334,87083.33333333333
radar,radar__evaluation__instance__severe__a0,instance,severe,hddm_w,E2_RL / error_rule,E3_filter / confirmed_screened_filter_oracle_rows,cross_experiment,0.04885697335921044,0.08667388949079091,0.5390295358649789,0.17998948198790427,0.24329950559458757,0.027659179506218677,0.0,12083.333333333328
radar,radar__evaluation__instance__severe__a0,instance,severe,hddm_w,E2_RL / error_rule,E3_filter / confirmed_screened_filter_random_blocks,cross_experiment,0.09315572542955916,0.20606717226435545,0.5390295358649789,-0.5478569550354984,-0.5342180588082227,-0.15036198255058478,8.333333333333334,87083.33333333333
radar,radar__evaluation__instance__severe__a0,instance,severe,hddm_w,E2_RL / error_rule,E3_filter / confirmed_screened_filter_random_rows,cross_experiment,0.07832881532099983,0.09963163596966418,-0.016877637130801593,0.007783328950828228,0.2760343481654957,0.01429366994616671,0.0,2973.333333333343
radar,radar__evaluation__instance__severe__a0,instance,severe,hddm_w,E2_RL / error_rule,E3_filter / none_screened_filter_learned_features,cross_experiment,0.0750094270962523,0.09898158179848326,-0.18389592123769338,0.1787273205364186,0.26000520426749935,0.011806200111379242,8.333333333333334,4733.333333333343
radar,radar__evaluation__instance__severe__a0,instance,severe,hddm_w,E2_RL / error_rule,E3_filter / none_screened_filter_learned_features_label,cross_experiment,0.06900411126673062,0.10320693391115932,-0.1269338959212376,0.14207204838285564,0.10684361176164453,-0.000594022647113418,8.333333333333334,5475.0
radar,radar__evaluation__instance__severe__a0,instance,severe,hddm_w,E2_RL / error_rule,E3_filter / none_screened_filter_none,cross_experiment,0.06922593549770292,0.1029252437703142,-0.18073136427566805,0.18222455955824346,0.24512099921935987,0.0,8.333333333333334,0.0
radar,radar__evaluation__instance__severe__a0,instance,severe,hddm_w,E2_RL / none_screened,E3_filter / confirmed_screened_filter_learned_features,cross_experiment,-0.017231584679958223,-0.044788732394366204,0.014345991561181437,-0.01953720746778853,-0.07650273224043713,0.011806200111379242,-6.666666666666667,-19138.33333333333
radar,radar__evaluation__instance__severe__a0,instance,severe,hddm_w,E2_RL / none_screened,E3_filter / confirmed_screened_filter_learned_features_label,cross_experiment,-0.07756250035737625,-0.12277356446370524,0.028832630098452827,0.0001840652116750774,-0.3293260473588342,-0.000594022647113418,-6.666666666666667,-12388.333333333343
radar,radar__evaluation__instance__severe__a0,instance,severe,hddm_w,E2_RL / none_screened,E3_filter / confirmed_screened_filter_none,cross_experiment,-0.06950410309062305,-0.10270855904658716,-0.09388185654008441,0.08979752826715753,-0.24121779859484777,0.0,-8.333333333333334,-15833.333333333343
radar,radar__evaluation__instance__severe__a0,instance,severe,hddm_w,E2_RL / none_screened,E3_filter / confirmed_screened_filter_oracle_blocks,cross_experiment,0.023929789931856238,0.10314192849404119,0.719760900140647,-0.7300815145937418,-0.7793390580275825,-0.15036198255058475,0.0,87083.33333333333
radar,radar__evaluation__instance__severe__a0,instance,severe,hddm_w,E2_RL / none_screened,E3_filter / confirmed_screened_filter_oracle_rows,cross_experiment,-0.020368962138492486,-0.01625135427952329,0.719760900140647,-0.0022350775703391945,-0.0018214936247723107,0.027659179506218677,-8.333333333333334,12083.333333333328
radar,radar__evaluation__instance__severe__a0,instance,severe,hddm_w,E2_RL / none_screened,E3_filter / confirmed_screened_filter_random_blocks,cross_experiment,0.023929789931856238,0.10314192849404125,0.719760900140647,-0.7300815145937418,-0.7793390580275825,-0.15036198255058478,0.0,87083.33333333333
radar,radar__evaluation__instance__severe__a0,instance,severe,hddm_w,E2_RL / none_screened,E3_filter / confirmed_screened_filter_random_rows,cross_experiment,0.009102879823296911,-0.0032936078006500225,0.16385372714486646,-0.17444123060741523,0.03091334894613583,0.01429366994616671,-8.333333333333334,2973.333333333343
radar,radar__evaluation__instance__severe__a0,instance,severe,hddm_w,E2_RL / none_screened,E3_filter / none_screened_filter_learned_features,cross_experiment,0.0057834915985493784,-0.003943661971830936,-0.0031645569620253333,-0.0034972390218248606,0.014884205048139462,0.011806200111379242,0.0,4733.333333333343
radar,radar__evaluation__instance__severe__a0,instance,severe,hddm_w,E2_RL / none_screened,E3_filter / none_screened_filter_learned_features_label,cross_experiment,-0.0002218242309723062,0.00028169014084511446,0.053797468354430444,-0.04015251117538782,-0.13827738745771534,-0.000594022647113418,0.0,5475.0
radar,radar__evaluation__instance__severe__a0,instance,severe,hddm_w,E2_RL / none_screened,E3_filter / none_screened_filter_none,cross_experiment,0.0,0.0,0.0,0.0,0.0,0.0,0.0,0.0
radar,radar__evaluation__instance__severe__a0,instance,severe,hddm_w,E2_RL / selected_map,E3_filter / confirmed_screened_filter_learned_features,cross_experiment,-0.01755425474700323,-0.044788732394366204,-0.1663853727144866,0.16268735209045493,-0.07806401249024197,0.011806200111379242,-6.666666666666667,-19138.33333333333
radar,radar__evaluation__instance__severe__a0,instance,severe,hddm_w,E2_RL / selected_map,E3_filter / confirmed_screened_filter_learned_features_label,cross_experiment,-0.07788517042442125,-0.12277356446370524,-0.15189873417721522,0.18240862476991854,-0.33088732760863904,-0.000594022647113418,-6.666666666666667,-12388.333333333343
radar,radar__evaluation__instance__severe__a0,instance,severe,hddm_w,E2_RL / selected_map,E3_filter / confirmed_screened_filter_none,cross_experiment,-0.06982677315766805,-0.10270855904658716,-0.27461322081575246,0.272022087825401,-0.2427790788446526,0.0,-8.333333333333334,-15833.333333333343
radar,radar__evaluation__instance__severe__a0,instance,severe,hddm_w,E2_RL / selected_map,E3_filter / confirmed_screened_filter_oracle_blocks,cross_experiment,0.023607119864811232,0.10314192849404119,0.5390295358649789,-0.5478569550354984,-0.7809003382773874,-0.15036198255058475,0.0,87083.33333333333
radar,radar__evaluation__instance__severe__a0,instance,severe,hddm_w,E2_RL / selected_map,E3_filter / confirmed_screened_filter_oracle_rows,cross_experiment,-0.02069163220553749,-0.01625135427952329,0.5390295358649789,0.17998948198790427,-0.0033827738745771524,0.027659179506218677,-8.333333333333334,12083.333333333328
radar,radar__evaluation__instance__severe__a0,instance,severe,hddm_w,E2_RL / selected_map,E3_filter / confirmed_screened_filter_random_blocks,cross_experiment,0.023607119864811232,0.10314192849404125,0.5390295358649789,-0.5478569550354984,-0.7809003382773874,-0.15036198255058478,0.0,87083.33333333333
radar,radar__evaluation__instance__severe__a0,instance,severe,hddm_w,E2_RL / selected_map,E3_filter / confirmed_screened_filter_random_rows,cross_experiment,0.008780209756251905,-0.0032936078006500225,-0.016877637130801593,0.007783328950828228,0.029352068696330988,0.01429366994616671,-8.333333333333334,2973.333333333343
radar,radar__evaluation__instance__severe__a0,instance,severe,hddm_w,E2_RL / selected_map,E3_filter / none_screened_filter_learned_features,cross_experiment,0.005460821531504373,-0.003943661971830936,-0.18389592123769338,0.1787273205364186,0.01332292479833462,0.011806200111379242,0.0,4733.333333333343
radar,radar__evaluation__instance__severe__a0,instance,severe,hddm_w,E2_RL / selected_map,E3_filter / none_screened_filter_learned_features_label,cross_experiment,-0.0005444942980173118,0.00028169014084511446,-0.1269338959212376,0.14207204838285564,-0.13983866770752018,-0.000594022647113418,0.0,5475.0
radar,radar__evaluation__instance__severe__a0,instance,severe,hddm_w,E2_RL / selected_map,E3_filter / none_screened_filter_none,cross_experiment,-0.00032267006704500556,0.0,-0.18073136427566805,0.18222455955824346,-0.0015612802498048417,0.0,0.0,0.0
radar,radar__evaluation__instance__severe__a0,instance,severe,hellinger,E1_fixed / confirmed_screened,E2_RL / RL_2state,cross_experiment,0.0,0.0,0.0,0.0,0.0,0.0,8.333333333333334,15833.333333333343
radar,radar__evaluation__instance__severe__a0,instance,severe,hellinger,E1_fixed / confirmed_screened,E2_RL / RL_4state,cross_experiment,0.0,0.0,0.0,0.0,0.0,0.0,8.333333333333334,15833.333333333343
radar,radar__evaluation__instance__severe__a0,instance,severe,hellinger,E1_fixed / confirmed_screened,E2_RL / confirmed_screened,cross_experiment,0.0,0.0,0.0,0.0,0.0,0.0,0.0,0.0
radar,radar__evaluation__instance__severe__a0,instance,severe,hellinger,E1_fixed / confirmed_screened,E2_RL / error_rule,cross_experiment,-0.06922593549770292,-0.1029252437703142,0.18073136427566805,-0.18222455955824346,-0.24512099921935987,0.0,0.0,15833.333333333343
radar,radar__evaluation__instance__severe__a0,instance,severe,hellinger,E1_fixed / confirmed_screened,E2_RL / none_screened,cross_experiment,0.0,0.0,0.0,0.0,0.0,0.0,8.333333333333334,15833.333333333343
radar,radar__evaluation__instance__severe__a0,instance,severe,hellinger,E1_fixed / confirmed_screened,E2_RL / selected_map,cross_experiment,0.0,0.0,0.08790436005625879,-0.09203260583749667,0.0,0.0,8.333333333333334,15833.333333333343
radar,radar__evaluation__instance__severe__a0,instance,severe,hellinger,E1_fixed / confirmed_screened,E3_filter / confirmed_screened_filter_learned_features,cross_experiment,0.0057834915985493784,-0.003943661971830936,-0.03727144866385379,0.032553247436234584,0.014884205048139462,0.011806200111379242,0.0,4945.000000000015
radar,radar__evaluation__instance__severe__a0,instance,severe,hellinger,E1_fixed / confirmed_screened,E3_filter / confirmed_screened_filter_learned_features_label,cross_experiment,-0.0002218242309723062,0.00028169014084511446,0.05210970464135023,-0.021745990007888516,-0.13827738745771534,-0.000594022647113418,0.0,6338.333333333343
radar,radar__evaluation__instance__severe__a0,instance,severe,hellinger,E1_fixed / confirmed_screened,E3_filter / confirmed_screened_filter_none,cross_experiment,0.0,0.0,0.0,0.0,0.0,0.0,0.0,0.0
radar,radar__evaluation__instance__severe__a0,instance,severe,hellinger,E1_fixed / confirmed_screened,E3_filter / confirmed_screened_filter_oracle_blocks,cross_experiment,0.023929789931856238,0.10314192849404119,0.719760900140647,-0.7300815145937418,-0.7793390580275825,-0.15036198255058475,8.333333333333334,102916.66666666667
radar,radar__evaluation__instance__severe__a0,instance,severe,hellinger,E1_fixed / confirmed_screened,E3_filter / confirmed_screened_filter_oracle_rows,cross_experiment,-0.130855452588163,-0.2204767063921993,0.719760900140647,-0.09019195372074679,-0.505854800936768,0.027659179506218677,8.333333333333334,39533.33333333334
radar,radar__evaluation__instance__severe__a0,instance,severe,hellinger,E1_fixed / confirmed_screened,E3_filter / confirmed_screened_filter_random_blocks,cross_experiment,0.023929789931856238,0.10314192849404125,0.719760900140647,-0.7300815145937418,-0.7793390580275825,-0.15036198255058478,8.333333333333334,102916.66666666667
radar,radar__evaluation__instance__severe__a0,instance,severe,hellinger,E1_fixed / confirmed_screened,E3_filter / confirmed_screened_filter_random_rows,cross_experiment,0.009046226822589626,-0.003315276273022638,0.13720112517580874,-0.14769918485406253,0.029716367421285445,0.01429366994616671,0.0,28060.000000000015
radar,radar__evaluation__instance__severe__a0,instance,severe,hellinger,E1_fixed / confirmed_screened,E3_filter / none_screened_filter_learned_features,cross_experiment,0.0057834915985493784,-0.003943661971830936,-0.0031645569620253333,-0.0034972390218248606,0.014884205048139462,0.011806200111379242,8.333333333333334,20566.666666666686
radar,radar__evaluation__instance__severe__a0,instance,severe,hellinger,E1_fixed / confirmed_screened,E3_filter / none_screened_filter_learned_features_label,cross_experiment,-0.0002218242309723062,0.00028169014084511446,0.053797468354430444,-0.04015251117538782,-0.13827738745771534,-0.000594022647113418,8.333333333333334,21308.333333333343
radar,radar__evaluation__instance__severe__a0,instance,severe,hellinger,E1_fixed / confirmed_screened,E3_filter / none_screened_filter_none,cross_experiment,0.0,0.0,0.0,0.0,0.0,0.0,8.333333333333334,15833.333333333343
radar,radar__evaluation__instance__severe__a0,instance,severe,hellinger,E1_fixed / confirmed_unscreened,E2_RL / RL_2state,cross_experiment,0.07979517523702398,0.209750812567714,0.280239099859353,-0.26991848540625824,0.5107988550611502,-0.035641358826805275,0.0,0.0
radar,radar__evaluation__instance__severe__a0,instance,severe,hellinger,E1_fixed / confirmed_unscreened,E2_RL / RL_4state,cross_experiment,0.07979517523702398,0.209750812567714,0.280239099859353,-0.26991848540625824,0.5107988550611502,-0.035641358826805275,0.0,0.0
radar,radar__evaluation__instance__severe__a0,instance,severe,hellinger,E1_fixed / confirmed_unscreened,E2_RL / confirmed_screened,cross_experiment,0.07979517523702398,0.209750812567714,0.280239099859353,-0.26991848540625824,0.5107988550611502,-0.035641358826805275,-8.333333333333334,-15833.333333333343
radar,radar__evaluation__instance__severe__a0,instance,severe,hellinger,E1_fixed / confirmed_unscreened,E2_RL / error_rule,cross_experiment,0.010569239739321057,0.1068255687973998,0.4609704641350211,-0.4521430449645017,0.26567785584179027,-0.035641358826805275,-8.333333333333334,0.0
radar,radar__evaluation__instance__severe__a0,instance,severe,hellinger,E1_fixed / confirmed_unscreened,E2_RL / none_screened,cross_experiment,0.07979517523702398,0.209750812567714,0.280239099859353,-0.26991848540625824,0.5107988550611502,-0.035641358826805275,0.0,0.0
radar,radar__evaluation__instance__severe__a0,instance,severe,hellinger,E1_fixed / confirmed_unscreened,E2_RL / selected_map,cross_experiment,0.07979517523702398,0.209750812567714,0.3681434599156118,-0.3619510912437549,0.5107988550611502,-0.035641358826805275,0.0,0.0
radar,radar__evaluation__instance__severe__a0,instance,severe,hellinger,E1_fixed / confirmed_unscreened,E3_filter / confirmed_screened_filter_learned_features,cross_experiment,0.08557866683557336,0.20580715059588306,0.24296765119549923,-0.23736523797002365,0.5256830601092896,-0.023835158715426033,-8.333333333333334,-10888.333333333328
radar,radar__evaluation__instance__severe__a0,instance,severe,hellinger,E1_fixed / confirmed_unscreened,E3_filter / confirmed_screened_filter_learned_features_label,cross_experiment,0.07957335100605167,0.2100325027085591,0.33234880450070325,-0.29166447541414675,0.3725214676034348,-0.03623538147391869,-8.333333333333334,-9495.0
radar,radar__evaluation__instance__severe__a0,instance,severe,hellinger,E1_fixed / confirmed_unscreened,E3_filter / confirmed_screened_filter_none,cross_experiment,0.07979517523702398,0.209750812567714,0.280239099859353,-0.26991848540625824,0.5107988550611502,-0.035641358826805275,-8.333333333333334,-15833.333333333343
radar,radar__evaluation__instance__severe__a0,instance,severe,hellinger,E1_fixed / confirmed_unscreened,E3_filter / confirmed_screened_filter_oracle_blocks,cross_experiment,0.10372496516888022,0.3128927410617552,1.0,-1.0,-0.26854020296643244,-0.18600334137739002,0.0,87083.33333333333
radar,radar__evaluation__instance__severe__a0,instance,severe,hellinger,E1_fixed / confirmed_unscreened,E3_filter / confirmed_screened_filter_oracle_rows,cross_experiment,-0.05106027735113902,-0.0107258938244853,1.0,-0.360110439127005,0.004944054124382036,-0.007982179320586598,0.0,23700.0
radar,radar__evaluation__instance__severe__a0,instance,severe,hellinger,E1_fixed / confirmed_unscreened,E3_filter / confirmed_screened_filter_random_blocks,cross_experiment,0.10372496516888022,0.31289274106175524,1.0,-1.0,-0.26854020296643244,-0.18600334137739005,0.0,87083.33333333333
radar,radar__evaluation__instance__severe__a0,instance,severe,hellinger,E1_fixed / confirmed_unscreened,E3_filter / confirmed_screened_filter_random_rows,cross_experiment,0.0888414020596136,0.20643553629469136,0.41744022503516176,-0.41761767026032076,0.5405152224824356,-0.021347688880638566,-8.333333333333334,12226.666666666672
radar,radar__evaluation__instance__severe__a0,instance,severe,hellinger,E1_fixed / confirmed_unscreened,E3_filter / none_screened_filter_learned_features,cross_experiment,0.08557866683557336,0.20580715059588306,0.2770745428973277,-0.2734157244280831,0.5256830601092896,-0.023835158715426033,0.0,4733.333333333343
radar,radar__evaluation__instance__severe__a0,instance,severe,hellinger,E1_fixed / confirmed_unscreened,E3_filter / none_screened_filter_learned_features_label,cross_experiment,0.07957335100605167,0.2100325027085591,0.33403656821378347,-0.31007099658164605,0.3725214676034348,-0.03623538147391869,0.0,5475.0
radar,radar__evaluation__instance__severe__a0,instance,severe,hellinger,E1_fixed / confirmed_unscreened,E3_filter / none_screened_filter_none,cross_experiment,0.07979517523702398,0.209750812567714,0.280239099859353,-0.26991848540625824,0.5107988550611502,-0.035641358826805275,0.0,0.0
radar,radar__evaluation__instance__severe__a0,instance,severe,hellinger,E1_fixed / immediate_screened,E2_RL / RL_2state,cross_experiment,0.0,0.0,-0.08790436005625879,0.09203260583749667,0.0,0.0,0.0,0.0
radar,radar__evaluation__instance__severe__a0,instance,severe,hellinger,E1_fixed / immediate_screened,E2_RL / RL_4state,cross_experiment,0.0,0.0,-0.08790436005625879,0.09203260583749667,0.0,0.0,0.0,0.0
radar,radar__evaluation__instance__severe__a0,instance,severe,hellinger,E1_fixed / immediate_screened,E2_RL / confirmed_screened,cross_experiment,0.0,0.0,-0.08790436005625879,0.09203260583749667,0.0,0.0,-8.333333333333334,-15833.333333333343
radar,radar__evaluation__instance__severe__a0,instance,severe,hellinger,E1_fixed / immediate_screened,E2_RL / error_rule,cross_experiment,-0.06922593549770292,-0.1029252437703142,0.09282700421940926,-0.09019195372074679,-0.24512099921935987,0.0,-8.333333333333334,0.0
radar,radar__evaluation__instance__severe__a0,instance,severe,hellinger,E1_fixed / immediate_screened,E2_RL / none_screened,cross_experiment,0.0,0.0,-0.08790436005625879,0.09203260583749667,0.0,0.0,0.0,0.0
radar,radar__evaluation__instance__severe__a0,instance,severe,hellinger,E1_fixed / immediate_screened,E2_RL / selected_map,cross_experiment,0.0,0.0,0.0,0.0,0.0,0.0,0.0,0.0
radar,radar__evaluation__instance__severe__a0,instance,severe,hellinger,E1_fixed / immediate_screened,E3_filter / confirmed_screened_filter_learned_features,cross_experiment,0.0057834915985493784,-0.003943661971830936,-0.12517580872011258,0.12458585327373126,0.014884205048139462,0.011806200111379242,-8.333333333333334,-10888.333333333328
radar,radar__evaluation__instance__severe__a0,instance,severe,hellinger,E1_fixed / immediate_screened,E3_filter / confirmed_screened_filter_learned_features_label,cross_experiment,-0.0002218242309723062,0.00028169014084511446,-0.03579465541490856,0.07028661582960816,-0.13827738745771534,-0.000594022647113418,-8.333333333333334,-9495.0
radar,radar__evaluation__instance__severe__a0,instance,severe,hellinger,E1_fixed / immediate_screened,E3_filter / confirmed_screened_filter_none,cross_experiment,0.0,0.0,-0.08790436005625879,0.09203260583749667,0.0,0.0,-8.333333333333334,-15833.333333333343
radar,radar__evaluation__instance__severe__a0,instance,severe,hellinger,E1_fixed / immediate_screened,E3_filter / confirmed_screened_filter_oracle_blocks,cross_experiment,0.023929789931856238,0.10314192849404119,0.6318565400843882,-0.6380489087562451,-0.7793390580275825,-0.15036198255058475,0.0,87083.33333333333
radar,radar__evaluation__instance__severe__a0,instance,severe,hellinger,E1_fixed / immediate_screened,E3_filter / confirmed_screened_filter_oracle_rows,cross_experiment,-0.130855452588163,-0.2204767063921993,0.6318565400843882,0.0018406521167498857,-0.505854800936768,0.027659179506218677,0.0,23700.0
radar,radar__evaluation__instance__severe__a0,instance,severe,hellinger,E1_fixed / immediate_screened,E3_filter / confirmed_screened_filter_random_blocks,cross_experiment,0.023929789931856238,0.10314192849404125,0.6318565400843882,-0.6380489087562451,-0.7793390580275825,-0.15036198255058478,0.0,87083.33333333333
radar,radar__evaluation__instance__severe__a0,instance,severe,hellinger,E1_fixed / immediate_screened,E3_filter / confirmed_screened_filter_random_rows,cross_experiment,0.009046226822589626,-0.003315276273022638,0.049296765119549946,-0.055666579016565854,0.029716367421285445,0.01429366994616671,-8.333333333333334,12226.666666666672
radar,radar__evaluation__instance__severe__a0,instance,severe,hellinger,E1_fixed / immediate_screened,E3_filter / none_screened_filter_learned_features,cross_experiment,0.0057834915985493784,-0.003943661971830936,-0.09106891701828412,0.08853536681567181,0.014884205048139462,0.011806200111379242,0.0,4733.333333333343
radar,radar__evaluation__instance__severe__a0,instance,severe,hellinger,E1_fixed / immediate_screened,E3_filter / none_screened_filter_learned_features_label,cross_experiment,-0.0002218242309723062,0.00028169014084511446,-0.034106891701828346,0.051880094662108855,-0.13827738745771534,-0.000594022647113418,0.0,5475.0
radar,radar__evaluation__instance__severe__a0,instance,severe,hellinger,E1_fixed / immediate_screened,E3_filter / none_screened_filter_none,cross_experiment,0.0,0.0,-0.08790436005625879,0.09203260583749667,0.0,0.0,0.0,0.0
radar,radar__evaluation__instance__severe__a0,instance,severe,hellinger,E1_fixed / immediate_unscreened,E2_RL / RL_2state,cross_experiment,0.08040577846406569,0.21137594799566628,0.280239099859353,-0.26991848540625824,0.5147020556856623,-0.035641358826805275,8.333333333333334,0.0
radar,radar__evaluation__instance__severe__a0,instance,severe,hellinger,E1_fixed / immediate_unscreened,E2_RL / RL_4state,cross_experiment,0.08040577846406569,0.21137594799566628,0.280239099859353,-0.26991848540625824,0.5147020556856623,-0.035641358826805275,8.333333333333334,0.0
radar,radar__evaluation__instance__severe__a0,instance,severe,hellinger,E1_fixed / immediate_unscreened,E2_RL / confirmed_screened,cross_experiment,0.08040577846406569,0.21137594799566628,0.280239099859353,-0.26991848540625824,0.5147020556856623,-0.035641358826805275,0.0,-15833.333333333343
radar,radar__evaluation__instance__severe__a0,instance,severe,hellinger,E1_fixed / immediate_unscreened,E2_RL / error_rule,cross_experiment,0.011179842966362763,0.10845070422535208,0.4609704641350211,-0.4521430449645017,0.26958105646630237,-0.035641358826805275,0.0,0.0
radar,radar__evaluation__instance__severe__a0,instance,severe,hellinger,E1_fixed / immediate_unscreened,E2_RL / none_screened,cross_experiment,0.08040577846406569,0.21137594799566628,0.280239099859353,-0.26991848540625824,0.5147020556856623,-0.035641358826805275,8.333333333333334,0.0
radar,radar__evaluation__instance__severe__a0,instance,severe,hellinger,E1_fixed / immediate_unscreened,E2_RL / selected_map,cross_experiment,0.08040577846406569,0.21137594799566628,0.3681434599156118,-0.3619510912437549,0.5147020556856623,-0.035641358826805275,8.333333333333334,0.0
radar,radar__evaluation__instance__severe__a0,instance,severe,hellinger,E1_fixed / immediate_unscreened,E3_filter / confirmed_screened_filter_learned_features,cross_experiment,0.08618927006261506,0.20743228602383534,0.24296765119549923,-0.23736523797002365,0.5295862607338017,-0.023835158715426033,0.0,-10888.333333333328
radar,radar__evaluation__instance__severe__a0,instance,severe,hellinger,E1_fixed / immediate_unscreened,E3_filter / confirmed_screened_filter_learned_features_label,cross_experiment,0.08018395423309338,0.2116576381365114,0.33234880450070325,-0.29166447541414675,0.3764246682279469,-0.03623538147391869,0.0,-9495.0
radar,radar__evaluation__instance__severe__a0,instance,severe,hellinger,E1_fixed / immediate_unscreened,E3_filter / confirmed_screened_filter_none,cross_experiment,0.08040577846406569,0.21137594799566628,0.280239099859353,-0.26991848540625824,0.5147020556856623,-0.035641358826805275,0.0,-15833.333333333343
radar,radar__evaluation__instance__severe__a0,instance,severe,hellinger,E1_fixed / immediate_unscreened,E3_filter / confirmed_screened_filter_oracle_blocks,cross_experiment,0.10433556839592192,0.31451787648970747,1.0,-1.0,-0.26463700234192034,-0.18600334137739002,8.333333333333334,87083.33333333333
radar,radar__evaluation__instance__severe__a0,instance,severe,hellinger,E1_fixed / immediate_unscreened,E3_filter / confirmed_screened_filter_oracle_rows,cross_experiment,-0.050449674124097316,-0.009100758396533015,1.0,-0.360110439127005,0.00884725474889414,-0.007982179320586598,8.333333333333334,23700.0
radar,radar__evaluation__instance__severe__a0,instance,severe,hellinger,E1_fixed / immediate_unscreened,E3_filter / confirmed_screened_filter_random_blocks,cross_experiment,0.10433556839592192,0.3145178764897075,1.0,-1.0,-0.26463700234192034,-0.18600334137739005,8.333333333333334,87083.33333333333
radar,radar__evaluation__instance__severe__a0,instance,severe,hellinger,E1_fixed / immediate_unscreened,E3_filter / confirmed_screened_filter_random_rows,cross_experiment,0.08945200528665531,0.20806067172264364,0.41744022503516176,-0.41761767026032076,0.5444184231069477,-0.021347688880638566,0.0,12226.666666666672
radar,radar__evaluation__instance__severe__a0,instance,severe,hellinger,E1_fixed / immediate_unscreened,E3_filter / none_screened_filter_learned_features,cross_experiment,0.08618927006261506,0.20743228602383534,0.2770745428973277,-0.2734157244280831,0.5295862607338017,-0.023835158715426033,8.333333333333334,4733.333333333343
radar,radar__evaluation__instance__severe__a0,instance,severe,hellinger,E1_fixed / immediate_unscreened,E3_filter / none_screened_filter_learned_features_label,cross_experiment,0.08018395423309338,0.2116576381365114,0.33403656821378347,-0.31007099658164605,0.3764246682279469,-0.03623538147391869,8.333333333333334,5475.0
radar,radar__evaluation__instance__severe__a0,instance,severe,hellinger,E1_fixed / immediate_unscreened,E3_filter / none_screened_filter_none,cross_experiment,0.08040577846406569,0.21137594799566628,0.280239099859353,-0.26991848540625824,0.5147020556856623,-0.035641358826805275,8.333333333333334,0.0
radar,radar__evaluation__instance__severe__a0,instance,severe,hellinger,E1_fixed / none_screened,E2_RL / RL_2state,cross_experiment,0.0,0.0,0.0,0.0,0.0,0.0,0.0,0.0
radar,radar__evaluation__instance__severe__a0,instance,severe,hellinger,E1_fixed / none_screened,E2_RL / RL_4state,cross_experiment,0.0,0.0,0.0,0.0,0.0,0.0,0.0,0.0
radar,radar__evaluation__instance__severe__a0,instance,severe,hellinger,E1_fixed / none_screened,E2_RL / confirmed_screened,cross_experiment,0.0,0.0,0.0,0.0,0.0,0.0,-8.333333333333334,-15833.333333333343
radar,radar__evaluation__instance__severe__a0,instance,severe,hellinger,E1_fixed / none_screened,E2_RL / error_rule,cross_experiment,-0.06922593549770292,-0.1029252437703142,0.18073136427566805,-0.18222455955824346,-0.24512099921935987,0.0,-8.333333333333334,0.0
radar,radar__evaluation__instance__severe__a0,instance,severe,hellinger,E1_fixed / none_screened,E2_RL / none_screened,cross_experiment,0.0,0.0,0.0,0.0,0.0,0.0,0.0,0.0
radar,radar__evaluation__instance__severe__a0,instance,severe,hellinger,E1_fixed / none_screened,E2_RL / selected_map,cross_experiment,0.0,0.0,0.08790436005625879,-0.09203260583749667,0.0,0.0,0.0,0.0
radar,radar__evaluation__instance__severe__a0,instance,severe,hellinger,E1_fixed / none_screened,E3_filter / confirmed_screened_filter_learned_features,cross_experiment,0.0057834915985493784,-0.003943661971830936,-0.03727144866385379,0.032553247436234584,0.014884205048139462,0.011806200111379242,-8.333333333333334,-10888.333333333328
radar,radar__evaluation__instance__severe__a0,instance,severe,hellinger,E1_fixed / none_screened,E3_filter / confirmed_screened_filter_learned_features_label,cross_experiment,-0.0002218242309723062,0.00028169014084511446,0.05210970464135023,-0.021745990007888516,-0.13827738745771534,-0.000594022647113418,-8.333333333333334,-9495.0
radar,radar__evaluation__instance__severe__a0,instance,severe,hellinger,E1_fixed / none_screened,E3_filter / confirmed_screened_filter_none,cross_experiment,0.0,0.0,0.0,0.0,0.0,0.0,-8.333333333333334,-15833.333333333343
radar,radar__evaluation__instance__severe__a0,instance,severe,hellinger,E1_fixed / none_screened,E3_filter / confirmed_screened_filter_oracle_blocks,cross_experiment,0.023929789931856238,0.10314192849404119,0.719760900140647,-0.7300815145937418,-0.7793390580275825,-0.15036198255058475,0.0,87083.33333333333
radar,radar__evaluation__instance__severe__a0,instance,severe,hellinger,E1_fixed / none_screened,E3_filter / confirmed_screened_filter_oracle_rows,cross_experiment,-0.130855452588163,-0.2204767063921993,0.719760900140647,-0.09019195372074679,-0.505854800936768,0.027659179506218677,0.0,23700.0
radar,radar__evaluation__instance__severe__a0,instance,severe,hellinger,E1_fixed / none_screened,E3_filter / confirmed_screened_filter_random_blocks,cross_experiment,0.023929789931856238,0.10314192849404125,0.719760900140647,-0.7300815145937418,-0.7793390580275825,-0.15036198255058478,0.0,87083.33333333333
radar,radar__evaluation__instance__severe__a0,instance,severe,hellinger,E1_fixed / none_screened,E3_filter / confirmed_screened_filter_random_rows,cross_experiment,0.009046226822589626,-0.003315276273022638,0.13720112517580874,-0.14769918485406253,0.029716367421285445,0.01429366994616671,-8.333333333333334,12226.666666666672
radar,radar__evaluation__instance__severe__a0,instance,severe,hellinger,E1_fixed / none_screened,E3_filter / none_screened_filter_learned_features,cross_experiment,0.0057834915985493784,-0.003943661971830936,-0.0031645569620253333,-0.0034972390218248606,0.014884205048139462,0.011806200111379242,0.0,4733.333333333343
radar,radar__evaluation__instance__severe__a0,instance,severe,hellinger,E1_fixed / none_screened,E3_filter / none_screened_filter_learned_features_label,cross_experiment,-0.0002218242309723062,0.00028169014084511446,0.053797468354430444,-0.04015251117538782,-0.13827738745771534,-0.000594022647113418,0.0,5475.0
radar,radar__evaluation__instance__severe__a0,instance,severe,hellinger,E1_fixed / none_screened,E3_filter / none_screened_filter_none,cross_experiment,0.0,0.0,0.0,0.0,0.0,0.0,0.0,0.0
radar,radar__evaluation__instance__severe__a0,instance,severe,hellinger,E1_fixed / none_unscreened,E2_RL / RL_2state,cross_experiment,0.07979517523702398,0.209750812567714,0.280239099859353,-0.26991848540625824,0.5107988550611502,-0.035641358826805275,0.0,0.0
radar,radar__evaluation__instance__severe__a0,instance,severe,hellinger,E1_fixed / none_unscreened,E2_RL / RL_4state,cross_experiment,0.07979517523702398,0.209750812567714,0.280239099859353,-0.26991848540625824,0.5107988550611502,-0.035641358826805275,0.0,0.0
radar,radar__evaluation__instance__severe__a0,instance,severe,hellinger,E1_fixed / none_unscreened,E2_RL / confirmed_screened,cross_experiment,0.07979517523702398,0.209750812567714,0.280239099859353,-0.26991848540625824,0.5107988550611502,-0.035641358826805275,-8.333333333333334,-15833.333333333343
radar,radar__evaluation__instance__severe__a0,instance,severe,hellinger,E1_fixed / none_unscreened,E2_RL / error_rule,cross_experiment,0.010569239739321057,0.1068255687973998,0.4609704641350211,-0.4521430449645017,0.26567785584179027,-0.035641358826805275,-8.333333333333334,0.0
radar,radar__evaluation__instance__severe__a0,instance,severe,hellinger,E1_fixed / none_unscreened,E2_RL / none_screened,cross_experiment,0.07979517523702398,0.209750812567714,0.280239099859353,-0.26991848540625824,0.5107988550611502,-0.035641358826805275,0.0,0.0
radar,radar__evaluation__instance__severe__a0,instance,severe,hellinger,E1_fixed / none_unscreened,E2_RL / selected_map,cross_experiment,0.07979517523702398,0.209750812567714,0.3681434599156118,-0.3619510912437549,0.5107988550611502,-0.035641358826805275,0.0,0.0
radar,radar__evaluation__instance__severe__a0,instance,severe,hellinger,E1_fixed / none_unscreened,E3_filter / confirmed_screened_filter_learned_features,cross_experiment,0.08557866683557336,0.20580715059588306,0.24296765119549923,-0.23736523797002365,0.5256830601092896,-0.023835158715426033,-8.333333333333334,-10888.333333333328
radar,radar__evaluation__instance__severe__a0,instance,severe,hellinger,E1_fixed / none_unscreened,E3_filter / confirmed_screened_filter_learned_features_label,cross_experiment,0.07957335100605167,0.2100325027085591,0.33234880450070325,-0.29166447541414675,0.3725214676034348,-0.03623538147391869,-8.333333333333334,-9495.0
radar,radar__evaluation__instance__severe__a0,instance,severe,hellinger,E1_fixed / none_unscreened,E3_filter / confirmed_screened_filter_none,cross_experiment,0.07979517523702398,0.209750812567714,0.280239099859353,-0.26991848540625824,0.5107988550611502,-0.035641358826805275,-8.333333333333334,-15833.333333333343
radar,radar__evaluation__instance__severe__a0,instance,severe,hellinger,E1_fixed / none_unscreened,E3_filter / confirmed_screened_filter_oracle_blocks,cross_experiment,0.10372496516888022,0.3128927410617552,1.0,-1.0,-0.26854020296643244,-0.18600334137739002,0.0,87083.33333333333
radar,radar__evaluation__instance__severe__a0,instance,severe,hellinger,E1_fixed / none_unscreened,E3_filter / confirmed_screened_filter_oracle_rows,cross_experiment,-0.05106027735113902,-0.0107258938244853,1.0,-0.360110439127005,0.004944054124382036,-0.007982179320586598,0.0,23700.0
radar,radar__evaluation__instance__severe__a0,instance,severe,hellinger,E1_fixed / none_unscreened,E3_filter / confirmed_screened_filter_random_blocks,cross_experiment,0.10372496516888022,0.31289274106175524,1.0,-1.0,-0.26854020296643244,-0.18600334137739005,0.0,87083.33333333333
radar,radar__evaluation__instance__severe__a0,instance,severe,hellinger,E1_fixed / none_unscreened,E3_filter / confirmed_screened_filter_random_rows,cross_experiment,0.0888414020596136,0.20643553629469136,0.41744022503516176,-0.41761767026032076,0.5405152224824356,-0.021347688880638566,-8.333333333333334,12226.666666666672
radar,radar__evaluation__instance__severe__a0,instance,severe,hellinger,E1_fixed / none_unscreened,E3_filter / none_screened_filter_learned_features,cross_experiment,0.08557866683557336,0.20580715059588306,0.2770745428973277,-0.2734157244280831,0.5256830601092896,-0.023835158715426033,0.0,4733.333333333343
radar,radar__evaluation__instance__severe__a0,instance,severe,hellinger,E1_fixed / none_unscreened,E3_filter / none_screened_filter_learned_features_label,cross_experiment,0.07957335100605167,0.2100325027085591,0.33403656821378347,-0.31007099658164605,0.3725214676034348,-0.03623538147391869,0.0,5475.0
radar,radar__evaluation__instance__severe__a0,instance,severe,hellinger,E1_fixed / none_unscreened,E3_filter / none_screened_filter_none,cross_experiment,0.07979517523702398,0.209750812567714,0.280239099859353,-0.26991848540625824,0.5107988550611502,-0.035641358826805275,0.0,0.0
radar,radar__evaluation__instance__severe__a0,instance,severe,hellinger,E2_RL / RL_2state,E3_filter / confirmed_screened_filter_learned_features,cross_experiment,0.0057834915985493784,-0.003943661971830936,-0.03727144866385379,0.032553247436234584,0.014884205048139462,0.011806200111379242,-8.333333333333334,-10888.333333333328
radar,radar__evaluation__instance__severe__a0,instance,severe,hellinger,E2_RL / RL_2state,E3_filter / confirmed_screened_filter_learned_features_label,cross_experiment,-0.0002218242309723062,0.00028169014084511446,0.05210970464135023,-0.021745990007888516,-0.13827738745771534,-0.000594022647113418,-8.333333333333334,-9495.0
radar,radar__evaluation__instance__severe__a0,instance,severe,hellinger,E2_RL / RL_2state,E3_filter / confirmed_screened_filter_none,cross_experiment,0.0,0.0,0.0,0.0,0.0,0.0,-8.333333333333334,-15833.333333333343
radar,radar__evaluation__instance__severe__a0,instance,severe,hellinger,E2_RL / RL_2state,E3_filter / confirmed_screened_filter_oracle_blocks,cross_experiment,0.023929789931856238,0.10314192849404119,0.719760900140647,-0.7300815145937418,-0.7793390580275825,-0.15036198255058475,0.0,87083.33333333333
radar,radar__evaluation__instance__severe__a0,instance,severe,hellinger,E2_RL / RL_2state,E3_filter / confirmed_screened_filter_oracle_rows,cross_experiment,-0.130855452588163,-0.2204767063921993,0.719760900140647,-0.09019195372074679,-0.505854800936768,0.027659179506218677,0.0,23700.0
radar,radar__evaluation__instance__severe__a0,instance,severe,hellinger,E2_RL / RL_2state,E3_filter / confirmed_screened_filter_random_blocks,cross_experiment,0.023929789931856238,0.10314192849404125,0.719760900140647,-0.7300815145937418,-0.7793390580275825,-0.15036198255058478,0.0,87083.33333333333
radar,radar__evaluation__instance__severe__a0,instance,severe,hellinger,E2_RL / RL_2state,E3_filter / confirmed_screened_filter_random_rows,cross_experiment,0.009046226822589626,-0.003315276273022638,0.13720112517580874,-0.14769918485406253,0.029716367421285445,0.01429366994616671,-8.333333333333334,12226.666666666672
radar,radar__evaluation__instance__severe__a0,instance,severe,hellinger,E2_RL / RL_2state,E3_filter / none_screened_filter_learned_features,cross_experiment,0.0057834915985493784,-0.003943661971830936,-0.0031645569620253333,-0.0034972390218248606,0.014884205048139462,0.011806200111379242,0.0,4733.333333333343
radar,radar__evaluation__instance__severe__a0,instance,severe,hellinger,E2_RL / RL_2state,E3_filter / none_screened_filter_learned_features_label,cross_experiment,-0.0002218242309723062,0.00028169014084511446,0.053797468354430444,-0.04015251117538782,-0.13827738745771534,-0.000594022647113418,0.0,5475.0
radar,radar__evaluation__instance__severe__a0,instance,severe,hellinger,E2_RL / RL_2state,E3_filter / none_screened_filter_none,cross_experiment,0.0,0.0,0.0,0.0,0.0,0.0,0.0,0.0
radar,radar__evaluation__instance__severe__a0,instance,severe,hellinger,E2_RL / RL_4state,E3_filter / confirmed_screened_filter_learned_features,cross_experiment,0.0057834915985493784,-0.003943661971830936,-0.03727144866385379,0.032553247436234584,0.014884205048139462,0.011806200111379242,-8.333333333333334,-10888.333333333328
radar,radar__evaluation__instance__severe__a0,instance,severe,hellinger,E2_RL / RL_4state,E3_filter / confirmed_screened_filter_learned_features_label,cross_experiment,-0.0002218242309723062,0.00028169014084511446,0.05210970464135023,-0.021745990007888516,-0.13827738745771534,-0.000594022647113418,-8.333333333333334,-9495.0
radar,radar__evaluation__instance__severe__a0,instance,severe,hellinger,E2_RL / RL_4state,E3_filter / confirmed_screened_filter_none,cross_experiment,0.0,0.0,0.0,0.0,0.0,0.0,-8.333333333333334,-15833.333333333343
radar,radar__evaluation__instance__severe__a0,instance,severe,hellinger,E2_RL / RL_4state,E3_filter / confirmed_screened_filter_oracle_blocks,cross_experiment,0.023929789931856238,0.10314192849404119,0.719760900140647,-0.7300815145937418,-0.7793390580275825,-0.15036198255058475,0.0,87083.33333333333
radar,radar__evaluation__instance__severe__a0,instance,severe,hellinger,E2_RL / RL_4state,E3_filter / confirmed_screened_filter_oracle_rows,cross_experiment,-0.130855452588163,-0.2204767063921993,0.719760900140647,-0.09019195372074679,-0.505854800936768,0.027659179506218677,0.0,23700.0
radar,radar__evaluation__instance__severe__a0,instance,severe,hellinger,E2_RL / RL_4state,E3_filter / confirmed_screened_filter_random_blocks,cross_experiment,0.023929789931856238,0.10314192849404125,0.719760900140647,-0.7300815145937418,-0.7793390580275825,-0.15036198255058478,0.0,87083.33333333333
radar,radar__evaluation__instance__severe__a0,instance,severe,hellinger,E2_RL / RL_4state,E3_filter / confirmed_screened_filter_random_rows,cross_experiment,0.009046226822589626,-0.003315276273022638,0.13720112517580874,-0.14769918485406253,0.029716367421285445,0.01429366994616671,-8.333333333333334,12226.666666666672
radar,radar__evaluation__instance__severe__a0,instance,severe,hellinger,E2_RL / RL_4state,E3_filter / none_screened_filter_learned_features,cross_experiment,0.0057834915985493784,-0.003943661971830936,-0.0031645569620253333,-0.0034972390218248606,0.014884205048139462,0.011806200111379242,0.0,4733.333333333343
radar,radar__evaluation__instance__severe__a0,instance,severe,hellinger,E2_RL / RL_4state,E3_filter / none_screened_filter_learned_features_label,cross_experiment,-0.0002218242309723062,0.00028169014084511446,0.053797468354430444,-0.04015251117538782,-0.13827738745771534,-0.000594022647113418,0.0,5475.0
radar,radar__evaluation__instance__severe__a0,instance,severe,hellinger,E2_RL / RL_4state,E3_filter / none_screened_filter_none,cross_experiment,0.0,0.0,0.0,0.0,0.0,0.0,0.0,0.0
radar,radar__evaluation__instance__severe__a0,instance,severe,hellinger,E2_RL / confirmed_screened,E3_filter / confirmed_screened_filter_learned_features,cross_experiment,0.0057834915985493784,-0.003943661971830936,-0.03727144866385379,0.032553247436234584,0.014884205048139462,0.011806200111379242,0.0,4945.000000000015
radar,radar__evaluation__instance__severe__a0,instance,severe,hellinger,E2_RL / confirmed_screened,E3_filter / confirmed_screened_filter_learned_features_label,cross_experiment,-0.0002218242309723062,0.00028169014084511446,0.05210970464135023,-0.021745990007888516,-0.13827738745771534,-0.000594022647113418,0.0,6338.333333333343
radar,radar__evaluation__instance__severe__a0,instance,severe,hellinger,E2_RL / confirmed_screened,E3_filter / confirmed_screened_filter_none,cross_experiment,0.0,0.0,0.0,0.0,0.0,0.0,0.0,0.0
radar,radar__evaluation__instance__severe__a0,instance,severe,hellinger,E2_RL / confirmed_screened,E3_filter / confirmed_screened_filter_oracle_blocks,cross_experiment,0.023929789931856238,0.10314192849404119,0.719760900140647,-0.7300815145937418,-0.7793390580275825,-0.15036198255058475,8.333333333333334,102916.66666666667
radar,radar__evaluation__instance__severe__a0,instance,severe,hellinger,E2_RL / confirmed_screened,E3_filter / confirmed_screened_filter_oracle_rows,cross_experiment,-0.130855452588163,-0.2204767063921993,0.719760900140647,-0.09019195372074679,-0.505854800936768,0.027659179506218677,8.333333333333334,39533.33333333334
radar,radar__evaluation__instance__severe__a0,instance,severe,hellinger,E2_RL / confirmed_screened,E3_filter / confirmed_screened_filter_random_blocks,cross_experiment,0.023929789931856238,0.10314192849404125,0.719760900140647,-0.7300815145937418,-0.7793390580275825,-0.15036198255058478,8.333333333333334,102916.66666666667
radar,radar__evaluation__instance__severe__a0,instance,severe,hellinger,E2_RL / confirmed_screened,E3_filter / confirmed_screened_filter_random_rows,cross_experiment,0.009046226822589626,-0.003315276273022638,0.13720112517580874,-0.14769918485406253,0.029716367421285445,0.01429366994616671,0.0,28060.000000000015
radar,radar__evaluation__instance__severe__a0,instance,severe,hellinger,E2_RL / confirmed_screened,E3_filter / none_screened_filter_learned_features,cross_experiment,0.0057834915985493784,-0.003943661971830936,-0.0031645569620253333,-0.0034972390218248606,0.014884205048139462,0.011806200111379242,8.333333333333334,20566.666666666686
radar,radar__evaluation__instance__severe__a0,instance,severe,hellinger,E2_RL / confirmed_screened,E3_filter / none_screened_filter_learned_features_label,cross_experiment,-0.0002218242309723062,0.00028169014084511446,0.053797468354430444,-0.04015251117538782,-0.13827738745771534,-0.000594022647113418,8.333333333333334,21308.333333333343
radar,radar__evaluation__instance__severe__a0,instance,severe,hellinger,E2_RL / confirmed_screened,E3_filter / none_screened_filter_none,cross_experiment,0.0,0.0,0.0,0.0,0.0,0.0,8.333333333333334,15833.333333333343
radar,radar__evaluation__instance__severe__a0,instance,severe,hellinger,E2_RL / error_rule,E3_filter / confirmed_screened_filter_learned_features,cross_experiment,0.0750094270962523,0.09898158179848326,-0.21800281293952184,0.21477780699447804,0.26000520426749935,0.011806200111379242,0.0,-10888.333333333328
radar,radar__evaluation__instance__severe__a0,instance,severe,hellinger,E2_RL / error_rule,E3_filter / confirmed_screened_filter_learned_features_label,cross_experiment,0.06900411126673062,0.10320693391115932,-0.12862165963431782,0.16047856955035494,0.10684361176164453,-0.000594022647113418,0.0,-9495.0
radar,radar__evaluation__instance__severe__a0,instance,severe,hellinger,E2_RL / error_rule,E3_filter / confirmed_screened_filter_none,cross_experiment,0.06922593549770292,0.1029252437703142,-0.18073136427566805,0.18222455955824346,0.24512099921935987,0.0,0.0,-15833.333333333343
radar,radar__evaluation__instance__severe__a0,instance,severe,hellinger,E2_RL / error_rule,E3_filter / confirmed_screened_filter_oracle_blocks,cross_experiment,0.09315572542955916,0.2060671722643554,0.5390295358649789,-0.5478569550354984,-0.5342180588082227,-0.15036198255058475,8.333333333333334,87083.33333333333
radar,radar__evaluation__instance__severe__a0,instance,severe,hellinger,E2_RL / error_rule,E3_filter / confirmed_screened_filter_oracle_rows,cross_experiment,-0.06162951709046008,-0.1175514626218851,0.5390295358649789,0.09203260583749667,-0.26073380171740823,0.027659179506218677,8.333333333333334,23700.0
radar,radar__evaluation__instance__severe__a0,instance,severe,hellinger,E2_RL / error_rule,E3_filter / confirmed_screened_filter_random_blocks,cross_experiment,0.09315572542955916,0.20606717226435545,0.5390295358649789,-0.5478569550354984,-0.5342180588082227,-0.15036198255058478,8.333333333333334,87083.33333333333
radar,radar__evaluation__instance__severe__a0,instance,severe,hellinger,E2_RL / error_rule,E3_filter / confirmed_screened_filter_random_rows,cross_experiment,0.07827216232029255,0.09960996749729156,-0.043530239099859314,0.03452537470418093,0.2748373666406453,0.01429366994616671,0.0,12226.666666666672
radar,radar__evaluation__instance__severe__a0,instance,severe,hellinger,E2_RL / error_rule,E3_filter / none_screened_filter_learned_features,cross_experiment,0.0750094270962523,0.09898158179848326,-0.18389592123769338,0.1787273205364186,0.26000520426749935,0.011806200111379242,8.333333333333334,4733.333333333343
radar,radar__evaluation__instance__severe__a0,instance,severe,hellinger,E2_RL / error_rule,E3_filter / none_screened_filter_learned_features_label,cross_experiment,0.06900411126673062,0.10320693391115932,-0.1269338959212376,0.14207204838285564,0.10684361176164453,-0.000594022647113418,8.333333333333334,5475.0
radar,radar__evaluation__instance__severe__a0,instance,severe,hellinger,E2_RL / error_rule,E3_filter / none_screened_filter_none,cross_experiment,0.06922593549770292,0.1029252437703142,-0.18073136427566805,0.18222455955824346,0.24512099921935987,0.0,8.333333333333334,0.0
radar,radar__evaluation__instance__severe__a0,instance,severe,hellinger,E2_RL / none_screened,E3_filter / confirmed_screened_filter_learned_features,cross_experiment,0.0057834915985493784,-0.003943661971830936,-0.03727144866385379,0.032553247436234584,0.014884205048139462,0.011806200111379242,-8.333333333333334,-10888.333333333328
radar,radar__evaluation__instance__severe__a0,instance,severe,hellinger,E2_RL / none_screened,E3_filter / confirmed_screened_filter_learned_features_label,cross_experiment,-0.0002218242309723062,0.00028169014084511446,0.05210970464135023,-0.021745990007888516,-0.13827738745771534,-0.000594022647113418,-8.333333333333334,-9495.0
radar,radar__evaluation__instance__severe__a0,instance,severe,hellinger,E2_RL / none_screened,E3_filter / confirmed_screened_filter_none,cross_experiment,0.0,0.0,0.0,0.0,0.0,0.0,-8.333333333333334,-15833.333333333343
radar,radar__evaluation__instance__severe__a0,instance,severe,hellinger,E2_RL / none_screened,E3_filter / confirmed_screened_filter_oracle_blocks,cross_experiment,0.023929789931856238,0.10314192849404119,0.719760900140647,-0.7300815145937418,-0.7793390580275825,-0.15036198255058475,0.0,87083.33333333333
radar,radar__evaluation__instance__severe__a0,instance,severe,hellinger,E2_RL / none_screened,E3_filter / confirmed_screened_filter_oracle_rows,cross_experiment,-0.130855452588163,-0.2204767063921993,0.719760900140647,-0.09019195372074679,-0.505854800936768,0.027659179506218677,0.0,23700.0
radar,radar__evaluation__instance__severe__a0,instance,severe,hellinger,E2_RL / none_screened,E3_filter / confirmed_screened_filter_random_blocks,cross_experiment,0.023929789931856238,0.10314192849404125,0.719760900140647,-0.7300815145937418,-0.7793390580275825,-0.15036198255058478,0.0,87083.33333333333
radar,radar__evaluation__instance__severe__a0,instance,severe,hellinger,E2_RL / none_screened,E3_filter / confirmed_screened_filter_random_rows,cross_experiment,0.009046226822589626,-0.003315276273022638,0.13720112517580874,-0.14769918485406253,0.029716367421285445,0.01429366994616671,-8.333333333333334,12226.666666666672
radar,radar__evaluation__instance__severe__a0,instance,severe,hellinger,E2_RL / none_screened,E3_filter / none_screened_filter_learned_features,cross_experiment,0.0057834915985493784,-0.003943661971830936,-0.0031645569620253333,-0.0034972390218248606,0.014884205048139462,0.011806200111379242,0.0,4733.333333333343
radar,radar__evaluation__instance__severe__a0,instance,severe,hellinger,E2_RL / none_screened,E3_filter / none_screened_filter_learned_features_label,cross_experiment,-0.0002218242309723062,0.00028169014084511446,0.053797468354430444,-0.04015251117538782,-0.13827738745771534,-0.000594022647113418,0.0,5475.0
radar,radar__evaluation__instance__severe__a0,instance,severe,hellinger,E2_RL / none_screened,E3_filter / none_screened_filter_none,cross_experiment,0.0,0.0,0.0,0.0,0.0,0.0,0.0,0.0
radar,radar__evaluation__instance__severe__a0,instance,severe,hellinger,E2_RL / selected_map,E3_filter / confirmed_screened_filter_learned_features,cross_experiment,0.0057834915985493784,-0.003943661971830936,-0.12517580872011258,0.12458585327373126,0.014884205048139462,0.011806200111379242,-8.333333333333334,-10888.333333333328
radar,radar__evaluation__instance__severe__a0,instance,severe,hellinger,E2_RL / selected_map,E3_filter / confirmed_screened_filter_learned_features_label,cross_experiment,-0.0002218242309723062,0.00028169014084511446,-0.03579465541490856,0.07028661582960816,-0.13827738745771534,-0.000594022647113418,-8.333333333333334,-9495.0
radar,radar__evaluation__instance__severe__a0,instance,severe,hellinger,E2_RL / selected_map,E3_filter / confirmed_screened_filter_none,cross_experiment,0.0,0.0,-0.08790436005625879,0.09203260583749667,0.0,0.0,-8.333333333333334,-15833.333333333343
radar,radar__evaluation__instance__severe__a0,instance,severe,hellinger,E2_RL / selected_map,E3_filter / confirmed_screened_filter_oracle_blocks,cross_experiment,0.023929789931856238,0.10314192849404119,0.6318565400843882,-0.6380489087562451,-0.7793390580275825,-0.15036198255058475,0.0,87083.33333333333
radar,radar__evaluation__instance__severe__a0,instance,severe,hellinger,E2_RL / selected_map,E3_filter / confirmed_screened_filter_oracle_rows,cross_experiment,-0.130855452588163,-0.2204767063921993,0.6318565400843882,0.0018406521167498857,-0.505854800936768,0.027659179506218677,0.0,23700.0
radar,radar__evaluation__instance__severe__a0,instance,severe,hellinger,E2_RL / selected_map,E3_filter / confirmed_screened_filter_random_blocks,cross_experiment,0.023929789931856238,0.10314192849404125,0.6318565400843882,-0.6380489087562451,-0.7793390580275825,-0.15036198255058478,0.0,87083.33333333333
radar,radar__evaluation__instance__severe__a0,instance,severe,hellinger,E2_RL / selected_map,E3_filter / confirmed_screened_filter_random_rows,cross_experiment,0.009046226822589626,-0.003315276273022638,0.049296765119549946,-0.055666579016565854,0.029716367421285445,0.01429366994616671,-8.333333333333334,12226.666666666672
radar,radar__evaluation__instance__severe__a0,instance,severe,hellinger,E2_RL / selected_map,E3_filter / none_screened_filter_learned_features,cross_experiment,0.0057834915985493784,-0.003943661971830936,-0.09106891701828412,0.08853536681567181,0.014884205048139462,0.011806200111379242,0.0,4733.333333333343
radar,radar__evaluation__instance__severe__a0,instance,severe,hellinger,E2_RL / selected_map,E3_filter / none_screened_filter_learned_features_label,cross_experiment,-0.0002218242309723062,0.00028169014084511446,-0.034106891701828346,0.051880094662108855,-0.13827738745771534,-0.000594022647113418,0.0,5475.0
radar,radar__evaluation__instance__severe__a0,instance,severe,hellinger,E2_RL / selected_map,E3_filter / none_screened_filter_none,cross_experiment,0.0,0.0,-0.08790436005625879,0.09203260583749667,0.0,0.0,0.0,0.0
