rows,training_visits,accepted_training_visits,accepted_refit_rows,resets,seconds,pending_candidate,audit_rows_reserved,policy,guarded,host_n,host_accuracy,host_macro_f1,poison_rows,poison_rows_admitted,poison_admission_rate,clean_rows,clean_rows_withheld,clean_withhold_rate,condition,stream,mode,level,base_seed,arm,feedback_fraction,delay_blocks,no_feedback_blocks,status,host_macro_f1_baseline,host_accuracy_baseline,poison_admission_rate_baseline,clean_withhold_rate_baseline,resets_baseline,training_visits_baseline,seconds_baseline,host_macro_f1_difference,host_accuracy_difference,poison_admission_rate_difference,clean_withhold_rate_difference,resets_difference,training_visits_difference,seconds_difference
60000,57000,50350,0,0,0.8653573749907082,False,3000,none,True,56050,0.8937912578055308,0.8826433723016265,0,0,,56050,6650,0.11864406779661017,SEA_A__s115__clean__none,SEA_A,clean,none,115,no_reset,0.01,5,4,complete,0.8843860340520493,0.8946297948260482,,0.05084745762711865,0,57000,0.9427815840026597,-0.0017426617504228137,-0.0008385370205173936,,0.06779661016949153,0,0,-0.07742420901195146
60000,57000,48450,0,0,0.8599519170093117,False,3000,none,True,56050,0.8912399643175736,0.8796171820130717,0,0,,56050,8550,0.15254237288135594,SEA_A__s115__clean__none,SEA_A,clean,none,115,no_reset,0.02,5,4,complete,0.8843860340520493,0.8946297948260482,,0.05084745762711865,0,57000,0.9427815840026597,-0.004768852038977589,-0.003389830508474634,,0.1016949152542373,0,0,-0.08282966699334793
60000,57000,54150,0,0,0.9427815840026597,False,3000,none,True,56050,0.8946297948260482,0.8843860340520493,0,0,,56050,2850,0.05084745762711865,SEA_A__s115__clean__none,SEA_A,clean,none,115,no_reset,0.05,1,0,complete,0.8843860340520493,0.8946297948260482,,0.05084745762711865,0,57000,0.9427815840026597,0.0,0.0,,0.0,0,0,0.0
60000,57000,54150,0,0,0.9104272080003284,False,3000,none,True,56050,0.8944692239072257,0.8842192960308786,0,0,,56050,2850,0.05084745762711865,SEA_A__s115__clean__none,SEA_A,clean,none,115,no_reset,0.02,1,0,complete,0.8843860340520493,0.8946297948260482,,0.05084745762711865,0,57000,0.9427815840026597,-0.00016673802117073144,-0.00016057091882248908,,0.0,0,0,-0.032354376002331264
60000,57000,55100,0,0,0.9182750420004595,False,3000,none,True,56050,0.8955396966993756,0.8855610635550317,0,0,,56050,1900,0.03389830508474576,SEA_A__s115__clean__none,SEA_A,clean,none,115,no_reset,0.01,1,0,complete,0.8843860340520493,0.8946297948260482,,0.05084745762711865,0,57000,0.9427815840026597,0.0011750295029824276,0.0009099018733274011,,-0.016949152542372885,0,0,-0.02450654200220015
60000,60800,57950,5700,2,0.7840189159906004,False,3000,confirmed,True,56050,0.9080820695807315,0.9000335547356548,0,0,,56050,2850,0.05084745762711865,SEA_A__s115__clean__none,SEA_A,clean,none,115,confirmed,0.01,1,0,complete,0.9010489231629448,0.9085459411239964,,0.13559322033898305,1,58900,0.8360884580033598,-0.0010153684272899977,-0.00046387154326499314,,-0.0847457627118644,1,1900,-0.052069542012759484
60000,60800,51300,5700,2,0.7559547919954639,False,3000,confirmed,True,56050,0.908278322925959,0.9003181924123496,0,0,,56050,9500,0.1694915254237288,SEA_A__s115__clean__none,SEA_A,clean,none,115,confirmed,0.01,5,4,complete,0.9010489231629448,0.9085459411239964,,0.13559322033898305,1,58900,0.8360884580033598,-0.0007307307505952654,-0.0002676181980374448,,0.033898305084745756,1,1900,-0.08013366600789595
60000,58900,51300,2850,1,0.8360884580033598,False,3000,confirmed,True,56050,0.9085459411239964,0.9010489231629448,0,0,,56050,7600,0.13559322033898305,SEA_A__s115__clean__none,SEA_A,clean,none,115,confirmed,0.05,1,0,complete,0.9010489231629448,0.9085459411239964,,0.13559322033898305,1,58900,0.8360884580033598,0.0,0.0,,0.0,0,0,0.0
60000,57000,39900,0,0,0.8302849589963444,False,3000,none,True,56050,0.8918108831400535,0.8804100424635142,0,0,,56050,17100,0.3050847457627119,SEA_A__s115__clean__none,SEA_A,clean,none,115,no_reset,0.05,5,4,complete,0.8843860340520493,0.8946297948260482,,0.05084745762711865,0,57000,0.9427815840026597,-0.003975991588535122,-0.002818911685994685,,0.2542372881355932,0,0,-0.1124966250063153
60000,60800,53200,2850,1,0.8189347500010626,False,3000,confirmed,True,56050,0.908528099910794,0.9010264637547566,0,0,,56050,5700,0.1016949152542373,SEA_A__s115__clean__none,SEA_A,clean,none,115,confirmed,0.02,1,0,complete,0.9010489231629448,0.9085459411239964,,0.13559322033898305,1,58900,0.8360884580033598,-2.2459408188235663e-05,-1.7841213202474115e-05,,-0.033898305084745756,0,1900,-0.017153708002297208
60000,57000,49400,7600,8,0.7023211669875309,False,3000,rl,True,56050,0.907992863514719,0.8998114322622934,0,0,,56050,7600,0.13559322033898305,SEA_A__s115__clean__none,SEA_A,clean,none,115,error_rule,0.01,1,0,complete,0.9092983771581434,0.916413916146298,,0.4576271186440678,4,57000,0.7294921670109034,-0.009486944895850002,-0.008421052631578996,,-0.3220338983050848,4,0,-0.02717100002337247
60000,60800,47500,5700,2,0.7708728330035228,False,3000,confirmed,True,56050,0.912221231043711,0.9044845891295112,0,0,,56050,13300,0.23728813559322035,SEA_A__s115__clean__none,SEA_A,clean,none,115,confirmed,0.02,5,4,complete,0.9010489231629448,0.9085459411239964,,0.13559322033898305,1,58900,0.8360884580033598,0.0034356659665664147,0.0036752899197145528,,0.1016949152542373,1,1900,-0.06521562499983702
60000,57000,46550,6650,7,0.6947286249924218,False,3000,rl,True,56050,0.9075289919714541,0.8995038302418222,0,0,,56050,10450,0.1864406779661017,SEA_A__s115__clean__none,SEA_A,clean,none,115,error_rule,0.01,5,4,complete,0.9092983771581434,0.916413916146298,,0.4576271186440678,4,57000,0.7294921670109034,-0.0097945469163212,-0.008884924174843878,,-0.2711864406779661,3,0,-0.03476354201848153
60000,57000,31350,3800,4,0.7294921670109034,False,3000,rl,True,56050,0.916413916146298,0.9092983771581434,0,0,,56050,25650,0.4576271186440678,SEA_A__s115__clean__none,SEA_A,clean,none,115,error_rule,0.05,1,0,complete,0.9092983771581434,0.916413916146298,,0.4576271186440678,4,57000,0.7294921670109034,0.0,0.0,,0.0,0,0,0.0
60000,58900,43700,0,0,0.8586270410014549,False,3000,confirmed,True,56050,0.8954326494201605,0.8847023825393403,0,0,,56050,13300,0.23728813559322035,SEA_A__s115__clean__none,SEA_A,clean,none,115,confirmed,0.05,5,4,complete,0.9010489231629448,0.9085459411239964,,0.13559322033898305,1,58900,0.8360884580033598,-0.016346540623604522,-0.013113291703835905,,0.1016949152542373,-1,0,0.02253858299809508
60000,57000,44650,6650,7,0.719256292009959,False,3000,rl,True,56050,0.912471008028546,0.9048444749226747,0,0,,56050,12350,0.22033898305084745,SEA_A__s115__clean__none,SEA_A,clean,none,115,error_rule,0.02,1,0,complete,0.9092983771581434,0.916413916146298,,0.4576271186440678,4,57000,0.7294921670109034,-0.00445390223546871,-0.0039429081177519976,,-0.23728813559322035,3,0,-0.010235875000944361
60000,57000,38950,3800,4,0.702628792001633,False,3000,rl,True,56050,0.9067082961641392,0.8981092047940482,0,0,,56050,18050,0.3220338983050847,SEA_A__s115__clean__none,SEA_A,clean,none,115,error_rule,0.02,5,4,complete,0.9092983771581434,0.916413916146298,,0.4576271186440678,4,57000,0.7294921670109034,-0.011189172364095223,-0.009705619982158797,,-0.13559322033898308,0,0,-0.026863375009270385
60000,57000,24700,4750,5,0.7065447500062874,False,3000,rl,True,56050,0.9025691347011596,0.8933528866678793,0,0,,56050,32300,0.576271186440678,SEA_A__s115__clean__none,SEA_A,clean,none,115,error_rule,0.05,5,4,complete,0.9092983771581434,0.916413916146298,,0.4576271186440678,4,57000,0.7294921670109034,-0.01594549049026417,-0.013844781445138343,,0.11864406779661019,1,0,-0.022947417004616
60000,57000,50350,49400,52,0.6510232919972623,False,3000,rl,True,56050,0.9130062444246209,0.9047892917830906,0,0,,56050,6650,0.11864406779661017,SEA_A__s115__clean__none,SEA_A,clean,none,115,selected_map,0.01,1,0,complete,0.903350728475776,0.9117395182872435,,0.4067796610169492,35,57000,0.6560623340046732,0.001438563307314622,0.0012667261373773275,,-0.288135593220339,17,0,-0.005039042007410899
60000,57000,34200,33250,35,0.6560623340046732,False,3000,rl,True,56050,0.9117395182872435,0.903350728475776,0,0,,56050,22800,0.4067796610169492,SEA_A__s115__clean__none,SEA_A,clean,none,115,selected_map,0.05,1,0,complete,0.903350728475776,0.9117395182872435,,0.4067796610169492,35,57000,0.6560623340046732,0.0,0.0,,0.0,0,0,0.0
60000,57000,47500,46550,49,0.6493486660037888,False,3000,rl,True,56050,0.9128456735057984,0.9046124598334329,0,0,,56050,9500,0.1694915254237288,SEA_A__s115__clean__none,SEA_A,clean,none,115,selected_map,0.01,5,4,complete,0.903350728475776,0.9117395182872435,,0.4067796610169492,35,57000,0.6560623340046732,0.0012617313576568367,0.0011061552185548384,,-0.23728813559322037,14,0,-0.006713668000884354
60000,57000,49400,48450,51,0.6547247499984223,False,3000,rl,True,56050,0.9108652988403212,0.9023066212145907,0,0,,56050,7600,0.13559322033898305,SEA_A__s115__clean__none,SEA_A,clean,none,115,selected_map,0.02,1,0,complete,0.903350728475776,0.9117395182872435,,0.4067796610169492,35,57000,0.6560623340046732,-0.001044107261185312,-0.0008742194469223419,,-0.27118644067796616,16,0,-0.001337584006250836
60000,57000,40850,39900,42,0.6486507499939762,False,3000,rl,True,56050,0.9058340767172167,0.896399957686993,0,0,,56050,16150,0.288135593220339,SEA_A__s115__clean__none,SEA_A,clean,none,115,selected_map,0.02,5,4,complete,0.903350728475776,0.9117395182872435,,0.4067796610169492,35,57000,0.6560623340046732,-0.006950770788783034,-0.005905441570026815,,-0.11864406779661019,7,0,-0.00741158401069697
60000,57000,28500,27550,29,0.654920624991064,False,3000,rl,True,56050,0.9024799286351471,0.8926205410450738,0,0,,56050,28500,0.5084745762711864,SEA_A__s115__clean__none,SEA_A,clean,none,115,selected_map,0.05,5,4,complete,0.903350728475776,0.9117395182872435,,0.4067796610169492,35,57000,0.6560623340046732,-0.010730187430702198,-0.00925958965209639,,0.10169491525423724,-6,0,-0.0011417090136092156
60000,57000,51300,44650,47,0.668777458005934,False,3000,rl,True,56050,0.9090098126672613,0.9003879314310184,0,0,,56050,5700,0.1016949152542373,SEA_A__s115__clean__none,SEA_A,clean,none,115,q_alarm_persistence_7,0.01,1,0,complete,0.9027624129911793,0.9112934879571811,,0.3559322033898305,33,57000,0.6729034580057487,-0.002374481560160957,-0.0022836752899197954,,-0.2542372881355932,14,0,-0.004125999999814667
60000,57000,37050,31350,33,0.6729034580057487,False,3000,rl,True,56050,0.9112934879571811,0.9027624129911793,0,0,,56050,19950,0.3559322033898305,SEA_A__s115__clean__none,SEA_A,clean,none,115,q_alarm_persistence_7,0.05,1,0,complete,0.9027624129911793,0.9112934879571811,,0.3559322033898305,33,57000,0.6729034580057487,0.0,0.0,,0.0,0,0,0.0
60000,57000,46550,41800,44,0.6677700000000186,False,3000,rl,True,56050,0.9104192685102587,0.9017688052180753,0,0,,56050,10450,0.1864406779661017,SEA_A__s115__clean__none,SEA_A,clean,none,115,q_alarm_persistence_7,0.01,5,4,complete,0.9027624129911793,0.9112934879571811,,0.3559322033898305,33,57000,0.6729034580057487,-0.0009936077731039772,-0.0008742194469224529,,-0.1694915254237288,11,0,-0.005133458005730063
60000,57000,48450,41800,44,0.666803833009908,False,3000,rl,True,56050,0.9091882247992864,0.9007400141948204,0,0,,56050,8550,0.15254237288135594,SEA_A__s115__clean__none,SEA_A,clean,none,115,q_alarm_persistence_7,0.02,1,0,complete,0.9027624129911793,0.9112934879571811,,0.3559322033898305,33,57000,0.6729034580057487,-0.002022398796358904,-0.002105263157894721,,-0.20338983050847456,11,0,-0.006099624995840713
60000,57000,40850,37050,39,0.6671033339953283,False,3000,rl,True,56050,0.903657448706512,0.8938487571653825,0,0,,56050,16150,0.288135593220339,SEA_A__s115__clean__none,SEA_A,clean,none,115,q_alarm_persistence_7,0.02,5,4,complete,0.9027624129911793,0.9112934879571811,,0.3559322033898305,33,57000,0.6729034580057487,-0.00891365582579684,-0.0076360392506691355,,-0.06779661016949151,6,0,-0.005800124010420404
60000,57000,29450,26600,28,0.6629328330018325,False,3000,rl,True,56050,0.904299732381802,0.8947592161762141,0,0,,56050,27550,0.4915254237288136,SEA_A__s115__clean__none,SEA_A,clean,none,115,q_alarm_persistence_7,0.05,5,4,complete,0.9027624129911793,0.9112934879571811,,0.3559322033898305,33,57000,0.6729034580057487,-0.008003196814965197,-0.006993755575379179,,0.13559322033898308,-5,0,-0.009970625003916211
60000,57000,47500,950,1,0.774625083009596,False,3000,rl,True,56050,0.904299732381802,0.895498735930816,0,0,,56050,9500,0.1694915254237288,SEA_A__s115__clean__none,SEA_A,clean,none,115,q_alarm_persistence_17,0.01,5,4,complete,0.9015361691351264,0.9091703835860838,,0.1694915254237288,1,57000,0.8026840840029763,-0.006037433204310383,-0.004870651204281873,,0.0,0,0,-0.028059000993380323
60000,57000,48450,1900,2,0.7379678330034949,False,3000,rl,True,56050,0.9072256913470116,0.8992458275369322,0,0,,56050,8550,0.15254237288135594,SEA_A__s115__clean__none,SEA_A,clean,none,115,q_alarm_persistence_17,0.02,1,0,complete,0.9015361691351264,0.9091703835860838,,0.1694915254237288,1,57000,0.8026840840029763,-0.00229034159819419,-0.001944692239072232,,-0.016949152542372864,1,0,-0.06471625099948142
60000,57000,47500,950,1,0.8026840840029763,False,3000,rl,True,56050,0.9091703835860838,0.9015361691351264,0,0,,56050,9500,0.1694915254237288,SEA_A__s115__clean__none,SEA_A,clean,none,115,q_alarm_persistence_17,0.05,1,0,complete,0.9015361691351264,0.9091703835860838,,0.1694915254237288,1,57000,0.8026840840029763,0.0,0.0,,0.0,0,0,0.0
60000,57000,47500,950,1,0.8070174589956878,False,3000,rl,True,56050,0.896021409455843,0.88612687810191,0,0,,56050,9500,0.1694915254237288,SEA_A__s115__clean__none,SEA_A,clean,none,115,q_alarm_persistence_17,0.01,1,0,complete,0.9015361691351264,0.9091703835860838,,0.1694915254237288,1,57000,0.8026840840029763,-0.01540929103321631,-0.013148974130240854,,0.0,0,0,0.0043333749927114695
60000,57000,39900,1900,2,0.7613098330039065,False,3000,rl,True,56050,0.9008563782337199,0.8914156842760601,0,0,,56050,17100,0.3050847457627119,SEA_A__s115__clean__none,SEA_A,clean,none,115,q_alarm_persistence_17,0.02,5,4,complete,0.9015361691351264,0.9091703835860838,,0.1694915254237288,1,57000,0.8026840840029763,-0.010120484859066248,-0.008314005352363929,,0.13559322033898308,1,0,-0.04137425099906977
60000,57000,50350,49400,52,0.6392324579937849,False,3000,rl,True,56050,0.9130062444246209,0.9047892917830906,0,0,,56050,6650,0.11864406779661017,SEA_A__s115__clean__none,SEA_A,clean,none,115,q_alarm_persistence_27,0.01,1,0,complete,0.903350728475776,0.9117395182872435,,0.4067796610169492,35,57000,0.6563047080126125,0.001438563307314622,0.0012667261373773275,,-0.288135593220339,17,0,-0.017072250018827617
60000,57000,47500,46550,49,0.6486152919969754,False,3000,rl,True,56050,0.9128456735057984,0.9046124598334329,0,0,,56050,9500,0.1694915254237288,SEA_A__s115__clean__none,SEA_A,clean,none,115,q_alarm_persistence_27,0.01,5,4,complete,0.903350728475776,0.9117395182872435,,0.4067796610169492,35,57000,0.6563047080126125,0.0012617313576568367,0.0011061552185548384,,-0.23728813559322037,14,0,-0.007689416015637107
60000,57000,34200,33250,35,0.6563047080126125,False,3000,rl,True,56050,0.9117395182872435,0.903350728475776,0,0,,56050,22800,0.4067796610169492,SEA_A__s115__clean__none,SEA_A,clean,none,115,q_alarm_persistence_27,0.05,1,0,complete,0.903350728475776,0.9117395182872435,,0.4067796610169492,35,57000,0.6563047080126125,0.0,0.0,,0.0,0,0,0.0
60000,57000,42750,950,1,0.7666331670043292,False,3000,rl,True,56050,0.9008563782337199,0.8917031723585069,0,0,,56050,14250,0.2542372881355932,SEA_A__s115__clean__none,SEA_A,clean,none,115,q_alarm_persistence_17,0.05,5,4,complete,0.9015361691351264,0.9091703835860838,,0.1694915254237288,1,57000,0.8026840840029763,-0.009832996776619418,-0.008314005352363929,,0.0847457627118644,0,0,-0.03605091699864715
60000,57000,40850,39900,42,0.6426222910085926,False,3000,rl,True,56050,0.9058340767172167,0.896399957686993,0,0,,56050,16150,0.288135593220339,SEA_A__s115__clean__none,SEA_A,clean,none,115,q_alarm_persistence_27,0.02,5,4,complete,0.903350728475776,0.9117395182872435,,0.4067796610169492,35,57000,0.6563047080126125,-0.006950770788783034,-0.005905441570026815,,-0.11864406779661019,7,0,-0.013682417004019953
60000,57000,49400,48450,51,0.6532513749989448,False,3000,rl,True,56050,0.9108652988403212,0.9023066212145907,0,0,,56050,7600,0.13559322033898305,SEA_A__s115__clean__none,SEA_A,clean,none,115,q_alarm_persistence_27,0.02,1,0,complete,0.903350728475776,0.9117395182872435,,0.4067796610169492,35,57000,0.6563047080126125,-0.001044107261185312,-0.0008742194469223419,,-0.27118644067796616,16,0,-0.003053333013667725
60000,57000,28500,27550,29,0.658343834002153,False,3000,rl,True,56050,0.9024799286351471,0.8926205410450738,0,0,,56050,28500,0.5084745762711864,SEA_A__s115__clean__none,SEA_A,clean,none,115,q_alarm_persistence_27,0.05,5,4,complete,0.903350728475776,0.9117395182872435,,0.4067796610169492,35,57000,0.6563047080126125,-0.010730187430702198,-0.00925958965209639,,0.10169491525423724,-6,0,0.00203912598954048
60000,57000,56050,0,0,0.8628348749916768,False,3000,none,True,56050,0.8883140053523639,0.876981384784705,14226,14001,0.9841838886545762,41824,725,0.017334544758990055,SEA_A__s115__instance__severe,SEA_A,instance,severe,115,no_reset,0.01,1,0,complete,0.8856521903994463,0.8956289027653881,0.7417404751862786,0.2528691660290742,0,57000,0.7871804999886081,-0.008670805614741317,-0.007314897413024157,0.24244341346829756,-0.23553462127008418,0,0,0.07565437500306871
60000,57000,42750,0,0,0.7871804999886081,False,3000,none,True,56050,0.8956289027653881,0.8856521903994463,14226,10552,0.7417404751862786,41824,10576,0.2528691660290742,SEA_A__s115__instance__severe,SEA_A,instance,severe,115,no_reset,0.05,1,0,complete,0.8856521903994463,0.8956289027653881,0.7417404751862786,0.2528691660290742,0,57000,0.7871804999886081,0.0,0.0,0.0,0.0,0,0,0.0
60000,57000,47500,0,0,0.8337488749966724,False,3000,none,True,56050,0.8911150758251561,0.880592161180783,14226,11761,0.8267257134823562,41824,7035,0.1682048584544759,SEA_A__s115__instance__severe,SEA_A,instance,severe,115,no_reset,0.01,5,4,complete,0.8856521903994463,0.8956289027653881,0.7417404751862786,0.2528691660290742,0,57000,0.7871804999886081,-0.005060029218663331,-0.004513826940231946,0.08498523829607763,-0.08466430757459834,0,0,0.04656837500806432
60000,57000,52250,0,0,0.8391369579912862,False,3000,none,True,56050,0.8904192685102587,0.8793979000544628,14226,13046,0.917053282721777,41824,3570,0.08535768936495793,SEA_A__s115__instance__severe,SEA_A,instance,severe,115,no_reset,0.02,1,0,complete,0.8856521903994463,0.8956289027653881,0.7417404751862786,0.2528691660290742,0,57000,0.7871804999886081,-0.006254290344983482,-0.005209634255129436,0.17531280753549838,-0.1675114766641163,0,0,0.05195645800267812
60000,57000,43700,0,0,0.8232522499893093,False,3000,none,True,56050,0.8939161462979482,0.8840524522683355,14226,10826,0.7610009841135948,41824,9900,0.2367061973986228,SEA_A__s115__instance__severe,SEA_A,instance,severe,115,no_reset,0.02,5,4,complete,0.8856521903994463,0.8956289027653881,0.7417404751862786,0.2528691660290742,0,57000,0.7871804999886081,-0.001599738131110806,-0.0017127564674398466,0.019260508927316233,-0.016162968630451413,0,0,0.036071750000701286
60000,57000,31350,0,0,0.7790311670105439,False,3000,none,True,56050,0.8919536128456735,0.8811766757223214,14226,7706,0.5416842401237172,41824,19130,0.4573928844682479,SEA_A__s115__instance__severe,SEA_A,instance,severe,115,no_reset,0.05,5,4,complete,0.8856521903994463,0.8956289027653881,0.7417404751862786,0.2528691660290742,0,57000,0.7871804999886081,-0.0044755146771249255,-0.0036752899197145528,-0.20005623506256143,0.20452371843917366,0,0,-0.008149332978064194
60000,57000,47500,0,0,0.8535122089961078,False,3000,confirmed,True,56050,0.8911150758251561,0.880592161180783,14226,11761,0.8267257134823562,41824,7035,0.1682048584544759,SEA_A__s115__instance__severe,SEA_A,instance,severe,115,confirmed,0.01,5,4,complete,0.8856521903994463,0.8956289027653881,0.7417404751862786,0.2528691660290742,0,57000,0.7956887089967495,-0.005060029218663331,-0.004513826940231946,0.08498523829607763,-0.08466430757459834,0,0,0.05782349999935832
60000,57000,42750,0,0,0.7956887089967495,False,3000,confirmed,True,56050,0.8956289027653881,0.8856521903994463,14226,10552,0.7417404751862786,41824,10576,0.2528691660290742,SEA_A__s115__instance__severe,SEA_A,instance,severe,115,confirmed,0.05,1,0,complete,0.8856521903994463,0.8956289027653881,0.7417404751862786,0.2528691660290742,0,57000,0.7956887089967495,0.0,0.0,0.0,0.0,0,0,0.0
60000,57000,56050,0,0,0.8853964160080068,False,3000,confirmed,True,56050,0.8883140053523639,0.876981384784705,14226,14001,0.9841838886545762,41824,725,0.017334544758990055,SEA_A__s115__instance__severe,SEA_A,instance,severe,115,confirmed,0.01,1,0,complete,0.8856521903994463,0.8956289027653881,0.7417404751862786,0.2528691660290742,0,57000,0.7956887089967495,-0.008670805614741317,-0.007314897413024157,0.24244341346829756,-0.23553462127008418,0,0,0.0897077070112573
60000,57000,52250,0,0,0.8603959159954684,False,3000,confirmed,True,56050,0.8904192685102587,0.8793979000544628,14226,13046,0.917053282721777,41824,3570,0.08535768936495793,SEA_A__s115__instance__severe,SEA_A,instance,severe,115,confirmed,0.02,1,0,complete,0.8856521903994463,0.8956289027653881,0.7417404751862786,0.2528691660290742,0,57000,0.7956887089967495,-0.006254290344983482,-0.005209634255129436,0.17531280753549838,-0.1675114766641163,0,0,0.0647072069987189
60000,58900,39900,2850,1,0.7523567500029458,False,3000,confirmed,True,56050,0.904442462087422,0.8969301601934021,14226,9606,0.6752425137072965,41824,13430,0.32110749808722266,SEA_A__s115__instance__severe,SEA_A,instance,severe,115,confirmed,0.02,5,4,complete,0.8856521903994463,0.8956289027653881,0.7417404751862786,0.2528691660290742,0,57000,0.7956887089967495,0.011277969793955789,0.00881355932203387,-0.06649796147898213,0.06823833205814844,1,1900,-0.04333195899380371
60000,57000,53200,6650,7,0.7144735830079298,False,3000,rl,True,56050,0.8965923282783229,0.888060601903365,14226,13301,0.9349782089132574,41824,2875,0.06874043611323642,SEA_A__s115__instance__severe,SEA_A,instance,severe,115,error_rule,0.01,1,0,complete,0.8993749175283317,0.9068688670829617,0.4080556727119359,0.5936543611323641,5,57000,0.6880466660077218,-0.011314315624966653,-0.010276538804638746,0.5269225362013216,-0.5249139250191277,2,0,0.02642691700020805
60000,57000,44650,3800,4,0.7049516669940203,False,3000,rl,True,56050,0.9042283675289919,0.896244586927261,14226,11057,0.77723885842823,41824,9181,0.21951511094108644,SEA_A__s115__instance__severe,SEA_A,instance,severe,115,error_rule,0.01,5,4,complete,0.8993749175283317,0.9068688670829617,0.4080556727119359,0.5936543611323641,5,57000,0.6880466660077218,-0.0031303306010705967,-0.002640499553969722,0.36918318571629416,-0.3741392501912777,-1,0,0.016905000986298546
60000,57000,23750,4750,5,0.6880466660077218,False,3000,rl,True,56050,0.9068688670829617,0.8993749175283317,14226,5805,0.4080556727119359,41824,24829,0.5936543611323641,SEA_A__s115__instance__severe,SEA_A,instance,severe,115,error_rule,0.05,1,0,complete,0.8993749175283317,0.9068688670829617,0.4080556727119359,0.5936543611323641,5,57000,0.6880466660077218,0.0,0.0,0.0,0.0,0,0,0.0
60000,58900,32300,0,0,0.7867560419981601,False,3000,confirmed,True,56050,0.8899197145405887,0.8787586992614507,14226,7940,0.558132995922958,41824,18414,0.4402735271614384,SEA_A__s115__instance__severe,SEA_A,instance,severe,115,confirmed,0.05,5,4,complete,0.8856521903994463,0.8956289027653881,0.7417404751862786,0.2528691660290742,0,57000,0.7956887089967495,-0.006893491137995644,-0.0057091882247993775,-0.18360747926332066,0.1874043611323642,0,1900,-0.008932666998589411
60000,57000,45600,1900,2,0.7281735829892568,False,3000,rl,True,56050,0.903728813559322,0.8959559016149197,14226,11347,0.7976240686067764,41824,8521,0.20373469778117828,SEA_A__s115__instance__severe,SEA_A,instance,severe,115,error_rule,0.02,1,0,complete,0.8993749175283317,0.9068688670829617,0.4080556727119359,0.5936543611323641,5,57000,0.6880466660077218,-0.0034190159134119824,-0.003140053523639663,0.3895683958948405,-0.3899196633511859,-3,0,0.04012691698153503
60000,57000,36100,6650,7,0.6803394579910673,False,3000,rl,True,56050,0.8997680642283675,0.8904484824829312,14226,8887,0.624701251230142,41824,15561,0.37205910482019894,SEA_A__s115__instance__severe,SEA_A,instance,severe,115,error_rule,0.02,5,4,complete,0.8993749175283317,0.9068688670829617,0.4080556727119359,0.5936543611323641,5,57000,0.6880466660077218,-0.008926435045400472,-0.007100802854594135,0.2166455785182061,-0.2215952563121652,2,0,-0.0077072080166544765
60000,57000,43700,42750,45,0.6488517500110902,False,3000,rl,True,56050,0.9008920606601248,0.892922809578631,14226,10947,0.7695065373260228,41824,10021,0.23959927314460597,SEA_A__s115__instance__severe,SEA_A,instance,severe,115,selected_map,0.01,1,0,complete,0.895395314636066,0.903550401427297,0.6082524954309012,0.3891784621270084,36,57000,0.6563960000057705,-0.002472505057435015,-0.002658340767172196,0.1612540418951216,-0.14957918898240244,9,0,-0.0075442499946802855
60000,57000,29450,3800,4,0.714248750009574,False,3000,rl,True,56050,0.8972524531668153,0.8879007310686478,14226,7299,0.5130746520455504,41824,20623,0.4930900918133129,SEA_A__s115__instance__severe,SEA_A,instance,severe,115,error_rule,0.05,5,4,complete,0.8993749175283317,0.9068688670829617,0.4080556727119359,0.5936543611323641,5,57000,0.6880466660077218,-0.0114741864596839,-0.009616413916146316,0.10501897933361448,-0.10056426931905121,-1,0,0.0262020840018522
60000,57000,35150,34200,36,0.6563960000057705,False,3000,rl,True,56050,0.903550401427297,0.895395314636066,14226,8653,0.6082524954309012,41824,16277,0.3891784621270084,SEA_A__s115__instance__severe,SEA_A,instance,severe,115,selected_map,0.05,1,0,complete,0.895395314636066,0.903550401427297,0.6082524954309012,0.3891784621270084,36,57000,0.6563960000057705,0.0,0.0,0.0,0.0,0,0,0.0
60000,57000,41800,40850,43,0.6405732499988517,False,3000,rl,True,56050,0.9023728813559322,0.8942548214369939,14226,10421,0.7325319836918318,41824,11395,0.2724512241775057,SEA_A__s115__instance__severe,SEA_A,instance,severe,115,selected_map,0.01,5,4,complete,0.895395314636066,0.903550401427297,0.6082524954309012,0.3891784621270084,36,57000,0.6563960000057705,-0.0011404931990721678,-0.001177520071364846,0.1242794882609306,-0.11672723794950268,7,0,-0.015822750006918795
60000,57000,46550,45600,48,0.6461487080086954,False,3000,rl,True,56050,0.9022658340767172,0.8942089719776503,14226,11630,0.8175172219879094,41824,7854,0.18778691660290742,SEA_A__s115__instance__severe,SEA_A,instance,severe,115,selected_map,0.02,1,0,complete,0.895395314636066,0.903550401427297,0.6082524954309012,0.3891784621270084,36,57000,0.6563960000057705,-0.0011863426584157732,-0.0012845673505798016,0.20926472655700823,-0.201391545524101,12,0,-0.010247291997075081
60000,57000,32300,31350,33,0.6519275839964394,False,3000,rl,True,56050,0.8988938447814452,0.889947254460809,14226,8012,0.5631941515534936,41824,18486,0.4419950267788829,SEA_A__s115__instance__severe,SEA_A,instance,severe,115,selected_map,0.02,5,4,complete,0.895395314636066,0.903550401427297,0.6082524954309012,0.3891784621270084,36,57000,0.6563960000057705,-0.005448060175257008,-0.00465655664585185,-0.04505834387740759,0.05281656465187451,-3,0,-0.004468416009331122
60000,57000,27550,26600,28,0.6654677499900572,False,3000,rl,True,56050,0.8974665477252454,0.8878139530482176,14226,6783,0.4768030366933783,41824,22007,0.5261811400153023,SEA_A__s115__instance__severe,SEA_A,instance,severe,115,selected_map,0.05,5,4,complete,0.895395314636066,0.903550401427297,0.6082524954309012,0.3891784621270084,36,57000,0.6563960000057705,-0.00758136158784839,-0.006083853702051667,-0.1314494587375229,0.13700267788829384,-8,0,0.009071749984286726
60000,57000,43700,37050,39,0.6509902920079185,False,3000,rl,True,56050,0.9002319357716325,0.8919728289659721,14226,10947,0.7695065373260228,41824,10021,0.23959927314460597,SEA_A__s115__instance__severe,SEA_A,instance,severe,115,q_alarm_persistence_7,0.01,1,0,complete,0.8954594264353235,0.903800178412132,0.6076198509770843,0.38896327467482783,31,57000,0.6659737919981126,-0.0034865974693514268,-0.003568242640499486,0.16188668634893855,-0.14936400153022186,8,0,-0.014983499990194105
60000,57000,35150,29450,31,0.6659737919981126,False,3000,rl,True,56050,0.903800178412132,0.8954594264353235,14226,8644,0.6076198509770843,41824,16268,0.38896327467482783,SEA_A__s115__instance__severe,SEA_A,instance,severe,115,q_alarm_persistence_7,0.05,1,0,complete,0.8954594264353235,0.903800178412132,0.6076198509770843,0.38896327467482783,31,57000,0.6659737919981126,0.0,0.0,0.0,0.0,0,0,0.0
60000,57000,41800,37050,39,0.6480267500010086,False,3000,rl,True,56050,0.9016057091882248,0.8932411474821232,14226,10413,0.7319696330662168,41824,11387,0.2722599464422341,SEA_A__s115__instance__severe,SEA_A,instance,severe,115,q_alarm_persistence_7,0.01,5,4,complete,0.8954594264353235,0.903800178412132,0.6076198509770843,0.38896327467482783,31,57000,0.6659737919981126,-0.002218278953200259,-0.0021944692239072028,0.1243497820891325,-0.11670332823259372,8,0,-0.017947041997103952
60000,57000,45600,38000,40,0.663277209008811,False,3000,rl,True,56050,0.9027118644067796,0.8945257218145468,14226,11384,0.800224940250246,41824,8558,0.2046193573068095,SEA_A__s115__instance__severe,SEA_A,instance,severe,115,q_alarm_persistence_7,0.02,1,0,complete,0.8954594264353235,0.903800178412132,0.6076198509770843,0.38896327467482783,31,57000,0.6659737919981126,-0.0009337046207766875,-0.0010883140053523643,0.19260508927316178,-0.18434391736801833,9,0,-0.0026965829893015325
60000,57000,32300,27550,29,0.6667997500044294,False,3000,rl,True,56050,0.9034611953612846,0.8952747862840236,14226,7981,0.5610150428792352,41824,18455,0.44125382555470544,SEA_A__s115__instance__severe,SEA_A,instance,severe,115,q_alarm_persistence_7,0.02,5,4,complete,0.8954594264353235,0.903800178412132,0.6076198509770843,0.38896327467482783,31,57000,0.6659737919981126,-0.00018464015129993072,-0.0003389830508474523,-0.04660480809784906,0.052290550879877606,-2,0,0.0008259580063167959
60000,57000,29450,23750,25,0.6666893340006936,False,3000,rl,True,56050,0.9014808206958073,0.8924837029985233,14226,7314,0.5141290594685787,41824,20638,0.4934487375669472,SEA_A__s115__instance__severe,SEA_A,instance,severe,115,q_alarm_persistence_7,0.05,5,4,complete,0.8954594264353235,0.903800178412132,0.6076198509770843,0.38896327467482783,31,57000,0.6659737919981126,-0.002975723436800193,-0.0023193577163247436,-0.09349079150850559,0.10448546289211935,-6,0,0.0007155420025810599
60000,57000,54150,950,1,0.7708996669971384,False,3000,rl,True,56050,0.8983586083853702,0.889629289569672,14226,13534,0.9513566708842963,41824,2158,0.05159716908951798,SEA_A__s115__instance__severe,SEA_A,instance,severe,115,q_alarm_persistence_17,0.01,1,0,complete,0.8856521903994463,0.8956289027653881,0.7417404751862786,0.2528691660290742,0,57000,0.8051432089996524,0.003977099170225706,0.0027297056199820924,0.2096161956980177,-0.20127199693955625,1,0,-0.034243542002514005
60000,57000,42750,0,0,0.8051432089996524,False,3000,rl,True,56050,0.8956289027653881,0.8856521903994463,14226,10552,0.7417404751862786,41824,10576,0.2528691660290742,SEA_A__s115__instance__severe,SEA_A,instance,severe,115,q_alarm_persistence_17,0.05,1,0,complete,0.8856521903994463,0.8956289027653881,0.7417404751862786,0.2528691660290742,0,57000,0.8051432089996524,0.0,0.0,0.0,0.0,0,0,0.0
60000,57000,50350,950,1,0.7623921250051353,False,3000,rl,True,56050,0.8987332738626227,0.8900684484291417,14226,12564,0.883171657528469,41824,4988,0.11926166794185157,SEA_A__s115__instance__severe,SEA_A,instance,severe,115,q_alarm_persistence_17,0.02,1,0,complete,0.8856521903994463,0.8956289027653881,0.7417404751862786,0.2528691660290742,0,57000,0.8051432089996524,0.0044162580296953635,0.003104371097234604,0.14143118234219043,-0.13360749808722266,1,0,-0.0427510839945171
60000,57000,47500,0,0,0.8488425419927808,False,3000,rl,True,56050,0.8911150758251561,0.880592161180783,14226,11761,0.8267257134823562,41824,7035,0.1682048584544759,SEA_A__s115__instance__severe,SEA_A,instance,severe,115,q_alarm_persistence_17,0.01,5,4,complete,0.8856521903994463,0.8956289027653881,0.7417404751862786,0.2528691660290742,0,57000,0.8051432089996524,-0.005060029218663331,-0.004513826940231946,0.08498523829607763,-0.08466430757459834,0,0,0.04369933299312834
60000,57000,43700,0,0,0.8315396249963669,False,3000,rl,True,56050,0.8939161462979482,0.8840524522683355,14226,10826,0.7610009841135948,41824,9900,0.2367061973986228,SEA_A__s115__instance__severe,SEA_A,instance,severe,115,q_alarm_persistence_17,0.02,5,4,complete,0.8856521903994463,0.8956289027653881,0.7417404751862786,0.2528691660290742,0,57000,0.8051432089996524,-0.001599738131110806,-0.0017127564674398466,0.019260508927316233,-0.016162968630451413,0,0,0.026396415996714495
60000,57000,43700,42750,45,0.6537479580001673,False,3000,rl,True,56050,0.9008920606601248,0.892922809578631,14226,10947,0.7695065373260228,41824,10021,0.23959927314460597,SEA_A__s115__instance__severe,SEA_A,instance,severe,115,q_alarm_persistence_27,0.01,1,0,complete,0.895395314636066,0.903550401427297,0.6082524954309012,0.3891784621270084,36,57000,0.6531202500045765,-0.002472505057435015,-0.002658340767172196,0.1612540418951216,-0.14957918898240244,9,0,0.0006277079955907539
60000,57000,41800,40850,43,0.6539824579958804,False,3000,rl,True,56050,0.9023728813559322,0.8942548214369939,14226,10421,0.7325319836918318,41824,11395,0.2724512241775057,SEA_A__s115__instance__severe,SEA_A,instance,severe,115,q_alarm_persistence_27,0.01,5,4,complete,0.895395314636066,0.903550401427297,0.6082524954309012,0.3891784621270084,36,57000,0.6531202500045765,-0.0011404931990721678,-0.001177520071364846,0.1242794882609306,-0.11672723794950268,7,0,0.000862207991303876
60000,57000,35150,34200,36,0.6531202500045765,False,3000,rl,True,56050,0.903550401427297,0.895395314636066,14226,8653,0.6082524954309012,41824,16277,0.3891784621270084,SEA_A__s115__instance__severe,SEA_A,instance,severe,115,q_alarm_persistence_27,0.05,1,0,complete,0.895395314636066,0.903550401427297,0.6082524954309012,0.3891784621270084,36,57000,0.6531202500045765,0.0,0.0,0.0,0.0,0,0,0.0
60000,57000,31350,0,0,0.7789116250060033,False,3000,rl,True,56050,0.8919536128456735,0.8811766757223214,14226,7706,0.5416842401237172,41824,19130,0.4573928844682479,SEA_A__s115__instance__severe,SEA_A,instance,severe,115,q_alarm_persistence_17,0.05,5,4,complete,0.8856521903994463,0.8956289027653881,0.7417404751862786,0.2528691660290742,0,57000,0.8051432089996524,-0.0044755146771249255,-0.0036752899197145528,-0.20005623506256143,0.20452371843917366,0,0,-0.02623158399364911
60000,57000,46550,45600,48,0.6527017920016078,False,3000,rl,True,56050,0.9022658340767172,0.8942089719776503,14226,11630,0.8175172219879094,41824,7854,0.18778691660290742,SEA_A__s115__instance__severe,SEA_A,instance,severe,115,q_alarm_persistence_27,0.02,1,0,complete,0.895395314636066,0.903550401427297,0.6082524954309012,0.3891784621270084,36,57000,0.6531202500045765,-0.0011863426584157732,-0.0012845673505798016,0.20926472655700823,-0.201391545524101,12,0,-0.0004184580029686913
60000,57000,32300,31350,33,0.6571285829995759,False,3000,rl,True,56050,0.8988938447814452,0.889947254460809,14226,8012,0.5631941515534936,41824,18486,0.4419950267788829,SEA_A__s115__instance__severe,SEA_A,instance,severe,115,q_alarm_persistence_27,0.02,5,4,complete,0.895395314636066,0.903550401427297,0.6082524954309012,0.3891784621270084,36,57000,0.6531202500045765,-0.005448060175257008,-0.00465655664585185,-0.04505834387740759,0.05281656465187451,-3,0,0.004008332994999364
60000,57000,27550,26600,28,0.669297208005446,False,3000,rl,True,56050,0.8974665477252454,0.8878139530482176,14226,6783,0.4768030366933783,41824,22007,0.5261811400153023,SEA_A__s115__instance__severe,SEA_A,instance,severe,115,q_alarm_persistence_27,0.05,5,4,complete,0.895395314636066,0.903550401427297,0.6082524954309012,0.3891784621270084,36,57000,0.6531202500045765,-0.00758136158784839,-0.006083853702051667,-0.1314494587375229,0.13700267788829384,-8,0,0.01617695800086949
60000,57000,52250,0,0,0.911285082998802,False,3000,none,True,56050,0.8970026761819804,0.8862139808949243,0,0,,56050,4750,0.0847457627118644,SEA_A__s116__clean__none,SEA_A,clean,none,116,no_reset,0.01,1,0,complete,0.893737251044757,0.9031400535236396,,0.2033898305084746,0,57000,0.8895682919974206,-0.007523270149832673,-0.0061373773416592,,-0.11864406779661019,0,0,0.021716791001381353
60000,57000,45600,0,0,0.8895682919974206,False,3000,none,True,56050,0.9031400535236396,0.893737251044757,0,0,,56050,11400,0.2033898305084746,SEA_A__s116__clean__none,SEA_A,clean,none,116,no_reset,0.05,1,0,complete,0.893737251044757,0.9031400535236396,,0.2033898305084746,0,57000,0.8895682919974206,0.0,0.0,,0.0,0,0,0.0
60000,57000,51300,0,0,0.8785539999953471,False,3000,none,True,56050,0.8980374665477252,0.8874308327869983,0,0,,56050,5700,0.1016949152542373,SEA_A__s116__clean__none,SEA_A,clean,none,116,no_reset,0.01,5,4,complete,0.893737251044757,0.9031400535236396,,0.2033898305084746,0,57000,0.8895682919974206,-0.006306418257758684,-0.005102586975914369,,-0.1016949152542373,0,0,-0.011014292002073489
60000,57000,51300,0,0,0.88936216699949,False,3000,none,True,56050,0.8964674397859055,0.8853821901563843,0,0,,56050,5700,0.1016949152542373,SEA_A__s116__clean__none,SEA_A,clean,none,116,no_reset,0.02,1,0,complete,0.893737251044757,0.9031400535236396,,0.2033898305084746,0,57000,0.8895682919974206,-0.008355060888372678,-0.00667261373773409,,-0.1016949152542373,0,0,-0.00020612499793060124
60000,57000,47500,0,0,0.8775794169923756,False,3000,none,True,56050,0.8927921498661909,0.8811139809268631,0,0,,56050,9500,0.1694915254237288,SEA_A__s116__clean__none,SEA_A,clean,none,116,no_reset,0.02,5,4,complete,0.893737251044757,0.9031400535236396,,0.2033898305084746,0,57000,0.8895682919974206,-0.012623270117893881,-0.010347903657448643,,-0.03389830508474578,0,0,-0.011988875005044974
60000,57000,32300,0,0,0.7587617920071352,False,3000,none,True,56050,0.9024085637823372,0.8922735609248984,0,0,,56050,24700,0.4406779661016949,SEA_A__s116__clean__none,SEA_A,clean,none,116,no_reset,0.05,5,4,complete,0.893737251044757,0.9031400535236396,,0.2033898305084746,0,57000,0.8895682919974206,-0.001463690119858585,-0.0007314897413023269,,0.23728813559322032,0,0,-0.13080649999028537
60000,58900,52250,2850,1,0.8068889580026735,False,3000,confirmed,True,56050,0.9075289919714541,0.899257026860709,0,0,,56050,6650,0.11864406779661017,SEA_A__s116__clean__none,SEA_A,clean,none,116,confirmed,0.01,1,0,complete,0.9043171542709807,0.911935771632471,,0.1864406779661017,1,58900,0.808027500010212,-0.005060127410271731,-0.00440677966101688,,-0.06779661016949153,0,0,-0.00113854200753849
60000,58900,47500,2850,1,0.808027500010212,False,3000,confirmed,True,56050,0.911935771632471,0.9043171542709807,0,0,,56050,10450,0.1864406779661017,SEA_A__s116__clean__none,SEA_A,clean,none,116,confirmed,0.05,1,0,complete,0.9043171542709807,0.911935771632471,,0.1864406779661017,1,58900,0.808027500010212,0.0,0.0,,0.0,0,0,0.0
60000,58900,49400,2850,1,0.8223422910086811,False,3000,confirmed,True,56050,0.9103479036574487,0.9023172187791514,0,0,,56050,9500,0.1694915254237288,SEA_A__s116__clean__none,SEA_A,clean,none,116,confirmed,0.02,1,0,complete,0.9043171542709807,0.911935771632471,,0.1864406779661017,1,58900,0.808027500010212,-0.0019999354918293077,-0.0015878679750223057,,-0.01694915254237289,0,0,0.014314790998469107
60000,58900,50350,0,0,0.9036467080004513,False,3000,confirmed,True,56050,0.895842997323818,0.8847290937928122,0,0,,56050,6650,0.11864406779661017,SEA_A__s116__clean__none,SEA_A,clean,none,116,confirmed,0.01,5,4,complete,0.9043171542709807,0.911935771632471,,0.1864406779661017,1,58900,0.808027500010212,-0.019588060478168523,-0.01609277430865297,,-0.06779661016949153,-1,0,0.09561920799023937
60000,58900,26600,0,0,0.7898537919973023,False,3000,confirmed,True,56050,0.8975914362176628,0.8867666246573368,0,0,,56050,30400,0.5423728813559322,SEA_A__s116__clean__none,SEA_A,clean,none,116,confirmed,0.05,5,4,complete,0.9043171542709807,0.911935771632471,,0.1864406779661017,1,58900,0.808027500010212,-0.017550529613643895,-0.014344335414808174,,0.3559322033898305,-1,0,-0.01817370801290963
60000,58900,47500,0,0,0.9138776250038063,False,3000,confirmed,True,56050,0.8927921498661909,0.8811139809268631,0,0,,56050,9500,0.1694915254237288,SEA_A__s116__clean__none,SEA_A,clean,none,116,confirmed,0.02,5,4,complete,0.9043171542709807,0.911935771632471,,0.1864406779661017,1,58900,0.808027500010212,-0.02320317334411759,-0.01914362176628004,,-0.01694915254237289,-1,0,0.10585012499359436
60000,57000,36100,8550,9,0.6875776249944465,False,3000,rl,True,56050,0.9038358608385371,0.8936373386649397,0,0,,56050,20900,0.3728813559322034,SEA_A__s116__clean__none,SEA_A,clean,none,116,error_rule,0.01,5,4,complete,0.9009025897179561,0.9094736842105263,,0.4576271186440678,6,57000,0.7015847500006203,-0.007265251053016453,-0.005637823371989259,,-0.0847457627118644,3,0,-0.014007125006173737
60000,57000,31350,5700,6,0.7015847500006203,False,3000,rl,True,56050,0.9094736842105263,0.9009025897179561,0,0,,56050,25650,0.4576271186440678,SEA_A__s116__clean__none,SEA_A,clean,none,116,error_rule,0.05,1,0,complete,0.9009025897179561,0.9094736842105263,,0.4576271186440678,6,57000,0.7015847500006203,0.0,0.0,,0.0,0,0,0.0
60000,57000,48450,4750,5,0.7548177499993471,False,3000,rl,True,56050,0.9132203389830509,0.9048348383576232,0,0,,56050,8550,0.15254237288135594,SEA_A__s116__clean__none,SEA_A,clean,none,116,error_rule,0.01,1,0,complete,0.9009025897179561,0.9094736842105263,,0.4576271186440678,6,57000,0.7015847500006203,0.003932248639667124,0.0037466547725245603,,-0.30508474576271183,-1,0,0.05323299999872688
60000,57000,45600,1900,2,0.736050207997323,False,3000,rl,True,56050,0.9038537020517395,0.8934806501015837,0,0,,56050,11400,0.2033898305084746,SEA_A__s116__clean__none,SEA_A,clean,none,116,error_rule,0.02,5,4,complete,0.9009025897179561,0.9094736842105263,,0.4576271186440678,6,57000,0.7015847500006203,-0.007421939616372386,-0.005619982158786785,,-0.2542372881355932,-4,0,0.03446545799670275
60000,57000,45600,3800,4,0.7550460409984225,False,3000,rl,True,56050,0.9127029438001784,0.9044606310225479,0,0,,56050,11400,0.2033898305084746,SEA_A__s116__clean__none,SEA_A,clean,none,116,error_rule,0.02,1,0,complete,0.9009025897179561,0.9094736842105263,,0.4576271186440678,6,57000,0.7015847500006203,0.003558041304591808,0.0032292595896520337,,-0.2542372881355932,-2,0,0.05346129099780228
60000,57000,52250,51300,54,0.6493684580054833,False,3000,rl,True,56050,0.9125602140945585,0.9036175615655497,0,0,,56050,4750,0.0847457627118644,SEA_A__s116__clean__none,SEA_A,clean,none,116,selected_map,0.01,1,0,complete,0.9062898245017204,0.9148617305976806,,0.3559322033898305,38,57000,0.6675615410058526,-0.002672262936170622,-0.0023015165031221585,,-0.2711864406779661,16,0,-0.01819308300036937
60000,57000,12350,2850,3,0.7054623330041068,False,3000,rl,True,56050,0.9037466547725246,0.8937184905127873,0,0,,56050,44650,0.7966101694915254,SEA_A__s116__clean__none,SEA_A,clean,none,116,error_rule,0.05,5,4,complete,0.9009025897179561,0.9094736842105263,,0.4576271186440678,6,57000,0.7015847500006203,-0.007184099205168826,-0.005727029438001741,,0.3389830508474576,-3,0,0.0038775830034865066
60000,57000,37050,36100,38,0.6675615410058526,False,3000,rl,True,56050,0.9148617305976806,0.9062898245017204,0,0,,56050,19950,0.3559322033898305,SEA_A__s116__clean__none,SEA_A,clean,none,116,selected_map,0.05,1,0,complete,0.9062898245017204,0.9148617305976806,,0.3559322033898305,38,57000,0.6675615410058526,0.0,0.0,,0.0,0,0,0.0
60000,57000,46550,45600,48,0.6423504590056837,False,3000,rl,True,56050,0.9142729705619982,0.9057099853675946,0,0,,56050,10450,0.1864406779661017,SEA_A__s116__clean__none,SEA_A,clean,none,116,selected_map,0.01,5,4,complete,0.9062898245017204,0.9148617305976806,,0.3559322033898305,38,57000,0.6675615410058526,-0.000579839134125737,-0.000588760035682423,,-0.1694915254237288,10,0,-0.02521108200016897
60000,57000,45600,44650,47,0.6480502909980714,False,3000,rl,True,56050,0.9132381801962534,0.9043923357977276,0,0,,56050,11400,0.2033898305084746,SEA_A__s116__clean__none,SEA_A,clean,none,116,selected_map,0.02,1,0,complete,0.9062898245017204,0.9148617305976806,,0.3559322033898305,38,57000,0.6675615410058526,-0.0018974887039927557,-0.001623550401427254,,-0.15254237288135591,9,0,-0.0195112500077812
60000,57000,39900,38950,41,0.6524622919969261,False,3000,rl,True,56050,0.9093309545049063,0.8998396915215205,0,0,,56050,17100,0.3050847457627119,SEA_A__s116__clean__none,SEA_A,clean,none,116,selected_map,0.02,5,4,complete,0.9062898245017204,0.9148617305976806,,0.3559322033898305,38,57000,0.6675615410058526,-0.0064501329801998075,-0.005530776092774303,,-0.05084745762711862,3,0,-0.015099249008926563
60000,57000,27550,26600,28,0.6630875419941731,False,3000,rl,True,56050,0.9039607493309545,0.8937663822393831,0,0,,56050,29450,0.5254237288135594,SEA_A__s116__clean__none,SEA_A,clean,none,116,selected_map,0.05,5,4,complete,0.9062898245017204,0.9148617305976806,,0.3559322033898305,38,57000,0.6675615410058526,-0.012523442262337259,-0.010900981266726117,,0.16949152542372886,-10,0,-0.0044739990116795525
60000,57000,52250,49400,52,0.6471645410056226,False,3000,rl,True,56050,0.9106512042818912,0.9013626752056786,0,0,,56050,4750,0.0847457627118644,SEA_A__s116__clean__none,SEA_A,clean,none,116,q_alarm_persistence_7,0.01,1,0,complete,0.9068031449598034,0.9152899197145405,,0.3050847457627119,36,57000,0.6680054169992218,-0.0054404697541248215,-0.004638715432649376,,-0.22033898305084748,16,0,-0.020840875993599184
60000,57000,39900,34200,36,0.6680054169992218,False,3000,rl,True,56050,0.9152899197145405,0.9068031449598034,0,0,,56050,17100,0.3050847457627119,SEA_A__s116__clean__none,SEA_A,clean,none,116,q_alarm_persistence_7,0.05,1,0,complete,0.9068031449598034,0.9152899197145405,,0.3050847457627119,36,57000,0.6680054169992218,0.0,0.0,,0.0,0,0,0.0
60000,57000,46550,41800,44,0.645228124994901,False,3000,rl,True,56050,0.912471008028546,0.9036446592403141,0,0,,56050,10450,0.1864406779661017,SEA_A__s116__clean__none,SEA_A,clean,none,116,q_alarm_persistence_7,0.01,5,4,complete,0.9068031449598034,0.9152899197145405,,0.3050847457627119,36,57000,0.6680054169992218,-0.00315848571948929,-0.002818911685994574,,-0.11864406779661019,8,0,-0.02277729200432077
60000,57000,45600,42750,45,0.6534850000025472,False,3000,rl,True,56050,0.9113291703835861,0.9021394924092979,0,0,,56050,11400,0.2033898305084746,SEA_A__s116__clean__none,SEA_A,clean,none,116,q_alarm_persistence_7,0.02,1,0,complete,0.9068031449598034,0.9152899197145405,,0.3050847457627119,36,57000,0.6680054169992218,-0.004663652550505493,-0.003960749330954472,,-0.1016949152542373,9,0,-0.014520416996674612
60000,57000,39900,36100,38,0.6586057089880342,False,3000,rl,True,56050,0.9098661909009813,0.9005008638244236,0,0,,56050,17100,0.3050847457627119,SEA_A__s116__clean__none,SEA_A,clean,none,116,q_alarm_persistence_7,0.02,5,4,complete,0.9068031449598034,0.9152899197145405,,0.3050847457627119,36,57000,0.6680054169992218,-0.006302281135379784,-0.0054237288135592365,,0.0,2,0,-0.009399708011187613
60000,57000,33250,28500,30,0.6629062499996508,False,3000,rl,True,56050,0.9077787689562891,0.8980792153842148,0,0,,56050,23750,0.423728813559322,SEA_A__s116__clean__none,SEA_A,clean,none,116,q_alarm_persistence_7,0.05,5,4,complete,0.9068031449598034,0.9152899197145405,,0.3050847457627119,36,57000,0.6680054169992218,-0.008723929575588651,-0.007511150758251484,,0.11864406779661013,-6,0,-0.005099166999571025
60000,57000,49400,3800,4,0.7158629159966949,False,3000,rl,True,56050,0.9057270294380018,0.8970386562028798,0,0,,56050,7600,0.13559322033898305,SEA_A__s116__clean__none,SEA_A,clean,none,116,q_alarm_persistence_17,0.01,1,0,complete,0.9053949471104166,0.9128991971454059,,0.2033898305084746,2,57000,0.7750746670062654,-0.008356290907536756,-0.007172167707404142,,-0.06779661016949154,2,0,-0.059211751009570435
60000,57000,45600,1900,2,0.7750746670062654,False,3000,rl,True,56050,0.9128991971454059,0.9053949471104166,0,0,,56050,11400,0.2033898305084746,SEA_A__s116__clean__none,SEA_A,clean,none,116,q_alarm_persistence_17,0.05,1,0,complete,0.9053949471104166,0.9128991971454059,,0.2033898305084746,2,57000,0.7750746670062654,0.0,0.0,,0.0,0,0,0.0
60000,57000,44650,1900,2,0.7646897079976043,False,3000,rl,True,56050,0.9013916146297948,0.8919670006757285,0,0,,56050,12350,0.22033898305084745,SEA_A__s116__clean__none,SEA_A,clean,none,116,q_alarm_persistence_17,0.01,5,4,complete,0.9053949471104166,0.9128991971454059,,0.2033898305084746,2,57000,0.7750746670062654,-0.013427946434688032,-0.011507582515611126,,0.016949152542372864,0,0,-0.010384959008661099
60000,57000,37050,1900,2,0.7559619590028888,False,3000,rl,True,56050,0.9054415700267618,0.8959902942490439,0,0,,56050,19950,0.3559322033898305,SEA_A__s116__clean__none,SEA_A,clean,none,116,q_alarm_persistence_17,0.02,1,0,complete,0.9053949471104166,0.9128991971454059,,0.2033898305084746,2,57000,0.7750746670062654,-0.009404652861372709,-0.007457627118644061,,0.15254237288135591,0,0,-0.01911270800337661
60000,57000,19950,1900,2,0.7057593329955125,False,3000,rl,True,56050,0.903693131132917,0.8940017819623691,0,0,,56050,37050,0.6610169491525424,SEA_A__s116__clean__none,SEA_A,clean,none,116,q_alarm_persistence_17,0.05,5,4,complete,0.9053949471104166,0.9128991971454059,,0.2033898305084746,2,57000,0.7750746670062654,-0.011393165148047446,-0.009206066012488856,,0.4576271186440678,0,0,-0.06931533401075285
60000,57000,47500,950,1,0.7833520829881309,False,3000,rl,True,56050,0.9030508474576271,0.8937860430214711,0,0,,56050,9500,0.1694915254237288,SEA_A__s116__clean__none,SEA_A,clean,none,116,q_alarm_persistence_17,0.02,5,4,complete,0.9053949471104166,0.9128991971454059,,0.2033898305084746,2,57000,0.7750746670062654,-0.011608904088945438,-0.009848349687778812,,-0.03389830508474578,-1,0,0.008277415981865488
60000,57000,52250,51300,54,0.6480559580086265,False,3000,rl,True,56050,0.9125602140945585,0.9036175615655497,0,0,,56050,4750,0.0847457627118644,SEA_A__s116__clean__none,SEA_A,clean,none,116,q_alarm_persistence_27,0.01,1,0,complete,0.9062898245017204,0.9148617305976806,,0.3559322033898305,38,57000,0.657270083000185,-0.002672262936170622,-0.0023015165031221585,,-0.2711864406779661,16,0,-0.009214124991558492
60000,57000,37050,36100,38,0.657270083000185,False,3000,rl,True,56050,0.9148617305976806,0.9062898245017204,0,0,,56050,19950,0.3559322033898305,SEA_A__s116__clean__none,SEA_A,clean,none,116,q_alarm_persistence_27,0.05,1,0,complete,0.9062898245017204,0.9148617305976806,,0.3559322033898305,38,57000,0.657270083000185,0.0,0.0,,0.0,0,0,0.0
60000,57000,46550,45600,48,0.6510112499963725,False,3000,rl,True,56050,0.9142729705619982,0.9057099853675946,0,0,,56050,10450,0.1864406779661017,SEA_A__s116__clean__none,SEA_A,clean,none,116,q_alarm_persistence_27,0.01,5,4,complete,0.9062898245017204,0.9148617305976806,,0.3559322033898305,38,57000,0.657270083000185,-0.000579839134125737,-0.000588760035682423,,-0.1694915254237288,10,0,-0.0062588330038124695
60000,57000,45600,44650,47,0.6540967079927213,False,3000,rl,True,56050,0.9132381801962534,0.9043923357977276,0,0,,56050,11400,0.2033898305084746,SEA_A__s116__clean__none,SEA_A,clean,none,116,q_alarm_persistence_27,0.02,1,0,complete,0.9062898245017204,0.9148617305976806,,0.3559322033898305,38,57000,0.657270083000185,-0.0018974887039927557,-0.001623550401427254,,-0.15254237288135591,9,0,-0.003173375007463619
60000,57000,39900,38950,41,0.6504961250029737,False,3000,rl,True,56050,0.9093309545049063,0.8998396915215205,0,0,,56050,17100,0.3050847457627119,SEA_A__s116__clean__none,SEA_A,clean,none,116,q_alarm_persistence_27,0.02,5,4,complete,0.9062898245017204,0.9148617305976806,,0.3559322033898305,38,57000,0.657270083000185,-0.0064501329801998075,-0.005530776092774303,,-0.05084745762711862,3,0,-0.006773957997211255
60000,57000,27550,26600,28,0.6720470419968478,False,3000,rl,True,56050,0.9039607493309545,0.8937663822393831,0,0,,56050,29450,0.5254237288135594,SEA_A__s116__clean__none,SEA_A,clean,none,116,q_alarm_persistence_27,0.05,5,4,complete,0.9062898245017204,0.9148617305976806,,0.3559322033898305,38,57000,0.657270083000185,-0.012523442262337259,-0.010900981266726117,,0.16949152542372886,-10,0,0.01477695899666287
60000,57000,54150,0,0,0.8750521670008311,False,3000,none,True,56050,0.8929705619982159,0.8826215115222555,14241,13543,0.9509865880205042,41809,2152,0.051472171063646585,SEA_A__s116__instance__severe,SEA_A,instance,severe,116,no_reset,0.01,1,0,complete,0.8763503167858626,0.8874219446922391,0.8673548205884418,0.13659738333851562,0,57000,0.8518670829944313,0.006271194736392927,0.005548617305976777,0.08363176743206235,-0.08512521227486904,0,0,0.023185084006399848
60000,57000,49400,0,0,0.8518670829944313,False,3000,none,True,56050,0.8874219446922391,0.8763503167858626,14241,12352,0.8673548205884418,41809,5711,0.13659738333851562,SEA_A__s116__instance__severe,SEA_A,instance,severe,116,no_reset,0.05,1,0,complete,0.8763503167858626,0.8874219446922391,0.8673548205884418,0.13659738333851562,0,57000,0.8518670829944313,0.0,0.0,0.0,0.0,0,0,0.0
60000,57000,39900,0,0,0.7849364589928882,False,3000,none,True,56050,0.8976984834968778,0.8862238152765056,14241,9916,0.6962994171757602,41809,12775,0.30555621995264176,SEA_A__s116__instance__severe,SEA_A,instance,severe,116,no_reset,0.02,1,0,complete,0.8763503167858626,0.8874219446922391,0.8673548205884418,0.13659738333851562,0,57000,0.8518670829944313,0.009873498490643007,0.010276538804638635,-0.17105540341268166,0.16895883661412614,0,0,-0.06693062400154304
60000,57000,49400,0,0,0.8254932079871651,False,3000,none,True,56050,0.8948617305976806,0.8845447838425584,14241,12334,0.8660908644055895,41809,5693,0.13616685402664497,SEA_A__s116__instance__severe,SEA_A,instance,severe,116,no_reset,0.01,5,4,complete,0.8763503167858626,0.8874219446922391,0.8673548205884418,0.13659738333851562,0,57000,0.8518670829944313,0.008194467056695798,0.007439785905441476,-0.001263956182852355,-0.00043052931187065324,0,0,-0.02637387500726618
60000,57000,47500,0,0,0.8147662920091534,False,3000,none,True,56050,0.8961462979482605,0.885837418940856,14241,11873,0.8337195421669826,41809,7132,0.17058528068119305,SEA_A__s116__instance__severe,SEA_A,instance,severe,116,no_reset,0.02,5,4,complete,0.8763503167858626,0.8874219446922391,0.8673548205884418,0.13659738333851562,0,57000,0.8518670829944313,0.009487102154993377,0.008724353256021389,-0.03363527842145919,0.03398789734267743,0,0,-0.037100790985277854
60000,57000,41800,0,0,0.8059230000071693,False,3000,none,True,56050,0.892042818911686,0.8815213114726335,14241,10411,0.7310582122041992,41809,11370,0.2719510153316272,SEA_A__s116__instance__severe,SEA_A,instance,severe,116,no_reset,0.05,5,4,complete,0.8763503167858626,0.8874219446922391,0.8673548205884418,0.13659738333851562,0,57000,0.8518670829944313,0.005170994686770847,0.004620874219446902,-0.13629660838424262,0.13535363199311157,0,0,-0.045944082987261936
60000,58900,48450,0,0,0.8314194999984466,False,3000,confirmed,True,56050,0.892613737734166,0.8816820934905572,14241,12105,0.8500105329681904,41809,6414,0.1534119447965749,SEA_A__s116__instance__severe,SEA_A,instance,severe,116,confirmed,0.01,5,4,complete,0.8763503167858626,0.8874219446922391,0.8673548205884418,0.13659738333851562,0,57000,0.850189999997383,0.005331776704694535,0.005191793041926851,-0.01734428762025142,0.01681456145805929,0,1900,-0.01877049999893643
60000,57000,49400,0,0,0.850189999997383,False,3000,confirmed,True,56050,0.8874219446922391,0.8763503167858626,14241,12352,0.8673548205884418,41809,5711,0.13659738333851562,SEA_A__s116__instance__severe,SEA_A,instance,severe,116,confirmed,0.05,1,0,complete,0.8763503167858626,0.8874219446922391,0.8673548205884418,0.13659738333851562,0,57000,0.850189999997383,0.0,0.0,0.0,0.0,0,0,0.0
60000,57000,54150,0,0,0.8676827080053044,False,3000,confirmed,True,56050,0.8929705619982159,0.8826215115222555,14241,13543,0.9509865880205042,41809,2152,0.051472171063646585,SEA_A__s116__instance__severe,SEA_A,instance,severe,116,confirmed,0.01,1,0,complete,0.8763503167858626,0.8874219446922391,0.8673548205884418,0.13659738333851562,0,57000,0.850189999997383,0.006271194736392927,0.005548617305976777,0.08363176743206235,-0.08512521227486904,0,0,0.017492708007921465
60000,58900,34200,2850,1,0.7443508329888573,False,3000,confirmed,True,56050,0.908528099910794,0.8997994426053356,14241,7970,0.5596517098518362,41809,18429,0.4407902604702337,SEA_A__s116__instance__severe,SEA_A,instance,severe,116,confirmed,0.02,1,0,complete,0.8763503167858626,0.8874219446922391,0.8673548205884418,0.13659738333851562,0,57000,0.850189999997383,0.023449125819473005,0.021106155218554856,-0.3077031107366056,0.30419287713171805,1,1900,-0.10583916700852569
60000,57000,44650,6650,7,0.6975522080028895,False,3000,rl,True,56050,0.90014272970562,0.8908741151499489,14241,11037,0.7750157994522856,41809,9146,0.21875672702049798,SEA_A__s116__instance__severe,SEA_A,instance,severe,116,error_rule,0.01,1,0,complete,0.9026036488567999,0.9107047279214987,0.44378905975703953,0.5603817359898586,5,57000,0.6931139999942388,-0.011729533706851036,-0.010561998215878665,0.3312267396952461,-0.34162500896936066,2,0,0.00443820800865069
60000,58900,47500,0,0,0.8603797079995275,False,3000,confirmed,True,56050,0.895593220338983,0.8851467116940148,14241,11863,0.8330173442876202,41809,7122,0.1703460977301538,SEA_A__s116__instance__severe,SEA_A,instance,severe,116,confirmed,0.02,5,4,complete,0.8763503167858626,0.8874219446922391,0.8673548205884418,0.13659738333851562,0,57000,0.850189999997383,0.008796394908152205,0.008171275646743914,-0.03433747630082162,0.03374871439163818,0,1900,0.01018970800214447
60000,57000,41800,0,0,0.829948583006626,False,3000,confirmed,True,56050,0.892042818911686,0.8815213114726335,14241,10411,0.7310582122041992,41809,11370,0.2719510153316272,SEA_A__s116__instance__severe,SEA_A,instance,severe,116,confirmed,0.05,5,4,complete,0.8763503167858626,0.8874219446922391,0.8673548205884418,0.13659738333851562,0,57000,0.850189999997383,0.005170994686770847,0.004620874219446902,-0.13629660838424262,0.13535363199311157,0,0,-0.02024141699075699
60000,57000,25650,4750,5,0.6931139999942388,False,3000,rl,True,56050,0.9107047279214987,0.9026036488567999,14241,6320,0.44378905975703953,41809,23429,0.5603817359898586,SEA_A__s116__instance__severe,SEA_A,instance,severe,116,error_rule,0.05,1,0,complete,0.9026036488567999,0.9107047279214987,0.44378905975703953,0.5603817359898586,5,57000,0.6931139999942388,0.0,0.0,0.0,0.0,0,0,0.0
60000,57000,40850,7600,8,0.6978294160071528,False,3000,rl,True,56050,0.9029794826048171,0.8940642563751495,14241,10186,0.715258759918545,41809,12095,0.2892917792819728,SEA_A__s116__instance__severe,SEA_A,instance,severe,116,error_rule,0.01,5,4,complete,0.9026036488567999,0.9107047279214987,0.44378905975703953,0.5603817359898586,5,57000,0.6931139999942388,-0.008539392481650365,-0.007725245316681617,0.2714697001615055,-0.2710899567078858,3,0,0.00471541601291392
60000,57000,29450,4750,5,0.6809708340006182,False,3000,rl,True,56050,0.9037109723461195,0.8944421098962237,14241,7272,0.5106382978723404,41809,20581,0.4922624315338803,SEA_A__s116__instance__severe,SEA_A,instance,severe,116,error_rule,0.02,1,0,complete,0.9026036488567999,0.9107047279214987,0.44378905975703953,0.5603817359898586,5,57000,0.6931139999942388,-0.008161538960576142,-0.006993755575379179,0.06684923811530086,-0.06811930445597836,0,0,-0.012143165993620642
60000,57000,38950,1900,2,0.7332995000033407,False,3000,rl,True,56050,0.8867439785905441,0.8741671792030574,14241,9607,0.6746015027034619,41809,13416,0.3208878471142577,SEA_A__s116__instance__severe,SEA_A,instance,severe,116,error_rule,0.02,5,4,complete,0.9026036488567999,0.9107047279214987,0.44378905975703953,0.5603817359898586,5,57000,0.6931139999942388,-0.02843646965374247,-0.0239607493309546,0.23081244294642234,-0.2394938888756009,-3,0,0.040185500009101816
60000,57000,38950,950,1,0.751921791001223,False,3000,rl,True,56050,0.8898483496877788,0.8781246684113485,14241,9630,0.6762165578259953,41809,13439,0.32143796790164797,SEA_A__s116__instance__severe,SEA_A,instance,severe,116,error_rule,0.05,5,4,complete,0.9026036488567999,0.9107047279214987,0.44378905975703953,0.5603817359898586,5,57000,0.6931139999942388,-0.02447898044545138,-0.020856378233719886,0.2324274980689558,-0.23894376808821066,-4,0,0.05880779100698419
60000,57000,45600,44650,47,0.6461776659998577,False,3000,rl,True,56050,0.9016949152542373,0.892828102889141,14241,11364,0.7979776701074363,41809,8523,0.2038556291707527,SEA_A__s116__instance__severe,SEA_A,instance,severe,116,selected_map,0.01,1,0,complete,0.9038523408192783,0.911864406779661,0.5071273084755284,0.491066516778684,30,57000,0.6651386250014184,-0.011024237930137293,-0.01016949152542368,0.2908503616319078,-0.28721088760793134,17,0,-0.018960959001560695
60000,57000,29450,28500,30,0.6651386250014184,False,3000,rl,True,56050,0.911864406779661,0.9038523408192783,14241,7222,0.5071273084755284,41809,20531,0.491066516778684,SEA_A__s116__instance__severe,SEA_A,instance,severe,116,selected_map,0.05,1,0,complete,0.9038523408192783,0.911864406779661,0.5071273084755284,0.491066516778684,30,57000,0.6651386250014184,0.0,0.0,0.0,0.0,0,0,0.0
60000,57000,31350,30400,32,0.6454040840035304,False,3000,rl,True,56050,0.9006244424620874,0.8913918981200626,14241,7640,0.5364791798328769,41809,19049,0.4556196034346672,SEA_A__s116__instance__severe,SEA_A,instance,severe,116,selected_map,0.01,5,4,complete,0.9038523408192783,0.911864406779661,0.5071273084755284,0.491066516778684,30,57000,0.6651386250014184,-0.012460442699215757,-0.01123996431757357,0.029351871357348402,-0.03544691334401684,2,0,-0.01973454099788796
60000,57000,38950,38000,40,0.6612400000012713,False,3000,rl,True,56050,0.9062622658340768,0.8977913963224184,14241,9693,0.6806404044659785,41809,13502,0.32294482049319523,SEA_A__s116__instance__severe,SEA_A,instance,severe,116,selected_map,0.02,1,0,complete,0.9038523408192783,0.911864406779661,0.5071273084755284,0.491066516778684,30,57000,0.6651386250014184,-0.006060944496859899,-0.0056021409455842,0.17351309599045006,-0.1681216962854888,10,0,-0.003898625000147149
60000,57000,25650,24700,26,0.6491435839998303,False,3000,rl,True,56050,0.8954861730597681,0.8857216113884954,14241,6217,0.4365564215996068,41809,23326,0.5579181515941544,SEA_A__s116__instance__severe,SEA_A,instance,severe,116,selected_map,0.02,5,4,complete,0.9038523408192783,0.911864406779661,0.5071273084755284,0.491066516778684,30,57000,0.6651386250014184,-0.018130729430782977,-0.016378233719892887,-0.07057088687592167,0.06685163481547035,-4,0,-0.015995041001588106
60000,57000,22800,21850,23,0.6684563329908997,False,3000,rl,True,56050,0.9047636039250669,0.8954684414012981,14241,5464,0.38368092128361775,41809,25423,0.608074816427085,SEA_A__s116__instance__severe,SEA_A,instance,severe,116,selected_map,0.05,5,4,complete,0.9038523408192783,0.911864406779661,0.5071273084755284,0.491066516778684,30,57000,0.6651386250014184,-0.008383899417980234,-0.007100802854594024,-0.1234463871919107,0.11700829964840104,-7,0,0.0033177079894812778
60000,57000,46550,39900,42,0.6500162920128787,False,3000,rl,True,56050,0.8998929527207851,0.8910685176907591,14241,11601,0.8146197598483252,41809,7810,0.18680188476165419,SEA_A__s116__instance__severe,SEA_A,instance,severe,116,q_alarm_persistence_7,0.01,1,0,complete,0.9027850812515128,0.9110258697591436,0.5239098377922898,0.47406060895979335,26,57000,0.6702747910021571,-0.011716563560753679,-0.011132917038358503,0.2907099220560354,-0.28725872419813914,16,0,-0.02025849898927845
60000,57000,30400,24700,26,0.6702747910021571,False,3000,rl,True,56050,0.9110258697591436,0.9027850812515128,14241,7461,0.5239098377922898,41809,19820,0.47406060895979335,SEA_A__s116__instance__severe,SEA_A,instance,severe,116,q_alarm_persistence_7,0.05,1,0,complete,0.9027850812515128,0.9110258697591436,0.5239098377922898,0.47406060895979335,26,57000,0.6702747910021571,0.0,0.0,0.0,0.0,0,0,0.0
60000,57000,32300,28500,30,0.6555215830012457,False,3000,rl,True,56050,0.9031043710972346,0.893992235982644,14241,7923,0.556351379818833,41809,18382,0.4396661006003492,SEA_A__s116__instance__severe,SEA_A,instance,severe,116,q_alarm_persistence_7,0.01,5,4,complete,0.9027850812515128,0.9110258697591436,0.5239098377922898,0.47406060895979335,26,57000,0.6702747910021571,-0.00879284526886881,-0.007921498661908943,0.032441542026543146,-0.03439450835944413,4,0,-0.0147532080009114
60000,57000,39900,33250,35,0.6551987499988172,False,3000,rl,True,56050,0.904834968777877,0.8961652061416914,14241,9933,0.6974931535706762,41809,12792,0.3059628309694085,SEA_A__s116__instance__severe,SEA_A,instance,severe,116,q_alarm_persistence_7,0.02,1,0,complete,0.9027850812515128,0.9110258697591436,0.5239098377922898,0.47406060895979335,26,57000,0.6702747910021571,-0.006619875109821427,-0.006190900981266623,0.17358331577838637,-0.16809777799038483,9,0,-0.015076041003339924
60000,57000,28500,23750,25,0.6621448749938281,False,3000,rl,True,56050,0.9031400535236396,0.8941472403937655,14241,6952,0.4881679657327435,41809,21211,0.507330957449353,SEA_A__s116__instance__severe,SEA_A,instance,severe,116,q_alarm_persistence_7,0.02,5,4,complete,0.9027850812515128,0.9110258697591436,0.5239098377922898,0.47406060895979335,26,57000,0.6702747910021571,-0.008637840857747325,-0.007885816235503995,-0.03574187205954632,0.03327034848955962,-1,0,-0.008129916008329019
60000,57000,23750,19950,21,0.6701021250046324,False,3000,rl,True,56050,0.9072256913470116,0.8983269532362758,14241,5716,0.40137630784355033,41809,24725,0.5913798464445454,SEA_A__s116__instance__severe,SEA_A,instance,severe,116,q_alarm_persistence_7,0.05,5,4,complete,0.9027850812515128,0.9110258697591436,0.5239098377922898,0.47406060895979335,26,57000,0.6702747910021571,-0.0044581280152370395,-0.0038001784121319826,-0.1225335299487395,0.11731923748475209,-5,0,-0.00017266599752474576
60000,57000,54150,0,0,0.8800924160022987,False,3000,rl,True,56050,0.8929705619982159,0.8826215115222555,14241,13543,0.9509865880205042,41809,2152,0.051472171063646585,SEA_A__s116__instance__severe,SEA_A,instance,severe,116,q_alarm_persistence_17,0.01,1,0,complete,0.8763503167858626,0.8874219446922391,0.8673548205884418,0.13659738333851562,0,57000,0.8532682499935618,0.006271194736392927,0.005548617305976777,0.08363176743206235,-0.08512521227486904,0,0,0.026824166008736938
60000,57000,49400,0,0,0.8532682499935618,False,3000,rl,True,56050,0.8874219446922391,0.8763503167858626,14241,12352,0.8673548205884418,41809,5711,0.13659738333851562,SEA_A__s116__instance__severe,SEA_A,instance,severe,116,q_alarm_persistence_17,0.05,1,0,complete,0.8763503167858626,0.8874219446922391,0.8673548205884418,0.13659738333851562,0,57000,0.8532682499935618,0.0,0.0,0.0,0.0,0,0,0.0
60000,57000,49400,0,0,0.8352755410014652,False,3000,rl,True,56050,0.8948617305976806,0.8845447838425584,14241,12334,0.8660908644055895,41809,5693,0.13616685402664497,SEA_A__s116__instance__severe,SEA_A,instance,severe,116,q_alarm_persistence_17,0.01,5,4,complete,0.8763503167858626,0.8874219446922391,0.8673548205884418,0.13659738333851562,0,57000,0.8532682499935618,0.008194467056695798,0.007439785905441476,-0.001263956182852355,-0.00043052931187065324,0,0,-0.017992708992096595
60000,57000,38000,950,1,0.7443867919937475,False,3000,rl,True,56050,0.8937020517395183,0.8826344906214398,14241,9408,0.66062776490415,41809,14167,0.3388504867373054,SEA_A__s116__instance__severe,SEA_A,instance,severe,116,q_alarm_persistence_17,0.02,1,0,complete,0.8763503167858626,0.8874219446922391,0.8673548205884418,0.13659738333851562,0,57000,0.8532682499935618,0.0062841738355772225,0.006280107047279215,-0.20672705568429184,0.20225310339878977,1,0,-0.1088814579998143
60000,57000,47500,0,0,0.8236626249999972,False,3000,rl,True,56050,0.8961462979482605,0.885837418940856,14241,11873,0.8337195421669826,41809,7132,0.17058528068119305,SEA_A__s116__instance__severe,SEA_A,instance,severe,116,q_alarm_persistence_17,0.02,5,4,complete,0.8763503167858626,0.8874219446922391,0.8673548205884418,0.13659738333851562,0,57000,0.8532682499935618,0.009487102154993377,0.008724353256021389,-0.03363527842145919,0.03398789734267743,0,0,-0.02960562499356456
60000,57000,45600,44650,47,0.6444352500111563,False,3000,rl,True,56050,0.9016949152542373,0.892828102889141,14241,11364,0.7979776701074363,41809,8523,0.2038556291707527,SEA_A__s116__instance__severe,SEA_A,instance,severe,116,q_alarm_persistence_27,0.01,1,0,complete,0.9038523408192783,0.911864406779661,0.5071273084755284,0.491066516778684,30,57000,0.651400749993627,-0.011024237930137293,-0.01016949152542368,0.2908503616319078,-0.28721088760793134,17,0,-0.0069654999824706465
60000,57000,31350,30400,32,0.6492429999925662,False,3000,rl,True,56050,0.9006244424620874,0.8913918981200626,14241,7640,0.5364791798328769,41809,19049,0.4556196034346672,SEA_A__s116__instance__severe,SEA_A,instance,severe,116,q_alarm_persistence_27,0.01,5,4,complete,0.9038523408192783,0.911864406779661,0.5071273084755284,0.491066516778684,30,57000,0.651400749993627,-0.012460442699215757,-0.01123996431757357,0.029351871357348402,-0.03544691334401684,2,0,-0.0021577500010607764
60000,57000,29450,28500,30,0.651400749993627,False,3000,rl,True,56050,0.911864406779661,0.9038523408192783,14241,7222,0.5071273084755284,41809,20531,0.491066516778684,SEA_A__s116__instance__severe,SEA_A,instance,severe,116,q_alarm_persistence_27,0.05,1,0,complete,0.9038523408192783,0.911864406779661,0.5071273084755284,0.491066516778684,30,57000,0.651400749993627,0.0,0.0,0.0,0.0,0,0,0.0
60000,57000,40850,0,0,0.8171734579955228,False,3000,rl,True,56050,0.8909723461195361,0.8802512911298441,14241,10138,0.7118882100976055,41809,12047,0.2881437011169844,SEA_A__s116__instance__severe,SEA_A,instance,severe,116,q_alarm_persistence_17,0.05,5,4,complete,0.8763503167858626,0.8874219446922391,0.8673548205884418,0.13659738333851562,0,57000,0.8532682499935618,0.0039009743439815114,0.003550401427297012,-0.15546661049083632,0.15154631777846878,0,0,-0.036094791998039
60000,57000,38950,38000,40,0.6463942919945111,False,3000,rl,True,56050,0.9062622658340768,0.8977913963224184,14241,9693,0.6806404044659785,41809,13502,0.32294482049319523,SEA_A__s116__instance__severe,SEA_A,instance,severe,116,q_alarm_persistence_27,0.02,1,0,complete,0.9038523408192783,0.911864406779661,0.5071273084755284,0.491066516778684,30,57000,0.651400749993627,-0.006060944496859899,-0.0056021409455842,0.17351309599045006,-0.1681216962854888,10,0,-0.00500645799911581
60000,57000,25650,24700,26,0.6466463749966351,False,3000,rl,True,56050,0.8954861730597681,0.8857216113884954,14241,6217,0.4365564215996068,41809,23326,0.5579181515941544,SEA_A__s116__instance__severe,SEA_A,instance,severe,116,q_alarm_persistence_27,0.02,5,4,complete,0.9038523408192783,0.911864406779661,0.5071273084755284,0.491066516778684,30,57000,0.651400749993627,-0.018130729430782977,-0.016378233719892887,-0.07057088687592167,0.06685163481547035,-4,0,-0.004754374996991828
60000,57000,22800,21850,23,0.6648050420044456,False,3000,rl,True,56050,0.9047636039250669,0.8954684414012981,14241,5464,0.38368092128361775,41809,25423,0.608074816427085,SEA_A__s116__instance__severe,SEA_A,instance,severe,116,q_alarm_persistence_27,0.05,5,4,complete,0.9038523408192783,0.911864406779661,0.5071273084755284,0.491066516778684,30,57000,0.651400749993627,-0.008383899417980234,-0.007100802854594024,-0.1234463871919107,0.11700829964840104,-7,0,0.013404292010818608
60000,57000,53200,0,0,0.8948787919944152,False,3000,none,True,56050,0.8898840321141838,0.8781492238669206,0,0,,56050,3800,0.06779661016949153,SEA_A__s117__clean__none,SEA_A,clean,none,117,no_reset,0.01,1,0,complete,0.9005996193617851,0.9093309545049063,,0.23728813559322035,0,57000,0.859604584009503,-0.022450395494864495,-0.019446922390722543,,-0.1694915254237288,0,0,0.03527420798491221
60000,57000,43700,0,0,0.859604584009503,False,3000,none,True,56050,0.9093309545049063,0.9005996193617851,0,0,,56050,13300,0.23728813559322035,SEA_A__s117__clean__none,SEA_A,clean,none,117,no_reset,0.05,1,0,complete,0.9005996193617851,0.9093309545049063,,0.23728813559322035,0,57000,0.859604584009503,0.0,0.0,,0.0,0,0,0.0
60000,57000,53200,0,0,0.8831269170041196,False,3000,none,True,56050,0.8961819803746655,0.8855944258499127,0,0,,56050,3800,0.06779661016949153,SEA_A__s117__clean__none,SEA_A,clean,none,117,no_reset,0.01,5,4,complete,0.9005996193617851,0.9093309545049063,,0.23728813559322035,0,57000,0.859604584009503,-0.015005193511872461,-0.013148974130240854,,-0.1694915254237288,0,0,0.02352233299461659
60000,57000,50350,0,0,0.8859572919900529,False,3000,none,True,56050,0.8914719000892061,0.8799048357054708,0,0,,56050,6650,0.11864406779661017,SEA_A__s117__clean__none,SEA_A,clean,none,117,no_reset,0.02,1,0,complete,0.9005996193617851,0.9093309545049063,,0.23728813559322035,0,57000,0.859604584009503,-0.020694783656314275,-0.017859054415700237,,-0.11864406779661017,0,0,0.026352707980549894
60000,57000,48450,0,0,0.8767525829898659,False,3000,none,True,56050,0.8995004460303301,0.8894775634337555,0,0,,56050,8550,0.15254237288135594,SEA_A__s117__clean__none,SEA_A,clean,none,117,no_reset,0.02,5,4,complete,0.9005996193617851,0.9093309545049063,,0.23728813559322035,0,57000,0.859604584009503,-0.011122055928029617,-0.009830508474576227,,-0.0847457627118644,0,0,0.0171479989803629
60000,57000,40850,0,0,0.8457385829970008,False,3000,none,True,56050,0.89971454058876,0.889349168603869,0,0,,56050,16150,0.288135593220339,SEA_A__s117__clean__none,SEA_A,clean,none,117,no_reset,0.05,5,4,complete,0.9005996193617851,0.9093309545049063,,0.23728813559322035,0,57000,0.859604584009503,-0.011250450757916086,-0.009616413916146316,,0.05084745762711865,0,0,-0.013866001012502238
60000,58900,56050,2850,1,0.8191527080052765,False,3000,confirmed,True,56050,0.908135593220339,0.9001958557959353,0,0,,56050,1900,0.03389830508474576,SEA_A__s117__clean__none,SEA_A,clean,none,117,confirmed,0.01,1,0,complete,0.9034925377698229,0.911650312221231,,0.4745762711864407,1,58900,0.7477714170090621,-0.0032966819738875497,-0.0035147190008920637,,-0.4406779661016949,0,0,0.07138129099621437
60000,58900,32300,2850,1,0.7477714170090621,False,3000,confirmed,True,56050,0.911650312221231,0.9034925377698229,0,0,,56050,26600,0.4745762711864407,SEA_A__s117__clean__none,SEA_A,clean,none,117,confirmed,0.05,1,0,complete,0.9034925377698229,0.911650312221231,,0.4745762711864407,1,58900,0.7477714170090621,0.0,0.0,,0.0,0,0,0.0
60000,58900,51300,0,0,0.9045535000041127,False,3000,confirmed,True,56050,0.8956289027653881,0.8848037361526075,0,0,,56050,5700,0.1016949152542373,SEA_A__s117__clean__none,SEA_A,clean,none,117,confirmed,0.01,5,4,complete,0.9034925377698229,0.911650312221231,,0.4745762711864407,1,58900,0.7477714170090621,-0.01868880161721531,-0.01602140945584296,,-0.3728813559322034,-1,0,0.1567820829950506
60000,58900,54150,2850,1,0.8311439590033842,False,3000,confirmed,True,56050,0.9079036574487065,0.8999164942785116,0,0,,56050,3800,0.06779661016949153,SEA_A__s117__clean__none,SEA_A,clean,none,117,confirmed,0.02,1,0,complete,0.9034925377698229,0.911650312221231,,0.4745762711864407,1,58900,0.7477714170090621,-0.0035760434913112427,-0.0037466547725245603,,-0.4067796610169492,0,0,0.08337254199432209
60000,58900,48450,0,0,0.9064012500020908,True,3000,confirmed,True,56050,0.8995004460303301,0.8894775634337555,0,0,,56050,8550,0.15254237288135594,SEA_A__s117__clean__none,SEA_A,clean,none,117,confirmed,0.02,5,4,complete,0.9034925377698229,0.911650312221231,,0.4745762711864407,1,58900,0.7477714170090621,-0.014014974336067354,-0.01214986619090097,,-0.3220338983050848,-1,0,0.15862983299302869
60000,58900,40850,0,0,0.8651121669972781,False,3000,confirmed,True,56050,0.89971454058876,0.889349168603869,0,0,,56050,16150,0.288135593220339,SEA_A__s117__clean__none,SEA_A,clean,none,117,confirmed,0.05,5,4,complete,0.9034925377698229,0.911650312221231,,0.4745762711864407,1,58900,0.7477714170090621,-0.014143369165953823,-0.01193577163247106,,-0.1864406779661017,-1,0,0.11734074998821598
60000,57000,49400,7600,8,0.6935202919994481,False,3000,rl,True,56050,0.9051382694023193,0.8961602731008562,0,0,,56050,7600,0.13559322033898305,SEA_A__s117__clean__none,SEA_A,clean,none,117,error_rule,0.01,5,4,complete,0.8987091279500303,0.907743086529884,,0.423728813559322,6,57000,0.7044862089969683,-0.002548854849174109,-0.0026048171275646625,,-0.288135593220339,2,0,-0.010965916997520253
60000,57000,33250,5700,6,0.7044862089969683,False,3000,rl,True,56050,0.907743086529884,0.8987091279500303,0,0,,56050,23750,0.423728813559322,SEA_A__s117__clean__none,SEA_A,clean,none,117,error_rule,0.05,1,0,complete,0.8987091279500303,0.907743086529884,,0.423728813559322,6,57000,0.7044862089969683,0.0,0.0,,0.0,0,0,0.0
60000,57000,53200,2850,3,0.7315325420058798,False,3000,rl,True,56050,0.9094915254237288,0.9015023158646025,0,0,,56050,3800,0.06779661016949153,SEA_A__s117__clean__none,SEA_A,clean,none,117,error_rule,0.01,1,0,complete,0.8987091279500303,0.907743086529884,,0.423728813559322,6,57000,0.7044862089969683,0.0027931879145721705,0.0017484388938447948,,-0.3559322033898305,-3,0,0.02704633300891146
60000,57000,46550,5700,6,0.7050672920013312,False,3000,rl,True,56050,0.9068688670829617,0.8981747390511957,0,0,,56050,10450,0.1864406779661017,SEA_A__s117__clean__none,SEA_A,clean,none,117,error_rule,0.02,1,0,complete,0.8987091279500303,0.907743086529884,,0.423728813559322,6,57000,0.7044862089969683,-0.0005343888988346146,-0.0008742194469223419,,-0.23728813559322032,0,0,0.0005810830043628812
60000,57000,40850,6650,7,0.7075624999997672,False,3000,rl,True,56050,0.9053523639607494,0.8962751397431041,0,0,,56050,16150,0.288135593220339,SEA_A__s117__clean__none,SEA_A,clean,none,117,error_rule,0.02,5,4,complete,0.8987091279500303,0.907743086529884,,0.423728813559322,6,57000,0.7044862089969683,-0.0024339882069261964,-0.00239072256913464,,-0.13559322033898302,1,0,0.0030762910027988255
60000,57000,51300,50350,53,0.645492124996963,False,3000,rl,True,56050,0.9128099910793934,0.9041212744883997,0,0,,56050,5700,0.1016949152542373,SEA_A__s117__clean__none,SEA_A,clean,none,117,selected_map,0.01,1,0,complete,0.9044446387453224,0.9131132917038358,,0.288135593220339,42,57000,0.6617385409917915,-0.000323364256922698,-0.00030330062444239303,,-0.1864406779661017,11,0,-0.016246415994828567
60000,57000,25650,2850,3,0.7045000830112258,False,3000,rl,True,56050,0.900035682426405,0.8899802037644842,0,0,,56050,31350,0.559322033898305,SEA_A__s117__clean__none,SEA_A,clean,none,117,error_rule,0.05,5,4,complete,0.8987091279500303,0.907743086529884,,0.423728813559322,6,57000,0.7044862089969683,-0.00872892418554616,-0.007707404103479032,,0.13559322033898302,-3,0,1.3874014257453382e-05
60000,57000,40850,39900,42,0.6617385409917915,False,3000,rl,True,56050,0.9131132917038358,0.9044446387453224,0,0,,56050,16150,0.288135593220339,SEA_A__s117__clean__none,SEA_A,clean,none,117,selected_map,0.05,1,0,complete,0.9044446387453224,0.9131132917038358,,0.288135593220339,42,57000,0.6617385409917915,0.0,0.0,,0.0,0,0,0.0
60000,57000,48450,47500,50,0.6513101250020554,False,3000,rl,True,56050,0.9135057983942908,0.9048763056750151,0,0,,56050,8550,0.15254237288135594,SEA_A__s117__clean__none,SEA_A,clean,none,117,selected_map,0.01,5,4,complete,0.9044446387453224,0.9131132917038358,,0.288135593220339,42,57000,0.6617385409917915,0.0004316669296926534,0.00039250669045498565,,-0.13559322033898305,8,0,-0.010428415989736095
60000,57000,48450,47500,50,0.6516585420031333,False,3000,rl,True,56050,0.9104192685102587,0.9013778150068738,0,0,,56050,8550,0.15254237288135594,SEA_A__s117__clean__none,SEA_A,clean,none,117,selected_map,0.02,1,0,complete,0.9044446387453224,0.9131132917038358,,0.288135593220339,42,57000,0.6617385409917915,-0.0030668237384486874,-0.002694023193577144,,-0.13559322033898305,8,0,-0.01007999898865819
60000,57000,44650,43700,46,0.6509024160041008,False,3000,rl,True,56050,0.9128456735057984,0.904271005346432,0,0,,56050,12350,0.22033898305084745,SEA_A__s117__clean__none,SEA_A,clean,none,117,selected_map,0.02,5,4,complete,0.9044446387453224,0.9131132917038358,,0.288135593220339,42,57000,0.6617385409917915,-0.00017363339889042706,-0.0002676181980374448,,-0.06779661016949154,4,0,-0.01083612498769071
60000,57000,33250,32300,34,0.6667439170123544,False,3000,rl,True,56050,0.9026583407671722,0.8922531533416436,0,0,,56050,23750,0.423728813559322,SEA_A__s117__clean__none,SEA_A,clean,none,117,selected_map,0.05,5,4,complete,0.9044446387453224,0.9131132917038358,,0.288135593220339,42,57000,0.6617385409917915,-0.01219148540367887,-0.010454950936663598,,0.13559322033898302,-8,0,0.005005376020562835
60000,57000,51300,47500,50,0.6584826250036713,False,3000,rl,True,56050,0.9096520963425513,0.90037738250907,0,0,,56050,5700,0.1016949152542373,SEA_A__s117__clean__none,SEA_A,clean,none,117,q_alarm_persistence_7,0.01,1,0,complete,0.9040645306373368,0.9128099910793934,,0.288135593220339,39,57000,0.6613720419991296,-0.0036871481282668706,-0.0031578947368421373,,-0.1864406779661017,11,0,-0.002889416995458305
60000,57000,40850,37050,39,0.6613720419991296,False,3000,rl,True,56050,0.9128099910793934,0.9040645306373368,0,0,,56050,16150,0.288135593220339,SEA_A__s117__clean__none,SEA_A,clean,none,117,q_alarm_persistence_7,0.05,1,0,complete,0.9040645306373368,0.9128099910793934,,0.288135593220339,39,57000,0.6613720419991296,0.0,0.0,,0.0,0,0,0.0
60000,57000,46550,43700,46,0.6465728339971974,False,3000,rl,True,56050,0.9088314005352364,0.8993415168749875,0,0,,56050,10450,0.1864406779661017,SEA_A__s117__clean__none,SEA_A,clean,none,117,q_alarm_persistence_7,0.01,5,4,complete,0.9040645306373368,0.9128099910793934,,0.288135593220339,39,57000,0.6613720419991296,-0.004723013762349293,-0.003978590544157057,,-0.1016949152542373,7,0,-0.01479920800193213
60000,57000,48450,43700,46,0.6507321670069359,False,3000,rl,True,56050,0.908528099910794,0.8991101254482057,0,0,,56050,8550,0.15254237288135594,SEA_A__s117__clean__none,SEA_A,clean,none,117,q_alarm_persistence_7,0.02,1,0,complete,0.9040645306373368,0.9128099910793934,,0.288135593220339,39,57000,0.6613720419991296,-0.00495440518913115,-0.00428189116859945,,-0.13559322033898305,7,0,-0.010639874992193654
60000,57000,40850,37050,39,0.6552469580055913,False,3000,rl,True,56050,0.9063871543264942,0.8966065439677207,0,0,,56050,16150,0.288135593220339,SEA_A__s117__clean__none,SEA_A,clean,none,117,q_alarm_persistence_7,0.02,5,4,complete,0.9040645306373368,0.9128099910793934,,0.288135593220339,39,57000,0.6613720419991296,-0.007457986669616168,-0.00642283675289923,,0.0,0,0,-0.006125083993538283
60000,57000,34200,32300,34,0.6712781249952968,False,3000,rl,True,56050,0.9037644959857271,0.8935662083095706,0,0,,56050,22800,0.4067796610169492,SEA_A__s117__clean__none,SEA_A,clean,none,117,q_alarm_persistence_7,0.05,5,4,complete,0.9040645306373368,0.9128099910793934,,0.288135593220339,39,57000,0.6613720419991296,-0.010498322327766263,-0.009045495093666367,,0.11864406779661019,-5,0,0.009906082996167243
60000,57000,55100,1900,2,0.7867010830086656,False,3000,rl,True,56050,0.9060660124888492,0.897213560282508,0,0,,56050,1900,0.03389830508474576,SEA_A__s117__clean__none,SEA_A,clean,none,117,q_alarm_persistence_17,0.01,1,0,complete,0.9004406643858407,0.9092239072256914,,0.23728813559322035,0,57000,0.8531095419893973,-0.003227104103332712,-0.0031578947368421373,,-0.2033898305084746,2,0,-0.06640845898073167
60000,57000,43700,0,0,0.8531095419893973,False,3000,rl,True,56050,0.9092239072256914,0.9004406643858407,0,0,,56050,13300,0.23728813559322035,SEA_A__s117__clean__none,SEA_A,clean,none,117,q_alarm_persistence_17,0.05,1,0,complete,0.9004406643858407,0.9092239072256914,,0.23728813559322035,0,57000,0.8531095419893973,0.0,0.0,,0.0,0,0,0.0
60000,57000,48450,2850,3,0.745439708000049,False,3000,rl,True,56050,0.9063871543264942,0.8979492757981131,0,0,,56050,8550,0.15254237288135594,SEA_A__s117__clean__none,SEA_A,clean,none,117,q_alarm_persistence_17,0.01,5,4,complete,0.9004406643858407,0.9092239072256914,,0.23728813559322035,0,57000,0.8531095419893973,-0.002491388587727572,-0.002836752899197159,,-0.0847457627118644,3,0,-0.10766983398934826
60000,57000,53200,950,1,0.8055267500021728,False,3000,rl,True,56050,0.9110972346119536,0.9034430038298993,0,0,,56050,3800,0.06779661016949153,SEA_A__s117__clean__none,SEA_A,clean,none,117,q_alarm_persistence_17,0.02,1,0,complete,0.9004406643858407,0.9092239072256914,,0.23728813559322035,0,57000,0.8531095419893973,0.003002339444058588,0.0018733273862622246,,-0.1694915254237288,1,0,-0.04758279198722448
60000,57000,42750,1900,2,0.7584738750010729,False,3000,rl,True,56050,0.9052809991079394,0.8968652938525443,0,0,,56050,14250,0.2542372881355932,SEA_A__s117__clean__none,SEA_A,clean,none,117,q_alarm_persistence_17,0.02,5,4,complete,0.9004406643858407,0.9092239072256914,,0.23728813559322035,0,57000,0.8531095419893973,-0.0035753705332963737,-0.0039429081177519976,,0.016949152542372864,2,0,-0.09463566698832437
60000,57000,51300,50350,53,0.649296499992488,False,3000,rl,True,56050,0.9128099910793934,0.9041212744883997,0,0,,56050,5700,0.1016949152542373,SEA_A__s117__clean__none,SEA_A,clean,none,117,q_alarm_persistence_27,0.01,1,0,complete,0.9044446387453224,0.9131132917038358,,0.288135593220339,42,57000,0.6578886249917559,-0.000323364256922698,-0.00030330062444239303,,-0.1864406779661017,11,0,-0.00859212499926798
60000,57000,29450,2850,3,0.7274563339888118,False,3000,rl,True,56050,0.9003925066904549,0.8901949102097202,0,0,,56050,27550,0.4915254237288136,SEA_A__s117__clean__none,SEA_A,clean,none,117,q_alarm_persistence_17,0.05,5,4,complete,0.9004406643858407,0.9092239072256914,,0.23728813559322035,0,57000,0.8531095419893973,-0.010245754176120503,-0.008831400535236456,,0.2542372881355932,3,0,-0.12565320800058544
60000,57000,40850,39900,42,0.6578886249917559,False,3000,rl,True,56050,0.9131132917038358,0.9044446387453224,0,0,,56050,16150,0.288135593220339,SEA_A__s117__clean__none,SEA_A,clean,none,117,q_alarm_persistence_27,0.05,1,0,complete,0.9044446387453224,0.9131132917038358,,0.288135593220339,42,57000,0.6578886249917559,0.0,0.0,,0.0,0,0,0.0
60000,57000,48450,47500,50,0.6544028329954017,False,3000,rl,True,56050,0.9135057983942908,0.9048763056750151,0,0,,56050,8550,0.15254237288135594,SEA_A__s117__clean__none,SEA_A,clean,none,117,q_alarm_persistence_27,0.01,5,4,complete,0.9044446387453224,0.9131132917038358,,0.288135593220339,42,57000,0.6578886249917559,0.0004316669296926534,0.00039250669045498565,,-0.13559322033898305,8,0,-0.003485791996354237
60000,57000,48450,47500,50,0.678485707991058,False,3000,rl,True,56050,0.9104192685102587,0.9013778150068738,0,0,,56050,8550,0.15254237288135594,SEA_A__s117__clean__none,SEA_A,clean,none,117,q_alarm_persistence_27,0.02,1,0,complete,0.9044446387453224,0.9131132917038358,,0.288135593220339,42,57000,0.6578886249917559,-0.0030668237384486874,-0.002694023193577144,,-0.13559322033898305,8,0,0.020597082999302074
60000,57000,44650,43700,46,0.6494301249913406,False,3000,rl,True,56050,0.9128456735057984,0.904271005346432,0,0,,56050,12350,0.22033898305084745,SEA_A__s117__clean__none,SEA_A,clean,none,117,q_alarm_persistence_27,0.02,5,4,complete,0.9044446387453224,0.9131132917038358,,0.288135593220339,42,57000,0.6578886249917559,-0.00017363339889042706,-0.0002676181980374448,,-0.06779661016949154,4,0,-0.00845850000041537
60000,57000,33250,32300,34,0.6612881670007482,False,3000,rl,True,56050,0.9026583407671722,0.8922531533416436,0,0,,56050,23750,0.423728813559322,SEA_A__s117__clean__none,SEA_A,clean,none,117,q_alarm_persistence_27,0.05,5,4,complete,0.9044446387453224,0.9131132917038358,,0.288135593220339,42,57000,0.6578886249917559,-0.01219148540367887,-0.010454950936663598,,0.13559322033898302,-8,0,0.0033995420089922845
60000,57000,53200,0,0,0.8513989999919431,False,3000,none,True,56050,0.8944335414808207,0.884136919852482,14234,13285,0.9333286497119573,41816,2851,0.06817964415534723,SEA_A__s117__instance__severe,SEA_A,instance,severe,117,no_reset,0.01,1,0,complete,0.8832695362813365,0.8945941123996431,0.6162709006603906,0.3691888272431605,0,57000,0.782387250001193,0.0008673835711454636,-0.00016057091882248908,0.3170577490515667,-0.30100918308781327,0,0,0.0690117499907501
60000,57000,36100,0,0,0.782387250001193,False,3000,none,True,56050,0.8945941123996431,0.8832695362813365,14234,8772,0.6162709006603906,41816,15438,0.3691888272431605,SEA_A__s117__instance__severe,SEA_A,instance,severe,117,no_reset,0.05,1,0,complete,0.8832695362813365,0.8945941123996431,0.6162709006603906,0.3691888272431605,0,57000,0.782387250001193,0.0,0.0,0.0,0.0,0,0,0.0
60000,57000,50350,0,0,0.8277660000021569,False,3000,none,True,56050,0.8904727921498662,0.8799407419508167,14234,12491,0.8775467191232261,41816,4907,0.117347426822269,SEA_A__s117__instance__severe,SEA_A,instance,severe,117,no_reset,0.01,5,4,complete,0.8832695362813365,0.8945941123996431,0.6162709006603906,0.3691888272431605,0,57000,0.782387250001193,-0.003328794330519802,-0.004121320249776961,0.26127581846283554,-0.2518414004208915,0,0,0.04537875000096392
60000,57000,51300,0,0,0.8233152080065338,False,3000,none,True,56050,0.8930597680642284,0.8832303783901342,14234,12761,0.8965153856962204,41816,4227,0.10108570881959059,SEA_A__s117__instance__severe,SEA_A,instance,severe,117,no_reset,0.02,1,0,complete,0.8832695362813365,0.8945941123996431,0.6162709006603906,0.3691888272431605,0,57000,0.782387250001193,-3.915789120234603e-05,-0.0015343443354147723,0.28024448503582977,-0.26810311842356993,0,0,0.04092795800534077
60000,57000,46550,0,0,0.8160058750072494,False,3000,none,True,56050,0.8927564674397859,0.8818816614118572,14234,11573,0.8130532527750457,41816,7789,0.1862684140042089,SEA_A__s117__instance__severe,SEA_A,instance,severe,117,no_reset,0.02,5,4,complete,0.8832695362813365,0.8945941123996431,0.6162709006603906,0.3691888272431605,0,57000,0.782387250001193,-0.001387874869479333,-0.0018376449598572764,0.1967823521146551,-0.18292041323895158,0,0,0.03361862500605639
60000,57000,46550,0,0,0.859423040994443,False,3000,none,True,56050,0.8895450490633363,0.8788900908069843,14234,11571,0.8129127441337642,41816,7787,0.1862205854218481,SEA_A__s117__instance__severe,SEA_A,instance,severe,117,no_reset,0.05,5,4,complete,0.8832695362813365,0.8945941123996431,0.6162709006603906,0.3691888272431605,0,57000,0.782387250001193,-0.004379445474352206,-0.005049063336306836,0.19664184347337366,-0.18296824182131238,0,0,0.07703579099324998
60000,57000,53200,0,0,0.8498387090075994,False,3000,confirmed,True,56050,0.8944335414808207,0.884136919852482,14234,13285,0.9333286497119573,41816,2851,0.06817964415534723,SEA_A__s117__instance__severe,SEA_A,instance,severe,117,confirmed,0.01,1,0,complete,0.8832695362813365,0.8945941123996431,0.6162709006603906,0.3691888272431605,0,57000,0.7892689169966616,0.0008673835711454636,-0.00016057091882248908,0.3170577490515667,-0.30100918308781327,0,0,0.06056979201093782
60000,57000,36100,0,0,0.7892689169966616,False,3000,confirmed,True,56050,0.8945941123996431,0.8832695362813365,14234,8772,0.6162709006603906,41816,15438,0.3691888272431605,SEA_A__s117__instance__severe,SEA_A,instance,severe,117,confirmed,0.05,1,0,complete,0.8832695362813365,0.8945941123996431,0.6162709006603906,0.3691888272431605,0,57000,0.7892689169966616,0.0,0.0,0.0,0.0,0,0,0.0
60000,57000,50350,0,0,0.8248214999912307,False,3000,confirmed,True,56050,0.8904727921498662,0.8799407419508167,14234,12491,0.8775467191232261,41816,4907,0.117347426822269,SEA_A__s117__instance__severe,SEA_A,instance,severe,117,confirmed,0.01,5,4,complete,0.8832695362813365,0.8945941123996431,0.6162709006603906,0.3691888272431605,0,57000,0.7892689169966616,-0.003328794330519802,-0.004121320249776961,0.26127581846283554,-0.2518414004208915,0,0,0.03555258299456909
60000,57000,51300,0,0,0.8330357920058304,False,3000,confirmed,True,56050,0.8930597680642284,0.8832303783901342,14234,12761,0.8965153856962204,41816,4227,0.10108570881959059,SEA_A__s117__instance__severe,SEA_A,instance,severe,117,confirmed,0.02,1,0,complete,0.8832695362813365,0.8945941123996431,0.6162709006603906,0.3691888272431605,0,57000,0.7892689169966616,-3.915789120234603e-05,-0.0015343443354147723,0.28024448503582977,-0.26810311842356993,0,0,0.04376687500916887
60000,57000,46550,0,0,0.8377115409966791,False,3000,confirmed,True,56050,0.8927564674397859,0.8818816614118572,14234,11573,0.8130532527750457,41816,7789,0.1862684140042089,SEA_A__s117__instance__severe,SEA_A,instance,severe,117,confirmed,0.02,5,4,complete,0.8832695362813365,0.8945941123996431,0.6162709006603906,0.3691888272431605,0,57000,0.7892689169966616,-0.001387874869479333,-0.0018376449598572764,0.1967823521146551,-0.18292041323895158,0,0,0.04844262400001753
60000,57000,46550,0,0,0.8594184579997091,False,3000,confirmed,True,56050,0.8895450490633363,0.8788900908069843,14234,11571,0.8129127441337642,41816,7787,0.1862205854218481,SEA_A__s117__instance__severe,SEA_A,instance,severe,117,confirmed,0.05,5,4,complete,0.8832695362813365,0.8945941123996431,0.6162709006603906,0.3691888272431605,0,57000,0.7892689169966616,-0.004379445474352206,-0.005049063336306836,0.19664184347337366,-0.18296824182131238,0,0,0.07014954100304749
60000,57000,50350,2850,3,0.7040998750017025,False,3000,rl,True,56050,0.8984478144513827,0.8898064370722749,14234,12589,0.8844316425460166,41816,5005,0.1196910273579491,SEA_A__s117__instance__severe,SEA_A,instance,severe,117,error_rule,0.01,1,0,complete,0.9017883628780359,0.9097234611953613,0.46571589152732895,0.5224076908360437,3,57000,0.7073900000104913,-0.011981925805760962,-0.011275646743978629,0.41871575101868763,-0.40271666347809454,0,0,-0.003290125008788891
60000,57000,27550,2850,3,0.7073900000104913,False,3000,rl,True,56050,0.9097234611953613,0.9017883628780359,14234,6629,0.46571589152732895,41816,21845,0.5224076908360437,SEA_A__s117__instance__severe,SEA_A,instance,severe,117,error_rule,0.05,1,0,complete,0.9017883628780359,0.9097234611953613,0.46571589152732895,0.5224076908360437,3,57000,0.7073900000104913,0.0,0.0,0.0,0.0,0,0,0.0
60000,57000,50350,2850,3,0.7288881249987753,False,3000,rl,True,56050,0.9032649420160571,0.894284925491238,14234,12575,0.8834480820570465,41816,4991,0.11935622728142338,SEA_A__s117__instance__severe,SEA_A,instance,severe,117,error_rule,0.01,5,4,complete,0.9017883628780359,0.9097234611953613,0.46571589152732895,0.5224076908360437,3,57000,0.7073900000104913,-0.007503437386797929,-0.0064585191793041785,0.41773219052971755,-0.4030514635546203,0,0,0.021498124988283962
60000,57000,38950,7600,8,0.6887722920073429,False,3000,rl,True,56050,0.9057091882247993,0.8975888296213728,14234,9685,0.6804130954053674,41816,13501,0.3228668452267075,SEA_A__s117__instance__severe,SEA_A,instance,severe,117,error_rule,0.02,1,0,complete,0.9017883628780359,0.9097234611953613,0.46571589152732895,0.5224076908360437,3,57000,0.7073900000104913,-0.004199533256663113,-0.004014272970562005,0.21469720387803848,-0.19954084560933616,5,0,-0.018617708003148437
60000,57000,29450,3800,4,0.695817583007738,False,3000,rl,True,56050,0.9026404995539696,0.8927551705836483,14234,7332,0.5151046789377547,41816,20648,0.49378228429309357,SEA_A__s117__instance__severe,SEA_A,instance,severe,117,error_rule,0.02,5,4,complete,0.9017883628780359,0.9097234611953613,0.46571589152732895,0.5224076908360437,3,57000,0.7073900000104913,-0.009033192294387593,-0.007082961641391661,0.04938878741042574,-0.028625406542950094,1,0,-0.011572417002753355
60000,57000,21850,2850,3,0.698480125007336,False,3000,rl,True,56050,0.895735950044603,0.8860570093269633,14234,5317,0.3735422228467051,41816,26233,0.6273436005356802,SEA_A__s117__instance__severe,SEA_A,instance,severe,117,error_rule,0.05,5,4,complete,0.9017883628780359,0.9097234611953613,0.46571589152732895,0.5224076908360437,3,57000,0.7073900000104913,-0.01573135355107258,-0.013987511150758247,-0.09217366868062388,0.10493590969963651,0,0,-0.008909875003155321
60000,57000,47500,46550,49,0.6549603749881499,False,3000,rl,True,56050,0.9064406779661017,0.8987882795316579,14234,11794,0.8285794576366446,41816,7060,0.16883489573369045,SEA_A__s117__instance__severe,SEA_A,instance,severe,117,selected_map,0.01,1,0,complete,0.9059732360008279,0.9131489741302409,0.662498243641984,0.339487277597092,39,57000,0.6620383749977918,-0.007184956469170056,-0.006708296164139149,0.1660812139946607,-0.17065238186340156,10,0,-0.007078000009641983
60000,57000,38000,37050,39,0.6620383749977918,False,3000,rl,True,56050,0.9131489741302409,0.9059732360008279,14234,9430,0.662498243641984,41816,14196,0.339487277597092,SEA_A__s117__instance__severe,SEA_A,instance,severe,117,selected_map,0.05,1,0,complete,0.9059732360008279,0.9131489741302409,0.662498243641984,0.339487277597092,39,57000,0.6620383749977918,0.0,0.0,0.0,0.0,0,0,0.0
60000,57000,45600,44650,47,0.663090292000561,False,3000,rl,True,56050,0.907564674397859,0.8997565863057062,14234,11363,0.7982998454404946,41816,8529,0.20396498947771188,SEA_A__s117__instance__severe,SEA_A,instance,severe,117,selected_map,0.01,5,4,complete,0.9059732360008279,0.9131489741302409,0.662498243641984,0.339487277597092,39,57000,0.6620383749977918,-0.006216649695121701,-0.005584299732381837,0.13580160179851064,-0.13552228811938014,8,0,0.001051917002769187
60000,57000,42750,41800,44,0.6635714159929194,False,3000,rl,True,56050,0.9092774308652989,0.9019514794111021,14234,10639,0.7474357172966137,41816,10655,0.2548067725272623,SEA_A__s117__instance__severe,SEA_A,instance,severe,117,selected_map,0.02,1,0,complete,0.9059732360008279,0.9131489741302409,0.662498243641984,0.339487277597092,39,57000,0.6620383749977918,-0.004021756589725811,-0.00387154326494199,0.08493747365462978,-0.08468050506982971,5,0,0.0015330409951275215
60000,57000,35150,34200,36,0.6506270829995628,False,3000,rl,True,56050,0.9085994647636039,0.9008315959338642,14234,8684,0.6100885204440073,41816,16300,0.3898029462406734,SEA_A__s117__instance__severe,SEA_A,instance,severe,117,selected_map,0.02,5,4,complete,0.9059732360008279,0.9131489741302409,0.662498243641984,0.339487277597092,39,57000,0.6620383749977918,-0.005141640066963715,-0.004549509366637006,-0.052409723197976654,0.05031566864358139,-3,0,-0.01141129199822899
60000,57000,26600,25650,27,0.665048333001323,False,3000,rl,True,56050,0.9034611953612846,0.8941215991940088,14234,6528,0.45862020514261626,41816,22694,0.5427109240482112,SEA_A__s117__instance__severe,SEA_A,instance,severe,117,selected_map,0.05,5,4,complete,0.9059732360008279,0.9131489741302409,0.662498243641984,0.339487277597092,39,57000,0.6620383749977918,-0.01185163680681911,-0.009687778768956323,-0.2038780384993677,0.20322364645111918,-12,0,0.00300995800353121
60000,57000,47500,42750,45,0.658279291994404,False,3000,rl,True,56050,0.9068510258697592,0.8992396752185576,14234,11794,0.8285794576366446,41816,7060,0.16883489573369045,SEA_A__s117__instance__severe,SEA_A,instance,severe,117,q_alarm_persistence_7,0.01,1,0,complete,0.90305393838421,0.9106690454950936,0.6960798089082478,0.3054811555385498,36,57000,0.6644050830072956,-0.003814263165652365,-0.0038180196253344567,0.1324996487283968,-0.13664625980485937,9,0,-0.006125791012891568
60000,57000,39900,34200,36,0.6644050830072956,False,3000,rl,True,56050,0.9106690454950936,0.90305393838421,14234,9908,0.6960798089082478,41816,12774,0.3054811555385498,SEA_A__s117__instance__severe,SEA_A,instance,severe,117,q_alarm_persistence_7,0.05,1,0,complete,0.90305393838421,0.9106690454950936,0.6960798089082478,0.3054811555385498,36,57000,0.6644050830072956,0.0,0.0,0.0,0.0,0,0,0.0
60000,57000,46550,41800,44,0.6578811249928549,False,3000,rl,True,56050,0.9073862622658341,0.8996150624182204,14234,11614,0.8159336799213152,41816,7830,0.1872488999426057,SEA_A__s117__instance__severe,SEA_A,instance,severe,117,q_alarm_persistence_7,0.01,5,4,complete,0.90305393838421,0.9106690454950936,0.6960798089082478,0.3054811555385498,36,57000,0.6644050830072956,-0.003438875965989574,-0.003282783229259567,0.11985387101306733,-0.11823225559594411,8,0,-0.006523958014440723
60000,57000,42750,38950,41,0.6539489590068115,False,3000,rl,True,56050,0.9093131132917038,0.9019237389500554,14234,10639,0.7474357172966137,41816,10655,0.2548067725272623,SEA_A__s117__instance__severe,SEA_A,instance,severe,117,q_alarm_persistence_7,0.02,1,0,complete,0.90305393838421,0.9106690454950936,0.6960798089082478,0.3054811555385498,36,57000,0.6644050830072956,-0.0011301994341545996,-0.0013559322033898091,0.0513559083883659,-0.050674383011287516,5,0,-0.010456124000484124
60000,57000,37050,32300,34,0.6547517500002868,False,3000,rl,True,56050,0.9092417484388938,0.9015284654529704,14234,9155,0.6431783054657861,41816,14871,0.3556294241438684,SEA_A__s117__instance__severe,SEA_A,instance,severe,117,q_alarm_persistence_7,0.02,5,4,complete,0.90305393838421,0.9106690454950936,0.6960798089082478,0.3054811555385498,36,57000,0.6644050830072956,-0.0015254729312396131,-0.0014272970561998166,-0.052901503442461695,0.05014826860531857,-2,0,-0.009653333007008769
60000,57000,26600,21850,23,0.6777076250000391,False,3000,rl,True,56050,0.9053880463871543,0.8962758106729047,14234,6532,0.45890122242517917,41816,22698,0.5428065812129329,SEA_A__s117__instance__severe,SEA_A,instance,severe,117,q_alarm_persistence_7,0.05,5,4,complete,0.90305393838421,0.9106690454950936,0.6960798089082478,0.3054811555385498,36,57000,0.6644050830072956,-0.00677812771130526,-0.005280999107939333,-0.23717858648306867,0.23732542567438308,-13,0,0.0133025419927435
60000,57000,53200,0,0,0.8630632089916617,False,3000,rl,True,56050,0.8944335414808207,0.884136919852482,14234,13285,0.9333286497119573,41816,2851,0.06817964415534723,SEA_A__s117__instance__severe,SEA_A,instance,severe,117,q_alarm_persistence_17,0.01,1,0,complete,0.8832695362813365,0.8945941123996431,0.6162709006603906,0.3691888272431605,0,57000,0.7950437499966938,0.0008673835711454636,-0.00016057091882248908,0.3170577490515667,-0.30100918308781327,0,0,0.06801945899496786
60000,57000,36100,0,0,0.7950437499966938,False,3000,rl,True,56050,0.8945941123996431,0.8832695362813365,14234,8772,0.6162709006603906,41816,15438,0.3691888272431605,SEA_A__s117__instance__severe,SEA_A,instance,severe,117,q_alarm_persistence_17,0.05,1,0,complete,0.8832695362813365,0.8945941123996431,0.6162709006603906,0.3691888272431605,0,57000,0.7950437499966938,0.0,0.0,0.0,0.0,0,0,0.0
60000,57000,50350,0,0,0.8376835840026615,False,3000,rl,True,56050,0.8904727921498662,0.8799407419508167,14234,12491,0.8775467191232261,41816,4907,0.117347426822269,SEA_A__s117__instance__severe,SEA_A,instance,severe,117,q_alarm_persistence_17,0.01,5,4,complete,0.8832695362813365,0.8945941123996431,0.6162709006603906,0.3691888272431605,0,57000,0.7950437499966938,-0.003328794330519802,-0.004121320249776961,0.26127581846283554,-0.2518414004208915,0,0,0.042639834005967714
60000,57000,51300,0,0,0.8429180410021218,False,3000,rl,True,56050,0.8930597680642284,0.8832303783901342,14234,12761,0.8965153856962204,41816,4227,0.10108570881959059,SEA_A__s117__instance__severe,SEA_A,instance,severe,117,q_alarm_persistence_17,0.02,1,0,complete,0.8832695362813365,0.8945941123996431,0.6162709006603906,0.3691888272431605,0,57000,0.7950437499966938,-3.915789120234603e-05,-0.0015343443354147723,0.28024448503582977,-0.26810311842356993,0,0,0.04787429100542795
60000,57000,46550,0,0,0.8285617500077933,False,3000,rl,True,56050,0.8927564674397859,0.8818816614118572,14234,11573,0.8130532527750457,41816,7789,0.1862684140042089,SEA_A__s117__instance__severe,SEA_A,instance,severe,117,q_alarm_persistence_17,0.02,5,4,complete,0.8832695362813365,0.8945941123996431,0.6162709006603906,0.3691888272431605,0,57000,0.7950437499966938,-0.001387874869479333,-0.0018376449598572764,0.1967823521146551,-0.18292041323895158,0,0,0.0335180000110995
60000,57000,47500,46550,49,0.6445164159958949,False,3000,rl,True,56050,0.9064406779661017,0.8987882795316579,14234,11794,0.8285794576366446,41816,7060,0.16883489573369045,SEA_A__s117__instance__severe,SEA_A,instance,severe,117,q_alarm_persistence_27,0.01,1,0,complete,0.9059732360008279,0.9131489741302409,0.662498243641984,0.339487277597092,39,57000,0.655969625004218,-0.007184956469170056,-0.006708296164139149,0.1660812139946607,-0.17065238186340156,10,0,-0.011453209008323029
60000,57000,45600,44650,47,0.6452448329946492,False,3000,rl,True,56050,0.907564674397859,0.8997565863057062,14234,11363,0.7982998454404946,41816,8529,0.20396498947771188,SEA_A__s117__instance__severe,SEA_A,instance,severe,117,q_alarm_persistence_27,0.01,5,4,complete,0.9059732360008279,0.9131489741302409,0.662498243641984,0.339487277597092,39,57000,0.655969625004218,-0.006216649695121701,-0.005584299732381837,0.13580160179851064,-0.13552228811938014,8,0,-0.010724792009568773
60000,57000,38000,37050,39,0.655969625004218,False,3000,rl,True,56050,0.9131489741302409,0.9059732360008279,14234,9430,0.662498243641984,41816,14196,0.339487277597092,SEA_A__s117__instance__severe,SEA_A,instance,severe,117,q_alarm_persistence_27,0.05,1,0,complete,0.9059732360008279,0.9131489741302409,0.662498243641984,0.339487277597092,39,57000,0.655969625004218,0.0,0.0,0.0,0.0,0,0,0.0
60000,57000,46550,0,0,0.8521509590063943,False,3000,rl,True,56050,0.8895450490633363,0.8788900908069843,14234,11571,0.8129127441337642,41816,7787,0.1862205854218481,SEA_A__s117__instance__severe,SEA_A,instance,severe,117,q_alarm_persistence_17,0.05,5,4,complete,0.8832695362813365,0.8945941123996431,0.6162709006603906,0.3691888272431605,0,57000,0.7950437499966938,-0.004379445474352206,-0.005049063336306836,0.19664184347337366,-0.18296824182131238,0,0,0.057107209009700455
60000,57000,42750,41800,44,0.6494117910042405,False,3000,rl,True,56050,0.9092774308652989,0.9019514794111021,14234,10639,0.7474357172966137,41816,10655,0.2548067725272623,SEA_A__s117__instance__severe,SEA_A,instance,severe,117,q_alarm_persistence_27,0.02,1,0,complete,0.9059732360008279,0.9131489741302409,0.662498243641984,0.339487277597092,39,57000,0.655969625004218,-0.004021756589725811,-0.00387154326494199,0.08493747365462978,-0.08468050506982971,5,0,-0.006557833999977447
60000,57000,35150,34200,36,0.6463748749956721,False,3000,rl,True,56050,0.9085994647636039,0.9008315959338642,14234,8684,0.6100885204440073,41816,16300,0.3898029462406734,SEA_A__s117__instance__severe,SEA_A,instance,severe,117,q_alarm_persistence_27,0.02,5,4,complete,0.9059732360008279,0.9131489741302409,0.662498243641984,0.339487277597092,39,57000,0.655969625004218,-0.005141640066963715,-0.004549509366637006,-0.052409723197976654,0.05031566864358139,-3,0,-0.009594750008545816
60000,57000,26600,25650,27,0.6605302909883903,False,3000,rl,True,56050,0.9034611953612846,0.8941215991940088,14234,6528,0.45862020514261626,41816,22694,0.5427109240482112,SEA_A__s117__instance__severe,SEA_A,instance,severe,117,q_alarm_persistence_27,0.05,5,4,complete,0.9059732360008279,0.9131489741302409,0.662498243641984,0.339487277597092,39,57000,0.655969625004218,-0.01185163680681911,-0.009687778768956323,-0.2038780384993677,0.20322364645111918,-12,0,0.004560665984172374
60000,57000,50350,0,0,2.757806959009031,False,3000,none,True,56050,0.5623728813559322,0.5575391369875846,0,0,,56050,6650,0.11864406779661017,RBF_I__s115__clean__none,RBF_I,clean,none,115,no_reset,0.01,1,0,complete,0.5657780650090587,0.5694736842105264,,0.1864406779661017,0,57000,2.905591167000239,-0.008238928021474079,-0.007100802854594135,,-0.06779661016949153,0,0,-0.14778420799120795
60000,57000,46550,0,0,2.905591167000239,False,3000,none,True,56050,0.5694736842105264,0.5657780650090587,0,0,,56050,10450,0.1864406779661017,RBF_I__s115__clean__none,RBF_I,clean,none,115,no_reset,0.05,1,0,complete,0.5657780650090587,0.5694736842105264,,0.1864406779661017,0,57000,2.905591167000239,0.0,0.0,,0.0,0,0,0.0
60000,57000,41800,0,0,2.7111374999949476,False,3000,none,True,56050,0.5774665477252453,0.5756326896897679,0,0,,56050,15200,0.2711864406779661,RBF_I__s115__clean__none,RBF_I,clean,none,115,no_reset,0.01,5,4,complete,0.5657780650090587,0.5694736842105264,,0.1864406779661017,0,57000,2.905591167000239,0.00985462468070919,0.00799286351471895,,0.0847457627118644,0,0,-0.1944536670052912
60000,57000,47500,0,0,2.7563997500110418,False,3000,none,True,56050,0.5640677966101695,0.5606228061531493,0,0,,56050,9500,0.1694915254237288,RBF_I__s115__clean__none,RBF_I,clean,none,115,no_reset,0.02,1,0,complete,0.5657780650090587,0.5694736842105264,,0.1864406779661017,0,57000,2.905591167000239,-0.005155258855909395,-0.0054058876003568734,,-0.01694915254237289,0,0,-0.14919141698919702
60000,57000,40850,0,0,2.7156125840119785,False,3000,none,True,56050,0.5895628902765389,0.5863496939386209,0,0,,56050,16150,0.288135593220339,RBF_I__s115__clean__none,RBF_I,clean,none,115,no_reset,0.02,5,4,complete,0.5657780650090587,0.5694736842105264,,0.1864406779661017,0,57000,2.905591167000239,0.020571628929562213,0.0200892060660125,,0.1016949152542373,0,0,-0.1899785829882603
60000,57000,41800,0,0,2.7470252089988207,False,3000,none,True,56050,0.5251739518287244,0.5215295103902161,0,0,,56050,15200,0.2711864406779661,RBF_I__s115__clean__none,RBF_I,clean,none,115,no_reset,0.05,5,4,complete,0.5657780650090587,0.5694736842105264,,0.1864406779661017,0,57000,2.905591167000239,-0.044248554618842584,-0.04429973238180196,,0.0847457627118644,0,0,-0.15856595800141804
60000,64600,52250,8550,3,2.6227487919968553,False,3000,confirmed,True,56050,0.5623193577163247,0.5549271976741277,0,0,,56050,8550,0.15254237288135594,RBF_I__s115__clean__none,RBF_I,clean,none,115,confirmed,0.01,1,0,complete,0.5486748741386835,0.5564317573595005,,0.22033898305084745,3,62700,2.6292045839945786,0.0062523235354441375,0.00588760035682423,,-0.06779661016949151,0,1900,-0.006455791997723281
60000,62700,47500,8550,3,2.6292045839945786,True,3000,confirmed,True,56050,0.5564317573595005,0.5486748741386835,0,0,,56050,12350,0.22033898305084745,RBF_I__s115__clean__none,RBF_I,clean,none,115,confirmed,0.05,1,0,complete,0.5486748741386835,0.5564317573595005,,0.22033898305084745,3,62700,2.6292045839945786,0.0,0.0,,0.0,0,0,0.0
60000,62700,46550,5700,2,2.6119539589999476,False,3000,confirmed,True,56050,0.5705263157894737,0.5653322500287888,0,0,,56050,14250,0.2542372881355932,RBF_I__s115__clean__none,RBF_I,clean,none,115,confirmed,0.01,5,4,complete,0.5486748741386835,0.5564317573595005,,0.22033898305084745,3,62700,2.6292045839945786,0.016657375890105297,0.014094558429973203,,0.033898305084745756,-1,0,-0.017250624994630925
60000,62700,50350,5700,2,2.6390231249970384,False,3000,confirmed,True,56050,0.5846922390722569,0.579914259397834,0,0,,56050,10450,0.1864406779661017,RBF_I__s115__clean__none,RBF_I,clean,none,115,confirmed,0.02,1,0,complete,0.5486748741386835,0.5564317573595005,,0.22033898305084745,3,62700,2.6292045839945786,0.031239385259150487,0.028260481712756413,,-0.033898305084745756,-1,0,0.009818541002459824
60000,62700,51300,8550,3,2.6253570840053726,True,3000,confirmed,True,56050,0.5616592328278323,0.5546039579735781,0,0,,56050,8550,0.15254237288135594,RBF_I__s115__clean__none,RBF_I,clean,none,115,confirmed,0.02,5,4,complete,0.5486748741386835,0.5564317573595005,,0.22033898305084745,3,62700,2.6292045839945786,0.005929083834894544,0.005227475468331799,,-0.06779661016949151,0,0,-0.0038474999892059714
60000,57000,47500,13300,14,2.3930917079997016,False,3000,rl,True,56050,0.5794112399643175,0.5727550398841634,0,0,,56050,9500,0.1694915254237288,RBF_I__s115__clean__none,RBF_I,clean,none,115,error_rule,0.01,1,0,complete,0.5672661622154667,0.5737020517395183,,0.3559322033898305,10,57000,2.4653315000032308,0.005488877668696768,0.0057091882247992665,,-0.1864406779661017,4,0,-0.07223979200352915
60000,57000,40850,7600,8,2.3854202089860337,False,3000,rl,True,56050,0.5752542372881356,0.5701526843928802,0,0,,56050,16150,0.288135593220339,RBF_I__s115__clean__none,RBF_I,clean,none,115,error_rule,0.01,5,4,complete,0.5672661622154667,0.5737020517395183,,0.3559322033898305,10,57000,2.4653315000032308,0.0028865221774135863,0.0015521855486173575,,-0.06779661016949151,-2,0,-0.07991129101719707
60000,57000,37050,9500,10,2.4653315000032308,False,3000,rl,True,56050,0.5737020517395183,0.5672661622154667,0,0,,56050,19950,0.3559322033898305,RBF_I__s115__clean__none,RBF_I,clean,none,115,error_rule,0.05,1,0,complete,0.5672661622154667,0.5737020517395183,,0.3559322033898305,10,57000,2.4653315000032308,0.0,0.0,,0.0,0,0,0.0
60000,64600,46550,2850,1,2.83952558299643,False,3000,confirmed,True,56050,0.5719892952720785,0.5686635020087358,0,0,,56050,12350,0.22033898305084745,RBF_I__s115__clean__none,RBF_I,clean,none,115,confirmed,0.05,5,4,complete,0.5486748741386835,0.5564317573595005,,0.22033898305084745,3,62700,2.6292045839945786,0.01998862787005229,0.015557537912578079,,0.0,-2,1900,0.2103209990018513
60000,57000,44650,13300,14,2.4374614999978803,False,3000,rl,True,56050,0.5780731489741302,0.5714854380613216,0,0,,56050,12350,0.22033898305084745,RBF_I__s115__clean__none,RBF_I,clean,none,115,error_rule,0.02,1,0,complete,0.5672661622154667,0.5737020517395183,,0.3559322033898305,10,57000,2.4653315000032308,0.0042192758458549084,0.0043710972346119314,,-0.13559322033898305,4,0,-0.027870000005350448
60000,57000,38000,37050,39,2.2799956670060055,False,3000,rl,True,56050,0.5731489741302409,0.5677197972059613,0,0,,56050,19000,0.3389830508474576,RBF_I__s115__clean__none,RBF_I,clean,none,115,selected_map,0.01,1,0,complete,0.5728497038730508,0.5781801962533453,,0.5084745762711864,28,57000,2.3771954580006422,-0.005129906667089457,-0.005031222123104362,,-0.1694915254237288,11,0,-0.09719979099463671
60000,57000,35150,8550,9,2.3908554160007043,False,3000,rl,True,56050,0.5718822479928635,0.5668520991989521,0,0,,56050,21850,0.3898305084745763,RBF_I__s115__clean__none,RBF_I,clean,none,115,error_rule,0.02,5,4,complete,0.5672661622154667,0.5737020517395183,,0.3559322033898305,10,57000,2.4653315000032308,-0.00041406301651458755,-0.0018198037466548023,,0.03389830508474578,-1,0,-0.07447608400252648
60000,57000,33250,6650,7,2.4204997080087196,False,3000,rl,True,56050,0.56014272970562,0.555530192502585,0,0,,56050,23750,0.423728813559322,RBF_I__s115__clean__none,RBF_I,clean,none,115,error_rule,0.05,5,4,complete,0.5672661622154667,0.5737020517395183,,0.3559322033898305,10,57000,2.4653315000032308,-0.011735969712881711,-0.013559322033898313,,0.06779661016949151,-3,0,-0.04483179199451115
60000,57000,28500,26600,28,2.3771954580006422,False,3000,rl,True,56050,0.5781801962533453,0.5728497038730508,0,0,,56050,28500,0.5084745762711864,RBF_I__s115__clean__none,RBF_I,clean,none,115,selected_map,0.05,1,0,complete,0.5728497038730508,0.5781801962533453,,0.5084745762711864,28,57000,2.3771954580006422,0.0,0.0,,0.0,0,0,0.0
60000,57000,34200,32300,34,2.3056802500068443,False,3000,rl,True,56050,0.567850133809099,0.5633064301325282,0,0,,56050,22800,0.4067796610169492,RBF_I__s115__clean__none,RBF_I,clean,none,115,selected_map,0.01,5,4,complete,0.5728497038730508,0.5781801962533453,,0.5084745762711864,28,57000,2.3771954580006422,-0.009543273740522551,-0.01033006244424628,,-0.10169491525423724,6,0,-0.07151520799379796
60000,57000,31350,30400,32,2.3021213750034804,False,3000,rl,True,56050,0.5636396074933095,0.5593183333724636,0,0,,56050,25650,0.4576271186440678,RBF_I__s115__clean__none,RBF_I,clean,none,115,selected_map,0.02,5,4,complete,0.5728497038730508,0.5781801962533453,,0.5084745762711864,28,57000,2.3771954580006422,-0.01353137050058717,-0.014540588760035722,,-0.05084745762711862,4,0,-0.0750740829971619
60000,57000,28500,26600,28,2.3155911670037312,False,3000,rl,True,56050,0.5731489741302409,0.5673773307750196,0,0,,56050,28500,0.5084745762711864,RBF_I__s115__clean__none,RBF_I,clean,none,115,selected_map,0.02,1,0,complete,0.5728497038730508,0.5781801962533453,,0.5084745762711864,28,57000,2.3771954580006422,-0.005472373098031169,-0.005031222123104362,,0.0,0,0,-0.061604290996911004
60000,57000,24700,22800,24,2.344012292000116,False,3000,rl,True,56050,0.5692417484388939,0.5651544142543717,0,0,,56050,32300,0.576271186440678,RBF_I__s115__clean__none,RBF_I,clean,none,115,selected_map,0.05,5,4,complete,0.5728497038730508,0.5781801962533453,,0.5084745762711864,28,57000,2.3771954580006422,-0.0076952896186790465,-0.008938447814451411,,0.06779661016949157,-4,0,-0.0331831660005264
60000,57000,41800,19950,21,2.386472333993879,False,3000,rl,True,56050,0.5528099910793934,0.5472585380085981,0,0,,56050,15200,0.2711864406779661,RBF_I__s115__clean__none,RBF_I,clean,none,115,q_alarm_persistence_7,0.01,1,0,complete,0.5534666387971983,0.5592863514719001,,0.4745762711864407,13,57000,2.4353406660084147,-0.006208100788600124,-0.006476360392506653,,-0.2033898305084746,8,0,-0.048868332014535554
60000,57000,30400,12350,13,2.4353406660084147,False,3000,rl,True,56050,0.5592863514719001,0.5534666387971983,0,0,,56050,26600,0.4745762711864407,RBF_I__s115__clean__none,RBF_I,clean,none,115,q_alarm_persistence_7,0.05,1,0,complete,0.5534666387971983,0.5592863514719001,,0.4745762711864407,13,57000,2.4353406660084147,0.0,0.0,,0.0,0,0,0.0
60000,57000,38950,24700,26,2.3502000419975957,False,3000,rl,True,56050,0.5566101694915254,0.5521045032141378,0,0,,56050,18050,0.3220338983050847,RBF_I__s115__clean__none,RBF_I,clean,none,115,q_alarm_persistence_7,0.01,5,4,complete,0.5534666387971983,0.5592863514719001,,0.4745762711864407,13,57000,2.4353406660084147,-0.0013621355830604198,-0.00267618198037467,,-0.15254237288135597,13,0,-0.08514062401081901
60000,57000,35150,15200,16,2.3796552090061596,False,3000,rl,True,56050,0.5540410347903657,0.5484407342067763,0,0,,56050,21850,0.3898305084745763,RBF_I__s115__clean__none,RBF_I,clean,none,115,q_alarm_persistence_7,0.02,1,0,complete,0.5534666387971983,0.5592863514719001,,0.4745762711864407,13,57000,2.4353406660084147,-0.005025904590421959,-0.005245316681534384,,-0.0847457627118644,3,0,-0.055685457002255134
60000,57000,37050,22800,24,2.3397284589882474,False,3000,rl,True,56050,0.5570561998215878,0.552653148943391,0,0,,56050,19950,0.3559322033898305,RBF_I__s115__clean__none,RBF_I,clean,none,115,q_alarm_persistence_7,0.02,5,4,complete,0.5534666387971983,0.5592863514719001,,0.4745762711864407,13,57000,2.4353406660084147,-0.0008134898538072477,-0.002230151650312262,,-0.11864406779661019,11,0,-0.09561220702016726
60000,57000,29450,19000,20,2.4354869999951916,False,3000,rl,True,56050,0.559821587867975,0.555009751642235,0,0,,56050,27550,0.4915254237288136,RBF_I__s115__clean__none,RBF_I,clean,none,115,q_alarm_persistence_7,0.05,5,4,complete,0.5534666387971983,0.5592863514719001,,0.4745762711864407,13,57000,2.4353406660084147,0.0015431128450367204,0.0005352363960748896,,0.01694915254237289,7,0,0.00014633398677688092
60000,57000,49400,3800,4,2.4144947919994593,False,3000,rl,True,56050,0.5509723461195362,0.5442221278112035,0,0,,56050,7600,0.13559322033898305,RBF_I__s115__clean__none,RBF_I,clean,none,115,q_alarm_persistence_17,0.01,1,0,complete,0.5452646116369999,0.5505619982158787,,0.2711864406779661,2,57000,2.5317930830060504,-0.0010424838257964142,0.00041034790365745977,,-0.13559322033898305,2,0,-0.11729829100659117
60000,57000,41800,1900,2,2.5317930830060504,False,3000,rl,True,56050,0.5505619982158787,0.5452646116369999,0,0,,56050,15200,0.2711864406779661,RBF_I__s115__clean__none,RBF_I,clean,none,115,q_alarm_persistence_17,0.05,1,0,complete,0.5452646116369999,0.5505619982158787,,0.2711864406779661,2,57000,2.5317930830060504,0.0,0.0,,0.0,0,0,0.0
60000,57000,44650,2850,3,2.446499625002616,False,3000,rl,True,56050,0.524085637823372,0.5180221936936165,0,0,,56050,12350,0.22033898305084745,RBF_I__s115__clean__none,RBF_I,clean,none,115,q_alarm_persistence_17,0.01,5,4,complete,0.5452646116369999,0.5505619982158787,,0.2711864406779661,2,57000,2.5317930830060504,-0.027242417943383446,-0.02647636039250667,,-0.05084745762711865,1,0,-0.08529345800343435
60000,57000,46550,2850,3,2.5315080000000307,False,3000,rl,True,56050,0.5446387154326494,0.5387189835072289,0,0,,56050,10450,0.1864406779661017,RBF_I__s115__clean__none,RBF_I,clean,none,115,q_alarm_persistence_17,0.02,1,0,complete,0.5452646116369999,0.5505619982158787,,0.2711864406779661,2,57000,2.5317930830060504,-0.006545628129770997,-0.005923282783229289,,-0.0847457627118644,1,0,-0.00028508300601970404
60000,57000,38000,37050,39,2.2875918750069104,False,3000,rl,True,56050,0.5731489741302409,0.5677197972059613,0,0,,56050,19000,0.3389830508474576,RBF_I__s115__clean__none,RBF_I,clean,none,115,q_alarm_persistence_27,0.01,1,0,complete,0.5728497038730508,0.5781801962533453,,0.5084745762711864,28,57000,2.3772586669947486,-0.005129906667089457,-0.005031222123104362,,-0.1694915254237288,11,0,-0.08966679198783822
60000,57000,38000,2850,3,2.464138916999218,False,3000,rl,True,56050,0.5167528991971454,0.510271320843974,0,0,,56050,19000,0.3389830508474576,RBF_I__s115__clean__none,RBF_I,clean,none,115,q_alarm_persistence_17,0.02,5,4,complete,0.5452646116369999,0.5505619982158787,,0.2711864406779661,2,57000,2.5317930830060504,-0.03499329079302593,-0.0338090990187333,,0.06779661016949151,1,0,-0.06765416600683238
60000,57000,34200,32300,34,2.251592124986928,False,3000,rl,True,56050,0.567850133809099,0.5633064301325282,0,0,,56050,22800,0.4067796610169492,RBF_I__s115__clean__none,RBF_I,clean,none,115,q_alarm_persistence_27,0.01,5,4,complete,0.5728497038730508,0.5781801962533453,,0.5084745762711864,28,57000,2.3772586669947486,-0.009543273740522551,-0.01033006244424628,,-0.10169491525423724,6,0,-0.12566654200782068
60000,57000,28500,26600,28,2.3772586669947486,False,3000,rl,True,56050,0.5781801962533453,0.5728497038730508,0,0,,56050,28500,0.5084745762711864,RBF_I__s115__clean__none,RBF_I,clean,none,115,q_alarm_persistence_27,0.05,1,0,complete,0.5728497038730508,0.5781801962533453,,0.5084745762711864,28,57000,2.3772586669947486,0.0,0.0,,0.0,0,0,0.0
60000,57000,41800,0,0,2.7472786660073325,False,3000,rl,True,56050,0.5309545049063337,0.5288392345980379,0,0,,56050,15200,0.2711864406779661,RBF_I__s115__clean__none,RBF_I,clean,none,115,q_alarm_persistence_17,0.05,5,4,complete,0.5452646116369999,0.5505619982158787,,0.2711864406779661,2,57000,2.5317930830060504,-0.016425377038961964,-0.019607493309545032,,0.0,-2,0,0.21548558300128207
60000,57000,28500,26600,28,2.3405093330075033,False,3000,rl,True,56050,0.5731489741302409,0.5673773307750196,0,0,,56050,28500,0.5084745762711864,RBF_I__s115__clean__none,RBF_I,clean,none,115,q_alarm_persistence_27,0.02,1,0,complete,0.5728497038730508,0.5781801962533453,,0.5084745762711864,28,57000,2.3772586669947486,-0.005472373098031169,-0.005031222123104362,,0.0,0,0,-0.036749333987245336
60000,57000,31350,30400,32,2.3460056660114788,False,3000,rl,True,56050,0.5636396074933095,0.5593183333724636,0,0,,56050,25650,0.4576271186440678,RBF_I__s115__clean__none,RBF_I,clean,none,115,q_alarm_persistence_27,0.02,5,4,complete,0.5728497038730508,0.5781801962533453,,0.5084745762711864,28,57000,2.3772586669947486,-0.01353137050058717,-0.014540588760035722,,-0.05084745762711862,4,0,-0.031253000983269885
60000,57000,24700,22800,24,2.342444041991257,False,3000,rl,True,56050,0.5692417484388939,0.5651544142543717,0,0,,56050,32300,0.576271186440678,RBF_I__s115__clean__none,RBF_I,clean,none,115,q_alarm_persistence_27,0.05,5,4,complete,0.5728497038730508,0.5781801962533453,,0.5084745762711864,28,57000,2.3772586669947486,-0.0076952896186790465,-0.008938447814451411,,0.06779661016949157,-4,0,-0.03481462500349153
60000,57000,51300,0,0,2.738376249995781,False,3000,none,True,56050,0.5326315789473685,0.5304053482658276,14252,12807,0.8986107213022734,41798,4255,0.10179912914493516,RBF_I__s115__instance__severe,RBF_I,instance,severe,115,no_reset,0.01,1,0,complete,0.5267755857854688,0.5314897413024086,0.8207970811114229,0.18890856021819225,0,57000,2.7345506670098985,0.0036297624803588446,0.0011418376449598977,0.07781364019085046,-0.08710943107325708,0,0,0.0038255829858826473
60000,57000,46550,0,0,2.7345506670098985,False,3000,none,True,56050,0.5314897413024086,0.5267755857854688,14252,11698,0.8207970811114229,41798,7896,0.18890856021819225,RBF_I__s115__instance__severe,RBF_I,instance,severe,115,no_reset,0.05,1,0,complete,0.5267755857854688,0.5314897413024086,0.8207970811114229,0.18890856021819225,0,57000,2.7345506670098985,0.0,0.0,0.0,0.0,0,0,0.0
60000,57000,43700,0,0,2.635886957999901,False,3000,none,True,56050,0.4933630686886708,0.48907788725597356,14252,10878,0.7632612966601179,41798,9926,0.23747547729556437,RBF_I__s115__instance__severe,RBF_I,instance,severe,115,no_reset,0.01,5,4,complete,0.5267755857854688,0.5314897413024086,0.8207970811114229,0.18890856021819225,0,57000,2.7345506670098985,-0.03769769852949523,-0.038126672613737755,-0.05753578445130503,0.048566917077372124,0,0,-0.09866370900999755
60000,57000,41800,0,0,2.606452291001915,False,3000,none,True,56050,0.5304014272970562,0.5256901838962758,14252,10411,0.7304939657591917,41798,11359,0.27175941432604434,RBF_I__s115__instance__severe,RBF_I,instance,severe,115,no_reset,0.02,5,4,complete,0.5267755857854688,0.5314897413024086,0.8207970811114229,0.18890856021819225,0,57000,2.7345506670098985,-0.0010854018891930384,-0.0010883140053523643,-0.09030311535223123,0.08285085410785209,0,0,-0.12809837600798346
60000,57000,49400,0,0,2.749684041002183,False,3000,none,True,56050,0.5131668153434433,0.5101165452817442,14252,12327,0.8649312377210217,41798,5675,0.13577204650940236,RBF_I__s115__instance__severe,RBF_I,instance,severe,115,no_reset,0.02,1,0,complete,0.5267755857854688,0.5314897413024086,0.8207970811114229,0.18890856021819225,0,57000,2.7345506670098985,-0.016659040503724576,-0.01832292595896523,0.04413415660959874,-0.053136513708789884,0,0,0.01513337399228476
60000,57000,43700,0,0,2.699456292000832,False,3000,none,True,56050,0.5134522747546834,0.5102400225301584,14252,10868,0.7625596407521751,41798,9916,0.2372362313986315,RBF_I__s115__instance__severe,RBF_I,instance,severe,115,no_reset,0.05,5,4,complete,0.5267755857854688,0.5314897413024086,0.8207970811114229,0.18890856021819225,0,57000,2.7345506670098985,-0.01653556325531036,-0.0180374665477252,-0.05823744035924783,0.04832767118043926,0,0,-0.035094375009066425
60000,62700,49400,2850,1,2.704135624997434,False,3000,confirmed,True,56050,0.5784656556645852,0.5746350532964266,14252,11818,0.8292169520067358,41798,7066,0.16905115077276425,RBF_I__s115__instance__severe,RBF_I,instance,severe,115,confirmed,0.01,1,0,complete,0.5480370402039694,0.551935771632471,0.6819393769295538,0.3233886788841571,2,60800,2.5887829580024118,0.02659801309245724,0.026529884032114204,0.1472775750771821,-0.15433752811139287,-1,1900,0.11535266699502245
60000,60800,41800,5700,2,2.5887829580024118,False,3000,confirmed,True,56050,0.551935771632471,0.5480370402039694,14252,9719,0.6819393769295538,41798,13517,0.3233886788841571,RBF_I__s115__instance__severe,RBF_I,instance,severe,115,confirmed,0.05,1,0,complete,0.5480370402039694,0.551935771632471,0.6819393769295538,0.3233886788841571,2,60800,2.5887829580024118,0.0,0.0,0.0,0.0,0,0,0.0
60000,58900,43700,2850,1,2.6027588750002906,False,3000,confirmed,True,56050,0.5689206066012489,0.5650072686308938,14252,10402,0.7298624754420432,41798,11350,0.2715440930188047,RBF_I__s115__instance__severe,RBF_I,instance,severe,115,confirmed,0.01,5,4,complete,0.5480370402039694,0.551935771632471,0.6819393769295538,0.3233886788841571,2,60800,2.5887829580024118,0.016970228426924416,0.016984834968777895,0.04792309851248944,-0.0518445858653524,-1,-1900,0.013975916997878812
60000,60800,47500,5700,2,2.6355744169995887,False,3000,confirmed,True,56050,0.5530419268510258,0.5490104704673489,14252,11126,0.7806623631770979,41798,9224,0.22068041533087707,RBF_I__s115__instance__severe,RBF_I,instance,severe,115,confirmed,0.02,1,0,complete,0.5480370402039694,0.551935771632471,0.6819393769295538,0.3233886788841571,2,60800,2.5887829580024118,0.0009734302633794822,0.0011061552185548384,0.09872298624754416,-0.10270826355328005,0,0,0.04679145899717696
60000,58900,42750,2850,1,2.658524166996358,False,3000,confirmed,True,56050,0.5801962533452275,0.5772072559913847,14252,10155,0.7125315745158575,41798,12053,0.2883630795731853,RBF_I__s115__instance__severe,RBF_I,instance,severe,115,confirmed,0.02,5,4,complete,0.5480370402039694,0.551935771632471,0.6819393769295538,0.3233886788841571,2,60800,2.5887829580024118,0.0291702157874153,0.028260481712756524,0.030592197586303715,-0.03502559931097182,-1,-1900,0.0697412089939462
60000,57000,43700,8550,9,2.3787795420066686,False,3000,rl,True,56050,0.5630686886708296,0.556868464075951,14252,10825,0.7595425203480213,41798,9873,0.2362074740418202,RBF_I__s115__instance__severe,RBF_I,instance,severe,115,error_rule,0.01,1,0,complete,0.5542495988607536,0.5602676181980375,0.6458040976705024,0.3565242356093593,8,57000,2.466847667004913,0.0026188652151973857,0.0028010704727921,0.11373842267751888,-0.12031676156753912,1,0,-0.08806812499824446
60000,57000,38950,9500,10,2.4263124159915606,False,3000,rl,True,56050,0.559464763603925,0.5537293440701757,14252,9588,0.6727476845355038,41798,13386,0.3202545576343366,RBF_I__s115__instance__severe,RBF_I,instance,severe,115,error_rule,0.01,5,4,complete,0.5542495988607536,0.5602676181980375,0.6458040976705024,0.3565242356093593,8,57000,2.466847667004913,-0.0005202547905779342,-0.0008028545941124454,0.026943586865001423,-0.03626967797502273,2,0,-0.040535251013352536
60000,57000,37050,7600,8,2.466847667004913,False,3000,rl,True,56050,0.5602676181980375,0.5542495988607536,14252,9204,0.6458040976705024,41798,14902,0.3565242356093593,RBF_I__s115__instance__severe,RBF_I,instance,severe,115,error_rule,0.05,1,0,complete,0.5542495988607536,0.5602676181980375,0.6458040976705024,0.3565242356093593,8,57000,2.466847667004913,0.0,0.0,0.0,0.0,0,0,0.0
60000,62700,39900,8550,3,2.6254830840043724,False,3000,confirmed,True,56050,0.5513291703835861,0.5449001166687266,14252,9184,0.6444007858546169,41798,14882,0.3560457438154936,RBF_I__s115__instance__severe,RBF_I,instance,severe,115,confirmed,0.05,5,4,complete,0.5480370402039694,0.551935771632471,0.6819393769295538,0.3233886788841571,2,60800,2.5887829580024118,-0.0031369235352427527,-0.0006066012488848971,-0.037538591074936845,0.032657064931336466,1,1900,0.0367001260019606
60000,57000,38000,7600,8,2.3992508750088746,False,3000,rl,True,56050,0.5557894736842105,0.5501037971531877,14252,9449,0.6629946674150996,41798,14197,0.3396573998755921,RBF_I__s115__instance__severe,RBF_I,instance,severe,115,error_rule,0.02,1,0,complete,0.5542495988607536,0.5602676181980375,0.6458040976705024,0.3565242356093593,8,57000,2.466847667004913,-0.004145801707565955,-0.004478144513826998,0.017190569744597206,-0.016866835733767183,0,0,-0.06759679199603852
60000,57000,29450,7600,8,2.3953056250029476,False,3000,rl,True,56050,0.544442462087422,0.5387966787761025,14252,7192,0.5046309289924221,41798,20490,0.4902148428154457,RBF_I__s115__instance__severe,RBF_I,instance,severe,115,error_rule,0.02,5,4,complete,0.5542495988607536,0.5602676181980375,0.6458040976705024,0.3565242356093593,8,57000,2.466847667004913,-0.015452920084651156,-0.015825156110615524,-0.14117316867808027,0.1336906072060864,0,0,-0.07154204200196546
60000,57000,36100,35150,37,2.2857872919994406,False,3000,rl,True,56050,0.543978590544157,0.5395534464167812,14252,8961,0.6287538591074937,41798,15609,0.37343892052251304,RBF_I__s115__instance__severe,RBF_I,instance,severe,115,selected_map,0.01,1,0,complete,0.5415793735132395,0.5462087421944692,0.48582655065955654,0.5065314129862672,28,57000,2.341446749996976,-0.0020259270964583243,-0.002230151650312262,0.14292730844793716,-0.1330924924637542,9,0,-0.055659457997535355
60000,57000,28500,5700,6,2.485397833006573,False,3000,rl,True,56050,0.552471008028546,0.5470014625060554,14252,6944,0.48722986247544203,41798,21192,0.507009904780133,RBF_I__s115__instance__severe,RBF_I,instance,severe,115,error_rule,0.05,5,4,complete,0.5542495988607536,0.5602676181980375,0.6458040976705024,0.3565242356093593,8,57000,2.466847667004913,-0.007248136354698231,-0.0077966101694915135,-0.15857423519506036,0.15048566917077366,-2,0,0.018550166001659818
60000,57000,28500,26600,28,2.341446749996976,False,3000,rl,True,56050,0.5462087421944692,0.5415793735132395,14252,6924,0.48582655065955654,41798,21172,0.5065314129862672,RBF_I__s115__instance__severe,RBF_I,instance,severe,115,selected_map,0.05,1,0,complete,0.5415793735132395,0.5462087421944692,0.48582655065955654,0.5065314129862672,28,57000,2.341446749996976,0.0,0.0,0.0,0.0,0,0,0.0
60000,57000,33250,32300,34,2.2741785410034936,False,3000,rl,True,56050,0.5404638715432649,0.5358078447559768,14252,8111,0.5691131069323604,41798,17609,0.42128809990908656,RBF_I__s115__instance__severe,RBF_I,instance,severe,115,selected_map,0.01,5,4,complete,0.5415793735132395,0.5462087421944692,0.48582655065955654,0.5065314129862672,28,57000,2.341446749996976,-0.005771528757262723,-0.005744870651204326,0.08328655627280385,-0.0852433130771807,6,0,-0.0672682089934824
60000,57000,27550,26600,28,2.284723042001133,False,3000,rl,True,56050,0.5353077609277431,0.5311870691229019,14252,6778,0.47558237440359247,41798,21976,0.5257667830996698,RBF_I__s115__instance__severe,RBF_I,instance,severe,115,selected_map,0.02,1,0,complete,0.5415793735132395,0.5462087421944692,0.48582655065955654,0.5065314129862672,28,57000,2.341446749996976,-0.010392304390337559,-0.010900981266726117,-0.010244176255964077,0.019235370113402595,0,0,-0.05672370799584314
60000,57000,28500,26600,28,2.318259790990851,False,3000,rl,True,56050,0.539393398751115,0.5354103042279275,14252,6957,0.4881420151557676,41798,21205,0.5073209244461457,RBF_I__s115__instance__severe,RBF_I,instance,severe,115,selected_map,0.02,5,4,complete,0.5415793735132395,0.5462087421944692,0.48582655065955654,0.5065314129862672,28,57000,2.341446749996976,-0.006169069285312023,-0.006815343443354216,0.0023154644962110615,0.0007895114598784891,0,0,-0.023186959006125107
60000,57000,26600,25650,27,2.376090582998586,False,3000,rl,True,56050,0.5330597680642284,0.528277922129092,14252,6433,0.45137524557956776,41798,22581,0.5402411598641084,RBF_I__s115__instance__severe,RBF_I,instance,severe,115,selected_map,0.05,5,4,complete,0.5415793735132395,0.5462087421944692,0.48582655065955654,0.5065314129862672,28,57000,2.341446749996976,-0.013301451384147511,-0.013148974130240854,-0.03445130507998878,0.03370974687784112,-1,0,0.03464383300160989
60000,57000,35150,23750,25,2.3475722080038395,False,3000,rl,True,56050,0.5397680642283675,0.5351280285330987,14252,8725,0.6121947796800449,41798,16323,0.3905210775635198,RBF_I__s115__instance__severe,RBF_I,instance,severe,115,q_alarm_persistence_7,0.01,1,0,complete,0.5339895080786545,0.5390544157002676,0.5586584339040135,0.44045169625340924,17,57000,2.4126573340035975,0.0011385204544441807,0.0007136485280999638,0.05353634577603139,-0.04993061868988946,8,0,-0.06508512599975802
60000,57000,32300,16150,17,2.4126573340035975,False,3000,rl,True,56050,0.5390544157002676,0.5339895080786545,14252,7962,0.5586584339040135,41798,18410,0.44045169625340924,RBF_I__s115__instance__severe,RBF_I,instance,severe,115,q_alarm_persistence_7,0.05,1,0,complete,0.5339895080786545,0.5390544157002676,0.5586584339040135,0.44045169625340924,17,57000,2.4126573340035975,0.0,0.0,0.0,0.0,0,0,0.0
60000,57000,36100,22800,24,2.331222875000094,False,3000,rl,True,56050,0.5281534344335415,0.5233500221883776,14252,8850,0.6209654785293293,41798,15498,0.3707832910665582,RBF_I__s115__instance__severe,RBF_I,instance,severe,115,q_alarm_persistence_7,0.01,5,4,complete,0.5339895080786545,0.5390544157002676,0.5586584339040135,0.44045169625340924,17,57000,2.4126573340035975,-0.010639485890276967,-0.010900981266726117,0.06230704462531578,-0.06966840518685102,7,0,-0.08143445900350343
60000,57000,34200,19950,21,2.3710065000050236,False,3000,rl,True,56050,0.5384834968777877,0.5341831054175656,14252,8481,0.595074375526242,41798,17029,0.40741183788698027,RBF_I__s115__instance__severe,RBF_I,instance,severe,115,q_alarm_persistence_7,0.02,1,0,complete,0.5339895080786545,0.5390544157002676,0.5586584339040135,0.44045169625340924,17,57000,2.4126573340035975,0.0001935973389111112,-0.0005709188224798378,0.0364159416222285,-0.033039858366428976,4,0,-0.041650833998573944
60000,57000,35150,19950,21,2.39628004199767,False,3000,rl,True,56050,0.5324888492417484,0.5279350605287361,14252,8604,0.6037047431939377,41798,16202,0.3876262022106321,RBF_I__s115__instance__severe,RBF_I,instance,severe,115,q_alarm_persistence_7,0.02,5,4,complete,0.5339895080786545,0.5390544157002676,0.5586584339040135,0.44045169625340924,17,57000,2.4126573340035975,-0.0060544475499184625,-0.006565566458519134,0.04504630928992426,-0.052825494042777144,4,0,-0.016377292005927302
60000,57000,25650,13300,14,2.3986596659960924,False,3000,rl,True,56050,0.5170383586083853,0.5111533402026344,14252,6227,0.4369211338759472,41798,23325,0.5580410545959137,RBF_I__s115__instance__severe,RBF_I,instance,severe,115,q_alarm_persistence_7,0.05,5,4,complete,0.5339895080786545,0.5390544157002676,0.5586584339040135,0.44045169625340924,17,57000,2.4126573340035975,-0.022836167876020164,-0.022016057091882257,-0.12173730002806626,0.11758935834250445,-3,0,-0.013997668007505126
60000,57000,45600,1900,2,2.4692732080002315,False,3000,rl,True,56050,0.5423907225691347,0.5391238488122938,14252,11365,0.7974319393769296,41798,8513,0.20367003205895018,RBF_I__s115__instance__severe,RBF_I,instance,severe,115,q_alarm_persistence_17,0.01,1,0,complete,0.559181912040329,0.5612845673505799,0.7659275891103003,0.2383846117039093,1,57000,2.5784201659989776,-0.02005806322803516,-0.01889384478144518,0.03150435026662923,-0.03471457964495911,1,0,-0.10914695799874607
60000,57000,43700,950,1,2.5784201659989776,False,3000,rl,True,56050,0.5612845673505799,0.559181912040329,14252,10916,0.7659275891103003,41798,9964,0.2383846117039093,RBF_I__s115__instance__severe,RBF_I,instance,severe,115,q_alarm_persistence_17,0.05,1,0,complete,0.559181912040329,0.5612845673505799,0.7659275891103003,0.2383846117039093,1,57000,2.5784201659989776,0.0,0.0,0.0,0.0,0,0,0.0
60000,57000,44650,1900,2,2.5288301249966025,False,3000,rl,True,56050,0.5307939339875112,0.5254868306559125,14252,11123,0.7804518664047151,41798,9221,0.22060864156179721,RBF_I__s115__instance__severe,RBF_I,instance,severe,115,q_alarm_persistence_17,0.01,5,4,complete,0.559181912040329,0.5612845673505799,0.7659275891103003,0.2383846117039093,1,57000,2.5784201659989776,-0.03369508138441646,-0.030490633363068675,0.014524277294414745,-0.017775970142112074,1,0,-0.049590041002375074
60000,57000,47500,2850,3,2.4802236249961425,False,3000,rl,True,56050,0.5256913470115968,0.5208668036004904,14252,11850,0.8314622509121526,41798,7098,0.1698167376429494,RBF_I__s115__instance__severe,RBF_I,instance,severe,115,q_alarm_persistence_17,0.02,1,0,complete,0.559181912040329,0.5612845673505799,0.7659275891103003,0.2383846117039093,1,57000,2.5784201659989776,-0.03831510843983854,-0.035593220338983045,0.0655346618018523,-0.06856787406095988,2,0,-0.09819654100283515
60000,57000,39900,0,0,2.6009892500005662,False,3000,rl,True,56050,0.5407671721677074,0.535715746391514,14252,9917,0.6958321639068201,41798,12765,0.3053973874348055,RBF_I__s115__instance__severe,RBF_I,instance,severe,115,q_alarm_persistence_17,0.02,5,4,complete,0.559181912040329,0.5612845673505799,0.7659275891103003,0.2383846117039093,1,57000,2.5784201659989776,-0.023466165648814985,-0.020517395182872433,-0.07009542520348022,0.0670127757308962,-1,0,0.022569084001588635
60000,57000,36100,35150,37,2.2883352920034667,False,3000,rl,True,56050,0.543978590544157,0.5395534464167812,14252,8961,0.6287538591074937,41798,15609,0.37343892052251304,RBF_I__s115__instance__severe,RBF_I,instance,severe,115,q_alarm_persistence_27,0.01,1,0,complete,0.5415793735132395,0.5462087421944692,0.48582655065955654,0.5065314129862672,28,57000,2.3435013749985956,-0.0020259270964583243,-0.002230151650312262,0.14292730844793716,-0.1330924924637542,9,0,-0.05516608299512882
60000,57000,33250,32300,34,2.2939013750001322,False,3000,rl,True,56050,0.5404638715432649,0.5358078447559768,14252,8111,0.5691131069323604,41798,17609,0.42128809990908656,RBF_I__s115__instance__severe,RBF_I,instance,severe,115,q_alarm_persistence_27,0.01,5,4,complete,0.5415793735132395,0.5462087421944692,0.48582655065955654,0.5065314129862672,28,57000,2.3435013749985956,-0.005771528757262723,-0.005744870651204326,0.08328655627280385,-0.0852433130771807,6,0,-0.04959999999846332
60000,57000,28500,26600,28,2.3435013749985956,False,3000,rl,True,56050,0.5462087421944692,0.5415793735132395,14252,6924,0.48582655065955654,41798,21172,0.5065314129862672,RBF_I__s115__instance__severe,RBF_I,instance,severe,115,q_alarm_persistence_27,0.05,1,0,complete,0.5415793735132395,0.5462087421944692,0.48582655065955654,0.5065314129862672,28,57000,2.3435013749985956,0.0,0.0,0.0,0.0,0,0,0.0
60000,57000,40850,0,0,2.670605416991748,False,3000,rl,True,56050,0.5075825156110616,0.5037682448806535,14252,10118,0.7099354476564693,41798,12016,0.2874778697545337,RBF_I__s115__instance__severe,RBF_I,instance,severe,115,q_alarm_persistence_17,0.05,5,4,complete,0.559181912040329,0.5612845673505799,0.7659275891103003,0.2383846117039093,1,57000,2.5784201659989776,-0.05541366715967544,-0.05370205173951825,-0.055992141453831024,0.04909325805062442,-1,0,0.0921852509927703
60000,57000,27550,26600,28,2.3035040840040892,False,3000,rl,True,56050,0.5353077609277431,0.5311870691229019,14252,6778,0.47558237440359247,41798,21976,0.5257667830996698,RBF_I__s115__instance__severe,RBF_I,instance,severe,115,q_alarm_persistence_27,0.02,1,0,complete,0.5415793735132395,0.5462087421944692,0.48582655065955654,0.5065314129862672,28,57000,2.3435013749985956,-0.010392304390337559,-0.010900981266726117,-0.010244176255964077,0.019235370113402595,0,0,-0.03999729099450633
60000,57000,28500,26600,28,2.320227916992735,False,3000,rl,True,56050,0.539393398751115,0.5354103042279275,14252,6957,0.4881420151557676,41798,21205,0.5073209244461457,RBF_I__s115__instance__severe,RBF_I,instance,severe,115,q_alarm_persistence_27,0.02,5,4,complete,0.5415793735132395,0.5462087421944692,0.48582655065955654,0.5065314129862672,28,57000,2.3435013749985956,-0.006169069285312023,-0.006815343443354216,0.0023154644962110615,0.0007895114598784891,0,0,-0.023273458005860448
60000,57000,26600,25650,27,2.386522333006724,False,3000,rl,True,56050,0.5330597680642284,0.528277922129092,14252,6433,0.45137524557956776,41798,22581,0.5402411598641084,RBF_I__s115__instance__severe,RBF_I,instance,severe,115,q_alarm_persistence_27,0.05,5,4,complete,0.5415793735132395,0.5462087421944692,0.48582655065955654,0.5065314129862672,28,57000,2.3435013749985956,-0.013301451384147511,-0.013148974130240854,-0.03445130507998878,0.03370974687784112,-1,0,0.04302095800812822
60000,57000,49400,0,0,2.7285208749963203,False,3000,none,True,56050,0.5841391614629795,0.577811443056815,0,0,,56050,7600,0.13559322033898305,RBF_I__s116__clean__none,RBF_I,clean,none,116,no_reset,0.01,1,0,complete,0.5679550152776619,0.5739696699375557,,0.1864406779661017,0,57000,2.7531581670045853,0.009856427779153076,0.01016949152542379,,-0.05084745762711865,0,0,-0.02463729200826492
60000,57000,46550,0,0,2.7531581670045853,False,3000,none,True,56050,0.5739696699375557,0.5679550152776619,0,0,,56050,10450,0.1864406779661017,RBF_I__s116__clean__none,RBF_I,clean,none,116,no_reset,0.05,1,0,complete,0.5679550152776619,0.5739696699375557,,0.1864406779661017,0,57000,2.7531581670045853,0.0,0.0,,0.0,0,0,0.0
60000,57000,51300,0,0,2.737885250011459,False,3000,none,True,56050,0.5712399643175736,0.5676824550338431,0,0,,56050,5700,0.1016949152542373,RBF_I__s116__clean__none,RBF_I,clean,none,116,no_reset,0.01,5,4,complete,0.5679550152776619,0.5739696699375557,,0.1864406779661017,0,57000,2.7531581670045853,-0.00027256024381883126,-0.0027297056199820924,,-0.0847457627118644,0,0,-0.015272916993126273
60000,57000,50350,0,0,2.7733398749987828,False,3000,none,True,56050,0.5888492417484389,0.5827859994403798,0,0,,56050,6650,0.11864406779661017,RBF_I__s116__clean__none,RBF_I,clean,none,116,no_reset,0.02,1,0,complete,0.5679550152776619,0.5739696699375557,,0.1864406779661017,0,57000,2.7531581670045853,0.014830984162717886,0.014879571810883174,,-0.06779661016949153,0,0,0.020181707994197495
60000,57000,40850,0,0,2.667581166999298,False,3000,none,True,56050,0.5344335414808207,0.5287522281767043,0,0,,56050,16150,0.288135593220339,RBF_I__s116__clean__none,RBF_I,clean,none,116,no_reset,0.02,5,4,complete,0.5679550152776619,0.5739696699375557,,0.1864406779661017,0,57000,2.7531581670045853,-0.03920278710095759,-0.03953612845673504,,0.1016949152542373,0,0,-0.08557700000528712
60000,57000,37050,0,0,2.657405125006335,False,3000,none,True,56050,0.5334344335414808,0.5258383273464919,0,0,,56050,19950,0.3559322033898305,RBF_I__s116__clean__none,RBF_I,clean,none,116,no_reset,0.05,5,4,complete,0.5679550152776619,0.5739696699375557,,0.1864406779661017,0,57000,2.7531581670045853,-0.04211668793116996,-0.040535236396074925,,0.1694915254237288,0,0,-0.09575304199825041
60000,60800,54150,5700,2,2.6197851250035455,False,3000,confirmed,True,56050,0.5583586083853702,0.5536918252926128,0,0,,56050,6650,0.11864406779661017,RBF_I__s116__clean__none,RBF_I,clean,none,116,confirmed,0.01,1,0,complete,0.5104367969826074,0.5183050847457628,,0.288135593220339,3,64600,2.652657292012009,0.043255028310005494,0.04005352363960746,,-0.1694915254237288,-1,-3800,-0.03287216700846329
60000,64600,45600,8550,3,2.652657292012009,False,3000,confirmed,True,56050,0.5183050847457628,0.5104367969826074,0,0,,56050,16150,0.288135593220339,RBF_I__s116__clean__none,RBF_I,clean,none,116,confirmed,0.05,1,0,complete,0.5104367969826074,0.5183050847457628,,0.288135593220339,3,64600,2.652657292012009,0.0,0.0,,0.0,0,0,0.0
60000,60800,50350,5700,2,2.6597922920045676,True,3000,confirmed,True,56050,0.5580553077609277,0.5533102188471318,0,0,,56050,10450,0.1864406779661017,RBF_I__s116__clean__none,RBF_I,clean,none,116,confirmed,0.01,5,4,complete,0.5104367969826074,0.5183050847457628,,0.288135593220339,3,64600,2.652657292012009,0.042873421864524475,0.039750223015164954,,-0.1016949152542373,-1,-3800,0.007134999992558733
60000,60800,52250,5700,2,2.6719209580041934,True,3000,confirmed,True,56050,0.5469937555753791,0.5422357257501353,0,0,,56050,8550,0.15254237288135594,RBF_I__s116__clean__none,RBF_I,clean,none,116,confirmed,0.02,1,0,complete,0.5104367969826074,0.5183050847457628,,0.288135593220339,3,64600,2.652657292012009,0.03179892876752799,0.028688670829616347,,-0.13559322033898305,-1,-3800,0.019263665992184542
60000,62700,43700,0,0,2.797999542002799,False,3000,confirmed,True,56050,0.5497234611953613,0.539893146956939,0,0,,56050,13300,0.23728813559322035,RBF_I__s116__clean__none,RBF_I,clean,none,116,confirmed,0.02,5,4,complete,0.5104367969826074,0.5183050847457628,,0.288135593220339,3,64600,2.652657292012009,0.029456349974331664,0.03141837644959855,,-0.05084745762711865,-3,-1900,0.14534224999079015
60000,62700,36100,0,0,2.785519707991625,True,3000,confirmed,True,56050,0.5286173059768065,0.5207460115182007,0,0,,56050,20900,0.3728813559322034,RBF_I__s116__clean__none,RBF_I,clean,none,116,confirmed,0.05,5,4,complete,0.5104367969826074,0.5183050847457628,,0.288135593220339,3,64600,2.652657292012009,0.010309214535593303,0.010312221231043694,,0.0847457627118644,-3,-1900,0.13286241597961634
60000,57000,50350,14250,15,2.412470791998203,False,3000,rl,True,56050,0.5531489741302409,0.5469754602822822,0,0,,56050,6650,0.11864406779661017,RBF_I__s116__clean__none,RBF_I,clean,none,116,error_rule,0.01,1,0,complete,0.5465007313629126,0.5528635147190009,,0.3728813559322034,8,57000,2.440313500002958,0.0004747289193696158,0.00028545941124002994,,-0.2542372881355932,7,0,-0.027842708004754968
60000,57000,36100,7600,8,2.440313500002958,False,3000,rl,True,56050,0.5528635147190009,0.5465007313629126,0,0,,56050,20900,0.3728813559322034,RBF_I__s116__clean__none,RBF_I,clean,none,116,error_rule,0.05,1,0,complete,0.5465007313629126,0.5528635147190009,,0.3728813559322034,8,57000,2.440313500002958,0.0,0.0,,0.0,0,0,0.0
60000,57000,40850,8550,9,2.4183423750073416,False,3000,rl,True,56050,0.5414451382694023,0.5360220592774733,0,0,,56050,16150,0.288135593220339,RBF_I__s116__clean__none,RBF_I,clean,none,116,error_rule,0.01,5,4,complete,0.5465007313629126,0.5528635147190009,,0.3728813559322034,8,57000,2.440313500002958,-0.010478672085439289,-0.011418376449598533,,-0.0847457627118644,1,0,-0.021971124995616265
60000,57000,40850,11400,12,2.418039124997449,False,3000,rl,True,56050,0.5459411239964318,0.5395152148074207,0,0,,56050,16150,0.288135593220339,RBF_I__s116__clean__none,RBF_I,clean,none,116,error_rule,0.02,1,0,complete,0.5465007313629126,0.5528635147190009,,0.3728813559322034,8,57000,2.440313500002958,-0.006985516555491844,-0.006922390722569061,,-0.0847457627118644,4,0,-0.022274375005508773
60000,57000,38950,8550,9,2.4266525830025785,False,3000,rl,True,56050,0.540178412132025,0.5344041402661002,0,0,,56050,18050,0.3220338983050847,RBF_I__s116__clean__none,RBF_I,clean,none,116,error_rule,0.02,5,4,complete,0.5465007313629126,0.5528635147190009,,0.3728813559322034,8,57000,2.440313500002958,-0.012096591096812381,-0.01268510258697586,,-0.050847457627118675,1,0,-0.013660917000379413
60000,57000,41800,40850,43,2.349344166999799,False,3000,rl,True,56050,0.5465298840321142,0.541733473090045,0,0,,56050,15200,0.2711864406779661,RBF_I__s116__clean__none,RBF_I,clean,none,116,selected_map,0.01,1,0,complete,0.5489582039305922,0.5547368421052632,,0.4406779661016949,32,57000,2.344951459002914,-0.0072247308405472,-0.008206958073148973,,-0.1694915254237288,11,0,0.004392707996885292
60000,57000,29450,6650,7,2.510101082996698,False,3000,rl,True,56050,0.5413737734165923,0.5351196098313384,0,0,,56050,27550,0.4915254237288136,RBF_I__s116__clean__none,RBF_I,clean,none,116,error_rule,0.05,5,4,complete,0.5465007313629126,0.5528635147190009,,0.3728813559322034,8,57000,2.440313500002958,-0.011381121531574112,-0.01148974130240854,,0.11864406779661019,-1,0,0.06978758299374022
60000,57000,32300,30400,32,2.344951459002914,False,3000,rl,True,56050,0.5547368421052632,0.5489582039305922,0,0,,56050,24700,0.4406779661016949,RBF_I__s116__clean__none,RBF_I,clean,none,116,selected_map,0.05,1,0,complete,0.5489582039305922,0.5547368421052632,,0.4406779661016949,32,57000,2.344951459002914,0.0,0.0,,0.0,0,0,0.0
60000,57000,32300,31350,33,2.286873666991596,False,3000,rl,True,56050,0.543621766280107,0.5387593290807268,0,0,,56050,24700,0.4406779661016949,RBF_I__s116__clean__none,RBF_I,clean,none,116,selected_map,0.01,5,4,complete,0.5489582039305922,0.5547368421052632,,0.4406779661016949,32,57000,2.344951459002914,-0.01019887484986548,-0.01111507582515614,,0.0,1,0,-0.0580777920113178
60000,57000,38950,38000,40,2.2982747920032125,False,3000,rl,True,56050,0.5454772524531668,0.5404281823254251,0,0,,56050,18050,0.3220338983050847,RBF_I__s116__clean__none,RBF_I,clean,none,116,selected_map,0.02,1,0,complete,0.5489582039305922,0.5547368421052632,,0.4406779661016949,32,57000,2.344951459002914,-0.008530021605167137,-0.00925958965209639,,-0.11864406779661019,8,0,-0.04667666699970141
60000,57000,25650,24700,26,2.3118618330045138,False,3000,rl,True,56050,0.5428367528991972,0.5371139384978575,0,0,,56050,31350,0.559322033898305,RBF_I__s116__clean__none,RBF_I,clean,none,116,selected_map,0.02,5,4,complete,0.5489582039305922,0.5547368421052632,,0.4406779661016949,32,57000,2.344951459002914,-0.011844265432734757,-0.011900089206066,,0.11864406779661013,-6,0,-0.03308962599840015
60000,57000,24700,21850,23,2.366296541003976,False,3000,rl,True,56050,0.5428010704727921,0.536559011912035,0,0,,56050,32300,0.576271186440678,RBF_I__s116__clean__none,RBF_I,clean,none,116,selected_map,0.05,5,4,complete,0.5489582039305922,0.5547368421052632,,0.4406779661016949,32,57000,2.344951459002914,-0.012399192018557215,-0.01193577163247106,,0.13559322033898308,-9,0,0.02134508200106211
60000,57000,48450,23750,25,2.3379179580078926,False,3000,rl,True,56050,0.5346297948260482,0.5286298317177716,0,0,,56050,8550,0.15254237288135594,RBF_I__s116__clean__none,RBF_I,clean,none,116,q_alarm_persistence_7,0.01,1,0,complete,0.5307020884234357,0.5371632471008029,,0.3050847457627119,17,57000,2.4156398749910295,-0.0020722567056641328,-0.002533452274754655,,-0.15254237288135594,8,0,-0.07772191698313691
60000,57000,39900,16150,17,2.4156398749910295,False,3000,rl,True,56050,0.5371632471008029,0.5307020884234357,0,0,,56050,17100,0.3050847457627119,RBF_I__s116__clean__none,RBF_I,clean,none,116,q_alarm_persistence_7,0.05,1,0,complete,0.5307020884234357,0.5371632471008029,,0.3050847457627119,17,57000,2.4156398749910295,0.0,0.0,,0.0,0,0,0.0
60000,57000,38950,18050,19,2.348705041993526,False,3000,rl,True,56050,0.5295985727029437,0.5231448983306856,0,0,,56050,18050,0.3220338983050847,RBF_I__s116__clean__none,RBF_I,clean,none,116,q_alarm_persistence_7,0.01,5,4,complete,0.5307020884234357,0.5371632471008029,,0.3050847457627119,17,57000,2.4156398749910295,-0.007557190092750132,-0.007564674397859128,,0.016949152542372836,2,0,-0.06693483299750369
60000,57000,43700,24700,26,2.4238505420071306,False,3000,rl,True,56050,0.5328456735057984,0.5266304810836988,0,0,,56050,13300,0.23728813559322035,RBF_I__s116__clean__none,RBF_I,clean,none,116,q_alarm_persistence_7,0.02,1,0,complete,0.5307020884234357,0.5371632471008029,,0.3050847457627119,17,57000,2.4156398749910295,-0.004071607339736882,-0.004317573595004509,,-0.06779661016949154,9,0,0.00821066701610107
60000,57000,35150,17100,18,2.3850812500022585,False,3000,rl,True,56050,0.5343086529884032,0.5277561798084357,0,0,,56050,21850,0.3898305084745763,RBF_I__s116__clean__none,RBF_I,clean,none,116,q_alarm_persistence_7,0.02,5,4,complete,0.5307020884234357,0.5371632471008029,,0.3050847457627119,17,57000,2.4156398749910295,-0.0029459086149999925,-0.0028545941123996332,,0.0847457627118644,1,0,-0.030558624988771044
60000,57000,31350,13300,14,2.424307957990095,False,3000,rl,True,56050,0.5311685994647636,0.5252397637749479,0,0,,56050,25650,0.4576271186440678,RBF_I__s116__clean__none,RBF_I,clean,none,116,q_alarm_persistence_7,0.05,5,4,complete,0.5307020884234357,0.5371632471008029,,0.3050847457627119,17,57000,2.4156398749910295,-0.005462324648487837,-0.005994647636039296,,0.15254237288135591,-3,0,0.008668082999065518
60000,57000,49400,1900,2,2.473826375004137,False,3000,rl,True,56050,0.5521320249776985,0.5476186227833643,0,0,,56050,7600,0.13559322033898305,RBF_I__s116__clean__none,RBF_I,clean,none,116,q_alarm_persistence_17,0.01,1,0,complete,0.5300227708489247,0.5360749330954505,,0.2711864406779661,2,57000,2.5600065829930827,0.017595851934439577,0.01605709188224802,,-0.13559322033898305,0,0,-0.08618020798894577
60000,57000,41800,1900,2,2.5600065829930827,False,3000,rl,True,56050,0.5360749330954505,0.5300227708489247,0,0,,56050,15200,0.2711864406779661,RBF_I__s116__clean__none,RBF_I,clean,none,116,q_alarm_persistence_17,0.05,1,0,complete,0.5300227708489247,0.5360749330954505,,0.2711864406779661,2,57000,2.5600065829930827,0.0,0.0,,0.0,0,0,0.0
60000,57000,42750,1900,2,2.577134624996688,False,3000,rl,True,56050,0.5536128456735058,0.5489958340520855,0,0,,56050,14250,0.2542372881355932,RBF_I__s116__clean__none,RBF_I,clean,none,116,q_alarm_persistence_17,0.01,5,4,complete,0.5300227708489247,0.5360749330954505,,0.2711864406779661,2,57000,2.5600065829930827,0.018973063203160834,0.01753791257805526,,-0.01694915254237289,0,0,0.017128042003605515
60000,57000,46550,950,1,2.694736332996399,False,3000,rl,True,56050,0.579964317573595,0.5745362547141072,0,0,,56050,10450,0.1864406779661017,RBF_I__s116__clean__none,RBF_I,clean,none,116,q_alarm_persistence_17,0.02,1,0,complete,0.5300227708489247,0.5360749330954505,,0.2711864406779661,2,57000,2.5600065829930827,0.0445134838651825,0.0438893844781445,,-0.0847457627118644,-1,0,0.13472975000331644
60000,57000,43700,1900,2,2.505728166011977,False,3000,rl,True,56050,0.5409099018733274,0.5359129635573986,0,0,,56050,13300,0.23728813559322035,RBF_I__s116__clean__none,RBF_I,clean,none,116,q_alarm_persistence_17,0.02,5,4,complete,0.5300227708489247,0.5360749330954505,,0.2711864406779661,2,57000,2.5600065829930827,0.005890192708473907,0.004834968777876925,,-0.033898305084745756,0,0,-0.05427841698110569
60000,57000,33250,0,0,2.6981956659874413,False,3000,rl,True,56050,0.5423371989295273,0.5343886125238146,0,0,,56050,23750,0.423728813559322,RBF_I__s116__clean__none,RBF_I,clean,none,116,q_alarm_persistence_17,0.05,5,4,complete,0.5300227708489247,0.5360749330954505,,0.2711864406779661,2,57000,2.5600065829930827,0.004365841674889959,0.006262265834076741,,0.15254237288135591,-2,0,0.13818908299435861
60000,57000,41800,40850,43,2.320882415995584,False,3000,rl,True,56050,0.5465298840321142,0.541733473090045,0,0,,56050,15200,0.2711864406779661,RBF_I__s116__clean__none,RBF_I,clean,none,116,q_alarm_persistence_27,0.01,1,0,complete,0.5489582039305922,0.5547368421052632,,0.4406779661016949,32,57000,2.325333082990255,-0.0072247308405472,-0.008206958073148973,,-0.1694915254237288,11,0,-0.004450666994671337
60000,57000,32300,30400,32,2.325333082990255,False,3000,rl,True,56050,0.5547368421052632,0.5489582039305922,0,0,,56050,24700,0.4406779661016949,RBF_I__s116__clean__none,RBF_I,clean,none,116,q_alarm_persistence_27,0.05,1,0,complete,0.5489582039305922,0.5547368421052632,,0.4406779661016949,32,57000,2.325333082990255,0.0,0.0,,0.0,0,0,0.0
60000,57000,32300,31350,33,2.2973815000004834,False,3000,rl,True,56050,0.543621766280107,0.5387593290807268,0,0,,56050,24700,0.4406779661016949,RBF_I__s116__clean__none,RBF_I,clean,none,116,q_alarm_persistence_27,0.01,5,4,complete,0.5489582039305922,0.5547368421052632,,0.4406779661016949,32,57000,2.325333082990255,-0.01019887484986548,-0.01111507582515614,,0.0,1,0,-0.02795158298977185
60000,57000,38950,38000,40,2.298215041999356,False,3000,rl,True,56050,0.5454772524531668,0.5404281823254251,0,0,,56050,18050,0.3220338983050847,RBF_I__s116__clean__none,RBF_I,clean,none,116,q_alarm_persistence_27,0.02,1,0,complete,0.5489582039305922,0.5547368421052632,,0.4406779661016949,32,57000,2.325333082990255,-0.008530021605167137,-0.00925958965209639,,-0.11864406779661019,8,0,-0.027118040990899317
60000,57000,25650,24700,26,2.297551374998875,False,3000,rl,True,56050,0.5428367528991972,0.5371139384978575,0,0,,56050,31350,0.559322033898305,RBF_I__s116__clean__none,RBF_I,clean,none,116,q_alarm_persistence_27,0.02,5,4,complete,0.5489582039305922,0.5547368421052632,,0.4406779661016949,32,57000,2.325333082990255,-0.011844265432734757,-0.011900089206066,,0.11864406779661013,-6,0,-0.027781707991380244
60000,57000,24700,21850,23,2.4038339580001775,False,3000,rl,True,56050,0.5428010704727921,0.536559011912035,0,0,,56050,32300,0.576271186440678,RBF_I__s116__clean__none,RBF_I,clean,none,116,q_alarm_persistence_27,0.05,5,4,complete,0.5489582039305922,0.5547368421052632,,0.4406779661016949,32,57000,2.325333082990255,-0.012399192018557215,-0.01193577163247106,,0.13559322033898308,-9,0,0.07850087500992231
60000,57000,46550,0,0,2.7148470829997677,False,3000,none,True,56050,0.5344335414808207,0.5267256386073526,14248,11565,0.811692869174621,41802,7767,0.18580450696138942,RBF_I__s116__instance__severe,RBF_I,instance,severe,116,no_reset,0.01,1,0,complete,0.4977877621123201,0.5074576271186441,0.7770213363279057,0.2194392612793646,0,57000,2.7257255830045324,0.028937876495032433,0.026975914362176612,0.034671532846715314,-0.03363475431797519,0,0,-0.010878500004764646
60000,57000,44650,0,0,2.7257255830045324,False,3000,none,True,56050,0.5074576271186441,0.4977877621123201,14248,11071,0.7770213363279057,41802,9173,0.2194392612793646,RBF_I__s116__instance__severe,RBF_I,instance,severe,116,no_reset,0.05,1,0,complete,0.4977877621123201,0.5074576271186441,0.7770213363279057,0.2194392612793646,0,57000,2.7257255830045324,0.0,0.0,0.0,0.0,0,0,0.0
60000,57000,42750,0,0,2.6717730410018703,False,3000,none,True,56050,0.5267261373773416,0.5125516082891141,14248,10630,0.74606962380685,41802,10632,0.2543418975168652,RBF_I__s116__instance__severe,RBF_I,instance,severe,116,no_reset,0.01,5,4,complete,0.4977877621123201,0.5074576271186441,0.7770213363279057,0.2194392612793646,0,57000,2.7257255830045324,0.014763846176793938,0.01926851025869758,-0.030951712521055663,0.03490263623750059,0,0,-0.053952542002662085
60000,57000,42750,0,0,2.6529310420010006,False,3000,none,True,56050,0.515985727029438,0.49882434176386586,14248,10582,0.7427007299270073,41802,10584,0.25319362709918186,RBF_I__s116__instance__severe,RBF_I,instance,severe,116,no_reset,0.02,1,0,complete,0.4977877621123201,0.5074576271186441,0.7770213363279057,0.2194392612793646,0,57000,2.7257255830045324,0.0010365796515457437,0.008528099910793951,-0.0343206064008984,0.03375436581981725,0,0,-0.07279454100353178
60000,57000,39900,0,0,2.6890813329955563,False,3000,none,True,56050,0.5162890276538805,0.5002995188156141,14248,9929,0.6968697361033127,41802,12781,0.30575092100856416,RBF_I__s116__instance__severe,RBF_I,instance,severe,116,no_reset,0.02,5,4,complete,0.4977877621123201,0.5074576271186441,0.7770213363279057,0.2194392612793646,0,57000,2.7257255830045324,0.0025117567032939547,0.008831400535236456,-0.080151600224593,0.08631165972919955,0,0,-0.03664425000897609
60000,57000,37050,0,0,2.733331666997401,False,3000,none,True,56050,0.5135236396074933,0.4986376460590536,14248,9193,0.6452133632790568,41802,14895,0.356322663987369,RBF_I__s116__instance__severe,RBF_I,instance,severe,116,no_reset,0.05,5,4,complete,0.4977877621123201,0.5074576271186441,0.7770213363279057,0.2194392612793646,0,57000,2.7257255830045324,0.0008498839467334651,0.006066012488849193,-0.13180797304884895,0.1368834027080044,0,0,0.007606083992868662
60000,60800,45600,2850,1,2.657378499992774,False,3000,confirmed,True,56050,0.5017484388938448,0.4949999407669117,14248,11042,0.7749859629421674,41802,9144,0.21874551456868094,RBF_I__s116__instance__severe,RBF_I,instance,severe,116,confirmed,0.01,1,0,complete,0.4977877621123201,0.5074576271186441,0.7770213363279057,0.2194392612793646,0,60800,2.7834700840030564,-0.0027878213454084477,-0.0057091882247992665,-0.002035373385738337,-0.0006937467106836737,1,0,-0.12609158401028253
60000,60800,44650,0,0,2.7834700840030564,True,3000,confirmed,True,56050,0.5074576271186441,0.4977877621123201,14248,11071,0.7770213363279057,41802,9173,0.2194392612793646,RBF_I__s116__instance__severe,RBF_I,instance,severe,116,confirmed,0.05,1,0,complete,0.4977877621123201,0.5074576271186441,0.7770213363279057,0.2194392612793646,0,60800,2.7834700840030564,0.0,0.0,0.0,0.0,0,0,0.0
60000,58900,47500,2850,1,2.606482708986732,False,3000,confirmed,True,56050,0.5161462979482605,0.5059232149174252,14248,11397,0.7999017405951713,41802,8549,0.2045117458494809,RBF_I__s116__instance__severe,RBF_I,instance,severe,116,confirmed,0.01,5,4,complete,0.4977877621123201,0.5074576271186441,0.7770213363279057,0.2194392612793646,0,60800,2.7834700840030564,0.008135452805105081,0.00868867082961644,0.022880404267265564,-0.014927515429883714,1,-1900,-0.17698737501632422
60000,58900,45600,2850,1,2.7033076669904403,True,3000,confirmed,True,56050,0.5115967885816235,0.5033626617271394,14248,11069,0.7768809657495789,41802,9171,0.21939141667862783,RBF_I__s116__instance__severe,RBF_I,instance,severe,116,confirmed,0.02,1,0,complete,0.4977877621123201,0.5074576271186441,0.7770213363279057,0.2194392612793646,0,60800,2.7834700840030564,0.005574899614819273,0.004139161462979435,-0.00014037057832683164,-4.784460073678498e-05,1,-1900,-0.08016241701261606
60000,60800,39900,5700,2,2.5850853330048267,False,3000,confirmed,True,56050,0.47320249776984835,0.4599731385021639,14248,9086,0.6377035373385739,41802,14788,0.35376297784794986,RBF_I__s116__instance__severe,RBF_I,instance,severe,116,confirmed,0.02,5,4,complete,0.4977877621123201,0.5074576271186441,0.7770213363279057,0.2194392612793646,0,60800,2.7834700840030564,-0.037814623610156195,-0.03425512934879571,-0.13931779898933183,0.13432371656858524,2,0,-0.19838475099822972
60000,60800,38000,0,0,2.7436422079917975,False,3000,confirmed,True,56050,0.5076003568242641,0.4913049121221482,14248,9438,0.6624087591240876,41802,14190,0.3394574422276446,RBF_I__s116__instance__severe,RBF_I,instance,severe,116,confirmed,0.05,5,4,complete,0.4977877621123201,0.5074576271186441,0.7770213363279057,0.2194392612793646,0,60800,2.7834700840030564,-0.006482849990171902,0.00014272970562001497,-0.11461257720381812,0.12001818094828001,0,0,-0.03982787601125892
60000,57000,38950,7600,8,2.3593140830053017,False,3000,rl,True,56050,0.48597680642283675,0.4722244762030436,14248,9631,0.6759545199326221,41802,13433,0.3213482608487632,RBF_I__s116__instance__severe,RBF_I,instance,severe,116,error_rule,0.01,1,0,complete,0.46699784169987835,0.4820517395182872,0.5486384053902302,0.4370365054303622,4,57000,2.434879792010179,0.0052266345031652395,0.0039250669045495234,0.1273161145423919,-0.11568824458159899,4,0,-0.07556570900487714
60000,57000,32300,3800,4,2.434879792010179,False,3000,rl,True,56050,0.4820517395182872,0.46699784169987835,14248,7817,0.5486384053902302,41802,18269,0.4370365054303622,RBF_I__s116__instance__severe,RBF_I,instance,severe,116,error_rule,0.05,1,0,complete,0.46699784169987835,0.4820517395182872,0.5486384053902302,0.4370365054303622,4,57000,2.434879792010179,0.0,0.0,0.0,0.0,0,0,0.0
60000,57000,42750,6650,7,2.4288917090016184,False,3000,rl,True,56050,0.47892952720785015,0.4635620256458571,14248,10618,0.7452274003368894,41802,10620,0.2540548299124444,RBF_I__s116__instance__severe,RBF_I,instance,severe,116,error_rule,0.01,5,4,complete,0.46699784169987835,0.4820517395182872,0.5486384053902302,0.4370365054303622,4,57000,2.434879792010179,-0.003435816054021268,-0.003122212310437078,0.19658899494665916,-0.18298167551791783,3,0,-0.005988083008560352
60000,57000,34200,4750,5,2.449563208996551,False,3000,rl,True,56050,0.49095450490633363,0.476904723404747,14248,8399,0.589486243683324,41802,16951,0.40550691354480645,RBF_I__s116__instance__severe,RBF_I,instance,severe,116,error_rule,0.02,1,0,complete,0.46699784169987835,0.4820517395182872,0.5486384053902302,0.4370365054303622,4,57000,2.434879792010179,0.009906881704868642,0.008902765388046407,0.0408478382930938,-0.03152959188555576,1,0,0.014683416986372322
60000,57000,38950,7600,8,2.399739040993154,False,3000,rl,True,56050,0.4700802854594112,0.45761498644600185,14248,9688,0.6799550814149354,41802,13490,0.3227118319697622,RBF_I__s116__instance__severe,RBF_I,instance,severe,116,error_rule,0.02,5,4,complete,0.46699784169987835,0.4820517395182872,0.5486384053902302,0.4370365054303622,4,57000,2.434879792010179,-0.009382855253876499,-0.011971454058876008,0.1313166760247052,-0.11432467346059999,4,0,-0.03514075101702474
60000,57000,29450,3800,4,2.4472415830095997,False,3000,rl,True,56050,0.4766101694915254,0.45974124932708493,14248,7266,0.5099663110612016,41802,20568,0.4920338739773217,RBF_I__s116__instance__severe,RBF_I,instance,severe,116,error_rule,0.05,5,4,complete,0.46699784169987835,0.4820517395182872,0.5486384053902302,0.4370365054303622,4,57000,2.434879792010179,-0.007256592372793413,-0.005441570026761822,-0.03867209432902863,0.05499736854695947,0,0,0.012361790999420919
60000,57000,34200,33250,35,2.29129875000217,False,3000,rl,True,56050,0.475914362176628,0.4635585197121687,14248,8391,0.5889247613700168,41802,16943,0.40531553514185925,RBF_I__s116__instance__severe,RBF_I,instance,severe,116,selected_map,0.01,1,0,complete,0.47612795209800174,0.48827832292595896,0.4696799550814149,0.5237548442658246,28,57000,2.331879041987122,-0.012569432385833024,-0.012363960749330938,0.1192448062886019,-0.11843930912396539,7,0,-0.040580291984952055
60000,57000,27550,26600,28,2.331879041987122,False,3000,rl,True,56050,0.48827832292595896,0.47612795209800174,14248,6692,0.4696799550814149,41802,21894,0.5237548442658246,RBF_I__s116__instance__severe,RBF_I,instance,severe,116,selected_map,0.05,1,0,complete,0.47612795209800174,0.48827832292595896,0.4696799550814149,0.5237548442658246,28,57000,2.331879041987122,0.0,0.0,0.0,0.0,0,0,0.0
60000,57000,34200,33250,35,2.2333511249889852,False,3000,rl,True,56050,0.4754504906333631,0.46229092550938633,14248,8408,0.5901179112857945,41802,16960,0.4057222142481221,RBF_I__s116__instance__severe,RBF_I,instance,severe,116,selected_map,0.01,5,4,complete,0.47612795209800174,0.48827832292595896,0.4696799550814149,0.5237548442658246,28,57000,2.331879041987122,-0.013837026588615409,-0.012827832292595875,0.12043795620437958,-0.11803263001770253,7,0,-0.09852791699813679
60000,57000,28500,27550,29,2.2730419160070596,False,3000,rl,True,56050,0.48435325602140944,0.47214907762830094,14248,6946,0.4875070185289163,41802,21198,0.5071049232094158,RBF_I__s116__instance__severe,RBF_I,instance,severe,116,selected_map,0.02,1,0,complete,0.47612795209800174,0.48827832292595896,0.4696799550814149,0.5237548442658246,28,57000,2.331879041987122,-0.003978874469700799,-0.0039250669045495234,0.0178270634475014,-0.016649921056408834,1,0,-0.05883712598006241
60000,57000,28500,27550,29,2.2240942920034286,False,3000,rl,True,56050,0.48365744870651206,0.471824217270132,14248,7007,0.49178832116788324,41802,21259,0.5085641835318885,RBF_I__s116__instance__severe,RBF_I,instance,severe,116,selected_map,0.02,5,4,complete,0.47612795209800174,0.48827832292595896,0.4696799550814149,0.5237548442658246,28,57000,2.331879041987122,-0.004303734827869721,-0.004620874219446902,0.022108366086468323,-0.015190660733936157,1,0,-0.10778474998369347
60000,57000,16150,15200,16,2.3472944579989417,False,3000,rl,True,56050,0.4781623550401427,0.46559986451745283,14248,3823,0.26831836047164515,41802,30425,0.7278359887086743,RBF_I__s116__instance__severe,RBF_I,instance,severe,116,selected_map,0.05,5,4,complete,0.47612795209800174,0.48827832292595896,0.4696799550814149,0.5237548442658246,28,57000,2.331879041987122,-0.010528087580548906,-0.010115967885816257,-0.20136159460976977,0.20408114444284964,-12,0,0.015415416011819616
60000,57000,38000,26600,28,2.3694732500007376,False,3000,rl,True,56050,0.47825156110615524,0.4650488078824476,14248,9330,0.6548287478944413,41802,14082,0.336873833787857,RBF_I__s116__instance__severe,RBF_I,instance,severe,116,q_alarm_persistence_7,0.01,1,0,complete,0.4757994094766276,0.487707404103479,0.5351628298708591,0.45516960910961196,24,57000,2.441062124999007,-0.010750601594179954,-0.009455842997323771,0.11966591802358229,-0.11829577532175495,4,0,-0.0715888749982696
60000,57000,31350,22800,24,2.441062124999007,False,3000,rl,True,56050,0.487707404103479,0.4757994094766276,14248,7625,0.5351628298708591,41802,19027,0.45516960910961196,RBF_I__s116__instance__severe,RBF_I,instance,severe,116,q_alarm_persistence_7,0.05,1,0,complete,0.4757994094766276,0.487707404103479,0.5351628298708591,0.45516960910961196,24,57000,2.441062124999007,0.0,0.0,0.0,0.0,0,0,0.0
60000,57000,36100,23750,25,2.3385537909925915,False,3000,rl,True,56050,0.48032114183764496,0.4670601395813629,14248,8843,0.6206485120718698,41802,15495,0.3706760442084111,RBF_I__s116__instance__severe,RBF_I,instance,severe,116,q_alarm_persistence_7,0.01,5,4,complete,0.4757994094766276,0.487707404103479,0.5351628298708591,0.45516960910961196,24,57000,2.441062124999007,-0.00873926989526469,-0.007386262265834054,0.08548568220101072,-0.08449356490120086,1,0,-0.10250833400641568
60000,57000,29450,19950,21,2.3637966670066817,False,3000,rl,True,56050,0.48194469223907227,0.46820391271452444,14248,7155,0.5021757439640652,41802,20457,0.4893784986364289,RBF_I__s116__instance__severe,RBF_I,instance,severe,116,q_alarm_persistence_7,0.02,1,0,complete,0.4757994094766276,0.487707404103479,0.5351628298708591,0.45516960910961196,24,57000,2.441062124999007,-0.007595496762103138,-0.005762711864406744,-0.03298708590679389,0.034208889526816944,-3,0,-0.07726545799232554
60000,57000,30400,22800,24,2.2672438330046134,False,3000,rl,True,56050,0.47236396074933096,0.4609665752588628,14248,7423,0.5209854014598541,41802,19775,0.47306348978517776,RBF_I__s116__instance__severe,RBF_I,instance,severe,116,q_alarm_persistence_7,0.02,5,4,complete,0.4757994094766276,0.487707404103479,0.5351628298708591,0.45516960910961196,24,57000,2.441062124999007,-0.014832834217764768,-0.015343443354148056,-0.014177428411005,0.0178938806755658,0,0,-0.1738182919943938
60000,57000,24700,12350,13,2.3626315409928793,False,3000,rl,True,56050,0.4791971454058876,0.46926120525802906,14248,5943,0.41711117349803484,41802,23995,0.5740155973398402,RBF_I__s116__instance__severe,RBF_I,instance,severe,116,q_alarm_persistence_7,0.05,5,4,complete,0.4757994094766276,0.487707404103479,0.5351628298708591,0.45516960910961196,24,57000,2.441062124999007,-0.00653820421859852,-0.008510258697591422,-0.11805165637282422,0.11884598823022824,-11,0,-0.0784305840061279
60000,57000,42750,1900,2,2.44527699999162,False,3000,rl,True,56050,0.5064585191793042,0.49461438672496827,14248,10562,0.7412970241437394,41802,10564,0.2527151810918138,RBF_I__s116__instance__severe,RBF_I,instance,severe,116,q_alarm_persistence_17,0.01,1,0,complete,0.45023989288342503,0.4659054415700268,0.6570746771476699,0.33763934739964596,2,57000,2.5477442919946043,0.04437449384154324,0.0405530776092774,0.08422234699606956,-0.08492416630783217,0,0,-0.10246729200298432
60000,57000,38000,1900,2,2.5477442919946043,False,3000,rl,True,56050,0.4659054415700268,0.45023989288342503,14248,9362,0.6570746771476699,41802,14114,0.33763934739964596,RBF_I__s116__instance__severe,RBF_I,instance,severe,116,q_alarm_persistence_17,0.05,1,0,complete,0.45023989288342503,0.4659054415700268,0.6570746771476699,0.33763934739964596,2,57000,2.5477442919946043,0.0,0.0,0.0,0.0,0,0,0.0
60000,57000,40850,1900,2,2.4790075829951093,False,3000,rl,True,56050,0.48358608385370205,0.4684664735242564,14248,10151,0.7124508702975856,41802,12053,0.2883354863403665,RBF_I__s116__instance__severe,RBF_I,instance,severe,116,q_alarm_persistence_17,0.01,5,4,complete,0.45023989288342503,0.4659054415700268,0.6570746771476699,0.33763934739964596,2,57000,2.5477442919946043,0.01822658064083138,0.017680642283675274,0.05537619314991571,-0.049303861059279475,0,0,-0.06873670899949502
60000,57000,40850,0,0,2.6823017919959966,False,3000,rl,True,56050,0.5139875111507582,0.4976141709432994,14248,10113,0.7097838293093768,41802,12015,0.28742643892636716,RBF_I__s116__instance__severe,RBF_I,instance,severe,116,q_alarm_persistence_17,0.02,1,0,complete,0.45023989288342503,0.4659054415700268,0.6570746771476699,0.33763934739964596,2,57000,2.5477442919946043,0.047374278059874375,0.04808206958073147,0.05270915216170691,-0.050212908473278806,-2,0,0.13455750000139233
60000,57000,39900,0,0,2.6649650409963215,False,3000,rl,True,56050,0.5162890276538805,0.5002995188156141,14248,9929,0.6968697361033127,41802,12781,0.30575092100856416,RBF_I__s116__instance__severe,RBF_I,instance,severe,116,q_alarm_persistence_17,0.02,5,4,complete,0.45023989288342503,0.4659054415700268,0.6570746771476699,0.33763934739964596,2,57000,2.5477442919946043,0.050059625932189045,0.05038358608385374,0.03979505895564284,-0.0318884263910818,-2,0,0.1172207490017172
60000,57000,37050,0,0,2.6843452080065617,False,3000,rl,True,56050,0.5135236396074933,0.4986376460590536,14248,9193,0.6452133632790568,41802,14895,0.356322663987369,RBF_I__s116__instance__severe,RBF_I,instance,severe,116,q_alarm_persistence_17,0.05,5,4,complete,0.45023989288342503,0.4659054415700268,0.6570746771476699,0.33763934739964596,2,57000,2.5477442919946043,0.048397753175628555,0.047618198037466475,-0.01186131386861311,0.018683316587723042,-2,0,0.13660091601195745
60000,57000,34200,33250,35,2.2701376249897294,False,3000,rl,True,56050,0.475914362176628,0.4635585197121687,14248,8391,0.5889247613700168,41802,16943,0.40531553514185925,RBF_I__s116__instance__severe,RBF_I,instance,severe,116,q_alarm_persistence_27,0.01,1,0,complete,0.47612795209800174,0.48827832292595896,0.4696799550814149,0.5237548442658246,28,57000,2.339651041998877,-0.012569432385833024,-0.012363960749330938,0.1192448062886019,-0.11843930912396539,7,0,-0.06951341700914782
60000,57000,27550,26600,28,2.339651041998877,False,3000,rl,True,56050,0.48827832292595896,0.47612795209800174,14248,6692,0.4696799550814149,41802,21894,0.5237548442658246,RBF_I__s116__instance__severe,RBF_I,instance,severe,116,q_alarm_persistence_27,0.05,1,0,complete,0.47612795209800174,0.48827832292595896,0.4696799550814149,0.5237548442658246,28,57000,2.339651041998877,0.0,0.0,0.0,0.0,0,0,0.0
60000,57000,34200,33250,35,2.2740172919875477,False,3000,rl,True,56050,0.4754504906333631,0.46229092550938633,14248,8408,0.5901179112857945,41802,16960,0.4057222142481221,RBF_I__s116__instance__severe,RBF_I,instance,severe,116,q_alarm_persistence_27,0.01,5,4,complete,0.47612795209800174,0.48827832292595896,0.4696799550814149,0.5237548442658246,28,57000,2.339651041998877,-0.013837026588615409,-0.012827832292595875,0.12043795620437958,-0.11803263001770253,7,0,-0.06563375001132954
60000,57000,28500,27550,29,2.3253467500035185,False,3000,rl,True,56050,0.48435325602140944,0.47214907762830094,14248,6946,0.4875070185289163,41802,21198,0.5071049232094158,RBF_I__s116__instance__severe,RBF_I,instance,severe,116,q_alarm_persistence_27,0.02,1,0,complete,0.47612795209800174,0.48827832292595896,0.4696799550814149,0.5237548442658246,28,57000,2.339651041998877,-0.003978874469700799,-0.0039250669045495234,0.0178270634475014,-0.016649921056408834,1,0,-0.014304291995358653
60000,57000,28500,27550,29,2.2529442079976434,False,3000,rl,True,56050,0.48365744870651206,0.471824217270132,14248,7007,0.49178832116788324,41802,21259,0.5085641835318885,RBF_I__s116__instance__severe,RBF_I,instance,severe,116,q_alarm_persistence_27,0.02,5,4,complete,0.47612795209800174,0.48827832292595896,0.4696799550814149,0.5237548442658246,28,57000,2.339651041998877,-0.004303734827869721,-0.004620874219446902,0.022108366086468323,-0.015190660733936157,1,0,-0.0867068340012338
60000,57000,16150,15200,16,2.308100666006794,False,3000,rl,True,56050,0.4781623550401427,0.46559986451745283,14248,3823,0.26831836047164515,41802,30425,0.7278359887086743,RBF_I__s116__instance__severe,RBF_I,instance,severe,116,q_alarm_persistence_27,0.05,5,4,complete,0.47612795209800174,0.48827832292595896,0.4696799550814149,0.5237548442658246,28,57000,2.339651041998877,-0.010528087580548906,-0.010115967885816257,-0.20136159460976977,0.20408114444284964,-12,0,-0.03155037599208299
60000,57000,55100,0,0,3.0134822499967413,False,3000,none,True,56050,0.5816057091882249,0.5801847546117795,0,0,,56050,1900,0.03389830508474576,RBF_I__s117__clean__none,RBF_I,clean,none,117,no_reset,0.01,1,0,complete,0.554738844604854,0.5548795718108831,,0.15254237288135594,0,57000,2.853287582998746,0.02544591000692553,0.026726137377341752,,-0.11864406779661019,0,0,0.16019466699799523
60000,57000,48450,0,0,2.853287582998746,False,3000,none,True,56050,0.5548795718108831,0.554738844604854,0,0,,56050,8550,0.15254237288135594,RBF_I__s117__clean__none,RBF_I,clean,none,117,no_reset,0.05,1,0,complete,0.554738844604854,0.5548795718108831,,0.15254237288135594,0,57000,2.853287582998746,0.0,0.0,,0.0,0,0,0.0
60000,57000,48450,0,0,2.9332952910044696,False,3000,none,True,56050,0.5690811775200714,0.5688167734917507,0,0,,56050,8550,0.15254237288135594,RBF_I__s117__clean__none,RBF_I,clean,none,117,no_reset,0.01,5,4,complete,0.554738844604854,0.5548795718108831,,0.15254237288135594,0,57000,2.853287582998746,0.01407792888689674,0.01420160570918827,,0.0,0,0,0.08000770800572354
60000,57000,51300,0,0,3.009480374996201,False,3000,none,True,56050,0.5993041926851026,0.5986765038061654,0,0,,56050,5700,0.1016949152542373,RBF_I__s117__clean__none,RBF_I,clean,none,117,no_reset,0.02,1,0,complete,0.554738844604854,0.5548795718108831,,0.15254237288135594,0,57000,2.853287582998746,0.04393765920131143,0.0444246208742195,,-0.05084745762711865,0,0,0.15619279199745506
60000,57000,44650,0,0,2.986999291999382,False,3000,none,True,56050,0.5812845673505799,0.5812191072311583,0,0,,56050,12350,0.22033898305084745,RBF_I__s117__clean__none,RBF_I,clean,none,117,no_reset,0.02,5,4,complete,0.554738844604854,0.5548795718108831,,0.15254237288135594,0,57000,2.853287582998746,0.02648026262630432,0.026404995539696774,,0.06779661016949151,0,0,0.1337117090006359
60000,57000,36100,0,0,2.8585292499919888,False,3000,none,True,56050,0.5414808206958073,0.5400843780457794,0,0,,56050,20900,0.3728813559322034,RBF_I__s117__clean__none,RBF_I,clean,none,117,no_reset,0.05,5,4,complete,0.554738844604854,0.5548795718108831,,0.15254237288135594,0,57000,2.853287582998746,-0.014654466559074653,-0.013398751115075824,,0.22033898305084745,0,0,0.0052416669932426885
60000,62700,53200,5700,2,2.7337364580016583,False,3000,confirmed,True,56050,0.551436217662801,0.5478914756753127,0,0,,56050,7600,0.13559322033898305,RBF_I__s117__clean__none,RBF_I,clean,none,117,confirmed,0.01,1,0,complete,0.5597707629123767,0.5626048171275647,,0.1864406779661017,2,64600,2.765193832994555,-0.011879287237063996,-0.011168599464763673,,-0.05084745762711865,0,-1900,-0.0314573749928968
60000,64600,49400,5700,2,2.765193832994555,True,3000,confirmed,True,56050,0.5626048171275647,0.5597707629123767,0,0,,56050,10450,0.1864406779661017,RBF_I__s117__clean__none,RBF_I,clean,none,117,confirmed,0.05,1,0,complete,0.5597707629123767,0.5626048171275647,,0.1864406779661017,2,64600,2.765193832994555,0.0,0.0,,0.0,0,0,0.0
60000,62700,50350,8550,3,2.603458124998724,True,3000,confirmed,True,56050,0.5260481712756467,0.5208535636688116,0,0,,56050,11400,0.2033898305084746,RBF_I__s117__clean__none,RBF_I,clean,none,117,confirmed,0.01,5,4,complete,0.5597707629123767,0.5626048171275647,,0.1864406779661017,2,64600,2.765193832994555,-0.03891719924356507,-0.03655664585191798,,0.01694915254237289,1,-1900,-0.16173570799583104
60000,64600,45600,2850,1,2.7927580410032533,False,3000,confirmed,True,56050,0.5600535236396075,0.5567275880185473,0,0,,56050,12350,0.22033898305084745,RBF_I__s117__clean__none,RBF_I,clean,none,117,confirmed,0.02,1,0,complete,0.5597707629123767,0.5626048171275647,,0.1864406779661017,2,64600,2.765193832994555,-0.0030431748938294367,-0.00255129348795724,,0.033898305084745756,-1,0,0.027564208008698188
60000,60800,47500,5700,2,2.701549083998543,False,3000,confirmed,True,56050,0.5407850133809099,0.535752055019033,0,0,,56050,13300,0.23728813559322035,RBF_I__s117__clean__none,RBF_I,clean,none,117,confirmed,0.02,5,4,complete,0.5597707629123767,0.5626048171275647,,0.1864406779661017,2,64600,2.765193832994555,-0.024018707893343705,-0.02181980374665482,,0.05084745762711865,0,-3800,-0.06364474899601191
60000,57000,40850,10450,11,2.394904625005438,False,3000,rl,True,56050,0.5380731489741303,0.5339531930510535,0,0,,56050,16150,0.288135593220339,RBF_I__s117__clean__none,RBF_I,clean,none,117,error_rule,0.01,1,0,complete,0.5351636399474955,0.5399464763603925,,0.2542372881355932,9,57000,2.4517119160009315,-0.0012104468964420079,-0.0018733273862622246,,0.03389830508474578,2,0,-0.05680729099549353
60000,57000,42750,8550,9,2.408980292006163,False,3000,rl,True,56050,0.5374308652988403,0.5325538516166348,0,0,,56050,14250,0.2542372881355932,RBF_I__s117__clean__none,RBF_I,clean,none,117,error_rule,0.01,5,4,complete,0.5351636399474955,0.5399464763603925,,0.2542372881355932,9,57000,2.4517119160009315,-0.002609788330860674,-0.002515611061552181,,0.0,0,0,-0.0427316239947686
60000,57000,42750,8550,9,2.4517119160009315,False,3000,rl,True,56050,0.5399464763603925,0.5351636399474955,0,0,,56050,14250,0.2542372881355932,RBF_I__s117__clean__none,RBF_I,clean,none,117,error_rule,0.05,1,0,complete,0.5351636399474955,0.5399464763603925,,0.2542372881355932,9,57000,2.4517119160009315,0.0,0.0,,0.0,0,0,0.0
60000,60800,40850,0,0,2.8130798330093967,False,3000,confirmed,True,56050,0.5427297056199821,0.541112451963161,0,0,,56050,16150,0.288135593220339,RBF_I__s117__clean__none,RBF_I,clean,none,117,confirmed,0.05,5,4,complete,0.5597707629123767,0.5626048171275647,,0.1864406779661017,2,64600,2.765193832994555,-0.018658310949215662,-0.019875111507582588,,0.1016949152542373,-2,-3800,0.04788600001484156
60000,57000,38950,11400,12,2.454452541001956,False,3000,rl,True,56050,0.5401248884924175,0.5362529255051928,0,0,,56050,18050,0.3220338983050847,RBF_I__s117__clean__none,RBF_I,clean,none,117,error_rule,0.02,1,0,complete,0.5351636399474955,0.5399464763603925,,0.2542372881355932,9,57000,2.4517119160009315,0.0010892855576972726,0.0001784121320249632,,0.06779661016949151,3,0,0.002740625001024455
60000,57000,37050,6650,7,2.399904540987336,False,3000,rl,True,56050,0.5383586083853702,0.5331732333453609,0,0,,56050,19950,0.3559322033898305,RBF_I__s117__clean__none,RBF_I,clean,none,117,error_rule,0.02,5,4,complete,0.5351636399474955,0.5399464763603925,,0.2542372881355932,9,57000,2.4517119160009315,-0.0019904066021345646,-0.0015878679750223057,,0.1016949152542373,-2,0,-0.05180737501359545
60000,57000,37050,36100,38,2.291169957999955,False,3000,rl,True,56050,0.5421052631578948,0.5394705614150516,0,0,,56050,19950,0.3559322033898305,RBF_I__s117__clean__none,RBF_I,clean,none,117,selected_map,0.01,1,0,complete,0.5427438076016091,0.5456556645851918,,0.423728813559322,34,57000,2.313475082992227,-0.0032732461865575546,-0.003550401427297012,,-0.06779661016949151,4,0,-0.022305124992271885
60000,57000,28500,4750,5,2.4508042079978622,False,3000,rl,True,56050,0.5413559322033898,0.5368305858278575,0,0,,56050,28500,0.5084745762711864,RBF_I__s117__clean__none,RBF_I,clean,none,117,error_rule,0.05,5,4,complete,0.5351636399474955,0.5399464763603925,,0.2542372881355932,9,57000,2.4517119160009315,0.0016669458803619808,0.0014094558429973425,,0.2542372881355932,-4,0,-0.0009077080030692741
60000,57000,33250,32300,34,2.313475082992227,False,3000,rl,True,56050,0.5456556645851918,0.5427438076016091,0,0,,56050,23750,0.423728813559322,RBF_I__s117__clean__none,RBF_I,clean,none,117,selected_map,0.05,1,0,complete,0.5427438076016091,0.5456556645851918,,0.423728813559322,34,57000,2.313475082992227,0.0,0.0,,0.0,0,0,0.0
60000,57000,35150,34200,36,2.325204749999102,False,3000,rl,True,56050,0.5391971454058876,0.5350981330197538,0,0,,56050,21850,0.3898305084745763,RBF_I__s117__clean__none,RBF_I,clean,none,117,selected_map,0.01,5,4,complete,0.5427438076016091,0.5456556645851918,,0.423728813559322,34,57000,2.313475082992227,-0.007645674581855277,-0.0064585191793041785,,-0.03389830508474573,2,0,0.011729667006875388
60000,57000,37050,36100,38,2.2853107080009067,False,3000,rl,True,56050,0.5407850133809099,0.5381239957276696,0,0,,56050,19950,0.3559322033898305,RBF_I__s117__clean__none,RBF_I,clean,none,117,selected_map,0.02,1,0,complete,0.5427438076016091,0.5456556645851918,,0.423728813559322,34,57000,2.313475082992227,-0.004619811873939561,-0.004870651204281873,,-0.06779661016949151,4,0,-0.028164374991320074
60000,57000,29450,27550,29,2.3344379589980235,False,3000,rl,True,56050,0.5383229259589652,0.5343135115302962,0,0,,56050,27550,0.4915254237288136,RBF_I__s117__clean__none,RBF_I,clean,none,117,selected_map,0.02,5,4,complete,0.5427438076016091,0.5456556645851918,,0.423728813559322,34,57000,2.313475082992227,-0.00843029607131296,-0.00733273862622652,,0.06779661016949157,-5,0,0.020962876005796716
60000,57000,19000,15200,16,2.3713890420040116,False,3000,rl,True,56050,0.5350579839429082,0.5315773266018152,0,0,,56050,38000,0.6779661016949152,RBF_I__s117__clean__none,RBF_I,clean,none,117,selected_map,0.05,5,4,complete,0.5427438076016091,0.5456556645851918,,0.423728813559322,34,57000,2.313475082992227,-0.011166480999793893,-0.010597680642283613,,0.2542372881355932,-18,0,0.057913959011784755
60000,57000,46550,25650,27,2.3718671660026303,False,3000,rl,True,56050,0.532078501338091,0.529178260460848,0,0,,56050,10450,0.1864406779661017,RBF_I__s117__clean__none,RBF_I,clean,none,117,q_alarm_persistence_7,0.01,1,0,complete,0.5307986683871356,0.5341659232827832,,0.3220338983050847,19,57000,2.384856500008027,-0.0016204079262875926,-0.002087421944692247,,-0.13559322033898302,8,0,-0.012989334005396813
60000,57000,38950,18050,19,2.384856500008027,False,3000,rl,True,56050,0.5341659232827832,0.5307986683871356,0,0,,56050,18050,0.3220338983050847,RBF_I__s117__clean__none,RBF_I,clean,none,117,q_alarm_persistence_7,0.05,1,0,complete,0.5307986683871356,0.5341659232827832,,0.3220338983050847,19,57000,2.384856500008027,0.0,0.0,,0.0,0,0,0.0
60000,57000,40850,21850,23,2.3258643750014016,False,3000,rl,True,56050,0.5276181980374666,0.523558419738502,0,0,,56050,16150,0.288135593220339,RBF_I__s117__clean__none,RBF_I,clean,none,117,q_alarm_persistence_7,0.01,5,4,complete,0.5307986683871356,0.5341659232827832,,0.3220338983050847,19,57000,2.384856500008027,-0.007240248648633596,-0.00654772524531666,,-0.03389830508474573,4,0,-0.05899212500662543
60000,57000,44650,26600,28,2.367080457988777,False,3000,rl,True,56050,0.5317930419268511,0.529142878046811,0,0,,56050,12350,0.22033898305084745,RBF_I__s117__clean__none,RBF_I,clean,none,117,q_alarm_persistence_7,0.02,1,0,complete,0.5307986683871356,0.5341659232827832,,0.3220338983050847,19,57000,2.384856500008027,-0.0016557903403245922,-0.002372881355932166,,-0.10169491525423727,9,0,-0.01777604201924987
60000,57000,35150,20900,22,2.3475552500021877,False,3000,rl,True,56050,0.5223193577163248,0.5183416524455211,0,0,,56050,21850,0.3898305084745763,RBF_I__s117__clean__none,RBF_I,clean,none,117,q_alarm_persistence_7,0.02,5,4,complete,0.5307986683871356,0.5341659232827832,,0.3220338983050847,19,57000,2.384856500008027,-0.012457015941614524,-0.011846565566458467,,0.06779661016949157,3,0,-0.03730125000583939
60000,57000,28500,14250,15,2.467797083998448,False,3000,rl,True,56050,0.5274397859054416,0.523977173776207,0,0,,56050,28500,0.5084745762711864,RBF_I__s117__clean__none,RBF_I,clean,none,117,q_alarm_persistence_7,0.05,5,4,complete,0.5307986683871356,0.5341659232827832,,0.3220338983050847,19,57000,2.384856500008027,-0.0068214946109286245,-0.006726137377341623,,0.1864406779661017,-4,0,0.08294058399042115
60000,57000,45600,950,1,2.5703415409952868,False,3000,rl,True,56050,0.5552720785013381,0.552552680662442,0,0,,56050,11400,0.2033898305084746,RBF_I__s117__clean__none,RBF_I,clean,none,117,q_alarm_persistence_17,0.01,1,0,complete,0.5593814345149484,0.5595361284567351,,0.2711864406779661,1,57000,2.6549560830026167,-0.006828753852506364,-0.004264049955396976,,-0.06779661016949151,0,0,-0.08461454200732987
60000,57000,41800,950,1,2.6549560830026167,False,3000,rl,True,56050,0.5595361284567351,0.5593814345149484,0,0,,56050,15200,0.2711864406779661,RBF_I__s117__clean__none,RBF_I,clean,none,117,q_alarm_persistence_17,0.05,1,0,complete,0.5593814345149484,0.5595361284567351,,0.2711864406779661,1,57000,2.6549560830026167,0.0,0.0,,0.0,0,0,0.0
60000,57000,43700,0,0,2.7259591249894584,False,3000,rl,True,56050,0.5647279214986619,0.5643903844113123,0,0,,56050,13300,0.23728813559322035,RBF_I__s117__clean__none,RBF_I,clean,none,117,q_alarm_persistence_17,0.01,5,4,complete,0.5593814345149484,0.5595361284567351,,0.2711864406779661,1,57000,2.6549560830026167,0.005008949896363912,0.005191793041926851,,-0.033898305084745756,-1,0,0.07100304198684171
60000,57000,47500,950,1,2.8666479579987936,False,3000,rl,True,56050,0.5936485280999108,0.5930113585715536,0,0,,56050,9500,0.1694915254237288,RBF_I__s117__clean__none,RBF_I,clean,none,117,q_alarm_persistence_17,0.02,1,0,complete,0.5593814345149484,0.5595361284567351,,0.2711864406779661,1,57000,2.6549560830026167,0.033629924056605254,0.034112399643175695,,-0.1016949152542373,0,0,0.21169187499617692
60000,57000,34200,2850,3,2.465786582994042,False,3000,rl,True,56050,0.5024799286351472,0.49868905085497156,0,0,,56050,22800,0.4067796610169492,RBF_I__s117__clean__none,RBF_I,clean,none,117,q_alarm_persistence_17,0.05,5,4,complete,0.5593814345149484,0.5595361284567351,,0.2711864406779661,1,57000,2.6549560830026167,-0.06069238365997681,-0.05705619982158783,,0.13559322033898308,2,0,-0.1891695000085747
60000,57000,40850,1900,2,2.623795167004573,False,3000,rl,True,56050,0.5597323818019625,0.559326843878619,0,0,,56050,16150,0.288135593220339,RBF_I__s117__clean__none,RBF_I,clean,none,117,q_alarm_persistence_17,0.02,5,4,complete,0.5593814345149484,0.5595361284567351,,0.2711864406779661,1,57000,2.6549560830026167,-5.459063632939909e-05,0.00019625334522743731,,0.01694915254237289,1,0,-0.031160915998043492
60000,57000,37050,36100,38,2.301876749988878,False,3000,rl,True,56050,0.5421052631578948,0.5394705614150516,0,0,,56050,19950,0.3559322033898305,RBF_I__s117__clean__none,RBF_I,clean,none,117,q_alarm_persistence_27,0.01,1,0,complete,0.5427438076016091,0.5456556645851918,,0.423728813559322,34,57000,2.356654000002891,-0.0032732461865575546,-0.003550401427297012,,-0.06779661016949151,4,0,-0.05477725001401268
60000,57000,33250,32300,34,2.356654000002891,False,3000,rl,True,56050,0.5456556645851918,0.5427438076016091,0,0,,56050,23750,0.423728813559322,RBF_I__s117__clean__none,RBF_I,clean,none,117,q_alarm_persistence_27,0.05,1,0,complete,0.5427438076016091,0.5456556645851918,,0.423728813559322,34,57000,2.356654000002891,0.0,0.0,,0.0,0,0,0.0
60000,57000,35150,34200,36,2.2582876670057885,False,3000,rl,True,56050,0.5391971454058876,0.5350981330197538,0,0,,56050,21850,0.3898305084745763,RBF_I__s117__clean__none,RBF_I,clean,none,117,q_alarm_persistence_27,0.01,5,4,complete,0.5427438076016091,0.5456556645851918,,0.423728813559322,34,57000,2.356654000002891,-0.007645674581855277,-0.0064585191793041785,,-0.03389830508474573,2,0,-0.09836633299710229
60000,57000,37050,36100,38,2.278933624998899,False,3000,rl,True,56050,0.5407850133809099,0.5381239957276696,0,0,,56050,19950,0.3559322033898305,RBF_I__s117__clean__none,RBF_I,clean,none,117,q_alarm_persistence_27,0.02,1,0,complete,0.5427438076016091,0.5456556645851918,,0.423728813559322,34,57000,2.356654000002891,-0.004619811873939561,-0.004870651204281873,,-0.06779661016949151,4,0,-0.07772037500399165
60000,57000,29450,27550,29,2.343851708006696,False,3000,rl,True,56050,0.5383229259589652,0.5343135115302962,0,0,,56050,27550,0.4915254237288136,RBF_I__s117__clean__none,RBF_I,clean,none,117,q_alarm_persistence_27,0.02,5,4,complete,0.5427438076016091,0.5456556645851918,,0.423728813559322,34,57000,2.356654000002891,-0.00843029607131296,-0.00733273862622652,,0.06779661016949157,-5,0,-0.012802291996194981
60000,57000,19000,15200,16,2.3935580410034163,False,3000,rl,True,56050,0.5350579839429082,0.5315773266018152,0,0,,56050,38000,0.6779661016949152,RBF_I__s117__clean__none,RBF_I,clean,none,117,q_alarm_persistence_27,0.05,5,4,complete,0.5427438076016091,0.5456556645851918,,0.423728813559322,34,57000,2.356654000002891,-0.011166480999793893,-0.010597680642283613,,0.2542372881355932,-18,0,0.03690404100052547
60000,57000,52250,0,0,2.720884666996426,False,3000,none,True,56050,0.5015343443354148,0.49948433273444,14283,13060,0.9143737310088917,41767,3527,0.08444465726530515,RBF_I__s117__instance__severe,RBF_I,instance,severe,117,no_reset,0.01,1,0,complete,0.4822927451578255,0.4855307760927743,0.7177763775117272,0.29015730121866545,0,57000,2.7413111659989227,0.017191587576614487,0.016003568242640487,0.19659735349716456,-0.2057126439533603,0,0,-0.020426499002496712
60000,57000,40850,0,0,2.7413111659989227,False,3000,none,True,56050,0.4855307760927743,0.4822927451578255,14283,10252,0.7177763775117272,41767,12119,0.29015730121866545,RBF_I__s117__instance__severe,RBF_I,instance,severe,117,no_reset,0.05,1,0,complete,0.4822927451578255,0.4855307760927743,0.7177763775117272,0.29015730121866545,0,57000,2.7413111659989227,0.0,0.0,0.0,0.0,0,0,0.0
60000,57000,42750,0,0,2.689104541990673,False,3000,none,True,56050,0.5165031222123104,0.5124961117528093,14283,10689,0.7483721907162361,41767,10656,0.2551296478080782,RBF_I__s117__instance__severe,RBF_I,instance,severe,117,no_reset,0.01,5,4,complete,0.4822927451578255,0.4855307760927743,0.7177763775117272,0.29015730121866545,0,57000,2.7413111659989227,0.030203366594983794,0.030972346119536143,0.03059581320450888,-0.03502765341058728,0,0,-0.05220662400824949
60000,57000,43700,0,0,2.714523290997022,False,3000,none,True,56050,0.48911685994647636,0.48399724482613127,14283,10887,0.7622348246166771,41767,9904,0.23712500299279335,RBF_I__s117__instance__severe,RBF_I,instance,severe,117,no_reset,0.02,1,0,complete,0.4822927451578255,0.4855307760927743,0.7177763775117272,0.29015730121866545,0,57000,2.7413111659989227,0.00170449966830577,0.003586083853702071,0.04445844710494995,-0.053032298225872104,0,0,-0.02678787500190083
60000,57000,38000,0,0,2.676043583996943,False,3000,none,True,56050,0.49942908117752005,0.49555667104352813,14283,9410,0.6588251767835889,41767,14127,0.3382335336509685,RBF_I__s117__instance__severe,RBF_I,instance,severe,117,no_reset,0.02,5,4,complete,0.4822927451578255,0.4855307760927743,0.7177763775117272,0.29015730121866545,0,57000,2.7413111659989227,0.013263925885702632,0.013898305084745766,-0.05895120072813831,0.04807623243230302,0,0,-0.06526758200197946
60000,57000,38950,0,0,2.707862541996292,False,3000,none,True,56050,0.5113470115967886,0.5085578768029251,14283,9693,0.6786389413988658,41767,13460,0.32226398831613473,RBF_I__s117__instance__severe,RBF_I,instance,severe,117,no_reset,0.05,5,4,complete,0.4822927451578255,0.4855307760927743,0.7177763775117272,0.29015730121866545,0,57000,2.7413111659989227,0.026265131645099582,0.02581623550401435,-0.03913743611286136,0.03210668709746928,0,0,-0.03344862400263082
60000,60800,51300,5700,2,2.614412791997893,False,3000,confirmed,True,56050,0.5228367528991972,0.5185301236352823,14283,12109,0.847791080305258,41767,6376,0.15265640338065936,RBF_I__s117__instance__severe,RBF_I,instance,severe,117,confirmed,0.01,1,0,complete,0.5066566165478391,0.5101873327386263,0.6593152699012812,0.3384011300787703,2,62700,2.736612916996819,0.01187350708744317,0.012649420160570912,0.18847581040397676,-0.18574472669811096,0,-1900,-0.12220012499892619
60000,62700,39900,5700,2,2.736612916996819,False,3000,confirmed,True,56050,0.5101873327386263,0.5066566165478391,14283,9417,0.6593152699012812,41767,14134,0.3384011300787703,RBF_I__s117__instance__severe,RBF_I,instance,severe,117,confirmed,0.05,1,0,complete,0.5066566165478391,0.5101873327386263,0.6593152699012812,0.3384011300787703,2,62700,2.736612916996819,0.0,0.0,0.0,0.0,0,0,0.0
60000,60800,45600,0,0,2.8073246250132797,False,3000,confirmed,True,56050,0.5213202497769849,0.5187733927676277,14283,11393,0.7976615556955822,41767,8510,0.20374937151339576,RBF_I__s117__instance__severe,RBF_I,instance,severe,117,confirmed,0.01,5,4,complete,0.5066566165478391,0.5101873327386263,0.6593152699012812,0.3384011300787703,2,62700,2.736612916996819,0.012116776219788572,0.011132917038358614,0.13834628579430097,-0.13465175856537456,-2,-1900,0.07071170801646076
60000,60800,51300,5700,2,2.6614592500118306,False,3000,confirmed,True,56050,0.511757359500446,0.5077218970936094,14283,12117,0.8483511867254778,41767,6384,0.15284794215529007,RBF_I__s117__instance__severe,RBF_I,instance,severe,117,confirmed,0.02,1,0,complete,0.5066566165478391,0.5101873327386263,0.6593152699012812,0.3384011300787703,2,62700,2.736612916996819,0.001065280545770264,0.0015700267618197206,0.18903591682419663,-0.18555318792348025,0,-1900,-0.07515366698498838
60000,60800,35150,0,0,2.6969177499995567,False,3000,confirmed,True,56050,0.5042283675289919,0.5017470390981398,14283,8625,0.6038647342995169,41767,16192,0.38767447985251513,RBF_I__s117__instance__severe,RBF_I,instance,severe,117,confirmed,0.02,5,4,complete,0.5066566165478391,0.5101873327386263,0.6593152699012812,0.3384011300787703,2,62700,2.736612916996819,-0.004909577449699332,-0.005958965209634348,-0.05545053560176427,0.04927334977374481,-2,-1900,-0.03969516699726228
60000,60800,32300,0,0,2.751268916996196,False,3000,confirmed,True,56050,0.507386262265834,0.5044111559086166,14283,7934,0.555485542253028,41767,18351,0.4393660066559724,RBF_I__s117__instance__severe,RBF_I,instance,severe,117,confirmed,0.05,5,4,complete,0.5066566165478391,0.5101873327386263,0.6593152699012812,0.3384011300787703,2,62700,2.736612916996819,-0.002245460639222485,-0.002801070472792211,-0.10382972764825316,0.1009648765772021,-2,-1900,0.014655999999376945
60000,57000,47500,8550,9,2.4715239579963963,False,3000,rl,True,56050,0.5036396074933095,0.501573728035545,14283,11864,0.8306378211860254,41767,7081,0.16953575789498887,RBF_I__s117__instance__severe,RBF_I,instance,severe,117,error_rule,0.01,1,0,complete,0.5034007614471747,0.5062087421944692,0.5729888678848981,0.4226063638757871,7,57000,2.4995794169954024,-0.0018270334116297082,-0.0025691347011597143,0.25764895330112725,-0.2530706059807982,2,0,-0.028055458999006078
60000,57000,33250,6650,7,2.4995794169954024,False,3000,rl,True,56050,0.5062087421944692,0.5034007614471747,14283,8184,0.5729888678848981,41767,17651,0.4226063638757871,RBF_I__s117__instance__severe,RBF_I,instance,severe,117,error_rule,0.05,1,0,complete,0.5034007614471747,0.5062087421944692,0.5729888678848981,0.4226063638757871,7,57000,2.4995794169954024,0.0,0.0,0.0,0.0,0,0,0.0
60000,57000,39900,6650,7,2.4386786660033977,False,3000,rl,True,56050,0.5061373773416592,0.5029466760294174,14283,9959,0.6972624798711755,41767,12776,0.30588742308521083,RBF_I__s117__instance__severe,RBF_I,instance,severe,117,error_rule,0.01,5,4,complete,0.5034007614471747,0.5062087421944692,0.5729888678848981,0.4226063638757871,7,57000,2.4995794169954024,-0.0004540854177572662,-7.136485281000748e-05,0.1242736119862774,-0.11671894079057626,0,0,-0.06090075099200476
60000,57000,45600,7600,8,2.441258667007787,False,3000,rl,True,56050,0.507564674397859,0.5054488698031295,14283,11326,0.792970664426241,41767,8443,0.20214523427586373,RBF_I__s117__instance__severe,RBF_I,instance,severe,117,error_rule,0.02,1,0,complete,0.5034007614471747,0.5062087421944692,0.5729888678848981,0.4226063638757871,7,57000,2.4995794169954024,0.002048108355954814,0.0013559322033898091,0.21998179654134287,-0.22046112959992337,1,0,-0.05832074998761527
60000,57000,40850,39900,42,2.348325875005685,False,3000,rl,True,56050,0.49719892952720784,0.4963414127707435,14283,10253,0.7178463908142547,41767,12120,0.2901812435654943,RBF_I__s117__instance__severe,RBF_I,instance,severe,117,selected_map,0.01,1,0,complete,0.5044288376814278,0.5057983942908117,0.4935237695162081,0.5091579476620298,29,57000,2.349646250004298,-0.00808742491068426,-0.008599464763603903,0.22432262129804664,-0.21897670409653552,13,0,-0.0013203749986132607
60000,57000,33250,7600,8,2.4713609580066986,False,3000,rl,True,56050,0.5008563782337199,0.4981009675763881,14283,8249,0.5775397325491843,41767,17716,0.42416261641966146,RBF_I__s117__instance__severe,RBF_I,instance,severe,117,error_rule,0.02,5,4,complete,0.5034007614471747,0.5062087421944692,0.5729888678848981,0.4226063638757871,7,57000,2.4995794169954024,-0.005299793870786607,-0.00535236396074934,0.004550864664286225,0.0015562525438743702,1,0,-0.028218458988703787
60000,57000,35150,8550,9,2.5575790830043843,False,3000,rl,True,56050,0.49461195361284566,0.49221594194811324,14283,8737,0.6117062241825947,41767,16304,0.3903560226973448,RBF_I__s117__instance__severe,RBF_I,instance,severe,117,error_rule,0.05,5,4,complete,0.5034007614471747,0.5062087421944692,0.5729888678848981,0.4226063638757871,7,57000,2.4995794169954024,-0.011184819499061471,-0.011596788581623552,0.03871735629769657,-0.03225034117844228,2,0,0.057999666008981876
60000,57000,28500,27550,29,2.349646250004298,False,3000,rl,True,56050,0.5057983942908117,0.5044288376814278,14283,7049,0.4935237695162081,41767,21266,0.5091579476620298,RBF_I__s117__instance__severe,RBF_I,instance,severe,117,selected_map,0.05,1,0,complete,0.5044288376814278,0.5057983942908117,0.4935237695162081,0.5091579476620298,29,57000,2.349646250004298,0.0,0.0,0.0,0.0,0,0,0.0
60000,57000,34200,33250,35,2.3274575840041507,False,3000,rl,True,56050,0.5012845673505798,0.4998960767628977,14283,8495,0.5947630049709445,41767,17012,0.40730720425216077,RBF_I__s117__instance__severe,RBF_I,instance,severe,117,selected_map,0.01,5,4,complete,0.5044288376814278,0.5057983942908117,0.4935237695162081,0.5091579476620298,29,57000,2.349646250004298,-0.004532760918530054,-0.004513826940231946,0.1012392354547364,-0.10185074340986905,6,0,-0.02218866600014735
60000,57000,36100,35150,37,2.330456084004254,False,3000,rl,True,56050,0.49969669937555755,0.4996593482584376,14283,9000,0.630119722747322,41767,15617,0.37390763042593433,RBF_I__s117__instance__severe,RBF_I,instance,severe,117,selected_map,0.02,1,0,complete,0.5044288376814278,0.5057983942908117,0.4935237695162081,0.5091579476620298,29,57000,2.349646250004298,-0.0047694894229901585,-0.006101694915254197,0.1365959532311139,-0.13525031723609549,8,0,-0.019190166000043973
60000,57000,35150,34200,36,2.3014097080013016,False,3000,rl,True,56050,0.4990365744870651,0.4980103203734463,14283,8675,0.607365399425891,41767,16242,0.388871597193957,RBF_I__s117__instance__severe,RBF_I,instance,severe,117,selected_map,0.02,5,4,complete,0.5044288376814278,0.5057983942908117,0.4935237695162081,0.5091579476620298,29,57000,2.349646250004298,-0.006418517307981486,-0.006761819803746627,0.11384162990968288,-0.12028635046807284,7,0,-0.04823654200299643
60000,57000,24700,22800,24,2.404350416996749,False,3000,rl,True,56050,0.4911507582515611,0.49122671653387734,14283,6028,0.42204018763565077,41767,24045,0.5756937294993655,RBF_I__s117__instance__severe,RBF_I,instance,severe,117,selected_map,0.05,5,4,complete,0.5044288376814278,0.5057983942908117,0.4935237695162081,0.5091579476620298,29,57000,2.349646250004298,-0.013202121147550427,-0.014647636039250622,-0.07148358188055731,0.06653578183733566,-5,0,0.054704166992451064
60000,57000,40850,26600,28,2.349820165996789,False,3000,rl,True,56050,0.4887421944692239,0.48849924795463684,14283,10215,0.7151858853182105,41767,12082,0.2892714343859985,RBF_I__s117__instance__severe,RBF_I,instance,severe,117,q_alarm_persistence_7,0.01,1,0,complete,0.4876536186608265,0.4888670829616414,0.6132465168381993,0.3908827543275792,23,57000,2.392694250011118,0.0008456292938103238,-0.00012488849241748534,0.10193936848001117,-0.10161131994158068,5,0,-0.04287408401432913
60000,57000,35150,21850,23,2.392694250011118,False,3000,rl,True,56050,0.4888670829616414,0.4876536186608265,14283,8759,0.6132465168381993,41767,16326,0.3908827543275792,RBF_I__s117__instance__severe,RBF_I,instance,severe,117,q_alarm_persistence_7,0.05,1,0,complete,0.4876536186608265,0.4888670829616414,0.6132465168381993,0.3908827543275792,23,57000,2.392694250011118,0.0,0.0,0.0,0.0,0,0,0.0
60000,57000,36100,26600,28,2.3832714169984683,False,3000,rl,True,56050,0.4953791257805531,0.49460960621435446,14283,8965,0.6276692571588602,41767,15582,0.37306964828692507,RBF_I__s117__instance__severe,RBF_I,instance,severe,117,q_alarm_persistence_7,0.01,5,4,complete,0.4876536186608265,0.4888670829616414,0.6132465168381993,0.3908827543275792,23,57000,2.392694250011118,0.0069559875535279425,0.006512042818911712,0.014422740320660932,-0.017813106040654114,5,0,-0.00942283301264979
60000,57000,36100,24700,26,2.4019855419901432,False,3000,rl,True,56050,0.4926315789473684,0.4924158562012281,14283,8900,0.623118392494574,41767,15517,0.37151339574305076,RBF_I__s117__instance__severe,RBF_I,instance,severe,117,q_alarm_persistence_7,0.02,1,0,complete,0.4876536186608265,0.4888670829616414,0.6132465168381993,0.3908827543275792,23,57000,2.392694250011118,0.004762237540401559,0.0037644959857270344,0.009871875656374707,-0.01936935858452843,3,0,0.009291291979025118
60000,57000,36100,21850,23,2.436198458002764,False,3000,rl,True,56050,0.4846922390722569,0.48431823641298166,14283,8951,0.6266890709234755,41767,15568,0.3727344554313214,RBF_I__s117__instance__severe,RBF_I,instance,severe,117,q_alarm_persistence_7,0.02,5,4,complete,0.4876536186608265,0.4888670829616414,0.6132465168381993,0.3908827543275792,23,57000,2.392694250011118,-0.0033353822478448536,-0.004174843889384494,0.01344255408527617,-0.018148298896257797,0,0,0.04350420799164567
60000,57000,25650,16150,17,2.4372854579996783,False,3000,rl,True,56050,0.49156110615521853,0.4916836411035561,14283,6298,0.44094377931807044,41767,23365,0.559412933655757,RBF_I__s117__instance__severe,RBF_I,instance,severe,117,q_alarm_persistence_7,0.05,5,4,complete,0.4876536186608265,0.4888670829616414,0.6132465168381993,0.3908827543275792,23,57000,2.392694250011118,0.004030022442729597,0.002694023193577144,-0.17230273752012887,0.16853017932817776,-6,0,0.0445912079885602
60000,57000,48450,2850,3,2.454101791998255,False,3000,rl,True,56050,0.4915254237288136,0.489043166510438,14283,12090,0.8464608275572358,41767,6357,0.1522014987909115,RBF_I__s117__instance__severe,RBF_I,instance,severe,117,q_alarm_persistence_17,0.01,1,0,complete,0.48934502173599337,0.491721677074041,0.7200168031926066,0.2909234563171882,1,57000,2.688159417011775,-0.0003018552255553697,-0.00019625334522743731,0.1264440243646292,-0.1387219575262767,2,0,-0.23405762501352
60000,57000,43700,2850,3,2.429652624996379,False,3000,rl,True,56050,0.46230151650312223,0.4606135418766968,14283,10900,0.7631449975495345,41767,9917,0.23743625350156822,RBF_I__s117__instance__severe,RBF_I,instance,severe,117,q_alarm_persistence_17,0.01,5,4,complete,0.48934502173599337,0.491721677074041,0.7200168031926066,0.2909234563171882,1,57000,2.688159417011775,-0.028731479859296583,-0.029420160570918785,0.04312819435692783,-0.05348720281561997,2,0,-0.25850679201539606
60000,57000,40850,950,1,2.688159417011775,False,3000,rl,True,56050,0.491721677074041,0.48934502173599337,14283,10284,0.7200168031926066,41767,12151,0.2909234563171882,RBF_I__s117__instance__severe,RBF_I,instance,severe,117,q_alarm_persistence_17,0.05,1,0,complete,0.48934502173599337,0.491721677074041,0.7200168031926066,0.2909234563171882,1,57000,2.688159417011775,0.0,0.0,0.0,0.0,0,0,0.0
60000,57000,38000,950,1,2.5659540409978945,False,3000,rl,True,56050,0.503371989295272,0.5010798841096347,14283,9439,0.6608555625568858,41767,14156,0.33892786170900474,RBF_I__s117__instance__severe,RBF_I,instance,severe,117,q_alarm_persistence_17,0.02,1,0,complete,0.48934502173599337,0.491721677074041,0.7200168031926066,0.2909234563171882,1,57000,2.688159417011775,0.011734862373641297,0.01165031222123103,-0.05916124063572081,0.04800440539181655,0,0,-0.1222053760138806
60000,57000,39900,950,1,2.542569208002533,False,3000,rl,True,56050,0.47539696699375555,0.47466254986251966,14283,9957,0.6971224532661205,41767,12774,0.30583953839155315,RBF_I__s117__instance__severe,RBF_I,instance,severe,117,q_alarm_persistence_17,0.02,5,4,complete,0.48934502173599337,0.491721677074041,0.7200168031926066,0.2909234563171882,1,57000,2.688159417011775,-0.014682471873473713,-0.016324710080285465,-0.02289434992648609,0.014916082074364956,0,0,-0.14559020900924224
60000,57000,40850,39900,42,2.304400709006586,False,3000,rl,True,56050,0.49719892952720784,0.4963414127707435,14283,10253,0.7178463908142547,41767,12120,0.2901812435654943,RBF_I__s117__instance__severe,RBF_I,instance,severe,117,q_alarm_persistence_27,0.01,1,0,complete,0.5044288376814278,0.5057983942908117,0.4935237695162081,0.5091579476620298,29,57000,2.377003125002375,-0.00808742491068426,-0.008599464763603903,0.22432262129804664,-0.21897670409653552,13,0,-0.07260241599578876
60000,57000,37050,950,1,2.653612374997465,False,3000,rl,True,56050,0.5108831400535236,0.5098016964978082,14283,9259,0.6482531681019393,41767,14926,0.35736346876720854,RBF_I__s117__instance__severe,RBF_I,instance,severe,117,q_alarm_persistence_17,0.05,5,4,complete,0.48934502173599337,0.491721677074041,0.7200168031926066,0.2909234563171882,1,57000,2.688159417011775,0.020456674761814786,0.019161462979482624,-0.0717636350906673,0.06644001245002035,0,0,-0.034547042014310136
60000,57000,28500,27550,29,2.377003125002375,False,3000,rl,True,56050,0.5057983942908117,0.5044288376814278,14283,7049,0.4935237695162081,41767,21266,0.5091579476620298,RBF_I__s117__instance__severe,RBF_I,instance,severe,117,q_alarm_persistence_27,0.05,1,0,complete,0.5044288376814278,0.5057983942908117,0.4935237695162081,0.5091579476620298,29,57000,2.377003125002375,0.0,0.0,0.0,0.0,0,0,0.0
60000,57000,34200,33250,35,2.3109037919930415,False,3000,rl,True,56050,0.5012845673505798,0.4998960767628977,14283,8495,0.5947630049709445,41767,17012,0.40730720425216077,RBF_I__s117__instance__severe,RBF_I,instance,severe,117,q_alarm_persistence_27,0.01,5,4,complete,0.5044288376814278,0.5057983942908117,0.4935237695162081,0.5091579476620298,29,57000,2.377003125002375,-0.004532760918530054,-0.004513826940231946,0.1012392354547364,-0.10185074340986905,6,0,-0.06609933300933335
60000,57000,36100,35150,37,2.273942874991917,False,3000,rl,True,56050,0.49969669937555755,0.4996593482584376,14283,9000,0.630119722747322,41767,15617,0.37390763042593433,RBF_I__s117__instance__severe,RBF_I,instance,severe,117,q_alarm_persistence_27,0.02,1,0,complete,0.5044288376814278,0.5057983942908117,0.4935237695162081,0.5091579476620298,29,57000,2.377003125002375,-0.0047694894229901585,-0.006101694915254197,0.1365959532311139,-0.13525031723609549,8,0,-0.10306025001045782
60000,57000,35150,34200,36,2.2192152500065276,False,3000,rl,True,56050,0.4990365744870651,0.4980103203734463,14283,8675,0.607365399425891,41767,16242,0.388871597193957,RBF_I__s117__instance__severe,RBF_I,instance,severe,117,q_alarm_persistence_27,0.02,5,4,complete,0.5044288376814278,0.5057983942908117,0.4935237695162081,0.5091579476620298,29,57000,2.377003125002375,-0.006418517307981486,-0.006761819803746627,0.11384162990968288,-0.12028635046807284,7,0,-0.15778787499584723
60000,57000,24700,22800,24,2.2253803749918006,False,3000,rl,True,56050,0.4911507582515611,0.49122671653387734,14283,6028,0.42204018763565077,41767,24045,0.5756937294993655,RBF_I__s117__instance__severe,RBF_I,instance,severe,117,q_alarm_persistence_27,0.05,5,4,complete,0.5044288376814278,0.5057983942908117,0.4935237695162081,0.5091579476620298,29,57000,2.377003125002375,-0.013202121147550427,-0.014647636039250622,-0.07148358188055731,0.06653578183733566,-5,0,-0.15162275001057424
