stream,mode,level,detector,filter,accuracy_confirmed,accuracy_no_reset,accuracy_difference,macro_f1_confirmed,macro_f1_no_reset,macro_f1_difference,macro_precision_confirmed,macro_precision_no_reset,macro_precision_difference,macro_recall_confirmed,macro_recall_no_reset,macro_recall_difference,roc_auc_confirmed,roc_auc_no_reset,roc_auc_difference,average_precision_confirmed,average_precision_no_reset,average_precision_difference,malicious_precision_confirmed,malicious_precision_no_reset,malicious_precision_difference,malicious_recall_confirmed,malicious_recall_no_reset,malicious_recall_difference,benign_fpr_confirmed,benign_fpr_no_reset,benign_fpr_difference,poison_admission_rate_confirmed,poison_admission_rate_no_reset,poison_admission_rate_difference,legitimate_withhold_rate_confirmed,legitimate_withhold_rate_no_reset,legitimate_withhold_rate_difference,category
RBF_I,clean,none,adwin,learned_features,0.6607834848164589,0.6656647643204396,-0.0048812795039807995,0.6594732912567643,0.6649083854064157,-0.005435094149651376,0.6623272497318468,0.6674752272216967,-0.0051479774898500015,0.658609273504451,0.6641810554105386,-0.005571781906087647,0.8572995615235891,0.8611481763992556,-0.003848614875666493,0.7069438498197028,0.7182535536289719,-0.011309703809269175,,,,,,,,,,,,,0.2678743042344818,0.2537574860846896,0.014116818149792163,0
RBF_I,clean,none,adwin,learned_features_label,0.6666103008525329,0.6742746424293665,-0.007664341576833637,0.6657808813648497,0.6736290825060828,-0.00784820114123308,0.6681171831625149,0.6765023148888737,-0.008385131726358797,0.6658853398801283,0.6734009802884117,-0.007515640408283342,0.8604327702455158,0.8642825324221555,-0.0038497621766396075,0.7120356386213139,0.7237983173820522,-0.011762678760738296,,,,,,,,,,,,,0.2628422461776932,0.2343056436271401,0.028536602550553163,0
RBF_I,clean,none,adwin,none,0.6880011273162827,0.6869400408652152,0.0010610864510673945,0.6870581595475339,0.6864901552363382,0.0005680043111957467,0.688930772397469,0.6881779537107521,0.0007528186867169125,0.6865706175403394,0.6862698066134673,0.0003008109268721748,0.8720279951409706,0.8706776669301869,0.0013503282107835874,0.7377849280780843,0.7392376430067052,-0.0014527149286208314,,,,,,,,,,,,,0.21820615796519408,0.18875502008032122,0.029451137884872847,0
RBF_I,clean,none,d3_oof,learned_features,0.6688184316212218,0.6656647643204396,0.003153667300782111,0.6684228949385123,0.6649083854064157,0.0035145095320965325,0.6704961017451514,0.6674752272216967,0.003020874523454601,0.667839771359045,0.6641810554105386,0.0036587159485063823,0.8629233278368694,0.8611481763992556,0.0017751514376138644,0.7207916539837145,0.7182535536289719,0.0025381003547425562,,,,,,,,,,,,,0.21777636863242436,0.2537574860846896,-0.03598111745226524,0
RBF_I,clean,none,d3_oof,learned_features_label,0.6701317550905376,0.6742746424293665,-0.004142887338828986,0.6696248916826121,0.6736290825060828,-0.004004190823470625,0.6719553612349244,0.6765023148888737,-0.00454695365394923,0.6696832520072212,0.6734009802884117,-0.0037177282811905097,0.8610531028550209,0.8642825324221555,-0.0032294295671344564,0.7191282701209366,0.7237983173820522,-0.004670047261115677,,,,,,,,,,,,,0.23413090960332553,0.2343056436271401,-0.0001747340238145434,0
RBF_I,clean,none,d3_oof,none,0.6873599661805114,0.6869400408652152,0.00041992531529622124,0.6864430442176057,0.6864901552363382,-4.7111018732448606e-05,0.6883368123144908,0.6881779537107521,0.00015885860373883917,0.6858299201078454,0.6862698066134673,-0.0004398865056218411,0.872513500418957,0.8706776669301869,0.0018358334887700705,0.7384208090112865,0.7392376430067052,-0.0008168339954186162,,,,,,,,,,,,,0.19946452476572954,0.18875502008032122,0.010709504685408303,0
RBF_I,clean,none,hddm_w,learned_features,0.6558289297541041,0.6656647643204396,-0.009835834566335485,0.6550010922823982,0.6649083854064157,-0.009907293124017391,0.6567971794710203,0.6674752272216967,-0.010678047750676415,0.6554274636580865,0.6641810554105386,-0.008753591752452236,0.8545027119724894,0.8611481763992556,-0.006645464426766205,0.6973412064561084,0.7182535536289719,-0.0209123471728635,,,,,,,,,,,,,0.3157711547946171,0.2537574860846896,0.062013668709927465,0
RBF_I,clean,none,hddm_w,learned_features_label,0.6630888466145283,0.6742746424293665,-0.011185795814838287,0.6624315846069325,0.6736290825060828,-0.01119749789915018,0.6645811780193435,0.6765023148888737,-0.011921136869530188,0.6627107980933545,0.6734009802884117,-0.010690182195057166,0.8589550291888948,0.8642825324221555,-0.0053275032332606624,0.7079981498902285,0.7237983173820522,-0.01580016749182389,,,,,,,,,,,,,0.27957725639399705,0.2343056436271401,0.04527161276685695,0
RBF_I,clean,none,hddm_w,none,0.67906855492144,0.6869400408652152,-0.007871485943775144,0.6783713674815249,0.6864901552363382,-0.00811878775481334,0.6803369143513698,0.6881779537107521,-0.00784103935938226,0.6779768207458323,0.6862698066134673,-0.008292985867634902,0.8668942492634363,0.8706776669301869,-0.003783417666750758,0.7298867135043959,0.7392376430067052,-0.009350929502309277,,,,,,,,,,,,,0.24497991967871482,0.18875502008032122,0.0562248995983936,0
RBF_I,clean,none,hellinger,learned_features,0.667247234552244,0.6656647643204396,0.00158247023180443,0.6668315715724397,0.6649083854064157,0.001923186166023938,0.6687328575070676,0.6674752272216967,0.0012576302853708106,0.6663534402625086,0.6641810554105386,0.0021723848519700217,0.8624997025792016,0.8611481763992556,0.001351526179946087,0.72068686703241,0.7182535536289719,0.0024333134034381456,,,,,,,,,,,,,0.23098992461072357,0.2537574860846896,-0.022767561473966042,0
RBF_I,clean,none,hellinger,learned_features_label,0.6611202705559078,0.6742746424293665,-0.013154371873458729,0.6602342283561232,0.6736290825060828,-0.013394854149959482,0.6627067673477695,0.6765023148888737,-0.013795547541104125,0.6606274680826274,0.6734009802884117,-0.012773512205784302,0.8557596915600351,0.8642825324221555,-0.008522840862120296,0.7031589089322514,0.7237983173820522,-0.020639408449800833,,,,,,,,,,,,,0.31704924963009934,0.2343056436271401,0.08274360600295923,0
RBF_I,clean,none,hellinger,none,0.67809060804622,0.6869400408652152,-0.008849432818995306,0.6776070388116251,0.6864901552363382,-0.008883116424713141,0.6794177360809086,0.6881779537107521,-0.008760217629843395,0.6770316600448106,0.6862698066134673,-0.00923814656865655,0.8649890284089983,0.8706776669301869,-0.005688638521188653,0.7277739009032568,0.7392376430067052,-0.01146374210344836,,,,,,,,,,,,,0.2088353413654618,0.18875502008032122,0.02008032128514058,0
RBF_I,concept,moderate,adwin,learned_features,0.6304070541993854,0.6592271671589852,-0.028820112959599815,0.6289822078968498,0.6582659977215058,-0.029283789824656032,0.6310903718789209,0.6606910802521505,-0.029600708373229517,0.6290520874274985,0.6580458041378651,-0.028993716710366546,0.8374771314513391,0.8552299869051527,-0.017752855453813703,0.6735017131119637,0.7099671394775354,-0.03646542636557163,,,,,,,,,,0.5997399296632329,0.6695976249590307,-0.06985769529579793,0.26874576930593647,0.2539172842474808,0.014828485058455696,3
RBF_I,concept,moderate,adwin,learned_features_label,0.6336089187986161,0.666292166990182,-0.03268324819156584,0.6316659736112163,0.66536960461066,-0.0337036309994437,0.6362360320989326,0.6680867078333828,-0.03185067573445007,0.6311578694812933,0.6667959117956656,-0.03563804231437225,0.8395606992740287,0.8581669817060592,-0.01860628243203044,0.6755907104204031,0.7121523075421679,-0.03656159712176473,,,,,,,,,,0.6332789531546487,0.7189410720408668,-0.08566211888621822,0.2731313515870596,0.20748559578763,0.06564575579942959,3
RBF_I,concept,moderate,adwin,none,0.6497379992498451,0.6596684136568375,-0.009930414406992383,0.6487973907989826,0.6592371477339817,-0.010439756934999064,0.6499442120740643,0.6607053514090016,-0.010761139334937312,0.6493184615924118,0.659594087894339,-0.01027562630192728,0.8527507900726775,0.8564599784014139,-0.0037091883287363827,0.6985971553683115,0.7099869497726733,-0.011389794404361756,,,,,,,,,,0.5794535464278147,0.7636478394097802,-0.18419429298196568,0.250110968064789,0.21184741462402948,0.03826355344075947,3
RBF_I,concept,moderate,d3_oof,learned_features,0.6574440305160684,0.6592271671589852,-0.0017831366429167383,0.6564434373197675,0.6582659977215058,-0.0018225604017383008,0.6585043333031436,0.6606910802521505,-0.0021867469490067792,0.6562815991926129,0.6580458041378651,-0.0017642049452521642,0.8537288596840207,0.8552299869051527,-0.001501127221132048,0.7067769611977823,0.7099671394775354,-0.0031901782797530607,,,,,,,,,,0.6456575579125219,0.6695976249590307,-0.023940067046508934,0.2512522099018522,0.2539172842474808,-0.002665074345628506,3
RBF_I,concept,moderate,d3_oof,learned_features_label,0.6661132620271396,0.666292166990182,-0.00017890496304247735,0.6648481934894875,0.66536960461066,-0.0005214111211725067,0.6675424152480917,0.6680867078333828,-0.0005442925852909841,0.6661121246774718,0.6667959117956656,-0.0006837871181936869,0.8588059740805088,0.8581669817060592,0.0006389923744496059,0.7119488253813318,0.7121523075421679,-0.00020348216083613627,,,,,,,,,,0.7263968431973707,0.7189410720408668,0.007455771156503903,0.20214622942757873,0.20748559578763,-0.005339366360051288,3
RBF_I,concept,moderate,d3_oof,none,0.6522692218041485,0.6596684136568375,-0.007399191852688928,0.6519008259826019,0.6592371477339817,-0.007336321751379808,0.6529151722540084,0.6607053514090016,-0.007790179154993211,0.6525401171585379,0.659594087894339,-0.0070539707358011254,0.8521628296723773,0.8564599784014139,-0.004297148729036637,0.6993673035560853,0.7099869497726733,-0.010619646216587952,,,,,,,,,,0.6900857643626955,0.7636478394097802,-0.07356207504708483,0.23505835888575632,0.21184741462402948,0.023210944261726835,3
RBF_I,concept,moderate,hddm_w,learned_features,0.6019869730025876,0.6592271671589852,-0.05724019415639755,0.6001450852101902,0.6582659977215058,-0.05812091251131568,0.6025366100088588,0.6606910802521505,-0.05815447024329157,0.5999880597586481,0.6580458041378651,-0.05805774437921688,0.8174054319714248,0.8552299869051527,-0.03782455493372794,0.6298240694584204,0.7099671394775354,-0.08014307001911514,,,,,,,,,,0.5160300394212755,0.6695976249590307,-0.15356758553775537,0.3504777248456356,0.2539172842474808,0.09656044059815487,3
RBF_I,concept,moderate,hddm_w,learned_features_label,0.6177604632381545,0.666292166990182,-0.048531703752027644,0.6166591858238336,0.66536960461066,-0.04871041878682636,0.6216921360890159,0.6680867078333828,-0.04639457174436686,0.6173707467811389,0.6667959117956656,-0.04942516501452665,0.8311856166079754,0.8581669817060592,-0.02698136509808376,0.6538293331613796,0.7121523075421679,-0.05832297438078826,,,,,,,,,,0.5971669223057724,0.7189410720408668,-0.12177414973509444,0.3253478636578226,0.20748559578763,0.1178622678701926,3
RBF_I,concept,moderate,hddm_w,none,0.622956544560139,0.6596684136568375,-0.03671186909669836,0.6214397458878161,0.6592371477339817,-0.03779740184616546,0.6239333648971096,0.6607053514090016,-0.03677198651189192,0.6221515810972006,0.659594087894339,-0.03744250679713849,0.8351042453544469,0.8564599784014139,-0.02135573304696688,0.6630651521230232,0.7099869497726733,-0.04692179764964999,,,,,,,,,,0.5657733682079923,0.7636478394097802,-0.19787447120178803,0.31545587103972716,0.21184741462402948,0.10360845641569767,3
RBF_I,concept,moderate,hellinger,learned_features,0.6544423332362465,0.6592271671589852,-0.004784833922738689,0.6539152946783467,0.6582659977215058,-0.004350703043159025,0.6551496119972203,0.6606910802521505,-0.005541468254930071,0.654050487994169,0.6580458041378651,-0.003995316143696044,0.850818480890967,0.8552299869051527,-0.004411506014185607,0.7008323423404711,0.7099671394775354,-0.009134797137064369,,,,,,,,,,0.6589389341457617,0.6695976249590307,-0.01065869081326909,0.2533588008888202,0.2539172842474808,-0.000558483358660535,3
RBF_I,concept,moderate,hellinger,learned_features_label,0.6635277961421552,0.666292166990182,-0.0027643708480267946,0.6628787465189429,0.66536960461066,-0.0024908580917172296,0.6657684678629544,0.6680867078333828,-0.0023182399704282375,0.6641512913840572,0.6667959117956656,-0.0026446204116083636,0.8567246145078066,0.8581669817060592,-0.0014423671982526736,0.7079375161327573,0.7121523075421679,-0.004214791409410464,,,,,,,,,,0.6972293483574176,0.7189410720408668,-0.02171172368344924,0.2400306764599681,0.20748559578763,0.03254508067233807,3
RBF_I,concept,moderate,hellinger,none,0.6449839602508408,0.6596684136568375,-0.014684453405996592,0.6438196210498387,0.6592371477339817,-0.015417526684143016,0.64520240920426,0.6607053514090016,-0.015502942204741688,0.643688445388248,0.659594087894339,-0.015905642506090983,0.8477128903099832,0.8564599784014139,-0.008747088091430618,0.6897385446092853,0.7099869497726733,-0.020248405163388033,,,,,,,,,,0.6524921161974607,0.7636478394097802,-0.11115572321231963,0.25990904829491174,0.21184741462402948,0.04806163367088226,3
RBF_I,concept,severe,adwin,learned_features,0.6230409293647341,0.6481709297608805,-0.025130000396146362,0.6210093006430921,0.6476823219448888,-0.02667302130179668,0.622442436466346,0.648195361608361,-0.025752925142014955,0.6208078876163073,0.648848652140681,-0.02804076452437365,0.8313514557856075,0.8500671446268973,-0.01871568884128964,0.655531491633829,0.6990704826610005,-0.04353899102717148,,,,,,,,,,0.5509987445443006,0.7090182376907762,-0.1580194931464756,0.3149656647529435,0.24157611126030246,0.07338955349264108,4
RBF_I,concept,severe,adwin,learned_features_label,0.6186447063210183,0.6601979100097695,-0.041553203688751074,0.6173162665161431,0.6591307386821887,-0.04181447216604561,0.6197346551325528,0.6619230826662936,-0.04218842753374086,0.6182268122881149,0.6600424466726239,-0.04181563438450905,0.8274816985185769,0.8514325790626563,-0.023950880544079345,0.6441725356646096,0.7009557886805591,-0.05678325301594944,,,,,,,,,,0.5459795041705565,0.6705575314410307,-0.12457802727047411,0.30396892091666117,0.23820045334969386,0.0657684675669673,4
RBF_I,concept,severe,adwin,none,0.6343373899639495,0.6621015913408077,-0.027764201376858273,0.6333736414748196,0.6611746369939102,-0.027800995519090654,0.6336261631665597,0.6630513546026856,-0.029425191436125875,0.6344721521230156,0.6617770432920388,-0.027304891169023165,0.8396060918508076,0.8543536397490468,-0.01474754789823914,0.6749990511479792,0.7058903220169369,-0.030891270868957894,,,,,,,,,,0.5048966040736985,0.6724736588841888,-0.16757705481049034,0.27551894742164257,0.22446081804425336,0.051058129377389204,4
RBF_I,concept,severe,d3_oof,learned_features,0.6466903428205216,0.6481709297608805,-0.0014805869403588707,0.6461880563811359,0.6476823219448888,-0.0014942655637529463,0.6467816310676082,0.648195361608361,-0.0014137305407527039,0.6475651939272424,0.648848652140681,-0.0012834582134385226,0.8492116927703899,0.8500671446268973,-0.0008554518565073721,0.6977898332479134,0.6990704826610005,-0.0012806494130869945,,,,,,,,,,0.6827323191536561,0.7090182376907762,-0.026285918537120107,0.2546930910620607,0.24157611126030246,0.013116979801758208,4
RBF_I,concept,severe,d3_oof,learned_features_label,0.6611633159399003,0.6601979100097695,0.00096540593013091,0.6600919707628442,0.6591307386821887,0.0009612320806554239,0.662911412784272,0.6619230826662936,0.0009883301179784976,0.6609880379466585,0.6600424466726239,0.0009455912740345962,0.8524707857214722,0.8514325790626563,0.0010382066588158212,0.7027024845549548,0.7009557886805591,0.0017466958743956873,,,,,,,,,,0.6602102636730157,0.6705575314410307,-0.010347267768014978,0.23990879127661702,0.23820045334969386,0.0017083379269231351,4
RBF_I,concept,severe,d3_oof,none,0.6643674107135552,0.6621015913408077,0.002265819372747465,0.6634201931715787,0.6611746369939102,0.0022455561776685653,0.665484028261435,0.6630513546026856,0.002432673658749477,0.6637274631274059,0.6617770432920388,0.0019504198353671454,0.8557809111431545,0.8543536397490468,0.0014272713941076987,0.7085203017167782,0.7058903220169369,0.002629979699841097,,,,,,,,,,0.6778536204890852,0.6724736588841888,0.005379961604896215,0.23162199092501334,0.22446081804425336,0.007161172880759986,4
RBF_I,concept,severe,hddm_w,learned_features,0.5953925889444068,0.6481709297608805,-0.05277834081647359,0.5930109590201768,0.6476823219448888,-0.05467136292471205,0.5962808579648025,0.648195361608361,-0.051914503643558506,0.5927389505157623,0.648848652140681,-0.05610970162491861,0.8136145230232908,0.8500671446268973,-0.03645262160360633,0.6211104176789908,0.6990704826610005,-0.07796006498200969,,,,,,,,,,0.5262767496108086,0.7090182376907762,-0.18274148807996768,0.32246792154253584,0.24157611126030246,0.08089181028223338,4
RBF_I,concept,severe,hddm_w,learned_features_label,0.6032349468733833,0.6601979100097695,-0.05696296313638608,0.601133328037136,0.6591307386821887,-0.057997410645052705,0.6033839105184065,0.6619230826662936,-0.058539172147887175,0.6017544368909027,0.6600424466726239,-0.05828800978172122,0.8182783324714032,0.8514325790626563,-0.033154246591252955,0.6207301971958535,0.7009557886805591,-0.08022559148470547,,,,,,,,,,0.5038718921593481,0.6705575314410307,-0.16668563928168253,0.3427289234508632,0.23820045334969386,0.10452847010116934,4
RBF_I,concept,severe,hddm_w,none,0.6195118508963208,0.6621015913408077,-0.0425897404444869,0.6169692267661221,0.6611746369939102,-0.04420541022778816,0.6195959068071254,0.6630513546026856,-0.043455447795560244,0.6163399373571393,0.6617770432920388,-0.045437105934899504,0.8286724057803533,0.8543536397490468,-0.025681233968693484,0.6472341441109949,0.7058903220169369,-0.05865617790594202,,,,,,,,,,0.5909862834020404,0.6724736588841888,-0.08148737548214853,0.29723483578339455,0.22446081804425336,0.07277401773914118,4
RBF_I,concept,severe,hellinger,learned_features,0.61306695048119,0.6481709297608805,-0.03510397927969052,0.6103332572440473,0.6476823219448888,-0.03734906470084146,0.6115071873758001,0.648195361608361,-0.0366881742325608,0.6105050738589809,0.648848652140681,-0.03834357828170002,0.8252913224879938,0.8500671446268973,-0.02477582213890339,0.6438241239416546,0.6990704826610005,-0.05524635871934591,,,,,,,,,,0.6158525187700888,0.7090182376907762,-0.09316571892068737,0.3112785767069623,0.24157611126030246,0.0697024654466598,4
RBF_I,concept,severe,hellinger,learned_features_label,0.6350053543198736,0.6601979100097695,-0.02519255568989583,0.6338879569377648,0.6591307386821887,-0.025242781744423997,0.6368215786754355,0.6619230826662936,-0.025101503990857976,0.6353681316039909,0.6600424466726239,-0.02467431506863312,0.8399222106629308,0.8514325790626563,-0.011510368399725449,0.6723218064120388,0.7009557886805591,-0.028633982268520247,,,,,,,,,,0.5576350790974655,0.6705575314410307,-0.11292245234356524,0.2868694825809981,0.23820045334969386,0.04866902923130423,4
RBF_I,concept,severe,hellinger,none,0.6481297951055636,0.6621015913408077,-0.013971796235244175,0.6467609084714651,0.6611746369939102,-0.01441372852244512,0.648651439870883,0.6630513546026856,-0.01439991473180254,0.6472582089905211,0.6617770432920388,-0.01451883430151768,0.8466502222557598,0.8543536397490468,-0.007703417493286957,0.6850147085102237,0.7058903220169369,-0.02087561350671326,,,,,,,,,,0.6584669947276348,0.6724736588841888,-0.014006664156554013,0.25550709835197893,0.22446081804425336,0.031046280307725566,4
RBF_I,instance,moderate,adwin,learned_features,0.6462974705840908,0.6575410413584161,-0.011243570774325399,0.645317585654937,0.6569075872876143,-0.01159000163267728,0.6529511649066827,0.6621315692553326,-0.009180404348649826,0.6435719930097799,0.6566342163330542,-0.013062223323274372,0.8483924967495694,0.8525210751809794,-0.004128578431410013,0.6877388676910295,0.6961853481131949,-0.008446480422165373,,,,,,,,,,0.7093443941492135,0.7461582561324457,-0.036813861983232186,0.2892609141982352,0.25259289105336974,0.03666802314486544,1
RBF_I,instance,moderate,adwin,learned_features_label,0.6511421123088846,0.6582737969421545,-0.00713168463326989,0.6501222843089374,0.6572599990654736,-0.007137714756536129,0.6572680994898672,0.663228601329251,-0.005960501839383792,0.6506528687015024,0.6580496085330416,-0.007396739831539138,0.8496765165453927,0.8535434385542234,-0.0038669220088308753,0.6951923495373419,0.7001753676944058,-0.004983018157063886,,,,,,,,,,0.7691598174942024,0.7952328829246542,-0.026073065430451885,0.24348559042366888,0.21597039463064105,0.027515195793027802,1
RBF_I,instance,moderate,adwin,none,0.6695525963503135,0.6625674628337913,0.006985133516522191,0.66900811755018,0.6623305166105703,0.006677600939609674,0.67255100681157,0.6655526505554441,0.006998356256125993,0.6691172932158778,0.6628444702430045,0.006272822972873275,0.8601774592908026,0.8571496337941803,0.0030278254966223197,0.709174611089345,0.7057558234082809,0.0034187876810641096,,,,,,,,,,0.794062764495875,0.785603629716138,0.008459134779737068,0.20462104942130413,0.2125772592304771,-0.00795620980917297,1
RBF_I,instance,moderate,d3_oof,learned_features,0.6578397801733248,0.6575410413584161,0.0002987388149087167,0.6571089758272235,0.6569075872876143,0.0002013885396091597,0.6633407133539638,0.6621315692553326,0.001209144098631339,0.657079492809091,0.6566342163330542,0.000445276476036649,0.8536793251846083,0.8525210751809794,0.0011582500036290873,0.6992232821613543,0.6961853481131949,0.0030379340481595887,,,,,,,,,,0.7569323597269987,0.7461582561324457,0.010774103594552997,0.2422713100344287,0.25259289105336974,-0.010321581018941067,1
RBF_I,instance,moderate,d3_oof,learned_features_label,0.657307123229761,0.6582737969421545,-0.000966673712393451,0.6562064612508406,0.6572599990654736,-0.00105353781463291,0.6623268252599529,0.663228601329251,-0.000901776069298125,0.6563299205367783,0.6580496085330416,-0.0017196879962633194,0.853791272826169,0.8535434385542234,0.000247834271945524,0.6988667305678232,0.7001753676944058,-0.0013086371265825791,,,,,,,,,,0.7592318600852378,0.7952328829246542,-0.036001022839416565,0.2527673608389403,0.21597039463064105,0.036796966208299225,1
RBF_I,instance,moderate,d3_oof,none,0.6582244768547876,0.6625674628337913,-0.004342985979003733,0.6580066334600704,0.6623305166105703,-0.004323883150499881,0.6611574484890587,0.6655526505554441,-0.004395202066385402,0.6581736156674217,0.6628444702430045,-0.004670854575582732,0.8538166011757232,0.8571496337941803,-0.003333032618456929,0.6977304166912638,0.7057558234082809,-0.00802540671701705,,,,,,,,,,0.7606862352780898,0.785603629716138,-0.024917394438048152,0.2365281431637438,0.2125772592304771,0.023950883933266665,1
RBF_I,instance,moderate,hddm_w,learned_features,0.6336743465088425,0.6575410413584161,-0.02386669484957375,0.6329390951242958,0.6569075872876143,-0.023968492163318495,0.6390946656337224,0.6621315692553326,-0.02303690362161004,0.6317459358635431,0.6566342163330542,-0.024888280469511154,0.8402673116616316,0.8525210751809794,-0.012253763519347668,0.6654375101269342,0.6961853481131949,-0.030747837986260684,,,,,,,,,,0.6373224365522853,0.7461582561324457,-0.10883581958016031,0.35995445181321933,0.25259289105336974,0.10736156075984955,1
RBF_I,instance,moderate,hddm_w,learned_features_label,0.6363954061861481,0.6582737969421545,-0.021878390756006432,0.635186610590048,0.6572599990654736,-0.022073388475425577,0.6413315772951936,0.663228601329251,-0.021897024034057355,0.636113510300112,0.6580496085330416,-0.021936098232929635,0.8420463410013491,0.8535434385542234,-0.0114970975528745,0.6741814835733346,0.7001753676944058,-0.025993884121071103,,,,,,,,,,0.7012697877862553,0.7952328829246542,-0.09396309513839902,0.30995203794109716,0.21597039463064105,0.0939816433104561,1
RBF_I,instance,moderate,hddm_w,none,0.6454533925174383,0.6625674628337913,-0.01711407031635311,0.6440576488120346,0.6623305166105703,-0.018272867798535652,0.650307391498611,0.6655526505554441,-0.01524525905683305,0.6437025281053756,0.6628444702430045,-0.019141942137628914,0.847299302919367,0.8571496337941803,-0.009850330874813351,0.6857654426257431,0.7057558234082809,-0.01999038078253775,,,,,,,,,,0.7570241264622575,0.785603629716138,-0.02857950325388044,0.24533495345692877,0.2125772592304771,0.03275769422645167,1
RBF_I,instance,moderate,hellinger,learned_features,0.6585189882336363,0.6575410413584161,0.000977946875220163,0.6575546175708473,0.6569075872876143,0.0006470302832330225,0.6641036124734381,0.6621315692553326,0.0019720432181055494,0.6564197444265939,0.6566342163330542,-0.0002144719064604006,0.852531347255229,0.8525210751809794,1.0272074249787858e-05,0.6962982142571086,0.6961853481131949,0.00011286614391370353,,,,,,,,,,0.7294497346943665,0.7461582561324457,-0.016708521438079254,0.26900253192004947,0.25259289105336974,0.016409640866679703,1
RBF_I,instance,moderate,hellinger,learned_features_label,0.6554710068343549,0.6582737969421545,-0.002802790107799602,0.6544720974216218,0.6572599990654736,-0.0027879016438517126,0.6607461906082115,0.663228601329251,-0.002482410721039422,0.6553879658762808,0.6580496085330416,-0.002661642656760869,0.8517276072153918,0.8535434385542234,-0.001815831338831786,0.6973159771848186,0.7001753676944058,-0.0028593905095870196,,,,,,,,,,0.7942932553115898,0.7952328829246542,-0.000939627613064505,0.21705791353988546,0.21597039463064105,0.001087518909244393,1
RBF_I,instance,moderate,hellinger,none,0.6613175509053759,0.6625674628337913,-0.0012499119284154296,0.6609757474214121,0.6623305166105703,-0.0013547691891582225,0.6646781898456763,0.6655526505554441,-0.0008744607097678214,0.6613988657251989,0.6628444702430045,-0.001445604517805547,0.8553045824752439,0.8571496337941803,-0.0018450513189363822,0.7030355975254968,0.7057558234082809,-0.0027202258827839776,,,,,,,,,,0.7649552421085044,0.785603629716138,-0.020648387607633618,0.23413314143934813,0.2125772592304771,0.02155588220887102,1
RBF_I,instance,severe,adwin,learned_features,0.6463157894736842,0.6415824702318044,0.004733319241879808,0.6461641821219543,0.6412186738644157,0.004945508257538589,0.6542569469620823,0.6500591529634786,0.004197793998603687,0.6457554645085014,0.6408085885854443,0.004946875923057019,0.8448379709274794,0.8440918845734577,0.0007460863540217355,0.6783814829394159,0.6768119779745362,0.001569504964879842,,,,,,,,,,0.7210220144583014,0.7159584400804215,0.005063574377879965,0.2775432101684468,0.2839942140445433,-0.006451003876096466,2
RBF_I,instance,severe,adwin,learned_features_label,0.6274543789191855,0.6299640667934897,-0.002509687874304204,0.6259446917669558,0.6285411491155731,-0.0025964573486173905,0.6410018309516411,0.6432159969453138,-0.0022141659936726343,0.6259746887147221,0.628401125397341,-0.002426436682618919,0.8325997864053681,0.8355666301555921,-0.0029668437502238243,0.6564962461343685,0.6616869914469993,-0.0051907453126307885,,,,,,,,,,0.7040793101687788,0.7492764486192341,-0.04519713845045533,0.30738105365122714,0.26185296805649694,0.04552808559473021,2
RBF_I,instance,severe,adwin,none,0.6300260691890368,0.6470584090748961,-0.01703233988585921,0.6296234109266065,0.6472167830643315,-0.0175933721377252,0.6394763816256791,0.6550076354880598,-0.015531253862380745,0.6291442616836275,0.6467380852435766,-0.017593823559949134,0.83437323930367,0.8450899180884116,-0.010716678784741474,0.6585473541036287,0.6804867339949485,-0.021939379891319704,,,,,,,,,,0.7356865673449073,0.7693916294741402,-0.03370506212923289,0.26352328954036336,0.22834892459397235,0.03517436494639101,2
RBF_I,instance,severe,d3_oof,learned_features,0.6425040512928909,0.6415824702318044,0.0009215810610864553,0.6421577977766963,0.6412186738644157,0.0009391239122806075,0.6509421517370705,0.6500591529634786,0.000882998773591844,0.6417040934767452,0.6408085885854443,0.0008955048913007838,0.844939732884054,0.8440918845734577,0.0008478483105962923,0.6784761241184708,0.6768119779745362,0.0016641461439346565,,,,,,,,,,0.7145097837055431,0.7159584400804215,-0.0014486563748784171,0.2852603102315839,0.2839942140445433,0.0012660961870405625,2
RBF_I,instance,severe,d3_oof,learned_features_label,0.629197491721271,0.6299640667934897,-0.000766575072218704,0.6277632997519214,0.6285411491155731,-0.0007778493636518095,0.6424200270800533,0.6432159969453138,-0.0007959698652605004,0.6276506181070896,0.628401125397341,-0.0007505072902514268,0.8350132878701918,0.8355666301555921,-0.0005533422854001971,0.6606127012657731,0.6616869914469993,-0.0010742901812260675,,,,,,,,,,0.7429444949675647,0.7492764486192341,-0.0063319536516696084,0.26818779946642035,0.26185296805649694,0.006334831409923432,2
RBF_I,instance,severe,d3_oof,none,0.642960614387374,0.6470584090748961,-0.004097794687522027,0.6428412790409891,0.6472167830643315,-0.004375504023342451,0.6527457551331576,0.6550076354880598,-0.0022618803549022313,0.6421199640948941,0.6467380852435766,-0.004618121148682504,0.8438355364763854,0.8450899180884116,-0.0012543816120261415,0.676078069563613,0.6804867339949485,-0.004408664431335474,,,,,,,,,,0.7246484362147823,0.7693916294741402,-0.04474319325935797,0.2741226912240909,0.22834892459397235,0.04577376663011853,2
RBF_I,instance,severe,hddm_w,learned_features,0.6308504192207427,0.6415824702318044,-0.010732051011061746,0.6306170579796563,0.6412186738644157,-0.01060161588475946,0.6395197590495443,0.6500591529634786,-0.010539393913934289,0.6298050805872047,0.6408085885854443,-0.01100350799823957,0.8352911144473736,0.8440918845734577,-0.008800770126084082,0.6574448492960046,0.6768119779745362,-0.01936712867853152,,,,,,,,,,0.6628348236160208,0.7159584400804215,-0.053123616464400704,0.3356122808794291,0.2839942140445433,0.05161806683488581,2
RBF_I,instance,severe,hddm_w,learned_features_label,0.6146847037271894,0.6299640667934897,-0.015279363066300289,0.6135294624500264,0.6285411491155731,-0.015011686665546827,0.6307771913398796,0.6432159969453138,-0.012438805605434164,0.6132837612123584,0.628401125397341,-0.015117364184982551,0.8323926013415908,0.8355666301555921,-0.003174028814001306,0.6522183426765181,0.6616869914469993,-0.009468648770481184,,,,,,,,,,0.6989488260045597,0.7492764486192341,-0.05032762261467442,0.3095786835249913,0.26185296805649694,0.047725715468494384,2
RBF_I,instance,severe,hddm_w,none,0.6148622560417106,0.6470584090748961,-0.03219615303318535,0.614544896510257,0.6472167830643315,-0.03267188655407464,0.6261862089274864,0.6550076354880598,-0.02882142656057333,0.6145293117343809,0.6467380852435766,-0.032208773509195744,0.8300566820394972,0.8450899180884116,-0.015033236048914303,0.6440430271825969,0.6804867339949485,-0.036443706812351616,,,,,,,,,,0.6904546591539287,0.7693916294741402,-0.07893697032021159,0.3091333890756334,0.22834892459397235,0.0807844644816611,2
RBF_I,instance,severe,hellinger,learned_features,0.6443627140139506,0.6415824702318044,0.002780243782146141,0.6440009089041567,0.6412186738644157,0.0027822350397410287,0.6516339484251755,0.6500591529634786,0.0015747954616969577,0.6437668601096121,0.6408085885854443,0.0029582715241678326,0.8434600571213458,0.8440918845734577,-0.0006318274521118772,0.6743184771781493,0.6768119779745362,-0.002493500796386735,,,,,,,,,,0.6847408984900576,0.7159584400804215,-0.0312175415903639,0.3139616386734654,0.2839942140445433,0.029967424628922063,2
RBF_I,instance,severe,hellinger,learned_features_label,0.6282449094624111,0.6299640667934897,-0.0017191573310787096,0.6278300170080221,0.6285411491155731,-0.0007111321075510638,0.6423566016781025,0.6432159969453138,-0.0008593952672112012,0.6273893499530595,0.628401125397341,-0.0010117754442814004,0.8359814044185381,0.8355666301555921,0.00041477426294600495,0.6605384961350002,0.6616869914469993,-0.0011484953119990464,,,,,,,,,,0.6947447067456028,0.7492764486192341,-0.0545317418736313,0.3158794388605438,0.26185296805649694,0.0540264708040469,2
RBF_I,instance,severe,hellinger,none,0.6322201085041922,0.6470584090748961,-0.014838300570703863,0.6313470804908097,0.6472167830643315,-0.0158697025735219,0.6429498190872501,0.6550076354880598,-0.012057816400809754,0.6297966164076297,0.6467380852435766,-0.01694146883594679,0.8348870475867639,0.8450899180884116,-0.010202870501647587,0.6607709172976622,0.6804867339949485,-0.01971581669728621,,,,,,,,,,0.7231303005379516,0.7693916294741402,-0.04626132893618862,0.2754008599031883,0.22834892459397235,0.04705193530921591,2
RBF_I,splice,moderate,adwin,learned_features,0.6498154161690922,0.6541740586924129,-0.004358642523320633,0.6483599909783013,0.6532888412089228,-0.004928850230621544,0.6516760744778044,0.6552694077927693,-0.0035933333149648825,0.6474932233948595,0.6528125180215915,-0.005319294626731937,0.8467371212500362,0.8526183182140622,-0.005881196964025966,0.688175787005389,0.7001687243618552,-0.011992937356466374,,,,,,,,,,0.5497914135206005,0.6668799657156237,-0.11708855219502323,0.32391454730772185,0.24638384160302418,0.07753070570469767,5
RBF_I,splice,moderate,adwin,learned_features_label,0.6598301298366623,0.6548417659160185,0.004988363920643835,0.6588262044379372,0.6533336282055622,0.005492576232375053,0.6610699084163467,0.6557573234131969,0.005312585003149757,0.6586974316194972,0.653774869919843,0.004922561699654364,0.8538490777441726,0.8525886813120311,0.0012603964321414862,0.7023438589488599,0.7014065415557321,0.0009373173931276716,,,,,,,,,,0.5918138119620108,0.6101807848163422,-0.018366972854331365,0.2728394324804357,0.24065254989710996,0.0321868825833257,5
RBF_I,splice,moderate,adwin,none,0.6611876811618428,0.6592207445791067,0.001966936582735982,0.6604292975160293,0.6590048500741807,0.001424447441848627,0.6618762280767464,0.6606079370587743,0.0012682910179720637,0.6604437199415968,0.658722269349799,0.0017214505917976612,0.8570283901586508,0.8560395196834021,0.0009888704752487227,0.7084708982133376,0.7057361904231237,0.002734707790214045,,,,,,,,,,0.6472169353886651,0.6652493599114492,-0.018032424522784047,0.24161305999035076,0.26214436951134923,-0.020531309520998447,5
RBF_I,splice,moderate,d3_oof,learned_features,0.6443424256363132,0.6541740586924129,-0.009831633056099612,0.6434363614968753,0.6532888412089228,-0.009852479712047538,0.6476735949728477,0.6552694077927693,-0.007595812819921499,0.6420464628554808,0.6528125180215915,-0.010766055166110547,0.8464303961128189,0.8526183182140622,-0.00618792210124323,0.6863301801159573,0.7001687243618552,-0.013838544245897958,,,,,,,,,,0.6485762228543197,0.6668799657156237,-0.018303742861303984,0.265964202033796,0.24638384160302418,0.019580360430771843,5
RBF_I,splice,moderate,d3_oof,learned_features_label,0.6454353719746247,0.6548417659160185,-0.009406393941393865,0.6436220781703527,0.6533336282055622,-0.009711550035209479,0.646480126983802,0.6557573234131969,-0.009277196429394952,0.6439045693664832,0.653774869919843,-0.009870300553359726,0.8465727616688126,0.8525886813120311,-0.006015919643218459,0.6880411374405994,0.7014065415557321,-0.013365404115132762,,,,,,,,,,0.6219160113042624,0.6101807848163422,0.011735226487920284,0.2583701380117193,0.24065254989710996,0.01771758811460934,5
RBF_I,splice,moderate,d3_oof,none,0.658814258723985,0.6592207445791067,-0.00040648585512178165,0.6585878810990996,0.6590048500741807,-0.0004169689750811815,0.6602126783973254,0.6606079370587743,-0.0003952586614488496,0.658313053190894,0.658722269349799,-0.0004092161589051753,0.8556816408824303,0.8560395196834021,-0.00035787880097189656,0.7052494888612405,0.7057361904231237,-0.0004867015618832034,,,,,,,,,,0.6595162622617387,0.6652493599114492,-0.005733097649710528,0.26427966459519314,0.26214436951134923,0.002135295083843932,5
RBF_I,splice,moderate,hddm_w,learned_features,0.6584861873155322,0.6541740586924129,0.004312128623119471,0.6576953059943728,0.6532888412089228,0.004406464785449889,0.6599490925876211,0.6552694077927693,0.004679684794851924,0.6573285527661112,0.6528125180215915,0.004516034744519744,0.8546151090892055,0.8526183182140622,0.0019967908751431875,0.7029723896814296,0.7001687243618552,0.002803665319574359,,,,,,,,,,0.611512093465411,0.6668799657156237,-0.055367872250212634,0.326041096110078,0.24638384160302418,0.07965725450705384,5
RBF_I,splice,moderate,hddm_w,learned_features_label,0.6136051715052032,0.6548417659160185,-0.04123659441081532,0.6111680510735328,0.6533336282055622,-0.0421655771320294,0.6147468324078202,0.6557573234131969,-0.041010491005376716,0.6114955827743764,0.653774869919843,-0.04227928714546655,0.8296731927121236,0.8525886813120311,-0.022915488599907552,0.6489093694922552,0.7014065415557321,-0.05249717206347689,,,,,,,,,,0.4938434508580376,0.6101807848163422,-0.11633733395830465,0.34454774021685486,0.24065254989710996,0.10389519031974488,5
RBF_I,splice,moderate,hddm_w,none,0.6476962291619319,0.6592207445791067,-0.011524515417174882,0.6461899389616863,0.6590048500741807,-0.012814911112494443,0.6479586932955431,0.6606079370587743,-0.012649243763231252,0.6466425668448551,0.658722269349799,-0.012079702504943945,0.8478756674714129,0.8560395196834021,-0.008163852211989231,0.6879268834286147,0.7057361904231237,-0.01780930699450885,,,,,,,,,,0.7046913521557241,0.6652493599114492,0.039441992244274915,0.2596952113810778,0.26214436951134923,-0.002449158130271365,5
RBF_I,splice,moderate,hellinger,learned_features,0.650753343492955,0.6541740586924129,-0.0034207151994577836,0.6497637513914872,0.6532888412089228,-0.0035250898174355636,0.6514717463713645,0.6552694077927693,-0.003797661421404771,0.6496820169358547,0.6528125180215915,-0.0031305010857367956,0.8495630721062256,0.8526183182140622,-0.0030552461078366586,0.6909544624709977,0.7001687243618552,-0.009214261890857611,,,,,,,,,,0.6520393114616859,0.6668799657156237,-0.014840654253937694,0.2882708094652838,0.24638384160302418,0.041886967862259615,5
RBF_I,splice,moderate,hellinger,learned_features_label,0.6333069700682058,0.6548417659160185,-0.021534795847812743,0.6323359967465884,0.6533336282055622,-0.02099763145897382,0.6356612453460938,0.6557573234131969,-0.02009607806710323,0.6328397382198545,0.653774869919843,-0.020935131699988434,0.8409106227729181,0.8525886813120311,-0.011678058539113042,0.6771863996629875,0.7014065415557321,-0.024220141892744424,,,,,,,,,,0.5995799619959762,0.6101807848163422,-0.01060082282036597,0.27775821900380265,0.24065254989710996,0.037105669106692725,5
RBF_I,splice,moderate,hellinger,none,0.659820858101382,0.6592207445791067,0.0006001135222752548,0.6585715393587167,0.6590048500741807,-0.0004333107154640044,0.6598646226441359,0.6606079370587743,-0.0007433144146383741,0.6592849234861107,0.658722269349799,0.0005626541363116244,0.856449222192211,0.8560395196834021,0.00040970250880885867,0.706225148119227,0.7057361904231237,0.0004889576961033167,,,,,,,,,,0.6407942724540717,0.6652493599114492,-0.024455087457377418,0.2388950139666746,0.26214436951134923,-0.023249355544674628,5
RBF_I,splice,severe,adwin,learned_features,0.6535638308839881,0.6546156708322303,-0.0010518399482420577,0.6523483077132396,0.6536006114597198,-0.0012523037464803322,0.6548125239836646,0.6558276240917307,-0.001015100108066121,0.6521478955211187,0.6534315263922933,-0.001283630871174631,0.8512422330043544,0.8508162385755978,0.00042599442875653387,0.6972631155519501,0.6959495677824656,0.0013135477694842985,,,,,,,,,,0.5919904933466388,0.6033797238587605,-0.01138923051212167,0.260722234073491,0.27238218393205954,-0.011659949858568497,6
RBF_I,splice,severe,adwin,learned_features_label,0.6334300064200914,0.646117208933871,-0.012687202513779602,0.6313977235476758,0.6444305457344296,-0.013032822186753798,0.6357611564051129,0.6481300712046244,-0.012368914799511521,0.6312840895486461,0.6440776185895474,-0.012793529040901253,0.8393954946340004,0.8479479135486973,-0.008552418914696935,0.6725595112983448,0.6917574390017652,-0.019197927703420475,,,,,,,,,,0.5628300183683904,0.5786868601110723,-0.015856841742681815,0.283881436439553,0.30993899060221625,-0.026057554162663237,6
RBF_I,splice,severe,adwin,none,0.650488664091713,0.6537790198063538,-0.003290355714640684,0.6491098906255027,0.653026306222975,-0.003916415597472171,0.6515296916206085,0.6550081939038963,-0.003478502283287832,0.648230132775204,0.6525871071313936,-0.004356974356189536,0.8505204044425074,0.8550413256968561,-0.004520921254348664,0.6902308889098112,0.7005303911086561,-0.010299502198844864,,,,,,,,,,0.5193867903390554,0.6712290688526003,-0.1518422785135448,0.28394004304220694,0.2508568660057826,0.03308317703642435,6
RBF_I,splice,severe,d3_oof,learned_features,0.6556303074754856,0.6546156708322303,0.0010146366432553326,0.6547584052481792,0.6536006114597198,0.0011577937884592975,0.6568655912159845,0.6558276240917307,0.001037967124253784,0.654527633589435,0.6534315263922933,0.0010961071971416676,0.8510336867395848,0.8508162385755978,0.0002174481639867961,0.6962422781801866,0.6959495677824656,0.0002927103977208301,,,,,,,,,,0.6202335140716655,0.6033797238587605,0.016853790212905045,0.26782956334144004,0.27238218393205954,-0.004552620590619468,6
RBF_I,splice,severe,d3_oof,learned_features_label,0.6483791004490571,0.646117208933871,0.0022618915151860395,0.646581131556936,0.6444305457344296,0.002150585822506416,0.6501145098057887,0.6481300712046244,0.0019844386011642623,0.6461008811295156,0.6440776185895474,0.002023262539968207,0.8496180184594951,0.8479479135486973,0.0016701049107978871,0.6939884356644583,0.6917574390017652,0.0022309966626929967,,,,,,,,,,0.6239477879889366,0.5786868601110723,0.04526092787786432,0.2746670164988892,0.30993899060221625,-0.03527197410332703,6
RBF_I,splice,severe,d3_oof,none,0.6536213564472392,0.6537790198063538,-0.00015766335911452747,0.6527450294083988,0.653026306222975,-0.0002812768145760887,0.6548123805562529,0.6550081939038963,-0.0001958133476433662,0.6521755320435277,0.6525871071313936,-0.00041157508786578606,0.8551079035602914,0.8550413256968561,6.657786343537235e-05,0.7000187697329889,0.7005303911086561,-0.0005116213756671447,,,,,,,,,,0.6764063775717283,0.6712290688526003,0.0051773087191281,0.23649530267782534,0.2508568660057826,-0.014361563327957285,6
RBF_I,splice,severe,hddm_w,learned_features,0.6074562109898801,0.6546156708322303,-0.04715945984235007,0.6047446088126832,0.6536006114597198,-0.048856002647036635,0.6082103476708499,0.6558276240917307,-0.04761727642088084,0.6038264050140594,0.6534315263922933,-0.04960512137823395,0.8226013562938231,0.8508162385755978,-0.028214882281774673,0.6362760738314786,0.6959495677824656,-0.05967349395098712,,,,,,,,,,0.5284834450647852,0.6033797238587605,-0.07489627879397524,0.3301706393654557,0.27238218393205954,0.05778845543339619,6
RBF_I,splice,severe,hddm_w,learned_features_label,0.6043883198419063,0.646117208933871,-0.041728889091964816,0.6022286231873456,0.6444305457344296,-0.04220192254708399,0.6061173537911351,0.6481300712046244,-0.04201271741348933,0.6022117552156571,0.6440776185895474,-0.041865863373890345,0.8232506915954755,0.8479479135486973,-0.024697221953221844,0.6388657707557012,0.6917574390017652,-0.05289166824606406,,,,,,,,,,0.5101343055222974,0.5786868601110723,-0.06855255458877484,0.3062535930423436,0.30993899060221625,-0.0036853975598726088,6
RBF_I,splice,severe,hddm_w,none,0.6283675678050973,0.6537790198063538,-0.025411452001256496,0.6255380859675463,0.653026306222975,-0.027488220255428557,0.6300905103754332,0.6550081939038963,-0.02491768352846317,0.6239508315370423,0.6525871071313936,-0.028636275594351262,0.8347990646387208,0.8550413256968561,-0.02024226105813524,0.6601092209769712,0.7005303911086561,-0.04042117013168486,,,,,,,,,,0.5274034916345278,0.6712290688526003,-0.1438255772180724,0.3062730207786127,0.2508568660057826,0.055416154772830094,6
RBF_I,splice,severe,hellinger,learned_features,0.6601356740322039,0.6546156708322303,0.0055200031999736625,0.659336260628704,0.6536006114597198,0.005735649168984058,0.6615918689444199,0.6558276240917307,0.005764244852689153,0.6589933148906691,0.6534315263922933,0.0055617884983757415,0.8547310298688305,0.8508162385755978,0.003914791293232615,0.7051531231164514,0.6959495677824656,0.009203555333985758,,,,,,,,,,0.640001523477837,0.6033797238587605,0.03662179961907652,0.25672018595834434,0.27238218393205954,-0.015661997973715203,6
RBF_I,splice,severe,hellinger,learned_features_label,0.6436130643577149,0.646117208933871,-0.0025041445761561456,0.6417213817672514,0.6444305457344296,-0.002709163967178204,0.6462159168196707,0.6481300712046244,-0.0019141543849537184,0.6409058927828432,0.6440776185895474,-0.0031717258067042176,0.8470864406608475,0.8479479135486973,-0.0008614728878497679,0.68784700120208,0.6917574390017652,-0.003910437799685289,,,,,,,,,,0.6226020427687908,0.5786868601110723,0.04391518265771858,0.2587150821048232,0.30993899060221625,-0.05122390849739301,6
RBF_I,splice,severe,hellinger,none,0.6508579452718098,0.6537790198063538,-0.0029210745345438958,0.6499008980786268,0.653026306222975,-0.0031254081443480666,0.6540005395593201,0.6550081939038963,-0.001007654344576207,0.6483141693417419,0.6525871071313936,-0.004272937789651654,0.8506639151207095,0.8550413256968561,-0.00437741057614649,0.6918182125471946,0.7005303911086561,-0.008712178561461595,,,,,,,,,,0.6057163170064772,0.6712290688526003,-0.06551275184612297,0.24317745051021347,0.2508568660057826,-0.007679415495569118,6
SEA_A,clean,none,adwin,learned_features,0.9247502289861199,0.9013147326146692,0.023435496371450704,0.9181392439249852,0.8913071653336884,0.026832078591296955,0.9253578194008947,0.9052800566663913,0.020077762734503384,0.9123766047659615,0.8819066365436944,0.03046996822226718,0.9352478241973637,0.9301010139438888,0.005146810253475113,0.9208405743321263,0.9143633558268093,0.00647721850531698,,,,,,,,,,,,,0.15666596209399,0.12999647713661658,0.0266694849573734,0
SEA_A,clean,none,adwin,learned_features_label,0.9264087930670049,0.9019291199887268,0.02447967307827814,0.9200735474346676,0.8918750693633202,0.028198478071347417,0.9264275979264429,0.9063988454084645,0.020028752517978494,0.9148853778919653,0.8822297731521612,0.03265560473980411,0.933925796703619,0.927679729959671,0.006246066743947935,0.9211709781152994,0.9135539832970389,0.00761699481826054,,,,,,,,,,,,,0.1309518776861833,0.12080462199675894,0.010147255689424378,0
SEA_A,clean,none,adwin,none,0.9252208835341365,0.9026985133516522,0.022522370182484226,0.9186538064731881,0.8929121581504473,0.02574164832274073,0.9258741856578095,0.9064700213953153,0.01940416426249436,0.9128879577118294,0.8836935156466538,0.02919444206517559,0.9356007303695543,0.9302991627693825,0.005301567600171901,0.9218996119367316,0.9144662331789619,0.007433378757769653,,,,,,,,,,,,,0.15796519410977236,0.08835341365461845,0.06961178045515394,0
SEA_A,clean,none,d3_oof,learned_features,0.9122637920101457,0.9013147326146692,0.010949059395476598,0.903868298165779,0.8913071653336884,0.012561132832090557,0.9146872917788259,0.9052800566663913,0.009407235112434723,0.8962341825592398,0.8819066365436944,0.014327546015545423,0.9325125533100711,0.9301010139438888,0.002411539366182325,0.9175966507070421,0.9143633558268093,0.0032332948802328287,,,,,,,,,,,,,0.14529979567392373,0.12999647713661658,0.01530331853730714,0
SEA_A,clean,none,d3_oof,learned_features_label,0.9019291199887268,0.9019291199887268,0.0,0.8918750693633202,0.8918750693633202,0.0,0.9063988454084645,0.9063988454084645,0.0,0.8822297731521612,0.8822297731521612,0.0,0.927679729959671,0.927679729959671,0.0,0.9135539832970389,0.9135539832970389,0.0,,,,,,,,,,,,,0.12080462199675894,0.12080462199675894,0.0,0
SEA_A,clean,none,d3_oof,none,0.914132318748679,0.9026985133516522,0.01143380539702669,0.9058839400497821,0.8929121581504473,0.012971781899334752,0.9169329010086935,0.9064700213953153,0.010462879613378292,0.8979787872560623,0.8836935156466538,0.014285271609408623,0.9326803824494068,0.9302991627693825,0.00238121968002436,0.9181741787560976,0.9144662331789619,0.0037079455771357925,,,,,,,,,,,,,0.10575635876840694,0.08835341365461845,0.017402945113788496,0
SEA_A,clean,none,hddm_w,learned_features,0.9074966532797859,0.9013147326146692,0.006181920665116618,0.8985837262944009,0.8913071653336884,0.00727656096071246,0.909648273562527,0.9052800566663913,0.004368216896135683,0.8909497756152893,0.8819066365436944,0.009043139071594855,0.9316281810637549,0.9301010139438888,0.001527167119866076,0.9160110895189374,0.9143633558268093,0.0016477336921281542,,,,,,,,,,,,,0.13258789544141478,0.12999647713661658,0.002591418304798171,0
SEA_A,clean,none,hddm_w,learned_features_label,0.9019291199887268,0.9019291199887268,0.0,0.8918750693633202,0.8918750693633202,0.0,0.9063988454084645,0.9063988454084645,0.0,0.8822297731521612,0.8822297731521612,0.0,0.927679729959671,0.927679729959671,0.0,0.9135539832970389,0.9135539832970389,0.0,,,,,,,,,,,,,0.12080462199675894,0.12080462199675894,0.0,0
SEA_A,clean,none,hddm_w,none,0.9153695483689143,0.9026985133516522,0.012671035017261967,0.9077793711028255,0.8929121581504473,0.014867212952378065,0.9154422068662075,0.9064700213953153,0.008972185470892255,0.9020816939094978,0.8836935156466538,0.018388178262844,0.9336867823996066,0.9302991627693825,0.003387619630224122,0.9183652771093859,0.9144662331789619,0.003899043930423988,,,,,,,,,,,,,0.09638554216867468,0.08835341365461845,0.008032128514056228,0
SEA_A,clean,none,hellinger,learned_features,0.9194687522017896,0.9013147326146692,0.018154019587120485,0.9123213946912293,0.8913071653336884,0.0210142293575409,0.9198396089436901,0.9052800566663913,0.014559552277298845,0.9066272791865848,0.8819066365436944,0.024720642642890384,0.9343374115369771,0.9301010139438888,0.004236397593088322,0.9197674570142221,0.9143633558268093,0.005404101187412895,,,,,,,,,,,,,0.15021489466638477,0.12999647713661658,0.020218417529768176,0
SEA_A,clean,none,hellinger,learned_features_label,0.9093059959134785,0.9019291199887268,0.007376875924751743,0.9002363752502408,0.8918750693633202,0.008361305886920634,0.9129497871308759,0.9063988454084645,0.006550941722411478,0.8916331238376406,0.8822297731521612,0.00940335068547915,0.9297726631646269,0.927679729959671,0.002092933204955886,0.9158217575145393,0.9135539832970389,0.002267774217500388,,,,,,,,,,,,,0.11827661523286122,0.12080462199675894,-0.002528006763897699,0
SEA_A,clean,none,hellinger,none,0.9135376594095681,0.9026985133516522,0.010839146057915916,0.9053449555045777,0.8929121581504473,0.012432797354130462,0.9156654528574117,0.9064700213953153,0.009195431462096523,0.8978521998848819,0.8836935156466538,0.014158684238228117,0.9324009320926298,0.9302991627693825,0.002101769323247312,0.9183708099368193,0.9144662331789619,0.003904576757857455,,,,,,,,,,,,,0.1191432396251673,0.08835341365461845,0.030789825970548867,0
SEA_A,concept,moderate,adwin,learned_features,0.9141348251185165,0.8989442849433923,0.015190540175124223,0.9066895040403734,0.8887824717193835,0.01790703232098989,0.9134420586452919,0.9025163276064682,0.01092573103882366,0.9012952726150347,0.8795410955516433,0.021754177063391406,0.9286899123052302,0.9263002359898856,0.002389676315344517,0.9149555856957305,0.9108712488660141,0.004084336829716502,,,,,,,,,,0.6207318887998611,0.8774781024035699,-0.2567462136037088,0.31659452394698534,0.1118788304174624,0.2047156935295229,3
SEA_A,concept,moderate,adwin,learned_features_label,0.9195720607711185,0.9021360718330262,0.017435988938092284,0.9124328210387191,0.8924191059269325,0.020013715111786585,0.9200892339777403,0.9055596575744058,0.014529576403334632,0.9066483432807887,0.8834299884345712,0.02321835484621741,0.9327664365456768,0.9291766739938572,0.003589762551819605,0.9190518409391079,0.9152548654078463,0.0037969755312616074,,,,,,,,,,0.4865167665195183,0.5383450948923323,-0.05182832837281389,0.17128612289832165,0.12347136581882369,0.04781475707949797,3
SEA_A,concept,moderate,adwin,none,0.9142588888906004,0.9003359491323301,0.013922939758270303,0.9068801018660566,0.8903721761420287,0.01650792572402789,0.9133243828163539,0.9038386720789973,0.009485710737356526,0.9016805584348807,0.8812440636957827,0.020436494739097883,0.9297731326909601,0.9279834993756809,0.0017896333152792228,0.9159611191022821,0.9127220433203277,0.0032390757819543334,,,,,,,,,,0.6562580778182813,0.8403035439401915,-0.18404546612191008,0.28736450761143617,0.11353425912850927,0.1738302484829269,3
SEA_A,concept,moderate,d3_oof,learned_features,0.9036346345798125,0.8989442849433923,0.00469034963642027,0.8943361315916666,0.8887824717193835,0.00555365987228303,0.9057036739025609,0.9025163276064682,0.0031873462960928154,0.8865289851077297,0.8795410955516433,0.00698788955608635,0.928669855033446,0.9263002359898856,0.002369619043560367,0.9145563706841267,0.9108712488660141,0.0036851218181125724,,,,,,,,,,0.8358183142680424,0.8774781024035699,-0.041659788135527474,0.1313739354270548,0.1118788304174624,0.0194951050095924,3
SEA_A,concept,moderate,d3_oof,learned_features_label,0.9067865385598046,0.9021360718330262,0.0046504667267782684,0.897815149471981,0.8924191059269325,0.005396043545048486,0.9090864754378706,0.9055596575744058,0.0035268178634647596,0.88986683048876,0.8834299884345712,0.006436842054188707,0.928731980213838,0.9291766739938572,-0.0004446937800192859,0.9149979287220741,0.9152548654078463,-0.0002569366857721282,,,,,,,,,,0.52152769606984,0.5383450948923323,-0.016817398822492263,0.13342930029500136,0.12347136581882369,0.009957934476177668,3
SEA_A,concept,moderate,d3_oof,none,0.8998664235025352,0.9003359491323301,-0.00046952562979481655,0.889813988886377,0.8903721761420287,-0.0005581872556517098,0.9034948536021549,0.9038386720789973,-0.00034381847684239464,0.8805909921124098,0.8812440636957827,-0.0006530715833729847,0.9277787499520508,0.9279834993756809,-0.00020474942363002402,0.9122201494095098,0.9127220433203277,-0.0005018939108179706,,,,,,,,,,0.8422022662777712,0.8403035439401915,0.0018987223375797058,0.10914261834382079,0.11353425912850927,-0.004391640784688469,3
SEA_A,concept,moderate,hddm_w,learned_features,0.9130221319806684,0.8989442849433923,0.014077847037276103,0.9056212080665818,0.8887824717193835,0.016838736347198235,0.9115038554862608,0.9025163276064682,0.008987527879792548,0.900841684574528,0.8795410955516433,0.021300589022884713,0.9281684082835424,0.9263002359898856,0.0018681722936568779,0.913673274042312,0.9108712488660141,0.0028020251762979433,,,,,,,,,,0.6553956675201774,0.8774781024035699,-0.22208243488339238,0.3031275381916842,0.1118788304174624,0.19124870777422176,3
SEA_A,concept,moderate,hddm_w,learned_features_label,0.9021360718330262,0.9021360718330262,0.0,0.8924191059269325,0.8924191059269325,0.0,0.9055596575744058,0.9055596575744058,0.0,0.8834299884345712,0.8834299884345712,0.0,0.9291766739938572,0.9291766739938572,0.0,0.9152548654078463,0.9152548654078463,0.0,,,,,,,,,,0.5383450948923323,0.5383450948923323,0.0,0.12347136581882369,0.12347136581882369,0.0,3
SEA_A,concept,moderate,hddm_w,none,0.9152890779222796,0.9003359491323301,0.014953128789949588,0.9080907353879318,0.8903721761420287,0.01771855924590308,0.9140389974068691,0.9038386720789973,0.010200325327871814,0.903237523179039,0.8812440636957827,0.0219934594832563,0.9298991378792104,0.9279834993756809,0.0019156385035294932,0.9157836630721166,0.9127220433203277,0.003061619751788869,,,,,,,,,,0.6741072978796843,0.8403035439401915,-0.16619624606050712,0.27161771983203775,0.11353425912850927,0.15808346070352847,3
SEA_A,concept,moderate,hellinger,learned_features,0.9094614783575188,0.8989442849433923,0.010517193414126528,0.9006936674990369,0.8887824717193835,0.011911195779653308,0.912736282233928,0.9025163276064682,0.010219954627459763,0.8922468409965174,0.8795410955516433,0.012705745444874092,0.9297410190470003,0.9263002359898856,0.003440783057114668,0.9157030663062788,0.9108712488660141,0.004831817440264767,,,,,,,,,,0.7661775913104557,0.8774781024035699,-0.11130051109311408,0.20589889005028394,0.1118788304174624,0.09402005963282152,3
SEA_A,concept,moderate,hellinger,learned_features_label,0.9102426111301721,0.9021360718330262,0.008106539297145813,0.9017195755963353,0.8924191059269325,0.009300469669402678,0.9123968393908176,0.9055596575744058,0.006837181816411871,0.894125628300032,0.8834299884345712,0.010695639865460738,0.9314815548512497,0.9291766739938572,0.002304880857392518,0.9177566759314758,0.9152548654078463,0.002501810523629522,,,,,,,,,,0.541860280494132,0.5383450948923323,0.00351518560179979,0.117754663495325,0.12347136581882369,-0.005716702323498704,3
SEA_A,concept,moderate,hellinger,none,0.9095054255330358,0.9003359491323301,0.00916947640070583,0.9012600897589832,0.8903721761420287,0.010887913616954478,0.9099933797995611,0.9038386720789973,0.00615470772056385,0.8946930157040893,0.8812440636957827,0.013448952008306573,0.9277285482043419,0.9279834993756809,-0.0002549511713390018,0.9116481438345937,0.9127220433203277,-0.0010738994857339978,,,,,,,,,,0.806752230392371,0.8403035439401915,-0.03355131354782037,0.12492048959172437,0.11353425912850927,0.011386230463215125,3
SEA_A,concept,severe,adwin,learned_features,0.9096531204191939,0.898957429437214,0.010695690981980052,0.9018252473795346,0.8886769042439314,0.013148343135603239,0.9086414833316021,0.9033685028977222,0.005272980433879915,0.896404913127423,0.8789848381811433,0.01742007494627969,0.9270648241534366,0.9248607707711604,0.00220405338227625,0.9137793600309623,0.909220543024578,0.004558817006384386,,,,,,,,,,0.6475426931847332,0.8116556231432271,-0.1641129299584938,0.29279128785535796,0.1745059147149213,0.11828537314043668,4
SEA_A,concept,severe,adwin,learned_features_label,0.9205498981152062,0.9007188588594386,0.019831039255767718,0.9136229180655892,0.8908870547419746,0.02273586332361462,0.9208575741676199,0.9040942606207136,0.016763313546906262,0.907906345444153,0.8818903423022298,0.026016003141923354,0.9338715145044837,0.9303587276986983,0.0035127868057854097,0.9209416107103502,0.9158858052076644,0.005055805502685695,,,,,,,,,,0.5055790256749344,0.5382330368367669,-0.03265401116183251,0.17715414129027054,0.11963522633273689,0.05751891495753363,4
SEA_A,concept,severe,adwin,none,0.915226924575542,0.9014696522173393,0.013757272358202566,0.9082813928821373,0.8914647871458402,0.016816605736297063,0.9128838904157165,0.9060167429037375,0.006867147511978922,0.9043734071001328,0.8818388257223441,0.022534581377788594,0.9279021082978188,0.9254778687451436,0.0024242395526753815,0.9130193628157643,0.9100971181084826,0.0029222447072818256,,,,,,,,,,0.6533612222267028,0.8067881511040812,-0.15342692887737844,0.27166670871287374,0.1532963202383065,0.11837038847456727,4
SEA_A,concept,severe,d3_oof,learned_features,0.9140199740762505,0.898957429437214,0.01506254463903652,0.9065843578463745,0.8886769042439314,0.017907453602443207,0.9133912799816519,0.9033685028977222,0.010022777083929735,0.901240593368017,0.8789848381811433,0.022255755186873727,0.9295044750977796,0.9248607707711604,0.004643704326619276,0.9140770250999685,0.909220543024578,0.004856482075390541,,,,,,,,,,0.7371901317714835,0.8116556231432271,-0.07446549137174359,0.2038650645228063,0.1745059147149213,0.029359149807885027,4
SEA_A,concept,severe,d3_oof,learned_features_label,0.9079671582751714,0.9007188588594386,0.007248299415732869,0.8993753106204389,0.8908870547419746,0.00848825587846432,0.9093534250371991,0.9040942606207136,0.005259164416485403,0.8923503183390569,0.8818903423022298,0.010459976036827098,0.9308990041589235,0.9303587276986983,0.000540276460225179,0.9163935874131974,0.9158858052076644,0.0005077822055330102,,,,,,,,,,0.5325825584819707,0.5382330368367669,-0.0056504783547961885,0.12878215869511425,0.11963522633273689,0.009146932362377366,4
SEA_A,concept,severe,d3_oof,none,0.9110641785288657,0.9014696522173393,0.009594526311526427,0.9027774114799442,0.8914647871458402,0.011312624334103996,0.9131402867496655,0.9060167429037375,0.0071235438459279115,0.8953449927040342,0.8818388257223441,0.013506166981690085,0.9258034924803703,0.9254778687451436,0.00032562373522678395,0.9104602788526236,0.9100971181084826,0.00036316074414088906,,,,,,,,,,0.7296994454205223,0.8067881511040812,-0.07708870568355881,0.1989502276677145,0.1532963202383065,0.045653907429407975,4
SEA_A,concept,severe,hddm_w,learned_features,0.9121743416031888,0.898957429437214,0.013216912165974834,0.9047910660156311,0.8886769042439314,0.016114161771699775,0.9105103227680402,0.9033685028977222,0.00714181987031796,0.9001416596657078,0.8789848381811433,0.021156821484564586,0.9275718521665354,0.9248607707711604,0.0027110813953750146,0.9132220331133959,0.909220543024578,0.004001490088818005,,,,,,,,,,0.6757508256748133,0.8116556231432271,-0.13590479746841386,0.26987092062723544,0.1745059147149213,0.09536500591231416,4
SEA_A,concept,severe,hddm_w,learned_features_label,0.9028694102494131,0.9007188588594386,0.00215055138997459,0.8935194905566385,0.8908870547419746,0.0026324358146639915,0.9052380437810994,0.9040942606207136,0.0011437831603857325,0.8853056631175417,0.8818903423022298,0.0034153208153118917,0.930545058868289,0.9303587276986983,0.0001863311695907329,0.9156590051665074,0.9158858052076644,-0.0002268000411569752,,,,,,,,,,0.5306116413257405,0.5382330368367669,-0.007621395511026437,0.12719854569752673,0.11963522633273689,0.007563319364789832,4
SEA_A,concept,severe,hddm_w,none,0.9176503742770263,0.9014696522173393,0.016180722059687052,0.9110515143529794,0.8914647871458402,0.019586727207139127,0.9149216153042984,0.9060167429037375,0.008904872400560815,0.9077106374492899,0.8818388257223441,0.02587181172694571,0.9302602202773946,0.9254778687451436,0.004782351532251187,0.9152805910553355,0.9100971181084826,0.005183472946852989,,,,,,,,,,0.6337514603606085,0.8067881511040812,-0.17303669074347272,0.2972673730303959,0.1532963202383065,0.14397105279208944,4
SEA_A,concept,severe,hellinger,learned_features,0.9068400957774143,0.898957429437214,0.007882666340200331,0.8983926410351223,0.8886769042439314,0.00971573679119094,0.9072541759801753,0.9033685028977222,0.003885673082453134,0.8917347386090877,0.8789848381811433,0.012749900427944475,0.9230846562233433,0.9248607707711604,-0.0017761145478170093,0.9081539498612753,0.909220543024578,-0.0010665931633026353,,,,,,,,,,0.7129095692761863,0.8116556231432271,-0.09874605386704087,0.2431307625934396,0.1745059147149213,0.0686248478785183,4
SEA_A,concept,severe,hellinger,learned_features_label,0.9201979816899614,0.9007188588594386,0.019479122830522815,0.9133257188705842,0.8908870547419746,0.022438664128609658,0.9201116330539726,0.9040942606207136,0.01601737243325896,0.9079411120689213,0.8818903423022298,0.026050769766691444,0.9332239081403423,0.9303587276986983,0.0028651804416439663,0.9196214879829884,0.9158858052076644,0.0037356827753238786,,,,,,,,,,0.5349234185780001,0.5382330368367669,-0.0033096182587668554,0.14004093333991666,0.11963522633273689,0.02040570700717977,4
SEA_A,concept,severe,hellinger,none,0.9138868648716999,0.9014696522173393,0.012417212654360577,0.9066505642613446,0.8914647871458402,0.015185777115504395,0.9123297847171354,0.9060167429037375,0.006313041813397795,0.9020042226398948,0.8818388257223441,0.020165396917550555,0.9287099930723258,0.9254778687451436,0.0032321243271824507,0.913873582677641,0.9100971181084826,0.0037764645691583665,,,,,,,,,,0.6960001830838639,0.8067881511040812,-0.11078796802021722,0.24306566736140026,0.1532963202383065,0.08976934712309377,4
SEA_A,instance,moderate,adwin,learned_features,0.9196293947720707,0.8958979778764179,0.023731416895652835,0.9128202590397625,0.885018926459758,0.02780133258000439,0.9184112113357398,0.9005624931306192,0.017848718205120573,0.9081928380320515,0.8749347763924017,0.033258061639649804,0.9329673593429292,0.9257903547802399,0.007177004562689326,0.9187465057670581,0.9106734995519975,0.008073006215060649,,,,,,,,,,0.8091210888492378,0.8587496822466333,-0.04962859339739537,0.19244903930330015,0.142877174343263,0.04957186496003716,1
SEA_A,instance,moderate,adwin,learned_features_label,0.9226463749735786,0.9015120129641373,0.02113436200944126,0.915974848636468,0.8915783186178968,0.024396530018571377,0.9223473174681706,0.9052070732045591,0.017140244263611642,0.910796953242369,0.8823513830472042,0.028445570195164804,0.933832622691584,0.9298287650042424,0.004003857687341424,0.9210955832052733,0.9157488737050686,0.005346709500204587,,,,,,,,,,0.20882164485743906,0.2202777218770412,-0.011456077019602134,0.14584547635427947,0.10158566754673615,0.04425980880754333,1
SEA_A,instance,moderate,adwin,none,0.91999577256394,0.898332981046995,0.02166279151694502,0.9135469849867622,0.8879800449036921,0.02556694008307007,0.9171722463859443,0.9020740037222098,0.01509824266373446,0.9103617494509054,0.8785522715155504,0.03180947793535516,0.9336028221374472,0.927090342849802,0.006512479287645201,0.9189703598378586,0.9114727279039729,0.007497631933885603,,,,,,,,,,0.8655842579115189,0.9069276067899431,-0.04134334887842409,0.1353477526828836,0.0922454192198105,0.04310233346307309,1
SEA_A,instance,moderate,d3_oof,learned_features,0.9044416261537377,0.8958979778764179,0.008543648277319757,0.8951405697870305,0.885018926459758,0.010121643327272353,0.9063922912208583,0.9005624931306192,0.005829798090239128,0.8875869213819767,0.8749347763924017,0.012652144989575046,0.9269822039060586,0.9257903547802399,0.0011918491258187485,0.9121032753396855,0.9106734995519975,0.0014297757876881034,,,,,,,,,,0.7602017893055558,0.8587496822466333,-0.09854789294107753,0.24204132696154027,0.142877174343263,0.09916415261827727,1
SEA_A,instance,moderate,d3_oof,learned_features_label,0.9086000140914535,0.9015120129641373,0.007088001127316261,0.8996867475425524,0.8915783186178968,0.008108428924655686,0.9112118936737185,0.9052070732045591,0.006004820469159585,0.8916928873658326,0.8823513830472042,0.009341504318628272,0.9304610771838986,0.9298287650042424,0.0006323121796561285,0.9169194530308894,0.9157488737050686,0.001170579325820727,,,,,,,,,,0.2183993927489223,0.2202777218770412,-0.00187832912811887,0.1106540997782508,0.10158566754673615,0.009068432231514665,1
SEA_A,instance,moderate,d3_oof,none,0.9117494539561756,0.898332981046995,0.01341647290918054,0.903861471644321,0.8879800449036921,0.01588142674062883,0.9113888584893632,0.9020740037222098,0.009314854767153399,0.8983804946255761,0.8785522715155504,0.019828223110025706,0.9310362399301958,0.927090342849802,0.003945897080393797,0.9159347002864253,0.9114727279039729,0.004461972382452384,,,,,,,,,,0.883060188658385,0.9069276067899431,-0.023867418131558054,0.11638235278149005,0.0922454192198105,0.024136933561679536,1
SEA_A,instance,moderate,hddm_w,learned_features,0.9209835834566337,0.8958979778764179,0.025085605580215626,0.9144437390337772,0.885018926459758,0.02942481257401904,0.9191230920615223,0.9005624931306192,0.018560598930903116,0.9104589759635789,0.8749347763924017,0.03552419957117714,0.9338737346206175,0.9257903547802399,0.008083379840377733,0.9202761619275749,0.9106734995519975,0.009602662375577498,,,,,,,,,,0.7729924661332669,0.8587496822466333,-0.08575721611336636,0.22641698916611017,0.142877174343263,0.08353981482284716,1
SEA_A,instance,moderate,hddm_w,learned_features_label,0.9015120129641373,0.9015120129641373,0.0,0.8915783186178968,0.8915783186178968,0.0,0.9052070732045591,0.9052070732045591,0.0,0.8823513830472042,0.8823513830472042,0.0,0.9298287650042424,0.9298287650042424,0.0,0.9157488737050686,0.9157488737050686,0.0,,,,,,,,,,0.2202777218770412,0.2202777218770412,0.0,0.10158566754673615,0.10158566754673615,0.0,1
SEA_A,instance,moderate,hddm_w,none,0.9211794546607482,0.898332981046995,0.02284647361375321,0.9146868149716668,0.8879800449036921,0.026706770067974766,0.9191776258642301,0.9020740037222098,0.017103622142020363,0.9108571635328168,0.8785522715155504,0.03230489201726642,0.9332865582162418,0.927090342849802,0.00619621536643981,0.9191297196219356,0.9114727279039729,0.007656991717962598,,,,,,,,,,0.79828318290923,0.9069276067899431,-0.10864442388071323,0.20221777024712484,0.0922454192198105,0.10997235102731434,1
SEA_A,instance,moderate,hellinger,learned_features,0.9156316494046361,0.8958979778764179,0.019733671528218106,0.9085009098340358,0.885018926459758,0.023481983374277687,0.9139834849987437,0.9005624931306192,0.013420991868124435,0.9040531256562194,0.8749347763924017,0.029118349263817695,0.9309155861368561,0.9257903547802399,0.005125231356616282,0.9164528097137966,0.9106734995519975,0.005779310161799223,,,,,,,,,,0.7958049781185722,0.8587496822466333,-0.06294470412806112,0.20510039501630528,0.142877174343263,0.06222322067304226,1
SEA_A,instance,moderate,hellinger,learned_features_label,0.9204001972803494,0.9015120129641373,0.01888818431621216,0.9137526780336126,0.8915783186178968,0.022174359415715956,0.9187695592703972,0.9052070732045591,0.013562486065838134,0.9095249310877138,0.8823513830472042,0.027173548040509494,0.9334985857880566,0.9298287650042424,0.0036698207838140595,0.9198028962212615,0.9157488737050686,0.004054022516192875,,,,,,,,,,0.21414444415599632,0.2202777218770412,-0.006133277721044865,0.12461585683151527,0.10158566754673615,0.023030189284779127,1
SEA_A,instance,moderate,hellinger,none,0.9102783062072852,0.898332981046995,0.011945325160290196,0.9017211828225498,0.8879800449036921,0.013741137918857671,0.9122607579755299,0.9020740037222098,0.010186754253320052,0.8943085760732626,0.8785522715155504,0.015756304557712264,0.9298317905852169,0.927090342849802,0.0027414477354149223,0.9150052755919438,0.9114727279039729,0.003532547687970844,,,,,,,,,,0.8736486268712041,0.9069276067899431,-0.033278979918738925,0.1241696992811459,0.0922454192198105,0.0319242800613354,1
SEA_A,instance,severe,adwin,learned_features,0.9181286549707602,0.9009398999506798,0.017188755020080437,0.9111740379899474,0.8905662512979767,0.020607786691970793,0.9168382923857994,0.9062741954784466,0.010564096907352827,0.9064990965393743,0.8804034688421677,0.026095627697206563,0.9315128742231612,0.9264164269272644,0.005096447295896682,0.9174476814663272,0.9109864238303458,0.006461257635981414,,,,,,,,,,0.6597800112624085,0.7780390603794883,-0.11825904911707978,0.34135779361351704,0.2229512713830316,0.11840652223048538,2
SEA_A,instance,severe,adwin,learned_features_label,0.9154597336715282,0.9006101599379975,0.01484957373353061,0.9083148003146956,0.8909714947651768,0.01734330554951861,0.9137401926673604,0.9024425985198112,0.01129759414754905,0.9038069429941347,0.8828475437709621,0.02095939922317251,0.932307996881626,0.9297796174992992,0.0025283793823268987,0.9188528790926949,0.9157130063367812,0.003139872755913505,,,,,,,,,,0.20332417238779,0.2124649160311353,-0.0091407436433453,0.175704267356936,0.13884107505349286,0.03686319230344316,2
SEA_A,instance,severe,adwin,none,0.9132671035017261,0.8997336715282181,0.013533431973508092,0.9053861687882282,0.8892376915305457,0.016148477257682464,0.9137519034792323,0.9050010287607297,0.008750874718502555,0.8991716098827509,0.879012692184549,0.020158917698201956,0.9300418196485913,0.925517610526477,0.004524209122114338,0.9148525460280387,0.9095254281351991,0.00532711789283961,,,,,,,,,,0.7626211543502994,0.8385145504888872,-0.07589339613858777,0.23859089432393052,0.16214780077465885,0.07644309354927166,2
SEA_A,instance,severe,d3_oof,learned_features,0.9068836750510815,0.9009398999506798,0.0059437751004016715,0.8976675304587047,0.8905662512979767,0.007101279160728113,0.9100202401673386,0.9062741954784466,0.0037460446888920584,0.8892412488121423,0.8804034688421677,0.008837779969974554,0.928675764697958,0.9264164269272644,0.0022593377706934628,0.9143622549922389,0.9109864238303458,0.003375831161893069,,,,,,,,,,0.7624451428502392,0.7780390603794883,-0.015593917529249138,0.23819306368539991,0.2229512713830316,0.015241792302368301,2
SEA_A,instance,severe,d3_oof,learned_features_label,0.9006101599379975,0.9006101599379975,0.0,0.8909714947651768,0.8909714947651768,0.0,0.9024425985198112,0.9024425985198112,0.0,0.8828475437709621,0.8828475437709621,0.0,0.9297796174992992,0.9297796174992992,0.0,0.9157130063367812,0.9157130063367812,0.0,,,,,,,,,,0.2124649160311353,0.2124649160311353,0.0,0.13884107505349286,0.13884107505349286,0.0,2
SEA_A,instance,severe,d3_oof,none,0.8997336715282181,0.8997336715282181,0.0,0.8892376915305457,0.8892376915305457,0.0,0.9050010287607297,0.9050010287607297,0.0,0.879012692184549,0.879012692184549,0.0,0.925517610526477,0.925517610526477,0.0,0.9095254281351991,0.9095254281351991,0.0,,,,,,,,,,0.8385145504888872,0.8385145504888872,0.0,0.16214780077465885,0.16214780077465885,0.0,2
SEA_A,instance,severe,hddm_w,learned_features,0.9134404283801874,0.9009398999506798,0.012500528429507515,0.9054710035987307,0.8905662512979767,0.01490475230075409,0.9145820557046388,0.9062741954784466,0.008307860226192306,0.8987760330939869,0.8804034688421677,0.018372564251819174,0.9288077006947698,0.9264164269272644,0.002391273767505364,0.9144520392792425,0.9109864238303458,0.003465615448896749,,,,,,,,,,0.7303435384776575,0.7780390603794883,-0.04769552190183072,0.26823515669163994,0.2229512713830316,0.04528388530860838,2
SEA_A,instance,severe,hddm_w,learned_features_label,0.9006101599379975,0.9006101599379975,0.0,0.8909714947651768,0.8909714947651768,0.0,0.9024425985198112,0.9024425985198112,0.0,0.8828475437709621,0.8828475437709621,0.0,0.9297796174992992,0.9297796174992992,0.0,0.9157130063367812,0.9157130063367812,0.0,,,,,,,,,,0.2124649160311353,0.2124649160311353,0.0,0.13884107505349286,0.13884107505349286,0.0,2
SEA_A,instance,severe,hddm_w,none,0.9186331290072571,0.8997336715282181,0.018899457479039056,0.9117971956485289,0.8892376915305457,0.022559504117983242,0.917043183496561,0.9050010287607297,0.012042154735831109,0.907429797036475,0.879012692184549,0.028417104851925907,0.9306891554867707,0.925517610526477,0.005171544960293706,0.9154795071519596,0.9095254281351991,0.005954079016760446,,,,,,,,,,0.65978975479405,0.8385145504888872,-0.17872479569483724,0.33996553612556907,0.16214780077465885,0.1778177353509102,2
SEA_A,instance,severe,hellinger,learned_features,0.9080828577467767,0.9009398999506798,0.007142957796096787,0.8992400560355304,0.8905662512979767,0.008673804737553673,0.9100396535630452,0.9062741954784466,0.0037654580845986794,0.891760316977912,0.8804034688421677,0.01135684813574441,0.9284196619008545,0.9264164269272644,0.0020032349735899326,0.9138830500932659,0.9109864238303458,0.0028966262629201247,,,,,,,,,,0.7416839017700539,0.7780390603794883,-0.036355158609434314,0.26001104061503866,0.2229512713830316,0.037059769232007024,2
SEA_A,instance,severe,hellinger,learned_features_label,0.9125709856971747,0.9006101599379975,0.011960825759177082,0.9049644860326372,0.8909714947651768,0.013992991267460267,0.9115528959944924,0.9024425985198112,0.009110297474681173,0.8996987017053112,0.8828475437709621,0.016851157934349176,0.9306794104265497,0.9297796174992992,0.000899792927250472,0.9172399705799578,0.9157130063367812,0.001526964243176517,,,,,,,,,,0.20395863778821857,0.2124649160311353,-0.00850627824291673,0.17335121709498727,0.13884107505349286,0.03451014204149439,2
SEA_A,instance,severe,hellinger,none,0.9025181427464243,0.8997336715282181,0.0027844712182062046,0.8925481882967969,0.8892376915305457,0.003310496766251355,0.9069763905500973,0.9050010287607297,0.0019753617893674136,0.8829933808130873,0.879012692184549,0.003980688628538361,0.925216817253232,0.925517610526477,-0.0003007932732450591,0.9113684868946613,0.9095254281351991,0.0018430587594622239,,,,,,,,,,0.7566196383707475,0.8385145504888872,-0.0818949121181397,0.243728862305809,0.16214780077465885,0.08158106153115018,2
SEA_A,splice,moderate,adwin,learned_features,0.9225602084069046,0.8999847378994614,0.022575470507443202,0.9157855377094339,0.8900279690689575,0.025757568640476364,0.9222229716420816,0.9022208860419224,0.020002085600159075,0.9105520873315948,0.8815234849725878,0.02902860235900695,0.9354986322961527,0.9305117392414104,0.004986893054742277,0.9222095437253878,0.9155316981194601,0.006677845605927657,,,,,,,,,,0.7857933228629751,0.8621103576747559,-0.07631703481178072,0.18672977051801676,0.11811291045569798,0.0686168600623188,5
SEA_A,splice,moderate,adwin,learned_features_label,0.9238026359137957,0.8984535507401107,0.025349085173685133,0.9172208988044686,0.887940660120979,0.0292802386834895,0.9231343827217061,0.9023297502570431,0.02080463246466302,0.9123367189966283,0.8783344728500743,0.03400224614655408,0.9335353433397154,0.9288687090735112,0.00466663426620421,0.9211587200920471,0.914847474925875,0.006311245166172134,,,,,,,,,,0.8321811857745312,0.8771207316238723,-0.0449395458493412,0.14376953855136695,0.09957205149510677,0.04419748705626018,5
SEA_A,splice,moderate,adwin,none,0.9201450648764206,0.8996933636548093,0.02045170122161129,0.9130157902104424,0.88955436801022,0.02346142220022233,0.9202938412610103,0.9026547790688015,0.017639062192208788,0.9072771778374494,0.8805832933158987,0.026693884521550897,0.9343854125264879,0.9312189762113995,0.0031664363150883945,0.9210750541237496,0.9172620076590606,0.0038130464646889775,,,,,,,,,,0.802707620520307,0.9380772483725233,-0.13536962785221632,0.16832855511483183,0.0567916471963179,0.11153690791851395,5
SEA_A,splice,moderate,d3_oof,learned_features,0.9045027402223417,0.8999847378994614,0.004518002322880392,0.8950886236649546,0.8900279690689575,0.00506065459599699,0.9068553727599599,0.9022208860419224,0.004634486718037308,0.8867597807828735,0.8815234849725878,0.005236295810285803,0.9313744495711362,0.9305117392414104,0.0008627103297258465,0.9164680927367241,0.9155316981194601,0.0009363946172640617,,,,,,,,,,0.8523113861927549,0.8621103576747559,-0.009798971482000929,0.12234553033291713,0.11811291045569798,0.004232619877219165,5
SEA_A,splice,moderate,d3_oof,learned_features_label,0.9058128568611473,0.8984535507401107,0.007359306121036635,0.8965262519033995,0.887940660120979,0.008585591782420318,0.9078291052221017,0.9023297502570431,0.005499354965058563,0.8887282151702166,0.8783344728500743,0.010393742320142304,0.9300228781295626,0.9288687090735112,0.0011541690560513314,0.9160125147014164,0.914847474925875,0.0011650397755414248,,,,,,,,,,0.859910391406081,0.8771207316238723,-0.01721034021779122,0.10707778197258104,0.09957205149510677,0.007505730477474266,5
SEA_A,splice,moderate,d3_oof,none,0.9063898959262544,0.8996933636548093,0.00669653227144514,0.8974286641322795,0.88955436801022,0.007874296122059476,0.907387598746285,0.9026547790688015,0.004732819677483439,0.8902290200119095,0.8805832933158987,0.00964572669601079,0.9326629122752944,0.9312189762113995,0.0014439360638948868,0.9187744360705213,0.9172620076590606,0.0015124284114606719,,,,,,,,,,0.9277172670728504,0.9380772483725233,-0.01035998129967275,0.06913941557196084,0.0567916471963179,0.012347768375642934,5
SEA_A,splice,moderate,hddm_w,learned_features,0.9073209911345798,0.8999847378994614,0.0073362532351184395,0.8986590824009372,0.8900279690689575,0.00863111333197967,0.9076822268309094,0.9022208860419224,0.005461340788986931,0.8921039476909088,0.8815234849725878,0.01058046271832099,0.9322418718916885,0.9305117392414104,0.0017301326502781416,0.917810407957798,0.9155316981194601,0.002278709838337889,,,,,,,,,,0.8625687728679451,0.8621103576747559,0.0004584151931892322,0.1272741023065175,0.11811291045569798,0.009161191850819539,5
SEA_A,splice,moderate,hddm_w,learned_features_label,0.8984535507401107,0.8984535507401107,0.0,0.887940660120979,0.887940660120979,0.0,0.9023297502570431,0.9023297502570431,0.0,0.8783344728500743,0.8783344728500743,0.0,0.9288687090735112,0.9288687090735112,0.0,0.914847474925875,0.914847474925875,0.0,,,,,,,,,,0.8771207316238723,0.8771207316238723,0.0,0.09957205149510677,0.09957205149510677,0.0,5
SEA_A,splice,moderate,hddm_w,none,0.9058035899471976,0.8996933636548093,0.006110226292388332,0.8967351942381233,0.88955436801022,0.00718082622790317,0.9071351529746471,0.9026547790688015,0.0044803739058454735,0.8894692808788497,0.8805832933158987,0.00888598756295115,0.932577490744069,0.9312189762113995,0.0013585145326694044,0.9188869483866903,0.9172620076590606,0.0016249407276296053,,,,,,,,,,0.926111676289073,0.9380772483725233,-0.011965572083450282,0.06570232474625487,0.0567916471963179,0.008910677549936968,5
SEA_A,splice,moderate,hellinger,learned_features,0.9061564716574021,0.8999847378994614,0.006171733757940667,0.8969812191435628,0.8900279690689575,0.006953250074605344,0.9080147790801497,0.9022208860419224,0.00579389303822712,0.8891515233482784,0.8815234849725878,0.007628038375690667,0.931843642269953,0.9305117392414104,0.0013319030285425433,0.9174761084875457,0.9155316981194601,0.0019444103680855325,,,,,,,,,,0.8284959675679543,0.8621103576747559,-0.033614390106801596,0.15555796859041127,0.11811291045569798,0.0374450581347133,5
SEA_A,splice,moderate,hellinger,learned_features_label,0.913572288957186,0.8984535507401107,0.015118738217075359,0.9056544941749786,0.887940660120979,0.01771383405399955,0.9135957094978502,0.9023297502570431,0.011265959240807014,0.8997516673776369,0.8783344728500743,0.02141719452756267,0.9309425639983271,0.9288687090735112,0.002073854924815858,0.9169725578362712,0.914847474925875,0.0021250829103960736,,,,,,,,,,0.864270619682786,0.8771207316238723,-0.012850111941086281,0.10325149508316393,0.09957205149510677,0.003679443588057158,5
SEA_A,splice,moderate,hellinger,none,0.9137349649153998,0.8996933636548093,0.014041601260590472,0.9057863852976235,0.88955436801022,0.016232017287403422,0.9141822545428036,0.9026547790688015,0.011527475474001977,0.8996362313997123,0.8805832933158987,0.01905293808381366,0.9337257056001537,0.9312189762113995,0.00250672938875407,0.9200045930161779,0.9172620076590606,0.0027425853571172443,,,,,,,,,,0.8498067897730218,0.9380772483725233,-0.08827045859950133,0.13097316338440537,0.0567916471963179,0.07418151618808748,5
SEA_A,splice,severe,adwin,learned_features,0.9183500531498295,0.902046577676173,0.016303475473656476,0.9111623661329605,0.892479571693766,0.01868279443919448,0.9177369016496556,0.9036286731141349,0.01410822853552074,0.9058393349923017,0.8844954232274983,0.021343911764803398,0.9340726377013566,0.930066400910134,0.004006236791222621,0.9198365114763479,0.914466334861018,0.005370176615329865,,,,,,,,,,0.7802337993583306,0.8427941376811668,-0.06256033832283625,0.19005703384054154,0.1398413906198891,0.05021564322065244,6
SEA_A,splice,severe,adwin,learned_features_label,0.9155586417755597,0.9025580304269911,0.013000611348568522,0.9079224321718563,0.8930238072723634,0.014898624899493007,0.91553839977871,0.9043222720573737,0.011216127721336252,0.9019687871466808,0.8849578037391129,0.017010983407567976,0.9315938158128154,0.9280125819569841,0.003581233855831275,0.9184676495988834,0.9135374937645958,0.004930155834287538,,,,,,,,,,0.807227589607086,0.8732384886975826,-0.06601089909049673,0.16764201764340145,0.11838921691740455,0.049252800725996894,6
SEA_A,splice,severe,adwin,none,0.9203238432394444,0.9040408812387873,0.016282962000657115,0.9133581931861499,0.8948057916887274,0.01855240149742247,0.9196582263328305,0.9052698252852189,0.014388401047611446,0.9082208773113383,0.8871777040744558,0.02104317323688243,0.9344459642106336,0.9306799828878697,0.003765981322763919,0.9201556969966966,0.9154875774877856,0.004668119508910958,,,,,,,,,,0.8144522683105234,0.902639328260157,-0.0881870599496335,0.17016861673522055,0.09248285492146358,0.07768576181375697,6
SEA_A,splice,severe,d3_oof,learned_features,0.9021970684642557,0.902046577676173,0.00015049078808267632,0.8926553468697821,0.892479571693766,0.0001757751760160057,0.9037550110046579,0.9036286731141349,0.0001263378905230761,0.8846961868462273,0.8844954232274983,0.00020076361872885715,0.9302035424495543,0.930066400910134,0.00013714153942031201,0.9147116082057112,0.914466334861018,0.00024527334469319023,,,,,,,,,,0.852841538498887,0.8427941376811668,0.010047400817720264,0.13642713086526434,0.1398413906198891,-0.0034142597546247683,6
SEA_A,splice,severe,d3_oof,learned_features_label,0.9025580304269911,0.9025580304269911,0.0,0.8930238072723634,0.8930238072723634,0.0,0.9043222720573737,0.9043222720573737,0.0,0.8849578037391129,0.8849578037391129,0.0,0.9280125819569841,0.9280125819569841,0.0,0.9135374937645958,0.9135374937645958,0.0,,,,,,,,,,0.8732384886975826,0.8732384886975826,0.0,0.11838921691740455,0.11838921691740455,0.0,6
SEA_A,splice,severe,d3_oof,none,0.9105479609734414,0.9040408812387873,0.006507079734653994,0.9023187155332321,0.8948057916887274,0.007512923844504675,0.9105888132251327,0.9052698252852189,0.005318987939913773,0.8960283281674478,0.8871777040744558,0.008850624092991977,0.9323909187374254,0.9306799828878697,0.0017109358495556541,0.9177193513647132,0.9154875774877856,0.002231773876927486,,,,,,,,,,0.8851830671912181,0.902639328260157,-0.017456261068938828,0.11165623920824608,0.09248285492146358,0.019173384286782502,6
SEA_A,splice,severe,hddm_w,learned_features,0.902046577676173,0.902046577676173,0.0,0.892479571693766,0.892479571693766,0.0,0.9036286731141349,0.9036286731141349,0.0,0.8844954232274983,0.8844954232274983,0.0,0.930066400910134,0.930066400910134,0.0,0.914466334861018,0.914466334861018,0.0,,,,,,,,,,0.8427941376811668,0.8427941376811668,0.0,0.1398413906198891,0.1398413906198891,0.0,6
SEA_A,splice,severe,hddm_w,learned_features_label,0.9025580304269911,0.9025580304269911,0.0,0.8930238072723634,0.8930238072723634,0.0,0.9043222720573737,0.9043222720573737,0.0,0.8849578037391129,0.8849578037391129,0.0,0.9280125819569841,0.9280125819569841,0.0,0.9135374937645958,0.9135374937645958,0.0,,,,,,,,,,0.8732384886975826,0.8732384886975826,0.0,0.11838921691740455,0.11838921691740455,0.0,6
SEA_A,splice,severe,hddm_w,none,0.9108666980910133,0.9040408812387873,0.006825816852225941,0.9026755649670001,0.8948057916887274,0.007869773278272577,0.9110071862578089,0.9052698252852189,0.0057373609725898484,0.8964276580156367,0.8871777040744558,0.009249953941180925,0.9322287368958518,0.9306799828878697,0.00154875400798223,0.9174021153968296,0.9154875774877856,0.001914537909043908,,,,,,,,,,0.8472694317674999,0.902639328260157,-0.055369896492657,0.12754402846402732,0.09248285492146358,0.035061173542563766,6
SEA_A,splice,severe,hellinger,learned_features,0.9148976755422987,0.902046577676173,0.012851097866125705,0.9072837212452748,0.892479571693766,0.014804149551508808,0.9145178965633983,0.9036286731141349,0.010889223449263574,0.9015841189579733,0.8844954232274983,0.01708869573047489,0.9333044353691067,0.930066400910134,0.0032380344589727126,0.9183756507944693,0.914466334861018,0.0039093159334512295,,,,,,,,,,0.8168933024746409,0.8427941376811668,-0.0259008352065259,0.17538407943582843,0.1398413906198891,0.035542688815939305,6
SEA_A,splice,severe,hellinger,learned_features_label,0.915650610476115,0.9025580304269911,0.013092580049123911,0.9081203950891519,0.8930238072723634,0.01509658781678865,0.9152025116072603,0.9043222720573737,0.01088023954988652,0.902528888969799,0.8849578037391129,0.01757108523068618,0.9308118202019506,0.9280125819569841,0.0027992382449665287,0.9176569727526812,0.9135374937645958,0.004119478988085327,,,,,,,,,,0.8504198127718915,0.8732384886975826,-0.02281867592569109,0.14127609189335597,0.11838921691740455,0.02288687497595143,6
SEA_A,splice,severe,hellinger,none,0.9157780777034265,0.9040408812387873,0.011737196464639147,0.9080836974912131,0.8948057916887274,0.013277905802485593,0.9162366406885986,0.9052698252852189,0.010966815403379552,0.9017650769462201,0.8871777040744558,0.014587372871764223,0.9329345586436234,0.9306799828878697,0.0022545757557537183,0.9187540583371264,0.9154875774877856,0.0032664808493406694,,,,,,,,,,0.8055134949490604,0.902639328260157,-0.09712583331109648,0.1814739178259431,0.09248285492146358,0.08899106290447954,6
radar,clean,none,adwin,learned_features,0.7547802399287548,0.7908219393367908,-0.03604169940803603,0.2333607452235463,0.2619749261833117,-0.028614180959765395,0.2469540656789163,0.2685943282579897,-0.021640262579073366,0.3183838862064059,0.4128319291265457,-0.09444804292013981,0.7644704069251542,0.9388004782855148,-0.1743300713603606,0.3767214963110818,0.7056608290236048,-0.328939332712523,0.4166474308665343,0.5426574069815573,-0.12600997611502301,0.668766209707299,0.8743238236383846,-0.20555761393108551,0.2010149377197308,0.1581902928683921,0.04282464485133872,,,,0.172759335345235,0.0415009271715812,0.1312584081736538,0
radar,clean,none,adwin,learned_features_label,0.7694483734087695,0.7965451307035466,-0.02709675729477712,0.2350067650108177,0.2787328310546588,-0.043726066043841105,0.2490497044590988,0.3051779767622099,-0.056128272303111126,0.3847301494584092,0.4148288846571695,-0.030098735198760274,0.8467178833302638,0.9375444952002436,-0.09082661186997987,0.4044711408351591,0.7241016596005211,-0.31963051876536197,0.4667135254543629,0.5523725508403752,-0.08565902538601228,0.6888477213782882,0.8815857725083365,-0.19273805113004827,0.1689759946548734,0.1533701341054071,0.015605860549466305,,,,0.2076646184052648,0.0631494746027706,0.1445151438024942,0
radar,clean,none,adwin,none,0.7547802399287548,0.7908219393367908,-0.03604169940803603,0.2333607452235463,0.2619749261833117,-0.028614180959765395,0.2469540656789163,0.2685943282579897,-0.021640262579073366,0.3183838862064059,0.4128319291265457,-0.09444804292013981,0.7644667856040391,0.9388004782855148,-0.1743336926814757,0.3767152041280291,0.7056608290236048,-0.3289456248955757,0.4166474308665343,0.5426574069815573,-0.12600997611502301,0.668766209707299,0.8743238236383846,-0.20555761393108551,0.2010149377197308,0.1581902928683921,0.04282464485133872,,,,0.1727084318074392,0.0414500236337854,0.1312584081736538,0
radar,clean,none,d3_oof,learned_features,0.7451280842369952,0.7908219393367908,-0.04569385509979562,0.2361488429544548,0.2619749261833117,-0.025826083228856905,0.252344276759152,0.2685943282579897,-0.01625005149883768,0.4146030892434058,0.4128319291265457,0.001771160116860071,0.7237037227917823,0.9388004782855148,-0.21509675549373253,0.3297745258281528,0.7056608290236048,-0.375886303195452,0.4455481972038263,0.5426574069815573,-0.09710920977773096,0.8076324564653575,0.8743238236383846,-0.06669136717302704,0.2157617600738136,0.1581902928683921,0.0575714672054215,,,,0.1174926371668545,0.0415009271715812,0.0759917099952733,0
radar,clean,none,d3_oof,learned_features_label,0.7660563675415161,0.7965451307035466,-0.03048876316203053,0.2481174248913041,0.2787328310546588,-0.030615406163354703,0.2770188786311816,0.3051779767622099,-0.02815909813102835,0.3963456942797899,0.4148288846571695,-0.01848319037737961,0.8007954234186982,0.9375444952002436,-0.13674907178154538,0.3653979295147763,0.7241016596005211,-0.3587037300857448,0.4629994310971073,0.5523725508403752,-0.08937311974326789,0.7839940718784735,0.8815857725083365,-0.097591700629863,0.1952084758435278,0.1533701341054071,0.041838341738120705,,,,0.1253026942515362,0.0631494746027706,0.062153219648765606,0
radar,clean,none,d3_oof,none,0.7451280842369952,0.7908219393367908,-0.04569385509979562,0.2361488429544548,0.2619749261833117,-0.025826083228856905,0.252344276759152,0.2685943282579897,-0.01625005149883768,0.4146030892434058,0.4128319291265457,0.001771160116860071,0.7237037227917823,0.9388004782855148,-0.21509675549373253,0.3297745258281528,0.7056608290236048,-0.375886303195452,0.4455481972038263,0.5426574069815573,-0.09710920977773096,0.8076324564653575,0.8743238236383846,-0.06669136717302704,0.2157617600738136,0.1581902928683921,0.0575714672054215,,,,0.1174417336290586,0.0414500236337854,0.0759917099952732,0
radar,clean,none,hddm_w,learned_features,0.8184556550893185,0.7908219393367908,0.02763371575252771,0.2724757220714164,0.2619749261833117,0.010500795888104708,0.3092668911136091,0.2685943282579897,0.04067256285561943,0.3636184121136649,0.4128319291265457,-0.04921351701288079,0.865822854837734,0.9388004782855148,-0.0729776234477808,0.5133075743057357,0.7056608290236048,-0.19235325471786913,0.5387841843297355,0.5426574069815573,-0.0038732226518217727,0.713894034827714,0.8743238236383846,-0.1604297888106706,0.1311942221727303,0.1581902928683921,-0.02699607069566179,,,,0.1865760098898302,0.0415009271715812,0.14507508271824898,0
radar,clean,none,hddm_w,learned_features_label,0.7737702341662738,0.7965451307035466,-0.022774896537272826,0.2504331481690006,0.2787328310546588,-0.028299682885658206,0.2810085849814051,0.3051779767622099,-0.02416939178080485,0.4178667193327222,0.4148288846571695,0.0030378346755526864,0.8704788093214055,0.9375444952002436,-0.0670656858788381,0.4738991782401772,0.7241016596005211,-0.2502024813603439,0.4767918088737201,0.5523725508403752,-0.0755807419666551,0.7246387550944794,0.8815857725083365,-0.15694701741385708,0.1707099791603697,0.1533701341054071,0.01733984505496261,,,,0.2145802276115332,0.0631494746027706,0.1514307530087626,0
radar,clean,none,hddm_w,none,0.8184556550893185,0.7908219393367908,0.02763371575252771,0.2724757220714164,0.2619749261833117,0.010500795888104708,0.3092668911136091,0.2685943282579897,0.04067256285561943,0.3636184121136649,0.4128319291265457,-0.04921351701288079,0.8658190354756206,0.9388004782855148,-0.07298144280989427,0.5132978934179546,0.7056608290236048,-0.1923629356056502,0.5387841843297355,0.5426574069815573,-0.0038732226518217727,0.713894034827714,0.8743238236383846,-0.1604297888106706,0.1311942221727303,0.1581902928683921,-0.02699607069566179,,,,0.1865251063520343,0.0414500236337854,0.14507508271824887,0
radar,clean,none,hellinger,learned_features,0.716040651684216,0.7908219393367908,-0.07478128765257475,0.2396493726845787,0.2619749261833117,-0.022325553498732997,0.2570926290198499,0.2685943282579897,-0.011501699238139762,0.3871884308621908,0.4128319291265457,-0.025643498264354914,0.7920550442695602,0.9388004782855148,-0.14674543401595463,0.3736364547296656,0.7056608290236048,-0.3320243742939392,0.3902139671889703,0.5426574069815573,-0.152443439792587,0.7067802889959244,0.8743238236383846,-0.1675435346424602,0.2371104500405657,0.1581902928683921,0.0789201571721736,,,,0.1796676726175326,0.0415009271715812,0.13816674544595142,0
radar,clean,none,hellinger,learned_features_label,0.72994918539473,0.7965451307035466,-0.06659594530881663,0.2482851500816527,0.2787328310546588,-0.030447680973006097,0.2602241232121773,0.3051779767622099,-0.04495385355003262,0.3881822769564673,0.4148288846571695,-0.026646607700702207,0.8371369633686453,0.9375444952002436,-0.10040753183159834,0.4337257665307896,0.7241016596005211,-0.2903758930697315,0.4090151676992096,0.5523725508403752,-0.14335738314116558,0.7093738421637643,0.8815857725083365,-0.17221193034457216,0.2200410429360016,0.1533701341054071,0.06667090883059451,,,,0.1736537832236483,0.0631494746027706,0.1105043086208777,0
radar,clean,none,hellinger,none,0.716040651684216,0.7908219393367908,-0.07478128765257475,0.2396493726845787,0.2619749261833117,-0.022325553498732997,0.2570926290198499,0.2685943282579897,-0.011501699238139762,0.3871884308621908,0.4128319291265457,-0.025643498264354914,0.7920550442695602,0.9388004782855148,-0.14674543401595463,0.3736364547296656,0.7056608290236048,-0.3320243742939392,0.3902139671889703,0.5426574069815573,-0.152443439792587,0.7067802889959244,0.8743238236383846,-0.1675435346424602,0.2371104500405657,0.1581902928683921,0.0789201571721736,,,,0.1796167690797367,0.0414500236337854,0.1381667454459513,0
radar,concept,moderate,adwin,learned_features,0.7457875879925281,0.7725499351225519,-0.02676234713002379,0.21385107973800585,0.24669579611480677,-0.0328447163768009,0.23127493677971667,0.2601551065932313,-0.028880169813514628,0.40728582304704924,0.43097939916099587,-0.023693576113946718,0.8137833580095237,0.9119457427479917,-0.09816238473846779,0.3995999406769138,0.6393420942798893,-0.2397421536029755,0.4323419946010847,0.5604815924511412,-0.12813959785005652,0.6409027210194574,0.9104075011684302,-0.26950478014897267,0.18685003172403977,0.16112158155492037,0.02572845016911939,0.31308475889799653,0.3481071982700093,-0.035022439372012805,0.16083618388083187,0.058095928809405166,0.1027402550714267,3
radar,concept,moderate,adwin,learned_features_label,0.7413763529402692,0.7594567859126036,-0.018080432972334488,0.2318889469783966,0.24672674087099553,-0.0148377938925989,0.24105984480697473,0.2617854037244914,-0.02072555891751666,0.382775820313098,0.44977623560233154,-0.0670004152892336,0.8156622967945214,0.9065686191193011,-0.09090632232477969,0.41234106196179154,0.6191819342896187,-0.20684087232782708,0.41961497286978683,0.5377652600747899,-0.11815028720500294,0.7039619802118201,0.9262907621577536,-0.2223287819459335,0.2135334915418049,0.17587968729649173,0.037653804245313165,0.11413074664653616,0.1242792356054276,-0.010148488958891436,0.1473862920964024,0.04852990714492323,0.09885638495147915,3
radar,concept,moderate,adwin,none,0.721973268111855,0.7727840889910732,-0.05081082087921818,0.20547152086788634,0.2722463032755833,-0.06677478240769696,0.21643976436042278,0.27847166773967164,-0.06203190337924885,0.38003217632099623,0.49222542789659046,-0.11219325157559425,0.7740439091706497,0.8997892737151437,-0.12574536454449406,0.3612378941673409,0.6062132245522637,-0.2449753303849227,0.3895267847007671,0.5416915062208191,-0.15216472152005192,0.6134838406650056,0.9014834934519967,-0.2879996527869911,0.21314985580149495,0.17061447525226733,0.04253538054922765,0.843227641832775,0.9103878200983003,-0.0671601782655253,0.16742203216690696,0.08167327560756783,0.08574875655933913,3
radar,concept,moderate,d3_oof,learned_features,0.7031612734964975,0.7725499351225519,-0.06938866162605455,0.21234077130996698,0.24669579611480677,-0.03435502480483979,0.24048271297571558,0.2601551065932313,-0.019672393617515726,0.36666287983754325,0.43097939916099587,-0.06431651932345266,0.8680854952372989,0.9119457427479917,-0.04386024751069254,0.5858418630354344,0.6393420942798893,-0.053500231244454945,0.4549801823656529,0.5604815924511412,-0.10550141008548829,0.8234851786147512,0.9104075011684302,-0.08692232255367882,0.226367703830494,0.16112158155492037,0.06524612227557362,0.321241629384027,0.3481071982700093,-0.026865568885982367,0.14771025434168147,0.058095928809405166,0.08961432553227631,3
radar,concept,moderate,d3_oof,learned_features_label,0.6833052861335611,0.7594567859126036,-0.07615149977904238,0.21216744343682772,0.24672674087099553,-0.034559297434167774,0.22287217061574216,0.2617854037244914,-0.03891323310874923,0.40989621039863233,0.44977623560233154,-0.03988002520369923,0.8520929686399946,0.9065686191193011,-0.054475650479306435,0.5521220258434739,0.6191819342896187,-0.06705990844614468,0.4226895446908789,0.5377652600747899,-0.11507571538391094,0.8580154066382849,0.9262907621577536,-0.06827535551946869,0.2615948179933896,0.17587968729649173,0.08571513069689783,0.10788309142630886,0.1242792356054276,-0.01639614417911873,0.1797595304825307,0.04852990714492323,0.1312296233376075,3
radar,concept,moderate,d3_oof,none,0.7196798022922156,0.7727840889910732,-0.05310428669885747,0.22795520621935583,0.2722463032755833,-0.04429109705622747,0.255964372725438,0.27847166773967164,-0.02250729501423367,0.40811480276961093,0.49222542789659046,-0.08411062512697949,0.8751522062254476,0.8997892737151437,-0.024637067489696296,0.6177181079603028,0.6062132245522637,0.01150488340803916,0.4934509040095844,0.5416915062208191,-0.04824060221123466,0.8703515311379729,0.9014834934519967,-0.031131962314023858,0.19782234611984797,0.17061447525226733,0.02720787086758064,0.8428734991320872,0.9103878200983003,-0.06751432096621306,0.14575181095248738,0.08167327560756783,0.06407853534491953,3
radar,concept,moderate,hddm_w,learned_features,0.7362360770017703,0.7725499351225519,-0.03631385812078162,0.23135829808827224,0.24669579611480677,-0.01533749802653453,0.25791165583024384,0.2601551065932313,-0.00224345076298745,0.41002294571653913,0.43097939916099587,-0.020956453444456773,0.7970920499214887,0.9119457427479917,-0.11485369282650282,0.4036499909951941,0.6393420942798893,-0.23569210328469517,0.42891382990306864,0.5604815924511412,-0.13156776254807254,0.6966182551779919,0.9104075011684302,-0.21378924599043822,0.21114916482240345,0.16112158155492037,0.050027583267483085,0.32743289634471184,0.3481071982700093,-0.02067430192529751,0.15350434708220081,0.058095928809405166,0.09540841827279563,3
radar,concept,moderate,hddm_w,learned_features_label,0.7419679423374412,0.7594567859126036,-0.01748884357516234,0.22558486562405045,0.24672674087099553,-0.021141875246945042,0.2384473605632834,0.2617854037244914,-0.023338043161207994,0.34956960867923276,0.44977623560233154,-0.10020662692309883,0.813505389685187,0.9065686191193011,-0.09306322943411398,0.41922862327507476,0.6191819342896187,-0.19995331101454386,0.4335100072938228,0.5377652600747899,-0.10425525278096696,0.7583853174612228,0.9262907621577536,-0.16790544469653068,0.2186827992210114,0.17587968729649173,0.04280311192451963,0.11086979585781309,0.1242792356054276,-0.013409439747614499,0.1727253587773001,0.04852990714492323,0.12419545163237687,3
radar,concept,moderate,hddm_w,none,0.7326405042932045,0.7727840889910732,-0.04014358469786864,0.23391582088547302,0.2722463032755833,-0.038330482390110276,0.2437723500067661,0.27847166773967164,-0.03469931773290557,0.4276329003680209,0.49222542789659046,-0.06459252752856957,0.7870048805973013,0.8997892737151437,-0.11278439311784257,0.3510440336069987,0.6062132245522637,-0.2551691909452649,0.3912054231310739,0.5416915062208191,-0.15048608308974518,0.6107402892515231,0.9014834934519967,-0.29074320420047367,0.20939666097006607,0.17061447525226733,0.03878218571779874,0.8748957118486516,0.9103878200983003,-0.03549210824964866,0.14584158004765624,0.08167327560756783,0.0641683044400884,3
radar,concept,moderate,hellinger,learned_features,0.7460700760138415,0.7725499351225519,-0.026479859108710497,0.22865414518671048,0.24669579611480677,-0.01804165092809626,0.23842653856935722,0.2601551065932313,-0.02172856802387409,0.3951565796857139,0.43097939916099587,-0.035822819475282076,0.8015587378387159,0.9119457427479917,-0.11038700490927562,0.39511849513372327,0.6393420942798893,-0.244223599146166,0.45179926747687693,0.5604815924511412,-0.10868232497426429,0.7271809122954114,0.9104075011684302,-0.18322658887301882,0.1989844231615041,0.16112158155492037,0.03786284160658376,0.31371162623859034,0.3481071982700093,-0.034395572031419054,0.1560906303631292,0.058095928809405166,0.09799470155372403,3
radar,concept,moderate,hellinger,learned_features_label,0.6961651068082461,0.7594567859126036,-0.06329167910435744,0.20468335708381327,0.24672674087099553,-0.04204338378718223,0.22691813050986998,0.2617854037244914,-0.0348672732146214,0.3414248038244256,0.44977623560233154,-0.10835143177790597,0.8078890604253518,0.9065686191193011,-0.09867955869394929,0.4324813770984912,0.6191819342896187,-0.1867005571911274,0.37209582334824454,0.5377652600747899,-0.16566943672654524,0.6646560216964296,0.9262907621577536,-0.261634740461324,0.23888491482509233,0.17587968729649173,0.06300522752860059,0.1053577945662108,0.1242792356054276,-0.018921441039216797,0.18884721679668318,0.04852990714492323,0.14031730965175995,3
radar,concept,moderate,hellinger,none,0.7867886070674001,0.7727840889910732,0.01400451807632704,0.2874501841483706,0.2722463032755833,0.01520388087278729,0.2981187366017011,0.27847166773967164,0.019647068862029438,0.502717964356359,0.49222542789659046,0.010492536459768442,0.8475141705858616,0.8997892737151437,-0.05227510312928222,0.49386431727992325,0.6062132245522637,-0.11234890727234037,0.5272270169892416,0.5416915062208191,-0.014464489231577449,0.8125838411607536,0.9014834934519967,-0.08889965229124323,0.16473954788874767,0.17061447525226733,-0.005874927363519651,0.8328435055209135,0.9103878200983003,-0.07754431457738686,0.16544515810392826,0.08167327560756783,0.08377188249636043,3
radar,concept,severe,adwin,learned_features,0.7380632890943208,0.7581841061045708,-0.020120817010249852,0.2617893541489875,0.29145455267463877,-0.02966519852565126,0.2623676221649724,0.31028546370755633,-0.04791784154258396,0.4290482290665991,0.5092944097474029,-0.08024618068080382,0.8107168303468523,0.9304469766207527,-0.1197301462739004,0.41826505840978356,0.7871949933496643,-0.36892993493988074,0.41116007452730524,0.6086060996925433,-0.19744602516523804,0.6988549912372047,0.9352745172778993,-0.23641952604069447,0.2209193779750586,0.13530136772362397,0.08561801025143463,0.31229155556116095,0.3500129357524144,-0.03772138019125346,0.15272957409669732,0.054753969003664436,0.0979756050930329,4
radar,concept,severe,adwin,learned_features_label,0.7243784607847328,0.7782179078059118,-0.05383944702117897,0.2114517160636551,0.2824080514780187,-0.07095633541436357,0.22652918984676615,0.2993934503015601,-0.07286426045479397,0.38935625548360075,0.48402846812133066,-0.09467221263772992,0.7553628600957971,0.9284934219763213,-0.17313056188052411,0.3798538444446577,0.7871591536906738,-0.4073053092460161,0.4063657201463265,0.6226518995904073,-0.21628617944408082,0.6439919940134259,0.9330561870517448,-0.28906419303831893,0.20945925850086808,0.1263227024850034,0.08313655601586467,0.10862018507427906,0.12374396208588485,-0.015123777011605796,0.1669407766018524,0.05172249169637416,0.11521828490547824,4
radar,concept,severe,adwin,none,0.7090205181293202,0.7674905353507676,-0.058470017221447255,0.2433713418618083,0.28952323841055855,-0.046151896548750244,0.24745722394366876,0.2915905613918461,-0.044133337448177296,0.43973382345189266,0.48804790286983857,-0.04831407941794591,0.7603718760585968,0.931967082849619,-0.17159520679102225,0.3812771459142555,0.7959086891323309,-0.41463154321807544,0.3694407829087249,0.6110134732647289,-0.24157269035600396,0.6507572674095808,0.9264849540416366,-0.2757276866320557,0.24797822597688757,0.13163913895517593,0.11633908702171164,0.7868822368275162,0.9668196257000351,-0.17993738887251887,0.17103818349804153,0.0257912917458839,0.14524689175215763,4
radar,concept,severe,d3_oof,learned_features,0.7060561683215653,0.7581841061045708,-0.05212793778300547,0.24821762743876266,0.29145455267463877,-0.0432369252358761,0.25410640021333913,0.31028546370755633,-0.056179063494217245,0.4534850897690161,0.5092944097474029,-0.05580931997838686,0.7671275536405989,0.9304469766207527,-0.1633194229801538,0.3828702934629736,0.7871949933496643,-0.40432469988669073,0.4083108436558065,0.6086060996925433,-0.2002952560367368,0.8162431096357126,0.9352745172778993,-0.11903140764218674,0.2617531585177552,0.13530136772362397,0.12645179079413127,0.3039857138167025,0.3500129357524144,-0.046027221935711925,0.1664766467593746,0.054753969003664436,0.11172267775571017,4
radar,concept,severe,d3_oof,learned_features_label,0.7527080656789803,0.7782179078059118,-0.025509842126931453,0.26679000228348915,0.2824080514780187,-0.015618049194529518,0.27519062499971464,0.2993934503015601,-0.024202825301845494,0.46319720492716265,0.48402846812133066,-0.020831263194168004,0.8291031500346674,0.9284934219763213,-0.09939027194165391,0.45674133795801436,0.7871591536906738,-0.3304178157326594,0.474531954033415,0.6226518995904073,-0.1481199455569924,0.7401302993816006,0.9330561870517448,-0.19292588767014426,0.19014967909131197,0.1263227024850034,0.06382697660630855,0.11285025905503991,0.12374396208588485,-0.010893703030844965,0.12452997781845887,0.05172249169637416,0.07280748612208471,4
radar,concept,severe,d3_oof,none,0.7146079160693869,0.7674905353507676,-0.05288261928138068,0.22069307715622047,0.28952323841055855,-0.06883016125433807,0.23580205954704306,0.2915905613918461,-0.05578850184480299,0.41265125323879176,0.48804790286983857,-0.07539664963104682,0.8473528324347597,0.931967082849619,-0.08461425041485941,0.4926757492361256,0.7959086891323309,-0.3032329398962053,0.4532471715162059,0.6110134732647289,-0.15776630174852288,0.8038704249631508,0.9264849540416366,-0.12261452907848569,0.21618281052110655,0.13163913895517593,0.08454367156593064,0.8056817864069837,0.9668196257000351,-0.1611378392930514,0.14978319341140459,0.0257912917458839,0.12399190166552071,4
radar,concept,severe,hddm_w,learned_features,0.7281875599291157,0.7581841061045708,-0.029996546175455108,0.2716959087003163,0.29145455267463877,-0.019758643974322476,0.2670436114578802,0.31028546370755633,-0.04324185224967616,0.4514425226396151,0.5092944097474029,-0.057851887107787846,0.8413609577090341,0.9304469766207527,-0.08908601891171868,0.4735429202180456,0.7871949933496643,-0.31365207313161875,0.4277324479173326,0.6086060996925433,-0.18087365177521064,0.8024847377355856,0.9352745172778993,-0.13278977954231377,0.23790171776435243,0.13530136772362397,0.10260035004072847,0.3320829619933394,0.3500129357524144,-0.017929973759074996,0.1362816874861207,0.054753969003664436,0.08152771848245627,4
radar,concept,severe,hddm_w,learned_features_label,0.7236588116559789,0.7782179078059118,-0.05455909614993285,0.24045402709640099,0.2824080514780187,-0.04195402438161769,0.2623484451875968,0.2993934503015601,-0.037045005113963296,0.4027568508365536,0.48402846812133066,-0.08127161728477705,0.8010870871844759,0.9284934219763213,-0.12740633479184552,0.4318552324555133,0.7871591536906738,-0.3553039212351605,0.4313496339841456,0.6226518995904073,-0.19130226560626182,0.7311155817393038,0.9330561870517448,-0.20194060531244104,0.21198280374787273,0.1263227024850034,0.08566010126286937,0.11459595708552169,0.12374396208588485,-0.009148005000363163,0.13955609360221988,0.05172249169637416,0.0878336019058457,4
radar,concept,severe,hddm_w,none,0.7115793503316555,0.7674905353507676,-0.05591118501911204,0.2519776994625842,0.28952323841055855,-0.03754553894797439,0.2562212930623578,0.2915905613918461,-0.03536926832948825,0.4497070301880326,0.48804790286983857,-0.038340872681806006,0.7991028691618504,0.931967082849619,-0.13286421368776877,0.39732249859216906,0.7959086891323309,-0.3985861905401619,0.3908228616599751,0.6110134732647289,-0.22019061160475376,0.7060912860891669,0.9264849540416366,-0.2203936679524696,0.2452491561920138,0.13163913895517593,0.11361001723683783,0.8409581238471318,0.9668196257000351,-0.12586150185290337,0.14305828649833838,0.0257912917458839,0.11726699475245446,4
radar,concept,severe,hellinger,learned_features,0.7356435479211155,0.7581841061045708,-0.02254055818345524,0.2611519836971103,0.29145455267463877,-0.03030256897752846,0.26405203105478875,0.31028546370755633,-0.046233432652767636,0.44689193260425414,0.5092944097474029,-0.06240247714314878,0.7973775932759232,0.9304469766207527,-0.13306938334482954,0.4016437467585947,0.7871949933496643,-0.3855512465910696,0.43660432240211927,0.6086060996925433,-0.172001777290424,0.726370751628874,0.9352745172778993,-0.20890376564902527,0.209928072305596,0.13530136772362397,0.07462670458197204,0.3264836917632235,0.3500129357524144,-0.02352924398919089,0.11055578378230557,0.054753969003664436,0.055801814778641136,4
radar,concept,severe,hellinger,learned_features_label,0.7393210960486097,0.7782179078059118,-0.03889681175730212,0.247959229160819,0.2824080514780187,-0.03444882231719965,0.26887699045580865,0.2993934503015601,-0.030516459845751437,0.42536784645212816,0.48402846812133066,-0.05866062166920257,0.7459750015389796,0.9284934219763213,-0.1825184204373417,0.3692321141444698,0.7871591536906738,-0.41792703954620397,0.43791410466372643,0.6226518995904073,-0.184737794926681,0.6834634249298914,0.9330561870517448,-0.24959276212185336,0.19434940634304174,0.1263227024850034,0.06802670385803833,0.11060541329540423,0.12374396208588485,-0.01313854879048063,0.12466872111347344,0.05172249169637416,0.07294622941709927,4
radar,concept,severe,hellinger,none,0.73186099661952,0.7674905353507676,-0.0356295387312476,0.2712258615620192,0.28952323841055855,-0.018297376848539337,0.2948508232809139,0.2915905613918461,0.003260261889067815,0.44268246684239987,0.48804790286983857,-0.0453654360274387,0.8502166541575943,0.931967082849619,-0.08175042869202487,0.4836805485017526,0.7959086891323309,-0.3122281406305783,0.4729498264285215,0.6110134732647289,-0.13806364683620734,0.7728386117511284,0.9264849540416366,-0.15364634229050803,0.2014153623225211,0.13163913895517593,0.06977622336734517,0.8631358134876872,0.9668196257000351,-0.10368381221234794,0.1141074379326703,0.0257912917458839,0.0883161461867864,4
radar,instance,moderate,adwin,learned_features,0.710758377425044,0.8128634292000628,-0.10210505177501879,0.21975564938493072,0.2846807103173811,-0.06492506093245044,0.2296974122247082,0.29873449823233994,-0.0690370860076318,0.3551322815178599,0.43420808283356155,-0.07907580131570163,0.7490247613469915,0.8416420835015627,-0.0926173221545713,0.33136768792256605,0.518723601892357,-0.1873559139697909,0.36655714723410165,0.5909208872618091,-0.2243637400277075,0.583895269853032,0.7974064468321601,-0.2135111769791281,0.21745332294003164,0.1188813413722339,0.09857198156779778,0.8236553283862132,0.9276285702934594,-0.10397324190724606,0.17754601826501523,0.0739413157325922,0.10360470253242303,1
radar,instance,moderate,adwin,learned_features_label,0.7254570695164754,0.8125447465381459,-0.08708767702167042,0.20906115854979235,0.29471623986744394,-0.08565508131765158,0.2418682707272558,0.3110820473233249,-0.06921377659606909,0.32199459288611637,0.46837747165540344,-0.14638287876928704,0.7862436011121314,0.8547121098143152,-0.0684685087021838,0.3739335896384275,0.5361601579624629,-0.16222656832403531,0.4235738765370865,0.5879942118506216,-0.16442033531353506,0.6870692849203408,0.8065703346918611,-0.11950104977152028,0.21238923975119706,0.12098651522141442,0.09140272452978264,0.4488250527145869,0.5062698721337558,-0.05744481941916892,0.17569807745307467,0.06106493881755893,0.11463313863551573,1
radar,instance,moderate,adwin,none,0.710575025756544,0.8128634292000628,-0.10228840344351897,0.21973059156379735,0.2846807103173811,-0.06495011875358382,0.22968562819752525,0.29873449823233994,-0.0690488700348147,0.35510444231708355,0.43420808283356155,-0.07910364051647796,0.7488359652088098,0.8416420835015627,-0.09280611829275298,0.3310944415307487,0.518723601892357,-0.1876291603616083,0.3662518987025314,0.5909208872618091,-0.22466898855927778,0.583895269853032,0.7974064468321601,-0.2135111769791281,0.2176760365462422,0.1188813413722339,0.0987946951740083,0.8237038096949979,0.9276447287758547,-0.10394091908085674,0.17749468721010875,0.07392420504354473,0.103570482166564,1
radar,instance,moderate,d3_oof,learned_features,0.7568189358618401,0.8128634292000628,-0.0560444933382227,0.28261636310116584,0.2846807103173811,-0.0020643472162153176,0.3040725273324678,0.29873449823233994,0.005338029100127845,0.40187788095635796,0.43420808283356155,-0.03233020187720359,0.8154215747557313,0.8416420835015627,-0.02622050874583141,0.47670385710173185,0.518723601892357,-0.04201974479062511,0.4660714611467249,0.5909208872618091,-0.12484942611508433,0.7321477090280352,0.7974064468321601,-0.06525873780412501,0.18353722233711411,0.1188813413722339,0.0646558809648802,0.8256750576848169,0.9276285702934594,-0.10195351260864242,0.17790212278095285,0.0739413157325922,0.10396080704836068,1
radar,instance,moderate,d3_oof,learned_features_label,0.7154644035832155,0.8125447465381459,-0.0970803429549304,0.2165216161518898,0.29471623986744394,-0.07819462371555413,0.2324647610035778,0.3110820473233249,-0.0786172863197471,0.3825952882766111,0.46837747165540344,-0.08578218337879234,0.8142820839831479,0.8547121098143152,-0.040430025831167206,0.49715912638723014,0.5361601579624629,-0.03900103157523268,0.42740895259218736,0.5879942118506216,-0.1605852592584342,0.7349388662467581,0.8065703346918611,-0.07163146844510311,0.23049267431316708,0.12098651522141442,0.10950615909175265,0.4282795593075177,0.5062698721337558,-0.07799031282623808,0.1847426062303571,0.06106493881755893,0.12367766741279818,1
radar,instance,moderate,d3_oof,none,0.7568494944732569,0.8128634292000628,-0.05601393472680601,0.2826245705784996,0.2846807103173811,-0.002056139738881515,0.30407715327316864,0.29873449823233994,0.0053426550408286755,0.401882520823154,0.43420808283356155,-0.03232556201040752,0.815447068604901,0.8416420835015627,-0.02619501489666169,0.47673986746317554,0.518723601892357,-0.04198373442918144,0.4661079116696252,0.5909208872618091,-0.12481297559218396,0.7321477090280352,0.7974064468321601,-0.06525873780412501,0.18350010340274567,0.1188813413722339,0.06461876203051177,0.8257235389936014,0.9276447287758547,-0.10192118978225317,0.17785079172604634,0.07392420504354473,0.10392658668250161,1
radar,instance,moderate,hddm_w,learned_features,0.7213840431662214,0.8128634292000628,-0.09147938603384147,0.20876386815031864,0.2846807103173811,-0.07591684216706251,0.22209465706803685,0.29873449823233994,-0.07663984116430314,0.3143962797930424,0.43420808283356155,-0.11981180304051918,0.7445578130271239,0.8416420835015627,-0.09708427047443875,0.329216893724989,0.518723601892357,-0.18950670816736795,0.39433957182705165,0.5909208872618091,-0.19658131543475751,0.621365938001729,0.7974064468321601,-0.17604050883043101,0.21015149827927224,0.1188813413722339,0.09127015690703832,0.813088549715599,0.9276285702934594,-0.11454002057786035,0.18651795548315456,0.0739413157325922,0.11257663975056237,1
radar,instance,moderate,hddm_w,learned_features_label,0.7383222449229049,0.8125447465381459,-0.07422250161524087,0.21842180086258753,0.29471623986744394,-0.07629443900485641,0.22584585608890687,0.3110820473233249,-0.08523619123441804,0.32298754830571086,0.46837747165540344,-0.14538992334969258,0.8178543589089982,0.8547121098143152,-0.036857750905317066,0.38333321808338283,0.5361601579624629,-0.15282693987907997,0.42053843735820134,0.5879942118506216,-0.1674557744924202,0.6902309497344695,0.8065703346918611,-0.11633938495739156,0.20545860443412178,0.12098651522141442,0.08447208921270737,0.42610318331813496,0.5062698721337558,-0.08016668881562088,0.18254233728794425,0.06106493881755893,0.12147739847038534,1
radar,instance,moderate,hddm_w,none,0.7212006914977213,0.8128634292000628,-0.09166273770234164,0.2087275725162676,0.2846807103173811,-0.07595313780111351,0.2220686796033671,0.29873449823233994,-0.07666581862897288,0.3143684405922661,0.43420808283356155,-0.11983964224129547,0.7445187690870977,0.8416420835015627,-0.09712331441446502,0.32913468597904066,0.518723601892357,-0.1895889159133163,0.3940202531735196,0.5909208872618091,-0.19690063408828962,0.621365938001729,0.7974064468321601,-0.17604050883043101,0.21037421188548278,0.1188813413722339,0.09149287051324888,0.8131370310243836,0.9276447287758547,-0.11450769775147107,0.1864666244282481,0.07392420504354473,0.11254241938470333,1
radar,instance,moderate,hellinger,learned_features,0.7389203206034889,0.8128634292000628,-0.07394310859657394,0.2135642870502403,0.2846807103173811,-0.07111642326714085,0.2610545271956948,0.29873449823233994,-0.037679971036645214,0.3561142056577986,0.43420808283356155,-0.07809387717576298,0.7499899202436442,0.8416420835015627,-0.09165216325791847,0.40548521912627983,0.518723601892357,-0.11323838276607713,0.40109109380301455,0.5909208872618091,-0.1898297934587946,0.5638878597011239,0.7974064468321601,-0.2335185871310362,0.18175551348742988,0.1188813413722339,0.06287417211519597,0.8430326774047127,0.9276285702934594,-0.08459589288874665,0.15929218834034445,0.0739413157325922,0.08535087260775227,1
radar,instance,moderate,hellinger,learned_features_label,0.7652225540014319,0.8125447465381459,-0.04732219253671399,0.210184174051231,0.29471623986744394,-0.08453206581621293,0.21219668339638575,0.3110820473233249,-0.09888536392693915,0.30714761647812866,0.46837747165540344,-0.16122985517727476,0.8253922040378999,0.8547121098143152,-0.029319905776415228,0.47225089701362455,0.5361601579624629,-0.0639092609488383,0.46408310045604967,0.5879942118506216,-0.12391111139457191,0.7492651599357787,0.8065703346918611,-0.05730517475608247,0.1865756722504149,0.12098651522141442,0.06558915702900046,0.44645212443510984,0.5062698721337558,-0.05981774769864595,0.1643387119132728,0.06106493881755893,0.10327377309571388,1
radar,instance,moderate,hellinger,none,0.7389115895716557,0.8128634292000628,-0.07395183962840728,0.21355740158376527,0.2846807103173811,-0.07112330873361584,0.2610441203895048,0.29873449823233994,-0.03769037784283518,0.35610927369400186,0.43420808283356155,-0.07809880913955974,0.7499689893926784,0.8416420835015627,-0.0916730941088842,0.40541471752013597,0.518723601892357,-0.11330888437222097,0.40109542481686006,0.5909208872618091,-0.18982546244494913,0.5639125602074843,0.7974064468321601,-0.23349388662467582,0.18176081619233964,0.1188813413722339,0.06287947482010574,0.8430811587134972,0.9276447287758547,-0.08456357006235737,0.15924085728543796,0.07392420504354473,0.08531665224189322,1
radar,instance,severe,adwin,learned_features,0.6817669862224317,0.7961915239142962,-0.1144245376918644,0.1816932781612782,0.2437572790832967,-0.06206400092201849,0.1948691747843486,0.2553368384970249,-0.060467663712676305,0.29979483987317007,0.3243164768494261,-0.02452163697625605,0.7271001451697495,0.8287872204819533,-0.10168707531220385,0.29112140819696597,0.5071567743206554,-0.21603536612368954,0.3240017643477218,0.5658099051246247,-0.24180814077690282,0.5423737186612326,0.5796220822526862,-0.03724836359145358,0.2443751557669567,0.10346107549460977,0.14091408027234695,0.8266133041531273,0.9047638120395524,-0.07815050788642497,0.17254743319190355,0.09418300640811543,0.0783644267837881,2
radar,instance,severe,adwin,learned_features_label,0.7171363961793005,0.806079417465556,-0.0889430212862556,0.20568289930416828,0.23956664594983304,-0.03388374664566479,0.21764096730283722,0.2525806592155091,-0.03493969191267185,0.3001225548522773,0.31142091141495276,-0.01129835656267549,0.763144996913537,0.8535095865998875,-0.09036458968635049,0.3045323964267104,0.5290513847723805,-0.22451898834566997,0.37397786040240577,0.60147855628335,-0.2275006958809442,0.6107941212794862,0.5888600716314684,0.0219340496480178,0.21866233965946025,0.0900240212532412,0.12863831840621906,0.43330531607675415,0.5052928445169793,-0.07198752844022516,0.19418732741434822,0.0624991750990548,0.13168815231529343,2
radar,instance,severe,adwin,none,0.6817669862224317,0.796235179073463,-0.11446819285103116,0.1816932781612782,0.24377348245127975,-0.06208020429000156,0.1948691747843486,0.25535544458939335,-0.06048626980504477,0.29979483987317007,0.32432310523056335,-0.024528265357393303,0.7271034277778871,0.8288076135965966,-0.10170418581870966,0.2911222131911548,0.5072669470800429,-0.21614473388888822,0.3240017643477218,0.5660447831291795,-0.24204301878145762,0.5423737186612326,0.5796220822526862,-0.03724836359145358,0.2443751557669567,0.10340804844551199,0.1409671073214447,0.8266326626137426,0.9047831705001675,-0.07815050788642493,0.17248592137012833,0.09414418046470503,0.0783417409054233,2
radar,instance,severe,d3_oof,learned_features,0.7206244433967206,0.7961915239142962,-0.0755670805175755,0.20276111748218872,0.2437572790832967,-0.04099616160110795,0.21592523690530693,0.2553368384970249,-0.03941160159171797,0.2646320772445124,0.3243164768494261,-0.05968439960491371,0.7368932705800351,0.8287872204819533,-0.09189394990191824,0.36178450853135474,0.5071567743206554,-0.1453722657893007,0.3026801111776832,0.5658099051246247,-0.2631297939469415,0.47691737680622454,0.5796220822526862,-0.10270470544646164,0.19618947625183603,0.10346107549460977,0.09272840075722626,0.7803674031062199,0.9047638120395524,-0.12439640893333255,0.2185196515991558,0.09418300640811543,0.12433664519104037,2
radar,instance,severe,d3_oof,learned_features_label,0.7555616672778389,0.806079417465556,-0.0505177501877172,0.21658656974848253,0.23956664594983304,-0.022980076201350546,0.24506711599193465,0.2525806592155091,-0.007513543223574448,0.3555779669675527,0.31142091141495276,0.04415705555259994,0.7996801134913235,0.8535095865998875,-0.0538294731085639,0.5115581518418603,0.5290513847723805,-0.017493232930520113,0.4100678092026746,0.60147855628335,-0.19141074708067538,0.5339508459923429,0.5888600716314684,-0.05490922563912559,0.15998790983280572,0.0900240212532412,0.06996388857956451,0.466159500359777,0.5052928445169793,-0.039133344157202286,0.12919998102734107,0.0624991750990548,0.06670080592828626,2
radar,instance,severe,d3_oof,none,0.7206244433967206,0.796235179073463,-0.07561073567674226,0.20276111748218872,0.24377348245127975,-0.041012364969091025,0.21592523690530693,0.25535544458939335,-0.03943020768408644,0.2646320772445124,0.32432310523056335,-0.059691027986050964,0.7369892815633888,0.8288076135965966,-0.09181833203320788,0.36182593558970905,0.5072669470800429,-0.14544101149033398,0.3026801111776832,0.5660447831291795,-0.2633646719514963,0.47691737680622454,0.5796220822526862,-0.10270470544646164,0.19618947625183603,0.10340804844551199,0.09278142780632402,0.780386761566835,0.9047831705001675,-0.12439640893333252,0.2184807965786287,0.09414418046470503,0.12433661611392365,2
radar,instance,severe,hddm_w,learned_features,0.6897602458658564,0.7961915239142962,-0.10643127804843973,0.18488031922306827,0.2437572790832967,-0.058876959860228416,0.1995063122267272,0.2553368384970249,-0.0558305262702977,0.26462501147055645,0.3243164768494261,-0.05969146537886966,0.6970743312918272,0.8287872204819533,-0.13171288919012603,0.3241306127726635,0.5071567743206554,-0.183026161547992,0.31114044862260254,0.5658099051246247,-0.25466945650202216,0.518636532048907,0.5796220822526862,-0.06098555020377916,0.24250860363871607,0.10346107549460977,0.13904752814410629,0.8387981795950298,0.9047638120395524,-0.06596563244452247,0.15816315352528165,0.09418300640811543,0.06398014711716622,2
radar,instance,severe,hddm_w,learned_features_label,0.7421289748022422,0.806079417465556,-0.06395044266331396,0.20056116866049356,0.23956664594983304,-0.03900547728933949,0.21613231561571475,0.2525806592155091,-0.03644834359979434,0.30977766670158763,0.31142091141495276,-0.001643244713365133,0.7477657976268114,0.8535095865998875,-0.10574378897307601,0.2970015640468189,0.5290513847723805,-0.23204982072556155,0.3572030804643411,0.60147855628335,-0.24427547581900888,0.4656292453995306,0.5888600716314684,-0.12323082623193778,0.17503168366183586,0.0900240212532412,0.08500766240859466,0.4338521553014904,0.5052928445169793,-0.07144068921548895,0.18517265942361424,0.0624991750990548,0.12267348432455943,2
radar,instance,severe,hddm_w,none,0.6897602458658564,0.796235179073463,-0.10647493320760648,0.18487982140342005,0.24377348245127975,-0.05889366104785972,0.19950506915062563,0.25535544458939335,-0.055850375438767745,0.26462501147055645,0.32432310523056335,-0.059698093760006905,0.6970739959188269,0.8288076135965966,-0.13173361767776984,0.32412956600663395,0.5072669470800429,-0.18313738107340902,0.3111191534829163,0.5660447831291795,-0.2549256296462632,0.5185871310361861,0.5796220822526862,-0.06103495121649993,0.24250860363871607,0.10340804844551199,0.13910055519320405,0.8388175380556451,0.9047831705001675,-0.06596563244452243,0.15812429850475454,0.09414418046470503,0.0639801180400495,2
radar,instance,severe,hellinger,learned_features,0.6875600258438542,0.7961915239142962,-0.10863149807044196,0.1938547060178006,0.2437572790832967,-0.04990257306549609,0.22179597645995988,0.2553368384970249,-0.033540862037065,0.3162574431276136,0.3243164768494261,-0.008059033721812492,0.6150951094744018,0.8287872204819533,-0.2136921110075515,0.29776620387609976,0.5071567743206554,-0.20939057044455575,0.30187549212410775,0.5658099051246247,-0.26393441300051695,0.5071507965913301,0.5796220822526862,-0.07247128566135604,0.24396154478399432,0.10346107549460977,0.14050046928938453,0.8269288235588396,0.9047638120395524,-0.07783498848071276,0.17263153646989746,0.09418300640811543,0.07844853006178203,2
radar,instance,severe,hellinger,learned_features_label,0.7447788429636614,0.806079417465556,-0.061300574501894634,0.21171806400962714,0.23956664594983304,-0.027848581940205886,0.2302637804086746,0.2525806592155091,-0.022316878806834483,0.278797393844401,0.31142091141495276,-0.03262351757055174,0.7495432444691742,0.8535095865998875,-0.10396634213071332,0.3287902988604241,0.5290513847723805,-0.20026108591195632,0.36973494355854736,0.60147855628335,-0.23174361272480262,0.5374089168827961,0.5888600716314684,-0.051451154748672345,0.193204053387633,0.0900240212532412,0.1031800321343918,0.4219848869109986,0.5052928445169793,-0.08330795760598068,0.2007460515983782,0.0624991750990548,0.13824687649932335,2
radar,instance,severe,hellinger,none,0.6875556603279375,0.796235179073463,-0.10867951874552535,0.19385424987986666,0.24377348245127975,-0.0499192325714131,0.22179579992445128,0.25535544458939335,-0.0335596446649421,0.31625678028949983,0.32432310523056335,-0.00806632494106349,0.6150951118320328,0.8288076135965966,-0.21371250176456394,0.2977658586856587,0.5072669470800429,-0.20950108839438428,0.30187011293870347,0.5660447831291795,-0.26417467019047597,0.5071507965913301,0.5796220822526862,-0.07247128566135604,0.24396684748890407,0.10340804844551199,0.14055879904339205,0.8269481820194547,0.9047831705001675,-0.07783498848071276,0.17259268144937034,0.09414418046470503,0.07844850098466533,2
radar,splice,moderate,adwin,learned_features,0.7248804598304291,0.8088848430926814,-0.08400438326225212,0.22581711803657786,0.3048882617724957,-0.07907114373591781,0.2354501867850346,0.3163531914551733,-0.08090300467013874,0.36988953315781686,0.4681707859866546,-0.09828125282883775,0.7516112184724214,0.932399116938221,-0.18078789846579957,0.37623178146878905,0.6415669286676555,-0.2653351471988665,0.3848399086413922,0.6516574260028267,-0.2668175173614345,0.7175315457570673,0.9207200115415016,-0.20318846578443425,0.23366697209264561,0.1015032826376064,0.1321636894550392,0.7682752295350075,0.9465255590333905,-0.17825032949838315,0.19524040664095224,0.0455938979470857,0.14964650869386656,5
radar,splice,moderate,adwin,learned_features_label,0.7405425586224733,0.8075222187461342,-0.06697966012366081,0.24942722945158502,0.3057298119710487,-0.056302582519463656,0.2595067128260024,0.31632916118470084,-0.05682244835869843,0.371856158670937,0.46769527290210133,-0.09583911423116426,0.8274128231198272,0.9334818720536493,-0.10606904893382212,0.4439776893791592,0.6479999908782793,-0.20402230149912004,0.41492609764677263,0.6481149112860445,-0.23318881363927177,0.803457157401188,0.9223700771276828,-0.11891291972649483,0.2305036500896994,0.10312585391344103,0.12737779617625836,0.7654866595468356,0.9523488684829036,-0.18686220893606797,0.18193054069629155,0.04235784553168861,0.13957269516460294,5
radar,splice,moderate,adwin,none,0.7295736298354075,0.8088848430926814,-0.07931121325727393,0.2252336647808165,0.3048882617724957,-0.07965459699167916,0.24999993626472886,0.3163531914551733,-0.06635325519044445,0.37232133697896685,0.4681707859866546,-0.09584944900768771,0.8052839218000917,0.9323965254839847,-0.127112603683893,0.42387449687203427,0.6415363638455313,-0.21766186697349696,0.3947166984089247,0.6516574260028267,-0.256940727593902,0.7063423547328626,0.9207200115415016,-0.21437765680863904,0.22366988046469674,0.1015032826376064,0.12216659782709037,0.7824702226941186,0.9509498633239675,-0.16847964062984902,0.1999153391084411,0.0455337582792589,0.15438158082918219,5
radar,splice,moderate,d3_oof,learned_features,0.7686838920243041,0.8088848430926814,-0.040200951068377254,0.27173451782217933,0.3048882617724957,-0.03315374395031634,0.27264849273640757,0.3163531914551733,-0.043704698718765755,0.4200902787814749,0.4681707859866546,-0.048080507205179646,0.8513779919529898,0.932399116938221,-0.08102112498523117,0.5200206214822756,0.6415669286676555,-0.12154630718537995,0.4915723084394175,0.6516574260028267,-0.16008511756340923,0.8602774366755753,0.9207200115415016,-0.0604425748659263,0.1865953066993997,0.1015032826376064,0.0850920240617933,0.827101911391806,0.9465255590333905,-0.11942364764158453,0.13814416423486844,0.0455938979470857,0.09255026628778273,5
radar,splice,moderate,d3_oof,learned_features_label,0.750304980208333,0.8075222187461342,-0.05721723853780114,0.2594140676183972,0.3057298119710487,-0.04631574435265148,0.263286017740876,0.31632916118470084,-0.05304314344382479,0.36734306852386284,0.46769527290210133,-0.10035220437823844,0.8694292866443742,0.9334818720536493,-0.06405258540927505,0.5214227316715486,0.6479999908782793,-0.1265772592067307,0.4596922139684665,0.6481149112860445,-0.188422697317578,0.8542373391092747,0.9223700771276828,-0.06813273801840809,0.2061331677944307,0.10312585391344103,0.10300731388098967,0.8300794378779393,0.9523488684829036,-0.12226943060496431,0.13154679986801324,0.04235784553168861,0.08918895433632464,5
radar,splice,moderate,d3_oof,none,0.7747213920039812,0.8088848430926814,-0.034163451088700225,0.2768866796718879,0.3048882617724957,-0.02800158210060773,0.2767298713011554,0.3163531914551733,-0.03962332015401795,0.42667895427443603,0.4681707859866546,-0.041491831712218576,0.8695531333442434,0.9323965254839847,-0.06284339213974126,0.523828215638975,0.6415363638455313,-0.11770814820655617,0.49799706294923096,0.6516574260028267,-0.15366036305359573,0.8563405660976838,0.9207200115415016,-0.06437944544381773,0.1794485698556042,0.1015032826376064,0.0779452872179978,0.8289637957580056,0.9509498633239675,-0.1219860675659619,0.13220430574622608,0.0455337582792589,0.08667054746696717,5
radar,splice,moderate,hddm_w,learned_features,0.71423501543249,0.8088848430926814,-0.09464982766019137,0.22462265257684597,0.3048882617724957,-0.0802656091956497,0.23533979827337329,0.3163531914551733,-0.08101339318180002,0.3646429323423072,0.4681707859866546,-0.10352785364434741,0.7837444288022878,0.932399116938221,-0.1486546881359332,0.40508002543635496,0.6415669286676555,-0.23648690323130053,0.38721860525230145,0.6516574260028267,-0.26443882075052527,0.7631556832148068,0.9207200115415016,-0.15756432832669479,0.24695411088009167,0.1015032826376064,0.1454508282424853,0.7800904319889553,0.9465255590333905,-0.16643512704443528,0.18387600255842682,0.0455938979470857,0.1382821046113411,5
radar,splice,moderate,hddm_w,learned_features_label,0.7195048670867997,0.8075222187461342,-0.08801735165933444,0.23984640391170967,0.3057298119710487,-0.06588340805933902,0.24225296774010388,0.31632916118470084,-0.07407619344459693,0.37650050053182255,0.46769527290210133,-0.09119477237027877,0.8128910901476472,0.9334818720536493,-0.12059078190600207,0.41743736377162616,0.6479999908782793,-0.23056262710665318,0.39604018761996534,0.6481149112860445,-0.2520747236660791,0.7925419977608433,0.9223700771276828,-0.12982807936683935,0.2463442823591948,0.10312585391344103,0.14321842844575375,0.7878613211429415,0.9523488684829036,-0.1644875473399621,0.1726419774765118,0.04235784553168861,0.13028413194482322,5
radar,splice,moderate,hddm_w,none,0.6828402969072696,0.8088848430926814,-0.1260445461854118,0.22901807462376675,0.3048882617724957,-0.07587018714872894,0.2462765912624624,0.3163531914551733,-0.07007660019271092,0.3522203402765453,0.4681707859866546,-0.11595044571010928,0.7655363909615128,0.9323965254839847,-0.16686013452247192,0.35502808578616035,0.6415363638455313,-0.2865082780593708,0.3556909210282318,0.6516574260028267,-0.29596650497459487,0.7480697877453678,0.9207200115415016,-0.17265022379613373,0.28606987963237757,0.1015032826376064,0.18456659699477115,0.8052024367392564,0.9509498633239675,-0.14574742658471115,0.17685727054992842,0.0455337582792589,0.13132351227066952,5
radar,splice,moderate,hellinger,learned_features,0.7371732327915174,0.8088848430926814,-0.07171161030116395,0.2318475526759621,0.3048882617724957,-0.07304070909653358,0.22634923200874824,0.3163531914551733,-0.09000395944642509,0.39445239920088876,0.4681707859866546,-0.07371838678576591,0.7632804169107823,0.932399116938221,-0.16911870002743867,0.37143483973629365,0.6415669286676555,-0.27013208893136187,0.40861584684949653,0.6516574260028267,-0.24304157915333016,0.7190544399314128,0.9207200115415016,-0.20166557161008883,0.21643084441618865,0.1015032826376064,0.11492756177858222,0.7337180961802136,0.9465255590333905,-0.2128074628531771,0.19998607282193767,0.0455938979470857,0.15439217487485196,5
radar,splice,moderate,hellinger,learned_features_label,0.7007966813298653,0.8075222187461342,-0.10672553741626889,0.23246658866128256,0.3057298119710487,-0.07326322330976615,0.24069997571079027,0.31632916118470084,-0.07562918547391055,0.3591155725256301,0.46769527290210133,-0.1085797003764712,0.7119272683839104,0.9334818720536493,-0.22155460366973886,0.2929391128598117,0.6479999908782793,-0.3550608780184676,0.3604265859087033,0.6481149112860445,-0.2876883253773411,0.6915362170678526,0.9223700771276828,-0.23083386005983023,0.26884618360721124,0.10312585391344103,0.1657203296937702,0.7235369802003557,0.9523488684829036,-0.22881188828254792,0.19293488420070712,0.04235784553168861,0.1505770386690185,5
radar,splice,moderate,hellinger,none,0.7609634427030919,0.8088848430926814,-0.0479214003895894,0.25128175335248787,0.3048882617724957,-0.053606508420007776,0.2452357391977227,0.3163531914551733,-0.0711174522574506,0.40793685373411365,0.4681707859866546,-0.060233932252541,0.8058379650051951,0.9323965254839847,-0.12655856047878966,0.4331220066629842,0.6415363638455313,-0.2084143571825469,0.44830542944127605,0.6516574260028267,-0.20335199656155067,0.7200957709510295,0.9207200115415016,-0.2006242405904721,0.19034397501578257,0.1015032826376064,0.08884069237817614,0.7527043196641157,0.9509498633239675,-0.19824554365985192,0.18095882548053147,0.0455337582792589,0.13542506720127254,5
radar,splice,severe,adwin,learned_features,0.7066048008194765,0.8044689405280123,-0.09786413970853573,0.23254875988004256,0.2970507112876475,-0.06450195140760494,0.2443658506643125,0.2956850898806142,-0.051319239216301694,0.3239277492190746,0.4878731463511346,-0.1639453971320601,0.7609211148669982,0.9382538192509591,-0.1773327043839608,0.3858051396257532,0.7413268215177172,-0.3555216818919639,0.4069621709303952,0.7116386212460725,-0.30467645031567714,0.6851067508934171,0.9527288959189767,-0.26762214502555953,0.23588373123789394,0.09014316852411818,0.14574056271377575,0.7829438833030959,0.9550584978238598,-0.17211461452076396,0.1720230430652171,0.036598563278475,0.1354244797867421,6
radar,splice,severe,adwin,learned_features_label,0.7295613263056406,0.8065025698481397,-0.07694124354249905,0.2307453334736352,0.2987175409283948,-0.06797220745475956,0.24240543173191073,0.2979690960481022,-0.055563664316191475,0.3490560836214056,0.48401389310859866,-0.13495780948719305,0.8028168283007305,0.9410675229353546,-0.13825069463462417,0.430454196975218,0.7470742623721733,-0.3166200653969553,0.43861203004969446,0.7196962437039551,-0.28108421365426073,0.6748099579189937,0.9547125567102355,-0.27990259879124185,0.20844736783704557,0.087274274457922,0.12117309337912356,0.7800709183874209,0.9514103023758249,-0.171339383988404,0.17872126879979863,0.03693510263879656,0.14178616616100206,6
radar,splice,severe,adwin,none,0.7266597111608717,0.8044748410685019,-0.07781512990763013,0.20803828567547133,0.29705165461005484,-0.08901336893458354,0.22356850996523855,0.2956853297793683,-0.07211681981412973,0.29719729414854956,0.48787406424042984,-0.1906767700918803,0.766690657455376,0.9382514533302372,-0.17156079587486128,0.40727390821038423,0.7413104394709654,-0.33403653126058125,0.42995465918074105,0.7116567037837033,-0.28170204460296216,0.6634362989578263,0.9527288959189767,-0.2892925969611504,0.2065916850807321,0.09013582540975651,0.1164558596709756,0.7953798033010638,0.9620922072691602,-0.1667124039680964,0.1743120487981568,0.03656307611766794,0.13774897268048888,6
radar,splice,severe,d3_oof,learned_features,0.8238225953926793,0.8044689405280123,0.019353654864667003,0.2869675955985385,0.2970507112876475,-0.010083115689109004,0.2885629600192061,0.2956850898806142,-0.00712212986140807,0.39991612156537265,0.4878731463511346,-0.087957024785762,0.9046604223139662,0.9382538192509591,-0.03359339693699285,0.6797418689188447,0.7413268215177172,-0.06158495259887253,0.6404620406487399,0.7116386212460725,-0.07117658059733241,0.8682101814401263,0.9527288959189767,-0.08451871447885047,0.11293846299548527,0.09014316852411818,0.022795294471367102,0.8819693992871501,0.9550584978238598,-0.07308909853670968,0.13148640116289187,0.036598563278475,0.09488783788441686,6
radar,splice,severe,d3_oof,learned_features_label,0.8114062970129301,0.8065025698481397,0.004903727164790335,0.2801340051920282,0.2987175409283948,-0.01858353573636658,0.2826110781062677,0.2979690960481022,-0.01535801794183452,0.41893520439125703,0.48401389310859866,-0.06507868871734164,0.9191450352958105,0.9410675229353546,-0.021922487639544148,0.6878623311844315,0.7470742623721733,-0.05921193118774167,0.641187637247791,0.7196962437039551,-0.07850860645616413,0.8748747490519614,0.9547125567102355,-0.07983780765827404,0.11478352038410906,0.087274274457922,0.02750924592618707,0.8552398511238698,0.9514103023758249,-0.096170451251955,0.1544137836381444,0.03693510263879656,0.11747868099934783,6
radar,splice,severe,d3_oof,none,0.8012292549833419,0.8044748410685019,-0.0032455860851599017,0.275051001683886,0.29705165461005484,-0.022000652926168873,0.2751586830118422,0.2956853297793683,-0.020526646767526063,0.4108970870462212,0.48787406424042984,-0.07697697719420867,0.9137251353204648,0.9382514533302372,-0.024526318009772452,0.6811904353079331,0.7413104394709654,-0.06012000416303246,0.6184036153235493,0.7116567037837033,-0.0932530884601539,0.8448726431449378,0.9527288959189767,-0.1078562527740388,0.12159643665109963,0.09013582540975651,0.03146061124134313,0.8901805834142844,0.9620922072691602,-0.07191162385487578,0.13840062337787454,0.03656307611766794,0.10183754726020659,6
radar,splice,severe,hddm_w,learned_features,0.7108069726828216,0.8044689405280123,-0.09366196784519076,0.21483746586512995,0.2970507112876475,-0.08221324542251757,0.2299304501522227,0.2956850898806142,-0.0657546397283915,0.31323932747245503,0.4878731463511346,-0.17463381887867965,0.7485594138522655,0.9382538192509591,-0.18969440539869345,0.37931330503184224,0.7413268215177172,-0.3620135164858749,0.38787887939843085,0.7116386212460725,-0.32375974184764156,0.6522022935395757,0.9527288959189767,-0.30052660237940093,0.2382298656562102,0.09014316852411818,0.14808669713209208,0.781092940923925,0.9550584978238598,-0.1739655568999349,0.20199751405046387,0.036598563278475,0.16539895077198885,6
radar,splice,severe,hddm_w,learned_features_label,0.74277176326149,0.8065025698481397,-0.0637308065866498,0.22186110308175153,0.2987175409283948,-0.07685643784664324,0.23411404396817279,0.2979690960481022,-0.0638550520799294,0.3252601697061102,0.48401389310859866,-0.15875372340248847,0.7870946282860031,0.9410675229353546,-0.15397289464935152,0.40633349048485784,0.7470742623721733,-0.34074077188731544,0.42206159296398243,0.7196962437039551,-0.2976346507399727,0.6282998025049119,0.9547125567102355,-0.32641275420532356,0.20466463363241574,0.087274274457922,0.11739035917449374,0.7859899154173972,0.9514103023758249,-0.16542038695842787,0.18676018495564184,0.03693510263879656,0.14982508231684527,6
radar,splice,severe,hddm_w,none,0.7218327905155396,0.8044748410685019,-0.08264205055296221,0.24010227061621595,0.29705165461005484,-0.05694938399383891,0.25537522286095443,0.2956853297793683,-0.04031010691841383,0.3917623297714569,0.48787406424042984,-0.09611173446897292,0.7600423300389735,0.9382514533302372,-0.17820912329126373,0.40130690799273855,0.7413104394709654,-0.3400035314782269,0.3946512713496669,0.7116567037837033,-0.3170054324340363,0.6697187801780795,0.9527288959189767,-0.28301011574089724,0.23978393278744917,0.09013582540975651,0.14964810737769266,0.7887122577362117,0.9620922072691602,-0.17337994953294864,0.20275198384170323,0.03656307611766794,0.1661889077240353,6
radar,splice,severe,hellinger,learned_features,0.7595104024399935,0.8044689405280123,-0.04495853808801886,0.24009545058418702,0.2970507112876475,-0.0569552607034605,0.23652860795189257,0.2956850898806142,-0.05915648192872164,0.4335121680862559,0.4878731463511346,-0.054360978264878734,0.8311121367201401,0.9382538192509591,-0.10714168253081895,0.49154739417393706,0.7413268215177172,-0.24977942734378003,0.4944244605064156,0.7116386212460725,-0.21721416073965685,0.8277927330062882,0.9527288959189767,-0.1249361629126885,0.20436683252396548,0.09014316852411818,0.1142236639998473,0.7921968775735898,0.9550584978238598,-0.16286162025027007,0.20275410267297742,0.036598563278475,0.16615553939450242,6
radar,splice,severe,hellinger,learned_features_label,0.716271081203673,0.8065025698481397,-0.09023148864446684,0.21727171412711713,0.2987175409283948,-0.08144582680127764,0.22587218951342955,0.2979690960481022,-0.07209690653467264,0.37241067561997226,0.48401389310859866,-0.11160321748862644,0.8103745005774544,0.9410675229353546,-0.13069302235790026,0.43713393262014316,0.7470742623721733,-0.30994032975203006,0.4481631163339099,0.7196962437039551,-0.2715331273700452,0.8139961807795482,0.9547125567102355,-0.1407163759306873,0.2522834430538902,0.087274274457922,0.16500916859596818,0.8079166251556384,0.9514103023758249,-0.1434936772201865,0.18718038248721883,0.03693510263879656,0.15024527984842226,6
radar,splice,severe,hellinger,none,0.7746040449390968,0.8044748410685019,-0.02987079612940498,0.2532960118489356,0.29705165461005484,-0.04375564276111928,0.2572028799560409,0.2956853297793683,-0.03848244982332737,0.4110481848372771,0.48787406424042984,-0.07682587940315276,0.8302524924499921,0.9382514533302372,-0.10799896088024519,0.5306657122132042,0.7413104394709654,-0.21064472725776118,0.5033551987158352,0.7116567037837033,-0.2083015050678679,0.8079868682833057,0.9527288959189767,-0.1447420276356711,0.1959849961127866,0.09013582540975651,0.10584917070303008,0.7776796386825041,0.9620922072691602,-0.18441256858665608,0.2144545388240482,0.03656307611766794,0.17789146270638023,6
