condition,stream,mode,level,detector,granularity,accuracy_oracle_minus_random,macro_f1_oracle_minus_random,macro_recall_oracle_minus_random,roc_auc_oracle_minus_random,poison_admission_rate_oracle_minus_random,legitimate_withhold_rate_oracle_minus_random,filter_poison_recall_oracle_minus_random,filter_legitimate_rejection_oracle_minus_random,scored_resets_oracle_minus_random,total_seconds_oracle_minus_random
SEA_A__base_s0__clean__none__anone,SEA_A,clean,none,adwin,rows,0.0,0.0,0.0,0.0,,0.0,,0.0,0,-0.23927808299958997
SEA_A__base_s0__clean__none__anone,SEA_A,clean,none,adwin,blocks,0.0,0.0,0.0,0.0,,0.0,,0.0,0,-0.2179978750009468
SEA_A__base_s0__clean__none__anone,SEA_A,clean,none,hddm_w,rows,0.0,0.0,0.0,0.0,,0.0,,0.0,0,0.08477574899916362
SEA_A__base_s0__clean__none__anone,SEA_A,clean,none,hddm_w,blocks,0.0,0.0,0.0,0.0,,0.0,,0.0,0,0.07157899900084885
SEA_A__base_s0__clean__none__anone,SEA_A,clean,none,hellinger,rows,0.0,0.0,0.0,0.0,,0.0,,0.0,0,0.04310966600132815
SEA_A__base_s0__clean__none__anone,SEA_A,clean,none,hellinger,blocks,0.0,0.0,0.0,0.0,,0.0,,0.0,0,0.013806042001306196
SEA_A__base_s0__clean__none__anone,SEA_A,clean,none,d3_oof,rows,0.0,0.0,0.0,0.0,,0.0,,0.0,0,-0.14743683400229202
SEA_A__base_s0__clean__none__anone,SEA_A,clean,none,d3_oof,blocks,0.0,0.0,0.0,0.0,,0.0,,0.0,0,0.23163216700049905
SEA_A__base_s0__splice__severe__a0,SEA_A,splice,severe,adwin,rows,0.0073082088962630465,0.007847122581756572,0.007246267578530863,0.003778717525142139,-0.6344689311227928,-0.2609792435580537,0.7504380644291684,-0.2513572387950202,0,0.1329334160000144
SEA_A__base_s0__splice__severe__a0,SEA_A,splice,severe,adwin,blocks,-0.010333073736723875,-0.013091449244266085,-0.01651877575904903,-0.010510944958952995,-0.1554960237228737,-0.0949728552240996,0.2069348968863728,-0.0693122947211594,0,0.518834875998436
SEA_A__base_s0__splice__severe__a0,SEA_A,splice,severe,hddm_w,rows,0.01937945123534135,0.022324666696382223,0.026505474191748313,0.005480476202933571,-0.6674080064698746,-0.2636880777435411,0.7504380644291684,-0.2513572387950202,1,-1.2303284569989046
SEA_A__base_s0__splice__severe__a0,SEA_A,splice,severe,hddm_w,blocks,-0.010333073736723875,-0.013091449244266085,-0.01651877575904903,-0.010510944958952995,-0.1554960237228737,-0.0949728552240996,0.2069348968863728,-0.0693122947211594,0,0.39370975000019826
SEA_A__base_s0__splice__severe__a0,SEA_A,splice,severe,hellinger,rows,-0.01615706723552157,-0.018977791620588103,-0.02268982698329214,-0.0051744754701835705,-0.585692141798086,-0.3242474520028443,0.7504380644291684,-0.2513572387950202,-2,2.0543597920004686
SEA_A__base_s0__splice__severe__a0,SEA_A,splice,severe,hellinger,blocks,-0.010333073736723875,-0.013091449244266085,-0.01651877575904903,-0.010510944958952995,-0.1554960237228737,-0.0949728552240996,0.2069348968863728,-0.0693122947211594,0,0.542645708001146
SEA_A__base_s0__splice__severe__a0,SEA_A,splice,severe,d3_oof,rows,0.00883192812559963,0.010846935780097988,0.015491619215553643,0.0029329316939622485,-0.6501044615177247,-0.27939367261481507,0.7504380644291684,-0.2513572387950202,0,-0.18291308299922093
SEA_A__base_s0__splice__severe__a0,SEA_A,splice,severe,d3_oof,blocks,-0.010333073736723875,-0.013091449244266085,-0.01651877575904903,-0.010510944958952995,-0.1554960237228737,-0.0949728552240996,0.2069348968863728,-0.0693122947211594,0,0.4674380010001187
SEA_A__base_s0__splice__moderate__a0,SEA_A,splice,moderate,adwin,rows,0.004130997411905257,0.0037916838827206645,0.0006439088070882004,0.0011319175656108182,-0.7873421274207129,-0.1028021102926538,0.8501543642997476,-0.1507614971132789,1,-0.3915501659994334
SEA_A__base_s0__splice__moderate__a0,SEA_A,splice,moderate,adwin,blocks,0.010058729842723602,0.010757651833845583,0.009404154006178445,0.002070959115428428,-0.382879595846197,-0.030071670316543897,0.4121246140892506,-0.07308381445351386,0,-0.2124361249989306
SEA_A__base_s0__splice__moderate__a0,SEA_A,splice,moderate,hddm_w,rows,0.022008759705355208,0.02544842841966588,0.030104514727633314,0.00527000141237699,-0.7614650575357844,-0.1194405733625324,0.8501543642997476,-0.1507614971132789,1,-1.7951980419984466
SEA_A__base_s0__splice__moderate__a0,SEA_A,splice,moderate,hddm_w,blocks,0.010058729842723602,0.010757651833845583,0.009404154006178445,0.002070959115428428,-0.382879595846197,-0.030071670316543897,0.4121246140892506,-0.07308381445351386,0,-0.141954584001724
SEA_A__base_s0__splice__moderate__a0,SEA_A,splice,moderate,hellinger,rows,-0.01031753931913204,-0.012464468724103894,-0.01717750065235102,-0.0034847177101418048,-0.7231827111984283,-0.0705653991638463,0.8501543642997476,-0.1507614971132789,-1,1.1027186249993974
SEA_A__base_s0__splice__moderate__a0,SEA_A,splice,moderate,hellinger,blocks,0.010058729842723602,0.010757651833845583,0.009404154006178445,0.002070959115428428,-0.382879595846197,-0.030071670316543897,0.4121246140892506,-0.07308381445351386,0,-0.17539883399877043
SEA_A__base_s0__splice__moderate__a0,SEA_A,splice,moderate,d3_oof,rows,-0.014085208043002173,-0.01711733583879782,-0.022939358140931843,-0.0029089512331926803,-0.7019085040696043,-0.12206848496914201,0.8501543642997476,-0.1507614971132789,-2,2.3626511670008767
SEA_A__base_s0__splice__moderate__a0,SEA_A,splice,moderate,d3_oof,blocks,0.010058729842723602,0.010757651833845583,0.009404154006178445,0.002070959115428428,-0.382879595846197,-0.030071670316543897,0.4121246140892506,-0.07308381445351386,0,-0.17279829099970812
SEA_A__base_s0__concept__moderate__a0,SEA_A,concept,moderate,adwin,rows,0.013348922831981747,0.014769255011313986,0.01560730317458292,0.008402941828471566,-0.5014341957255343,-0.3074879347231206,0.8496625421822273,-0.1503258868600427,-10,0.9481109999978798
SEA_A__base_s0__concept__moderate__a0,SEA_A,concept,moderate,adwin,blocks,0.008890989601472832,0.010651558460725852,0.012537999821246704,0.0027056631447813784,-0.3677446569178852,-0.0461565252002587,0.4377390326209224,-0.07744663913627542,0,0.17561716699856333
SEA_A__base_s0__concept__moderate__a0,SEA_A,concept,moderate,hddm_w,rows,0.008552664311657243,0.010158592046389914,0.013721413921258585,0.006379611753106196,-0.5841676040494939,-0.25301258769092994,0.8496625421822273,-0.1503258868600427,-11,1.21343700000034
SEA_A__base_s0__concept__moderate__a0,SEA_A,concept,moderate,hddm_w,blocks,0.008890989601472832,0.010651558460725852,0.012537999821246704,0.0027056631447813784,-0.3677446569178852,-0.0461565252002587,0.4377390326209224,-0.07744663913627542,0,0.04702495800120232
SEA_A__base_s0__concept__moderate__a0,SEA_A,concept,moderate,hellinger,rows,0.014916164983332592,0.016415533915498104,0.01667540395715561,0.0075696357868719755,-0.6484251968503937,-0.13072789691029407,0.8496625421822273,-0.1503258868600427,-2,0.43158666800081846
SEA_A__base_s0__concept__moderate__a0,SEA_A,concept,moderate,hellinger,blocks,0.008890989601472832,0.010651558460725852,0.012537999821246704,0.0027056631447813784,-0.3677446569178852,-0.0461565252002587,0.4377390326209224,-0.07744663913627542,0,0.12667091699950106
SEA_A__base_s0__concept__moderate__a0,SEA_A,concept,moderate,d3_oof,rows,-0.0012736952087170073,-0.0010199517797007118,0.00013265046112687084,0.003073930415846804,-0.707339707536558,-0.17343151400567197,0.8496625421822273,-0.1503258868600427,-2,1.6851604579987907
SEA_A__base_s0__concept__moderate__a0,SEA_A,concept,moderate,d3_oof,blocks,0.008890989601472832,0.010651558460725852,0.012537999821246704,0.0027056631447813784,-0.3677446569178852,-0.0461565252002587,0.4377390326209224,-0.07744663913627542,0,0.15083654100089916
SEA_A__base_s1__concept__moderate__a1,SEA_A,concept,moderate,adwin,rows,0.011308433543043783,0.012240082188051393,0.011963529829350006,0.006874021778770167,-0.6565744430102699,-0.16500258819781802,0.852180257029014,-0.1511607071752807,-9,0.6251399169996148
SEA_A__base_s1__concept__moderate__a1,SEA_A,concept,moderate,adwin,blocks,-0.009541490801943109,-0.011152166553440201,-0.012950538135454992,-0.0014341063940928045,-0.2957797856220888,-0.12339233097077329,0.41604467141814916,-0.07379847893605163,0,0.5319417090013299
SEA_A__base_s1__concept__moderate__a1,SEA_A,concept,moderate,hddm_w,rows,-0.014299792944174494,-0.016959629133898257,-0.021099886818456204,-0.0012198268812128044,-0.6718951680790167,-0.23574998009078607,0.852180257029014,-0.1511607071752807,-10,3.187134874999174
SEA_A__base_s1__concept__moderate__a1,SEA_A,concept,moderate,hddm_w,blocks,-0.009541490801943109,-0.011152166553440201,-0.012950538135454992,-0.0014341063940928045,-0.2957797856220888,-0.12339233097077329,0.41604467141814916,-0.07379847893605163,0,0.524233791998995
SEA_A__base_s1__concept__moderate__a1,SEA_A,concept,moderate,hellinger,rows,0.006983156804969193,0.007903138404581234,0.009101679937655427,0.005310584514347627,-0.6435265727594142,-0.2424743171139603,0.852180257029014,-0.1511607071752807,-2,0.12570883400076127
SEA_A__base_s1__concept__moderate__a1,SEA_A,concept,moderate,hellinger,blocks,-0.009541490801943109,-0.011152166553440201,-0.012950538135454992,-0.0014341063940928045,-0.2957797856220888,-0.12339233097077329,0.41604467141814916,-0.07379847893605163,0,0.5203527499998017
SEA_A__base_s1__concept__moderate__a1,SEA_A,concept,moderate,d3_oof,rows,-0.015708369833558944,-0.018334928194847167,-0.021852745857612987,-0.001525920021468452,-0.6757954991862618,-0.192472326192562,0.852180257029014,-0.1511607071752807,-2,2.4979207500000484
SEA_A__base_s1__concept__moderate__a1,SEA_A,concept,moderate,d3_oof,blocks,-0.009541490801943109,-0.011152166553440201,-0.012950538135454992,-0.0014341063940928045,-0.2957797856220888,-0.12339233097077329,0.41604467141814916,-0.07379847893605163,0,0.4933577499996318
SEA_A__base_s0__instance__moderate__a0,SEA_A,instance,moderate,adwin,rows,0.0029465229338405674,0.0031291670616802048,0.002729574055504558,0.0036941787641008306,-0.6311620460099435,-0.26801825338767554,0.8484312238420268,-0.1503117706482739,1,0.10606416699920374
SEA_A__base_s0__instance__moderate__a0,SEA_A,instance,moderate,adwin,blocks,0.0,0.0,0.0,0.0,0.0,0.0,0.0,0.0,0,-0.03002187399943068
SEA_A__base_s0__instance__moderate__a0,SEA_A,instance,moderate,hddm_w,rows,-0.0003973789896427604,-0.00015122166295122863,0.0011149856393107838,0.0008961286878506058,-0.6312182242071852,-0.3002801705905478,0.8484312238420268,-0.1503117706482739,-1,0.9630338749975635
SEA_A__base_s0__instance__moderate__a0,SEA_A,instance,moderate,hddm_w,blocks,0.0,0.0,0.0,0.0,0.0,0.0,0.0,0.0,0,0.08775766699909582
SEA_A__base_s0__instance__moderate__a0,SEA_A,instance,moderate,hellinger,rows,-9.723102938063999e-05,0.00019174510291053437,0.0015004813494295943,0.0014707335792072396,-0.5885789725007724,-0.25284524929210894,0.8484312238420268,-0.1503117706482739,-1,0.5132876249990659
SEA_A__base_s0__instance__moderate__a0,SEA_A,instance,moderate,hellinger,blocks,0.0,0.0,0.0,0.0,0.0,0.0,0.0,0.0,0,-0.017618082998524187
SEA_A__base_s0__instance__moderate__a0,SEA_A,instance,moderate,d3_oof,rows,0.014030860283237967,0.01686982432362394,0.022063729541016985,0.007479892967493407,-0.6644476278756215,-0.24612215039636923,0.8484312238420268,-0.1503117706482739,1,-0.9165966239997942
SEA_A__base_s0__instance__moderate__a0,SEA_A,instance,moderate,d3_oof,blocks,0.0,0.0,0.0,0.0,0.0,0.0,0.0,0.0,0,-0.06618395799887367
SEA_A__base_s1__clean__none__anone,SEA_A,clean,none,adwin,rows,0.0,0.0,0.0,0.0,,0.0,,0.0,0,-0.01187812499847496
SEA_A__base_s1__clean__none__anone,SEA_A,clean,none,adwin,blocks,0.0,0.0,0.0,0.0,,0.0,,0.0,0,-0.00627104199884343
SEA_A__base_s1__clean__none__anone,SEA_A,clean,none,hddm_w,rows,0.0,0.0,0.0,0.0,,0.0,,0.0,0,-0.10684933399898
SEA_A__base_s1__clean__none__anone,SEA_A,clean,none,hddm_w,blocks,0.0,0.0,0.0,0.0,,0.0,,0.0,0,-0.548953542000163
SEA_A__base_s1__clean__none__anone,SEA_A,clean,none,hellinger,rows,0.0,0.0,0.0,0.0,,0.0,,0.0,0,0.004112750000786036
SEA_A__base_s1__clean__none__anone,SEA_A,clean,none,hellinger,blocks,0.0,0.0,0.0,0.0,,0.0,,0.0,0,-0.04459041699919908
SEA_A__base_s1__clean__none__anone,SEA_A,clean,none,d3_oof,rows,0.0,0.0,0.0,0.0,,0.0,,0.0,0,0.031794249998711166
SEA_A__base_s1__clean__none__anone,SEA_A,clean,none,d3_oof,blocks,0.0,0.0,0.0,0.0,,0.0,,0.0,0,-0.011786041000959813
SEA_A__base_s0__instance__severe__a0,SEA_A,instance,severe,adwin,rows,0.006328471781864131,0.006568975365347063,0.005127306463291181,0.003707074681837952,-0.5090553767879105,-0.3996038218214038,0.7491281567464663,-0.2509467078270586,1,0.4308012920009783
SEA_A__base_s0__instance__severe__a0,SEA_A,instance,severe,adwin,blocks,0.0,0.0,0.0,0.0,0.0,0.0,0.0,0.0,0,-0.08782149999933608
SEA_A__base_s0__instance__severe__a0,SEA_A,instance,severe,hddm_w,rows,-0.017285986049461077,-0.019979455277866376,-0.02272154606198462,-0.004200419107879605,-0.4051080748690129,-0.5294622248057202,0.7491281567464663,-0.2509467078270586,-1,3.154517124999984
SEA_A__base_s0__instance__severe__a0,SEA_A,instance,severe,hddm_w,blocks,0.0,0.0,0.0,0.0,0.0,0.0,0.0,0.0,0,0.12801466600103617
SEA_A__base_s0__instance__severe__a0,SEA_A,instance,severe,hellinger,rows,0.006577890509406048,0.0073943547151715805,0.008131969272887396,0.002528649179122988,-0.4051080748690129,-0.4289108486226882,0.7491281567464663,-0.2509467078270586,2,0.6359526249998453
SEA_A__base_s0__instance__severe__a0,SEA_A,instance,severe,hellinger,blocks,0.0,0.0,0.0,0.0,0.0,0.0,0.0,0.0,0,0.03928654200171855
SEA_A__base_s0__instance__severe__a0,SEA_A,instance,severe,d3_oof,rows,-0.019196787148594296,-0.02251005429403874,-0.026975505398352806,-0.0035301326778578446,-0.5545260036726923,-0.37459719063394153,0.7491281567464663,-0.2509467078270586,-1,2.6335087489987927
SEA_A__base_s0__instance__severe__a0,SEA_A,instance,severe,d3_oof,blocks,0.0,0.0,0.0,0.0,0.0,0.0,0.0,0.0,0,-0.06466433400237337
SEA_A__base_s0__concept__severe__a0,SEA_A,concept,severe,adwin,rows,0.012176465607270814,0.012902677172343835,0.011426957817031735,0.00680224343228053,-0.5431192660550459,-0.2501453611448249,0.7525797491793621,-0.2523751728809732,-4,0.12592916600078752
SEA_A__base_s0__concept__severe__a0,SEA_A,concept,severe,adwin,blocks,0.005470095119816998,0.005866366701854586,0.005210510005729585,0.01593239250326761,-0.1256628229946974,-0.07431764938327357,0.1889739920882081,-0.06337181405063641,0,-0.020631376000892487
SEA_A__base_s0__concept__severe__a0,SEA_A,concept,severe,hddm_w,rows,0.008591831550424978,0.00927854428116126,0.009107487916386825,0.0038149735858964418,-0.5167241814662066,-0.33124276722459,0.7525797491793621,-0.2523751728809732,-4,0.45311691599818005
SEA_A__base_s0__concept__severe__a0,SEA_A,concept,severe,hddm_w,blocks,0.005470095119816998,0.005866366701854586,0.005210510005729585,0.01593239250326761,-0.1256628229946974,-0.07431764938327357,0.1889739920882081,-0.06337181405063641,0,-0.003589125000871718
SEA_A__base_s0__concept__severe__a0,SEA_A,concept,severe,hellinger,rows,-0.008524090434389953,-0.009763615042082008,-0.011257328829461288,-0.002107513190881649,-0.6040568975675448,-0.24637443901888278,0.7525797491793621,-0.2523751728809732,-1,0.9423362500001531
SEA_A__base_s0__concept__severe__a0,SEA_A,concept,severe,hellinger,blocks,0.005470095119816998,0.005866366701854586,0.005210510005729585,0.01593239250326761,-0.1256628229946974,-0.07431764938327357,0.1889739920882081,-0.06337181405063641,0,0.00556879100076868
SEA_A__base_s0__concept__severe__a0,SEA_A,concept,severe,d3_oof,rows,-0.009054729176663279,-0.010228921144910474,-0.01090479898200769,0.0016543150913743698,-0.6018011951855904,-0.3186146941770866,0.7525797491793621,-0.2523751728809732,-1,1.5234344590007822
SEA_A__base_s0__concept__severe__a0,SEA_A,concept,severe,d3_oof,blocks,0.005470095119816998,0.005866366701854586,0.005210510005729585,0.01593239250326761,-0.1256628229946974,-0.07431764938327357,0.1889739920882081,-0.06337181405063641,0,0.0039003340007184306
SEA_A__base_s1__instance__moderate__a1,SEA_A,instance,moderate,adwin,rows,0.0013189600507292898,0.0019126240891131907,0.00410073163116953,0.0015641792830616286,-0.7378501518731015,-0.17915957690279316,0.8512487343908202,-0.1505865846741693,-1,0.5293139170007635
SEA_A__base_s1__instance__moderate__a1,SEA_A,instance,moderate,adwin,blocks,0.0,0.0,0.0,0.0,0.0,0.0,0.0,0.0,0,-0.0744587089993729
SEA_A__base_s1__instance__moderate__a1,SEA_A,instance,moderate,hddm_w,rows,-0.012593532022828091,-0.014425298183725621,-0.017122853986239805,-0.005128113863427375,-0.679097761277984,-0.24440530563101392,0.8512487343908202,-0.1505865846741693,-3,2.9197178750000603
SEA_A__base_s1__instance__moderate__a1,SEA_A,instance,moderate,hddm_w,blocks,0.0,0.0,0.0,0.0,0.0,0.0,0.0,0.0,0,0.07154229200204987
SEA_A__base_s1__instance__moderate__a1,SEA_A,instance,moderate,hellinger,rows,-0.009621644472627255,-0.011517044430352397,-0.015602942734326386,-0.004528783914529599,-0.7298627517156036,-0.1975282844264008,0.8512487343908202,-0.1505865846741693,-1,2.0410680009990756
SEA_A__base_s1__instance__moderate__a1,SEA_A,instance,moderate,hellinger,blocks,0.0,0.0,0.0,0.0,0.0,0.0,0.0,0.0,0,0.03342262499973003
SEA_A__base_s1__instance__moderate__a1,SEA_A,instance,moderate,d3_oof,rows,0.01485098287888409,0.01765498323741932,0.021122943045364995,0.002729159032274331,-0.7282033974575318,-0.19349333810959538,0.8512487343908202,-0.1505865846741693,0,0.5807630420003989
SEA_A__base_s1__instance__moderate__a1,SEA_A,instance,moderate,d3_oof,blocks,0.0,0.0,0.0,0.0,0.0,0.0,0.0,0.0,0,0.005259916997602199
SEA_A__base_s1__concept__severe__a1,SEA_A,concept,severe,adwin,rows,0.009761192344605818,0.010287217995092024,0.008951462869691063,0.005780151867359362,-0.4388084819925951,-0.3904476937842263,0.7477280376977449,-0.250832721729803,-8,0.6698012910001125
SEA_A__base_s1__concept__severe__a1,SEA_A,concept,severe,adwin,blocks,-0.00016372156043575892,-0.0001668456195865753,-0.00012741725010323446,0.002498836448707964,-0.1369235947492426,-0.0834754135380793,0.19102995624368901,-0.06408287698300685,0,0.21063770799992199
SEA_A__base_s1__concept__severe__a1,SEA_A,concept,severe,hddm_w,rows,-0.01046688872579482,-0.01264458245422162,-0.016828542705611405,0.0017222825681447729,-0.3764893975092561,-0.5296957037204314,0.7477280376977449,-0.250832721729803,-10,2.730323374998989
SEA_A__base_s1__concept__severe__a1,SEA_A,concept,severe,hddm_w,blocks,-0.00016372156043575892,-0.0001668456195865753,-0.00012741725010323446,0.002498836448707964,-0.1369235947492426,-0.0834754135380793,0.19102995624368901,-0.06408287698300685,0,0.04924291600036668
SEA_A__base_s1__concept__severe__a1,SEA_A,concept,severe,hellinger,rows,-0.010359622875854013,-0.013235180178085004,-0.02034962348058844,5.001822453842841e-05,-0.5856950521709862,-0.31506802913114673,0.7477280376977449,-0.250832721729803,-3,2.542622791999747
SEA_A__base_s1__concept__severe__a1,SEA_A,concept,severe,hellinger,blocks,-0.00016372156043575892,-0.0001668456195865753,-0.00012741725010323446,0.002498836448707964,-0.1369235947492426,-0.0834754135380793,0.19102995624368901,-0.06408287698300685,0,0.22404770799948892
SEA_A__base_s1__concept__severe__a1,SEA_A,concept,severe,d3_oof,rows,0.01367921865296673,0.01513654288051125,0.015324184239788208,0.005207528557970353,-0.650673174015483,-0.24169254220064357,0.7477280376977449,-0.250832721729803,1,-0.8888622499998746
SEA_A__base_s1__concept__severe__a1,SEA_A,concept,severe,d3_oof,blocks,-0.00016372156043575892,-0.0001668456195865753,-0.00012741725010323446,0.002498836448707964,-0.1369235947492426,-0.0834754135380793,0.19102995624368901,-0.06408287698300685,0,0.29114258299887297
SEA_A__base_s1__instance__severe__a1,SEA_A,instance,severe,adwin,rows,0.006658211794546398,0.007157655187253975,0.0068173520939991405,0.002533989642020784,-0.5691695606729829,-0.2430825133158798,0.7504636029535723,-0.2511736029610905,2,-0.18041587599873354
SEA_A__base_s1__instance__severe__a1,SEA_A,instance,severe,adwin,blocks,0.0,0.0,0.0,0.0,0.0,0.0,0.0,0.0,0,0.07933695800238638
SEA_A__base_s1__instance__severe__a1,SEA_A,instance,severe,hddm_w,rows,-0.010864510674275962,-0.013237879337447911,-0.018201173866324805,-0.0010410615464323536,-0.5191678748440608,-0.3434819897084048,0.7504636029535723,-0.2511736029610905,-1,2.0931347490004555
SEA_A__base_s1__instance__severe__a1,SEA_A,instance,severe,hddm_w,blocks,0.0,0.0,0.0,0.0,0.0,0.0,0.0,0.0,0,0.1024989170000481
SEA_A__base_s1__instance__severe__a1,SEA_A,instance,severe,hellinger,rows,0.025998731769181993,0.03011114774776913,0.0349450602864092,0.012997298655492262,-0.5553120469334772,-0.23483343865667597,0.7504636029535723,-0.2511736029610905,2,-0.6524856659998477
SEA_A__base_s1__instance__severe__a1,SEA_A,instance,severe,hellinger,blocks,0.0,0.0,0.0,0.0,0.0,0.0,0.0,0.0,0,0.10733808299846714
SEA_A__base_s1__instance__severe__a1,SEA_A,instance,severe,d3_oof,rows,0.006121327414922884,0.0069153360428251265,0.007100607676466142,0.004480671020773985,-0.6455544691324724,-0.20812832896993771,0.7504636029535723,-0.2511736029610905,1,0.13983441700111143
SEA_A__base_s1__instance__severe__a1,SEA_A,instance,severe,d3_oof,blocks,0.0,0.0,0.0,0.0,0.0,0.0,0.0,0.0,0,0.055958958000701386
SEA_A__base_s1__splice__moderate__a1,SEA_A,splice,moderate,adwin,rows,0.007473752301338399,0.008154271641105604,0.008163341910323196,0.0006402566384687836,-0.7510118043844857,-0.1315519729312833,0.8482293423271501,-0.1501716674130467,-2,0.03252879199862946
SEA_A__base_s1__splice__moderate__a1,SEA_A,splice,moderate,adwin,blocks,-0.015529681046922317,-0.018316159823426714,-0.021061888757659464,-0.004859570802142388,-0.4290050590219224,-0.10431407672786985,0.5008431703204047,-0.08866995073891626,0,0.39099849900048866
SEA_A__base_s1__splice__moderate__a1,SEA_A,splice,moderate,hddm_w,rows,0.007637955913817995,0.008089061006777531,0.006988640910834953,0.000964707315604385,-0.7572793704328274,-0.1420460765288351,0.8482293423271501,-0.1501716674130467,0,0.12438091800140683
SEA_A__base_s1__splice__moderate__a1,SEA_A,splice,moderate,hddm_w,blocks,-0.015529681046922317,-0.018316159823426714,-0.021061888757659464,-0.004859570802142388,-0.4290050590219224,-0.10431407672786985,0.5008431703204047,-0.08866995073891626,0,0.5087840420019347
SEA_A__base_s1__splice__moderate__a1,SEA_A,splice,moderate,hellinger,rows,-0.014046872667562216,-0.016355794438792093,-0.019596408863199577,-0.004194916054993225,-0.7166947723440135,-0.2113350251281286,0.8482293423271501,-0.1501716674130467,-3,2.087244083999394
SEA_A__base_s1__splice__moderate__a1,SEA_A,splice,moderate,hellinger,blocks,-0.015529681046922317,-0.018316159823426714,-0.021061888757659464,-0.004859570802142388,-0.4290050590219224,-0.10431407672786985,0.5008431703204047,-0.08866995073891626,0,0.4281446249988221
SEA_A__base_s1__splice__moderate__a1,SEA_A,splice,moderate,d3_oof,rows,0.007637955913817995,0.008089061006777531,0.006988640910834953,0.000964707315604385,-0.7572793704328274,-0.1420460765288351,0.8482293423271501,-0.1501716674130467,0,0.08687733400074649
SEA_A__base_s1__splice__moderate__a1,SEA_A,splice,moderate,d3_oof,blocks,-0.015529681046922317,-0.018316159823426714,-0.021061888757659464,-0.004859570802142388,-0.4290050590219224,-0.10431407672786985,0.5008431703204047,-0.08866995073891626,0,0.382966374998432
SEA_A__base_s2__splice__moderate__a2,SEA_A,splice,moderate,adwin,rows,0.0033449477351915613,0.003602747412326357,0.0034064559575087694,-2.372667587757782e-05,-0.6925946704067322,-0.2016376306620209,0.8459747545582048,-0.1501194624191139,-1,0.4501775419994374
SEA_A__base_s2__splice__moderate__a2,SEA_A,splice,moderate,adwin,blocks,0.002832254853160854,0.0032762466218749786,0.0035811671775962672,-0.0010426820510613943,-0.3620757363253857,-0.07370831259333,0.40748948106591865,-0.07230960676953702,0,0.477914500001134
SEA_A__base_s2__splice__moderate__a2,SEA_A,splice,moderate,hddm_w,rows,0.0029965156794425907,0.0038141528112017875,0.005287877946785979,-0.0014638418450357848,-0.7498737727910239,-0.1301841712294674,0.8459747545582048,-0.1501194624191139,0,0.274316542001543
SEA_A__base_s2__splice__moderate__a2,SEA_A,splice,moderate,hddm_w,blocks,0.002832254853160854,0.0032762466218749786,0.0035811671775962672,-0.0010426820510613943,-0.3620757363253857,-0.07370831259333,0.40748948106591865,-0.07230960676953702,0,0.7318529160020262
SEA_A__base_s2__splice__moderate__a2,SEA_A,splice,moderate,hellinger,rows,-0.0017969138875061352,-0.0023644757116874082,-0.003656737619883499,0.0005158945098002743,-0.7171107994389901,-0.22615729218516678,0.8459747545582048,-0.1501194624191139,0,0.658768874998712
SEA_A__base_s2__splice__moderate__a2,SEA_A,splice,moderate,hellinger,blocks,0.002832254853160854,0.0032762466218749786,0.0035811671775962672,-0.0010426820510613943,-0.3620757363253857,-0.07370831259333,0.40748948106591865,-0.07230960676953702,0,0.5744793750000099
SEA_A__base_s2__splice__moderate__a2,SEA_A,splice,moderate,d3_oof,rows,0.019432553509208805,0.023350486332845755,0.03101405808301949,0.0031098088969776505,-0.7498737727910239,-0.0681483325037332,0.8459747545582048,-0.1501194624191139,2,-3.928972542000338
SEA_A__base_s2__splice__moderate__a2,SEA_A,splice,moderate,d3_oof,blocks,0.002832254853160854,0.0032762466218749786,0.0035811671775962672,-0.0010426820510613943,-0.3620757363253857,-0.07370831259333,0.40748948106591865,-0.07230960676953702,0,0.4976362079996761
SEA_A__base_s2__clean__none__anone,SEA_A,clean,none,adwin,rows,0.0,0.0,0.0,0.0,,0.0,,0.0,0,-0.0889909159996023
SEA_A__base_s2__clean__none__anone,SEA_A,clean,none,adwin,blocks,0.0,0.0,0.0,0.0,,0.0,,0.0,0,-0.05119891600043047
SEA_A__base_s2__clean__none__anone,SEA_A,clean,none,hddm_w,rows,0.0,0.0,0.0,0.0,,0.0,,0.0,0,-0.014516250002998277
SEA_A__base_s2__clean__none__anone,SEA_A,clean,none,hddm_w,blocks,0.0,0.0,0.0,0.0,,0.0,,0.0,0,-0.03275637400111009
SEA_A__base_s2__clean__none__anone,SEA_A,clean,none,hellinger,rows,0.0,0.0,0.0,0.0,,0.0,,0.0,0,0.0250613339994743
SEA_A__base_s2__clean__none__anone,SEA_A,clean,none,hellinger,blocks,0.0,0.0,0.0,0.0,,0.0,,0.0,0,0.09661791700091182
SEA_A__base_s2__clean__none__anone,SEA_A,clean,none,d3_oof,rows,0.0,0.0,0.0,0.0,,0.0,,0.0,0,-0.04320374999952037
SEA_A__base_s2__clean__none__anone,SEA_A,clean,none,d3_oof,blocks,0.0,0.0,0.0,0.0,,0.0,,0.0,0,-0.07659208199947898
SEA_A__base_s2__splice__severe__a2,SEA_A,splice,severe,adwin,rows,0.0059848121277136235,0.006335685470902019,0.005575276972150434,-0.000429030429756061,-0.6296290064776646,-0.146181859243994,0.7495246908387314,-0.251520198740931,-1,0.035210250001910026
SEA_A__base_s2__splice__severe__a2,SEA_A,splice,severe,adwin,blocks,0.007588290094006744,0.008815993158018953,0.009938219789608738,0.002851871090071234,-0.1503827710944729,-0.0719193744177512,0.18652309245394127,-0.06259210117720115,0,0.009002332999443752
SEA_A__base_s2__splice__severe__a2,SEA_A,splice,severe,hddm_w,rows,0.0023487564576686326,0.0017263390595679828,-0.0007558358067734083,-0.001178369654434852,-0.7071422562463195,-0.15031476724162263,0.7495246908387314,-0.251520198740931,0,-0.3916415000003326
SEA_A__base_s2__splice__severe__a2,SEA_A,splice,severe,hddm_w,blocks,0.007588290094006744,0.008815993158018953,0.009938219789608738,0.002851871090071234,-0.1503827710944729,-0.0719193744177512,0.18652309245394127,-0.06259210117720115,0,0.019295832998977858
SEA_A__base_s2__splice__severe__a2,SEA_A,splice,severe,hellinger,rows,-0.00418372244022247,-0.0058496019337263006,-0.009617902699913361,-0.0020518000110641976,-0.7070413056279969,-0.14591649493267084,0.7495246908387314,-0.251520198740931,-1,-0.34280033400136567
SEA_A__base_s2__splice__severe__a2,SEA_A,splice,severe,hellinger,blocks,0.007588290094006744,0.008815993158018953,0.009938219789608738,0.002851871090071234,-0.1503827710944729,-0.0719193744177512,0.18652309245394127,-0.06259210117720115,0,0.049435499000537675
SEA_A__base_s2__splice__severe__a2,SEA_A,splice,severe,d3_oof,rows,0.0023487564576686326,0.0017263390595679828,-0.0007558358067734083,-0.001178369654434852,-0.7071422562463195,-0.15031476724162263,0.7495246908387314,-0.251520198740931,0,-0.23647404099938285
SEA_A__base_s2__splice__severe__a2,SEA_A,splice,severe,d3_oof,blocks,0.007588290094006744,0.008815993158018953,0.009938219789608738,0.002851871090071234,-0.1503827710944729,-0.0719193744177512,0.18652309245394127,-0.06259210117720115,0,-0.014637915999628603
SEA_A__base_s1__splice__severe__a1,SEA_A,splice,severe,adwin,rows,0.006198032209446036,0.006661844017223917,0.006260574611573033,5.659741957042552e-05,-0.6242066097614357,-0.27694140093591424,0.7494991329528429,-0.2512969015483791,-2,0.10030125000048429
SEA_A__base_s1__splice__severe__a1,SEA_A,splice,severe,adwin,blocks,-0.007247972091920629,-0.009182360524434885,-0.012072128782423697,-0.005868898657000576,-0.1678535952994259,-0.04555384328800538,0.19031264205262888,-0.06380924963167434,0,0.26921466600106214
SEA_A__base_s1__splice__severe__a1,SEA_A,splice,severe,hddm_w,rows,-0.003087726428567472,-0.004467872165331954,-0.007564078035319333,-0.0001377057183480357,-0.6762967826657912,-0.2608253882237388,0.7494991329528429,-0.2512969015483791,0,0.6513238340012322
SEA_A__base_s1__splice__severe__a1,SEA_A,splice,severe,hddm_w,blocks,-0.007247972091920629,-0.009182360524434885,-0.012072128782423697,-0.005868898657000576,-0.1678535952994259,-0.04555384328800538,0.19031264205262888,-0.06380924963167434,0,0.22427125000103842
SEA_A__base_s1__splice__severe__a1,SEA_A,splice,severe,hellinger,rows,-0.00508599910811558,-0.006314850229417912,-0.009048930179494596,-0.0032665407250628276,-0.6862804518746738,-0.2184721681258573,0.7494991329528429,-0.2512969015483791,0,0.6941340840021439
SEA_A__base_s1__splice__severe__a1,SEA_A,splice,severe,hellinger,blocks,-0.007247972091920629,-0.009182360524434885,-0.012072128782423697,-0.005868898657000576,-0.1678535952994259,-0.04555384328800538,0.19031264205262888,-0.06380924963167434,0,0.12969820799844456
SEA_A__base_s1__splice__severe__a1,SEA_A,splice,severe,d3_oof,rows,-0.003087726428567472,-0.004467872165331954,-0.007564078035319333,-0.0001377057183480357,-0.6762967826657912,-0.2608253882237388,0.7494991329528429,-0.2512969015483791,0,0.6524618340008601
SEA_A__base_s1__splice__severe__a1,SEA_A,splice,severe,d3_oof,blocks,-0.007247972091920629,-0.009182360524434885,-0.012072128782423697,-0.005868898657000576,-0.1678535952994259,-0.04555384328800538,0.19031264205262888,-0.06380924963167434,0,0.18065133299933223
SEA_A__base_s2__concept__moderate__a2,SEA_A,concept,moderate,adwin,rows,0.009446827996058005,0.010210590236412243,0.009899276925014022,0.004613675170493825,-0.5270232349309687,-0.3169017589615458,0.8486362105735773,-0.1505221139392974,-4,0.2024474170011672
SEA_A__base_s2__concept__moderate__a2,SEA_A,concept,moderate,adwin,blocks,0.00744597190837859,0.008748878777917635,0.009990557574038106,0.005579716870872997,-0.3282635537097317,-0.07240909045661326,0.38870804804130654,-0.06894492170779531,0,0.41908745899854694
SEA_A__base_s2__concept__moderate__a2,SEA_A,concept,moderate,hddm_w,rows,-0.01597200792378839,-0.01874524681695855,-0.022909461025925837,-0.004088294355141575,-0.5508193961162869,-0.2732263555551131,0.8486362105735773,-0.1505221139392974,-6,2.5392141659976915
SEA_A__base_s2__concept__moderate__a2,SEA_A,concept,moderate,hddm_w,blocks,0.00744597190837859,0.008748878777917635,0.009990557574038106,0.005579716870872997,-0.3282635537097317,-0.07240909045661326,0.38870804804130654,-0.06894492170779531,0,0.3085977920018199
SEA_A__base_s2__concept__moderate__a2,SEA_A,concept,moderate,hellinger,rows,-0.0010402460754354026,-0.000506322467091147,0.002204543769594003,0.0004988128726912677,-0.5631945223930857,-0.20738724031177522,0.8486362105735773,-0.1505221139392974,-3,0.4052409579999221
SEA_A__base_s2__concept__moderate__a2,SEA_A,concept,moderate,hellinger,blocks,0.00744597190837859,0.008748878777917635,0.009990557574038106,0.005579716870872997,-0.3282635537097317,-0.07240909045661326,0.38870804804130654,-0.06894492170779531,0,-1.3953802910000377
SEA_A__base_s2__concept__moderate__a2,SEA_A,concept,moderate,d3_oof,rows,0.012249021969599205,0.012984675183862815,0.011585741381183623,0.006313874686047383,-0.7576607924570659,-0.1131827548105159,0.8486362105735773,-0.1505221139392974,0,-0.6612347919999593
SEA_A__base_s2__concept__moderate__a2,SEA_A,concept,moderate,d3_oof,blocks,0.00744597190837859,0.008748878777917635,0.009990557574038106,0.005579716870872997,-0.3282635537097317,-0.07240909045661326,0.38870804804130654,-0.06894492170779531,0,0.5958953749995999
SEA_A__base_s2__concept__severe__a2,SEA_A,concept,severe,adwin,rows,0.0058645895069567855,0.006127525475512541,0.005050610525531574,0.0047904818062882715,-0.4452134377368022,-0.38500832557220677,0.7486570682832365,-0.2509468574492705,-4,0.38867449999997916
SEA_A__base_s2__concept__severe__a2,SEA_A,concept,severe,adwin,blocks,0.01806790280247228,0.021360826402241795,0.023906367771267867,0.011908271465651765,-0.0922623558137576,-0.06846160358987385,0.1382672392018186,-0.04634662602658535,0,0.0780010420003241
SEA_A__base_s2__concept__severe__a2,SEA_A,concept,severe,hddm_w,rows,0.004430897750684393,0.004985678238402347,0.005693710884924985,0.003233185800081362,-0.4870590216384609,-0.3404284141901617,0.7486570682832365,-0.2509468574492705,-3,1.0028004169998894
SEA_A__base_s2__concept__severe__a2,SEA_A,concept,severe,hddm_w,blocks,0.01806790280247228,0.021360826402241795,0.023906367771267867,0.011908271465651765,-0.0922623558137576,-0.06846160358987385,0.1382672392018186,-0.04634662602658535,0,0.2963362079990475
SEA_A__base_s2__concept__severe__a2,SEA_A,concept,severe,hellinger,rows,0.011926734964581076,0.012563595963589247,0.010873628775099453,0.007328946125301772,-0.5085964469142039,-0.3273840769903762,0.7486570682832365,-0.2509468574492705,-5,0.982074625999303
SEA_A__base_s2__concept__severe__a2,SEA_A,concept,severe,hellinger,blocks,0.01806790280247228,0.021360826402241795,0.023906367771267867,0.011908271465651765,-0.0922623558137576,-0.06846160358987385,0.1382672392018186,-0.04634662602658535,0,0.3726265010009233
SEA_A__base_s2__concept__severe__a2,SEA_A,concept,severe,d3_oof,rows,0.01038015409364157,0.012233570475877587,0.015646679091875226,0.004214749258126371,-0.6,-0.24406626591030958,0.7486570682832365,-0.2509468574492705,0,-0.8399669999998878
SEA_A__base_s2__concept__severe__a2,SEA_A,concept,severe,d3_oof,blocks,0.01806790280247228,0.021360826402241795,0.023906367771267867,0.011908271465651765,-0.0922623558137576,-0.06846160358987385,0.1382672392018186,-0.04634662602658535,0,0.2978352919999452
SEA_A__base_s2__instance__moderate__a2,SEA_A,instance,moderate,adwin,rows,0.0046797717184527965,0.004399091911717834,0.001371683144166358,0.0017165142945135825,-0.7338940285954584,-0.12674731182795698,0.851107373142697,-0.1511300278773397,1,-0.23386879100144142
SEA_A__base_s2__instance__moderate__a2,SEA_A,instance,moderate,adwin,blocks,0.0,0.0,0.0,0.0,0.0,0.0,0.0,0.0,0,-0.06601108300128544
SEA_A__base_s2__instance__moderate__a2,SEA_A,instance,moderate,hddm_w,rows,-0.01431832593532023,-0.017192251310671036,-0.02290495166151496,-0.004084787653371946,-0.7338940285954584,-0.16690561529271208,0.851107373142697,-0.1511300278773397,-1,1.9492920419997972
SEA_A__base_s2__instance__moderate__a2,SEA_A,instance,moderate,hddm_w,blocks,0.0,0.0,0.0,0.0,0.0,0.0,0.0,0.0,0,0.036095625000598375
SEA_A__base_s2__instance__moderate__a2,SEA_A,instance,moderate,hellinger,rows,0.008970619319382811,0.009000680473158162,0.005769255738655055,0.0023528818114432193,-0.7113260442949257,-0.1426125049780964,0.851107373142697,-0.1511300278773397,-1,0.08057904099950974
SEA_A__base_s2__instance__moderate__a2,SEA_A,instance,moderate,hellinger,blocks,0.0,0.0,0.0,0.0,0.0,0.0,0.0,0.0,0,-0.07548070799930429
SEA_A__base_s2__instance__moderate__a2,SEA_A,instance,moderate,d3_oof,rows,0.0102768970619318,0.011037282311992525,0.010006589780536368,0.004314276344764778,-0.7687412391365293,-0.0965750696933492,0.851107373142697,-0.1511300278773397,1,-0.8387521669992566
SEA_A__base_s2__instance__moderate__a2,SEA_A,instance,moderate,d3_oof,blocks,0.0,0.0,0.0,0.0,0.0,0.0,0.0,0.0,0,0.024550750000344124
SEA_A__base_s2__instance__severe__a2,SEA_A,instance,severe,adwin,rows,0.027279644895370936,0.03144958318869706,0.03625481238878858,0.013749942859115016,-0.6556262412063685,-0.22768330962220273,0.7497559662055269,-0.2515017049432062,2,-1.4503690410001582
SEA_A__base_s2__instance__severe__a2,SEA_A,instance,severe,adwin,blocks,0.0,0.0,0.0,0.0,0.0,0.0,0.0,0.0,0,0.015018624000731728
SEA_A__base_s2__instance__severe__a2,SEA_A,instance,severe,hddm_w,rows,0.0031240752483617795,0.004285038231366389,0.008106525940970388,0.003639798493728752,-0.3406038574169444,-0.5759659462999345,0.7497559662055269,-0.2515017049432062,-5,1.2515443749998667
SEA_A__base_s2__instance__severe__a2,SEA_A,instance,severe,hddm_w,blocks,0.0,0.0,0.0,0.0,0.0,0.0,0.0,0.0,0,-0.07792529100152046
SEA_A__base_s2__instance__severe__a2,SEA_A,instance,severe,hellinger,rows,-0.009465229338406433,-0.01140164704780422,-0.014681122295729043,0.0021080564348706643,-0.4873943922717021,-0.4329426642278076,0.7497559662055269,-0.2515017049432062,-2,2.3734821660000307
SEA_A__base_s2__instance__severe__a2,SEA_A,instance,severe,hellinger,blocks,0.0,0.0,0.0,0.0,0.0,0.0,0.0,0.0,0,-0.017744498998581548
SEA_A__base_s2__instance__severe__a2,SEA_A,instance,severe,d3_oof,rows,0.011545127879940775,0.014553215726215152,0.021871244664923184,0.007532333498340815,-0.5153825440102325,-0.3973929047264187,0.7497559662055269,-0.2515017049432062,0,0.05136812400087365
SEA_A__base_s2__instance__severe__a2,SEA_A,instance,severe,d3_oof,blocks,0.0,0.0,0.0,0.0,0.0,0.0,0.0,0.0,0,-0.8409039590005705
RBF_I__base_s0__clean__none__anone,RBF_I,clean,none,adwin,rows,0.0,0.0,0.0,0.0,,0.0,,0.0,0,0.1357575000001816
RBF_I__base_s0__clean__none__anone,RBF_I,clean,none,adwin,blocks,0.0,0.0,0.0,0.0,,0.0,,0.0,0,0.05375308400107315
RBF_I__base_s0__clean__none__anone,RBF_I,clean,none,hddm_w,rows,0.0,0.0,0.0,0.0,,0.0,,0.0,0,1.6355426250011078
RBF_I__base_s0__clean__none__anone,RBF_I,clean,none,hddm_w,blocks,0.0,0.0,0.0,0.0,,0.0,,0.0,0,3.1293454579990794
RBF_I__base_s0__clean__none__anone,RBF_I,clean,none,hellinger,rows,0.0,0.0,0.0,0.0,,0.0,,0.0,0,7.221539334001136
RBF_I__base_s0__clean__none__anone,RBF_I,clean,none,hellinger,blocks,0.0,0.0,0.0,0.0,,0.0,,0.0,0,-12.959663375000673
RBF_I__base_s0__clean__none__anone,RBF_I,clean,none,d3_oof,rows,0.0,0.0,0.0,0.0,,0.0,,0.0,0,3.96419566700024
RBF_I__base_s0__clean__none__anone,RBF_I,clean,none,d3_oof,blocks,0.0,0.0,0.0,0.0,,0.0,,0.0,0,-0.2523953750005603
RBF_I__base_s0__instance__moderate__a0,RBF_I,instance,moderate,adwin,rows,-0.004557176072711999,-0.005035360518741427,-0.004572263786165376,0.0024121323940315964,-0.688725352508286,-0.09805521826542188,0.8470591539801136,-0.1500736508947588,0,-0.5078219159986475
RBF_I__base_s0__instance__moderate__a0,RBF_I,instance,moderate,adwin,blocks,0.0,0.0,0.0,0.0,0.0,0.0,0.0,0.0,0,0.0711959590007627
RBF_I__base_s0__instance__moderate__a0,RBF_I,instance,moderate,hddm_w,rows,-0.041031494398647284,-0.04293213931347617,-0.03912559164814167,-0.019477325863472505,-0.6088421998764114,-0.06813205406373785,0.8470591539801136,-0.1500736508947588,4,-3.432702165999217
RBF_I__base_s0__instance__moderate__a0,RBF_I,instance,moderate,hddm_w,blocks,0.0,0.0,0.0,0.0,0.0,0.0,0.0,0.0,0,0.11001787399982277
RBF_I__base_s0__instance__moderate__a0,RBF_I,instance,moderate,hellinger,rows,-0.0002874656520820418,-0.0012803743206508678,-0.0007283376685214282,0.00623988292889488,-0.6270715128363575,-0.175866393295778,0.8470591539801136,-0.1500736508947588,0,4.216305916997953
RBF_I__base_s0__instance__moderate__a0,RBF_I,instance,moderate,hellinger,blocks,0.0,0.0,0.0,0.0,0.0,0.0,0.0,0.0,0,0.1081689999991795
RBF_I__base_s0__instance__moderate__a0,RBF_I,instance,moderate,d3_oof,rows,0.0005368843796237366,-0.00011121574326866668,0.001370284385464382,0.0029921573582211147,-0.6670130891522948,-0.11002846507554198,0.8470591539801136,-0.1500736508947588,1,-10.028201334000187
RBF_I__base_s0__instance__moderate__a0,RBF_I,instance,moderate,d3_oof,blocks,0.0,0.0,0.0,0.0,0.0,0.0,0.0,0.0,0,0.12187375000030265
RBF_I__base_s0__instance__severe__a0,RBF_I,instance,severe,adwin,rows,0.07900655252589306,0.07886639291577213,0.08009377422053066,0.042859954695183555,-0.4906677447611346,-0.25835562629101627,0.748231251263392,-0.2506857200907521,0,23.146439125999674
RBF_I__base_s0__instance__severe__a0,RBF_I,instance,severe,adwin,blocks,0.0,0.0,0.0,0.0,0.0,0.0,0.0,0.0,0,-2.5433190839994495
RBF_I__base_s0__instance__severe__a0,RBF_I,instance,severe,hddm_w,rows,-0.005567533291058968,-0.0077496738613805904,-0.004334807208218994,-0.0005658158350196896,-0.5019372009972374,-0.21339722099940178,0.748231251263392,-0.2506857200907521,5,-3.0153878329983854
RBF_I__base_s0__instance__severe__a0,RBF_I,instance,severe,hddm_w,blocks,0.0,0.0,0.0,0.0,0.0,0.0,0.0,0.0,0,-3.4536754580003617
RBF_I__base_s0__instance__severe__a0,RBF_I,instance,severe,hellinger,rows,0.07232720355104627,0.07166876622850737,0.07304171290123518,0.03798369940017632,-0.4936661950003369,-0.30035104353617104,0.748231251263392,-0.2506857200907521,0,4.487710209001307
RBF_I__base_s0__instance__severe__a0,RBF_I,instance,severe,hellinger,blocks,0.0,0.0,0.0,0.0,0.0,0.0,0.0,0.0,0,0.3485225000003993
RBF_I__base_s0__instance__severe__a0,RBF_I,instance,severe,d3_oof,rows,0.08010991333756079,0.07994117465078698,0.08127828874714693,0.04327883372880148,-0.4863553668890236,-0.2857957174946102,0.748231251263392,-0.2506857200907521,0,4.125527126001543
RBF_I__base_s0__instance__severe__a0,RBF_I,instance,severe,d3_oof,blocks,0.0,0.0,0.0,0.0,0.0,0.0,0.0,0.0,0,0.10965895800109138
RBF_I__base_s0__concept__severe__a0,RBF_I,concept,severe,adwin,rows,0.0843067403614356,0.08630558195726079,0.08400078862869131,0.04801402286675638,-0.358245123941908,-0.2092905090697636,0.7473032327549939,-0.2507071197502357,-2,7.084761582998908
RBF_I__base_s0__concept__severe__a0,RBF_I,concept,severe,adwin,blocks,0.02182050167394023,0.02247325896773278,0.021673332537155532,0.015321237570657842,-0.3922050384531242,-0.10476099070158706,0.5957120980091883,-0.19985095439995026,0,-0.1985135419981816
RBF_I__base_s0__concept__severe__a0,RBF_I,concept,severe,hddm_w,rows,0.005284344001761476,0.006464653340319981,0.005359294768262579,0.0069413530247756094,-0.4014607138650017,-0.11611442637203812,0.7473032327549939,-0.2507071197502357,2,-0.8323027499991458
RBF_I__base_s0__concept__severe__a0,RBF_I,concept,severe,hddm_w,blocks,-0.025089342675029713,-0.025744042811540968,-0.0241750008102537,-0.008763513744445839,-0.3922050384531242,-0.14766805738255606,0.5957120980091883,-0.19985095439995026,4,-3.6516362089987524
RBF_I__base_s0__concept__severe__a0,RBF_I,concept,severe,hellinger,rows,0.04270382268090134,0.0442267042121377,0.04315833747768716,0.023709257232430336,-0.4200225501910035,-0.200680867400227,0.7473032327549939,-0.2507071197502357,-1,5.054824333999939
RBF_I__base_s0__concept__severe__a0,RBF_I,concept,severe,hellinger,blocks,-0.00013549600004514328,0.00014098017165864452,1.5065291225302424e-05,0.0038094061237462506,-0.3922050384531242,-0.09939760736646597,0.5957120980091883,-0.19985095439995026,1,-2.3526208749972284
RBF_I__base_s0__concept__severe__a0,RBF_I,concept,severe,d3_oof,rows,0.02913164000971058,0.02985871960860964,0.030084483695381414,0.015327666544164953,-0.4287901990811638,-0.18044679806014902,0.7473032327549939,-0.2507071197502357,0,1.6677213749990223
RBF_I__base_s0__concept__severe__a0,RBF_I,concept,severe,d3_oof,blocks,0.0020042116673347765,0.0022977915150543815,0.001435725505833707,0.006546631701118466,-0.3922050384531242,-0.14230467404743496,0.5957120980091883,-0.19985095439995026,1,-3.2379056660010974
RBF_I__base_s1__instance__moderate__a1,RBF_I,instance,moderate,adwin,rows,0.01824138659902763,0.01873987535566557,0.01719816438161914,0.008607639533182665,-0.6606652083683886,-0.11702307707623996,0.8468506366032869,-0.1503145968978356,0,3.359649207999606
RBF_I__base_s1__instance__moderate__a1,RBF_I,instance,moderate,adwin,blocks,0.0,0.0,0.0,0.0,0.0,0.0,0.0,0.0,0,0.1248368330016092
RBF_I__base_s1__instance__moderate__a1,RBF_I,instance,moderate,hddm_w,rows,0.028598604946100226,0.03025735927364359,0.028193919715904125,0.016187361644753095,-0.612709630377475,-0.14936881508472213,0.8468506366032869,-0.1503145968978356,-1,0.9076048339993541
RBF_I__base_s1__instance__moderate__a1,RBF_I,instance,moderate,hddm_w,blocks,0.0,0.0,0.0,0.0,0.0,0.0,0.0,0.0,0,-0.12481920799837098
RBF_I__base_s1__instance__moderate__a1,RBF_I,instance,moderate,hellinger,rows,0.015163813147326066,0.01791960165514539,0.017321400134152287,0.0071271486619031155,-0.6914857815917886,-0.08976464966250519,0.8468506366032869,-0.1503145968978356,0,-1.44796174899966
RBF_I__base_s1__instance__moderate__a1,RBF_I,instance,moderate,hellinger,blocks,0.0,0.0,0.0,0.0,0.0,0.0,0.0,0.0,0,0.153456666999773
RBF_I__base_s1__instance__moderate__a1,RBF_I,instance,moderate,d3_oof,rows,0.024045656309448327,0.025278867027493823,0.023323615283852073,0.012393830391678295,-0.671293959279825,-0.1304183342293372,0.8468506366032869,-0.1503145968978356,0,2.556798041998263
RBF_I__base_s1__instance__moderate__a1,RBF_I,instance,moderate,d3_oof,blocks,0.0,0.0,0.0,0.0,0.0,0.0,0.0,0.0,0,-0.039879332998680184
RBF_I__base_s1__clean__none__anone,RBF_I,clean,none,adwin,rows,0.0,0.0,0.0,0.0,,0.0,,0.0,0,0.07760179200158746
RBF_I__base_s1__clean__none__anone,RBF_I,clean,none,adwin,blocks,0.0,0.0,0.0,0.0,,0.0,,0.0,0,-1.1004949170001055
RBF_I__base_s1__clean__none__anone,RBF_I,clean,none,hddm_w,rows,0.0,0.0,0.0,0.0,,0.0,,0.0,0,2.262489208000261
RBF_I__base_s1__clean__none__anone,RBF_I,clean,none,hddm_w,blocks,0.0,0.0,0.0,0.0,,0.0,,0.0,0,0.12853229199936322
RBF_I__base_s1__clean__none__anone,RBF_I,clean,none,hellinger,rows,0.0,0.0,0.0,0.0,,0.0,,0.0,0,-0.2877350819999265
RBF_I__base_s1__clean__none__anone,RBF_I,clean,none,hellinger,blocks,0.0,0.0,0.0,0.0,,0.0,,0.0,0,0.34824008400028106
RBF_I__base_s1__clean__none__anone,RBF_I,clean,none,d3_oof,rows,0.0,0.0,0.0,0.0,,0.0,,0.0,0,0.10140608300025633
RBF_I__base_s1__clean__none__anone,RBF_I,clean,none,d3_oof,blocks,0.0,0.0,0.0,0.0,,0.0,,0.0,0,0.041103834000750794
RBF_I__base_s0__concept__moderate__a0,RBF_I,concept,moderate,adwin,rows,0.006091279616607714,0.006544655439150171,0.005938056566190952,0.007863775260556594,-0.5571376414749909,-0.1523566384497097,0.851742634875165,-0.1509283727226129,-2,20.77708683300079
RBF_I__base_s0__concept__moderate__a0,RBF_I,concept,moderate,adwin,blocks,0.018368393026878205,0.018559144953684492,0.01750584791274179,0.0159372434939965,-0.4422445024854663,-0.07836550663621034,0.6320105597214031,-0.11199195791841471,1,-3.148880624999947
RBF_I__base_s0__concept__moderate__a0,RBF_I,concept,moderate,hddm_w,rows,-0.011042932572918662,-0.01180177747936828,-0.010482457873128181,-0.003965723307378322,-0.5331535933945573,-0.06786501644745024,0.851742634875165,-0.1509283727226129,-1,11.58570787499957
RBF_I__base_s0__concept__moderate__a0,RBF_I,concept,moderate,hddm_w,blocks,-0.049844980914985904,-0.05030071923821211,-0.0499413760899573,-0.023292586707245544,-0.5072317240991939,-0.04260412156681248,0.6320105597214031,-0.11199195791841471,5,-3.423185583000306
RBF_I__base_s0__concept__moderate__a0,RBF_I,concept,moderate,hellinger,rows,0.0032198185555107894,0.003930619115832368,0.003068308917552387,0.004164455925995125,-0.556884882186087,-0.1212731968767263,0.851742634875165,-0.1509283727226129,-2,2.7574193330019625
RBF_I__base_s0__concept__moderate__a0,RBF_I,concept,moderate,hellinger,blocks,-0.01594979670851937,-0.01650504676866338,-0.016028680973932063,-0.006664537993485098,-0.5072317240991939,-0.06624266583060867,0.6320105597214031,-0.11199195791841471,2,-0.43481475000044156
RBF_I__base_s0__concept__moderate__a0,RBF_I,concept,moderate,d3_oof,rows,-0.009445464634249445,-0.009123933652550376,-0.009393738084115366,-0.0023657096809784894,-0.6286404358693515,-0.09057792508323267,0.851742634875165,-0.1509283727226129,0,-0.5436859999990702
RBF_I__base_s0__concept__moderate__a0,RBF_I,concept,moderate,d3_oof,blocks,0.019761823004533552,0.020011161806861688,0.018826933267318213,0.014775880595880198,-0.5072317240991939,-0.05678724812509017,0.6320105597214031,-0.11199195791841471,0,-0.044149959001515526
RBF_I__base_s0__splice__moderate__a0,RBF_I,splice,moderate,adwin,rows,-0.005748871379579801,-0.0064134737480591175,-0.006024298685002649,-0.00014106800873658898,-0.4947111472742067,-0.22440010153850753,0.8478437754271766,-0.1504064028988248,0,-2.582607874999667
RBF_I__base_s0__splice__moderate__a0,RBF_I,splice,moderate,adwin,blocks,0.035593228775216645,0.0356138075760023,0.03547646208909261,0.018359521506774112,-0.3577621278864229,-0.025638473139580675,0.5794730787576106,-0.1027977840713955,0,-0.5445541670014791
RBF_I__base_s0__splice__moderate__a0,RBF_I,splice,moderate,hddm_w,rows,0.006754301698779108,0.006214367873294213,0.007269232401323267,0.011125403811086287,-0.5394068628826352,-0.14915210368873477,0.8478437754271766,-0.1504064028988248,1,1.6999534989990899
RBF_I__base_s0__splice__moderate__a0,RBF_I,splice,moderate,hddm_w,blocks,-0.008715388558999337,-0.009936079262351294,-0.007534239008010868,-0.0002612438005746842,-0.3577621278864229,-0.08710908918963317,0.5794730787576106,-0.1027977840713955,4,-2.6852625419996894
RBF_I__base_s0__splice__moderate__a0,RBF_I,splice,moderate,hellinger,rows,0.055328531822865124,0.055611328298117435,0.05409712563658986,0.036869998595032816,-0.495777335091608,-0.1613765436092958,0.8478437754271766,-0.1504064028988248,-2,5.514160501001243
RBF_I__base_s0__splice__moderate__a0,RBF_I,splice,moderate,hellinger,blocks,0.014354757626587111,0.01380245115498735,0.0145984112962112,0.00867361239926967,-0.3577621278864229,-0.020909964212653565,0.5794730787576106,-0.1027977840713955,1,-3.047125583001618
RBF_I__base_s0__splice__moderate__a0,RBF_I,splice,moderate,d3_oof,rows,0.030809968692293577,0.03003487345723299,0.028963956472319308,0.020168325781860563,-0.508431301029713,-0.17118695528821498,0.8478437754271766,-0.1504064028988248,0,3.0861385409989452
RBF_I__base_s0__splice__moderate__a0,RBF_I,splice,moderate,d3_oof,blocks,0.04205884256056225,0.04211399198770882,0.04198763815632389,0.023458162062206855,-0.3577621278864229,-0.08238058026270606,0.5794730787576106,-0.1027977840713955,0,0.04190929200012761
RBF_I__base_s0__splice__severe__a0,RBF_I,splice,severe,adwin,rows,0.04508543871339343,0.04586693011683596,0.04532353324361371,0.02999999300920242,-0.4068848378851069,-0.26111042092542613,0.7490918875285888,-0.2515388003568887,-2,5.472951249999824
RBF_I__base_s0__splice__severe__a0,RBF_I,splice,severe,adwin,blocks,0.044848265814350086,0.04594548417836353,0.04553271906583234,0.029837097217168207,-0.4415108300820665,-0.08388014862835014,0.63808354634737,-0.21426312639056733,0,1.287918248999631
RBF_I__base_s0__splice__severe__a0,RBF_I,splice,severe,hddm_w,rows,-0.02472245123838135,-0.025381497276378173,-0.023682689734425222,-0.005870260918780179,-0.4720503161576752,-0.15695198942886512,0.7490918875285888,-0.2515388003568887,4,-2.3787270830016496
RBF_I__base_s0__splice__severe__a0,RBF_I,splice,severe,hddm_w,blocks,-0.0021402030651773707,-0.002438027939787646,-0.0004318363431458083,0.0056495407915887474,-0.4415108300820665,-0.12679714940763254,0.63808354634737,-0.21426312639056733,4,-2.4186104589989554
RBF_I__base_s0__splice__severe__a0,RBF_I,splice,severe,hellinger,rows,0.014202139073670406,0.014313743267743928,0.014939410836053657,0.014978064464748142,-0.4590172205031615,-0.1494019854759835,0.7490918875285888,-0.2515388003568887,-1,2.093452458999309
RBF_I__base_s0__splice__severe__a0,RBF_I,splice,severe,hellinger,blocks,0.02253142540912323,0.02325355627584902,0.02355454817136693,0.0180749253286423,-0.4415108300820665,-0.07851552353093982,0.63808354634737,-0.21426312639056733,1,-1.764478416998827
RBF_I__base_s0__splice__severe__a0,RBF_I,splice,severe,d3_oof,rows,0.009554679647177045,0.009681374394732267,0.01034523882435856,0.010537686874813712,-0.4525931656128077,-0.2294139570604113,0.7490918875285888,-0.2515388003568887,0,-1.6515945840019413
RBF_I__base_s0__splice__severe__a0,RBF_I,splice,severe,d3_oof,blocks,0.04760963599606971,0.04873554513512779,0.04826210880907944,0.03125837344297322,-0.4415108300820665,-0.09460939882317071,0.63808354634737,-0.21426312639056733,0,1.8910401239991188
RBF_I__base_s1__instance__severe__a1,RBF_I,instance,severe,adwin,rows,0.02812935954343687,0.027958235865835568,0.026632558818351804,0.020984304876320192,-0.5920063382893361,-0.169516103550229,0.7499578571187755,-0.2510269257679373,1,-3.4920810429975937
RBF_I__base_s1__instance__severe__a1,RBF_I,instance,severe,adwin,blocks,0.0,0.0,0.0,0.0,0.0,0.0,0.0,0.0,0,0.35598358400056895
RBF_I__base_s1__instance__severe__a1,RBF_I,instance,severe,hddm_w,rows,0.026886493341788165,0.03117181892882681,0.029668258179215146,0.020648811548942048,-0.4990559994605711,-0.23527320739386554,0.7499578571187755,-0.2510269257679373,2,-0.12682533399856943
RBF_I__base_s1__instance__severe__a1,RBF_I,instance,severe,hddm_w,blocks,0.0,0.0,0.0,0.0,0.0,0.0,0.0,0.0,0,0.022831333999420167
RBF_I__base_s1__instance__severe__a1,RBF_I,instance,severe,hellinger,rows,0.0251194250686958,0.028347234808790533,0.02680882441162702,0.011574538771983778,-0.5848757627861502,-0.1924131627056673,0.7499578571187755,-0.2510269257679373,1,-1.5262624580009323
RBF_I__base_s1__instance__severe__a1,RBF_I,instance,severe,hellinger,blocks,0.0,0.0,0.0,0.0,0.0,0.0,0.0,0.0,0,-0.028216208000230836
RBF_I__base_s1__instance__severe__a1,RBF_I,instance,severe,d3_oof,rows,0.03493553160008456,0.035478026716816324,0.03358620819904501,0.024632475579667856,-0.6126900643943225,-0.1931015415171418,0.7499578571187755,-0.2510269257679373,1,-3.3365833750012825
RBF_I__base_s1__instance__severe__a1,RBF_I,instance,severe,d3_oof,blocks,0.0,0.0,0.0,0.0,0.0,0.0,0.0,0.0,0,-0.07420254100179591
RBF_I__base_s1__concept__moderate__a1,RBF_I,concept,moderate,adwin,rows,0.03449116453076495,0.035317701657590295,0.03678034371521954,0.018836304415223548,-0.5537955095380114,-0.16740627238716874,0.847448089584154,-0.149844782297222,-2,3.8503881250017002
RBF_I__base_s1__concept__moderate__a1,RBF_I,concept,moderate,adwin,blocks,0.03324743293799248,0.03428330270628466,0.033320610249733984,0.02388849987491959,-0.4184626638906083,-0.11180152033749907,0.5651623431433235,-0.099931346016079,0,-0.08660199999940232
RBF_I__base_s1__concept__moderate__a1,RBF_I,concept,moderate,hddm_w,rows,-0.008681246517551533,-0.009170633028549036,-0.012399020471735134,-0.006006172374911745,-0.5332282932868156,-0.03844623099578126,0.847448089584154,-0.149844782297222,1,-1.4687770000000455
RBF_I__base_s1__concept__moderate__a1,RBF_I,concept,moderate,hddm_w,blocks,0.019024118443047078,0.018385386987839647,0.018022643423536433,0.013294934950573545,-0.4199819931348826,-0.06480836583618566,0.5651623431433235,-0.099931346016079,1,0.29733595799916657
RBF_I__base_s1__concept__moderate__a1,RBF_I,concept,moderate,hellinger,rows,0.024402013850195026,0.024000321940504055,0.022843796567236563,0.014936830162140757,-0.5455236058747397,-0.10083180768924627,0.847448089584154,-0.149844782297222,0,1.3079856250024022
RBF_I__base_s1__concept__moderate__a1,RBF_I,concept,moderate,hellinger,blocks,-0.0020397198121467897,-0.002567506469780434,-0.003919647732930187,0.004393710353181479,-0.3826458837431771,0.012686062246278773,0.5651623431433235,-0.099931346016079,1,-2.9035851249991538
RBF_I__base_s1__concept__moderate__a1,RBF_I,concept,moderate,d3_oof,rows,0.010885138899944358,0.011176190241227513,0.011115276195885038,0.01063756250411041,-0.5869675313713353,-0.1443723632890233,0.847448089584154,-0.149844782297222,0,2.4436877919997713
RBF_I__base_s1__concept__moderate__a1,RBF_I,concept,moderate,d3_oof,blocks,0.021700628830693347,0.02210614043536352,0.021571941737264178,0.02041564824337494,-0.453885543863598,-0.037719891745602196,0.5651623431433235,-0.099931346016079,0,-0.29448662499999045
RBF_I__base_s1__concept__severe__a1,RBF_I,concept,severe,adwin,rows,0.01572878983695558,0.013346737044832468,0.011579338418083673,0.01247863487561851,-0.4035445341060328,-0.28453476756720153,0.7499284017587897,-0.2512260780739428,0,1.820354875000703
RBF_I__base_s1__concept__severe__a1,RBF_I,concept,severe,adwin,blocks,0.04078649592812278,0.0428477818668882,0.043460231088815804,0.04156022937276127,-0.4347782139186981,-0.11884350785310771,0.6074226317828804,-0.2034866330682709,0,1.4889702919990668
RBF_I__base_s1__concept__severe__a1,RBF_I,concept,severe,hddm_w,rows,0.03401414293051008,0.035631907722415535,0.03365388678389247,0.023805697502901624,-0.4855876952104988,-0.18888656873091741,0.7499284017587897,-0.2512260780739428,0,-0.8975939159990993
RBF_I__base_s1__concept__severe__a1,RBF_I,concept,severe,hddm_w,blocks,0.028539824257439728,0.029263688644041608,0.028954180477506752,0.031222798013190167,-0.4347782139186981,-0.1670965229610985,0.6074226317828804,-0.2034866330682709,1,-0.9542335840014857
RBF_I__base_s1__concept__severe__a1,RBF_I,concept,severe,hellinger,rows,0.03111331839653264,0.030391401975563004,0.02727732723131271,0.015854719877611667,-0.5362624033423744,-0.2643080066143314,0.7499284017587897,-0.2512260780739428,0,1.233902540998315
RBF_I__base_s1__concept__severe__a1,RBF_I,concept,severe,hellinger,blocks,0.017800001128725484,0.019205907903641406,0.01837652203253659,0.029258200261293776,-0.4347782139186981,-0.1510121845917683,0.6074226317828804,-0.2034866330682709,0,2.335324875002698
RBF_I__base_s1__concept__severe__a1,RBF_I,concept,severe,d3_oof,rows,0.04280691457241059,0.04465982994185713,0.045281190349285017,0.029951868285534422,-0.4846442830910224,-0.18967103295314097,0.7499284017587897,-0.2512260780739428,-1,5.218981957998039
RBF_I__base_s1__concept__severe__a1,RBF_I,concept,severe,d3_oof,blocks,0.04437019938935949,0.04620144078362132,0.04755226828182846,0.042806211189346244,-0.4347782139186981,-0.13492784622243792,0.6074226317828804,-0.2034866330682709,0,1.0921233329991082
RBF_I__base_s1__splice__moderate__a1,RBF_I,splice,moderate,adwin,rows,0.02615468843320723,0.02541508985149299,0.026984604434321158,0.020220028043171356,-0.5258490036486108,-0.2060422058530759,0.8465618860510806,-0.1501244276328887,-2,4.146627291998811
RBF_I__base_s1__splice__moderate__a1,RBF_I,splice,moderate,adwin,blocks,0.018873183356559853,0.016946688302623913,0.015512770198807702,0.0162849940707277,-0.454448498456357,-0.06167628907027667,0.6738142015155768,-0.11949034441568779,0,-0.762545957999464
RBF_I__base_s1__splice__moderate__a1,RBF_I,splice,moderate,hddm_w,rows,0.05149810869998006,0.05440718167540415,0.05612640130562019,0.03569765164887517,-0.5534100477126017,-0.1698188333665141,0.8465618860510806,-0.1501244276328887,-5,3.7369967920003546
RBF_I__base_s1__splice__moderate__a1,RBF_I,splice,moderate,hddm_w,blocks,0.027807087397969332,0.027383775357625817,0.02752545783073934,0.025942371128161112,-0.454448498456357,-0.07586103921958981,0.6738142015155768,-0.11949034441568779,-1,2.8732395419992827
RBF_I__base_s1__splice__moderate__a1,RBF_I,splice,moderate,hellinger,rows,0.03499402747362135,0.035571771259767626,0.03638558257500357,0.022554396112770214,-0.6209374122930115,-0.14047382042604029,0.8465618860510806,-0.1501244276328887,-2,1.8540136669998937
RBF_I__base_s1__splice__moderate__a1,RBF_I,splice,moderate,hellinger,blocks,0.012049571968942852,0.010967923601429064,0.009860695505444661,0.008299162043411079,-0.4730002806623631,-0.08387915588293848,0.6738142015155768,-0.11949034441568779,1,-0.6065378749990487
RBF_I__base_s1__splice__moderate__a1,RBF_I,splice,moderate,d3_oof,rows,0.026921162651801667,0.026298089695594662,0.02571107089370439,0.014237967148320707,-0.5973337075498175,-0.1393987656778817,0.8465618860510806,-0.1501244276328887,0,2.514321917000416
RBF_I__base_s1__splice__moderate__a1,RBF_I,splice,moderate,d3_oof,blocks,0.01597650806291062,0.015607121471441499,0.016904256023181352,0.018298088578170613,-0.5245018243053606,-0.12138164443559629,0.6738142015155768,-0.11949034441568779,0,1.2381088330002967
RBF_I__base_s1__splice__severe__a1,RBF_I,splice,severe,adwin,rows,0.037111447210998016,0.03901525878550138,0.04339107632193384,0.02814484037455678,-0.5379249924183711,-0.28671640443350865,0.7491491727600499,-0.2509368157294747,-2,3.4178137090020755
RBF_I__base_s1__splice__severe__a1,RBF_I,splice,severe,adwin,blocks,0.019966590667960915,0.020912875219850635,0.023855448410021962,0.016606050844734432,-0.3131212723658051,-0.13169033161019433,0.549718637328571,-0.1841350820560283,0,0.6302337089982757
RBF_I__base_s1__splice__severe__a1,RBF_I,splice,severe,hddm_w,rows,0.05820673152892841,0.05998453816589644,0.061837727336751525,0.04093398761785294,-0.4170569801529804,-0.12759317366080508,0.7491491727600499,-0.2509368157294747,-6,1.151814333999937
RBF_I__base_s1__splice__severe__a1,RBF_I,splice,severe,hddm_w,blocks,0.007313934851802539,0.006924053106871941,0.00888549638280911,0.005886076900731174,-0.3131212723658051,-0.17994198514639154,0.549718637328571,-0.1841350820560283,1,0.7704338750008901
RBF_I__base_s1__splice__severe__a1,RBF_I,splice,severe,hellinger,rows,0.04168265649337466,0.04040176869653245,0.0418180644324786,0.024347766928136005,-0.4814839774909862,-0.3489130680150794,0.7491491727600499,-0.2509368157294747,0,2.61239866699907
RBF_I__base_s1__splice__severe__a1,RBF_I,splice,severe,hellinger,blocks,-0.003566671933903698,-0.003313425286266991,-0.0018492246651390376,0.0040198763946565075,-0.3131212723658051,-0.16385810063432588,0.549718637328571,-0.1841350820560283,0,3.6841444590008887
RBF_I__base_s1__splice__severe__a1,RBF_I,splice,severe,d3_oof,rows,0.042258290254859054,0.04189684308186714,0.04048320389272897,0.01898528544326028,-0.5359200727836372,-0.24889388022302988,0.7491491727600499,-0.2509368157294747,1,-0.7462638329998299
RBF_I__base_s1__splice__severe__a1,RBF_I,splice,severe,d3_oof,blocks,0.02347118445111629,0.02425051197472794,0.027895833457628805,0.017612547444051052,-0.3131212723658051,-0.14777421612226005,0.549718637328571,-0.1841350820560283,0,1.5301793750004435
RBF_I__base_s2__clean__none__anone,RBF_I,clean,none,adwin,rows,0.0,0.0,0.0,0.0,,0.0,,0.0,0,-0.08945433299959404
RBF_I__base_s2__clean__none__anone,RBF_I,clean,none,adwin,blocks,0.0,0.0,0.0,0.0,,0.0,,0.0,0,-0.019049458000154118
RBF_I__base_s2__clean__none__anone,RBF_I,clean,none,hddm_w,rows,0.0,0.0,0.0,0.0,,0.0,,0.0,0,-0.02902820799863548
RBF_I__base_s2__clean__none__anone,RBF_I,clean,none,hddm_w,blocks,0.0,0.0,0.0,0.0,,0.0,,0.0,0,-0.004865167000389192
RBF_I__base_s2__clean__none__anone,RBF_I,clean,none,hellinger,rows,0.0,0.0,0.0,0.0,,0.0,,0.0,0,0.0323709999993298
RBF_I__base_s2__clean__none__anone,RBF_I,clean,none,hellinger,blocks,0.0,0.0,0.0,0.0,,0.0,,0.0,0,-0.7272434179994889
RBF_I__base_s2__clean__none__anone,RBF_I,clean,none,d3_oof,rows,0.0,0.0,0.0,0.0,,0.0,,0.0,0,-1.0045840420007153
RBF_I__base_s2__clean__none__anone,RBF_I,clean,none,d3_oof,blocks,0.0,0.0,0.0,0.0,,0.0,,0.0,0,0.4485476660029235
RBF_I__base_s2__instance__moderate__a2,RBF_I,instance,moderate,adwin,rows,0.010526315789473717,0.010641037227811512,0.009389601541347492,0.006173772713486958,-0.6522142034764539,-0.04857693130751123,0.8498778467327512,-0.1506178491980153,0,0.5933980419995386
RBF_I__base_s2__instance__moderate__a2,RBF_I,instance,moderate,adwin,blocks,0.0,0.0,0.0,0.0,0.0,0.0,0.0,0.0,0,-0.0698099999990518
RBF_I__base_s2__instance__moderate__a2,RBF_I,instance,moderate,hddm_w,rows,0.03948002536461637,0.03928329958981569,0.039030799956870865,0.02822908311908834,-0.5756086602454298,-0.08223888841887339,0.8498778467327512,-0.1506178491980153,-3,1.3246454170002835
RBF_I__base_s2__instance__moderate__a2,RBF_I,instance,moderate,hddm_w,blocks,0.0,0.0,0.0,0.0,0.0,0.0,0.0,0.0,0,0.0107733749991894
RBF_I__base_s2__instance__moderate__a2,RBF_I,instance,moderate,hellinger,rows,0.036364404988374566,0.03688662311057622,0.03535917689084678,0.02487611534810963,-0.6387633034736457,-0.1451584809320242,0.8498778467327512,-0.1506178491980153,0,3.6172495000009803
RBF_I__base_s2__instance__moderate__a2,RBF_I,instance,moderate,hellinger,blocks,0.0,0.0,0.0,0.0,0.0,0.0,0.0,0.0,0,-0.03515925000101561
RBF_I__base_s2__instance__moderate__a2,RBF_I,instance,moderate,d3_oof,rows,0.03178609173536251,0.03236764843621154,0.031128888374816643,0.023542039962707872,-0.6229255005475837,-0.11527378955802503,0.8498778467327512,-0.1506178491980153,0,2.0348256249999395
RBF_I__base_s2__instance__moderate__a2,RBF_I,instance,moderate,d3_oof,blocks,0.0,0.0,0.0,0.0,0.0,0.0,0.0,0.0,0,-0.029414000000542728
RBF_I__base_s2__concept__moderate__a2,RBF_I,concept,moderate,adwin,rows,0.040665139898436675,0.041156027709258525,0.040352850686868336,0.022332448169597563,-0.5598206780610815,-0.16239669421487601,0.8480806948725133,-0.1506920242955292,-1,3.063341707998916
RBF_I__base_s2__concept__moderate__a2,RBF_I,concept,moderate,adwin,blocks,0.0221298416807727,0.02276237404621484,0.022470068128813803,0.012671208023043667,-0.4920986270664051,-0.07797968734441907,0.647128047072009,-0.11498556208304289,0,-0.5110572920002596
RBF_I__base_s2__concept__moderate__a2,RBF_I,concept,moderate,hddm_w,rows,0.03811112217464907,0.037002466258266864,0.03669547378268467,0.022763500359582856,-0.411179602129448,-0.09214378173852439,0.8480806948725133,-0.1506920242955292,-4,1.0763460830021359
RBF_I__base_s2__concept__moderate__a2,RBF_I,concept,moderate,hddm_w,blocks,-0.02059145673603502,-0.020728925885974858,-0.02123527561760996,-0.015303632882760598,-0.4920986270664051,-0.04960171263566665,0.647128047072009,-0.11498556208304289,2,-3.7147524590000103
RBF_I__base_s2__concept__moderate__a2,RBF_I,concept,moderate,hellinger,rows,0.03934581300408235,0.0392720147728971,0.03888238222578555,0.026895004853401794,-0.5727374614738022,-0.11735039330877234,0.8480806948725133,-0.1506920242955292,-1,3.833277543000804
RBF_I__base_s2__concept__moderate__a2,RBF_I,concept,moderate,hellinger,blocks,-0.011206810713930149,-0.012133438615777314,-0.012978964556593087,-0.004170357395273605,-0.4920986270664051,-0.08743901224733647,0.647128047072009,-0.11498556208304289,2,-3.5936136250002164
RBF_I__base_s2__concept__moderate__a2,RBF_I,concept,moderate,d3_oof,rows,0.040192173653290864,0.0399240072715219,0.03838179428055988,0.027091026777436134,-0.53883440739703,-0.2146818679677387,0.8480806948725133,-0.1506920242955292,0,2.2630221660001553
RBF_I__base_s2__concept__moderate__a2,RBF_I,concept,moderate,d3_oof,blocks,0.02741212785024394,0.02807056029131827,0.02774158780703917,0.01622768003297459,-0.4920986270664051,-0.06852036244150156,0.647128047072009,-0.11498556208304289,0,-0.15027666599962686
RBF_I__base_s2__concept__severe__a2,RBF_I,concept,severe,adwin,rows,0.03223930813349585,0.03155105078672016,0.03002511729619639,0.02956844192090291,-0.4726290273709726,-0.2591168766653119,0.7489984176682489,-0.2511798310978639,0,-0.6964328329995659
RBF_I__base_s2__concept__severe__a2,RBF_I,concept,severe,adwin,blocks,-0.03457638982974298,-0.03561977402472616,-0.03651908900284295,-0.013844429559977778,-0.3819647847018819,-0.14954500293546497,0.5343736322930344,-0.1792044890032967,1,-1.4061673320011323
RBF_I__base_s2__concept__severe__a2,RBF_I,concept,severe,hddm_w,rows,0.051997245179063345,0.054140800937243716,0.05453002586184186,0.037921109160787614,-0.4556778776554557,-0.19460438964909904,0.7489984176682489,-0.2511798310978639,-1,4.281640291999796
RBF_I__base_s2__concept__severe__a2,RBF_I,concept,severe,hddm_w,blocks,-0.029196585828478505,-0.029388858410323904,-0.030659872995052795,-0.013921828611813458,-0.3819647847018819,-0.10127918529557878,0.5343736322930344,-0.1792044890032967,1,-0.42500933299925236
RBF_I__base_s2__concept__severe__a2,RBF_I,concept,severe,hellinger,rows,0.04256988664589256,0.04259963504833553,0.04246871764728155,0.02966741331492373,-0.456065043934956,-0.26851036444926163,0.7489984176682489,-0.2511798310978639,1,2.6382071259995463
RBF_I__base_s2__concept__severe__a2,RBF_I,concept,severe,hellinger,blocks,-0.024691776182089176,-0.025098392781887413,-0.026529782574099547,-0.015157167782927972,-0.3819647847018819,-0.12809352842884897,0.5343736322930344,-0.1792044890032967,1,-0.07210533399848096
RBF_I__base_s2__concept__severe__a2,RBF_I,concept,severe,d3_oof,rows,0.04482229146908734,0.044653659205790786,0.04464882556104888,0.02949785717676412,-0.4668215331784668,-0.24184843968748593,0.7489984176682489,-0.2511798310978639,0,3.2947693330006587
RBF_I__base_s2__concept__severe__a2,RBF_I,concept,severe,d3_oof,blocks,-0.016212798627105673,-0.015812979644036718,-0.014651161474019125,0.0007638132896716776,-0.3819647847018819,-0.13345639705550294,0.5343736322930344,-0.1792044890032967,0,1.0844774170000164
RBF_I__base_s2__splice__severe__a2,RBF_I,splice,severe,adwin,rows,0.04394332806502599,0.04507329117426062,0.04543381892318821,0.030833630397741896,-0.3706011112981983,-0.3366335515917815,0.7464219565583432,-0.2502257846014902,-1,4.313285625999924
RBF_I__base_s2__splice__severe__a2,RBF_I,splice,severe,adwin,blocks,-0.02109957100925708,-0.02178090235663066,-0.022362376880798673,-0.012125102666269427,-0.3732951675366223,-0.07687965680740572,0.5059774372790031,-0.1696206818694965,1,-2.2320897500012524
RBF_I__base_s2__splice__severe__a2,RBF_I,splice,severe,hddm_w,rows,0.010973131632422639,0.0121543197886812,0.01242283289497148,0.012557233133364543,-0.3960767806027951,-0.176862722962294,0.7464219565583432,-0.2502257846014902,0,0.5123321250011941
RBF_I__base_s2__splice__severe__a2,RBF_I,splice,severe,hddm_w,blocks,-0.016053285165951614,-0.01583065994032451,-0.016770966977749158,-0.012114091548989236,-0.3732951675366223,-0.028618198238880066,0.5059774372790031,-0.1696206818694965,1,-1.2931282499994268
RBF_I__base_s2__splice__severe__a2,RBF_I,splice,severe,hellinger,rows,-0.002111086023933173,-0.001506163766475943,-0.0015296289005752861,0.0014439399117948115,-0.5722680585957232,-0.1187175434635358,0.7464219565583432,-0.2502257846014902,-1,0.3574030420004455
RBF_I__base_s2__splice__severe__a2,RBF_I,splice,severe,hellinger,blocks,-0.019919846466471047,-0.020094481574871814,-0.020999179494043174,-0.01693372632447887,-0.3528371779760902,-0.06465906525174986,0.5059774372790031,-0.1696206818694965,1,-0.8386092079999798
RBF_I__base_s2__splice__severe__a2,RBF_I,splice,severe,d3_oof,rows,0.012372996161661765,0.012274041517198353,0.012845596951283289,0.01414807874544477,-0.474726384913285,-0.1751580492210431,0.7464219565583432,-0.2502257846014902,0,2.9303963759994076
RBF_I__base_s2__splice__severe__a2,RBF_I,splice,severe,d3_oof,blocks,-0.011740799277489278,-0.011003567443407025,-0.009198975202126758,-0.001355647952554495,-0.3528371779760902,-0.07002144953714157,0.5059774372790031,-0.1696206818694965,0,0.3590523340008076
RBF_I__base_s2__splice__moderate__a2,RBF_I,splice,moderate,adwin,rows,0.05425372502750525,0.0539498798279191,0.053857368809464345,0.03404042918091521,-0.451526107794501,-0.1666044376739301,0.8496594635499874,-0.1509177531848798,-1,4.20626804099993
RBF_I__base_s2__splice__moderate__a2,RBF_I,splice,moderate,adwin,blocks,-0.0036889346894275477,-0.0022458643215838014,-0.0016999017737975297,0.0027527022867886997,-0.4356063791025533,-0.08210244385700277,0.5778469127497968,-0.10263801146009133,0,0.09870912499900442
RBF_I__base_s2__splice__moderate__a2,RBF_I,splice,moderate,hddm_w,rows,-0.011330654997485978,-0.011477394772648752,-0.01213598326207721,-0.004072574400039941,-0.5150929117968553,-0.1696461908388966,0.8496594635499874,-0.1509177531848798,2,-1.8176119170002494
RBF_I__base_s2__splice__moderate__a2,RBF_I,splice,moderate,hddm_w,blocks,-0.008418338137411552,-0.007029422851624889,-0.007955351177669212,0.000566438256206947,-0.4356063791025533,-0.06318483006506664,0.5778469127497968,-0.10263801146009133,3,-2.7494140419985325
RBF_I__base_s2__splice__moderate__a2,RBF_I,splice,moderate,hellinger,rows,0.01517391758890041,0.016538051641187046,0.01592916291742774,0.014086733442744137,-0.5245662714762185,-0.1730911878767966,0.8496594635499874,-0.1509177531848798,0,0.7524289579996548
RBF_I__base_s2__splice__moderate__a2,RBF_I,splice,moderate,hellinger,blocks,-0.0036889346894275477,-0.0022458643215838014,-0.0016999017737975297,0.0027527022867886997,-0.4356063791025533,-0.08210244385700277,0.5778469127497968,-0.10263801146009133,0,0.36718979199940804
RBF_I__base_s2__splice__moderate__a2,RBF_I,splice,moderate,d3_oof,rows,0.011156413817823396,0.010997669223467677,0.010993092161213469,0.00913773535804252,-0.6072479609854536,-0.10601829034554511,0.8496594635499874,-0.1509177531848798,0,0.3899089169990475
RBF_I__base_s2__splice__moderate__a2,RBF_I,splice,moderate,d3_oof,blocks,-0.0036889346894275477,-0.0022458643215838014,-0.0016999017737975297,0.0027527022867886997,-0.4356063791025533,-0.08210244385700277,0.5778469127497968,-0.10263801146009133,0,-0.06867208299991034
RBF_I__base_s2__instance__severe__a2,RBF_I,instance,severe,adwin,rows,0.035675332910589774,0.035992818743959765,0.03526214786314419,0.025980992860826557,-0.4761416024497762,-0.2716807064296845,0.7489484133660869,-0.2513211680480589,0,3.0359157499988214
RBF_I__base_s2__instance__severe__a2,RBF_I,instance,severe,adwin,blocks,0.0,0.0,0.0,0.0,0.0,0.0,0.0,0.0,0,0.0899827919984082
RBF_I__base_s2__instance__severe__a2,RBF_I,instance,severe,hddm_w,rows,0.08021982667512162,0.08184131949029527,0.0816283638732398,0.06176470066449291,-0.4269273479826362,-0.276451591047675,0.7489484133660869,-0.2513211680480589,-3,3.5265397509992926
RBF_I__base_s2__instance__severe__a2,RBF_I,instance,severe,hddm_w,blocks,0.0,0.0,0.0,0.0,0.0,0.0,0.0,0.0,0,0.5315703330015822
RBF_I__base_s2__instance__severe__a2,RBF_I,instance,severe,hellinger,rows,0.043225533713802555,0.04319514118403056,0.04310585514127918,0.038165972277335314,-0.4680149409428946,-0.3019151290679555,0.7489484133660869,-0.2513211680480589,-2,5.028535957999338
RBF_I__base_s2__instance__severe__a2,RBF_I,instance,severe,hellinger,blocks,0.0,0.0,0.0,0.0,0.0,0.0,0.0,0.0,0,0.021014833000663202
RBF_I__base_s2__instance__severe__a2,RBF_I,instance,severe,d3_oof,rows,0.029524413443246744,0.029003154610790283,0.02852267517867313,0.020358866033433287,-0.4767304909647676,-0.30787732333611884,0.7489484133660869,-0.2513211680480589,0,2.1284725829991658
RBF_I__base_s2__instance__severe__a2,RBF_I,instance,severe,d3_oof,blocks,0.0,0.0,0.0,0.0,0.0,0.0,0.0,0.0,0,-0.22546983299980639
radar__clean__none__anone,radar,clean,none,adwin,rows,0.0,0.0,0.0,0.0,,0.0,,0.0,0,1.3170779999982187
radar__clean__none__anone,radar,clean,none,adwin,blocks,0.0,0.0,0.0,0.0,,0.0,,0.0,0,-2.2031637509989963
radar__clean__none__anone,radar,clean,none,hddm_w,rows,0.0,0.0,0.0,0.0,,0.0,,0.0,0,5.59681820699916
radar__clean__none__anone,radar,clean,none,hddm_w,blocks,0.0,0.0,0.0,0.0,,0.0,,0.0,0,0.4013236239988913
radar__clean__none__anone,radar,clean,none,hellinger,rows,0.0,0.0,0.0,0.0,,0.0,,0.0,0,-0.19990400000096997
radar__clean__none__anone,radar,clean,none,hellinger,blocks,0.0,0.0,0.0,0.0,,0.0,,0.0,0,0.34458312499918975
radar__clean__none__anone,radar,clean,none,d3_oof,rows,0.0,0.0,0.0,0.0,,0.0,,0.0,0,13.498966834002232
radar__clean__none__anone,radar,clean,none,d3_oof,blocks,0.0,0.0,0.0,0.0,,0.0,,0.0,0,-3.4490666670026258
radar__instance__severe__a0,radar,instance,severe,adwin,rows,0.03623814762428623,0.030163778892927096,0.1258545993401201,0.09086314218249147,-0.6667147514497562,-0.1550352927450561,0.749112835751998,-0.252445213603749,-2,-1.0304266670027573
radar__instance__severe__a0,radar,instance,severe,adwin,blocks,0.0,0.0,0.0,0.0,0.0,0.0,0.0,0.0,0,-0.09631299999819021
radar__instance__severe__a0,radar,instance,severe,hddm_w,rows,0.04117554612604124,0.039942430936491996,0.07623922530319,0.06912486431318243,-0.6384986007328121,-0.1863320823691835,0.749112835751998,-0.252445213603749,1,-4.742999625002994
radar__instance__severe__a0,radar,instance,severe,hddm_w,blocks,0.0,0.0,0.0,0.0,0.0,0.0,0.0,0.0,0,-5.385255249999318
radar__instance__severe__a0,radar,instance,severe,hellinger,rows,0.015087223008015127,0.11369459007212979,0.18448568325202058,0.04494903299969555,-0.6507602204206456,-0.20591323623777388,0.749112835751998,-0.252445213603749,-1,12.160261249999166
radar__instance__severe__a0,radar,instance,severe,hellinger,blocks,0.0,0.0,0.0,0.0,0.0,0.0,0.0,0.0,0,2.2396188329985307
radar__instance__severe__a0,radar,instance,severe,d3_oof,rows,0.03226989365603217,0.005856341927724107,0.08475842212278087,0.13766745803103086,-0.6103401517555754,-0.2543313823477939,0.749112835751998,-0.252445213603749,1,1.9807525409960363
radar__instance__severe__a0,radar,instance,severe,d3_oof,blocks,0.0,0.0,0.0,0.0,0.0,0.0,0.0,0.0,0,2.202391415998136
radar__instance__severe__a1,radar,instance,severe,adwin,rows,-0.10486405783435493,0.0007106956944809006,0.02907070582330079,-0.050485932195984295,-0.6230617341309019,-0.152245408772083,0.7486787850630118,-0.2501333954228392,1,-3.16210008300186
radar__instance__severe__a1,radar,instance,severe,adwin,blocks,0.0,0.0,0.0,0.0,0.0,0.0,0.0,0.0,0,4.631094166998082
radar__instance__severe__a1,radar,instance,severe,hddm_w,rows,-0.06684477971606684,-0.008619491173398386,0.01376325625505101,0.04642994114899357,-0.6716127533538533,-0.18149538694374107,0.7486787850630118,-0.2501333954228392,-2,-0.8507360000003246
radar__instance__severe__a1,radar,instance,severe,hddm_w,blocks,0.0,0.0,0.0,0.0,0.0,0.0,0.0,0.0,0,-0.30317174999800045
radar__instance__severe__a1,radar,instance,severe,hellinger,rows,0.023704751427523707,0.012887522921219696,0.029677441299192114,-0.07769575691089858,-0.6290144607700796,-0.18950881379939272,0.7486787850630118,-0.2501333954228392,-5,1.3531378750012806
radar__instance__severe__a1,radar,instance,severe,hellinger,blocks,0.0,0.0,0.0,0.0,0.0,0.0,0.0,0.0,0,0.44904179200239014
radar__instance__severe__a1,radar,instance,severe,d3_oof,rows,-0.03441772748703442,-0.020379169872447783,-0.04112657479232512,-0.03291614091251238,-0.614437539926825,-0.18472598154777492,0.7486787850630118,-0.2501333954228392,0,0.8461169170004723
radar__instance__severe__a1,radar,instance,severe,d3_oof,blocks,0.0,0.0,0.0,0.0,0.0,0.0,0.0,0.0,0,1.6046737910037336
radar__instance__moderate__a1,radar,instance,moderate,adwin,rows,-0.00916758342500923,-0.001481683518380239,0.017240234506188112,0.04813524271654268,-0.7146250424160163,-0.035367794261075,0.8473023413640991,-0.1495388669301712,-3,-11.459247749999122
radar__instance__moderate__a1,radar,instance,moderate,adwin,blocks,0.0,0.0,0.0,0.0,0.0,0.0,0.0,0.0,0,1.1037369580007947
radar__instance__moderate__a1,radar,instance,moderate,hddm_w,rows,-0.06459217350306456,-0.0059631105614646185,0.016657799944602814,-0.09904904425797245,-0.6941684037035242,-0.1082165528805846,0.8473023413640991,-0.1495388669301712,-2,-12.484485123997715
radar__instance__moderate__a1,radar,instance,moderate,hddm_w,blocks,0.0,0.0,0.0,0.0,0.0,0.0,0.0,0.0,0,0.335177291999571
radar__instance__moderate__a1,radar,instance,moderate,hellinger,rows,-0.006535177327256503,0.1054379078663161,0.0963315594099528,-0.04197026651349689,-0.7256289689272384,-0.1423609328747669,0.8473023413640991,-0.1495388669301712,2,-10.35022158299762
radar__instance__moderate__a1,radar,instance,moderate,hellinger,blocks,0.0,0.0,0.0,0.0,0.0,0.0,0.0,0.0,0,0.19005537499833736
radar__instance__moderate__a1,radar,instance,moderate,d3_oof,rows,0.09656084656084651,0.029688545203125583,-0.060774049644822414,0.09560252025795857,-0.6828736245091861,-0.17558133566038703,0.8473023413640991,-0.1495388669301712,-1,3.332098582999606
radar__instance__moderate__a1,radar,instance,moderate,d3_oof,blocks,0.0,0.0,0.0,0.0,0.0,0.0,0.0,0.0,0,-0.07956449900302687
radar__instance__moderate__a2,radar,instance,moderate,adwin,rows,-0.06338729111006336,-0.0984541901649395,-0.1581176823577442,0.012281095220240013,-0.7159354464630846,-0.02939590306371387,0.8496810977966757,-0.150532019620096,0,-5.017033957998137
radar__instance__moderate__a2,radar,instance,moderate,adwin,blocks,0.0,0.0,0.0,0.0,0.0,0.0,0.0,0.0,0,4.197095250001439
radar__instance__moderate__a2,radar,instance,moderate,hddm_w,rows,-0.034155796532034155,-0.009507770560034878,-0.03048439051648555,-0.036726340682892156,-0.6867027444916892,-0.07305318484150689,0.8496810977966757,-0.150532019620096,1,-6.568286584002635
radar__instance__moderate__a2,radar,instance,moderate,hddm_w,blocks,0.0,0.0,0.0,0.0,0.0,0.0,0.0,0.0,0,-0.21834166700136848
radar__instance__moderate__a2,radar,instance,moderate,hellinger,rows,0.014000209544763997,-0.0271681917067563,0.018887352065603324,-0.03210012535582618,-0.7445400077309625,-0.0416884239721278,0.8496810977966757,-0.150532019620096,2,-10.958242875003634
radar__instance__moderate__a2,radar,instance,moderate,hellinger,blocks,0.0,0.0,0.0,0.0,0.0,0.0,0.0,0.0,0,31.68793095899673
radar__instance__moderate__a2,radar,instance,moderate,d3_oof,rows,-0.01940908376551942,0.017011399726323206,0.06857231634127822,0.13602508693778803,-0.6980092771550058,-0.13831654097364302,0.8496810977966757,-0.150532019620096,0,1.2357336249951913
radar__instance__moderate__a2,radar,instance,moderate,d3_oof,blocks,0.0,0.0,0.0,0.0,0.0,0.0,0.0,0.0,0,-0.5198656659995322
radar__instance__moderate__a0,radar,instance,moderate,adwin,rows,0.1266960029336267,0.17397939398915327,0.20012369285554793,0.13759164664011458,-0.7100462174653369,-0.1108071135430917,0.8544393091705182,-0.1501624487004104,-1,-10.97815516600167
radar__instance__moderate__a0,radar,instance,moderate,adwin,blocks,0.0,0.0,0.0,0.0,0.0,0.0,0.0,0.0,0,1.1333940420008872
radar__instance__moderate__a0,radar,instance,moderate,hddm_w,rows,0.14792550683639794,0.08958088337273559,0.06014412135100772,0.16735784821948085,-0.7363171977621017,-0.059994870041039705,0.8544393091705182,-0.1501624487004104,-4,-7.383919792999251
radar__instance__moderate__a0,radar,instance,moderate,hddm_w,blocks,0.0,0.0,0.0,0.0,0.0,0.0,0.0,0.0,0,0.29684883400112483
radar__instance__moderate__a0,radar,instance,moderate,hellinger,rows,0.04615223427104609,0.040542835118309695,0.027920854039414467,-0.05347775229525831,-0.7516419362685478,-0.03532831737346101,0.8544393091705182,-0.1501624487004104,-3,-7.4725278740006615
radar__instance__moderate__a0,radar,instance,moderate,hellinger,blocks,0.0,0.0,0.0,0.0,0.0,0.0,0.0,0.0,0,0.13805624999804422
radar__instance__moderate__a0,radar,instance,moderate,d3_oof,rows,0.06914977212006912,0.003942475578598392,0.049104183469835805,0.0009541273450420773,-0.7603016297737777,-0.1332250341997264,0.8544393091705182,-0.1501624487004104,1,-0.42759920899698045
radar__instance__moderate__a0,radar,instance,moderate,d3_oof,blocks,0.0,0.0,0.0,0.0,0.0,0.0,0.0,0.0,0,2.4644151680040522
radar__instance__severe__a2,radar,instance,severe,adwin,rows,0.024398868458274436,0.10934695237072292,0.14497899152220545,0.04343401228840871,-0.6596194503171248,-0.08955586196182008,0.746618784210374,-0.2503252869322044,0,-6.559183498997285
radar__instance__severe__a2,radar,instance,severe,adwin,blocks,0.0,0.0,0.0,0.0,0.0,0.0,0.0,0.0,0,0.7322624159969564
radar__instance__severe__a2,radar,instance,severe,hddm_w,rows,-0.07391691550107393,0.01013142095188671,0.08407199516409608,-0.11218687898343471,-0.5899678531089808,-0.24671314547608414,0.746618784210374,-0.2503252869322044,2,-6.394041958003072
radar__instance__severe__a2,radar,instance,severe,hddm_w,blocks,0.0,0.0,0.0,0.0,0.0,0.0,0.0,0.0,0,1.3695509579993086
radar__instance__severe__a2,radar,instance,severe,hellinger,rows,0.12170621824087169,0.04018260319488759,0.04292549351197972,0.13919709723292584,-0.5919082510353616,-0.2324296506321248,0.746618784210374,-0.2503252869322044,-2,-4.576304917001849
radar__instance__severe__a2,radar,instance,severe,hellinger,blocks,0.0,0.0,0.0,0.0,0.0,0.0,0.0,0.0,0,-0.3186484580000979
radar__instance__severe__a2,radar,instance,severe,d3_oof,rows,0.05827963748755827,-0.09074578825465324,-0.03803988966518451,0.03275795743319754,-0.5776014364736888,-0.2701338045947994,0.746618784210374,-0.2503252869322044,0,-2.161279457995988
radar__instance__severe__a2,radar,instance,severe,d3_oof,blocks,0.0,0.0,0.0,0.0,0.0,0.0,0.0,0.0,0,3.3367775000042315
radar__concept__moderate__a0,radar,concept,moderate,adwin,rows,0.0438634332727329,0.12841811210765658,0.12121928033010004,0.09415525904642019,-0.6923113703739122,-0.10920146482448692,0.845127665678493,-0.1515853208806099,-3,-30.988460249998752
radar__concept__moderate__a0,radar,concept,moderate,adwin,blocks,0.10442794194681537,0.052403082147344404,-0.018826654712492064,0.010363435837863255,-0.3261929807784259,-0.09924443186593601,0.40379649995218514,-0.07242648004734098,0,-11.171635542003031
radar__concept__moderate__a0,radar,concept,moderate,hddm_w,rows,0.037346316211136155,-0.005130252072099384,-0.0968789642927928,-0.012912581887283392,-0.7302285550349048,-0.12396120101885927,0.845127665678493,-0.1515853208806099,-2,-28.647513457999594
radar__concept__moderate__a0,radar,concept,moderate,hddm_w,blocks,0.10442794194681537,0.052403082147344404,-0.018826654712492064,0.010363435837863255,-0.3261929807784259,-0.09924443186593601,0.40379649995218514,-0.07242648004734098,0,-13.069850625000981
radar__concept__moderate__a0,radar,concept,moderate,hellinger,rows,-0.0023418482112593786,0.0016130818531034097,-0.0417880782094498,-0.0661594692772951,-0.7372573395811418,-0.12049639368444531,0.845127665678493,-0.1515853208806099,3,-48.35101412500441
radar__concept__moderate__a0,radar,concept,moderate,hellinger,blocks,-0.03709980587310879,0.04467765765522358,0.016561986453244026,0.0020452260551400148,-0.3360428421153294,-0.08471625457757648,0.40379649995218514,-0.07242648004734098,0,-19.366815499997756
radar__concept__moderate__a0,radar,concept,moderate,d3_oof,rows,0.004668289526392089,0.03888779245316781,0.08715156358082649,-0.014643930588620124,-0.7203308788371425,-0.1946295486316584,0.845127665678493,-0.1515853208806099,1,-80.83337745899553
radar__concept__moderate__a0,radar,concept,moderate,d3_oof,blocks,0.031168150864326893,0.01029188617114199,0.004795870598751029,0.009937298163060215,-0.3538299703547862,-0.06346429275906729,0.40379649995218514,-0.07242648004734098,0,-8.018682750000153
radar__splice__moderate__a1,radar,splice,moderate,adwin,rows,-0.028792048929663694,-0.03130882112890601,-0.018546078735120375,-0.014272637080206652,-0.665309985802177,-0.10223826094427979,0.8477520113582584,-0.1539115865446578,2,-17.486219875001566
radar__splice__moderate__a1,radar,splice,moderate,adwin,blocks,0.004541284403669743,0.05719178704448699,0.11127967749592449,-0.005670677807497193,-0.3725982016090866,-0.10845899385659674,0.4334122101277804,-0.07868711603729006,0,-3.589313874999789
radar__splice__moderate__a1,radar,splice,moderate,hddm_w,rows,-0.029204892966360863,-0.07763511355804462,-0.14229175728675358,-0.10956454560150208,-0.7159488878371983,-0.1409803668857671,0.8477520113582584,-0.1539115865446578,-3,-5.417100540998959
radar__splice__moderate__a1,radar,splice,moderate,hddm_w,blocks,0.06978593272171252,0.041952243569012476,-0.05744567453605093,-0.093969195905235,-0.4111689540937056,-0.04199853933066977,0.4334122101277804,-0.07868711603729006,0,-37.33692279199748
radar__splice__moderate__a1,radar,splice,moderate,hellinger,rows,0.053669724770642246,0.14387108395772047,0.22885873975093096,0.10072102382916048,-0.6935636535731188,-0.1498560811101087,0.8477520113582584,-0.1539115865446578,-4,6.042636999998649
radar__splice__moderate__a1,radar,splice,moderate,hellinger,blocks,-0.020321100917431223,-0.1422618970502674,-0.14091267543871527,0.011388589704145913,-0.4108849976336962,-0.05827211410405131,0.4334122101277804,-0.07868711603729006,0,1.9017138740018709
radar__splice__moderate__a1,radar,splice,moderate,d3_oof,rows,-0.006437308868501579,0.0035265922184608833,-0.060086150447229314,-0.09643534102322704,-0.667439659252248,-0.1078231730893156,0.8477520113582584,-0.1539115865446578,-1,-0.7959798330011836
radar__splice__moderate__a1,radar,splice,moderate,d3_oof,blocks,0.018501529051987764,-0.0016406178092324142,0.047597768984759536,0.008111406847496228,-0.4172740179839091,-0.06759462129999572,0.4334122101277804,-0.07868711603729006,0,-4.37504308300413
radar__splice__moderate__a0,radar,splice,moderate,adwin,rows,0.01972110035814978,-0.02252147306468069,0.001552636432254062,0.002490677628001925,-0.6619949376581982,-0.07854124168323567,0.8463954251429643,-0.1554212823094998,-4,-6.845979874997283
radar__splice__moderate__a0,radar,splice,moderate,adwin,blocks,0.02106225710584475,0.013562218801908887,-0.05613445197892608,0.15353544146628895,-0.3479891253398331,-0.08843098269080152,0.4472203993625199,-0.0821218615780549,0,-11.942327373999433
radar__splice__moderate__a0,radar,splice,moderate,hddm_w,rows,0.04497447230054108,-0.0383162102236958,-0.013383489052845698,0.000875979380372427,-0.6252460860598106,-0.1685473528373831,0.8463954251429643,-0.1554212823094998,-2,-14.105216834002931
radar__splice__moderate__a0,radar,splice,moderate,hddm_w,blocks,0.12556580050293376,0.0011450308121775943,-0.07685227685003804,0.054618003006203564,-0.3446611043404893,-0.07146607448722253,0.4472203993625199,-0.0821218615780549,0,-35.87074349999966
radar__splice__moderate__a0,radar,splice,moderate,hellinger,rows,-0.019934466204374002,-0.006925959647420904,0.03117816234757792,-0.048664227107890756,-0.6836505109215337,-0.1331887313760426,0.8463954251429643,-0.1554212823094998,-3,2.113826707998669
radar__splice__moderate__a0,radar,splice,moderate,hellinger,blocks,-0.013838299169397272,0.0157618884211983,-0.04090405530603436,0.024293431719919822,-0.3828161619949377,-0.10300307279159249,0.4472203993625199,-0.0821218615780549,0,-7.267230999997963
radar__splice__moderate__a0,radar,splice,moderate,d3_oof,rows,-0.07345881277146993,-0.0672107358167385,-0.10792854372966332,0.10780901382262431,-0.6348082872410237,-0.12669025055732,0.8463954251429643,-0.1554212823094998,1,-15.991897498999606
radar__splice__moderate__a0,radar,splice,moderate,d3_oof,blocks,0.015453783433666102,-0.049754734549013,-0.2324350628474805,0.06497179502655825,-0.4001593700196869,-0.07348017317805833,0.4472203993625199,-0.0821218615780549,0,-6.462161165996804
radar__splice__moderate__a2,radar,splice,moderate,adwin,rows,-0.0076807852885871775,-0.020640106166152417,0.02359354617252213,-0.044783741145837164,-0.6745321399511798,-0.1139836394505325,0.8520078495189777,-0.1526384387165371,-1,-12.578149582997867
radar__splice__moderate__a2,radar,splice,moderate,adwin,blocks,-0.0236797654332791,0.027894379023531896,0.034449218372667456,0.06626011276664556,-0.3922366342794237,-0.053977808646738956,0.47910783516010147,-0.08583286172420301,0,-4.057012957997358
radar__splice__moderate__a2,radar,splice,moderate,hddm_w,rows,0.09857538961659806,-0.023787077632833414,-0.06397747373954138,0.03995536749280082,-0.7038242473555736,-0.1083672034436042,0.8520078495189777,-0.1526384387165371,-1,-6.908025000004272
radar__splice__moderate__a2,radar,splice,moderate,hddm_w,blocks,-0.0236797654332791,0.027894379023531896,0.034449218372667456,0.06626011276664556,-0.3922366342794237,-0.053977808646738956,0.47910783516010147,-0.08583286172420301,0,-9.224462459002098
radar__splice__moderate__a2,radar,splice,moderate,hellinger,rows,0.04759855945437741,0.016607806275090786,0.04684241974147535,0.1060286698953673,-0.6747235916335614,-0.1697021145238463,0.8520078495189777,-0.1526384387165371,-4,10.61025229200095
radar__splice__moderate__a2,radar,splice,moderate,hellinger,blocks,0.0461643879274628,0.006915043351940708,-0.0362705055178697,0.0960158158043013,-0.447901210931891,-0.06395019807583469,0.47910783516010147,-0.08583286172420301,0,13.418495999998385
radar__splice__moderate__a2,radar,splice,moderate,d3_oof,rows,0.017225993562163366,-0.04556873513438009,-0.027403670933757895,-0.038934795976586,-0.6948738812042311,-0.146558968290717,0.8520078495189777,-0.1526384387165371,0,0.4244715830027417
radar__splice__moderate__a2,radar,splice,moderate,d3_oof,blocks,-0.01714631736622363,0.0024597507695232057,0.07246300001990702,0.021897999476676477,-0.3897477624084621,-0.10240777897823738,0.47910783516010147,-0.08583286172420301,0,1.588348916000541
radar__splice__severe__a2,radar,splice,severe,adwin,rows,-0.09265028676626774,-0.02411251072238091,-0.0517846590369242,-0.027751412349261484,-0.627060895677533,-0.1909080305592816,0.7492276152802241,-0.252211271165024,-1,-6.470248708999861
radar__splice__severe__a2,radar,splice,severe,adwin,blocks,0.0843482262975288,0.0032818766847138026,-0.030483879803571534,0.008504026137368892,-0.1908006814310051,-0.045761163274430916,0.22244679929546962,-0.07488190353997781,0,-5.095746500002861
radar__splice__severe__a2,radar,splice,severe,hddm_w,rows,-0.0716738653260639,-0.028389460479420203,-0.10431484800358759,-0.06792285439180656,-0.6198134726994485,-0.30511654128030175,0.7492276152802241,-0.252211271165024,0,-6.687563041999937
radar__splice__severe__a2,radar,splice,severe,hddm_w,blocks,0.08730439708277282,0.0624651727720541,0.07092999169373757,0.11560303315907217,-0.1133023416972252,-0.12124569895608561,0.22244679929546962,-0.07488190353997781,0,5.192056459000014
radar__splice__severe__a2,radar,splice,severe,hellinger,rows,-0.037863768321178215,-0.0723722817076449,-0.1879811355661622,-0.048508516208971564,-0.6647128461294142,-0.10844462588207851,0.7492276152802241,-0.252211271165024,4,-38.6878443759997
radar__splice__severe__a2,radar,splice,severe,hellinger,blocks,0.06969128372158884,0.03298288395396448,-0.04616764627019715,0.10971143343073542,-0.2042560563624288,-0.05952450380047036,0.22244679929546962,-0.07488190353997781,0,-20.206411166996986
radar__splice__severe__a2,radar,splice,severe,d3_oof,rows,-0.034447355377752564,-0.05218008434676022,-0.0842384802428055,-0.0047437772624038255,-0.5732393959518378,-0.2291071324429929,0.7492276152802241,-0.252211271165024,-2,-13.547486958002963
radar__splice__severe__a2,radar,splice,severe,d3_oof,blocks,-0.078435884727041,0.036356190822188106,0.04391969289911557,-0.039107036508834625,-0.1744290127912684,-0.08641939309111402,0.22244679929546962,-0.07488190353997781,0,8.55990779199783
radar__concept__moderate__a1,radar,concept,moderate,adwin,rows,0.03694638514089199,0.036793689809668906,0.0376471051277234,-0.09019072338954914,-0.7907899192183041,-0.010997757655637486,0.8478692013737726,-0.1500145495626572,-4,-27.397392082995793
radar__concept__moderate__a1,radar,concept,moderate,adwin,blocks,0.029386705497807974,-0.05441212379157473,-0.12328554787278762,-0.2448521939249333,-0.415372708363566,-0.05723113264066004,0.462438930005321,-0.0818198935314357,0,-21.689443124003418
radar__concept__moderate__a1,radar,concept,moderate,hddm_w,rows,0.07682059702879807,0.0362750716271818,0.0218614140510629,-0.04759168891639276,-0.762347022686596,-0.040790126837952106,0.8478692013737726,-0.1500145495626572,-2,-44.93375724999714
radar__concept__moderate__a1,radar,concept,moderate,hddm_w,blocks,0.029386705497807974,-0.05441212379157473,-0.12328554787278762,-0.2448521939249333,-0.415372708363566,-0.05723113264066004,0.462438930005321,-0.0818198935314357,0,-24.20513104100243
radar__concept__moderate__a1,radar,concept,moderate,hellinger,rows,-0.0203708580546218,-0.05956880742992468,-0.11878367595920258,0.08133381335714662,-0.7086537996420452,-0.0997072970336009,0.8478692013737726,-0.1500145495626572,-3,-30.82546524999634
radar__concept__moderate__a1,radar,concept,moderate,hellinger,blocks,0.023438105122922215,-0.060661838556195,-0.1226661281859791,-0.3902265704244475,-0.403860107386446,-0.07145546977970252,0.462438930005321,-0.0818198935314357,0,-30.993857916004345
radar__concept__moderate__a1,radar,concept,moderate,d3_oof,rows,-0.05180239493129679,-0.0125221179911916,0.11748634268456767,-0.22764540447109538,-0.8130411648043342,-0.0016603618561819022,0.8478692013737726,-0.1500145495626572,1,-27.846150498997304
radar__concept__moderate__a1,radar,concept,moderate,d3_oof,blocks,0.04469195854569119,0.037060313307571285,0.05646104582902628,0.05724457749144285,-0.3786581531466164,-0.10764964653121317,0.462438930005321,-0.0818198935314357,0,-8.525069250001309
radar__splice__severe__a0,radar,splice,severe,adwin,rows,0.007745717176651179,-0.0069679464889797205,0.025598983793338415,0.006528524503275124,-0.6170515613652868,-0.19760403530895337,0.7498039215686275,-0.2503831603453293,-3,-21.53383070899872
radar__splice__severe__a0,radar,splice,severe,adwin,blocks,0.04947489620041168,-0.055486857163913994,0.0380457464204029,0.06112458755540495,-0.1360929557007988,-0.10073721990493745,0.1871604938271605,-0.06249878746726156,0,-11.02360483299708
radar__splice__severe__a0,radar,splice,severe,hddm_w,rows,0.03836223439517117,0.047106009747581806,0.0790152222517459,-0.014949571961030528,-0.6224546114742193,-0.1796100494713357,0.7498039215686275,-0.2503831603453293,-4,-18.044747750998766
radar__splice__severe__a0,radar,splice,severe,hddm_w,blocks,0.04947489620041168,-0.055486857163913994,0.0380457464204029,0.06112458755540495,-0.1360929557007988,-0.10073721990493745,0.1871604938271605,-0.06249878746726156,0,-17.306282958001248
radar__splice__severe__a0,radar,splice,severe,hellinger,rows,0.008774990405080008,0.015561237473645712,0.08451001554005416,0.07372579053607131,-0.6014814814814815,-0.22309632360073728,0.7498039215686275,-0.2503831603453293,-2,-24.916010166001797
radar__splice__severe__a0,radar,splice,severe,hellinger,blocks,-0.15133805519695753,-0.013569084735224501,0.012230199578474599,-0.4579713483938404,-0.1744371822803195,-0.049034823940246386,0.1871604938271605,-0.06249878746726156,0,-8.41541099999813
radar__splice__severe__a0,radar,splice,severe,d3_oof,rows,-0.029971040787132308,-0.0362937663406879,0.05057572280396627,-0.01242867980520801,-0.6573129992737836,-0.219128916480745,0.7498039215686275,-0.2503831603453293,-1,25.188192376001098
radar__splice__severe__a0,radar,splice,severe,d3_oof,blocks,0.016642824744426243,0.0028776879101732877,0.017481878857107003,-0.03392799664243662,-0.1745533769063181,-0.05828887379959258,0.1871604938271605,-0.06249878746726156,0,-4.403737207998347
radar__splice__severe__a1,radar,splice,severe,adwin,rows,0.10792800219840626,0.07352960248065141,0.016688354342605127,0.04916659548523428,-0.654992236952108,-0.18627611201368932,0.7544488235996656,-0.2429078184632244,-2,-16.481676707997394
radar__splice__severe__a1,radar,splice,severe,adwin,blocks,-0.26786205001374,-0.0448637670809294,-0.06876210784563469,-0.1273646164260963,-0.2350113459930729,-0.08479855416590554,0.2458796130419204,-0.07916518462263156,0,16.834497457999532
radar__splice__severe__a1,radar,splice,severe,hddm_w,rows,0.04017243748282495,0.041430174084443105,0.018440358999706308,0.0034072813128859236,-0.6250746446912696,-0.16406948463320611,0.7544488235996656,-0.2429078184632244,-1,-16.83842254100091
radar__splice__severe__a1,radar,splice,severe,hddm_w,blocks,-0.1944387194284144,-0.02842229275042829,0.011796226579703806,-0.21476330926618536,-0.2185297981607548,-0.05209424838737586,0.2458796130419204,-0.07916518462263156,0,-3.993697958001576
radar__splice__severe__a1,radar,splice,severe,hellinger,rows,0.03208298983237157,0.020434940444939903,-0.01236273030968471,0.02036797443775462,-0.5859011107130061,-0.17997942762658262,0.7544488235996656,-0.2429078184632244,1,-25.56492962500488
radar__splice__severe__a1,radar,splice,severe,hellinger,blocks,-0.26786205001374,-0.0448637670809294,-0.06876210784563469,-0.1273646164260963,-0.2350113459930729,-0.08479855416590554,0.2458796130419204,-0.07916518462263156,0,9.709586958000727
radar__splice__severe__a1,radar,splice,severe,d3_oof,rows,-0.11296029128881557,-0.11552818586773783,-0.09463411526709148,-0.16396460043384498,-0.7183805087782157,-0.11894484873537581,0.7544488235996656,-0.2429078184632244,5,-70.18027066699872
radar__splice__severe__a1,radar,splice,severe,d3_oof,blocks,-0.02672437482824952,-0.018779141224624984,0.07408147633894135,-0.0018238187529887595,-0.2458796130419204,-0.051767397594762676,0.2458796130419204,-0.07916518462263156,0,-0.3260872920000111
radar__concept__severe__a0,radar,concept,severe,adwin,rows,0.03308735198215207,0.0260874059365942,-0.02646378814143402,-0.014358100898346993,-0.6761576685059293,-0.1517209106883643,0.7608145596439351,-0.2383394453357781,-3,-75.28743937500258
radar__concept__severe__a0,radar,concept,severe,adwin,blocks,0.2603226360048052,-0.003669644451723214,0.0269863226321298,0.07164968469951616,-0.1949516812486662,-0.061072274428909834,0.23199097643508215,-0.07267552907021169,0,-7.996581708997837
radar__concept__severe__a0,radar,concept,severe,hddm_w,rows,0.04865282306504204,-0.0164299333312882,-0.04278821331304011,-0.06704178005434636,-0.6343627107276774,-0.2142543357017343,0.7608145596439351,-0.2383394453357781,-3,-35.026316166997276
radar__concept__severe__a0,radar,concept,severe,hddm_w,blocks,0.2603226360048052,-0.003669644451723214,0.0269863226321298,0.07164968469951616,-0.1949516812486662,-0.061072274428909834,0.23199097643508215,-0.07267552907021169,0,-6.7596081259980565
radar__concept__severe__a0,radar,concept,severe,hellinger,rows,0.05481379783765239,0.006294879248630175,0.02146198732040927,-0.05571285076165722,-0.700941987013383,-0.11138169455267782,0.7608145596439351,-0.2383394453357781,3,-57.26437012600218
radar__concept__severe__a0,radar,concept,severe,hellinger,blocks,-0.00998798695726788,-0.0016198149535210926,0.09173820233022828,-0.005050282880594725,-0.2118708654696217,-0.0663725265490106,0.23199097643508215,-0.07267552907021169,0,-7.787795707998157
radar__concept__severe__a0,radar,concept,severe,d3_oof,rows,0.046061438132829924,-0.042849192116923784,-0.09999696524836038,-0.022282182058311117,-0.6758528183397859,-0.1201963480785393,0.7608145596439351,-0.2383394453357781,1,-47.33189866699831
radar__concept__severe__a0,radar,concept,severe,d3_oof,blocks,0.12078256392654874,0.007164594028283788,0.0018450839749351022,0.12321748219214579,-0.214919367131055,-0.08547253418901368,0.23199097643508215,-0.07267552907021169,0,36.381745375998435
radar__concept__moderate__a2,radar,concept,moderate,adwin,rows,0.05514777916773428,0.0371951133943646,0.041511835752722714,-0.001554178539029727,-0.7004700027647222,-0.05958301934187399,0.8706110035941388,-0.1318345474336431,-1,-88.01091462499971
radar__concept__moderate__a2,radar,concept,moderate,adwin,blocks,-0.04220108818520252,-0.013378741330530103,-0.003208611003572559,0.07179531324514443,-0.3741222007188277,-0.03278908147031734,0.44224495438208455,-0.06696809846772173,0,-24.34612725000258
radar__concept__moderate__a2,radar,concept,moderate,hddm_w,rows,0.016277562585720884,0.004655373153089004,0.02691128400090248,0.04822120098193372,-0.7774951617362456,-0.0270032655111781,0.8706110035941388,-0.1318345474336431,-4,-33.75255533300151
radar__concept__moderate__a2,radar,concept,moderate,hddm_w,blocks,-0.04220108818520252,-0.013378741330530103,-0.003208611003572559,0.07179531324514443,-0.3741222007188277,-0.03278908147031734,0.44224495438208455,-0.06696809846772173,0,-28.263900916997954
radar__concept__moderate__a2,radar,concept,moderate,hellinger,rows,-0.026240033760870585,0.003698938427936893,-0.003768023839786694,-0.06776154329398776,-0.7175559856234448,-0.1043372686929582,0.8706110035941388,-0.1318345474336431,2,-39.637960373998794
radar__concept__moderate__a2,radar,concept,moderate,hellinger,blocks,-0.04220108818520252,-0.013378741330530103,-0.003208611003572559,0.07179531324514443,-0.3741222007188277,-0.03278908147031734,0.44224495438208455,-0.06696809846772173,0,-29.943210124998586
radar__concept__moderate__a2,radar,concept,moderate,d3_oof,rows,0.005606716001748335,0.007277527717211907,-0.0018301123720448342,-0.014738766757649846,-0.7510091235830799,-0.1438583270535042,0.8706110035941388,-0.1318345474336431,-2,8.745079625001438
radar__concept__moderate__a2,radar,concept,moderate,d3_oof,blocks,0.0666777193326199,0.010724345559850385,-0.0055460777770861,0.0932498228241122,-0.3769422173071606,-0.02526165954952697,0.44224495438208455,-0.06696809846772173,0,3.9640614159943652
radar__concept__severe__a2,radar,concept,severe,adwin,rows,0.0828863620110134,0.03227538823602921,-0.016049953661176786,-0.03874373262982256,-0.545159560203808,-0.1959092042903467,0.7303834808259587,-0.271748565727114,-2,-46.02574383300086
radar__concept__severe__a2,radar,concept,severe,adwin,blocks,0.0559965672602446,0.0687776335622228,0.07531919113262708,0.005516836086435828,-0.1544918208635022,-0.0480019955101022,0.1607669616519174,-0.05981541531554013,0,-8.954545374999725
radar__concept__severe__a2,radar,concept,severe,hddm_w,rows,0.004058499606665267,0.042616437060644274,0.021213394001476815,-0.14511216363744806,-0.6321802091713596,-0.17233225243202796,0.7303834808259587,-0.271748565727114,-5,-48.71236470900112
radar__concept__severe__a2,radar,concept,severe,hddm_w,blocks,0.04360652220553529,0.0735979605457184,0.07145103351424154,-0.044938792106717806,-0.1544918208635022,-0.0480019955101022,0.1607669616519174,-0.05981541531554013,0,-26.29700208199938
radar__concept__severe__a2,radar,concept,severe,hellinger,rows,0.025495244225130498,0.0879543609683639,0.1939765799024561,-0.005866754325963841,-0.6513810673102709,-0.19246694936393122,0.7303834808259587,-0.271748565727114,5,-42.85193545799848
radar__concept__severe__a2,radar,concept,severe,hellinger,blocks,0.04360652220553529,0.0735979605457184,0.07145103351424154,-0.044938792106717806,-0.1544918208635022,-0.0480019955101022,0.1607669616519174,-0.05981541531554013,0,-19.602198167998722
radar__concept__severe__a2,radar,concept,severe,d3_oof,rows,0.07335693341915173,0.02818046616005282,0.05608478756620039,0.016699236406310547,-0.6175918476803433,-0.22339735594911453,0.7303834808259587,-0.271748565727114,0,35.864260292000836
radar__concept__severe__a2,radar,concept,severe,d3_oof,blocks,0.0559965672602446,0.0687776335622228,0.07531919113262708,0.005516836086435828,-0.1544918208635022,-0.0480019955101022,0.1607669616519174,-0.05981541531554013,0,-8.36848770799773
radar__concept__severe__a1,radar,concept,severe,adwin,rows,0.08886759581881531,0.0169048934102925,-0.005850439007396013,0.034669388173618865,-0.6305497443049745,-0.17968166519558862,0.7518886564388657,-0.2509917651965586,-4,-38.79684574999919
radar__concept__severe__a1,radar,concept,severe,adwin,blocks,-0.008937282229965149,0.03887812858092041,0.11079642944996443,0.14597173061008428,-0.2218154346815434,-0.06483089069729098,0.22861459786145977,-0.07631499820560816,0,29.320278958002774
radar__concept__severe__a1,radar,concept,severe,hddm_w,rows,0.05832752613240422,0.016908792727787586,0.024027353783412808,0.012830907720518425,-0.6044862854486286,-0.1914664545727893,0.7518886564388657,-0.2509917651965586,-1,-49.47779791699941
radar__concept__severe__a1,radar,concept,severe,hddm_w,blocks,-0.008937282229965149,0.03887812858092041,0.11079642944996443,0.14597173061008428,-0.2218154346815434,-0.06483089069729098,0.22861459786145977,-0.07631499820560816,0,24.272723334004695
radar__concept__severe__a1,radar,concept,severe,hellinger,rows,0.17452961672473866,0.027228241593943076,0.02438950044519317,0.021326654715035143,-0.6163412366341237,-0.2597891347151767,0.7518886564388657,-0.2509917651965586,1,-40.20093512499807
radar__concept__severe__a1,radar,concept,severe,hellinger,blocks,-0.01885017421602797,-0.01437493340626142,-0.033583548349036874,-0.08990754700016956,-0.1408066015806601,-0.10229003191107577,0.22861459786145977,-0.07631499820560816,0,-10.70623279099891
radar__concept__severe__a1,radar,concept,severe,d3_oof,rows,0.2037979094076655,0.13817568859437956,0.015182300002150317,0.12104610063105081,-0.6010285913528591,-0.3062881308257112,0.7518886564388657,-0.2509917651965586,-2,138.84854870799973
radar__concept__severe__a1,radar,concept,severe,d3_oof,blocks,0.11604529616724735,-0.008713820053919408,-0.01991396861071698,0.06253286040386574,-0.2076940957694096,-0.09697475242242892,0.22861459786145977,-0.07631499820560816,0,11.652111417002743
