stream,mode,level,detector,filter,metric,mean,std,min,max,count
RBF_I,clean,none,adwin,learned_features,accuracy_difference,-0.0048812795039807995,0.004478771161053895,-0.008801521876981577,0.0,3
RBF_I,clean,none,adwin,learned_features,average_precision_difference,-0.011309703809269175,0.013715844661092581,-0.0265662401795157,0.0,3
RBF_I,clean,none,adwin,learned_features,benign_fpr_difference,,,,,0
RBF_I,clean,none,adwin,learned_features,legitimate_withhold_rate_difference,0.014116818149792163,0.020674926984072823,0.0,0.03784823504544502,3
RBF_I,clean,none,adwin,learned_features,macro_f1_difference,-0.005435094149651376,0.005148351911534343,-0.010238388355199857,0.0,3
RBF_I,clean,none,adwin,learned_features,macro_precision_difference,-0.0051479774898500015,0.004849260574623475,-0.009629601929449394,0.0,3
RBF_I,clean,none,adwin,learned_features,macro_recall_difference,-0.005571781906087647,0.00550511478928414,-0.011007715054350387,0.0,3
RBF_I,clean,none,adwin,learned_features,malicious_precision_difference,,,,,0
RBF_I,clean,none,adwin,learned_features,malicious_recall_difference,,,,,0
RBF_I,clean,none,adwin,learned_features,poison_admission_rate_difference,,,,,0
RBF_I,clean,none,adwin,learned_features,roc_auc_difference,-0.003848614875666493,0.0040240386495252745,-0.008027697181856253,0.0,3
RBF_I,clean,none,adwin,learned_features_label,accuracy_difference,-0.007664341576833637,0.010503361590177986,-0.01956457408581691,0.0003128302684421991,3
RBF_I,clean,none,adwin,learned_features_label,average_precision_difference,-0.011762678760738296,0.018333606128052463,-0.032820368839730274,0.0006506768415842634,3
RBF_I,clean,none,adwin,learned_features_label,benign_fpr_difference,,,,,0
RBF_I,clean,none,adwin,learned_features_label,legitimate_withhold_rate_difference,0.028536602550553163,0.025068426837476634,0.004079475797928583,0.05417459310927933,3
RBF_I,clean,none,adwin,learned_features_label,macro_f1_difference,-0.00784820114123308,0.010445599057623002,-0.019657467644701443,0.00018162813914401887,3
RBF_I,clean,none,adwin,learned_features_label,macro_precision_difference,-0.008385131726358797,0.011313797530882642,-0.021239453515987994,6.114359470910102e-05,3
RBF_I,clean,none,adwin,learned_features_label,macro_recall_difference,-0.007515640408283342,0.009848341780816608,-0.018601060849530948,0.00022364124581475409,3
RBF_I,clean,none,adwin,learned_features_label,malicious_precision_difference,,,,,0
RBF_I,clean,none,adwin,learned_features_label,malicious_recall_difference,,,,,0
RBF_I,clean,none,adwin,learned_features_label,poison_admission_rate_difference,,,,,0
RBF_I,clean,none,adwin,learned_features_label,roc_auc_difference,-0.0038497621766396075,0.006774479618337803,-0.011625822161411614,0.0007753176337336187,3
RBF_I,clean,none,adwin,none,accuracy_difference,0.0010610864510673945,0.003610371472049518,-0.0030268442189812506,0.003813147326146682,3
RBF_I,clean,none,adwin,none,average_precision_difference,-0.0014527149286208314,0.0047050367407412115,-0.006783941642516389,0.0021189265876627728,3
RBF_I,clean,none,adwin,none,benign_fpr_difference,,,,,0
RBF_I,clean,none,adwin,none,legitimate_withhold_rate_difference,0.029451137884872847,0.0101068734073236,0.020080321285140618,0.040160642570281124,3
RBF_I,clean,none,adwin,none,macro_f1_difference,0.0005680043111957467,0.004032088474320252,-0.004076517397560986,0.0031714253288472882,3
RBF_I,clean,none,adwin,none,macro_precision_difference,0.0007528186867169125,0.004124660398526012,-0.003956245822679727,0.0037248920233883265,3
RBF_I,clean,none,adwin,none,macro_recall_difference,0.0003008109268721748,0.0041751728966421976,-0.004509168595058455,0.0029888933684415475,3
RBF_I,clean,none,adwin,none,malicious_precision_difference,,,,,0
RBF_I,clean,none,adwin,none,malicious_recall_difference,,,,,0
RBF_I,clean,none,adwin,none,poison_admission_rate_difference,,,,,0
RBF_I,clean,none,adwin,none,roc_auc_difference,0.0013503282107835874,0.0010712186194457994,0.00046874631032722824,0.002542530729486847,3
RBF_I,clean,none,d3_oof,learned_features,accuracy_difference,0.003153667300782111,0.007319059320207349,-0.004747410695413179,0.009701965757767939,3
RBF_I,clean,none,d3_oof,learned_features,average_precision_difference,0.0025381003547425562,0.007931712647231144,-0.0063523309192946575,0.00888915946368174,3
RBF_I,clean,none,d3_oof,learned_features,benign_fpr_difference,,,,,0
RBF_I,clean,none,d3_oof,learned_features,legitimate_withhold_rate_difference,-0.03598111745226524,0.05239532488008387,-0.09219192559712541,0.011502853519340495,3
RBF_I,clean,none,d3_oof,learned_features,macro_f1_difference,0.0035145095320965325,0.007310295230049086,-0.004506217753427633,0.009803330264407273,3
RBF_I,clean,none,d3_oof,learned_features,macro_precision_difference,0.003020874523454601,0.007474351592899737,-0.004760889114883038,0.010144255026624305,3
RBF_I,clean,none,d3_oof,learned_features,macro_recall_difference,0.0036587159485063823,0.0071747113556531695,-0.004352686128799355,0.009491863457988026,3
RBF_I,clean,none,d3_oof,learned_features,malicious_precision_difference,,,,,0
RBF_I,clean,none,d3_oof,learned_features,malicious_recall_difference,,,,,0
RBF_I,clean,none,d3_oof,learned_features,poison_admission_rate_difference,,,,,0
RBF_I,clean,none,d3_oof,learned_features,roc_auc_difference,0.0017751514376138644,0.004233379054467718,-0.003035691680079111,0.004931132515429759,3
RBF_I,clean,none,d3_oof,learned_features_label,accuracy_difference,-0.004142887338828986,0.005727256983271026,-0.010678503487634772,0.0,3
RBF_I,clean,none,d3_oof,learned_features_label,average_precision_difference,-0.004670047261115677,0.01185431668617994,-0.01814813232157031,0.0041379905382232796,3
RBF_I,clean,none,d3_oof,learned_features_label,benign_fpr_difference,,,,,0
RBF_I,clean,none,d3_oof,learned_features_label,legitimate_withhold_rate_difference,-0.0001747340238145434,0.02770702917471991,-0.02796871697315581,0.02744451490171218,3
RBF_I,clean,none,d3_oof,learned_features_label,macro_f1_difference,-0.004004190823470625,0.0057198162516458465,-0.010555037694619518,0.0,3
RBF_I,clean,none,d3_oof,learned_features_label,macro_precision_difference,-0.00454695365394923,0.006631043571985386,-0.012155657580607326,0.0,3
RBF_I,clean,none,d3_oof,learned_features_label,macro_recall_difference,-0.0037177282811905097,0.00528020449251648,-0.00976161712938528,0.0,3
RBF_I,clean,none,d3_oof,learned_features_label,malicious_precision_difference,,,,,0
RBF_I,clean,none,d3_oof,learned_features_label,malicious_recall_difference,,,,,0
RBF_I,clean,none,d3_oof,learned_features_label,poison_admission_rate_difference,,,,,0
RBF_I,clean,none,d3_oof,learned_features_label,roc_auc_difference,-0.0032294295671344564,0.004933418462126487,-0.0089082194269815,0.0,3
RBF_I,clean,none,d3_oof,none,accuracy_difference,0.00041992531529622124,0.0136679122843038,-0.013033185373071299,0.014292961318959962,3
RBF_I,clean,none,d3_oof,none,average_precision_difference,-0.0008168339954186162,0.016065376803477808,-0.017275045960842283,0.014824543974586435,3
RBF_I,clean,none,d3_oof,none,benign_fpr_difference,,,,,0
RBF_I,clean,none,d3_oof,none,legitimate_withhold_rate_difference,0.010709504685408303,0.018549406239024128,0.0,0.03212851405622491,3
RBF_I,clean,none,d3_oof,none,macro_f1_difference,-4.7111018732448606e-05,0.014337061770775978,-0.014407670246902038,0.014266337190704692,3
RBF_I,clean,none,d3_oof,none,macro_precision_difference,0.00015885860373883917,0.013922254953391494,-0.013683287290656265,0.014159863101872783,3
RBF_I,clean,none,d3_oof,none,macro_recall_difference,-0.0004398865056218411,0.014715675193022219,-0.01537057315511936,0.014050913638253837,3
RBF_I,clean,none,d3_oof,none,malicious_precision_difference,,,,,0
RBF_I,clean,none,d3_oof,none,malicious_recall_difference,,,,,0
RBF_I,clean,none,d3_oof,none,poison_admission_rate_difference,,,,,0
RBF_I,clean,none,d3_oof,none,roc_auc_difference,0.0018358334887700705,0.004953277420905086,-0.0019374376504817103,0.0074449381167919215,3
RBF_I,clean,none,hddm_w,learned_features,accuracy_difference,-0.009835834566335485,0.010445068339416932,-0.021538786725850745,-0.001458465440710155,3
RBF_I,clean,none,hddm_w,learned_features,average_precision_difference,-0.0209123471728635,0.003752023403277052,-0.025080329552844782,-0.017804333630156433,3
RBF_I,clean,none,hddm_w,learned_features,benign_fpr_difference,,,,,0
RBF_I,clean,none,hddm_w,learned_features,legitimate_withhold_rate_difference,0.062013668709927465,0.014092273561710259,0.045850771507081,0.07172690763052209,3
RBF_I,clean,none,hddm_w,learned_features,macro_f1_difference,-0.009907293124017391,0.010304369140291137,-0.02155502757927108,-0.0019792075321739544,3
RBF_I,clean,none,hddm_w,learned_features,macro_precision_difference,-0.010678047750676415,0.009404053669414457,-0.02152034386452084,-0.004737586058257248,3
RBF_I,clean,none,hddm_w,learned_features,macro_recall_difference,-0.008753591752452236,0.009961256481869213,-0.01994529624789143,-0.0008586215080530479,3
RBF_I,clean,none,hddm_w,learned_features,malicious_precision_difference,,,,,0
RBF_I,clean,none,hddm_w,learned_features,malicious_recall_difference,,,,,0
RBF_I,clean,none,hddm_w,learned_features,poison_admission_rate_difference,,,,,0
RBF_I,clean,none,hddm_w,learned_features,roc_auc_difference,-0.006645464426766205,0.0035897596937792186,-0.010450539473552456,-0.0033190492487533696,3
RBF_I,clean,none,hddm_w,learned_features_label,accuracy_difference,-0.011185795814838287,0.0025033025972752442,-0.014039315155358278,-0.009359543436905482,3
RBF_I,clean,none,hddm_w,learned_features_label,average_precision_difference,-0.01580016749182389,0.00942772158396107,-0.02622883461033254,-0.007881372643664175,3
RBF_I,clean,none,hddm_w,learned_features_label,benign_fpr_difference,,,,,0
RBF_I,clean,none,hddm_w,learned_features_label,legitimate_withhold_rate_difference,0.04527161276685695,0.05825807087548485,0.004049883745508381,0.11192136968928348,3
RBF_I,clean,none,hddm_w,learned_features_label,macro_f1_difference,-0.01119749789915018,0.0025528033773964034,-0.014098846985974967,-0.009295785451640781,3
RBF_I,clean,none,hddm_w,learned_features_label,macro_precision_difference,-0.011921136869530188,0.0032552329196660046,-0.014970743137903364,-0.008493318347281398,3
RBF_I,clean,none,hddm_w,learned_features_label,macro_recall_difference,-0.010690182195057166,0.00255983216386578,-0.013644853315428973,-0.00914087695380783,3
RBF_I,clean,none,hddm_w,learned_features_label,malicious_precision_difference,,,,,0
RBF_I,clean,none,hddm_w,learned_features_label,malicious_recall_difference,,,,,0
RBF_I,clean,none,hddm_w,learned_features_label,poison_admission_rate_difference,,,,,0
RBF_I,clean,none,hddm_w,learned_features_label,roc_auc_difference,-0.0053275032332606624,0.003422465231661553,-0.009225114377318544,-0.0028132431633107746,3
RBF_I,clean,none,hddm_w,none,accuracy_difference,-0.007871485943775144,0.002498471934998944,-0.010712322976115018,-0.006015641513422154,3
RBF_I,clean,none,hddm_w,none,average_precision_difference,-0.009350929502309277,0.004025712175296585,-0.013256235835959806,-0.005214748147300274,3
RBF_I,clean,none,hddm_w,none,benign_fpr_difference,,,,,0
RBF_I,clean,none,hddm_w,none,legitimate_withhold_rate_difference,0.0562248995983936,0.014480125604273093,0.0441767068273092,0.07228915662650609,3
RBF_I,clean,none,hddm_w,none,macro_f1_difference,-0.00811878775481334,0.002124092196782652,-0.01053741146490872,-0.006556683932515406,3
RBF_I,clean,none,hddm_w,none,macro_precision_difference,-0.00784103935938226,0.0028501148353568843,-0.011131042756929999,-0.006124884250186646,3
RBF_I,clean,none,hddm_w,none,macro_recall_difference,-0.008292985867634902,0.0020934221026589726,-0.010600970922191477,-0.006516643084585216,3
RBF_I,clean,none,hddm_w,none,malicious_precision_difference,,,,,0
RBF_I,clean,none,hddm_w,none,malicious_recall_difference,,,,,0
RBF_I,clean,none,hddm_w,none,poison_admission_rate_difference,,,,,0
RBF_I,clean,none,hddm_w,none,roc_auc_difference,-0.003783417666750758,0.004112573201008675,-0.006521252849838399,0.0009457755409204571,3
RBF_I,clean,none,hellinger,learned_features,accuracy_difference,0.00158247023180443,0.006216063919550381,-0.0026336926653983683,0.008721200591841005,3
RBF_I,clean,none,hellinger,learned_features,average_precision_difference,0.0024333134034381456,0.007968175169841782,-0.0033291867194578106,0.0115264077793793,3
RBF_I,clean,none,hellinger,learned_features,benign_fpr_difference,,,,,0
RBF_I,clean,none,hellinger,learned_features,legitimate_withhold_rate_difference,-0.022767561473966042,0.01989071440357704,-0.03687169731557813,-1.6909744240095614e-05,3
RBF_I,clean,none,hellinger,learned_features,macro_f1_difference,0.001923186166023938,0.006040255580838382,-0.0023396230958556696,0.008835388887186157,3
RBF_I,clean,none,hellinger,learned_features,macro_precision_difference,0.0012576302853708106,0.007232984823211651,-0.0032132118588766856,0.009602449637499344,3
RBF_I,clean,none,hellinger,learned_features,macro_recall_difference,0.0021723848519700217,0.005380852116715599,-0.002164795247590834,0.008193924562717059,3
RBF_I,clean,none,hellinger,learned_features,malicious_precision_difference,,,,,0
RBF_I,clean,none,hellinger,learned_features,malicious_recall_difference,,,,,0
RBF_I,clean,none,hellinger,learned_features,poison_admission_rate_difference,,,,,0
RBF_I,clean,none,hellinger,learned_features,roc_auc_difference,0.001351526179946087,0.0034281316055126574,-0.0015029343405621454,0.005153862260444786,3
RBF_I,clean,none,hellinger,learned_features_label,accuracy_difference,-0.013154371873458729,0.023452431601031307,-0.03991967871485946,0.003796237581906614,3
RBF_I,clean,none,hellinger,learned_features_label,average_precision_difference,-0.020639408449800833,0.03357088279876752,-0.05924223727517197,0.0017231130988579757,3
RBF_I,clean,none,hellinger,learned_features_label,benign_fpr_difference,,,,,0
RBF_I,clean,none,hellinger,learned_features_label,legitimate_withhold_rate_difference,0.08274360600295923,0.0836299873382489,0.003918833227647495,0.1704671316846333,3
RBF_I,clean,none,hellinger,learned_features_label,macro_f1_difference,-0.013394854149959482,0.023334892824452762,-0.04002764918785173,0.003462432308351082,3
RBF_I,clean,none,hellinger,learned_features_label,macro_precision_difference,-0.013795547541104125,0.02389934218761357,-0.04107607691923332,0.0034513907729809556,3
RBF_I,clean,none,hellinger,learned_features_label,macro_recall_difference,-0.012773512205784302,0.022602119390817507,-0.038541554828190994,0.0036968422625787145,3
RBF_I,clean,none,hellinger,learned_features_label,malicious_precision_difference,,,,,0
RBF_I,clean,none,hellinger,learned_features_label,malicious_recall_difference,,,,,0
RBF_I,clean,none,hellinger,learned_features_label,poison_admission_rate_difference,,,,,0
RBF_I,clean,none,hellinger,learned_features_label,roc_auc_difference,-0.008522840862120296,0.016053850797303666,-0.02678043142298492,0.0033846979483913575,3
RBF_I,clean,none,hellinger,none,accuracy_difference,-0.008849432818995306,0.0230858662754078,-0.03520186007186643,0.007808074402874676,3
RBF_I,clean,none,hellinger,none,average_precision_difference,-0.01146374210344836,0.025148877313494866,-0.04038133733506355,0.005296260554194188,3
RBF_I,clean,none,hellinger,none,benign_fpr_difference,,,,,0
RBF_I,clean,none,hellinger,none,legitimate_withhold_rate_difference,0.02008032128514058,0.025080313246579892,-0.008032128514056186,0.040160642570281124,3
RBF_I,clean,none,hellinger,none,macro_f1_difference,-0.008883116424713141,0.02298112021605546,-0.035148134717606916,0.007527120126546327,3
RBF_I,clean,none,hellinger,none,macro_precision_difference,-0.008760217629843395,0.02314912152740687,-0.03519421088174779,0.007894049433440853,3
RBF_I,clean,none,hellinger,none,macro_recall_difference,-0.00923814656865655,0.02318958050247071,-0.03577967312540342,0.007101357478940473,3
RBF_I,clean,none,hellinger,none,malicious_precision_difference,,,,,0
RBF_I,clean,none,hellinger,none,malicious_recall_difference,,,,,0
RBF_I,clean,none,hellinger,none,poison_admission_rate_difference,,,,,0
RBF_I,clean,none,hellinger,none,roc_auc_difference,-0.005688638521188653,0.013227123544539527,-0.020841050715600273,0.0035489226796889817,3
RBF_I,concept,moderate,adwin,learned_features,accuracy_difference,-0.028820112959599815,0.04222649203265223,-0.07650104550433134,0.003850593011223369,3
RBF_I,concept,moderate,adwin,learned_features,average_precision_difference,-0.03646542636557163,0.052204487979222135,-0.09587591656687022,0.002077454488139785,3
RBF_I,concept,moderate,adwin,learned_features,benign_fpr_difference,,,,,0
RBF_I,concept,moderate,adwin,learned_features,legitimate_withhold_rate_difference,0.014828485058455696,0.04746795506799507,-0.02048177186977629,0.06878920641242658,3
RBF_I,concept,moderate,adwin,learned_features,macro_f1_difference,-0.029283789824656032,0.042991321598187644,-0.07785762688560349,0.003873895168823638,3
RBF_I,concept,moderate,adwin,learned_features,macro_precision_difference,-0.029600708373229517,0.04170381026952678,-0.0763144024432485,0.0038843606551108856,3
RBF_I,concept,moderate,adwin,learned_features,macro_recall_difference,-0.028993716710366546,0.04376752047914469,-0.07855879192788762,0.004337115342519016,3
RBF_I,concept,moderate,adwin,learned_features,malicious_precision_difference,,,,,0
RBF_I,concept,moderate,adwin,learned_features,malicious_recall_difference,,,,,0
RBF_I,concept,moderate,adwin,learned_features,poison_admission_rate_difference,-0.06985769529579793,0.07613785103419614,-0.14794843710506367,0.004164087558381602,3
RBF_I,concept,moderate,adwin,learned_features,roc_auc_difference,-0.017752855453813703,0.0267197859345791,-0.04833224862931651,0.0010896562365345641,3
RBF_I,concept,moderate,adwin,learned_features_label,accuracy_difference,-0.03268324819156584,0.014582579860415248,-0.045255401772378745,-0.01669627705369181,3
RBF_I,concept,moderate,adwin,learned_features_label,average_precision_difference,-0.03656159712176473,0.015692087620387363,-0.04594037125399941,-0.018445722774220852,3
RBF_I,concept,moderate,adwin,learned_features_label,benign_fpr_difference,,,,,0
RBF_I,concept,moderate,adwin,learned_features_label,legitimate_withhold_rate_difference,0.06564575579942959,0.052319648641706545,0.006300294113256,0.10511301403962961,3
RBF_I,concept,moderate,adwin,learned_features_label,macro_f1_difference,-0.0337036309994437,0.015060108629861685,-0.046061910256915306,-0.016929135204490797,3
RBF_I,concept,moderate,adwin,learned_features_label,macro_precision_difference,-0.03185067573445007,0.013772666070062741,-0.04502700180222985,-0.01755053148986485,3
RBF_I,concept,moderate,adwin,learned_features_label,macro_recall_difference,-0.03563804231437225,0.01657456996002846,-0.04703482364940448,-0.016624194434992412,3
RBF_I,concept,moderate,adwin,learned_features_label,malicious_precision_difference,,,,,0
RBF_I,concept,moderate,adwin,learned_features_label,malicious_recall_difference,,,,,0
RBF_I,concept,moderate,adwin,learned_features_label,poison_admission_rate_difference,-0.08566211888621822,0.08165317389473425,-0.17609974782852345,-0.017356137838065555,3
RBF_I,concept,moderate,adwin,learned_features_label,roc_auc_difference,-0.01860628243203044,0.008192710088795982,-0.024186605648954473,-0.009200571474115016,3
RBF_I,concept,moderate,adwin,none,accuracy_difference,-0.009930414406992383,0.0136058169854315,-0.02210577128837532,0.004756029610761714,3
RBF_I,concept,moderate,adwin,none,average_precision_difference,-0.011389794404361756,0.018892453440355606,-0.03186463570687159,0.0053676302517832175,3
RBF_I,concept,moderate,adwin,none,benign_fpr_difference,,,,,0
RBF_I,concept,moderate,adwin,none,legitimate_withhold_rate_difference,0.03826355344075947,0.04572400324410465,-0.011550539207636074,0.0783232101961566,3
RBF_I,concept,moderate,adwin,none,macro_f1_difference,-0.010439756934999064,0.01375831992094668,-0.022710905625327737,0.004433983660128815,3
RBF_I,concept,moderate,adwin,none,macro_precision_difference,-0.010761139334937312,0.014351449190901887,-0.02435815255846785,0.004241330796273313,3
RBF_I,concept,moderate,adwin,none,macro_recall_difference,-0.01027562630192728,0.013568544672591798,-0.02206820968893619,0.004554121460056515,3
RBF_I,concept,moderate,adwin,none,malicious_precision_difference,,,,,0
RBF_I,concept,moderate,adwin,none,malicious_recall_difference,,,,,0
RBF_I,concept,moderate,adwin,none,poison_admission_rate_difference,-0.18419429298196568,0.09302205228082719,-0.27789296721770795,-0.09186395933383884,3
RBF_I,concept,moderate,adwin,none,roc_auc_difference,-0.0037091883287363827,0.0072250545888215304,-0.011048219910380297,0.0033962225993352524,3
RBF_I,concept,moderate,d3_oof,learned_features,accuracy_difference,-0.0017831366429167383,0.004891470838696872,-0.007415038095380244,0.0014039629592751401,3
RBF_I,concept,moderate,d3_oof,learned_features,average_precision_difference,-0.0031901782797530607,0.007298136901420647,-0.01152238075085299,0.0020684446797570866,3
RBF_I,concept,moderate,d3_oof,learned_features,benign_fpr_difference,,,,,0
RBF_I,concept,moderate,d3_oof,learned_features,legitimate_withhold_rate_difference,-0.002665074345628506,0.016773918139670056,-0.017034147894611107,0.015767201035547185,3
RBF_I,concept,moderate,d3_oof,learned_features,macro_f1_difference,-0.0018225604017383008,0.004988943876594796,-0.007566282039038086,0.0014324548488622302,3
RBF_I,concept,moderate,d3_oof,learned_features,macro_precision_difference,-0.0021867469490067792,0.005381537973413461,-0.008393472828100434,0.0011780855980145777,3
RBF_I,concept,moderate,d3_oof,learned_features,macro_recall_difference,-0.0017642049452521642,0.004855589710383197,-0.007358560389142621,0.0013556828805619814,3
RBF_I,concept,moderate,d3_oof,learned_features,malicious_precision_difference,,,,,0
RBF_I,concept,moderate,d3_oof,learned_features,malicious_recall_difference,,,,,0
RBF_I,concept,moderate,d3_oof,learned_features,poison_admission_rate_difference,-0.023940067046508934,0.056626523584204225,-0.08915662650602407,0.012750301906928385,3
RBF_I,concept,moderate,d3_oof,learned_features,roc_auc_difference,-0.001501127221132048,0.0035681858533208087,-0.0056174234160548675,0.0007120354259261275,3
RBF_I,concept,moderate,d3_oof,learned_features_label,accuracy_difference,-0.00017890496304247735,0.0026376473072224887,-0.0030555928795727993,0.002125858807129344,3
RBF_I,concept,moderate,d3_oof,learned_features_label,average_precision_difference,-0.00020348216083613627,0.004347160801051555,-0.0034182904143097437,0.00474256884004709,3
RBF_I,concept,moderate,d3_oof,learned_features_label,benign_fpr_difference,,,,,0
RBF_I,concept,moderate,d3_oof,learned_features_label,legitimate_withhold_rate_difference,-0.005339366360051288,0.023034773319760195,-0.0246457852423784,0.020158319227322613,3
RBF_I,concept,moderate,d3_oof,learned_features_label,macro_f1_difference,-0.0005214111211725067,0.0026860187929020956,-0.003213672363232001,0.00215832139292782,3
RBF_I,concept,moderate,d3_oof,learned_features_label,macro_precision_difference,-0.0005442925852909841,0.0026881085920847964,-0.0033221375874544767,0.0020440508847614502,3
RBF_I,concept,moderate,d3_oof,learned_features_label,macro_recall_difference,-0.0006837871181936869,0.0026587318325520257,-0.0031364705726667497,0.0021416521237495045,3
RBF_I,concept,moderate,d3_oof,learned_features_label,malicious_precision_difference,,,,,0
RBF_I,concept,moderate,d3_oof,learned_features_label,malicious_recall_difference,,,,,0
RBF_I,concept,moderate,d3_oof,learned_features_label,poison_admission_rate_difference,0.007455771156503903,0.04434776353239106,-0.039871112356402394,0.04805582128186381,3
RBF_I,concept,moderate,d3_oof,learned_features_label,roc_auc_difference,0.0006389923744496059,0.0018498617216073578,-0.0008839602273251757,0.0026975615473506798,3
RBF_I,concept,moderate,d3_oof,none,accuracy_difference,-0.007399191852688928,0.008847135854636916,-0.016462379878871225,0.0012147764612168155,3
RBF_I,concept,moderate,d3_oof,none,average_precision_difference,-0.010619646216587952,0.012502833904049573,-0.02347619052568728,0.0014965787290259769,3
RBF_I,concept,moderate,d3_oof,none,benign_fpr_difference,,,,,0
RBF_I,concept,moderate,d3_oof,none,legitimate_withhold_rate_difference,0.023210944261726835,0.03930633429948462,-0.022065959003299468,0.04858607985661659,3
RBF_I,concept,moderate,d3_oof,none,macro_f1_difference,-0.007336321751379808,0.009179576338596085,-0.01683100379300395,0.001491813487774829,3
RBF_I,concept,moderate,d3_oof,none,macro_precision_difference,-0.007790179154993211,0.009656244292370084,-0.01791621369694818,0.0013151916600574465,3
RBF_I,concept,moderate,d3_oof,none,macro_recall_difference,-0.0070539707358011254,0.00858091650457344,-0.016004800409172182,0.0011016769980236596,3
RBF_I,concept,moderate,d3_oof,none,malicious_precision_difference,,,,,0
RBF_I,concept,moderate,d3_oof,none,malicious_recall_difference,,,,,0
RBF_I,concept,moderate,d3_oof,none,poison_admission_rate_difference,-0.07356207504708483,0.0029974336586726207,-0.07692307692307687,-0.07116578200915546,3
RBF_I,concept,moderate,d3_oof,none,roc_auc_difference,-0.004297148729036637,0.0045704544697368985,-0.008153064039446822,0.0007513844979414319,3
RBF_I,concept,moderate,hddm_w,learned_features,accuracy_difference,-0.05724019415639755,0.0263064027408946,-0.084426927039011,-0.03191277506721102,3
RBF_I,concept,moderate,hddm_w,learned_features,average_precision_difference,-0.08014307001911514,0.03130413957077439,-0.11429212199182948,-0.05280546256128149,3
RBF_I,concept,moderate,hddm_w,learned_features,benign_fpr_difference,,,,,0
RBF_I,concept,moderate,hddm_w,learned_features,legitimate_withhold_rate_difference,0.09656044059815487,0.043719531999531124,0.05441103255999208,0.14169689912064623,3
RBF_I,concept,moderate,hddm_w,learned_features,macro_f1_difference,-0.05812091251131568,0.026014472464221894,-0.08492901920539575,-0.03298029922531254,3
RBF_I,concept,moderate,hddm_w,learned_features,macro_precision_difference,-0.05815447024329157,0.0272205933159012,-0.08722519186585143,-0.03326872012883042,3
RBF_I,concept,moderate,hddm_w,learned_features,macro_recall_difference,-0.05805774437921688,0.02500998638558865,-0.08292560816276673,-0.032908017894124675,3
RBF_I,concept,moderate,hddm_w,learned_features,malicious_precision_difference,,,,,0
RBF_I,concept,moderate,hddm_w,learned_features,malicious_recall_difference,,,,,0
RBF_I,concept,moderate,hddm_w,learned_features,poison_admission_rate_difference,-0.15356758553775537,0.04973812037235476,-0.19445222751470997,-0.09819368634291825,3
RBF_I,concept,moderate,hddm_w,learned_features,roc_auc_difference,-0.03782455493372794,0.011990476058002367,-0.050883991187943955,-0.02731239287869336,3
RBF_I,concept,moderate,hddm_w,learned_features_label,accuracy_difference,-0.048531703752027644,0.04100067717679598,-0.07835057702930681,-0.001776048714479006,3
RBF_I,concept,moderate,hddm_w,learned_features_label,average_precision_difference,-0.05832297438078826,0.04900360015915884,-0.09554379605107688,-0.002803070807323338,3
RBF_I,concept,moderate,hddm_w,learned_features_label,benign_fpr_difference,,,,,0
RBF_I,concept,moderate,hddm_w,learned_features_label,legitimate_withhold_rate_difference,0.1178622678701926,0.023262408600594687,0.09288559195459531,0.1389100391653354,3
RBF_I,concept,moderate,hddm_w,learned_features_label,macro_f1_difference,-0.04871041878682636,0.04063925299847476,-0.07873600895596533,-0.002466279902794466,3
RBF_I,concept,moderate,hddm_w,learned_features_label,macro_precision_difference,-0.04639457174436686,0.04021753624304783,-0.07844158219759745,-0.0012645026151064664,3
RBF_I,concept,moderate,hddm_w,learned_features_label,macro_recall_difference,-0.04942516501452665,0.03896478267196011,-0.07685998849101361,-0.004824875588418931,3
RBF_I,concept,moderate,hddm_w,learned_features_label,malicious_precision_difference,,,,,0
RBF_I,concept,moderate,hddm_w,learned_features_label,malicious_recall_difference,,,,,0
RBF_I,concept,moderate,hddm_w,learned_features_label,poison_admission_rate_difference,-0.12177414973509444,0.03981087369257384,-0.1664331745587,-0.09000618985988407,3
RBF_I,concept,moderate,hddm_w,learned_features_label,roc_auc_difference,-0.02698136509808376,0.02258670665346506,-0.042854280026972114,-0.0011229310073048726,3
RBF_I,concept,moderate,hddm_w,none,accuracy_difference,-0.03671186909669836,0.02219184064687703,-0.05359728878338643,-0.011576653665525738,3
RBF_I,concept,moderate,hddm_w,none,average_precision_difference,-0.04692179764964999,0.027893789754327842,-0.06947163269407419,-0.015729746511864873,3
RBF_I,concept,moderate,hddm_w,none,benign_fpr_difference,,,,,0
RBF_I,concept,moderate,hddm_w,none,legitimate_withhold_rate_difference,0.10360845641569767,0.03394981899205239,0.07893780823417584,0.1423276685505055,3
RBF_I,concept,moderate,hddm_w,none,macro_f1_difference,-0.03779740184616546,0.022052086749575497,-0.055077016561448255,-0.012960196040645466,3
RBF_I,concept,moderate,hddm_w,none,macro_precision_difference,-0.03677198651189192,0.021943868984247782,-0.05404977533405919,-0.01208186485613083,3
RBF_I,concept,moderate,hddm_w,none,macro_recall_difference,-0.03744250679713849,0.020354295959597375,-0.05160341572496052,-0.014117088259265054,3
RBF_I,concept,moderate,hddm_w,none,malicious_precision_difference,,,,,0
RBF_I,concept,moderate,hddm_w,none,malicious_recall_difference,,,,,0
RBF_I,concept,moderate,hddm_w,none,poison_admission_rate_difference,-0.19787447120178803,0.09573283775198196,-0.2642226098700129,-0.08812873873114835,3
RBF_I,concept,moderate,hddm_w,none,roc_auc_difference,-0.02135573304696688,0.013428150130004405,-0.03219443521904597,-0.006333928246763265,3
RBF_I,concept,moderate,hellinger,learned_features,accuracy_difference,-0.004784833922738689,0.02258344104512945,-0.028158916658369004,0.01691474966170503,3
RBF_I,concept,moderate,hellinger,learned_features,average_precision_difference,-0.009134797137064369,0.026211625249554216,-0.03743156787580626,0.0143151403900047,3
RBF_I,concept,moderate,hellinger,learned_features,benign_fpr_difference,,,,,0
RBF_I,concept,moderate,hellinger,learned_features,legitimate_withhold_rate_difference,-0.000558483358660535,0.05179504591669725,-0.052159069985020595,0.05142885591954599,3
RBF_I,concept,moderate,hellinger,learned_features,macro_f1_difference,-0.004350703043159025,0.022389123653664217,-0.027433040759811678,0.017273973247101004,3
RBF_I,concept,moderate,hellinger,learned_features,macro_precision_difference,-0.005541468254930071,0.02219339231290144,-0.028300376644827985,0.016039492153785972,3
RBF_I,concept,moderate,hellinger,learned_features,macro_recall_difference,-0.003995316143696044,0.02257874135257675,-0.02724476518130392,0.017846888526902416,3
RBF_I,concept,moderate,hellinger,learned_features,malicious_precision_difference,,,,,0
RBF_I,concept,moderate,hellinger,learned_features,malicious_recall_difference,,,,,0
RBF_I,concept,moderate,hellinger,learned_features,poison_admission_rate_difference,-0.01065869081326909,0.05575604206286336,-0.0656486410759316,0.04583309886894371,3
RBF_I,concept,moderate,hellinger,learned_features,roc_auc_difference,-0.004411506014185607,0.012842885164772975,-0.018343895414366318,0.006954244749514449,3
RBF_I,concept,moderate,hellinger,learned_features_label,accuracy_difference,-0.0027643708480267946,0.004097910764409824,-0.006517153546127585,0.0016080852334959816,3
RBF_I,concept,moderate,hellinger,learned_features_label,average_precision_difference,-0.004214791409410464,0.008737864449453335,-0.014197203211735676,0.0020467947866320557,3
RBF_I,concept,moderate,hellinger,learned_features_label,benign_fpr_difference,,,,,0
RBF_I,concept,moderate,hellinger,learned_features_label,legitimate_withhold_rate_difference,0.03254508067233807,0.014724984263211668,0.01962248000676811,0.0485761226725083,3
RBF_I,concept,moderate,hellinger,learned_features_label,macro_f1_difference,-0.0024908580917172296,0.004131425476360849,-0.006332601055495379,0.0018793877423114447,3
RBF_I,concept,moderate,hellinger,learned_features_label,macro_precision_difference,-0.0023182399704282375,0.0043387393365021424,-0.007152348555332755,0.0012382021717597391,3
RBF_I,concept,moderate,hellinger,learned_features_label,macro_recall_difference,-0.0026446204116083636,0.003984452706923787,-0.006317679914900398,0.0015913548567496605,3
RBF_I,concept,moderate,hellinger,learned_features_label,malicious_precision_difference,,,,,0
RBF_I,concept,moderate,hellinger,learned_features_label,malicious_recall_difference,,,,,0
RBF_I,concept,moderate,hellinger,learned_features_label,poison_admission_rate_difference,-0.02171172368344924,0.0628136453528277,-0.09045636148781722,0.032690201364900195,3
RBF_I,concept,moderate,hellinger,learned_features_label,roc_auc_difference,-0.0014423671982526736,0.0031128592518688725,-0.005006762853723146,0.0007413345901019497,3
RBF_I,concept,moderate,hellinger,none,accuracy_difference,-0.014684453405996592,0.006712049978298725,-0.022348899731155947,-0.009855329141128744,3
RBF_I,concept,moderate,hellinger,none,average_precision_difference,-0.020248405163388033,0.0035884036028270222,-0.023890325747136232,-0.016716026961406838,3
RBF_I,concept,moderate,hellinger,none,benign_fpr_difference,,,,,0
RBF_I,concept,moderate,hellinger,none,legitimate_withhold_rate_difference,0.04806163367088226,0.023600629783050085,0.02232971539192702,0.06869875825837779,3
RBF_I,concept,moderate,hellinger,none,macro_f1_difference,-0.015417526684143016,0.006247131579692357,-0.02261175379560998,-0.011363275101698989,3
RBF_I,concept,moderate,hellinger,none,macro_precision_difference,-0.015502942204741688,0.005784902606974117,-0.022168873026123248,-0.011796984990397719,3
RBF_I,concept,moderate,hellinger,none,macro_recall_difference,-0.015905642506090983,0.007268250528569844,-0.02428282217822919,-0.011275904960528105,3
RBF_I,concept,moderate,hellinger,none,malicious_precision_difference,,,,,0
RBF_I,concept,moderate,hellinger,none,malicious_recall_difference,,,,,0
RBF_I,concept,moderate,hellinger,none,poison_admission_rate_difference,-0.11115572321231963,0.06686095407522759,-0.15334827682824315,-0.034066335271154546,3
RBF_I,concept,moderate,hellinger,none,roc_auc_difference,-0.008747088091430618,0.0020437649907474017,-0.010877246734669499,-0.006802353466080935,3
RBF_I,concept,severe,adwin,learned_features,accuracy_difference,-0.025130000396146362,0.045970827510546826,-0.07437452016438606,0.016654716672218295,3
RBF_I,concept,severe,adwin,learned_features,average_precision_difference,-0.04353899102717148,0.04363090828004849,-0.0868842427393981,0.00037207053932375445,3
RBF_I,concept,severe,adwin,learned_features,benign_fpr_difference,,,,,0
RBF_I,concept,severe,adwin,learned_features,legitimate_withhold_rate_difference,0.07338955349264108,0.011467941750252512,0.06040374511120761,0.08212751302737581,3
RBF_I,concept,severe,adwin,learned_features,macro_f1_difference,-0.02667302130179668,0.04665442754550144,-0.07614789324699711,0.016525546654053036,3
RBF_I,concept,severe,adwin,learned_features,macro_precision_difference,-0.025752925142014955,0.04636183771407348,-0.07526449841854299,0.016634454730790615,3
RBF_I,concept,severe,adwin,learned_features,macro_recall_difference,-0.02804076452437365,0.04581405992458249,-0.07554187367842391,0.015875641351926872,3
RBF_I,concept,severe,adwin,learned_features,malicious_precision_difference,,,,,0
RBF_I,concept,severe,adwin,learned_features,malicious_recall_difference,,,,,0
RBF_I,concept,severe,adwin,learned_features,poison_admission_rate_difference,-0.1580194931464756,0.04591973257556587,-0.19004814328519004,-0.10540945770649768,3
RBF_I,concept,severe,adwin,learned_features,roc_auc_difference,-0.01871568884128964,0.025964051367325484,-0.046643375970782275,0.004690886431124475,3
RBF_I,concept,severe,adwin,learned_features_label,accuracy_difference,-0.041553203688751074,0.046552271143191506,-0.07029874000812897,0.012156373630714867,3
RBF_I,concept,severe,adwin,learned_features_label,average_precision_difference,-0.05678325301594944,0.059838880471255476,-0.09259776109853168,0.012297063999480606,3
RBF_I,concept,severe,adwin,learned_features_label,benign_fpr_difference,,,,,0
RBF_I,concept,severe,adwin,learned_features_label,legitimate_withhold_rate_difference,0.0657684675669673,0.05912022291113402,0.016219785429282485,0.131210939043737,3
RBF_I,concept,severe,adwin,learned_features_label,macro_f1_difference,-0.04181447216604561,0.04715349044102917,-0.07153344605273015,0.012554995846820738,3
RBF_I,concept,severe,adwin,learned_features_label,macro_precision_difference,-0.04218842753374086,0.04699733299894783,-0.07239050430839011,0.011959060473077154,3
RBF_I,concept,severe,adwin,learned_features_label,macro_recall_difference,-0.04181563438450905,0.04749668189908353,-0.07252942473461499,0.012891382812845631,3
RBF_I,concept,severe,adwin,learned_features_label,malicious_precision_difference,,,,,0
RBF_I,concept,severe,adwin,learned_features_label,malicious_recall_difference,,,,,0
RBF_I,concept,severe,adwin,learned_features_label,poison_admission_rate_difference,-0.12457802727047411,0.028853100782254375,-0.1577113422886578,-0.10498829158173151,3
RBF_I,concept,severe,adwin,learned_features_label,roc_auc_difference,-0.023950880544079345,0.02573210129127602,-0.03902686688558288,0.005760903771571124,3
RBF_I,concept,severe,adwin,none,accuracy_difference,-0.027764201376858273,0.02466362817162407,-0.04471368001490461,0.0005305009848129982,3
RBF_I,concept,severe,adwin,none,average_precision_difference,-0.030891270868957894,0.033376074108911934,-0.06255065087883083,0.00397063040966994,3
RBF_I,concept,severe,adwin,none,benign_fpr_difference,,,,,0
RBF_I,concept,severe,adwin,none,legitimate_withhold_rate_difference,0.051058129377389204,0.040146792920316254,0.026340152644176495,0.09738079247817327,3
RBF_I,concept,severe,adwin,none,macro_f1_difference,-0.027800995519090654,0.025199466924242304,-0.0454228026213106,0.0010627649133989614,3
RBF_I,concept,severe,adwin,none,macro_precision_difference,-0.029425191436125875,0.024951808177595004,-0.04736260436355544,-0.0009301016812161,3
RBF_I,concept,severe,adwin,none,macro_recall_difference,-0.027304891169023165,0.025654143499119778,-0.04473547775456299,0.002153257933312336,3
RBF_I,concept,severe,adwin,none,malicious_precision_difference,,,,,0
RBF_I,concept,severe,adwin,none,malicious_recall_difference,,,,,0
RBF_I,concept,severe,adwin,none,poison_admission_rate_difference,-0.16757705481049034,0.02976840819344875,-0.1999730743988019,-0.1414275846965078,3
RBF_I,concept,severe,adwin,none,roc_auc_difference,-0.01474754789823914,0.015467157298410911,-0.027359574652887186,0.0025099740851545205,3
RBF_I,concept,severe,d3_oof,learned_features,accuracy_difference,-0.0014805869403588707,0.0030904788557769578,-0.004300444153484073,0.001823375333062316,3
RBF_I,concept,severe,d3_oof,learned_features,average_precision_difference,-0.0012806494130869945,0.003719028272625959,-0.004567914710068566,0.0027560119529574933,3
RBF_I,concept,severe,d3_oof,learned_features,benign_fpr_difference,,,,,0
RBF_I,concept,severe,d3_oof,learned_features,legitimate_withhold_rate_difference,0.013116979801758208,0.026281214636676455,-0.016444248746782297,0.0338391904780716,3
RBF_I,concept,severe,d3_oof,learned_features,macro_f1_difference,-0.0014942655637529463,0.0031333608249844084,-0.004402158099400144,0.0018241030838956895,3
RBF_I,concept,severe,d3_oof,learned_features,macro_precision_difference,-0.0014137305407527039,0.0032461196506497064,-0.004449700074938723,0.002008055562340183,3
RBF_I,concept,severe,d3_oof,learned_features,macro_recall_difference,-0.0012834582134385226,0.002828716581583455,-0.0036623082238197435,0.0018443790208734212,3
RBF_I,concept,severe,d3_oof,learned_features,malicious_precision_difference,,,,,0
RBF_I,concept,severe,d3_oof,learned_features,malicious_recall_difference,,,,,0
RBF_I,concept,severe,d3_oof,learned_features,poison_admission_rate_difference,-0.026285918537120107,0.05318128133051992,-0.08723894788213327,0.01065548934451066,3
RBF_I,concept,severe,d3_oof,learned_features,roc_auc_difference,-0.0008554518565073721,0.0020130428635195324,-0.002414767576452981,0.0014171033323245874,3
RBF_I,concept,severe,d3_oof,learned_features_label,accuracy_difference,0.00096540593013091,0.0015897464672481219,0.0,0.002800250667600035,3
RBF_I,concept,severe,d3_oof,learned_features_label,average_precision_difference,0.0017466958743956873,0.003200131256329677,-0.0001999970036279386,0.0054400846268150005,3
RBF_I,concept,severe,d3_oof,learned_features_label,benign_fpr_difference,,,,,0
RBF_I,concept,severe,d3_oof,learned_features_label,legitimate_withhold_rate_difference,0.0017083379269231351,0.010581666810637299,-0.00791522466930511,0.013040238450074515,3
RBF_I,concept,severe,d3_oof,learned_features_label,macro_f1_difference,0.0009612320806554239,0.001651024896893071,0.0,0.0028676489049287435,3
RBF_I,concept,severe,d3_oof,learned_features_label,macro_precision_difference,0.0009883301179784976,0.0014207854890773512,0.0,0.002616529607395335,3
RBF_I,concept,severe,d3_oof,learned_features_label,macro_recall_difference,0.0009455912740345962,0.001679108391759825,-4.749093110634206e-05,0.0028842647532101306,3
RBF_I,concept,severe,d3_oof,learned_features_label,malicious_precision_difference,,,,,0
RBF_I,concept,severe,d3_oof,learned_features_label,malicious_recall_difference,,,,,0
RBF_I,concept,severe,d3_oof,learned_features_label,poison_admission_rate_difference,-0.010347267768014978,0.040232838834807653,-0.054743112936068594,0.02370130963202366,3
RBF_I,concept,severe,d3_oof,learned_features_label,roc_auc_difference,0.0010382066588158212,0.0016364278522755225,0.0,0.002924603415362159,3
RBF_I,concept,severe,d3_oof,none,accuracy_difference,0.002265819372747465,0.004106680114715747,-0.0002088142174263563,0.007006272335668751,3
RBF_I,concept,severe,d3_oof,none,average_precision_difference,0.002629979699841097,0.005559648071484893,-0.0011267256069471543,0.009016664706470445,3
RBF_I,concept,severe,d3_oof,none,benign_fpr_difference,,,,,0
RBF_I,concept,severe,d3_oof,none,legitimate_withhold_rate_difference,0.007161172880759986,0.006201791975812408,0.0,0.010762397638706206,3
RBF_I,concept,severe,d3_oof,none,macro_f1_difference,0.0022455561776685653,0.004234098338668642,-0.0003927422856584428,0.007129410818664139,3
RBF_I,concept,severe,d3_oof,none,macro_precision_difference,0.002432673658749477,0.0038950831665683335,0.0,0.006925173949706043,3
RBF_I,concept,severe,d3_oof,none,macro_recall_difference,0.0019504198353671454,0.004431531010177314,-0.0011713647482292089,0.007022624254330645,3
RBF_I,concept,severe,d3_oof,none,malicious_precision_difference,,,,,0
RBF_I,concept,severe,d3_oof,none,malicious_recall_difference,,,,,0
RBF_I,concept,severe,d3_oof,none,poison_admission_rate_difference,0.005379961604896215,0.04033094950727623,-0.03199097992359867,0.048130864738287316,3
RBF_I,concept,severe,d3_oof,none,roc_auc_difference,0.0014272713941076987,0.00281809738845997,-0.00039164994995644076,0.004673464132279537,3
RBF_I,concept,severe,hddm_w,learned_features,accuracy_difference,-0.05277834081647359,0.050215714679428224,-0.10873075012419275,-0.011625872645901869,3
RBF_I,concept,severe,hddm_w,learned_features,average_precision_difference,-0.07796006498200969,0.04683979441919154,-0.12487252807043014,-0.03119327903715685,3
RBF_I,concept,severe,hddm_w,learned_features,benign_fpr_difference,,,,,0
RBF_I,concept,severe,hddm_w,learned_features,legitimate_withhold_rate_difference,0.08089181028223338,0.0660979536011753,0.006128979462839523,0.1315709253488688,3
RBF_I,concept,severe,hddm_w,learned_features,macro_f1_difference,-0.05467136292471205,0.04952872588995246,-0.11017359902588264,-0.014973654184332275,3
RBF_I,concept,severe,hddm_w,learned_features,macro_precision_difference,-0.051914503643558506,0.050046085196938164,-0.10719456483231793,-0.009690345726488081,3
RBF_I,concept,severe,hddm_w,learned_features,macro_recall_difference,-0.05610970162491861,0.047154770538057285,-0.10974688134377053,-0.021175565058552892,3
RBF_I,concept,severe,hddm_w,learned_features,malicious_precision_difference,,,,,0
RBF_I,concept,severe,hddm_w,learned_features,malicious_recall_difference,,,,,0
RBF_I,concept,severe,hddm_w,learned_features,poison_admission_rate_difference,-0.18274148807996768,0.07003340414965026,-0.2629789812025647,-0.13389713438568707,3
RBF_I,concept,severe,hddm_w,learned_features,roc_auc_difference,-0.03645262160360633,0.026008468676483473,-0.06434032634970788,-0.012857479892269152,3
RBF_I,concept,severe,hddm_w,learned_features_label,accuracy_difference,-0.05696296313638608,0.026071030503552396,-0.07311565731833991,-0.026886241400522648,3
RBF_I,concept,severe,hddm_w,learned_features_label,average_precision_difference,-0.08022559148470547,0.02488568884486041,-0.09732885136245972,-0.05167630204655915,3
RBF_I,concept,severe,hddm_w,learned_features_label,benign_fpr_difference,,,,,0
RBF_I,concept,severe,hddm_w,learned_features_label,legitimate_withhold_rate_difference,0.10452847010116934,0.02997180498970746,0.08132467224633311,0.13836765569254392,3
RBF_I,concept,severe,hddm_w,learned_features_label,macro_f1_difference,-0.057997410645052705,0.025329893712637913,-0.07431493799904798,-0.028817057083314057,3
RBF_I,concept,severe,hddm_w,learned_features_label,macro_precision_difference,-0.058539172147887175,0.024949427613791177,-0.07500726641977529,-0.02983379526654162,3
RBF_I,concept,severe,hddm_w,learned_features_label,macro_recall_difference,-0.05828800978172122,0.024600820345235173,-0.07526557015415647,-0.03007558402708055,3
RBF_I,concept,severe,hddm_w,learned_features_label,malicious_precision_difference,,,,,0
RBF_I,concept,severe,hddm_w,learned_features_label,malicious_recall_difference,,,,,0
RBF_I,concept,severe,hddm_w,learned_features_label,poison_admission_rate_difference,-0.16668563928168253,0.040266953500537196,-0.2052403951331977,-0.12490102596067998,3
RBF_I,concept,severe,hddm_w,learned_features_label,roc_auc_difference,-0.033154246591252955,0.01213689240557986,-0.041743411038507094,-0.019269364693572877,3
RBF_I,concept,severe,hddm_w,none,accuracy_difference,-0.0425897404444869,0.02014317885238514,-0.0651726103470266,-0.02647563564106037,3
RBF_I,concept,severe,hddm_w,none,average_precision_difference,-0.05865617790594202,0.03467044812507273,-0.09408898210957761,-0.02480201688618655,3
RBF_I,concept,severe,hddm_w,none,benign_fpr_difference,,,,,0
RBF_I,concept,severe,hddm_w,none,legitimate_withhold_rate_difference,0.07277401773914118,0.03651516098057131,0.03779773834593264,0.11065460435349417,3
RBF_I,concept,severe,hddm_w,none,macro_f1_difference,-0.04420541022778816,0.02272414881509432,-0.06979101171257351,-0.02637081547265907,3
RBF_I,concept,severe,hddm_w,none,macro_precision_difference,-0.043455447795560244,0.01875520940389838,-0.06421568460976634,-0.027735169714099173,3
RBF_I,concept,severe,hddm_w,none,macro_recall_difference,-0.045437105934899504,0.024132849235447514,-0.07286685084546718,-0.027467679116732313,3
RBF_I,concept,severe,hddm_w,none,malicious_precision_difference,,,,,0
RBF_I,concept,severe,hddm_w,none,malicious_recall_difference,,,,,0
RBF_I,concept,severe,hddm_w,none,poison_admission_rate_difference,-0.08148737548214853,0.09589195721141038,-0.19144530855469144,-0.015229793177725881,3
RBF_I,concept,severe,hddm_w,none,roc_auc_difference,-0.025681233968693484,0.015898521402126026,-0.04379146539790468,-0.014022731813474909,3
RBF_I,concept,severe,hellinger,learned_features,accuracy_difference,-0.03510397927969052,0.041541700282364764,-0.08279704647066788,-0.006814319668938085,3
RBF_I,concept,severe,hellinger,learned_features,average_precision_difference,-0.05524635871934591,0.05397329237763115,-0.11463906066954588,-0.009194687314113992,3
RBF_I,concept,severe,hellinger,learned_features,benign_fpr_difference,,,,,0
RBF_I,concept,severe,hellinger,learned_features,legitimate_withhold_rate_difference,0.0697024654466598,0.04656809262122563,0.034274842344758194,0.12244840355868672,3
RBF_I,concept,severe,hellinger,learned_features,macro_f1_difference,-0.03734906470084146,0.042751846535688455,-0.08621126110826494,-0.006828245330045224,3
RBF_I,concept,severe,hellinger,learned_features,macro_precision_difference,-0.0366881742325608,0.04270863565244009,-0.08565667046306158,-0.007145038691655392,3
RBF_I,concept,severe,hellinger,learned_features,macro_recall_difference,-0.03834357828170002,0.04148577626981249,-0.08529783315733275,-0.006647990251137159,3
RBF_I,concept,severe,hellinger,learned_features,malicious_precision_difference,,,,,0
RBF_I,concept,severe,hellinger,learned_features,malicious_recall_difference,,,,,0
RBF_I,concept,severe,hellinger,learned_features,poison_admission_rate_difference,-0.09316571892068737,0.08647887180920417,-0.19260680739319258,-0.035558622082358715,3
RBF_I,concept,severe,hellinger,learned_features,roc_auc_difference,-0.02477582213890339,0.024703772716485075,-0.05290980496735331,-0.006630149064617674,3
RBF_I,concept,severe,hellinger,learned_features_label,accuracy_difference,-0.02519255568989583,0.03656982185140559,-0.06717214202239075,-0.0002483196099124507,3
RBF_I,concept,severe,hellinger,learned_features_label,average_precision_difference,-0.028633982268520247,0.04557179019194238,-0.08125566634932757,-0.0022404681457826037,3
RBF_I,concept,severe,hellinger,learned_features_label,benign_fpr_difference,,,,,0
RBF_I,concept,severe,hellinger,learned_features_label,legitimate_withhold_rate_difference,0.04866902923130423,0.04147209870700727,0.0015012049144708106,0.07941759302647258,3
RBF_I,concept,severe,hellinger,learned_features_label,macro_f1_difference,-0.025242781744423997,0.03667869207562902,-0.06731098047385986,3.7073633576967246e-05,3
RBF_I,concept,severe,hellinger,learned_features_label,macro_precision_difference,-0.025101503990857976,0.03633107294600996,-0.06676997796865736,-5.412462608389568e-05,3
RBF_I,concept,severe,hellinger,learned_features_label,macro_recall_difference,-0.02467431506863312,0.03595285223777996,-0.06595175798653408,-0.00019669876204608805,3
RBF_I,concept,severe,hellinger,learned_features_label,malicious_precision_difference,,,,,0
RBF_I,concept,severe,hellinger,learned_features_label,malicious_recall_difference,,,,,0
RBF_I,concept,severe,hellinger,learned_features_label,poison_admission_rate_difference,-0.11292245234356524,0.07820929144515598,-0.17479715853617483,-0.025017267811115462,3
RBF_I,concept,severe,hellinger,learned_features_label,roc_auc_difference,-0.011510368399725449,0.02047173850420136,-0.03514872214995601,0.00042392306447847083,3
RBF_I,concept,severe,hellinger,none,accuracy_difference,-0.013971796235244175,0.016261689167586003,-0.03177945767725987,9.032199792258222e-05,3
RBF_I,concept,severe,hellinger,none,average_precision_difference,-0.02087561350671326,0.02429226005115292,-0.04751053476866818,6.087760195205849e-05,3
RBF_I,concept,severe,hellinger,none,benign_fpr_difference,,,,,0
RBF_I,concept,severe,hellinger,none,legitimate_withhold_rate_difference,0.031046280307725566,0.05022842038002351,-0.0041943277785304045,0.08855980269878261,3
RBF_I,concept,severe,hellinger,none,macro_f1_difference,-0.01441372852244512,0.016800934467448805,-0.032828762116277055,7.926860108642408e-05,3
RBF_I,concept,severe,hellinger,none,macro_precision_difference,-0.01439991473180254,0.01736241132543244,-0.033645784113037314,8.621961067389883e-05,3
RBF_I,concept,severe,hellinger,none,macro_recall_difference,-0.01451883430151768,0.01603534099070152,-0.031690776483458416,6.509160448220364e-05,3
RBF_I,concept,severe,hellinger,none,malicious_precision_difference,,,,,0
RBF_I,concept,severe,hellinger,none,malicious_recall_difference,,,,,0
RBF_I,concept,severe,hellinger,none,poison_admission_rate_difference,-0.014006664156554013,0.01959574738842927,-0.02849880483452849,0.008288549335399797,3
RBF_I,concept,severe,hellinger,none,roc_auc_difference,-0.007703417493286957,0.008398071745181654,-0.016639972160313432,2.539692016478856e-05,3
RBF_I,instance,moderate,adwin,learned_features,accuracy_difference,-0.011243570774325399,0.017853931629434525,-0.03168040583386178,0.001323187486789279,3
RBF_I,instance,moderate,adwin,learned_features,average_precision_difference,-0.008446480422165373,0.013494347948618661,-0.023008555182567392,0.0036363181518827004,3
RBF_I,instance,moderate,adwin,learned_features,benign_fpr_difference,,,,,0
RBF_I,instance,moderate,adwin,learned_features,legitimate_withhold_rate_difference,0.03666802314486544,0.03489584631152402,0.007496565318678705,0.075326342820458,3
RBF_I,instance,moderate,adwin,learned_features,macro_f1_difference,-0.01159000163267728,0.01696590591024841,-0.031086369717427287,-0.0001802860728888911,3
RBF_I,instance,moderate,adwin,learned_features,macro_precision_difference,-0.009180404348649826,0.01945296082671887,-0.03136953935405573,0.004938960785261126,3
RBF_I,instance,moderate,adwin,learned_features,macro_recall_difference,-0.013062223323274372,0.01593058247002805,-0.03145662665642901,-0.003731222003157897,3
RBF_I,instance,moderate,adwin,learned_features,malicious_precision_difference,,,,,0
RBF_I,instance,moderate,adwin,learned_features,malicious_recall_difference,,,,,0
RBF_I,instance,moderate,adwin,learned_features,poison_admission_rate_difference,-0.036813861983232186,0.03806438007168848,-0.07941366431720531,-0.0061416792865556236,3
RBF_I,instance,moderate,adwin,learned_features,roc_auc_difference,-0.004128578431410013,0.005634302946422964,-0.01019593742144942,0.0009387519325056992,3
RBF_I,instance,moderate,adwin,learned_features_label,accuracy_difference,-0.00713168463326989,0.002199083632753208,-0.009393362925385729,-0.005001056859014974,3
RBF_I,instance,moderate,adwin,learned_features_label,average_precision_difference,-0.004983018157063886,0.001129480853471839,-0.0058134445761476305,-0.0036968738536774515,3
RBF_I,instance,moderate,adwin,learned_features_label,benign_fpr_difference,,,,,0
RBF_I,instance,moderate,adwin,learned_features_label,legitimate_withhold_rate_difference,0.027515195793027802,0.029292940842113157,-0.0030654696737464904,0.05532325826812409,3
RBF_I,instance,moderate,adwin,learned_features_label,macro_f1_difference,-0.007137714756536129,0.0019326397417515015,-0.009062155836310648,-0.005196979388322531,3
RBF_I,instance,moderate,adwin,learned_features_label,macro_precision_difference,-0.005960501839383792,0.0010980041327989618,-0.007187409512865894,-0.0050702154788911935,3
RBF_I,instance,moderate,adwin,learned_features_label,macro_recall_difference,-0.007396739831539138,0.0022153306536891494,-0.009363595568258276,-0.004996873193455986,3
RBF_I,instance,moderate,adwin,learned_features_label,malicious_precision_difference,,,,,0
RBF_I,instance,moderate,adwin,learned_features_label,malicious_recall_difference,,,,,0
RBF_I,instance,moderate,adwin,learned_features_label,poison_admission_rate_difference,-0.026073065430451885,0.030724539906712034,-0.052498738011105495,0.0076400202235828996,3
RBF_I,instance,moderate,adwin,learned_features_label,roc_auc_difference,-0.0038669220088308753,0.0014350629927622795,-0.005039463730706184,-0.0022666170133385233,3
RBF_I,instance,moderate,adwin,none,accuracy_difference,0.006985133516522191,0.011294655672194176,-5.918410484040404e-05,0.020012682308179985,3
RBF_I,instance,moderate,adwin,none,average_precision_difference,0.0034187876810641096,0.014800355939713964,-0.007852514472935779,0.020179583555196112,3
RBF_I,instance,moderate,adwin,none,benign_fpr_difference,,,,,0
RBF_I,instance,moderate,adwin,none,legitimate_withhold_rate_difference,-0.00795620980917297,0.01622852509545729,-0.02435455938849851,0.008096984657035206,3
RBF_I,instance,moderate,adwin,none,macro_f1_difference,0.006677600939609674,0.011337325601852327,-8.756285451894108e-05,0.019766334027098265,3
RBF_I,instance,moderate,adwin,none,macro_precision_difference,0.006998356256125993,0.012223213913969256,-0.00022515584269933164,0.02111118906486409,3
RBF_I,instance,moderate,adwin,none,macro_recall_difference,0.006272822972873275,0.011329907939676878,-0.00040041983969552053,0.019354580945410982,3
RBF_I,instance,moderate,adwin,none,malicious_precision_difference,,,,,0
RBF_I,instance,moderate,adwin,none,malicious_recall_difference,,,,,0
RBF_I,instance,moderate,adwin,none,poison_admission_rate_difference,0.008459134779737068,0.015246034443676231,-0.007666170565274744,0.022639177574293567,3
RBF_I,instance,moderate,adwin,none,roc_auc_difference,0.0030278254966223197,0.0064591362589885735,-0.0007693558161281366,0.01048577778638271,3
RBF_I,instance,moderate,d3_oof,learned_features,accuracy_difference,0.0002987388149087167,0.0026968601348140967,-0.002236313675755719,0.003132530120481869,3
RBF_I,instance,moderate,d3_oof,learned_features,average_precision_difference,0.0030379340481595887,0.00655168815937924,-0.0014433351961941066,0.010557137340672873,3
RBF_I,instance,moderate,d3_oof,learned_features,benign_fpr_difference,,,,,0
RBF_I,instance,moderate,d3_oof,learned_features,legitimate_withhold_rate_difference,-0.010321581018941067,0.01185610758388067,-0.0232712104016089,0.0,3
RBF_I,instance,moderate,d3_oof,learned_features,macro_f1_difference,0.0002013885396091597,0.0026768514697234503,-0.0023690809412848512,0.0029732465601123304,3
RBF_I,instance,moderate,d3_oof,learned_features,macro_precision_difference,0.001209144098631339,0.0023070405278661737,-0.00024198662939600712,0.0038694189252900246,3
RBF_I,instance,moderate,d3_oof,learned_features,macro_recall_difference,0.000445276476036649,0.0022978822893894688,-0.0015973798938947459,0.002933209322004693,3
RBF_I,instance,moderate,d3_oof,learned_features,malicious_precision_difference,,,,,0
RBF_I,instance,moderate,d3_oof,learned_features,malicious_recall_difference,,,,,0
RBF_I,instance,moderate,d3_oof,learned_features,poison_admission_rate_difference,0.010774103594552997,0.011291120817334457,0.0,0.022519490717370583,3
RBF_I,instance,moderate,d3_oof,learned_features,roc_auc_difference,0.0011582500036290873,0.0022313228927240305,-0.0002557743989950456,0.0037305244098823076,3
RBF_I,instance,moderate,d3_oof,learned_features_label,accuracy_difference,-0.000966673712393451,0.004837312559818021,-0.006214331008243534,0.0033143098710631813,3
RBF_I,instance,moderate,d3_oof,learned_features_label,average_precision_difference,-0.0013086371265825791,0.004872854335373046,-0.00670218674849099,0.002776275368743253,3
RBF_I,instance,moderate,d3_oof,learned_features_label,benign_fpr_difference,,,,,0
RBF_I,instance,moderate,d3_oof,learned_features_label,legitimate_withhold_rate_difference,0.036796966208299225,0.044499741016834855,0.0,0.0862553013559525,3
RBF_I,instance,moderate,d3_oof,learned_features_label,macro_f1_difference,-0.00105353781463291,0.004785825155849844,-0.006278355889127063,0.003117742445228333,3
RBF_I,instance,moderate,d3_oof,learned_features_label,macro_precision_difference,-0.000901776069298125,0.004399360603680468,-0.0056821529492783185,0.0029768247413839433,3
RBF_I,instance,moderate,d3_oof,learned_features_label,macro_recall_difference,-0.0017196879962633194,0.003988792135600896,-0.006279865438513554,0.0011208014497235963,3
RBF_I,instance,moderate,d3_oof,learned_features_label,malicious_precision_difference,,,,,0
RBF_I,instance,moderate,d3_oof,learned_features_label,malicious_recall_difference,,,,,0
RBF_I,instance,moderate,d3_oof,learned_features_label,poison_admission_rate_difference,-0.036001022839416565,0.04543349813224201,-0.0870491895226877,0.0,3
RBF_I,instance,moderate,d3_oof,learned_features_label,roc_auc_difference,0.000247834271945524,0.003243979888131593,-0.00286512040678788,0.003608623222624452,3
RBF_I,instance,moderate,d3_oof,none,accuracy_difference,-0.004342985979003733,0.007522272372193726,-0.013028957937011199,0.0,3
RBF_I,instance,moderate,d3_oof,none,average_precision_difference,-0.00802540671701705,0.013900412185278077,-0.024076220151051153,0.0,3
RBF_I,instance,moderate,d3_oof,none,benign_fpr_difference,,,,,0
RBF_I,instance,moderate,d3_oof,none,legitimate_withhold_rate_difference,0.023950883933266665,0.04148414785860297,0.0,0.0718526517998,3
RBF_I,instance,moderate,d3_oof,none,macro_f1_difference,-0.004323883150499881,0.007489185302656782,-0.012971649451499645,0.0,3
RBF_I,instance,moderate,d3_oof,none,macro_precision_difference,-0.004395202066385402,0.007612713288511236,-0.013185606199156208,0.0,3
RBF_I,instance,moderate,d3_oof,none,macro_recall_difference,-0.004670854575582732,0.008090157439674856,-0.014012563726748195,0.0,3
RBF_I,instance,moderate,d3_oof,none,malicious_precision_difference,,,,,0
RBF_I,instance,moderate,d3_oof,none,malicious_recall_difference,,,,,0
RBF_I,instance,moderate,d3_oof,none,poison_admission_rate_difference,-0.024917394438048152,0.04315819315893356,-0.07475218331414446,0.0,3
RBF_I,instance,moderate,d3_oof,none,roc_auc_difference,-0.003333032618456929,0.005772981838451733,-0.009999097855370787,0.0,3
RBF_I,instance,moderate,hddm_w,learned_features,accuracy_difference,-0.02386669484957375,0.030041761009112808,-0.05711266117099978,0.0013316423589092574,3
RBF_I,instance,moderate,hddm_w,learned_features,average_precision_difference,-0.030747837986260684,0.02912317211473746,-0.061922073890912754,-0.004238979520378772,3
RBF_I,instance,moderate,hddm_w,learned_features,benign_fpr_difference,,,,,0
RBF_I,instance,moderate,hddm_w,learned_features,legitimate_withhold_rate_difference,0.10736156075984955,0.04135610398685537,0.08018238655596044,0.1549555108784363,3
RBF_I,instance,moderate,hddm_w,learned_features,macro_f1_difference,-0.023968492163318495,0.03005848398913302,-0.05666880588606371,0.002457853042388325,3
RBF_I,instance,moderate,hddm_w,learned_features,macro_precision_difference,-0.02303690362161004,0.029339554002090984,-0.055571285882842214,0.0014122742605003902,3
RBF_I,instance,moderate,hddm_w,learned_features,macro_recall_difference,-0.024888280469511154,0.029617578228350337,-0.05668818450658153,0.0019100896698931447,3
RBF_I,instance,moderate,hddm_w,learned_features,malicious_precision_difference,,,,,0
RBF_I,instance,moderate,hddm_w,learned_features,malicious_recall_difference,,,,,0
RBF_I,instance,moderate,hddm_w,learned_features,poison_admission_rate_difference,-0.10883581958016031,0.03490987519364281,-0.14909274759844948,-0.08690896853441021,3
RBF_I,instance,moderate,hddm_w,learned_features,roc_auc_difference,-0.012253763519347668,0.012948311900181293,-0.025737610292843938,8.263823504406353e-05,3
RBF_I,instance,moderate,hddm_w,learned_features_label,accuracy_difference,-0.021878390756006432,0.023499162386940647,-0.043039526527161254,0.0034115409004439323,3
RBF_I,instance,moderate,hddm_w,learned_features_label,average_precision_difference,-0.025993884121071103,0.03128846567970874,-0.05029721156636435,0.009309006154513355,3
RBF_I,instance,moderate,hddm_w,learned_features_label,benign_fpr_difference,,,,,0
RBF_I,instance,moderate,hddm_w,learned_features_label,legitimate_withhold_rate_difference,0.0939816433104561,0.014533153195351194,0.07875873603727379,0.10770945717299998,3
RBF_I,instance,moderate,hddm_w,learned_features_label,macro_f1_difference,-0.022073388475425577,0.023875678780636737,-0.04273690846913758,0.0040638213200994144,3
RBF_I,instance,moderate,hddm_w,learned_features_label,macro_precision_difference,-0.021897024034057355,0.02466497851250596,-0.045164200626079176,0.003961192028581917,3
RBF_I,instance,moderate,hddm_w,learned_features_label,macro_recall_difference,-0.021936098232929635,0.02312331167717768,-0.04177359160602001,0.0034598231125883006,3
RBF_I,instance,moderate,hddm_w,learned_features_label,malicious_precision_difference,,,,,0
RBF_I,instance,moderate,hddm_w,learned_features_label,malicious_recall_difference,,,,,0
RBF_I,instance,moderate,hddm_w,learned_features_label,poison_admission_rate_difference,-0.09396309513839902,0.015504398826162297,-0.10406718723667208,-0.07611195243704072,3
RBF_I,instance,moderate,hddm_w,learned_features_label,roc_auc_difference,-0.0114970975528745,0.01412131873462152,-0.023832204575809923,0.0039060119166457463,3
RBF_I,instance,moderate,hddm_w,none,accuracy_difference,-0.01711407031635311,0.015543055234302418,-0.032238427393785685,-0.0011836820968083028,3
RBF_I,instance,moderate,hddm_w,none,average_precision_difference,-0.01999038078253775,0.017540615670608824,-0.03242467813584027,7.286427906072479e-05,3
RBF_I,instance,moderate,hddm_w,none,benign_fpr_difference,,,,,0
RBF_I,instance,moderate,hddm_w,none,legitimate_withhold_rate_difference,0.03275769422645167,0.05930550924622144,-0.019557772335384194,0.09718372242322301,3
RBF_I,instance,moderate,hddm_w,none,macro_f1_difference,-0.018272867798535652,0.016167237871233267,-0.03412161005700387,-0.0018049255773329165,3
RBF_I,instance,moderate,hddm_w,none,macro_precision_difference,-0.01524525905683305,0.013600223060620741,-0.027040986015748114,-0.00036899447073723834,3
RBF_I,instance,moderate,hddm_w,none,macro_recall_difference,-0.019141942137628914,0.01754579582876295,-0.03714158989865035,-0.0020882706285618724,3
RBF_I,instance,moderate,hddm_w,none,malicious_precision_difference,,,,,0
RBF_I,instance,moderate,hddm_w,none,malicious_recall_difference,,,,,0
RBF_I,instance,moderate,hddm_w,none,poison_admission_rate_difference,-0.02857950325388044,0.05833941733109902,-0.09188172193985,0.023024286275169614,3
RBF_I,instance,moderate,hddm_w,none,roc_auc_difference,-0.009850330874813351,0.00794993058178665,-0.015687512334074172,-0.0007960347485742592,3
RBF_I,instance,moderate,hellinger,learned_features,accuracy_difference,0.000977946875220163,0.008410729549284702,-0.006670894102726699,0.00998520397378988,3
RBF_I,instance,moderate,hellinger,learned_features,average_precision_difference,0.00011286614391370353,0.006450201425055011,-0.0072488158592698415,0.004773159536785587,3
RBF_I,instance,moderate,hellinger,learned_features,benign_fpr_difference,,,,,0
RBF_I,instance,moderate,hellinger,learned_features,legitimate_withhold_rate_difference,0.016409640866679703,0.026909777853745615,-0.014589928917030093,0.033755001293867104,3
RBF_I,instance,moderate,hellinger,learned_features,macro_f1_difference,0.0006470302832330225,0.007562649250014649,-0.0063955801908189835,0.008639900342759854,3
RBF_I,instance,moderate,hellinger,learned_features,macro_precision_difference,0.0019720432181055494,0.009772235963542191,-0.006634818647828888,0.01259512939029983,3
RBF_I,instance,moderate,hellinger,learned_features,macro_recall_difference,-0.0002144719064604006,0.006006666749554538,-0.00620622073515531,0.005807002435269881,3
RBF_I,instance,moderate,hellinger,learned_features,malicious_precision_difference,,,,,0
RBF_I,instance,moderate,hellinger,learned_features,malicious_recall_difference,,,,,0
RBF_I,instance,moderate,hellinger,learned_features,poison_admission_rate_difference,-0.016708521438079254,0.027828382782408706,-0.032947587214201435,0.015424308710527801,3
RBF_I,instance,moderate,hellinger,learned_features,roc_auc_difference,1.0272074249787858e-05,0.003940711056881947,-0.003961727583258745,0.003918930914476371,3
RBF_I,instance,moderate,hellinger,learned_features_label,accuracy_difference,-0.002802790107799602,0.006687537956796314,-0.01049672373705346,0.00161488057493131,3
RBF_I,instance,moderate,hellinger,learned_features_label,average_precision_difference,-0.0028593905095870196,0.00707040246163425,-0.010996469679336096,0.0017849510450743677,3
RBF_I,instance,moderate,hellinger,learned_features_label,benign_fpr_difference,,,,,0
RBF_I,instance,moderate,hellinger,learned_features_label,legitimate_withhold_rate_difference,0.001087518909244393,0.022220745409209396,-0.023687720206222507,0.019254599654621507,3
RBF_I,instance,moderate,hellinger,learned_features_label,macro_f1_difference,-0.0027879016438517126,0.00675507545858835,-0.010567070057263095,0.0015960999452947489,3
RBF_I,instance,moderate,hellinger,learned_features_label,macro_precision_difference,-0.002482410721039422,0.00604132407240597,-0.009430613667682608,0.0015296994948004183,3
RBF_I,instance,moderate,hellinger,learned_features_label,macro_recall_difference,-0.002661642656760869,0.006611560954206664,-0.010266219510603358,0.0017242093114242518,3
RBF_I,instance,moderate,hellinger,learned_features_label,malicious_precision_difference,,,,,0
RBF_I,instance,moderate,hellinger,learned_features_label,malicious_recall_difference,,,,,0
RBF_I,instance,moderate,hellinger,learned_features_label,poison_admission_rate_difference,-0.000939627613064505,0.023031087668505007,-0.01934795428378866,0.024886242345935616,3
RBF_I,instance,moderate,hellinger,learned_features_label,roc_auc_difference,-0.001815831338831786,0.003470566935069545,-0.005819958762083299,0.0003278569983783397,3
RBF_I,instance,moderate,hellinger,none,accuracy_difference,-0.0012499119284154296,0.006483531367649582,-0.007042908476009302,0.00575354047770027,3
RBF_I,instance,moderate,hellinger,none,average_precision_difference,-0.0027202258827839776,0.007047497438943185,-0.007539367805260877,0.005368176252224299,3
RBF_I,instance,moderate,hellinger,none,benign_fpr_difference,,,,,0
RBF_I,instance,moderate,hellinger,none,legitimate_withhold_rate_difference,0.02155588220887102,0.026344244615589246,-0.007511498715727816,0.04385711726416788,3
RBF_I,instance,moderate,hellinger,none,macro_f1_difference,-0.0013547691891582225,0.006576924505978766,-0.007165201279110023,0.005785431525611395,3
RBF_I,instance,moderate,hellinger,none,macro_precision_difference,-0.0008744607097678214,0.006314925879555541,-0.007148365418255809,0.005480702117066416,3
RBF_I,instance,moderate,hellinger,none,macro_recall_difference,-0.001445604517805547,0.006801031744269544,-0.007693008953890912,0.005798957579624897,3
RBF_I,instance,moderate,hellinger,none,malicious_precision_difference,,,,,0
RBF_I,instance,moderate,hellinger,none,malicious_recall_difference,,,,,0
RBF_I,instance,moderate,hellinger,none,poison_admission_rate_difference,-0.020648387607633618,0.02898793134414999,-0.045980562889725296,0.01096528128330243,3
RBF_I,instance,moderate,hellinger,none,roc_auc_difference,-0.0018450513189363822,0.004644022210118534,-0.004998678570668491,0.0034878132458712185,3
RBF_I,instance,severe,adwin,learned_features,accuracy_difference,0.004733319241879808,0.00286420050409209,0.002878883956880074,0.008032128514056325,3
RBF_I,instance,severe,adwin,learned_features,average_precision_difference,0.001569504964879842,0.0032492361213958872,-0.0007538318320616799,0.005282470086306779,3
RBF_I,instance,severe,adwin,learned_features,benign_fpr_difference,,,,,0
RBF_I,instance,severe,adwin,learned_features,legitimate_withhold_rate_difference,-0.006451003876096466,0.025710954678663262,-0.03316470561665802,0.018123547069311796,3
RBF_I,instance,severe,adwin,learned_features,macro_f1_difference,0.004945508257538589,0.003185648467925114,0.0026354500906746736,0.008579666141673048,3
RBF_I,instance,severe,adwin,learned_features,macro_precision_difference,0.004197793998603687,0.0015140391616839893,0.002557480040686011,0.005541727812395925,3
RBF_I,instance,severe,adwin,learned_features,macro_recall_difference,0.004946875923057019,0.003477075107266686,0.0028033015221544666,0.008958708683090677,3
RBF_I,instance,severe,adwin,learned_features,malicious_precision_difference,,,,,0
RBF_I,instance,severe,adwin,learned_features,malicious_recall_difference,,,,,0
RBF_I,instance,severe,adwin,learned_features,poison_admission_rate_difference,0.005063574377879965,0.02722744726683506,-0.020700583257476146,0.033549819968368255,3
RBF_I,instance,severe,adwin,learned_features,roc_auc_difference,0.0007460863540217355,0.0013499050465439846,-0.0004598953835841524,0.0022043255324434297,3
RBF_I,instance,severe,adwin,learned_features_label,accuracy_difference,-0.002509687874304204,0.0024657744656347187,-0.005351934051997409,-0.0009427182413865864,3
RBF_I,instance,severe,adwin,learned_features_label,average_precision_difference,-0.0051907453126307885,0.003092995458534343,-0.007637810836530701,-0.0017143202656793033,3
RBF_I,instance,severe,adwin,learned_features_label,benign_fpr_difference,,,,,0
RBF_I,instance,severe,adwin,learned_features_label,legitimate_withhold_rate_difference,0.04552808559473021,0.03159105464432986,0.02010968921389389,0.08089613586576028,3
RBF_I,instance,severe,adwin,learned_features_label,macro_f1_difference,-0.0025964573486173905,0.002811365051914671,-0.005775698479925873,-0.00043842423307138834,3
RBF_I,instance,severe,adwin,learned_features_label,macro_precision_difference,-0.0022141659936726343,0.0022007086973664944,-0.004589622155576678,-0.00024475716726335417,3
RBF_I,instance,severe,adwin,learned_features_label,macro_recall_difference,-0.002426436682618919,0.002880365998036294,-0.0057210068383602986,-0.0003843555823299649,3
RBF_I,instance,severe,adwin,learned_features_label,malicious_precision_difference,,,,,0
RBF_I,instance,severe,adwin,learned_features_label,malicious_recall_difference,,,,,0
RBF_I,instance,severe,adwin,learned_features_label,poison_admission_rate_difference,-0.04519713845045533,0.031041386121559645,-0.07987010801897898,-0.019992582852904506,3
RBF_I,instance,severe,adwin,learned_features_label,roc_auc_difference,-0.0029668437502238243,0.0023465557864412916,-0.005485981890077651,-0.0008431095727327031,3
RBF_I,instance,severe,adwin,none,accuracy_difference,-0.01703233988585921,0.03254489694556651,-0.05449165081378138,0.004299302473050104,3
RBF_I,instance,severe,adwin,none,average_precision_difference,-0.021939379891319704,0.04141757589540809,-0.06945446737175087,0.006524854761534971,3
RBF_I,instance,severe,adwin,none,benign_fpr_difference,,,,,0
RBF_I,instance,severe,adwin,none,legitimate_withhold_rate_difference,0.03517436494639101,0.019761173080985118,0.0162615388087661,0.05568666862395272,3
RBF_I,instance,severe,adwin,none,macro_f1_difference,-0.0175933721377252,0.03248320412901927,-0.05502589992153539,0.0031875825962293103,3
RBF_I,instance,severe,adwin,none,macro_precision_difference,-0.015531253862380745,0.03240675928640182,-0.05271798555794105,0.00667573714562264,3
RBF_I,instance,severe,adwin,none,macro_recall_difference,-0.017593823559949134,0.03263219332231469,-0.055193537716744734,0.003340550447490931,3
RBF_I,instance,severe,adwin,none,malicious_precision_difference,,,,,0
RBF_I,instance,severe,adwin,none,malicious_recall_difference,,,,,0
RBF_I,instance,severe,adwin,none,poison_admission_rate_difference,-0.03370506212923289,0.021783385257108913,-0.057828852172157275,-0.015474865985637742,3
RBF_I,instance,severe,adwin,none,roc_auc_difference,-0.010716678784741474,0.02190752476562445,-0.035653601705513904,0.005433093283164769,3
RBF_I,instance,severe,d3_oof,learned_features,accuracy_difference,0.0009215810610864553,0.0015962252210949778,0.0,0.002764743183259366,3
RBF_I,instance,severe,d3_oof,learned_features,average_precision_difference,0.0016641461439346565,0.0028823856725146545,0.0,0.004992438431803969,3
RBF_I,instance,severe,d3_oof,learned_features,benign_fpr_difference,,,,,0
RBF_I,instance,severe,d3_oof,learned_features,legitimate_withhold_rate_difference,0.0012660961870405625,0.0021490867633990798,0.0,0.003747474405427109,3
RBF_I,instance,severe,d3_oof,learned_features,macro_f1_difference,0.0009391239122806075,0.0016266103306728699,0.0,0.0028173717368418227,3
RBF_I,instance,severe,d3_oof,learned_features,macro_precision_difference,0.000882998773591844,0.0015293987388820816,0.0,0.002648996320775532,3
RBF_I,instance,severe,d3_oof,learned_features,macro_recall_difference,0.0008955048913007838,0.0015510599701594023,0.0,0.0026865146739023515,3
RBF_I,instance,severe,d3_oof,learned_features,malicious_precision_difference,,,,,0
RBF_I,instance,severe,d3_oof,learned_features,malicious_recall_difference,,,,,0
RBF_I,instance,severe,d3_oof,learned_features,poison_admission_rate_difference,-0.0014486563748784171,0.002436653478537663,-0.004261842193922227,0.0,3
RBF_I,instance,severe,d3_oof,learned_features,roc_auc_difference,0.0008478483105962923,0.0014685163510642165,0.0,0.002543544931788877,3
RBF_I,instance,severe,d3_oof,learned_features_label,accuracy_difference,-0.000766575072218704,0.001327746972898577,-0.002299725216656112,0.0,3
RBF_I,instance,severe,d3_oof,learned_features_label,average_precision_difference,-0.0010742901812260675,0.0018607251759559258,-0.0032228705436782024,0.0,3
RBF_I,instance,severe,d3_oof,learned_features_label,benign_fpr_difference,,,,,0
RBF_I,instance,severe,d3_oof,learned_features_label,legitimate_withhold_rate_difference,0.006334831409923432,0.010972249859370571,0.0,0.019004494229770297,3
RBF_I,instance,severe,d3_oof,learned_features_label,macro_f1_difference,-0.0007778493636518095,0.001347274618480054,-0.0023335480909554285,0.0,3
RBF_I,instance,severe,d3_oof,learned_features_label,macro_precision_difference,-0.0007959698652605004,0.00137866024792494,-0.002387909595781501,0.0,3
RBF_I,instance,severe,d3_oof,learned_features_label,macro_recall_difference,-0.0007505072902514268,0.0012999167581663137,-0.0022515218707542806,0.0,3
RBF_I,instance,severe,d3_oof,learned_features_label,malicious_precision_difference,,,,,0
RBF_I,instance,severe,d3_oof,learned_features_label,malicious_recall_difference,,,,,0
RBF_I,instance,severe,d3_oof,learned_features_label,poison_admission_rate_difference,-0.0063319536516696084,0.010967265435863047,-0.018995860955008825,0.0,3
RBF_I,instance,severe,d3_oof,learned_features_label,roc_auc_difference,-0.0005533422854001971,0.0009584169522894198,-0.0016600268562005915,0.0,3
RBF_I,instance,severe,d3_oof,none,accuracy_difference,-0.004097794687522027,0.004077515665813879,-0.008154724159797122,0.0,3
RBF_I,instance,severe,d3_oof,none,average_precision_difference,-0.004408664431335474,0.00511784418122083,-0.010021088123499111,0.0,3
RBF_I,instance,severe,d3_oof,none,benign_fpr_difference,,,,,0
RBF_I,instance,severe,d3_oof,none,legitimate_withhold_rate_difference,0.04577376663011853,0.043043203293629324,0.0,0.0854323244634031,3
RBF_I,instance,severe,d3_oof,none,macro_f1_difference,-0.004375504023342451,0.004761389276482913,-0.009446318859249736,0.0,3
RBF_I,instance,severe,d3_oof,none,macro_precision_difference,-0.0022618803549022313,0.003205578760698983,-0.005930271642448859,0.0,3
RBF_I,instance,severe,d3_oof,none,macro_recall_difference,-0.004618121148682504,0.004877922747554672,-0.009719823505132563,0.0,3
RBF_I,instance,severe,d3_oof,none,malicious_precision_difference,,,,,0
RBF_I,instance,severe,d3_oof,none,malicious_recall_difference,,,,,0
RBF_I,instance,severe,d3_oof,none,poison_admission_rate_difference,-0.04474319325935797,0.04118376577466035,-0.08106604632345504,0.0,3
RBF_I,instance,severe,d3_oof,none,roc_auc_difference,-0.0012543816120261415,0.0011215655001042075,-0.002160506549299668,0.0,3
RBF_I,instance,severe,hddm_w,learned_features,accuracy_difference,-0.010732051011061746,0.006863430030386029,-0.017886281969985207,-0.004202071443669353,3
RBF_I,instance,severe,hddm_w,learned_features,average_precision_difference,-0.01936712867853152,0.014758938172401264,-0.035908232495576176,-0.007544088999153931,3
RBF_I,instance,severe,hddm_w,learned_features,benign_fpr_difference,,,,,0
RBF_I,instance,severe,hddm_w,learned_features,legitimate_withhold_rate_difference,0.05161806683488581,0.06645174454265398,-0.022860724045258407,0.10484234996727382,3
RBF_I,instance,severe,hddm_w,learned_features,macro_f1_difference,-0.01060161588475946,0.007730552928270603,-0.019212419357046207,-0.004258569368966292,3
RBF_I,instance,severe,hddm_w,learned_features,macro_precision_difference,-0.010539393913934289,0.007726230175225897,-0.019317024892467005,-0.0047687215130818306,3
RBF_I,instance,severe,hddm_w,learned_features,macro_recall_difference,-0.01100350799823957,0.007005690117674389,-0.01829910874689933,-0.0043291003960063135,3
RBF_I,instance,severe,hddm_w,learned_features,malicious_precision_difference,,,,,0
RBF_I,instance,severe,hddm_w,learned_features,malicious_recall_difference,,,,,0
RBF_I,instance,severe,hddm_w,learned_features,poison_admission_rate_difference,-0.053123616464400704,0.06591056881125835,-0.10540777451872829,0.020913954975266713,3
RBF_I,instance,severe,hddm_w,learned_features,roc_auc_difference,-0.008800770126084082,0.006796047207015884,-0.016548682848214646,-0.0038480904558825246,3
RBF_I,instance,severe,hddm_w,learned_features_label,accuracy_difference,-0.015279363066300289,0.027914434884814605,-0.04749524413443251,0.001733248784612118,3
RBF_I,instance,severe,hddm_w,learned_features_label,average_precision_difference,-0.009468648770481184,0.030653278494419917,-0.04485681691416887,0.008843212795313748,3
RBF_I,instance,severe,hddm_w,learned_features_label,benign_fpr_difference,,,,,0
RBF_I,instance,severe,hddm_w,learned_features_label,legitimate_withhold_rate_difference,0.047725715468494384,0.03643012659807075,0.01065294423003138,0.08347724989559,3
RBF_I,instance,severe,hddm_w,learned_features_label,macro_f1_difference,-0.015011686665546827,0.027582986221793834,-0.04685807594721303,0.0013319199186233588,3
RBF_I,instance,severe,hddm_w,learned_features_label,macro_precision_difference,-0.012438805605434164,0.031224571657001418,-0.047840554361905374,0.011179079327210073,3
RBF_I,instance,severe,hddm_w,learned_features_label,macro_recall_difference,-0.015117364184982551,0.026560307638171188,-0.04576983703877102,0.0010860112246934284,3
RBF_I,instance,severe,hddm_w,learned_features_label,malicious_precision_difference,,,,,0
RBF_I,instance,severe,hddm_w,learned_features_label,malicious_recall_difference,,,,,0
RBF_I,instance,severe,hddm_w,learned_features_label,poison_admission_rate_difference,-0.05032762261467442,0.03438742070077836,-0.0835523212721514,-0.014884865648494672,3
RBF_I,instance,severe,hddm_w,learned_features_label,roc_auc_difference,-0.003174028814001306,0.016362743285025308,-0.02184532227452285,0.008666905962563698,3
RBF_I,instance,severe,hddm_w,none,accuracy_difference,-0.03219615303318535,0.02581349306995906,-0.055937433946311566,-0.0047178186429930324,3
RBF_I,instance,severe,hddm_w,none,average_precision_difference,-0.036443706812351616,0.026996135005730372,-0.053147115012110335,-0.005298617243617576,3
RBF_I,instance,severe,hddm_w,none,benign_fpr_difference,,,,,0
RBF_I,instance,severe,hddm_w,none,legitimate_withhold_rate_difference,0.0807844644816611,0.025621712365046522,0.05368790484573549,0.104618875080424,3
RBF_I,instance,severe,hddm_w,none,macro_f1_difference,-0.03267188655407464,0.025890854080405538,-0.05643145082414758,-0.005077504383241616,3
RBF_I,instance,severe,hddm_w,none,macro_precision_difference,-0.02882142656057333,0.022639841836290895,-0.04725259476086663,-0.003550268118421962,3
RBF_I,instance,severe,hddm_w,none,macro_recall_difference,-0.032208773509195744,0.026731409608810194,-0.056428734589706764,-0.0035273303413418944,3
RBF_I,instance,severe,hddm_w,none,malicious_precision_difference,,,,,0
RBF_I,instance,severe,hddm_w,none,malicious_recall_difference,,,,,0
RBF_I,instance,severe,hddm_w,none,poison_admission_rate_difference,-0.07893697032021159,0.028534425804139618,-0.10381712822586076,-0.04779002730858706,3
RBF_I,instance,severe,hddm_w,none,roc_auc_difference,-0.015033236048914303,0.013184193294365997,-0.02311813443876143,0.00018054996586169825,3
RBF_I,instance,severe,hellinger,learned_features,accuracy_difference,0.002780243782146141,0.0027545446987079004,0.0,0.005508349186218564,3
RBF_I,instance,severe,hellinger,learned_features,average_precision_difference,-0.002493500796386735,0.004238248280192934,-0.00738711132603187,0.0,3
RBF_I,instance,severe,hellinger,learned_features,benign_fpr_difference,,,,,0
RBF_I,instance,severe,hellinger,learned_features,legitimate_withhold_rate_difference,0.029967424628922063,0.026996417748896898,0.0,0.052385628661406725,3
RBF_I,instance,severe,hellinger,learned_features,macro_f1_difference,0.0027822350397410287,0.002463362147665904,0.0,0.00468572860148031,3
RBF_I,instance,severe,hellinger,learned_features,macro_precision_difference,0.0015747954616969577,0.003073498168493774,-0.0003921498202433815,0.0051165362053342545,3
RBF_I,instance,severe,hellinger,learned_features,macro_recall_difference,0.0029582715241678326,0.0026328067253568806,0.0,0.005044155541344186,3
RBF_I,instance,severe,hellinger,learned_features,malicious_precision_difference,,,,,0
RBF_I,instance,severe,hellinger,learned_features,malicious_recall_difference,,,,,0
RBF_I,instance,severe,hellinger,learned_features,poison_admission_rate_difference,-0.0312175415903639,0.02845121722297097,-0.05569031736405894,0.0,3
RBF_I,instance,severe,hellinger,learned_features,roc_auc_difference,-0.0006318274521118772,0.0016257408127014121,-0.002478632664574154,0.0005831503082385225,3
RBF_I,instance,severe,hellinger,learned_features_label,accuracy_difference,-0.0017191573310787096,0.0024254003344883063,-0.004455717607271148,0.00016487000634113347,3
RBF_I,instance,severe,hellinger,learned_features_label,average_precision_difference,-0.0011484953119990464,0.003145025853072971,-0.004708055139957201,0.0012544523080489922,3
RBF_I,instance,severe,hellinger,learned_features_label,benign_fpr_difference,,,,,0
RBF_I,instance,severe,hellinger,learned_features_label,legitimate_withhold_rate_difference,0.0540264708040469,0.06642752220576559,-0.003877281500795804,0.1265441857313851,3
RBF_I,instance,severe,hellinger,learned_features_label,macro_f1_difference,-0.0007111321075510638,0.001659423050301409,-0.002624067668747898,0.0003412158790496722,3
RBF_I,instance,severe,hellinger,learned_features_label,macro_precision_difference,-0.0008593952672112012,0.004187906047626788,-0.0056435802975619564,0.002142809746012553,3
RBF_I,instance,severe,hellinger,learned_features_label,macro_recall_difference,-0.0010117754442814004,0.0019984950595273426,-0.003316647810474249,0.0002389207745652211,3
RBF_I,instance,severe,hellinger,learned_features_label,malicious_precision_difference,,,,,0
RBF_I,instance,severe,hellinger,learned_features_label,malicious_recall_difference,,,,,0
RBF_I,instance,severe,hellinger,learned_features_label,poison_admission_rate_difference,-0.0545317418736313,0.06750143633365928,-0.1283440454958441,0.004059699481167134,3
RBF_I,instance,severe,hellinger,learned_features_label,roc_auc_difference,0.00041477426294600495,0.0006152236560626185,-0.0002955281290510925,0.0007800758737861457,3
RBF_I,instance,severe,hellinger,none,accuracy_difference,-0.014838300570703863,0.029449270236098453,-0.04882688649334177,0.003073346015641576,3
RBF_I,instance,severe,hellinger,none,average_precision_difference,-0.01971581669728621,0.039683078605614305,-0.06553781011913506,0.003268778623639057,3
RBF_I,instance,severe,hellinger,none,benign_fpr_difference,,,,,0
RBF_I,instance,severe,hellinger,none,legitimate_withhold_rate_difference,0.04705193530921591,0.04317102406955974,0.00819477836849411,0.09352359672286553,3
RBF_I,instance,severe,hellinger,none,macro_f1_difference,-0.0158697025735219,0.028759079855515176,-0.04907601022793462,0.001034321834278873,3
RBF_I,instance,severe,hellinger,none,macro_precision_difference,-0.012057816400809754,0.031493933847067654,-0.048032592829449494,0.010537116153558679,3
RBF_I,instance,severe,hellinger,none,macro_recall_difference,-0.01694146883594679,0.028345818510813803,-0.04961594578039619,0.0010599043522723228,3
RBF_I,instance,severe,hellinger,none,malicious_precision_difference,,,,,0
RBF_I,instance,severe,hellinger,none,malicious_recall_difference,,,,,0
RBF_I,instance,severe,hellinger,none,poison_admission_rate_difference,-0.04626132893618862,0.04083063043019876,-0.08892147938370254,-0.0075466612761943,3
RBF_I,instance,severe,hellinger,none,roc_auc_difference,-0.010202870501647587,0.02141582850412089,-0.03492330533890775,0.0027166202048277688,3
RBF_I,splice,moderate,adwin,learned_features,accuracy_difference,-0.004358642523320633,0.019137486088763363,-0.02644483275335907,0.007311768014374609,3
RBF_I,splice,moderate,adwin,learned_features,average_precision_difference,-0.011992937356466374,0.038246712459521166,-0.05442362020625535,0.019830838384422123,3
RBF_I,splice,moderate,adwin,learned_features,benign_fpr_difference,,,,,0
RBF_I,splice,moderate,adwin,learned_features,legitimate_withhold_rate_difference,0.07753070570469767,0.08058952060570734,-0.008336651403543616,0.1515251081539894,3
RBF_I,splice,moderate,adwin,learned_features,macro_f1_difference,-0.004928850230621544,0.02001526947200524,-0.027977519734510015,0.008072013428041425,3
RBF_I,splice,moderate,adwin,learned_features,macro_precision_difference,-0.0035933333149648825,0.019360068356854665,-0.025884380230785542,0.009016487697951603,3
RBF_I,splice,moderate,adwin,learned_features,macro_recall_difference,-0.005319294626731937,0.01981111988717555,-0.02812161047226225,0.007669712547237695,3
RBF_I,splice,moderate,adwin,learned_features,malicious_precision_difference,,,,,0
RBF_I,splice,moderate,adwin,learned_features,malicious_recall_difference,,,,,0
RBF_I,splice,moderate,adwin,learned_features,poison_admission_rate_difference,-0.11708855219502323,0.1768657810175688,-0.2839205134673056,0.06834128543362339,3
RBF_I,splice,moderate,adwin,learned_features,roc_auc_difference,-0.005881196964025966,0.01572531275785158,-0.0236346431108565,0.006296559851407202,3
RBF_I,splice,moderate,adwin,learned_features_label,accuracy_difference,0.004988363920643835,0.019562325919926418,-0.01716199871583657,0.01989834271746549,3
RBF_I,splice,moderate,adwin,learned_features_label,average_precision_difference,0.0009373173931276716,0.021546540429276517,-0.02382387865396418,0.015419291682019609,3
RBF_I,splice,moderate,adwin,learned_features_label,benign_fpr_difference,,,,,0
RBF_I,splice,moderate,adwin,learned_features_label,legitimate_withhold_rate_difference,0.0321868825833257,0.03356790294076704,0.0041270267982934095,0.06937469202474758,3
RBF_I,splice,moderate,adwin,learned_features_label,macro_f1_difference,0.005492576232375053,0.020259014137684415,-0.01745110425321794,0.020916415736578542,3
RBF_I,splice,moderate,adwin,learned_features_label,macro_precision_difference,0.005312585003149757,0.01973028808342704,-0.017285134346845865,0.019119746491954692,3
RBF_I,splice,moderate,adwin,learned_features_label,macro_recall_difference,0.004922561699654364,0.019772730956633802,-0.017327202408983777,0.02048274389217075,3
RBF_I,splice,moderate,adwin,learned_features_label,malicious_precision_difference,,,,,0
RBF_I,splice,moderate,adwin,learned_features_label,malicious_recall_difference,,,,,0
RBF_I,splice,moderate,adwin,learned_features_label,poison_admission_rate_difference,-0.018366972854331365,0.05673531638523405,-0.08291013159002275,0.023627343815689872,3
RBF_I,splice,moderate,adwin,learned_features_label,roc_auc_difference,0.0012603964321414862,0.010177736110692332,-0.010415123256669379,0.008259186997946255,3
RBF_I,splice,moderate,adwin,none,accuracy_difference,0.001966936582735982,0.012497234275971656,-0.01056697310722765,0.014427169676060725,3
RBF_I,splice,moderate,adwin,none,average_precision_difference,0.002734707790214045,0.00522661083968842,-0.0013666320990880498,0.008619659832450388,3
RBF_I,splice,moderate,adwin,none,benign_fpr_difference,,,,,0
RBF_I,splice,moderate,adwin,none,legitimate_withhold_rate_difference,-0.020531309520998447,0.0415950653302964,-0.049813597200722703,0.02708043002189925,3
RBF_I,splice,moderate,adwin,none,macro_f1_difference,0.001424447441848627,0.01242505167319253,-0.01081627886952885,0.014025965865617884,3
RBF_I,splice,moderate,adwin,none,macro_precision_difference,0.0012682910179720637,0.01255070745574504,-0.0108849581071353,0.014181885627045032,3
RBF_I,splice,moderate,adwin,none,macro_recall_difference,0.0017214505917976612,0.012584938580741181,-0.010428686534411202,0.014700235903275294,3
RBF_I,splice,moderate,adwin,none,malicious_precision_difference,,,,,0
RBF_I,splice,moderate,adwin,none,malicious_recall_difference,,,,,0
RBF_I,splice,moderate,adwin,none,poison_admission_rate_difference,-0.018032424522784047,0.10913925800882068,-0.11392085321358403,0.1007315227444715,3
RBF_I,splice,moderate,adwin,none,roc_auc_difference,0.0009888704752487227,0.005402358169506411,-0.005096376619043941,0.005220106508735611,3
RBF_I,splice,moderate,d3_oof,learned_features,accuracy_difference,-0.009831633056099612,0.010481966037058062,-0.02193447535980797,-0.0036683274517319564,3
RBF_I,splice,moderate,d3_oof,learned_features,average_precision_difference,-0.013838544245897958,0.014349110892155983,-0.030403968209412158,-0.005260823658907787,3
RBF_I,splice,moderate,d3_oof,learned_features,benign_fpr_difference,,,,,0
RBF_I,splice,moderate,d3_oof,learned_features,legitimate_withhold_rate_difference,0.019580360430771843,0.026617477972679507,-0.010690822217798102,0.03932374509013242,3
RBF_I,splice,moderate,d3_oof,learned_features,macro_f1_difference,-0.009852479712047538,0.010534110318184787,-0.022014679787968894,-0.0036036084589421424,3
RBF_I,splice,moderate,d3_oof,learned_features,macro_precision_difference,-0.007595812819921499,0.010518067247504136,-0.01956925995016745,0.00015362498393189927,3
RBF_I,splice,moderate,d3_oof,learned_features,macro_recall_difference,-0.010766055166110547,0.0104317018965601,-0.022717939960055666,-0.0034921367050700924,3
RBF_I,splice,moderate,d3_oof,learned_features,malicious_precision_difference,,,,,0
RBF_I,splice,moderate,d3_oof,learned_features,malicious_recall_difference,,,,,0
RBF_I,splice,moderate,d3_oof,learned_features,poison_admission_rate_difference,-0.018303742861303984,0.10819546178091591,-0.1309453740295411,0.08481616615211895,3
RBF_I,splice,moderate,d3_oof,learned_features,roc_auc_difference,-0.00618792210124323,0.0036638092021256076,-0.01032688079070232,-0.003359981422763836,3
RBF_I,splice,moderate,d3_oof,learned_features_label,accuracy_difference,-0.009406393941393865,0.00528483898694653,-0.013864619581721582,-0.0035685845112483072,3
RBF_I,splice,moderate,d3_oof,learned_features_label,average_precision_difference,-0.013365404115132762,0.009599848785748169,-0.021750905141672883,-0.0028941485162828906,3
RBF_I,splice,moderate,d3_oof,learned_features_label,benign_fpr_difference,,,,,0
RBF_I,splice,moderate,d3_oof,learned_features_label,legitimate_withhold_rate_difference,0.01771758811460934,0.04202659833640631,-0.007465657973322715,0.06623396662170442,3
RBF_I,splice,moderate,d3_oof,learned_features_label,macro_f1_difference,-0.009711550035209479,0.005436213579278479,-0.014520745219541276,-0.0038132224393395697,3
RBF_I,splice,moderate,d3_oof,learned_features_label,macro_precision_difference,-0.009277196429394952,0.00494920751984939,-0.01338190827116681,-0.0037812725047450257,3
RBF_I,splice,moderate,d3_oof,learned_features_label,macro_recall_difference,-0.009870300553359726,0.006170603787871859,-0.015557574242588634,-0.003309468584091202,3
RBF_I,splice,moderate,d3_oof,learned_features_label,malicious_precision_difference,,,,,0
RBF_I,splice,moderate,d3_oof,learned_features_label,malicious_recall_difference,,,,,0
RBF_I,splice,moderate,d3_oof,learned_features_label,poison_admission_rate_difference,0.011735226487920284,0.07500016387254739,-0.07292163519542105,0.06987303455814342,3
RBF_I,splice,moderate,d3_oof,learned_features_label,roc_auc_difference,-0.006015919643218459,0.0034547576005288815,-0.008954141412920724,-0.0022100396849568105,3
RBF_I,splice,moderate,d3_oof,none,accuracy_difference,-0.00040648585512178165,0.0007040541536290076,-0.001219457565365345,0.0,3
RBF_I,splice,moderate,d3_oof,none,average_precision_difference,-0.0004867015618832034,0.0008429918333048363,-0.0014601046856496103,0.0,3
RBF_I,splice,moderate,d3_oof,none,benign_fpr_difference,,,,,0
RBF_I,splice,moderate,d3_oof,none,legitimate_withhold_rate_difference,0.002135295083843932,0.0036984395743697358,0.0,0.0064058852515317954,3
RBF_I,splice,moderate,d3_oof,none,macro_f1_difference,-0.0004169689750811815,0.0007222114500205275,-0.0012509069252435445,0.0,3
RBF_I,splice,moderate,d3_oof,none,macro_precision_difference,-0.0003952586614488496,0.0006846080837610735,-0.0011857759843465487,0.0,3
RBF_I,splice,moderate,d3_oof,none,macro_recall_difference,-0.0004092161589051753,0.000708783178501943,-0.001227648476715526,0.0,3
RBF_I,splice,moderate,d3_oof,none,malicious_precision_difference,,,,,0
RBF_I,splice,moderate,d3_oof,none,malicious_recall_difference,,,,,0
RBF_I,splice,moderate,d3_oof,none,poison_admission_rate_difference,-0.005733097649710528,0.009930016414052353,-0.017199292949131584,0.0,3
RBF_I,splice,moderate,d3_oof,none,roc_auc_difference,-0.00035787880097189656,0.0006198642662351549,-0.0010736364029156897,0.0,3
RBF_I,splice,moderate,hddm_w,learned_features,accuracy_difference,0.004312128623119471,0.019494736909464634,-0.010472402928689117,0.026405006198007674,3
RBF_I,splice,moderate,hddm_w,learned_features,average_precision_difference,0.002803665319574359,0.01847350198874638,-0.00942265692102251,0.02405479390846088,3
RBF_I,splice,moderate,hddm_w,learned_features,benign_fpr_difference,,,,,0
RBF_I,splice,moderate,hddm_w,learned_features,legitimate_withhold_rate_difference,0.07965725450705384,0.022315674713358744,0.0555196097949433,0.09953760160072472,3
RBF_I,splice,moderate,hddm_w,learned_features,macro_f1_difference,0.004406464785449889,0.019772402251510945,-0.00988172057389991,0.02697241565887698,3
RBF_I,splice,moderate,hddm_w,learned_features,macro_precision_difference,0.004679684794851924,0.020461344117732802,-0.008988940481045704,0.02820360843499603,3
RBF_I,splice,moderate,hddm_w,learned_features,macro_recall_difference,0.004516034744519744,0.019644803264923637,-0.010251644607286226,0.02681144812138525,3
RBF_I,splice,moderate,hddm_w,learned_features,malicious_precision_difference,,,,,0
RBF_I,splice,moderate,hddm_w,learned_features,malicious_recall_difference,,,,,0
RBF_I,splice,moderate,hddm_w,learned_features,poison_admission_rate_difference,-0.055367872250212634,0.03931468203846283,-0.0792342834720704,-0.009991580129104727,3
RBF_I,splice,moderate,hddm_w,learned_features,roc_auc_difference,0.0019967908751431875,0.009333396883686689,-0.005467890276944609,0.01246123356432094,3
RBF_I,splice,moderate,hddm_w,learned_features_label,accuracy_difference,-0.04123659441081532,0.029436173083795793,-0.07470048628981285,-0.019345749261964196,3
RBF_I,splice,moderate,hddm_w,learned_features_label,average_precision_difference,-0.05249717206347689,0.029154672463240733,-0.08498669500538125,-0.028615781709670052,3
RBF_I,splice,moderate,hddm_w,learned_features_label,benign_fpr_difference,,,,,0
RBF_I,splice,moderate,hddm_w,learned_features_label,legitimate_withhold_rate_difference,0.10389519031974488,0.05275642545705414,0.050562412900656994,0.1560557267220483,3
RBF_I,splice,moderate,hddm_w,learned_features_label,macro_f1_difference,-0.0421655771320294,0.02953499639912722,-0.07588070096546673,-0.020860113353933007,3
RBF_I,splice,moderate,hddm_w,learned_features_label,macro_precision_difference,-0.041010491005376716,0.0310919479158709,-0.07659825800572895,-0.019112663652062545,3
RBF_I,splice,moderate,hddm_w,learned_features_label,macro_recall_difference,-0.04227928714546655,0.028507650744667604,-0.07451448331925192,-0.020386288924546192,3
RBF_I,splice,moderate,hddm_w,learned_features_label,malicious_precision_difference,,,,,0
RBF_I,splice,moderate,hddm_w,learned_features_label,malicious_recall_difference,,,,,0
RBF_I,splice,moderate,hddm_w,learned_features_label,poison_admission_rate_difference,-0.11633733395830465,0.036139093059969346,-0.15076095182039861,-0.07869772663485819,3
RBF_I,splice,moderate,hddm_w,learned_features_label,roc_auc_difference,-0.022915488599907552,0.016042502741147466,-0.041014477118605175,-0.01044812144213747,3
RBF_I,splice,moderate,hddm_w,none,accuracy_difference,-0.011524515417174882,0.026345949466840626,-0.03396562622879007,0.017483857799284075,3
RBF_I,splice,moderate,hddm_w,none,average_precision_difference,-0.01780930699450885,0.026509190331334708,-0.03418632476661532,0.012775231421173316,3
RBF_I,splice,moderate,hddm_w,none,benign_fpr_difference,,,,,0
RBF_I,splice,moderate,hddm_w,none,legitimate_withhold_rate_difference,-0.002449158130271365,0.04394592651671589,-0.051572765279713384,0.0331307157329829,3
RBF_I,splice,moderate,hddm_w,none,macro_f1_difference,-0.012814911112494443,0.026946444656606762,-0.03496464336160743,0.017184883033088294,3
RBF_I,splice,moderate,hddm_w,none,macro_precision_difference,-0.012649243763231252,0.02660982470076593,-0.03371969533193764,0.017253734178344304,3
RBF_I,splice,moderate,hddm_w,none,macro_recall_difference,-0.012079702504943945,0.026940689141166048,-0.03434427813816787,0.017867931051390173,3
RBF_I,splice,moderate,hddm_w,none,malicious_precision_difference,,,,,0
RBF_I,splice,moderate,hddm_w,none,malicious_recall_difference,,,,,0
RBF_I,splice,moderate,hddm_w,none,poison_admission_rate_difference,0.039441992244274915,0.08912337905943837,-0.0440784489773014,0.1332716724123434,3
RBF_I,splice,moderate,hddm_w,none,roc_auc_difference,-0.008163852211989231,0.013817668753418692,-0.020347103552869505,0.006849895395126482,3
RBF_I,splice,moderate,hellinger,learned_features,accuracy_difference,-0.0034207151994577836,0.00901466601004867,-0.012557924234354867,0.00546619472198584,3
RBF_I,splice,moderate,hellinger,learned_features,average_precision_difference,-0.009214261890857611,0.007318179191121082,-0.014574580939692994,-0.0008767194516658972,3
RBF_I,splice,moderate,hellinger,learned_features,benign_fpr_difference,,,,,0
RBF_I,splice,moderate,hellinger,learned_features,legitimate_withhold_rate_difference,0.041886967862259615,0.015203483095118545,0.02557734421660368,0.05566699351447674,3
RBF_I,splice,moderate,hellinger,learned_features,macro_f1_difference,-0.0035250898174355636,0.008839654495859984,-0.012143283121465065,0.005520519236860366,3
RBF_I,splice,moderate,hellinger,learned_features,macro_precision_difference,-0.003797661421404771,0.009056521629476505,-0.01240915072129456,0.00564639745147244,3
RBF_I,splice,moderate,hellinger,learned_features,macro_recall_difference,-0.0031305010857367956,0.009115591397111555,-0.012274952330709521,0.005955953716834661,3
RBF_I,splice,moderate,hellinger,learned_features,malicious_precision_difference,,,,,0
RBF_I,splice,moderate,hellinger,learned_features,malicious_recall_difference,,,,,0
RBF_I,splice,moderate,hellinger,learned_features,poison_admission_rate_difference,-0.014840654253937694,0.12805157812374635,-0.12685333109111796,0.12475442043222007,3
RBF_I,splice,moderate,hellinger,learned_features,roc_auc_difference,-0.0030552461078366586,0.004013592241083613,-0.00686869191798567,0.0011322981333971027,3
RBF_I,splice,moderate,hellinger,learned_features_label,accuracy_difference,-0.021534795847812743,0.021075731397884767,-0.045681058988106815,-0.006833939743864148,3
RBF_I,splice,moderate,hellinger,learned_features_label,average_precision_difference,-0.024220141892744424,0.0288823054743253,-0.05755520747083487,-0.0066764688805909245,3
RBF_I,splice,moderate,hellinger,learned_features_label,benign_fpr_difference,,,,,0
RBF_I,splice,moderate,hellinger,learned_features_label,legitimate_withhold_rate_difference,0.037105669106692725,0.03804339344867407,-0.0003932872340955962,0.0756710749642873,3
RBF_I,splice,moderate,hellinger,learned_features_label,macro_f1_difference,-0.02099763145897382,0.021372868261917,-0.04558812419000757,-0.006891239551267914,3
RBF_I,splice,moderate,hellinger,learned_features_label,macro_precision_difference,-0.02009607806710323,0.021433568643483215,-0.044828959341768226,-0.0069477789483938235,3
RBF_I,splice,moderate,hellinger,learned_features_label,macro_recall_difference,-0.020935131699988434,0.020421789083228076,-0.04435777917396455,-0.006860725581399274,3
RBF_I,splice,moderate,hellinger,learned_features_label,malicious_precision_difference,,,,,0
RBF_I,splice,moderate,hellinger,learned_features_label,malicious_recall_difference,,,,,0
RBF_I,splice,moderate,hellinger,learned_features_label,poison_admission_rate_difference,-0.01060082282036597,0.06332130533733488,-0.08027130805235572,0.04344653381981478,3
RBF_I,splice,moderate,hellinger,learned_features_label,roc_auc_difference,-0.011678058539113042,0.011925091129877202,-0.025142177413350786,-0.002446814102604944,3
RBF_I,splice,moderate,hellinger,none,accuracy_difference,0.0006001135222752548,0.014536712864404088,-0.010318104216336721,0.01710052720402644,3
RBF_I,splice,moderate,hellinger,none,average_precision_difference,0.0004889576961033167,0.010733453802137298,-0.008127153263951414,0.01251251733759895,3
RBF_I,splice,moderate,hellinger,none,benign_fpr_difference,,,,,0
RBF_I,splice,moderate,hellinger,none,legitimate_withhold_rate_difference,-0.023249355544674628,0.09221743390353376,-0.0781099900950181,0.08321758740684329,3
RBF_I,splice,moderate,hellinger,none,macro_f1_difference,-0.0004333107154640044,0.015160441178444273,-0.01145498317809479,0.01685593919596695,3
RBF_I,splice,moderate,hellinger,none,macro_precision_difference,-0.0007433144146383741,0.015809009213212488,-0.011094165317266702,0.017454003621745984,3
RBF_I,splice,moderate,hellinger,none,macro_recall_difference,0.0005626541363116244,0.015315331136076447,-0.01120140671407388,0.017879916174331156,3
RBF_I,splice,moderate,hellinger,none,malicious_precision_difference,,,,,0
RBF_I,splice,moderate,hellinger,none,malicious_recall_difference,,,,,0
RBF_I,splice,moderate,hellinger,none,poison_admission_rate_difference,-0.024455087457377418,0.038469609363283745,-0.06401524706409933,0.012822311382957863,3
RBF_I,splice,moderate,hellinger,none,roc_auc_difference,0.00040970250880885867,0.005188764794982458,-0.0030855569656002,0.00637167098448288,3
RBF_I,splice,severe,adwin,learned_features,accuracy_difference,-0.0010518399482420577,0.0032718471445805112,-0.003606176211652601,0.002636035222397859,3
RBF_I,splice,severe,adwin,learned_features,average_precision_difference,0.0013135477694842985,0.006354497256375475,-0.004489363537467983,0.008104000807122258,3
RBF_I,splice,severe,adwin,learned_features,benign_fpr_difference,,,,,0
RBF_I,splice,severe,adwin,learned_features,legitimate_withhold_rate_difference,-0.011659949858568497,0.014583644613929546,-0.0228268232106571,0.004839456535242814,3
RBF_I,splice,severe,adwin,learned_features,macro_f1_difference,-0.0012523037464803322,0.003381217169501727,-0.004050723856792837,0.002504715294149973,3
RBF_I,splice,severe,adwin,learned_features,macro_precision_difference,-0.001015100108066121,0.003360118465273942,-0.003621811068929004,0.0027770682571686134,3
RBF_I,splice,severe,adwin,learned_features,macro_recall_difference,-0.001283630871174631,0.0035163581280182265,-0.004242033626560504,0.002604027343825921,3
RBF_I,splice,severe,adwin,learned_features,malicious_precision_difference,,,,,0
RBF_I,splice,severe,adwin,learned_features,malicious_recall_difference,,,,,0
RBF_I,splice,severe,adwin,learned_features,poison_admission_rate_difference,-0.01138923051212167,0.06987104952444584,-0.06846270415894928,0.06653300535768447,3
RBF_I,splice,severe,adwin,learned_features,roc_auc_difference,0.00042599442875653387,0.0027457817698646357,-0.0026309314561144825,0.002682963121701354,3
RBF_I,splice,severe,adwin,learned_features_label,accuracy_difference,-0.012687202513779602,0.02563708048153227,-0.04180454694329305,0.006496951907879911,3
RBF_I,splice,severe,adwin,learned_features_label,average_precision_difference,-0.019197927703420475,0.035089135216161874,-0.058920540180708136,0.00757951573040061,3
RBF_I,splice,severe,adwin,learned_features_label,benign_fpr_difference,,,,,0
RBF_I,splice,severe,adwin,learned_features_label,legitimate_withhold_rate_difference,-0.026057554162663237,0.01410737769075236,-0.040900880559945785,-0.012824277469703993,3
RBF_I,splice,severe,adwin,learned_features_label,macro_f1_difference,-0.013032822186753798,0.026239467026251923,-0.04287330777312459,0.0064337042314334125,3
RBF_I,splice,severe,adwin,learned_features_label,macro_precision_difference,-0.012368914799511521,0.025368683765365642,-0.04137458378169523,0.005679831585454154,3
RBF_I,splice,severe,adwin,learned_features_label,macro_recall_difference,-0.012793529040901253,0.025960107886252956,-0.04220215762645374,0.006938371651297848,3
RBF_I,splice,severe,adwin,learned_features_label,malicious_precision_difference,,,,,0
RBF_I,splice,severe,adwin,learned_features_label,malicious_recall_difference,,,,,0
RBF_I,splice,severe,adwin,learned_features_label,poison_admission_rate_difference,-0.015856841742681815,0.051370252560267414,-0.06973967442486212,0.032564404781949885,3
RBF_I,splice,severe,adwin,learned_features_label,roc_auc_difference,-0.008552418914696935,0.014941232418079617,-0.025491791712017986,0.0027516392126025746,3
RBF_I,splice,severe,adwin,none,accuracy_difference,-0.003290355714640684,0.012674334297770951,-0.011207927944197449,0.011327829416215796,3
RBF_I,splice,severe,adwin,none,average_precision_difference,-0.010299502198844864,0.018658897931478687,-0.028452496058736676,0.008827172961330954,3
RBF_I,splice,severe,adwin,none,benign_fpr_difference,,,,,0
RBF_I,splice,severe,adwin,none,legitimate_withhold_rate_difference,0.03308317703642435,0.03796180296167118,-0.010068554261771112,0.06133321293934396,3
RBF_I,splice,severe,adwin,none,macro_f1_difference,-0.003916415597472171,0.013081662105592804,-0.01288208266875257,0.01109459412970859,3
RBF_I,splice,severe,adwin,none,macro_precision_difference,-0.003478502283287832,0.011123534977668657,-0.010948984116209592,0.00930532726828115,3
RBF_I,splice,severe,adwin,none,macro_recall_difference,-0.004356974356189536,0.014059201104724318,-0.014470581765751334,0.011697435659831279,3
RBF_I,splice,severe,adwin,none,malicious_precision_difference,,,,,0
RBF_I,splice,severe,adwin,none,malicious_recall_difference,,,,,0
RBF_I,splice,severe,adwin,none,poison_admission_rate_difference,-0.1518422785135448,0.04307582744372881,-0.1897450558321001,-0.1049971358290932,3
RBF_I,splice,severe,adwin,none,roc_auc_difference,-0.004520921254348664,0.0062285539161328445,-0.009646253522386239,0.002411311304709729,3
RBF_I,splice,severe,d3_oof,learned_features,accuracy_difference,0.0010146366432553326,0.0021654617774473405,-0.00045721381801755445,0.003501123747783552,3
RBF_I,splice,severe,d3_oof,learned_features,average_precision_difference,0.0002927103977208301,0.0009511447689989957,-0.00047767691846523075,0.001355808111627721,3
RBF_I,splice,severe,d3_oof,learned_features,benign_fpr_difference,,,,,0
RBF_I,splice,severe,d3_oof,learned_features,legitimate_withhold_rate_difference,-0.004552620590619468,0.015659209798933545,-0.0219836689518087,0.008325807179950295,3
RBF_I,splice,severe,d3_oof,learned_features,macro_f1_difference,0.0011577937884592975,0.0024160279641184715,-0.0004614508689305685,0.003934832234308461,3
RBF_I,splice,severe,d3_oof,learned_features,macro_precision_difference,0.001037967124253784,0.0022223378423511107,-0.0004754748773908579,0.0035893762501522097,3
RBF_I,splice,severe,d3_oof,learned_features,macro_recall_difference,0.0010961071971416676,0.0023227960826277985,-0.000475814062806279,0.003764135654231282,3
RBF_I,splice,severe,d3_oof,learned_features,malicious_precision_difference,,,,,0
RBF_I,splice,severe,d3_oof,learned_features,malicious_recall_difference,,,,,0
RBF_I,splice,severe,d3_oof,learned_features,poison_admission_rate_difference,0.016853790212905045,0.03420833398845549,-0.005657518100690262,0.05621888873940539,3
RBF_I,splice,severe,d3_oof,learned_features,roc_auc_difference,0.0002174481639867961,0.0005688698284653061,-0.0002106239012882316,0.0008629683932486198,3
RBF_I,splice,severe,d3_oof,learned_features_label,accuracy_difference,0.0022618915151860395,0.004656867693147189,-0.0017551186257025453,0.00736622262361708,3
RBF_I,splice,severe,d3_oof,learned_features_label,average_precision_difference,0.0022309966626929967,0.0035679956067987072,-0.0009495730538799929,0.006089226594972463,3
RBF_I,splice,severe,d3_oof,learned_features_label,benign_fpr_difference,,,,,0
RBF_I,splice,severe,d3_oof,learned_features_label,legitimate_withhold_rate_difference,-0.03527197410332703,0.03722609060879,-0.07821743057123498,-0.012203110353161795,3
RBF_I,splice,severe,d3_oof,learned_features_label,macro_f1_difference,0.002150585822506416,0.004690474988427818,-0.001984984594983197,0.007247124670713423,3
RBF_I,splice,severe,d3_oof,learned_features_label,macro_precision_difference,0.0019844386011642623,0.003999787544289124,-0.0015621177507083583,0.006319894353244426,3
RBF_I,splice,severe,d3_oof,learned_features_label,macro_recall_difference,0.002023262539968207,0.004911412669281562,-0.002400442387472279,0.007308403217342274,3
RBF_I,splice,severe,d3_oof,learned_features_label,malicious_precision_difference,,,,,0
RBF_I,splice,severe,d3_oof,learned_features_label,malicious_recall_difference,,,,,0
RBF_I,splice,severe,d3_oof,learned_features_label,poison_admission_rate_difference,0.04526092787786432,0.04848585752459546,-0.005028252387999421,0.0917157770668463,3
RBF_I,splice,severe,d3_oof,learned_features_label,roc_auc_difference,0.0016701049107978871,0.0029692330101486757,-0.0006549443462597893,0.005014819753938693,3
RBF_I,splice,severe,d3_oof,none,accuracy_difference,-0.00015766335911452747,0.003122034243530282,-0.0034037028674644976,0.002823486893373861,3
RBF_I,splice,severe,d3_oof,none,average_precision_difference,-0.0005116213756671447,0.0026250358903093527,-0.0034885958152685026,0.00147086059601087,3
RBF_I,splice,severe,d3_oof,none,benign_fpr_difference,,,,,0
RBF_I,splice,severe,d3_oof,none,legitimate_withhold_rate_difference,-0.014361563327957285,0.007161278044689492,-0.0202867464438925,-0.006403668274171936,3
RBF_I,splice,severe,d3_oof,none,macro_f1_difference,-0.0002812768145760887,0.003065735677520889,-0.003286818850406714,0.0028413006879434155,3
RBF_I,splice,severe,d3_oof,none,macro_precision_difference,-0.0001958133476433662,0.0029669350597324854,-0.0032292757235430347,0.0026997880877085434,3
RBF_I,splice,severe,d3_oof,none,macro_recall_difference,-0.00041157508786578606,0.0031059410472301877,-0.003370605159072282,0.0028229258642453736,3
RBF_I,splice,severe,d3_oof,none,malicious_precision_difference,,,,,0
RBF_I,splice,severe,d3_oof,none,malicious_recall_difference,,,,,0
RBF_I,splice,severe,d3_oof,none,poison_admission_rate_difference,0.0051773087191281,0.06410339389561394,-0.03504641463742775,0.07910166121912587,3
RBF_I,splice,severe,d3_oof,none,roc_auc_difference,6.657786343537235e-05,0.002066542389319468,-0.002290411400056813,0.001567638233738955,3
RBF_I,splice,severe,hddm_w,learned_features,accuracy_difference,-0.04715945984235007,0.024583703623306388,-0.069330007449378,-0.020721381801761085,3
RBF_I,splice,severe,hddm_w,learned_features,average_precision_difference,-0.05967349395098712,0.030480839230069907,-0.09021305759799836,-0.029251720530434566,3
RBF_I,splice,severe,hddm_w,learned_features,benign_fpr_difference,,,,,0
RBF_I,splice,severe,hddm_w,learned_features,legitimate_withhold_rate_difference,0.05778845543339619,0.021792785130924083,0.033612496896092525,0.07592356256282262,3
RBF_I,splice,severe,hddm_w,learned_features,macro_f1_difference,-0.048856002647036635,0.025670020582402652,-0.0731064684385907,-0.021969803035950086,3
RBF_I,splice,severe,hddm_w,learned_features,macro_precision_difference,-0.04761727642088084,0.02466143892446212,-0.07027356673496687,-0.021349052558293335,3
RBF_I,splice,severe,hddm_w,learned_features,macro_recall_difference,-0.04960512137823395,0.026136733868812993,-0.07502556826074658,-0.02280662204710482,3
RBF_I,splice,severe,hddm_w,learned_features,malicious_precision_difference,,,,,0
RBF_I,splice,severe,hddm_w,learned_features,malicious_recall_difference,,,,,0
RBF_I,splice,severe,hddm_w,learned_features,poison_admission_rate_difference,-0.07489627879397524,0.1001110523215854,-0.17188551056101165,0.02806887488627563,3
RBF_I,splice,severe,hddm_w,learned_features,roc_auc_difference,-0.028214882281774673,0.011467663314243287,-0.04028479414967623,-0.017463442221415937,3
RBF_I,splice,severe,hddm_w,learned_features_label,accuracy_difference,-0.041728889091964816,0.03998629525519813,-0.08516201167794168,-0.006444840741326008,3
RBF_I,splice,severe,hddm_w,learned_features_label,average_precision_difference,-0.05289166824606406,0.05940643839834362,-0.1179387085290946,-0.0015058355212639318,3
RBF_I,splice,severe,hddm_w,learned_features_label,benign_fpr_difference,,,,,0
RBF_I,splice,severe,hddm_w,learned_features_label,legitimate_withhold_rate_difference,-0.0036853975598726088,0.012815254854340225,-0.015993589020068255,0.009582914516110819,3
RBF_I,splice,severe,hddm_w,learned_features_label,macro_f1_difference,-0.04220192254708399,0.04038331655654495,-0.08597035952066401,-0.006387334367660813,3
RBF_I,splice,severe,hddm_w,learned_features_label,macro_precision_difference,-0.04201271741348933,0.040833289928093555,-0.08549266782502274,-0.00447786960584029,3
RBF_I,splice,severe,hddm_w,learned_features_label,macro_recall_difference,-0.041865863373890345,0.03971303252696101,-0.08492835386544273,-0.006683926314649757,3
RBF_I,splice,severe,hddm_w,learned_features_label,malicious_precision_difference,,,,,0
RBF_I,splice,severe,hddm_w,learned_features_label,malicious_recall_difference,,,,,0
RBF_I,splice,severe,hddm_w,learned_features_label,poison_admission_rate_difference,-0.06855255458877484,0.04250981355990221,-0.09606766182565618,-0.019591685725817265,3
RBF_I,splice,severe,hddm_w,learned_features_label,roc_auc_difference,-0.024697221953221844,0.02936860274218634,-0.05680983756648783,0.0007983530857933463,3
RBF_I,splice,severe,hddm_w,none,accuracy_difference,-0.025411452001256496,0.03775083994199184,-0.06276665387480529,0.012722962293971518,3
RBF_I,splice,severe,hddm_w,none,average_precision_difference,-0.04042117013168486,0.05666752678769557,-0.09985497798197007,0.013000700689568934,3
RBF_I,splice,severe,hddm_w,none,benign_fpr_difference,,,,,0
RBF_I,splice,severe,hddm_w,none,legitimate_withhold_rate_difference,0.055416154772830094,0.06043179038134834,-0.013801083766087074,0.09768843540486238,3
RBF_I,splice,severe,hddm_w,none,macro_f1_difference,-0.027488220255428557,0.0407334123377331,-0.06868005271259092,0.012770747231581114,3
RBF_I,splice,severe,hddm_w,none,macro_precision_difference,-0.02491768352846317,0.03631277314457947,-0.060125250259347895,0.012407609087475624,3
RBF_I,splice,severe,hddm_w,none,macro_recall_difference,-0.028636275594351262,0.04270779660164839,-0.07262849099639901,0.012659304342530375,3
RBF_I,splice,severe,hddm_w,none,malicious_precision_difference,,,,,0
RBF_I,splice,severe,hddm_w,none,malicious_recall_difference,,,,,0
RBF_I,splice,severe,hddm_w,none,poison_admission_rate_difference,-0.1438255772180724,0.190519940196376,-0.3618155522669179,-0.00917662906213168,3
RBF_I,splice,severe,hddm_w,none,roc_auc_difference,-0.02024226105813524,0.027552608619842496,-0.04878756898511194,0.006196751780290999,3
RBF_I,splice,severe,hellinger,learned_features,accuracy_difference,0.0055200031999736625,0.005650439307549079,0.0014224429893882062,0.011965937454118336,3
RBF_I,splice,severe,hellinger,learned_features,average_precision_difference,0.009203555333985758,0.004550457199223982,0.006272676742078986,0.0144457821182149,3
RBF_I,splice,severe,hellinger,learned_features,benign_fpr_difference,,,,,0
RBF_I,splice,severe,hellinger,learned_features,legitimate_withhold_rate_difference,-0.015661997973715203,0.041433907143243666,-0.05712882909320749,0.025738906519995997,3
RBF_I,splice,severe,hellinger,learned_features,macro_f1_difference,0.005735649168984058,0.00589390608720835,0.001362504776900364,0.0124382854765418,3
RBF_I,splice,severe,hellinger,learned_features,macro_precision_difference,0.005764244852689153,0.006053797414948306,0.001408420978950553,0.012676981171408475,3
RBF_I,splice,severe,hellinger,learned_features,macro_recall_difference,0.0055617884983757415,0.005575863055083775,0.0014581578406783757,0.011910161795872454,3
RBF_I,splice,severe,hellinger,learned_features,malicious_precision_difference,,,,,0
RBF_I,splice,severe,hellinger,learned_features,malicious_recall_difference,,,,,0
RBF_I,splice,severe,hellinger,learned_features,poison_admission_rate_difference,0.03662179961907652,0.039284109745342785,0.013756524667452474,0.08198268019004618,3
RBF_I,splice,severe,hellinger,learned_features,roc_auc_difference,0.003914791293232615,0.003152589221337124,0.001728536953154447,0.0075286401394704106,3
RBF_I,splice,severe,hellinger,learned_features_label,accuracy_difference,-0.0025041445761561456,0.01492272436594401,-0.019706991128467855,0.006954165725897465,3
RBF_I,splice,severe,hellinger,learned_features_label,average_precision_difference,-0.003910437799685289,0.020668198062891545,-0.027754487009311046,0.008889310641891024,3
RBF_I,splice,severe,hellinger,learned_features_label,benign_fpr_difference,,,,,0
RBF_I,splice,severe,hellinger,learned_features_label,legitimate_withhold_rate_difference,-0.05122390849739301,0.019766444517103705,-0.07404606005870398,-0.03954011045480732,3
RBF_I,splice,severe,hellinger,learned_features_label,macro_f1_difference,-0.002709163967178204,0.015450855419308613,-0.020518241732196296,0.007120845097471795,3
RBF_I,splice,severe,hellinger,learned_features_label,macro_precision_difference,-0.0019141543849537184,0.013061579305957017,-0.016987958213060095,0.006058846806361817,3
RBF_I,splice,severe,hellinger,learned_features_label,macro_recall_difference,-0.0031717258067042176,0.01634718027580107,-0.022017656986852097,0.007175069548200352,3
RBF_I,splice,severe,hellinger,learned_features_label,malicious_precision_difference,,,,,0
RBF_I,splice,severe,hellinger,learned_features_label,malicious_recall_difference,,,,,0
RBF_I,splice,severe,hellinger,learned_features_label,poison_admission_rate_difference,0.04391518265771858,0.051277056447630295,0.005138659568015624,0.10205421788179825,3
RBF_I,splice,severe,hellinger,learned_features_label,roc_auc_difference,-0.0008614728878497679,0.009253071695947742,-0.011511807840609234,0.005203363335924194,3
RBF_I,splice,severe,hellinger,none,accuracy_difference,-0.0029210745345438958,0.00558104505767386,-0.008369263414524042,0.0027839580768665995,3
RBF_I,splice,severe,hellinger,none,average_precision_difference,-0.008712178561461595,0.014356077126574449,-0.0250194035166178,0.002020728618278733,3
RBF_I,splice,severe,hellinger,none,benign_fpr_difference,,,,,0
RBF_I,splice,severe,hellinger,none,legitimate_withhold_rate_difference,-0.007679415495569118,0.00986785153696142,-0.0166854820501241,0.0028686626836678664,3
RBF_I,splice,severe,hellinger,none,macro_f1_difference,-0.0031254081443480666,0.006266431869072143,-0.009425821236937693,0.003106480494046271,3
RBF_I,splice,severe,hellinger,none,macro_precision_difference,-0.001007654344576207,0.003361407332347972,-0.003017827642868176,0.0028729256078289245,3
RBF_I,splice,severe,hellinger,none,macro_recall_difference,-0.004272937789651654,0.007878605968441331,-0.01266330443590502,0.0029675275667255807,3
RBF_I,splice,severe,hellinger,none,malicious_precision_difference,,,,,0
RBF_I,splice,severe,hellinger,none,malicious_recall_difference,,,,,0
RBF_I,splice,severe,hellinger,none,poison_admission_rate_difference,-0.06551275184612297,0.06334281224249462,-0.13524149064980495,-0.011524075883680984,3
RBF_I,splice,severe,hellinger,none,roc_auc_difference,-0.00437741057614649,0.005261979875268592,-0.010393156911702839,-0.0006302612573855226,3
SEA_A,clean,none,adwin,learned_features,accuracy_difference,0.023435496371450704,0.001734981854339251,0.02150073980131062,0.024853096596913815,3
SEA_A,clean,none,adwin,learned_features,average_precision_difference,0.00647721850531698,0.0011756978418171655,0.005480340825910646,0.0077737435461786575,3
SEA_A,clean,none,adwin,learned_features,benign_fpr_difference,,,,,0
SEA_A,clean,none,adwin,learned_features,legitimate_withhold_rate_difference,0.0266694849573734,0.007761941385221498,0.018951595857112702,0.034474741069541404,3
SEA_A,clean,none,adwin,learned_features,macro_f1_difference,0.026832078591296955,0.002082916725284298,0.024519719480545765,0.028561222885259085,3
SEA_A,clean,none,adwin,learned_features,macro_precision_difference,0.020077762734503384,0.0007857599442672824,0.019170515331427773,0.02054114872185675,3
SEA_A,clean,none,adwin,learned_features,macro_recall_difference,0.03046996822226718,0.0027558165080872016,0.02744701371254421,0.032842162707323985,3
SEA_A,clean,none,adwin,learned_features,malicious_precision_difference,,,,,0
SEA_A,clean,none,adwin,learned_features,malicious_recall_difference,,,,,0
SEA_A,clean,none,adwin,learned_features,poison_admission_rate_difference,,,,,0
SEA_A,clean,none,adwin,learned_features,roc_auc_difference,0.005146810253475113,0.0008311435780453952,0.00436069228034397,0.00601664334437757,3
SEA_A,clean,none,adwin,learned_features_label,accuracy_difference,0.02447967307827814,0.004684182924827993,0.02078630310716567,0.029748467554428393,3
SEA_A,clean,none,adwin,learned_features_label,average_precision_difference,0.00761699481826054,0.001467910622292973,0.00595621412140479,0.00874084249366125,3
SEA_A,clean,none,adwin,learned_features_label,benign_fpr_difference,,,,,0
SEA_A,clean,none,adwin,learned_features_label,legitimate_withhold_rate_difference,0.010147255689424378,0.020983973331384843,-0.003872331430987086,0.03427182413865991,3
SEA_A,clean,none,adwin,learned_features_label,macro_f1_difference,0.028198478071347417,0.005711568462809474,0.023581794090048902,0.03458562945543198,3
SEA_A,clean,none,adwin,learned_features_label,macro_precision_difference,0.020028752517978494,0.0031291138863197253,0.01802877028674832,0.02363477644605616,3
SEA_A,clean,none,adwin,learned_features_label,macro_recall_difference,0.03265560473980411,0.00708352589238942,0.026528545650993607,0.04041175607376579,3
SEA_A,clean,none,adwin,learned_features_label,malicious_precision_difference,,,,,0
SEA_A,clean,none,adwin,learned_features_label,malicious_recall_difference,,,,,0
SEA_A,clean,none,adwin,learned_features_label,poison_admission_rate_difference,,,,,0
SEA_A,clean,none,adwin,learned_features_label,roc_auc_difference,0.006246066743947935,0.0012318329924855482,0.004827492599399963,0.00704562046948265,3
SEA_A,clean,none,adwin,none,accuracy_difference,0.022522370182484226,0.0016797414544475187,0.02058338617628397,0.023534136546184636,3
SEA_A,clean,none,adwin,none,average_precision_difference,0.007433378757769653,0.00014397189734427997,0.00727821196547318,0.007562637652476001,3
SEA_A,clean,none,adwin,none,benign_fpr_difference,,,,,0
SEA_A,clean,none,adwin,none,legitimate_withhold_rate_difference,0.06961178045515394,0.061346394845459715,0.0160642570281124,0.1365461847389558,3
SEA_A,clean,none,adwin,none,macro_f1_difference,0.02574164832274073,0.0017966947776536628,0.023667138340921823,0.026799357544220803,3
SEA_A,clean,none,adwin,none,macro_precision_difference,0.01940416426249436,0.0019674729744086636,0.017167809915410337,0.020868736197453552,3
SEA_A,clean,none,adwin,none,macro_recall_difference,0.02919444206517559,0.001686512223593685,0.027256516586725454,0.03032970907467436,3
SEA_A,clean,none,adwin,none,malicious_precision_difference,,,,,0
SEA_A,clean,none,adwin,none,malicious_recall_difference,,,,,0
SEA_A,clean,none,adwin,none,poison_admission_rate_difference,,,,,0
SEA_A,clean,none,adwin,none,roc_auc_difference,0.005301567600171901,0.0004438737037337007,0.004797600993577955,0.005634403296413737,3
SEA_A,clean,none,d3_oof,learned_features,accuracy_difference,0.010949059395476598,0.011146387755545738,0.0,0.02228281547241584,3
SEA_A,clean,none,d3_oof,learned_features,average_precision_difference,0.0032332948802328287,0.0028214500639368477,0.0,0.005196256666549881,3
SEA_A,clean,none,d3_oof,learned_features,benign_fpr_difference,,,,,0
SEA_A,clean,none,d3_oof,learned_features,legitimate_withhold_rate_difference,0.01530331853730714,0.013840858077183797,0.0,0.026945677446628707,3
SEA_A,clean,none,d3_oof,learned_features,macro_f1_difference,0.012561132832090557,0.013076571049857178,0.0,0.0260984317706211,3
SEA_A,clean,none,d3_oof,learned_features,macro_precision_difference,0.009407235112434723,0.008345541661954482,0.0,0.01592082816184237,3
SEA_A,clean,none,d3_oof,learned_features,macro_recall_difference,0.014327546015545423,0.016180494847446082,0.0,0.031876379561781576,3
SEA_A,clean,none,d3_oof,learned_features,malicious_precision_difference,,,,,0
SEA_A,clean,none,d3_oof,learned_features,malicious_recall_difference,,,,,0
SEA_A,clean,none,d3_oof,learned_features,poison_admission_rate_difference,,,,,0
SEA_A,clean,none,d3_oof,learned_features,roc_auc_difference,0.002411539366182325,0.0022856815345413694,0.0,0.004546124688331155,3
SEA_A,clean,none,d3_oof,learned_features_label,accuracy_difference,0.0,0.0,0.0,0.0,3
SEA_A,clean,none,d3_oof,learned_features_label,average_precision_difference,0.0,0.0,0.0,0.0,3
SEA_A,clean,none,d3_oof,learned_features_label,benign_fpr_difference,,,,,0
SEA_A,clean,none,d3_oof,learned_features_label,legitimate_withhold_rate_difference,0.0,0.0,0.0,0.0,3
SEA_A,clean,none,d3_oof,learned_features_label,macro_f1_difference,0.0,0.0,0.0,0.0,3
SEA_A,clean,none,d3_oof,learned_features_label,macro_precision_difference,0.0,0.0,0.0,0.0,3
SEA_A,clean,none,d3_oof,learned_features_label,macro_recall_difference,0.0,0.0,0.0,0.0,3
SEA_A,clean,none,d3_oof,learned_features_label,malicious_precision_difference,,,,,0
SEA_A,clean,none,d3_oof,learned_features_label,malicious_recall_difference,,,,,0
SEA_A,clean,none,d3_oof,learned_features_label,poison_admission_rate_difference,,,,,0
SEA_A,clean,none,d3_oof,learned_features_label,roc_auc_difference,0.0,0.0,0.0,0.0,3
SEA_A,clean,none,d3_oof,none,accuracy_difference,0.01143380539702669,0.013089388184071219,0.0,0.025711266117100062,3
SEA_A,clean,none,d3_oof,none,average_precision_difference,0.0037079455771357925,0.003774739337894322,0.0,0.007546108821984587,3
SEA_A,clean,none,d3_oof,none,benign_fpr_difference,,,,,0
SEA_A,clean,none,d3_oof,none,legitimate_withhold_rate_difference,0.017402945113788496,0.033680711179140906,-0.004016064257028107,0.05622489959839359,3
SEA_A,clean,none,d3_oof,none,macro_f1_difference,0.012971781899334752,0.014943287490083078,0.0,0.029311682021838426,3
SEA_A,clean,none,d3_oof,none,macro_precision_difference,0.010462879613378292,0.011239150213242443,0.0,0.022343726172762923,3
SEA_A,clean,none,d3_oof,none,macro_recall_difference,0.014285271609408623,0.016979991931866726,0.0,0.03305840126821591,3
SEA_A,clean,none,d3_oof,none,malicious_precision_difference,,,,,0
SEA_A,clean,none,d3_oof,none,malicious_recall_difference,,,,,0
SEA_A,clean,none,d3_oof,none,poison_admission_rate_difference,,,,,0
SEA_A,clean,none,d3_oof,none,roc_auc_difference,0.00238121968002436,0.002476524817331863,0.0,0.004943149977646333,3
SEA_A,clean,none,hddm_w,learned_features,accuracy_difference,0.006181920665116618,0.010707400680341967,0.0,0.018545761995349852,3
SEA_A,clean,none,hddm_w,learned_features,average_precision_difference,0.0016477336921281542,0.002853958472109017,0.0,0.0049432010763844625,3
SEA_A,clean,none,hddm_w,learned_features,benign_fpr_difference,,,,,0
SEA_A,clean,none,hddm_w,learned_features,legitimate_withhold_rate_difference,0.002591418304798171,0.004488468167574443,0.0,0.007774254914394513,3
SEA_A,clean,none,hddm_w,learned_features,macro_f1_difference,0.00727656096071246,0.012603373288326182,0.0,0.02182968288213738,3
SEA_A,clean,none,hddm_w,learned_features,macro_precision_difference,0.004368216896135683,0.007565973602587824,0.0,0.013104650688407049,3
SEA_A,clean,none,hddm_w,learned_features,macro_recall_difference,0.009043139071594855,0.01566317633191354,0.0,0.027129417214784568,3
SEA_A,clean,none,hddm_w,learned_features,malicious_precision_difference,,,,,0
SEA_A,clean,none,hddm_w,learned_features,malicious_recall_difference,,,,,0
SEA_A,clean,none,hddm_w,learned_features,poison_admission_rate_difference,,,,,0
SEA_A,clean,none,hddm_w,learned_features,roc_auc_difference,0.001527167119866076,0.002645131043256673,0.0,0.004581501359598228,3
SEA_A,clean,none,hddm_w,learned_features_label,accuracy_difference,0.0,0.0,0.0,0.0,3
SEA_A,clean,none,hddm_w,learned_features_label,average_precision_difference,0.0,0.0,0.0,0.0,3
SEA_A,clean,none,hddm_w,learned_features_label,benign_fpr_difference,,,,,0
SEA_A,clean,none,hddm_w,learned_features_label,legitimate_withhold_rate_difference,0.0,0.0,0.0,0.0,3
SEA_A,clean,none,hddm_w,learned_features_label,macro_f1_difference,0.0,0.0,0.0,0.0,3
SEA_A,clean,none,hddm_w,learned_features_label,macro_precision_difference,0.0,0.0,0.0,0.0,3
SEA_A,clean,none,hddm_w,learned_features_label,macro_recall_difference,0.0,0.0,0.0,0.0,3
SEA_A,clean,none,hddm_w,learned_features_label,malicious_precision_difference,,,,,0
SEA_A,clean,none,hddm_w,learned_features_label,malicious_recall_difference,,,,,0
SEA_A,clean,none,hddm_w,learned_features_label,poison_admission_rate_difference,,,,,0
SEA_A,clean,none,hddm_w,learned_features_label,roc_auc_difference,0.0,0.0,0.0,0.0,3
SEA_A,clean,none,hddm_w,none,accuracy_difference,0.012671035017261967,0.010973451245891582,0.0,0.019023462270133074,3
SEA_A,clean,none,hddm_w,none,average_precision_difference,0.003899043930423988,0.0033800816163268624,0.0,0.00600036857841435,3
SEA_A,clean,none,hddm_w,none,benign_fpr_difference,,,,,0
SEA_A,clean,none,hddm_w,none,legitimate_withhold_rate_difference,0.008032128514056228,0.010625507273351788,0.0,0.02008032128514059,3
SEA_A,clean,none,hddm_w,none,macro_f1_difference,0.014867212952378065,0.012875413028215975,0.0,0.02232811262616463,3
SEA_A,clean,none,hddm_w,none,macro_precision_difference,0.008972185470892255,0.007773996982349164,0.0,0.01370311486312481,3
SEA_A,clean,none,hddm_w,none,macro_recall_difference,0.018388178262844,0.01592559299177814,0.0,0.027757445218709043,3
SEA_A,clean,none,hddm_w,none,malicious_precision_difference,,,,,0
SEA_A,clean,none,hddm_w,none,malicious_recall_difference,,,,,0
SEA_A,clean,none,hddm_w,none,poison_admission_rate_difference,,,,,0
SEA_A,clean,none,hddm_w,none,roc_auc_difference,0.003387619630224122,0.0029348768763620492,0.0,0.005162220596428346,3
SEA_A,clean,none,hellinger,learned_features,accuracy_difference,0.018154019587120485,0.006286038689033457,0.011037835552737407,0.022950750369900685,3
SEA_A,clean,none,hellinger,learned_features,average_precision_difference,0.005404101187412895,0.0005376084773066645,0.004866546600977184,0.005941763539389022,3
SEA_A,clean,none,hellinger,learned_features,benign_fpr_difference,,,,,0
SEA_A,clean,none,hellinger,learned_features,legitimate_withhold_rate_difference,0.020218417529768176,0.013415475325650085,0.0074571972098922135,0.034204185161699416,3
SEA_A,clean,none,hellinger,learned_features,macro_f1_difference,0.0210142293575409,0.00781703717337562,0.012125754452015025,0.026819470322538064,3
SEA_A,clean,none,hellinger,learned_features,macro_precision_difference,0.014559552277298845,0.001976718349040063,0.012732046384206552,0.016657611809770434,3
SEA_A,clean,none,hellinger,learned_features,macro_recall_difference,0.024720642642890384,0.011358619211169813,0.011698153751240392,0.03258440979998323,3
SEA_A,clean,none,hellinger,learned_features,malicious_precision_difference,,,,,0
SEA_A,clean,none,hellinger,learned_features,malicious_recall_difference,,,,,0
SEA_A,clean,none,hellinger,learned_features,poison_admission_rate_difference,,,,,0
SEA_A,clean,none,hellinger,learned_features,roc_auc_difference,0.004236397593088322,0.0010654176340700247,0.0030162151570586326,0.004982433108853601,3
SEA_A,clean,none,hellinger,learned_features_label,accuracy_difference,0.007376875924751743,0.012777123902801666,0.0,0.02213062777425523,3
SEA_A,clean,none,hellinger,learned_features_label,average_precision_difference,0.002267774217500388,0.003927900164805426,0.0,0.006803322652501165,3
SEA_A,clean,none,hellinger,learned_features_label,benign_fpr_difference,,,,,0
SEA_A,clean,none,hellinger,learned_features_label,legitimate_withhold_rate_difference,-0.002528006763897699,0.004378636156948594,-0.007584020291693097,0.0,3
SEA_A,clean,none,hellinger,learned_features_label,macro_f1_difference,0.008361305886920634,0.014482206613771292,0.0,0.0250839176607619,3
SEA_A,clean,none,hellinger,learned_features_label,macro_precision_difference,0.006550941722411478,0.011346563900639452,0.0,0.019652825167234433,3
SEA_A,clean,none,hellinger,learned_features_label,macro_recall_difference,0.00940335068547915,0.016287081148637517,0.0,0.02821005205643745,3
SEA_A,clean,none,hellinger,learned_features_label,malicious_precision_difference,,,,,0
SEA_A,clean,none,hellinger,learned_features_label,malicious_recall_difference,,,,,0
SEA_A,clean,none,hellinger,learned_features_label,poison_admission_rate_difference,,,,,0
SEA_A,clean,none,hellinger,learned_features_label,roc_auc_difference,0.002092933204955886,0.003625066647831561,0.0,0.006278799614867658,3
SEA_A,clean,none,hellinger,none,accuracy_difference,0.010839146057915916,0.012379338239837494,-0.0008328049038259788,0.0238216021982669,3
SEA_A,clean,none,hellinger,none,average_precision_difference,0.003904576757857455,0.0032579894837369418,0.0006335660588560055,0.007149386998111962,3
SEA_A,clean,none,hellinger,none,benign_fpr_difference,,,,,0
SEA_A,clean,none,hellinger,none,legitimate_withhold_rate_difference,0.030789825970548867,0.026740273568190347,0.0080321285140562,0.0602409638554217,3
SEA_A,clean,none,hellinger,none,macro_f1_difference,0.012432797354130462,0.014196192189730278,-0.0010144559759479588,0.027274946427544244,3
SEA_A,clean,none,hellinger,none,macro_precision_difference,0.009195431462096523,0.010386109125173213,-0.00047619932872700055,0.02017257661127514,3
SEA_A,clean,none,hellinger,none,macro_recall_difference,0.014158684238228117,0.01625031520274983,-0.0012749996090534177,0.03111802562712951,3
SEA_A,clean,none,hellinger,none,malicious_precision_difference,,,,,0
SEA_A,clean,none,hellinger,none,malicious_recall_difference,,,,,0
SEA_A,clean,none,hellinger,none,poison_admission_rate_difference,,,,,0
SEA_A,clean,none,hellinger,none,roc_auc_difference,0.002101769323247312,0.0022737446799930786,-0.000266773602585646,0.0042670699275055846,3
SEA_A,concept,moderate,adwin,learned_features,accuracy_difference,0.015190540175124223,0.003002533839325931,0.0131251493191048,0.018634838786744545,3
SEA_A,concept,moderate,adwin,learned_features,average_precision_difference,0.004084336829716502,0.002936044751580075,0.0006941197385379461,0.005792855792581597,3
SEA_A,concept,moderate,adwin,learned_features,benign_fpr_difference,,,,,0
SEA_A,concept,moderate,adwin,learned_features,legitimate_withhold_rate_difference,0.2047156935295229,0.005756809730595774,0.1984500676913276,0.2097713449535623,3
SEA_A,concept,moderate,adwin,learned_features,macro_f1_difference,0.01790703232098989,0.0034302760666402496,0.015525527265712102,0.021838791807235358,3
SEA_A,concept,moderate,adwin,learned_features,macro_precision_difference,0.01092573103882366,0.002676431064381536,0.008976966993481827,0.01397737622827766,3
SEA_A,concept,moderate,adwin,learned_features,macro_recall_difference,0.021754177063391406,0.003810319064825393,0.01931870977572958,0.026145222178512006,3
SEA_A,concept,moderate,adwin,learned_features,malicious_precision_difference,,,,,0
SEA_A,concept,moderate,adwin,learned_features,malicious_recall_difference,,,,,0
SEA_A,concept,moderate,adwin,learned_features,poison_admission_rate_difference,-0.2567462136037088,0.0188572405397714,-0.2736685560356923,-0.23641822875743634,3
SEA_A,concept,moderate,adwin,learned_features,roc_auc_difference,0.002389676315344517,0.0012636051985633672,0.0009681946953902232,0.003385444494069745,3
SEA_A,concept,moderate,adwin,learned_features_label,accuracy_difference,0.017435988938092284,0.00926506513945434,0.006813860656798565,0.02385123835310987,3
SEA_A,concept,moderate,adwin,learned_features_label,average_precision_difference,0.0037969755312616074,0.0027243835260222058,0.0007099892166511079,0.005865018225709728,3
SEA_A,concept,moderate,adwin,learned_features_label,benign_fpr_difference,,,,,0
SEA_A,concept,moderate,adwin,learned_features_label,legitimate_withhold_rate_difference,0.04781475707949797,0.03147242217237057,0.017878296186428,0.0806259017861585,3
SEA_A,concept,moderate,adwin,learned_features_label,macro_f1_difference,0.020013715111786585,0.010953742535095944,0.007418212929555024,0.02731120072177229,3
SEA_A,concept,moderate,adwin,learned_features_label,macro_precision_difference,0.014529576403334632,0.005935909750842219,0.00802837053561345,0.019660542671573578,3
SEA_A,concept,moderate,adwin,learned_features_label,macro_recall_difference,0.02321835484621741,0.014017957358939985,0.007036319735472363,0.031640179404267665,3
SEA_A,concept,moderate,adwin,learned_features_label,malicious_precision_difference,,,,,0
SEA_A,concept,moderate,adwin,learned_features_label,malicious_recall_difference,,,,,0
SEA_A,concept,moderate,adwin,learned_features_label,poison_admission_rate_difference,-0.05182832837281389,0.03310315917722952,-0.07550928783882371,-0.014002693905039831,3
SEA_A,concept,moderate,adwin,learned_features_label,roc_auc_difference,0.003589762551819605,0.0019264410058568702,0.0018547036089984203,0.0056628428507563555,3
SEA_A,concept,moderate,adwin,none,accuracy_difference,0.013922939758270303,0.0011194083472052113,0.012657156793453916,0.014782591383292187,3
SEA_A,concept,moderate,adwin,none,average_precision_difference,0.0032390757819543334,0.001856683088032502,0.0017832495104551649,0.005329963418490902,3
SEA_A,concept,moderate,adwin,none,benign_fpr_difference,,,,,0
SEA_A,concept,moderate,adwin,none,legitimate_withhold_rate_difference,0.1738302484829269,0.0404241891872031,0.1277823126542965,0.2034728095925171,3
SEA_A,concept,moderate,adwin,none,macro_f1_difference,0.01650792572402789,0.0012552014646800527,0.015106102249472508,0.017527740152692872,3
SEA_A,concept,moderate,adwin,none,macro_precision_difference,0.009485710737356526,0.0012134278161157444,0.008087660629099602,0.010265352080319978,3
SEA_A,concept,moderate,adwin,none,macro_recall_difference,0.020436494739097883,0.0012091542162256331,0.019141560167303395,0.021536081765434312,3
SEA_A,concept,moderate,adwin,none,malicious_precision_difference,,,,,0
SEA_A,concept,moderate,adwin,none,malicious_recall_difference,,,,,0
SEA_A,concept,moderate,adwin,none,poison_admission_rate_difference,-0.18404546612191008,0.06843792473850749,-0.2337243237175889,-0.10598237836017743,3
SEA_A,concept,moderate,adwin,none,roc_auc_difference,0.0017896333152792228,0.0016042530365528221,0.00011665313802156074,0.0033149490713785257,3
SEA_A,concept,moderate,d3_oof,learned_features,accuracy_difference,0.00469034963642027,0.007772636975025364,-0.0005721677695407212,0.013617902365214651,3
SEA_A,concept,moderate,d3_oof,learned_features,average_precision_difference,0.0036851218181125724,0.0009930090948011383,0.0025547394617599917,0.004416877874618197,3
SEA_A,concept,moderate,d3_oof,learned_features,benign_fpr_difference,,,,,0
SEA_A,concept,moderate,d3_oof,learned_features,legitimate_withhold_rate_difference,0.0194951050095924,0.007391012720595126,0.011781160098350604,0.026514095723500886,3
SEA_A,concept,moderate,d3_oof,learned_features,macro_f1_difference,0.00555365987228303,0.00931365371434068,-0.0007037045747924076,0.016257181245466712,3
SEA_A,concept,moderate,d3_oof,learned_features,macro_precision_difference,0.0031873462960928154,0.004765179580978036,-0.0003180776979380129,0.00861305957346803,3
SEA_A,concept,moderate,d3_oof,learned_features,macro_recall_difference,0.00698788955608635,0.01202040408153535,-0.000879441810750059,0.020824531416224645,3
SEA_A,concept,moderate,d3_oof,learned_features,malicious_precision_difference,,,,,0
SEA_A,concept,moderate,d3_oof,learned_features,malicious_recall_difference,,,,,0
SEA_A,concept,moderate,d3_oof,learned_features,poison_admission_rate_difference,-0.041659788135527474,0.009827068546605647,-0.05283685953196027,-0.034375350768885427,3
SEA_A,concept,moderate,d3_oof,learned_features,roc_auc_difference,0.002369619043560367,0.0009444379612732829,0.0016039867073980307,0.003424981423482021,3
SEA_A,concept,moderate,d3_oof,learned_features_label,accuracy_difference,0.0046504667267782684,0.009707119385048495,-0.001856515723145269,0.015807915903480074,3
SEA_A,concept,moderate,d3_oof,learned_features_label,average_precision_difference,-0.0002569366857721282,0.00023097497963394154,-0.0004473493249672611,0.0,3
SEA_A,concept,moderate,d3_oof,learned_features_label,benign_fpr_difference,,,,,0
SEA_A,concept,moderate,d3_oof,learned_features_label,legitimate_withhold_rate_difference,0.009957934476177668,0.01971976929124648,-0.0027972167195914888,0.032671020148124494,3
SEA_A,concept,moderate,d3_oof,learned_features_label,macro_f1_difference,0.005396043545048486,0.011285371795674192,-0.002178307928739631,0.01836643856388509,3
SEA_A,concept,moderate,d3_oof,learned_features_label,macro_precision_difference,0.0035268178634647596,0.007410725274613308,-0.001461811113038558,0.012042264703432837,3
SEA_A,concept,moderate,d3_oof,learned_features_label,macro_recall_difference,0.006436842054188707,0.01339116963740573,-0.002520480121283586,0.021831006283849708,3
SEA_A,concept,moderate,d3_oof,learned_features_label,malicious_precision_difference,,,,,0
SEA_A,concept,moderate,d3_oof,learned_features_label,malicious_recall_difference,,,,,0
SEA_A,concept,moderate,d3_oof,learned_features_label,poison_admission_rate_difference,-0.016817398822492263,0.022796350887934615,-0.04276334249957914,0.0,3
SEA_A,concept,moderate,d3_oof,learned_features_label,roc_auc_difference,-0.0004446937800192859,0.0004082120376379741,-0.0008024018505116137,0.0,3
SEA_A,concept,moderate,d3_oof,none,accuracy_difference,-0.00046952562979481655,0.0008132422462603978,-0.0014085768893844497,0.0,3
SEA_A,concept,moderate,d3_oof,none,average_precision_difference,-0.0005018939108179706,0.000869305753546168,-0.0015056817324539118,0.0,3
SEA_A,concept,moderate,d3_oof,none,benign_fpr_difference,,,,,0
SEA_A,concept,moderate,d3_oof,none,legitimate_withhold_rate_difference,-0.004391640784688469,0.007606544967672081,-0.013174922354065408,0.0,3
SEA_A,concept,moderate,d3_oof,none,macro_f1_difference,-0.0005581872556517098,0.0009668086869261993,-0.0016745617669551294,0.0,3
SEA_A,concept,moderate,d3_oof,none,macro_precision_difference,-0.00034381847684239464,0.000595511070471971,-0.001031455430527184,0.0,3
SEA_A,concept,moderate,d3_oof,none,macro_recall_difference,-0.0006530715833729847,0.0011311531633814635,-0.001959214750118954,0.0,3
SEA_A,concept,moderate,d3_oof,none,malicious_precision_difference,,,,,0
SEA_A,concept,moderate,d3_oof,none,malicious_recall_difference,,,,,0
SEA_A,concept,moderate,d3_oof,none,poison_admission_rate_difference,0.0018987223375797058,0.003288683558153996,0.0,0.005696167012739117,3
SEA_A,concept,moderate,d3_oof,none,roc_auc_difference,-0.00020474942363002402,0.0003546364045476453,-0.0006142482708900721,0.0,3
SEA_A,concept,moderate,hddm_w,learned_features,accuracy_difference,0.014077847037276103,0.004150344348097051,0.009483058858649529,0.01755477467971378,3
SEA_A,concept,moderate,hddm_w,learned_features,average_precision_difference,0.0028020251762979433,0.0011044309616145126,0.0017269517831645098,0.003933641537981369,3
SEA_A,concept,moderate,hddm_w,learned_features,benign_fpr_difference,,,,,0
SEA_A,concept,moderate,hddm_w,learned_features,legitimate_withhold_rate_difference,0.19124870777422176,0.03816603071055681,0.1575963605956837,0.2327180456739141,3
SEA_A,concept,moderate,hddm_w,learned_features,macro_f1_difference,0.016838736347198235,0.004747405957993752,0.011634098906129986,0.02093158355128022,3
SEA_A,concept,moderate,hddm_w,learned_features,macro_precision_difference,0.008987527879792548,0.0034892027172275892,0.005014220942602954,0.011552246733157245,3
SEA_A,concept,moderate,hddm_w,learned_features,macro_recall_difference,0.021300589022884713,0.005662360369547683,0.015152043213824351,0.0263007028554354,3
SEA_A,concept,moderate,hddm_w,learned_features,malicious_precision_difference,,,,,0
SEA_A,concept,moderate,hddm_w,learned_features,malicious_recall_difference,,,,,0
SEA_A,concept,moderate,hddm_w,learned_features,poison_admission_rate_difference,-0.22208243488339238,0.03340123022728775,-0.2603487064116985,-0.19877658678938215,3
SEA_A,concept,moderate,hddm_w,learned_features,roc_auc_difference,0.0018681722936568779,0.0011250603056949299,0.0005705679137028019,0.002571084060358997,3
SEA_A,concept,moderate,hddm_w,learned_features_label,accuracy_difference,0.0,0.0,0.0,0.0,3
SEA_A,concept,moderate,hddm_w,learned_features_label,average_precision_difference,0.0,0.0,0.0,0.0,3
SEA_A,concept,moderate,hddm_w,learned_features_label,benign_fpr_difference,,,,,0
SEA_A,concept,moderate,hddm_w,learned_features_label,legitimate_withhold_rate_difference,0.0,0.0,0.0,0.0,3
SEA_A,concept,moderate,hddm_w,learned_features_label,macro_f1_difference,0.0,0.0,0.0,0.0,3
SEA_A,concept,moderate,hddm_w,learned_features_label,macro_precision_difference,0.0,0.0,0.0,0.0,3
SEA_A,concept,moderate,hddm_w,learned_features_label,macro_recall_difference,0.0,0.0,0.0,0.0,3
SEA_A,concept,moderate,hddm_w,learned_features_label,malicious_precision_difference,,,,,0
SEA_A,concept,moderate,hddm_w,learned_features_label,malicious_recall_difference,,,,,0
SEA_A,concept,moderate,hddm_w,learned_features_label,poison_admission_rate_difference,0.0,0.0,0.0,0.0,3
SEA_A,concept,moderate,hddm_w,learned_features_label,roc_auc_difference,0.0,0.0,0.0,0.0,3
SEA_A,concept,moderate,hddm_w,none,accuracy_difference,0.014953128789949588,0.0017664966856940523,0.013080223379157152,0.01658935255236116,3
SEA_A,concept,moderate,hddm_w,none,average_precision_difference,0.003061619751788869,0.001868122578352592,0.0019269937811717819,0.005217753022042082,3
SEA_A,concept,moderate,hddm_w,none,benign_fpr_difference,,,,,0
SEA_A,concept,moderate,hddm_w,none,legitimate_withhold_rate_difference,0.15808346070352847,0.04546912802492993,0.1162299912399459,0.2064630081098562,3
SEA_A,concept,moderate,hddm_w,none,macro_f1_difference,0.01771855924590308,0.0018579736439582784,0.015810260551359256,0.019521745183049277,3
SEA_A,concept,moderate,hddm_w,none,macro_precision_difference,0.010200325327871814,0.002422857686031262,0.007432956003785018,0.011939663803107625,3
SEA_A,concept,moderate,hddm_w,none,macro_recall_difference,0.0219934594832563,0.0014609739005819642,0.020810951369195196,0.0236266831455616,3
SEA_A,concept,moderate,hddm_w,none,malicious_precision_difference,,,,,0
SEA_A,concept,moderate,hddm_w,none,malicious_recall_difference,,,,,0
SEA_A,concept,moderate,hddm_w,none,poison_admission_rate_difference,-0.16619624606050712,0.06758835094714624,-0.22224409448818894,-0.09113867220382743,3
SEA_A,concept,moderate,hddm_w,none,roc_auc_difference,0.0019156385035294932,0.0015037793232547283,0.0003664927107139837,0.003369521886754545,3
SEA_A,concept,moderate,hellinger,learned_features,accuracy_difference,0.010517193414126528,0.0024295688714090625,0.007784502667834592,0.012433180365728602,3
SEA_A,concept,moderate,hellinger,learned_features,average_precision_difference,0.004831817440264767,0.0032592420452280516,0.0011898786253488058,0.007474291540763955,3
SEA_A,concept,moderate,hellinger,learned_features,benign_fpr_difference,,,,,0
SEA_A,concept,moderate,hellinger,learned_features,legitimate_withhold_rate_difference,0.09402005963282152,0.026204931995386385,0.07074739189296811,0.1224040997064531,3
SEA_A,concept,moderate,hellinger,learned_features,macro_f1_difference,0.011911195779653308,0.003280388851433994,0.008156370912512645,0.014220949142860206,3
SEA_A,concept,moderate,hellinger,learned_features,macro_precision_difference,0.010219954627459763,0.0015161331572274513,0.00849699892197231,0.011350184183715584,3
SEA_A,concept,moderate,hellinger,learned_features,macro_recall_difference,0.012705745444874092,0.00515374599083466,0.006756464279333296,0.015805437809121248,3
SEA_A,concept,moderate,hellinger,learned_features,malicious_precision_difference,,,,,0
SEA_A,concept,moderate,hellinger,learned_features,malicious_recall_difference,,,,,0
SEA_A,concept,moderate,hellinger,learned_features,poison_admission_rate_difference,-0.11130051109311408,0.04785678109066091,-0.1451068616422947,-0.05654077108704192,3
SEA_A,concept,moderate,hellinger,learned_features,roc_auc_difference,0.003440783057114668,0.001824739772877948,0.0013800949249811456,0.004851716869871625,3
SEA_A,concept,moderate,hellinger,learned_features_label,accuracy_difference,0.008106539297145813,0.014040937936210245,0.0,0.02431961789143744,3
SEA_A,concept,moderate,hellinger,learned_features_label,average_precision_difference,0.002501810523629522,0.004333262937836829,0.0,0.0075054315708885655,3
SEA_A,concept,moderate,hellinger,learned_features_label,benign_fpr_difference,,,,,0
SEA_A,concept,moderate,hellinger,learned_features_label,legitimate_withhold_rate_difference,-0.005716702323498704,0.009901618876046807,-0.017150106970496112,0.0,3
SEA_A,concept,moderate,hellinger,learned_features_label,macro_f1_difference,0.009300469669402678,0.016108886001658756,0.0,0.027901409008208033,3
SEA_A,concept,moderate,hellinger,learned_features_label,macro_precision_difference,0.006837181816411871,0.011842346286611426,0.0,0.020511545449235613,3
SEA_A,concept,moderate,hellinger,learned_features_label,macro_recall_difference,0.010695639865460738,0.018525391666437147,0.0,0.03208691959638221,3
SEA_A,concept,moderate,hellinger,learned_features_label,malicious_precision_difference,,,,,0
SEA_A,concept,moderate,hellinger,learned_features_label,malicious_recall_difference,,,,,0
SEA_A,concept,moderate,hellinger,learned_features_label,poison_admission_rate_difference,0.00351518560179979,0.006088480060351816,0.0,0.01054555680539937,3
SEA_A,concept,moderate,hellinger,learned_features_label,roc_auc_difference,0.002304880857392518,0.0039921707503967575,0.0,0.006914642572177554,3
SEA_A,concept,moderate,hellinger,none,accuracy_difference,0.00916947640070583,0.009859898745539185,0.0027961590128864344,0.02052639961774294,3
SEA_A,concept,moderate,hellinger,none,average_precision_difference,-0.0010738994857339978,0.0067833264975956185,-0.007823767185056396,0.0057423978879124205,3
SEA_A,concept,moderate,hellinger,none,benign_fpr_difference,,,,,0
SEA_A,concept,moderate,hellinger,none,legitimate_withhold_rate_difference,0.011386230463215125,0.020451591312153506,-0.0119309418379024,0.02628513976268218,3
SEA_A,concept,moderate,hellinger,none,macro_f1_difference,0.010887913616954478,0.01133592091957191,0.003632102348280264,0.023950754609831315,3
SEA_A,concept,moderate,hellinger,none,macro_precision_difference,0.00615470772056385,0.00812803372660864,0.0005723158940579287,0.01547986172844884,3
SEA_A,concept,moderate,hellinger,none,macro_recall_difference,0.013448952008306573,0.013171167705138286,0.005241460417137356,0.02864131674641701,3
SEA_A,concept,moderate,hellinger,none,malicious_precision_difference,,,,,0
SEA_A,concept,moderate,hellinger,none,malicious_recall_difference,,,,,0
SEA_A,concept,moderate,hellinger,none,poison_admission_rate_difference,-0.03355131354782037,0.040933032013817046,-0.06507099163813912,0.012710911136108005,3
SEA_A,concept,moderate,hellinger,none,roc_auc_difference,-0.0002549511713390018,0.00504469415085933,-0.004297357245534816,0.00539849000830861,3
SEA_A,concept,severe,adwin,learned_features,accuracy_difference,0.010695690981980052,0.005287459576352848,0.006316859070253256,0.01656975103031666,3
SEA_A,concept,severe,adwin,learned_features,average_precision_difference,0.004558817006384386,0.00414933004919645,0.002151229367269747,0.009350030675520427,3
SEA_A,concept,severe,adwin,learned_features,benign_fpr_difference,,,,,0
SEA_A,concept,severe,adwin,learned_features,legitimate_withhold_rate_difference,0.11828537314043668,0.04180938269386365,0.08677242703099422,0.16571557587559618,3
SEA_A,concept,severe,adwin,learned_features,macro_f1_difference,0.013148343135603239,0.006018091374693634,0.008150503662057496,0.019828605269461397,3
SEA_A,concept,severe,adwin,learned_features,macro_precision_difference,0.005272980433879915,0.004634850891915054,0.0015594556558987671,0.010467278303247562,3
SEA_A,concept,severe,adwin,learned_features,macro_recall_difference,0.01742007494627969,0.006733752779909768,0.011735263794469986,0.024856565646247608,3
SEA_A,concept,severe,adwin,learned_features,malicious_precision_difference,,,,,0
SEA_A,concept,severe,adwin,learned_features,malicious_recall_difference,,,,,0
SEA_A,concept,severe,adwin,learned_features,poison_admission_rate_difference,-0.1641129299584938,0.04961908486129263,-0.22140271112233723,-0.134786634121707,3
SEA_A,concept,severe,adwin,learned_features,roc_auc_difference,0.00220405338227625,0.0032160432542868104,-7.16919616832179e-05,0.0058833177124875125,3
SEA_A,concept,severe,adwin,learned_features_label,accuracy_difference,0.019831039255767718,0.005099029011478815,0.013988540461204013,0.023383955287077263,3
SEA_A,concept,severe,adwin,learned_features_label,average_precision_difference,0.005055805502685695,0.003196625902128653,0.0013675396156302977,0.007026185101406401,3
SEA_A,concept,severe,adwin,learned_features_label,benign_fpr_difference,,,,,0
SEA_A,concept,severe,adwin,learned_features_label,legitimate_withhold_rate_difference,0.05751891495753363,0.0616197050548453,-0.005476203918026293,0.1176643242175373,3
SEA_A,concept,severe,adwin,learned_features_label,macro_f1_difference,0.02273586332361462,0.005790782072637504,0.01610221903401232,0.026780167146569944,3
SEA_A,concept,severe,adwin,learned_features_label,macro_precision_difference,0.016763313546906262,0.0041349870844524335,0.011998729274634412,0.01941425177533318,3
SEA_A,concept,severe,adwin,learned_features_label,macro_recall_difference,0.026016003141923354,0.006810883003179925,0.01823443052824103,0.030893436815606967,3
SEA_A,concept,severe,adwin,learned_features_label,malicious_precision_difference,,,,,0
SEA_A,concept,severe,adwin,learned_features_label,malicious_recall_difference,,,,,0
SEA_A,concept,severe,adwin,learned_features_label,poison_admission_rate_difference,-0.03265401116183251,0.03947035620350038,-0.06269259914119724,0.012049814877145737,3
SEA_A,concept,severe,adwin,learned_features_label,roc_auc_difference,0.0035127868057854097,0.0020107932052039514,0.0012275889044239818,0.005011324273354045,3
SEA_A,concept,severe,adwin,none,accuracy_difference,0.013757272358202566,0.004834002338454723,0.008286061016566593,0.0174504601140405,3
SEA_A,concept,severe,adwin,none,average_precision_difference,0.0029222447072818256,0.003212481552767527,-0.0004061795353595965,0.006004635862652652,3
SEA_A,concept,severe,adwin,none,benign_fpr_difference,,,,,0
SEA_A,concept,severe,adwin,none,legitimate_withhold_rate_difference,0.11837038847456727,0.12152932946251581,-0.005256026647095374,0.23768803093161742,3
SEA_A,concept,severe,adwin,none,macro_f1_difference,0.016816605736297063,0.005483694893865539,0.010523783985333601,0.02057228297139324,3
SEA_A,concept,severe,adwin,none,macro_precision_difference,0.006867147511978922,0.004408864578843796,0.0024357260668902425,0.01125310357931486,3
SEA_A,concept,severe,adwin,none,macro_recall_difference,0.022534581377788594,0.0062049161859506095,0.01536979700597585,0.026136558091842232,3
SEA_A,concept,severe,adwin,none,malicious_precision_difference,,,,,0
SEA_A,concept,severe,adwin,none,malicious_recall_difference,,,,,0
SEA_A,concept,severe,adwin,none,poison_admission_rate_difference,-0.15342692887737844,0.095918139873128,-0.2347394123095058,-0.04764389094580945,3
SEA_A,concept,severe,adwin,none,roc_auc_difference,0.0024242395526753815,0.0035369054192409227,-0.0011405171536692515,0.005932619691212948,3
SEA_A,concept,severe,d3_oof,learned_features,accuracy_difference,0.01506254463903652,0.0054971852253584115,0.008716761700445885,0.018367058956340165,3
SEA_A,concept,severe,d3_oof,learned_features,average_precision_difference,0.004856482075390541,0.0011669315822102858,0.0035598913707481916,0.0058223757999306125,3
SEA_A,concept,severe,d3_oof,learned_features,benign_fpr_difference,,,,,0
SEA_A,concept,severe,d3_oof,learned_features,legitimate_withhold_rate_difference,0.029359149807885027,0.010652011562998788,0.0188505617343194,0.040149013631360586,3
SEA_A,concept,severe,d3_oof,learned_features,macro_f1_difference,0.017907453602443207,0.006291933013462896,0.010642821207429876,0.02162496469355535,3
SEA_A,concept,severe,d3_oof,learned_features,macro_precision_difference,0.010022777083929735,0.0046674565735569514,0.004784331694595356,0.013739345801171865,3
SEA_A,concept,severe,d3_oof,learned_features,macro_recall_difference,0.022255755186873727,0.007612713913193019,0.01353656434144579,0.027582406127578674,3
SEA_A,concept,severe,d3_oof,learned_features,malicious_precision_difference,,,,,0
SEA_A,concept,severe,d3_oof,learned_features,malicious_recall_difference,,,,,0
SEA_A,concept,severe,d3_oof,learned_features,poison_admission_rate_difference,-0.07446549137174359,0.015335713546051207,-0.09216132019870338,-0.06504543924604511,3
SEA_A,concept,severe,d3_oof,learned_features,roc_auc_difference,0.004643704326619276,0.0025042193034994728,0.0025813280961783924,0.007430189434688428,3
SEA_A,concept,severe,d3_oof,learned_features_label,accuracy_difference,0.007248299415732869,0.012554422856521138,0.0,0.021744898247198607,3
SEA_A,concept,severe,d3_oof,learned_features_label,average_precision_difference,0.0005077822055330102,0.0008795045791625559,0.0,0.0015233466165990306,3
SEA_A,concept,severe,d3_oof,learned_features_label,benign_fpr_difference,,,,,0
SEA_A,concept,severe,d3_oof,learned_features_label,legitimate_withhold_rate_difference,0.009146932362377366,0.015842951585033613,0.0,0.027440797087132096,3
SEA_A,concept,severe,d3_oof,learned_features_label,macro_f1_difference,0.00848825587846432,0.014702090449145395,0.0,0.02546476763539296,3
SEA_A,concept,severe,d3_oof,learned_features_label,macro_precision_difference,0.005259164416485403,0.009109139974711047,0.0,0.01577749324945621,3
SEA_A,concept,severe,d3_oof,learned_features_label,macro_recall_difference,0.010459976036827098,0.01811720994173748,0.0,0.03137992811048129,3
SEA_A,concept,severe,d3_oof,learned_features_label,malicious_precision_difference,,,,,0
SEA_A,concept,severe,d3_oof,learned_features_label,malicious_recall_difference,,,,,0
SEA_A,concept,severe,d3_oof,learned_features_label,poison_admission_rate_difference,-0.0056504783547961885,0.0097869155975752,-0.016951435064388565,0.0,3
SEA_A,concept,severe,d3_oof,learned_features_label,roc_auc_difference,0.000540276460225179,0.0009357862792434756,0.0,0.001620829380675537,3
SEA_A,concept,severe,d3_oof,none,accuracy_difference,0.009594526311526427,0.003284552711885757,0.005837520465195034,0.011922436422140081,3
SEA_A,concept,severe,d3_oof,none,average_precision_difference,0.00036316074414088906,0.0029460980587637433,-0.0030258572543852003,0.002313426514773065,3
SEA_A,concept,severe,d3_oof,none,benign_fpr_difference,,,,,0
SEA_A,concept,severe,d3_oof,none,legitimate_withhold_rate_difference,0.045653907429407975,0.0846353722171869,-0.03908662395212961,0.13018372703412082,3
SEA_A,concept,severe,d3_oof,none,macro_f1_difference,0.011312624334103996,0.004439581260072246,0.006233070660851658,0.014451135356488898,3
SEA_A,concept,severe,d3_oof,none,macro_precision_difference,0.0071235438459279115,0.0005713775426131517,0.0064828746832356066,0.007580368588765651,3
SEA_A,concept,severe,d3_oof,none,macro_recall_difference,0.013506166981690085,0.006935578603376223,0.0055074668446361,0.017848806507861026,3
SEA_A,concept,severe,d3_oof,none,malicious_precision_difference,,,,,0
SEA_A,concept,severe,d3_oof,none,malicious_recall_difference,,,,,0
SEA_A,concept,severe,d3_oof,none,poison_admission_rate_difference,-0.07708870568355881,0.0915980797062169,-0.17152479582386126,0.011379513508963934,3
SEA_A,concept,severe,d3_oof,none,roc_auc_difference,0.00032562373522678395,0.002275981945668765,-0.0022845389669996496,0.001896000804246789,3
SEA_A,concept,severe,hddm_w,learned_features,accuracy_difference,0.013216912165974834,0.004113928447031674,0.008473284597363628,0.015807598938632705,3
SEA_A,concept,severe,hddm_w,learned_features,average_precision_difference,0.004001490088818005,0.00014883025108708596,0.003862268825620019,0.004158356227657589,3
SEA_A,concept,severe,hddm_w,learned_features,benign_fpr_difference,,,,,0
SEA_A,concept,severe,hddm_w,learned_features,legitimate_withhold_rate_difference,0.09536500591231416,0.021786157021113587,0.07076688588444499,0.1122287133463156,3
SEA_A,concept,severe,hddm_w,learned_features,macro_f1_difference,0.016114161771699775,0.004177684940422265,0.011298179453290924,0.018762542600006205,3
SEA_A,concept,severe,hddm_w,learned_features,macro_precision_difference,0.00714181987031796,0.005652017581951512,0.0006287492250077742,0.010759237200820615,3
SEA_A,concept,severe,hddm_w,learned_features,macro_recall_difference,0.021156821484564586,0.002973449507366859,0.017723576987406786,0.022905477151818232,3
SEA_A,concept,severe,hddm_w,learned_features,malicious_precision_difference,,,,,0
SEA_A,concept,severe,hddm_w,learned_features,malicious_recall_difference,,,,,0
SEA_A,concept,severe,hddm_w,learned_features,poison_admission_rate_difference,-0.13590479746841386,0.027325851301001472,-0.16316055200269275,-0.10850938473192495,3
SEA_A,concept,severe,hddm_w,learned_features,roc_auc_difference,0.0027110813953750146,0.0010931429202907254,0.0017075249517684021,0.0038758960359016603,3
SEA_A,concept,severe,hddm_w,learned_features_label,accuracy_difference,0.00215055138997459,0.0035455022484077886,0.0,0.006242768041091695,3
SEA_A,concept,severe,hddm_w,learned_features_label,average_precision_difference,-0.0002268000411569752,0.0005736631464796672,-0.0008791905177060189,0.00019879039423509326,3
SEA_A,concept,severe,hddm_w,learned_features_label,benign_fpr_difference,,,,,0
SEA_A,concept,severe,hddm_w,learned_features_label,legitimate_withhold_rate_difference,0.007563319364789832,0.016515763600359407,-0.003816406029469796,0.02650636412383929,3
SEA_A,concept,severe,hddm_w,learned_features_label,macro_f1_difference,0.0026324358146639915,0.004282814846810766,0.0,0.007574286669953967,3
SEA_A,concept,severe,hddm_w,learned_features_label,macro_precision_difference,0.0011437831603857325,0.0021639503078761005,-0.00020825379148037282,0.0036396032726375704,3
SEA_A,concept,severe,hddm_w,learned_features_label,macro_recall_difference,0.0034153208153118917,0.005417086190934398,0.0,0.009661319090115361,3
SEA_A,concept,severe,hddm_w,learned_features_label,malicious_precision_difference,,,,,0
SEA_A,concept,severe,hddm_w,learned_features_label,malicious_recall_difference,,,,,0
SEA_A,concept,severe,hddm_w,learned_features_label,poison_admission_rate_difference,-0.007621395511026437,0.008543078649212662,-0.01685610844489349,0.0,3
SEA_A,concept,severe,hddm_w,learned_features_label,roc_auc_difference,0.0001863311695907329,0.00020936238507087917,0.0,0.00041288764504876507,3
SEA_A,concept,severe,hddm_w,none,accuracy_difference,0.016180722059687052,0.002654060030860983,0.013117715124319251,0.017798978238166452,3
SEA_A,concept,severe,hddm_w,none,average_precision_difference,0.005183472946852989,0.0030192766626692914,0.0017763988747964143,0.007527257018313138,3
SEA_A,concept,severe,hddm_w,none,benign_fpr_difference,,,,,0
SEA_A,concept,severe,hddm_w,none,legitimate_withhold_rate_difference,0.14397105279208944,0.05972661219288001,0.09960481002653424,0.2118815793187143,3
SEA_A,concept,severe,hddm_w,none,macro_f1_difference,0.019586727207139127,0.0030059084836746995,0.01619022543960902,0.021904104588157502,3
SEA_A,concept,severe,hddm_w,none,macro_precision_difference,0.008904872400560815,0.0030699039595719667,0.005798688473640401,0.011937162248045197,3
SEA_A,concept,severe,hddm_w,none,macro_recall_difference,0.02587181172694571,0.0030830735382971065,0.02283032659799278,0.028994855324410818,3
SEA_A,concept,severe,hddm_w,none,malicious_precision_difference,,,,,0
SEA_A,concept,severe,hddm_w,none,malicious_recall_difference,,,,,0
SEA_A,concept,severe,hddm_w,none,poison_admission_rate_difference,-0.17303669074347272,0.02479991001723784,-0.19974741096236426,-0.15074049141703127,3
SEA_A,concept,severe,hddm_w,none,roc_auc_difference,0.004782351532251187,0.0013705074194381793,0.003205882434229368,0.005690375371149803,3
SEA_A,concept,severe,hellinger,learned_features,accuracy_difference,0.007882666340200331,0.00606334366758309,0.003883823986000068,0.014859143002314723,3
SEA_A,concept,severe,hellinger,learned_features,average_precision_difference,-0.0010665931633026353,0.002662757099208636,-0.003957138120283754,0.0012863344028392065,3
SEA_A,concept,severe,hellinger,learned_features,benign_fpr_difference,,,,,0
SEA_A,concept,severe,hellinger,learned_features,legitimate_withhold_rate_difference,0.0686248478785183,0.029775309874806113,0.04631626489019361,0.10243558264894312,3
SEA_A,concept,severe,hellinger,learned_features,macro_f1_difference,0.00971573679119094,0.0067379887034821825,0.005584635882957878,0.017491015411582156,3
SEA_A,concept,severe,hellinger,learned_features,macro_precision_difference,0.003885673082453134,0.006344838188693908,-0.0015012502221235513,0.010879456190593939,3
SEA_A,concept,severe,hellinger,learned_features,macro_recall_difference,0.012749900427944475,0.006999790051507473,0.00796946478726357,0.02078437524802934,3
SEA_A,concept,severe,hellinger,learned_features,malicious_precision_difference,,,,,0
SEA_A,concept,severe,hellinger,learned_features,malicious_recall_difference,,,,,0
SEA_A,concept,severe,hellinger,learned_features,poison_admission_rate_difference,-0.09874605386704087,0.01740617330864774,-0.11880104403468883,-0.08756838649945298,3
SEA_A,concept,severe,hellinger,learned_features,roc_auc_difference,-0.0017761145478170093,0.0034571643842296767,-0.005525710535566608,0.0012850151981723679,3
SEA_A,concept,severe,hellinger,learned_features_label,accuracy_difference,0.019479122830522815,0.002981365936982223,0.01713430813526806,0.022834401196759835,3
SEA_A,concept,severe,hellinger,learned_features_label,average_precision_difference,0.0037356827753238786,0.0026965075028195684,0.0013120546252712861,0.006640326627813553,3
SEA_A,concept,severe,hellinger,learned_features_label,benign_fpr_difference,,,,,0
SEA_A,concept,severe,hellinger,learned_features_label,legitimate_withhold_rate_difference,0.02040570700717977,0.032981595313034295,-0.014221193473719793,0.051449377628496495,3
SEA_A,concept,severe,hellinger,learned_features_label,macro_f1_difference,0.022438664128609658,0.0036401919790669925,0.019555895027401404,0.026529242778615125,3
SEA_A,concept,severe,hellinger,learned_features_label,macro_precision_difference,0.01601737243325896,0.0013574495989977186,0.01497120914641159,0.01755130826832385,3
SEA_A,concept,severe,hellinger,learned_features_label,macro_recall_difference,0.026050769766691444,0.005207511534240146,0.021909039112761652,0.03189691346378587,3
SEA_A,concept,severe,hellinger,learned_features_label,malicious_precision_difference,,,,,0
SEA_A,concept,severe,hellinger,learned_features_label,malicious_recall_difference,,,,,0
SEA_A,concept,severe,hellinger,learned_features_label,poison_admission_rate_difference,-0.0033096182587668554,0.02675782709090157,-0.0205439083943757,0.027515987882867687,3
SEA_A,concept,severe,hellinger,learned_features_label,roc_auc_difference,0.0028651804416439663,0.0018279002042722555,0.001420645950521715,0.004920192687100866,3
SEA_A,concept,severe,hellinger,none,accuracy_difference,0.012417212654360577,0.006381125966108804,0.008315926155930686,0.019769115696181006,3
SEA_A,concept,severe,hellinger,none,average_precision_difference,0.0037764645691583665,0.004472880406920216,0.0006710239290472764,0.008903235526469988,3
SEA_A,concept,severe,hellinger,none,benign_fpr_difference,,,,,0
SEA_A,concept,severe,hellinger,none,legitimate_withhold_rate_difference,0.08976934712309377,0.056352547657556575,0.03520578106475472,0.1477549177320577,3
SEA_A,concept,severe,hellinger,none,macro_f1_difference,0.015185777115504395,0.007712740216720845,0.010122558551773242,0.024062402156415752,3
SEA_A,concept,severe,hellinger,none,macro_precision_difference,0.006313041813397795,0.004087934148844885,0.003850437202345236,0.011031877559983694,3
SEA_A,concept,severe,hellinger,none,macro_recall_difference,0.020165396917550555,0.009651340424986807,0.013459982241689983,0.031226958419203865,3
SEA_A,concept,severe,hellinger,none,malicious_precision_difference,,,,,0
SEA_A,concept,severe,hellinger,none,malicious_recall_difference,,,,,0
SEA_A,concept,severe,hellinger,none,poison_admission_rate_difference,-0.11078796802021722,0.07207623205788008,-0.1830933737475794,-0.038943116795691624,3
SEA_A,concept,severe,hellinger,none,roc_auc_difference,0.0032321243271824507,0.0029853600631185788,0.0012765295365192442,0.00666839919190676,3
SEA_A,instance,moderate,adwin,learned_features,accuracy_difference,0.023731416895652835,0.0036264437117726625,0.021352779539209554,0.027905305432255223,3
SEA_A,instance,moderate,adwin,learned_features,average_precision_difference,0.008073006215060649,0.0006229791808793009,0.007364359613089011,0.008534418520825593,3
SEA_A,instance,moderate,adwin,learned_features,benign_fpr_difference,,,,,0
SEA_A,instance,moderate,adwin,learned_features,legitimate_withhold_rate_difference,0.04957186496003716,0.022866543264972006,0.023294467750523795,0.06494721235459769,3
SEA_A,instance,moderate,adwin,learned_features,macro_f1_difference,0.02780133258000439,0.0037193230142499906,0.025247284354664945,0.03206850584134713,3
SEA_A,instance,moderate,adwin,learned_features,macro_precision_difference,0.017848718205120573,0.005123073404861202,0.014751291777873266,0.02376210130974843,3
SEA_A,instance,moderate,adwin,learned_features,macro_recall_difference,0.033258061639649804,0.002794101989077204,0.031170256187716516,0.036432177317770154,3
SEA_A,instance,moderate,adwin,learned_features,malicious_precision_difference,,,,,0
SEA_A,instance,moderate,adwin,learned_features,malicious_recall_difference,,,,,0
SEA_A,instance,moderate,adwin,learned_features,poison_admission_rate_difference,-0.04962859339739537,0.02415150931411358,-0.06364607942400713,-0.021740962332518765,3
SEA_A,instance,moderate,adwin,learned_features,roc_auc_difference,0.007177004562689326,0.0010895862975030392,0.0060714545255370345,0.008249892680716742,3
SEA_A,instance,moderate,adwin,learned_features_label,accuracy_difference,0.02113436200944126,0.0014522109454480514,0.019518072289156585,0.022329317269076276,3
SEA_A,instance,moderate,adwin,learned_features_label,average_precision_difference,0.005346709500204587,0.0015463116655276478,0.004408116037037613,0.007131438290133185,3
SEA_A,instance,moderate,adwin,learned_features_label,benign_fpr_difference,,,,,0
SEA_A,instance,moderate,adwin,learned_features_label,legitimate_withhold_rate_difference,0.04425980880754333,0.02894902279558567,0.018896853843090394,0.07579828253579711,3
SEA_A,instance,moderate,adwin,learned_features_label,macro_f1_difference,0.024396530018571377,0.001899180803023298,0.022375100868502695,0.026143624839139012,3
SEA_A,instance,moderate,adwin,learned_features_label,macro_precision_difference,0.017140244263611642,0.0009405936986772402,0.016338003197306383,0.018175417996142196,3
SEA_A,instance,moderate,adwin,learned_features_label,macro_recall_difference,0.028445570195164804,0.002780674457373832,0.025638217829605625,0.031198775910627252,3
SEA_A,instance,moderate,adwin,learned_features_label,malicious_precision_difference,,,,,0
SEA_A,instance,moderate,adwin,learned_features_label,malicious_recall_difference,,,,,0
SEA_A,instance,moderate,adwin,learned_features_label,poison_admission_rate_difference,-0.011456077019602134,0.0075946956285175065,-0.019856001799977513,-0.005074292122231594,3
SEA_A,instance,moderate,adwin,learned_features_label,roc_auc_difference,0.004003857687341424,0.0008563421721328087,0.0034552712136448616,0.004990619573627009,3
SEA_A,instance,moderate,adwin,none,accuracy_difference,0.02166279151694502,0.0011028693910168988,0.02059606848446416,0.02279856267173974,3
SEA_A,instance,moderate,adwin,none,average_precision_difference,0.007497631933885603,0.0006194601920242349,0.0069203953410668095,0.008152077192718377,3
SEA_A,instance,moderate,adwin,none,benign_fpr_difference,,,,,0
SEA_A,instance,moderate,adwin,none,legitimate_withhold_rate_difference,0.04310233346307309,0.00937322153199934,0.032291775525133196,0.048961660547080996,3
SEA_A,instance,moderate,adwin,none,macro_f1_difference,0.02556694008307007,0.0012526428955616485,0.024441981985474537,0.02691679844502748,3
SEA_A,instance,moderate,adwin,none,macro_precision_difference,0.01509824266373446,0.0006815511398340964,0.014313650659327992,0.015543675246324828,3
SEA_A,instance,moderate,adwin,none,macro_recall_difference,0.03180947793535516,0.0016172534686205045,0.030543092503960367,0.03363124531683015,3
SEA_A,instance,moderate,adwin,none,malicious_precision_difference,,,,,0
SEA_A,instance,moderate,adwin,none,malicious_recall_difference,,,,,0
SEA_A,instance,moderate,adwin,none,poison_admission_rate_difference,-0.04134334887842409,0.009145469487174943,-0.04897673114662182,-0.03120698856773685,3
SEA_A,instance,moderate,adwin,none,roc_auc_difference,0.006512479287645201,0.0003145634410761154,0.006288036176424816,0.006872024772204721,3
SEA_A,instance,moderate,d3_oof,learned_features,accuracy_difference,0.008543648277319757,0.015187758747252148,-0.00044810822236318604,0.026079053054322454,3
SEA_A,instance,moderate,d3_oof,learned_features,average_precision_difference,0.0014297757876881034,0.003150739994010537,-0.0007525709322958596,0.00504189829536017,3
SEA_A,instance,moderate,d3_oof,learned_features,benign_fpr_difference,,,,,0
SEA_A,instance,moderate,d3_oof,learned_features,legitimate_withhold_rate_difference,0.09916415261827727,0.15535131192557575,0.0,0.2782023343980417,3
SEA_A,instance,moderate,d3_oof,learned_features,macro_f1_difference,0.010121643327272353,0.017878287859767247,-0.0003994934567100872,0.030764423438527144,3
SEA_A,instance,moderate,d3_oof,learned_features,macro_precision_difference,0.005829798090239128,0.010930214657946233,-0.0009496147607516159,0.018439009031469,3
SEA_A,instance,moderate,d3_oof,learned_features,macro_recall_difference,0.012652144989575046,0.022032148577138283,-0.00013612245446803506,0.038092557423193174,3
SEA_A,instance,moderate,d3_oof,learned_features,malicious_precision_difference,,,,,0
SEA_A,instance,moderate,d3_oof,learned_features,malicious_recall_difference,,,,,0
SEA_A,instance,moderate,d3_oof,learned_features,poison_admission_rate_difference,-0.09854789294107753,0.15505939538800162,-0.27728090898863766,0.0,3
SEA_A,instance,moderate,d3_oof,learned_features,roc_auc_difference,0.0011918491258187485,0.0029925358086250746,-0.0010211215232488469,0.004596668900705092,3
SEA_A,instance,moderate,d3_oof,learned_features_label,accuracy_difference,0.007088001127316261,0.01227677807661724,0.0,0.02126400338194878,3
SEA_A,instance,moderate,d3_oof,learned_features_label,average_precision_difference,0.001170579325820727,0.0020275028666112225,0.0,0.0035117379774621815,3
SEA_A,instance,moderate,d3_oof,learned_features_label,benign_fpr_difference,,,,,0
SEA_A,instance,moderate,d3_oof,learned_features_label,legitimate_withhold_rate_difference,0.009068432231514665,0.015706985369978613,0.0,0.027205296694543996,3
SEA_A,instance,moderate,d3_oof,learned_features_label,macro_f1_difference,0.008108428924655686,0.014044210867064724,0.0,0.02432528677396706,3
SEA_A,instance,moderate,d3_oof,learned_features_label,macro_precision_difference,0.006004820469159585,0.010400654142913983,0.0,0.018014461407478755,3
SEA_A,instance,moderate,d3_oof,learned_features_label,macro_recall_difference,0.009341504318628272,0.016179960098988255,0.0,0.028024512955884817,3
SEA_A,instance,moderate,d3_oof,learned_features_label,malicious_precision_difference,,,,,0
SEA_A,instance,moderate,d3_oof,learned_features_label,malicious_recall_difference,,,,,0
SEA_A,instance,moderate,d3_oof,learned_features_label,poison_admission_rate_difference,-0.00187832912811887,0.003253361483238434,-0.00563498738435661,0.0,3
SEA_A,instance,moderate,d3_oof,learned_features_label,roc_auc_difference,0.0006323121796561285,0.0010951968214090346,0.0,0.0018969365389683857,3
SEA_A,instance,moderate,d3_oof,none,accuracy_difference,0.01341647290918054,0.011623506175583182,0.0,0.020448108222363204,3
SEA_A,instance,moderate,d3_oof,none,average_precision_difference,0.004461972382452384,0.0038700543678279495,0.0,0.006906084483924935,3
SEA_A,instance,moderate,d3_oof,none,benign_fpr_difference,,,,,0
SEA_A,instance,moderate,d3_oof,none,legitimate_withhold_rate_difference,0.024136933561679536,0.028928117606324133,0.0,0.056202708084428496,3
SEA_A,instance,moderate,d3_oof,none,macro_f1_difference,0.01588142674062883,0.01376134440266214,0.0,0.02428019390713998,3
SEA_A,instance,moderate,d3_oof,none,macro_precision_difference,0.009314854767153399,0.008069064632485334,0.0,0.014159136487996826,3
SEA_A,instance,moderate,d3_oof,none,macro_recall_difference,0.019828223110025706,0.017183426994584805,0.0,0.030375848281709583,3
SEA_A,instance,moderate,d3_oof,none,malicious_precision_difference,,,,,0
SEA_A,instance,moderate,d3_oof,none,malicious_recall_difference,,,,,0
SEA_A,instance,moderate,d3_oof,none,poison_admission_rate_difference,-0.023867418131558054,0.029146032747715007,-0.056349873843566045,0.0,3
SEA_A,instance,moderate,d3_oof,none,roc_auc_difference,0.003945897080393797,0.0034200261149162996,0.0,0.0060566890096750425,3
SEA_A,instance,moderate,hddm_w,learned_features,accuracy_difference,0.025085605580215626,0.003250145110601802,0.021352779539209554,0.027288099767490914,3
SEA_A,instance,moderate,hddm_w,learned_features,average_precision_difference,0.009602662375577498,0.0014942169128536317,0.00832024051126734,0.011243488135609936,3
SEA_A,instance,moderate,hddm_w,learned_features,benign_fpr_difference,,,,,0
SEA_A,instance,moderate,hddm_w,learned_features,legitimate_withhold_rate_difference,0.08353981482284716,0.0203202216295703,0.06047391477498999,0.09879896912345648,3
SEA_A,instance,moderate,hddm_w,learned_features,macro_f1_difference,0.02942481257401904,0.0036429516946663194,0.025247284354664945,0.03194053163687893,3
SEA_A,instance,moderate,hddm_w,learned_features,macro_precision_difference,0.018560598930903116,0.003308089028777257,0.014751291777873266,0.02071088899233664,3
SEA_A,instance,moderate,hddm_w,learned_features,macro_recall_difference,0.03552419957117714,0.003795658730905029,0.031170256187716516,0.03813638151291332,3
SEA_A,instance,moderate,hddm_w,learned_features,malicious_precision_difference,,,,,0
SEA_A,instance,moderate,hddm_w,learned_features,malicious_recall_difference,,,,,0
SEA_A,instance,moderate,hddm_w,learned_features,poison_admission_rate_difference,-0.08575721611336636,0.019560504748604705,-0.10020812239846999,-0.06349873843566023,3
SEA_A,instance,moderate,hddm_w,learned_features,roc_auc_difference,0.008083379840377733,0.00019757214396084192,0.007865068403378195,0.008249892680716742,3
SEA_A,instance,moderate,hddm_w,learned_features_label,accuracy_difference,0.0,0.0,0.0,0.0,3
SEA_A,instance,moderate,hddm_w,learned_features_label,average_precision_difference,0.0,0.0,0.0,0.0,3
SEA_A,instance,moderate,hddm_w,learned_features_label,benign_fpr_difference,,,,,0
SEA_A,instance,moderate,hddm_w,learned_features_label,legitimate_withhold_rate_difference,0.0,0.0,0.0,0.0,3
SEA_A,instance,moderate,hddm_w,learned_features_label,macro_f1_difference,0.0,0.0,0.0,0.0,3
SEA_A,instance,moderate,hddm_w,learned_features_label,macro_precision_difference,0.0,0.0,0.0,0.0,3
SEA_A,instance,moderate,hddm_w,learned_features_label,macro_recall_difference,0.0,0.0,0.0,0.0,3
SEA_A,instance,moderate,hddm_w,learned_features_label,malicious_precision_difference,,,,,0
SEA_A,instance,moderate,hddm_w,learned_features_label,malicious_recall_difference,,,,,0
SEA_A,instance,moderate,hddm_w,learned_features_label,poison_admission_rate_difference,0.0,0.0,0.0,0.0,3
SEA_A,instance,moderate,hddm_w,learned_features_label,roc_auc_difference,0.0,0.0,0.0,0.0,3
SEA_A,instance,moderate,hddm_w,none,accuracy_difference,0.02284647361375321,0.0015027707718888658,0.021390826463749568,0.024392306066370772,3
SEA_A,instance,moderate,hddm_w,none,average_precision_difference,0.007656991717962598,0.002021284272963136,0.005454876466352454,0.009427830222934586,3
SEA_A,instance,moderate,hddm_w,none,benign_fpr_difference,,,,,0
SEA_A,instance,moderate,hddm_w,none,legitimate_withhold_rate_difference,0.10997235102731434,0.0684818905050472,0.06833574688104942,0.18901061723235518,3
SEA_A,instance,moderate,hddm_w,none,macro_f1_difference,0.026706770067974766,0.0015254659150597345,0.02513951774457801,0.028186698157082968,3
SEA_A,instance,moderate,hddm_w,none,macro_precision_difference,0.017103622142020363,0.0027797821998472366,0.01524378314702357,0.020299140514673963,3
SEA_A,instance,moderate,hddm_w,none,macro_recall_difference,0.03230489201726642,0.0010532504962409838,0.031127942027659894,0.03315875003584057,3
SEA_A,instance,moderate,hddm_w,none,malicious_precision_difference,,,,,0
SEA_A,instance,moderate,hddm_w,none,malicious_recall_difference,,,,,0
SEA_A,instance,moderate,hddm_w,none,poison_admission_rate_difference,-0.10864442388071323,0.06814074664979103,-0.18731015862301736,-0.06791944046515541,3
SEA_A,instance,moderate,hddm_w,none,roc_auc_difference,0.00619621536643981,0.00031476141567202636,0.0058781038607814695,0.006507516156205151,3
SEA_A,instance,moderate,hellinger,learned_features,accuracy_difference,0.019733671528218106,0.001400506883352104,0.018300570703868146,0.021099133375607648,3
SEA_A,instance,moderate,hellinger,learned_features,average_precision_difference,0.005779310161799223,0.0011332632172400866,0.004504951436283378,0.006673963598155974,3
SEA_A,instance,moderate,hellinger,learned_features,benign_fpr_difference,,,,,0
SEA_A,instance,moderate,hellinger,learned_features,legitimate_withhold_rate_difference,0.06222322067304226,0.07447616132135729,-0.01538698873843608,0.13310931899641576,3
SEA_A,instance,moderate,hellinger,learned_features,macro_f1_difference,0.023481983374277687,0.001857982101683813,0.02148068040741513,0.025152102792936448,3
SEA_A,instance,moderate,hellinger,learned_features,macro_precision_difference,0.013420991868124435,0.0012943373943614272,0.011928714398573237,0.014238826180481445,3
SEA_A,instance,moderate,hellinger,learned_features,macro_recall_difference,0.029118349263817695,0.003517337068477976,0.02507650954723495,0.03148468022844464,3
SEA_A,instance,moderate,hellinger,learned_features,malicious_precision_difference,,,,,0
SEA_A,instance,moderate,hellinger,learned_features,malicious_recall_difference,,,,,0
SEA_A,instance,moderate,hellinger,learned_features,poison_admission_rate_difference,-0.06294470412806112,0.07517309764623319,-0.1356602186711522,0.014465885789725075,3
SEA_A,instance,moderate,hellinger,learned_features,roc_auc_difference,0.005125231356616282,0.0009820704436894298,0.004204858611232987,0.006159131824947095,3
SEA_A,instance,moderate,hellinger,learned_features_label,accuracy_difference,0.01888818431621216,0.0029681026973070058,0.015890932149651205,0.021826252377932676,3
SEA_A,instance,moderate,hellinger,learned_features_label,average_precision_difference,0.004054022516192875,0.0004812258410433697,0.003739563284507641,0.0046080075400564136,3
SEA_A,instance,moderate,hellinger,learned_features_label,benign_fpr_difference,,,,,0
SEA_A,instance,moderate,hellinger,learned_features_label,legitimate_withhold_rate_difference,0.023030189284779127,0.007665882996097151,0.015432098765432084,0.030762112301859795,3
SEA_A,instance,moderate,hellinger,learned_features_label,macro_f1_difference,0.022174359415715956,0.003519813197776743,0.018715548829635442,0.02575215777963058,3
SEA_A,instance,moderate,hellinger,learned_features_label,macro_precision_difference,0.013562486065838134,0.0022813109111140635,0.011071920479609365,0.015550864928574604,3
SEA_A,instance,moderate,hellinger,learned_features_label,macro_recall_difference,0.027173548040509494,0.00407395374153244,0.023394101128939138,0.031488953847739753,3
SEA_A,instance,moderate,hellinger,learned_features_label,malicious_precision_difference,,,,,0
SEA_A,instance,moderate,hellinger,learned_features_label,malicious_recall_difference,,,,,0
SEA_A,instance,moderate,hellinger,learned_features_label,poison_admission_rate_difference,-0.006133277721044865,0.001793526577584238,-0.008043649454381824,-0.004485562097000295,3
SEA_A,instance,moderate,hellinger,learned_features_label,roc_auc_difference,0.0036698207838140595,0.0006410123811257242,0.0029348336315900836,0.004113092241301408,3
SEA_A,instance,moderate,hellinger,none,accuracy_difference,0.011945325160290196,0.012246398759474452,-0.0010357218347073482,0.02329317269076292,3
SEA_A,instance,moderate,hellinger,none,average_precision_difference,0.003532547687970844,0.004887584145691328,-0.0017323918941365424,0.007925354713415267,3
SEA_A,instance,moderate,hellinger,none,benign_fpr_difference,,,,,0
SEA_A,instance,moderate,hellinger,none,legitimate_withhold_rate_difference,0.0319242800613354,0.004412204157168023,0.027479091995221,0.036302743482177116,3
SEA_A,instance,moderate,hellinger,none,macro_f1_difference,0.013741137918857671,0.014344218462037895,-0.001220498119635427,0.02737570996109029,3
SEA_A,instance,moderate,hellinger,none,macro_precision_difference,0.010186754253320052,0.009545056088429314,-0.0008086036521056661,0.01634373141621981,3
SEA_A,instance,moderate,hellinger,none,macro_recall_difference,0.015756304557712264,0.017591579891658972,-0.0014105148831540237,0.03374391099015339,3
SEA_A,instance,moderate,hellinger,none,malicious_precision_difference,,,,,0
SEA_A,instance,moderate,hellinger,none,malicious_recall_difference,,,,,0
SEA_A,instance,moderate,hellinger,none,poison_admission_rate_difference,-0.033278979918738925,0.001815263060152366,-0.035251818769135634,-0.03167928231006445,3
SEA_A,instance,moderate,hellinger,none,roc_auc_difference,0.0027414477354149223,0.0030306328871865045,-0.00024376876630682887,0.005815541846244998,3
SEA_A,instance,severe,adwin,learned_features,accuracy_difference,0.017188755020080437,0.005760720464672247,0.0109194673430566,0.022248995983935926,3
SEA_A,instance,severe,adwin,learned_features,average_precision_difference,0.006461257635981414,0.000571316390622728,0.005829326184113137,0.006941233722255746,3
SEA_A,instance,severe,adwin,learned_features,benign_fpr_difference,,,,,0
SEA_A,instance,severe,adwin,learned_features,legitimate_withhold_rate_difference,0.11840652223048538,0.05972473864048724,0.0761600613884626,0.18673644513695997,3
SEA_A,instance,severe,adwin,learned_features,macro_f1_difference,0.020607786691970793,0.006860752996705914,0.01316452727155637,0.026678532955718537,3
SEA_A,instance,severe,adwin,learned_features,macro_precision_difference,0.010564096907352827,0.004350319119093396,0.005804212276241061,0.014334327021110593,3
SEA_A,instance,severe,adwin,learned_features,macro_recall_difference,0.026095627697206563,0.00783223001452091,0.017683330715968726,0.03317732337487611,3
SEA_A,instance,severe,adwin,learned_features,malicious_precision_difference,,,,,0
SEA_A,instance,severe,adwin,learned_features,malicious_recall_difference,,,,,0
SEA_A,instance,severe,adwin,learned_features,poison_admission_rate_difference,-0.11825904911707978,0.060859894166874186,-0.1880743209128547,-0.07640176674871035,3
SEA_A,instance,severe,adwin,learned_features,roc_auc_difference,0.005096447295896682,0.0002819236104038677,0.004819151982038972,0.0053827817964764435,3
SEA_A,instance,severe,adwin,learned_features_label,accuracy_difference,0.01484957373353061,0.0012215485984134928,0.01392094694567747,0.01623335447051355,3
SEA_A,instance,severe,adwin,learned_features_label,average_precision_difference,0.003139872755913505,0.0018324401230847241,0.0012953979150416295,0.0049600362455409774,3
SEA_A,instance,severe,adwin,learned_features_label,benign_fpr_difference,,,,,0
SEA_A,instance,severe,adwin,learned_features_label,legitimate_withhold_rate_difference,0.03686319230344316,0.012183271096987166,0.0231273244428392,0.04636295928500489,3
SEA_A,instance,severe,adwin,learned_features_label,macro_f1_difference,0.01734330554951861,0.0015511635252054856,0.016121171547673896,0.01908834770143819,3
SEA_A,instance,severe,adwin,learned_features_label,macro_precision_difference,0.01129759414754905,0.0006234397579119314,0.01078152607117755,0.01199029177652422,3
SEA_A,instance,severe,adwin,learned_features_label,macro_recall_difference,0.02095939922317251,0.0021802315257802452,0.019092701285876923,0.023355618184054183,3
SEA_A,instance,severe,adwin,learned_features_label,malicious_precision_difference,,,,,0
SEA_A,instance,severe,adwin,learned_features_label,malicious_recall_difference,,,,,0
SEA_A,instance,severe,adwin,learned_features_label,poison_admission_rate_difference,-0.0091407436433453,0.003549632740876098,-0.011696792217846391,-0.005087858213858487,3
SEA_A,instance,severe,adwin,learned_features_label,roc_auc_difference,0.0025283793823268987,0.001515879909108788,0.0015360327874106572,0.0042732832654232,3
SEA_A,instance,severe,adwin,none,accuracy_difference,0.013533431973508092,0.01173278047750195,0.0,0.020841259775945864,3
SEA_A,instance,severe,adwin,none,average_precision_difference,0.00532711789283961,0.004868576497783363,0.0,0.009546118362303457,3
SEA_A,instance,severe,adwin,none,benign_fpr_difference,,,,,0
SEA_A,instance,severe,adwin,none,legitimate_withhold_rate_difference,0.07644309354927166,0.07113501139453285,0.0,0.140694045475837,3
SEA_A,instance,severe,adwin,none,macro_f1_difference,0.016148477257682464,0.013996104648769122,0.0,0.024780351101409637,3
SEA_A,instance,severe,adwin,none,macro_precision_difference,0.008750874718502555,0.0075952144922347906,0.0,0.013630223705778044,3
SEA_A,instance,severe,adwin,none,macro_recall_difference,0.020158917698201956,0.017469669780373037,0.0,0.030873112841458883,3
SEA_A,instance,severe,adwin,none,malicious_precision_difference,,,,,0
SEA_A,instance,severe,adwin,none,malicious_recall_difference,,,,,0
SEA_A,instance,severe,adwin,none,poison_admission_rate_difference,-0.07589339613858777,0.0708029442142457,-0.1401688090705393,0.0,3
SEA_A,instance,severe,adwin,none,roc_auc_difference,0.004524209122114338,0.004423747879693873,0.0,0.00884013796183536,3
SEA_A,instance,severe,d3_oof,learned_features,accuracy_difference,0.0059437751004016715,0.0102949204626585,0.0,0.017831325301205014,3
SEA_A,instance,severe,d3_oof,learned_features,average_precision_difference,0.003375831161893069,0.005847111090173072,0.0,0.010127493485679206,3
SEA_A,instance,severe,d3_oof,learned_features,benign_fpr_difference,,,,,0
SEA_A,instance,severe,d3_oof,learned_features,legitimate_withhold_rate_difference,0.015241792302368301,0.026399558666114115,0.0,0.0457253769071049,3
SEA_A,instance,severe,d3_oof,learned_features,macro_f1_difference,0.007101279160728113,0.012299776305111167,0.0,0.02130383748218434,3
SEA_A,instance,severe,d3_oof,learned_features,macro_precision_difference,0.0037460446888920584,0.006488339728584594,0.0,0.011238134066676175,3
SEA_A,instance,severe,d3_oof,learned_features,macro_recall_difference,0.008837779969974554,0.015307483934110473,0.0,0.02651333990992366,3
SEA_A,instance,severe,d3_oof,learned_features,malicious_precision_difference,,,,,0
SEA_A,instance,severe,d3_oof,learned_features,malicious_recall_difference,,,,,0
SEA_A,instance,severe,d3_oof,learned_features,poison_admission_rate_difference,-0.015593917529249138,0.027009457449698442,-0.046781752587747416,0.0,3
SEA_A,instance,severe,d3_oof,learned_features,roc_auc_difference,0.0022593377706934628,0.003913287810300479,0.0,0.006778013312080389,3
SEA_A,instance,severe,d3_oof,learned_features_label,accuracy_difference,0.0,0.0,0.0,0.0,3
SEA_A,instance,severe,d3_oof,learned_features_label,average_precision_difference,0.0,0.0,0.0,0.0,3
SEA_A,instance,severe,d3_oof,learned_features_label,benign_fpr_difference,,,,,0
SEA_A,instance,severe,d3_oof,learned_features_label,legitimate_withhold_rate_difference,0.0,0.0,0.0,0.0,3
SEA_A,instance,severe,d3_oof,learned_features_label,macro_f1_difference,0.0,0.0,0.0,0.0,3
SEA_A,instance,severe,d3_oof,learned_features_label,macro_precision_difference,0.0,0.0,0.0,0.0,3
SEA_A,instance,severe,d3_oof,learned_features_label,macro_recall_difference,0.0,0.0,0.0,0.0,3
SEA_A,instance,severe,d3_oof,learned_features_label,malicious_precision_difference,,,,,0
SEA_A,instance,severe,d3_oof,learned_features_label,malicious_recall_difference,,,,,0
SEA_A,instance,severe,d3_oof,learned_features_label,poison_admission_rate_difference,0.0,0.0,0.0,0.0,3
SEA_A,instance,severe,d3_oof,learned_features_label,roc_auc_difference,0.0,0.0,0.0,0.0,3
SEA_A,instance,severe,d3_oof,none,accuracy_difference,0.0,0.0,0.0,0.0,3
SEA_A,instance,severe,d3_oof,none,average_precision_difference,0.0,0.0,0.0,0.0,3
SEA_A,instance,severe,d3_oof,none,benign_fpr_difference,,,,,0
SEA_A,instance,severe,d3_oof,none,legitimate_withhold_rate_difference,0.0,0.0,0.0,0.0,3
SEA_A,instance,severe,d3_oof,none,macro_f1_difference,0.0,0.0,0.0,0.0,3
SEA_A,instance,severe,d3_oof,none,macro_precision_difference,0.0,0.0,0.0,0.0,3
SEA_A,instance,severe,d3_oof,none,macro_recall_difference,0.0,0.0,0.0,0.0,3
SEA_A,instance,severe,d3_oof,none,malicious_precision_difference,,,,,0
SEA_A,instance,severe,d3_oof,none,malicious_recall_difference,,,,,0
SEA_A,instance,severe,d3_oof,none,poison_admission_rate_difference,0.0,0.0,0.0,0.0,3
SEA_A,instance,severe,d3_oof,none,roc_auc_difference,0.0,0.0,0.0,0.0,3
SEA_A,instance,severe,hddm_w,learned_features,accuracy_difference,0.012500528429507515,0.013094040143593593,-0.0026167829211581894,0.020291693088141938,3
SEA_A,instance,severe,hddm_w,learned_features,average_precision_difference,0.003465615448896749,0.005093683114771256,-0.0014035645048384726,0.008757463308300184,3
SEA_A,instance,severe,hddm_w,learned_features,benign_fpr_difference,,,,,0
SEA_A,instance,severe,hddm_w,learned_features,legitimate_withhold_rate_difference,0.04528388530860838,0.056379767792015596,0.0038050719237631148,0.10947797237519191,3
SEA_A,instance,severe,hddm_w,learned_features,macro_f1_difference,0.01490475230075409,0.01575393400663104,-0.0032700514236218003,0.024658351484007746,3
SEA_A,instance,severe,hddm_w,learned_features,macro_precision_difference,0.008307860226192306,0.00811617640088343,-0.0009489465816732157,0.014203530437726375,3
SEA_A,instance,severe,hddm_w,learned_features,macro_recall_difference,0.018372564251819174,0.019827353313285726,-0.004422237276681784,0.03161975064339251,3
SEA_A,instance,severe,hddm_w,learned_features,malicious_precision_difference,,,,,0
SEA_A,instance,severe,hddm_w,learned_features,malicious_recall_difference,,,,,0
SEA_A,instance,severe,hddm_w,learned_features,poison_admission_rate_difference,-0.04769552190183072,0.05886521882657553,-0.11478809130449441,-0.004712376720859002,3
SEA_A,instance,severe,hddm_w,learned_features,roc_auc_difference,0.002391273767505364,0.003892325929652603,-0.002065512466198016,0.005122651469558259,3
SEA_A,instance,severe,hddm_w,learned_features_label,accuracy_difference,0.0,0.0,0.0,0.0,3
SEA_A,instance,severe,hddm_w,learned_features_label,average_precision_difference,0.0,0.0,0.0,0.0,3
SEA_A,instance,severe,hddm_w,learned_features_label,benign_fpr_difference,,,,,0
SEA_A,instance,severe,hddm_w,learned_features_label,legitimate_withhold_rate_difference,0.0,0.0,0.0,0.0,3
SEA_A,instance,severe,hddm_w,learned_features_label,macro_f1_difference,0.0,0.0,0.0,0.0,3
SEA_A,instance,severe,hddm_w,learned_features_label,macro_precision_difference,0.0,0.0,0.0,0.0,3
SEA_A,instance,severe,hddm_w,learned_features_label,macro_recall_difference,0.0,0.0,0.0,0.0,3
SEA_A,instance,severe,hddm_w,learned_features_label,malicious_precision_difference,,,,,0
SEA_A,instance,severe,hddm_w,learned_features_label,malicious_recall_difference,,,,,0
SEA_A,instance,severe,hddm_w,learned_features_label,poison_admission_rate_difference,0.0,0.0,0.0,0.0,3
SEA_A,instance,severe,hddm_w,learned_features_label,roc_auc_difference,0.0,0.0,0.0,0.0,3
SEA_A,instance,severe,hddm_w,none,accuracy_difference,0.018899457479039056,0.002967980265936993,0.015472415979708498,0.020634115409004505,3
SEA_A,instance,severe,hddm_w,none,average_precision_difference,0.005954079016760446,0.0019662821226935187,0.0037430094009551773,0.007506428944786814,3
SEA_A,instance,severe,hddm_w,none,benign_fpr_difference,,,,,0
SEA_A,instance,severe,hddm_w,none,legitimate_withhold_rate_difference,0.1778177353509102,0.08597071250834788,0.12060463121783871,0.2766806675247838,3
SEA_A,instance,severe,hddm_w,none,macro_f1_difference,0.022559504117983242,0.0033223837705470545,0.018723185322763625,0.02449274644892807,3
SEA_A,instance,severe,hddm_w,none,macro_precision_difference,0.012042154735831109,0.003218461527182227,0.008326038475739428,0.013937017187142464,3
SEA_A,instance,severe,hddm_w,none,macro_recall_difference,0.028417104851925907,0.0029682404994591876,0.024989935855196488,0.030167242920871695,3
SEA_A,instance,severe,hddm_w,none,malicious_precision_difference,,,,,0
SEA_A,instance,severe,hddm_w,none,malicious_recall_difference,,,,,0
SEA_A,instance,severe,hddm_w,none,poison_admission_rate_difference,-0.17872479569483724,0.08675255339216258,-0.27838365478474536,-0.1201153106982703,3
SEA_A,instance,severe,hddm_w,none,roc_auc_difference,0.005171544960293706,0.002305445178846037,0.0028626080255975683,0.007473482445245927,3
SEA_A,instance,severe,hellinger,learned_features,accuracy_difference,0.007142957796096787,0.010542864765990522,0.0,0.019251743817374933,3
SEA_A,instance,severe,hellinger,learned_features,average_precision_difference,0.0028966262629201247,0.0056670980001189,-0.0007367106292511805,0.009426589418011555,3
SEA_A,instance,severe,hellinger,learned_features,benign_fpr_difference,,,,,0
SEA_A,instance,severe,hellinger,learned_features,legitimate_withhold_rate_difference,0.037059769232007024,0.05150214341907218,0.0,0.0958686918840842,3
SEA_A,instance,severe,hellinger,learned_features,macro_f1_difference,0.008673804737553673,0.012647224733932405,0.0,0.023185486072071493,3
SEA_A,instance,severe,hellinger,learned_features,macro_precision_difference,0.0037654580845986794,0.006368522414339373,0.0,0.011118477046252462,3
SEA_A,instance,severe,hellinger,learned_features,macro_recall_difference,0.01135684813574441,0.016089274320292977,0.0,0.02976834914793247,3
SEA_A,instance,severe,hellinger,learned_features,malicious_precision_difference,,,,,0
SEA_A,instance,severe,hellinger,learned_features,malicious_recall_difference,,,,,0
SEA_A,instance,severe,hellinger,learned_features,poison_admission_rate_difference,-0.036355158609434314,0.05089801977437342,-0.09452442766108093,0.0,3
SEA_A,instance,severe,hellinger,learned_features,roc_auc_difference,0.0020032349735899326,0.0036949289366392615,-0.00025747601437875467,0.006267180935148553,3
SEA_A,instance,severe,hellinger,learned_features_label,accuracy_difference,0.011960825759177082,0.0003029728050622212,0.011646586345381627,0.012251109701965635,3
SEA_A,instance,severe,hellinger,learned_features_label,average_precision_difference,0.001526964243176517,0.0013032337881716072,2.9090656513353075e-05,0.002401198065262733,3
SEA_A,instance,severe,hellinger,learned_features_label,benign_fpr_difference,,,,,0
SEA_A,instance,severe,hellinger,learned_features_label,legitimate_withhold_rate_difference,0.03451014204149439,0.0036126725927815534,0.031117405434684386,0.03830851105856328,3
SEA_A,instance,severe,hellinger,learned_features_label,macro_f1_difference,0.013992991267460267,0.000516700473318846,0.013440374554116175,0.014464082722032257,3
SEA_A,instance,severe,hellinger,learned_features_label,macro_precision_difference,0.009110297474681173,0.0007753728866244534,0.008576688029430124,0.009999716711485807,3
SEA_A,instance,severe,hellinger,learned_features_label,macro_recall_difference,0.016851157934349176,0.0014142288335898096,0.015297232640901215,0.01806289676549888,3
SEA_A,instance,severe,hellinger,learned_features_label,malicious_precision_difference,,,,,0
SEA_A,instance,severe,hellinger,learned_features_label,malicious_recall_difference,,,,,0
SEA_A,instance,severe,hellinger,learned_features_label,poison_admission_rate_difference,-0.00850627824291673,0.0012746621929404975,-0.009400744646798187,-0.007046764894298507,3
SEA_A,instance,severe,hellinger,learned_features_label,roc_auc_difference,0.000899792927250472,0.0006924784842517424,0.0001061061328665458,0.0013807339193367962,3
SEA_A,instance,severe,hellinger,none,accuracy_difference,0.0027844712182062046,0.009228951218796522,-0.00786725850771497,0.008391460579158738,3
SEA_A,instance,severe,hellinger,none,average_precision_difference,0.0018430587594622239,0.003823596813679109,-0.0025710294861831517,0.004132330087749603,3
SEA_A,instance,severe,hellinger,none,benign_fpr_difference,,,,,0
SEA_A,instance,severe,hellinger,none,legitimate_withhold_rate_difference,0.08158106153115018,0.06541262390642068,0.023739358218729606,0.1525681037061283,3
SEA_A,instance,severe,hellinger,none,macro_f1_difference,0.003310496766251355,0.011048168689748466,-0.009446684424270324,0.009741788891739045,3
SEA_A,instance,severe,hellinger,none,macro_precision_difference,0.0019753617893674136,0.0066568271740765315,-0.005354822034206008,0.007644113317953005,3
SEA_A,instance,severe,hellinger,none,macro_recall_difference,0.003980688628538361,0.013191776244387974,-0.01119725715320441,0.012685650707017104,3
SEA_A,instance,severe,hellinger,none,malicious_precision_difference,,,,,0
SEA_A,instance,severe,hellinger,none,malicious_recall_difference,,,,,0
SEA_A,instance,severe,hellinger,none,poison_admission_rate_difference,-0.0818949121181397,0.06494756836032767,-0.15273682969152758,-0.02516072570601502,3
SEA_A,instance,severe,hellinger,none,roc_auc_difference,-0.0003007932732450591,0.0020992216382224793,-0.002302262830272239,0.0018841379398187863,3
SEA_A,splice,moderate,adwin,learned_features,accuracy_difference,0.022575470507443202,0.004302999881266187,0.017758869483007422,0.026040215010949774,3
SEA_A,splice,moderate,adwin,learned_features,average_precision_difference,0.006677845605927657,0.0008747596658622644,0.005825258532170752,0.007573208363994666,3
SEA_A,splice,moderate,adwin,learned_features,benign_fpr_difference,,,,,0
SEA_A,splice,moderate,adwin,learned_features,legitimate_withhold_rate_difference,0.0686168600623188,0.019768733707104413,0.048461921353907395,0.0879753135576348,3
SEA_A,splice,moderate,adwin,learned_features,macro_f1_difference,0.025757568640476364,0.0051736248196896425,0.019931183559891874,0.029813705380835054,3
SEA_A,splice,moderate,adwin,learned_features,macro_precision_difference,0.020002085600159075,0.0029608590852804604,0.017128747239471553,0.023043320616372154,3
SEA_A,splice,moderate,adwin,learned_features,macro_recall_difference,0.02902860235900695,0.006562234864407574,0.02151479118790256,0.03363398167979581,3
SEA_A,splice,moderate,adwin,learned_features,malicious_precision_difference,,,,,0
SEA_A,splice,moderate,adwin,learned_features,malicious_recall_difference,,,,,0
SEA_A,splice,moderate,adwin,learned_features,poison_admission_rate_difference,-0.07631703481178072,0.012852367671863775,-0.08745439236598374,-0.06225407532321536,3
SEA_A,splice,moderate,adwin,learned_features,roc_auc_difference,0.004986893054742277,0.0008798178850959491,0.0040086955852115524,0.005713535035859696,3
SEA_A,splice,moderate,adwin,learned_features_label,accuracy_difference,0.025349085173685133,0.0024438968831398166,0.022565557048315643,0.027142857142857135,3
SEA_A,splice,moderate,adwin,learned_features_label,average_precision_difference,0.006311245166172134,0.0006739851024138134,0.005621099270032626,0.006967814341838796,3
SEA_A,splice,moderate,adwin,learned_features_label,benign_fpr_difference,,,,,0
SEA_A,splice,moderate,adwin,learned_features_label,legitimate_withhold_rate_difference,0.04419748705626018,0.0044130985290133234,0.03955305594266381,0.04833557247350351,3
SEA_A,splice,moderate,adwin,learned_features_label,macro_f1_difference,0.0292802386834895,0.0028446450342050665,0.026036525609963945,0.03135014599093244,3
SEA_A,splice,moderate,adwin,learned_features_label,macro_precision_difference,0.02080463246466302,0.0021083886843539902,0.018378670294297628,0.022194626276164975,3
SEA_A,splice,moderate,adwin,learned_features_label,macro_recall_difference,0.03400224614655408,0.0032590339830914834,0.03031603066737909,0.0365012228393351,3
SEA_A,splice,moderate,adwin,learned_features_label,malicious_precision_difference,,,,,0
SEA_A,splice,moderate,adwin,learned_features_label,malicious_recall_difference,,,,,0
SEA_A,splice,moderate,adwin,learned_features_label,poison_admission_rate_difference,-0.0449395458493412,0.03156482810426066,-0.08119730185497465,-0.023590462833099513,3
SEA_A,splice,moderate,adwin,learned_features_label,roc_auc_difference,0.00466663426620421,0.0004387961889747466,0.004329558483966767,0.005162780205500206,3
SEA_A,splice,moderate,adwin,none,accuracy_difference,0.02045170122161129,0.0013637594420095552,0.018958053440812028,0.021630499701373873,3
SEA_A,splice,moderate,adwin,none,average_precision_difference,0.0038130464646889775,0.002352604157605853,0.0022280087944520632,0.006516190331134042,3
SEA_A,splice,moderate,adwin,none,benign_fpr_difference,,,,,0
SEA_A,splice,moderate,adwin,none,legitimate_withhold_rate_difference,0.11153690791851395,0.04967849960532423,0.0660994178235558,0.16457939273270278,3
SEA_A,splice,moderate,adwin,none,macro_f1_difference,0.02346142220022233,0.0018344321225909628,0.02135979449236891,0.024741390904808314,3
SEA_A,splice,moderate,adwin,none,macro_precision_difference,0.017639062192208788,0.0020027517631200135,0.015333417485183576,0.018946857086531987,3
SEA_A,splice,moderate,adwin,none,macro_recall_difference,0.026693884521550897,0.0035251568180783683,0.022674673494035513,0.02926133197463232,3
SEA_A,splice,moderate,adwin,none,malicious_precision_difference,,,,,0
SEA_A,splice,moderate,adwin,none,malicious_recall_difference,,,,,0
SEA_A,splice,moderate,adwin,none,poison_admission_rate_difference,-0.13536962785221632,0.07312757229194332,-0.21840112201963535,-0.08055087127599758,3
SEA_A,splice,moderate,adwin,none,roc_auc_difference,0.0031664363150883945,0.0015858843076349627,0.0020276876754737883,0.004977771861760183,3
SEA_A,splice,moderate,d3_oof,learned_features,accuracy_difference,0.004518002322880392,0.007825409571943045,0.0,0.013554006968641175,3
SEA_A,splice,moderate,d3_oof,learned_features,average_precision_difference,0.0009363946172640617,0.001621883053035368,0.0,0.002809183851792185,3
SEA_A,splice,moderate,d3_oof,learned_features,benign_fpr_difference,,,,,0
SEA_A,splice,moderate,d3_oof,learned_features,legitimate_withhold_rate_difference,0.004232619877219165,0.007331112676469537,0.0,0.012697859631657496,3
SEA_A,splice,moderate,d3_oof,learned_features,macro_f1_difference,0.00506065459599699,0.008765310879823738,0.0,0.01518196378799097,3
SEA_A,splice,moderate,d3_oof,learned_features,macro_precision_difference,0.004634486718037308,0.008027166462643755,0.0,0.013903460154111924,3
SEA_A,splice,moderate,d3_oof,learned_features,macro_recall_difference,0.005236295810285803,0.009069530386875054,0.0,0.01570888743085741,3
SEA_A,splice,moderate,d3_oof,learned_features,malicious_precision_difference,,,,,0
SEA_A,splice,moderate,d3_oof,learned_features,malicious_recall_difference,,,,,0
SEA_A,splice,moderate,d3_oof,learned_features,poison_admission_rate_difference,-0.009798971482000929,0.016972316468744107,-0.029396914446002786,0.0,3
SEA_A,splice,moderate,d3_oof,learned_features,roc_auc_difference,0.0008627103297258465,0.0014942581232996648,0.0,0.0025881309891775395,3
SEA_A,splice,moderate,d3_oof,learned_features_label,accuracy_difference,0.007359306121036635,0.012759625193088523,-1.4931315946542512e-05,0.022092849679056448,3
SEA_A,splice,moderate,d3_oof,learned_features_label,average_precision_difference,0.0011650397755414248,0.0020253399666131946,-8.576356879785862e-06,0.00350369568350406,3
SEA_A,splice,moderate,d3_oof,learned_features_label,benign_fpr_difference,,,,,0
SEA_A,splice,moderate,d3_oof,learned_features_label,legitimate_withhold_rate_difference,0.007505730477474266,0.008618599667809434,0.0,0.016917947952430692,3
SEA_A,splice,moderate,d3_oof,learned_features_label,macro_f1_difference,0.008585591782420318,0.014885985429154218,-1.7668797485770327e-05,0.025774444144746722,3
SEA_A,splice,moderate,d3_oof,learned_features_label,macro_precision_difference,0.005499354965058563,0.009535410276116534,-1.183133049753593e-05,0.016509896225673226,3
SEA_A,splice,moderate,d3_oof,learned_features_label,macro_recall_difference,0.010393742320142304,0.018020037948587482,-2.0259592917182268e-05,0.031201486553344093,3
SEA_A,splice,moderate,d3_oof,learned_features_label,malicious_precision_difference,,,,,0
SEA_A,splice,moderate,d3_oof,learned_features_label,malicious_recall_difference,,,,,0
SEA_A,splice,moderate,d3_oof,learned_features_label,poison_admission_rate_difference,-0.01721034021779122,0.01624028545305049,-0.032265317594153964,0.0,3
SEA_A,splice,moderate,d3_oof,learned_features_label,roc_auc_difference,0.0011541690560513314,0.0019992715219806258,-2.2178714342846462e-07,0.0034627289552974228,3
SEA_A,splice,moderate,d3_oof,none,accuracy_difference,0.00669653227144514,0.011598734128667604,0.0,0.02008959681433542,3
SEA_A,splice,moderate,d3_oof,none,average_precision_difference,0.0015124284114606719,0.0026196028514605713,0.0,0.004537285234382016,3
SEA_A,splice,moderate,d3_oof,none,benign_fpr_difference,,,,,0
SEA_A,splice,moderate,d3_oof,none,legitimate_withhold_rate_difference,0.012347768375642934,0.021386962186705785,0.0,0.0370433051269288,3
SEA_A,splice,moderate,d3_oof,none,macro_f1_difference,0.007874296122059476,0.013638680957249596,0.0,0.02362288836617843,3
SEA_A,splice,moderate,d3_oof,none,macro_precision_difference,0.004732819677483439,0.008197484144463063,0.0,0.014198459032450317,3
SEA_A,splice,moderate,d3_oof,none,macro_recall_difference,0.00964572669601079,0.016706888713414164,0.0,0.028937180088032366,3
SEA_A,splice,moderate,d3_oof,none,malicious_precision_difference,,,,,0
SEA_A,splice,moderate,d3_oof,none,malicious_recall_difference,,,,,0
SEA_A,splice,moderate,d3_oof,none,poison_admission_rate_difference,-0.01035998129967275,0.017944013976496653,-0.031079943899018247,0.0,3
SEA_A,splice,moderate,d3_oof,none,roc_auc_difference,0.0014439360638948868,0.002500970625546965,0.0,0.004331808191684661,3
SEA_A,splice,moderate,hddm_w,learned_features,accuracy_difference,0.0073362532351184395,0.012706763340416682,0.0,0.02200875970535532,3
SEA_A,splice,moderate,hddm_w,learned_features,average_precision_difference,0.002278709838337889,0.003946841215708287,0.0,0.006836129515013667,3
SEA_A,splice,moderate,hddm_w,learned_features,benign_fpr_difference,,,,,0
SEA_A,splice,moderate,hddm_w,learned_features,legitimate_withhold_rate_difference,0.009161191850819539,0.0158676497435054,0.0,0.027483575552458617,3
SEA_A,splice,moderate,hddm_w,learned_features,macro_f1_difference,0.00863111333197967,0.014949526816873893,0.0,0.025893339995939013,3
SEA_A,splice,moderate,hddm_w,learned_features,macro_precision_difference,0.005461340788986931,0.009459319723973663,0.0,0.016384022366960793,3
SEA_A,splice,moderate,hddm_w,learned_features,macro_recall_difference,0.01058046271832099,0.018325898995720267,0.0,0.03174138815496297,3
SEA_A,splice,moderate,hddm_w,learned_features,malicious_precision_difference,,,,,0
SEA_A,splice,moderate,hddm_w,learned_features,malicious_recall_difference,,,,,0
SEA_A,splice,moderate,hddm_w,learned_features,poison_admission_rate_difference,0.0004584151931892322,0.0007939984055652526,0.0,0.0013752455795676966,3
SEA_A,splice,moderate,hddm_w,learned_features,roc_auc_difference,0.0017301326502781416,0.002996677654115537,0.0,0.0051903979508344245,3
SEA_A,splice,moderate,hddm_w,learned_features_label,accuracy_difference,0.0,0.0,0.0,0.0,3
SEA_A,splice,moderate,hddm_w,learned_features_label,average_precision_difference,0.0,0.0,0.0,0.0,3
SEA_A,splice,moderate,hddm_w,learned_features_label,benign_fpr_difference,,,,,0
SEA_A,splice,moderate,hddm_w,learned_features_label,legitimate_withhold_rate_difference,0.0,0.0,0.0,0.0,3
SEA_A,splice,moderate,hddm_w,learned_features_label,macro_f1_difference,0.0,0.0,0.0,0.0,3
SEA_A,splice,moderate,hddm_w,learned_features_label,macro_precision_difference,0.0,0.0,0.0,0.0,3
SEA_A,splice,moderate,hddm_w,learned_features_label,macro_recall_difference,0.0,0.0,0.0,0.0,3
SEA_A,splice,moderate,hddm_w,learned_features_label,malicious_precision_difference,,,,,0
SEA_A,splice,moderate,hddm_w,learned_features_label,malicious_recall_difference,,,,,0
SEA_A,splice,moderate,hddm_w,learned_features_label,poison_admission_rate_difference,0.0,0.0,0.0,0.0,3
SEA_A,splice,moderate,hddm_w,learned_features_label,roc_auc_difference,0.0,0.0,0.0,0.0,3
SEA_A,splice,moderate,hddm_w,none,accuracy_difference,0.006110226292388332,0.010583222384159797,0.0,0.018330678877164996,3
SEA_A,splice,moderate,hddm_w,none,average_precision_difference,0.0016249407276296053,0.002814479899542417,0.0,0.004874822182888816,3
SEA_A,splice,moderate,hddm_w,none,benign_fpr_difference,,,,,0
SEA_A,splice,moderate,hddm_w,none,legitimate_withhold_rate_difference,0.008910677549936968,0.015433746246354189,0.0,0.026732032649810902,3
SEA_A,splice,moderate,hddm_w,none,macro_f1_difference,0.00718082622790317,0.01243755586705146,0.0,0.02154247868370951,3
SEA_A,splice,moderate,hddm_w,none,macro_precision_difference,0.0044803739058454735,0.007760235241830177,0.0,0.01344112171753642,3
SEA_A,splice,moderate,hddm_w,none,macro_recall_difference,0.00888598756295115,0.015390981934456541,0.0,0.026657962688853454,3
SEA_A,splice,moderate,hddm_w,none,malicious_precision_difference,,,,,0
SEA_A,splice,moderate,hddm_w,none,malicious_recall_difference,,,,,0
SEA_A,splice,moderate,hddm_w,none,poison_admission_rate_difference,-0.011965572083450282,0.020724978790163676,-0.035896716250350846,0.0,3
SEA_A,splice,moderate,hddm_w,none,roc_auc_difference,0.0013585145326694044,0.0023530161934040977,0.0,0.004075543598008213,3
SEA_A,splice,moderate,hellinger,learned_features,accuracy_difference,0.006171733757940667,0.010689756439541235,0.0,0.018515201273822002,3
SEA_A,splice,moderate,hellinger,learned_features,average_precision_difference,0.0019444103680855325,0.0033678175482878448,0.0,0.005833231104256598,3
SEA_A,splice,moderate,hellinger,learned_features,benign_fpr_difference,,,,,0
SEA_A,splice,moderate,hellinger,learned_features,legitimate_withhold_rate_difference,0.0374450581347133,0.06485674318169372,0.0,0.1123351744041399,3
SEA_A,splice,moderate,hellinger,learned_features,macro_f1_difference,0.006953250074605344,0.012043382406948543,0.0,0.02085975022381603,3
SEA_A,splice,moderate,hellinger,learned_features,macro_precision_difference,0.00579389303822712,0.010035317115828979,0.0,0.01738167911468136,3
SEA_A,splice,moderate,hellinger,learned_features,macro_recall_difference,0.007628038375690667,0.013212150028781408,0.0,0.022884115127072002,3
SEA_A,splice,moderate,hellinger,learned_features,malicious_precision_difference,,,,,0
SEA_A,splice,moderate,hellinger,learned_features,malicious_recall_difference,,,,,0
SEA_A,splice,moderate,hellinger,learned_features,poison_admission_rate_difference,-0.033614390106801596,0.05822183153042099,-0.1008431703204048,0.0,3
SEA_A,splice,moderate,hellinger,learned_features,roc_auc_difference,0.0013319030285425433,0.0023069237161905455,0.0,0.00399570908562763,3
SEA_A,splice,moderate,hellinger,learned_features_label,accuracy_difference,0.015118738217075359,0.012508086817451877,0.0007665505226480684,0.02369599840732639,3
SEA_A,splice,moderate,hellinger,learned_features_label,average_precision_difference,0.0021250829103960736,0.0022440070940455054,-0.00042838997330596484,0.0037831328876419823,3
SEA_A,splice,moderate,hellinger,learned_features_label,benign_fpr_difference,,,,,0
SEA_A,splice,moderate,hellinger,learned_features_label,legitimate_withhold_rate_difference,0.003679443588057158,0.021296331813893798,-0.014141363862618203,0.027264582918574587,3
SEA_A,splice,moderate,hellinger,learned_features_label,macro_f1_difference,0.01771383405399955,0.014640292520853998,0.0009218558737253968,0.027801055443695488,3
SEA_A,splice,moderate,hellinger,learned_features_label,macro_precision_difference,0.011265959240807014,0.009369791962494,0.0005280505163213212,0.017782079061420042,3
SEA_A,splice,moderate,hellinger,learned_features_label,macro_recall_difference,0.02141719452756267,0.017703899706619716,0.0011017115500148167,0.03354697261938744,3
SEA_A,splice,moderate,hellinger,learned_features_label,malicious_precision_difference,,,,,0
SEA_A,splice,moderate,hellinger,learned_features_label,malicious_recall_difference,,,,,0
SEA_A,splice,moderate,hellinger,learned_features_label,poison_admission_rate_difference,-0.012850111941086281,0.010035095854124203,-0.023182711198428296,-0.0031416549789621273,3
SEA_A,splice,moderate,hellinger,learned_features_label,roc_auc_difference,0.002073854924815858,0.0019273375379023898,-0.0001396297707164651,0.0033805825520172306,3
SEA_A,splice,moderate,hellinger,none,accuracy_difference,0.014041601260590472,0.013277287987438309,-0.0005176704828272483,0.025481415136587415,3
SEA_A,splice,moderate,hellinger,none,average_precision_difference,0.0027425853571172443,0.0025461565639480588,-0.000133638057309593,0.004708349791854083,3
SEA_A,splice,moderate,hellinger,none,benign_fpr_difference,,,,,0
SEA_A,splice,moderate,hellinger,none,legitimate_withhold_rate_difference,0.07418151618808748,0.044779288899851076,0.029059233449477306,0.1186097427476738,3
SEA_A,splice,moderate,hellinger,none,macro_f1_difference,0.016232017287403422,0.015226597421849003,-0.0005968123228291544,0.029055756248144715,3
SEA_A,splice,moderate,hellinger,none,macro_precision_difference,0.011527475474001977,0.011610480138791847,-0.0004666716624248668,0.022711896621237626,3
SEA_A,splice,moderate,hellinger,none,macro_recall_difference,0.01905293808381366,0.01746317345462408,-0.0006520176870283834,0.032613308316398526,3
SEA_A,splice,moderate,hellinger,none,malicious_precision_difference,,,,,0
SEA_A,splice,moderate,hellinger,none,malicious_recall_difference,,,,,0
SEA_A,splice,moderate,hellinger,none,poison_admission_rate_difference,-0.08827045859950133,0.033806266984834514,-0.11103003087286001,-0.04942496493688642,3
SEA_A,splice,moderate,hellinger,none,roc_auc_difference,0.00250672938875407,0.002152530432417194,2.120209114941929e-05,0.0037511669935723635,3
SEA_A,splice,severe,adwin,learned_features,accuracy_difference,0.016303475473656476,0.003094893338584288,0.013347260254636839,0.019520536349168838,3
SEA_A,splice,severe,adwin,learned_features,average_precision_difference,0.005370176615329865,0.00031278860207842085,0.00500979216388675,0.005571081034530301,3
SEA_A,splice,severe,adwin,learned_features,benign_fpr_difference,,,,,0
SEA_A,splice,severe,adwin,learned_features,legitimate_withhold_rate_difference,0.05021564322065244,0.013775549125459946,0.040544279140671324,0.06598815712971269,3
SEA_A,splice,severe,adwin,learned_features,macro_f1_difference,0.01868279443919448,0.003653434728954183,0.01512164870065913,0.022422006144596107,3
SEA_A,splice,severe,adwin,learned_features,macro_precision_difference,0.01410822853552074,0.0025727224049102377,0.012041045572655618,0.016989512231922355,3
SEA_A,splice,severe,adwin,learned_features,macro_recall_difference,0.021343911764803398,0.004313577493777099,0.016944419069569894,0.02556610682951055,3
SEA_A,splice,severe,adwin,learned_features,malicious_precision_difference,,,,,0
SEA_A,splice,severe,adwin,learned_features,malicious_recall_difference,,,,,0
SEA_A,splice,severe,adwin,learned_features,poison_admission_rate_difference,-0.06256033832283625,0.023495552340776247,-0.0764532682762682,-0.035432672866963166,3
SEA_A,splice,severe,adwin,learned_features,roc_auc_difference,0.004006236791222621,0.0004206848284960299,0.0036689961688690653,0.0044776396925572115,3
SEA_A,splice,severe,adwin,learned_features_label,accuracy_difference,0.013000611348568522,0.004826004876462106,0.007511371460174332,0.01657680038393161,3
SEA_A,splice,severe,adwin,learned_features_label,average_precision_difference,0.004930155834287538,0.0014415851361389647,0.003500539448023976,0.00638341879640103,3
SEA_A,splice,severe,adwin,learned_features_label,benign_fpr_difference,,,,,0
SEA_A,splice,severe,adwin,learned_features_label,legitimate_withhold_rate_difference,0.049252800725996894,0.04287485289499749,0.004339778101333,0.089747280599256,3
SEA_A,splice,severe,adwin,learned_features_label,macro_f1_difference,0.014898624899493007,0.005696063866229957,0.008377667395690236,0.01890272888857325,3
SEA_A,splice,severe,adwin,learned_features_label,macro_precision_difference,0.011216127721336252,0.0032557041870236564,0.007888760815474183,0.014395093939540415,3
SEA_A,splice,severe,adwin,learned_features_label,macro_recall_difference,0.017010983407567976,0.0072935831013193776,0.008599778388418966,0.021584114215690287,3
SEA_A,splice,severe,adwin,learned_features_label,malicious_precision_difference,,,,,0
SEA_A,splice,severe,adwin,learned_features_label,malicious_recall_difference,,,,,0
SEA_A,splice,severe,adwin,learned_features_label,poison_admission_rate_difference,-0.06601089909049673,0.0627181313302386,-0.1279525901981582,-0.002544143415554645,3
SEA_A,splice,severe,adwin,learned_features_label,roc_auc_difference,0.003581233855831275,0.0014237952327575431,0.002503639978219563,0.005195338397615656,3
SEA_A,splice,severe,adwin,none,accuracy_difference,0.016282962000657115,0.0019259791299008047,0.014307088614741836,0.018154832447318747,3
SEA_A,splice,severe,adwin,none,average_precision_difference,0.004668119508910958,0.0013062107481029205,0.003546559393848514,0.006102263007218944,3
SEA_A,splice,severe,adwin,none,benign_fpr_difference,,,,,0
SEA_A,splice,severe,adwin,none,legitimate_withhold_rate_difference,0.07768576181375697,0.005497147173232431,0.0736990059440145,0.08395675126330351,3
SEA_A,splice,severe,adwin,none,macro_f1_difference,0.01855240149742247,0.0022651645647526024,0.01617685338401209,0.02068809373417546,3
SEA_A,splice,severe,adwin,none,macro_precision_difference,0.014388401047611446,0.0016826295513146048,0.013054566021995173,0.016278799373626973,3
SEA_A,splice,severe,adwin,none,macro_recall_difference,0.02104317323688243,0.0027703801116742972,0.017987750608355224,0.02339143338209604,3
SEA_A,splice,severe,adwin,none,malicious_precision_difference,,,,,0
SEA_A,splice,severe,adwin,none,malicious_recall_difference,,,,,0
SEA_A,splice,severe,adwin,none,poison_admission_rate_difference,-0.0881870599496335,0.03162417751124543,-0.11101563553039506,-0.05209017290435547,3
SEA_A,splice,severe,adwin,none,roc_auc_difference,0.003765981322763919,0.0009724148228682922,0.0031913882469489785,0.0048887254566659655,3
SEA_A,splice,severe,d3_oof,learned_features,accuracy_difference,0.00015049078808267632,0.00026065769103027626,0.0,0.00045147236424802895,3
SEA_A,splice,severe,d3_oof,learned_features,average_precision_difference,0.00024527334469319023,0.0004248258947509597,0.0,0.0007358200340795706,3
SEA_A,splice,severe,d3_oof,learned_features,benign_fpr_difference,,,,,0
SEA_A,splice,severe,d3_oof,learned_features,legitimate_withhold_rate_difference,-0.0034142597546247683,0.005913671365247747,-0.010242779263874305,0.0,3
SEA_A,splice,severe,d3_oof,learned_features,macro_f1_difference,0.0001757751760160057,0.00030445153556908427,0.0,0.0005273255280480171,3
SEA_A,splice,severe,d3_oof,learned_features,macro_precision_difference,0.0001263378905230761,0.00021882364530704236,0.0,0.00037901367156922827,3
SEA_A,splice,severe,d3_oof,learned_features,macro_recall_difference,0.00020076361872885715,0.0003477327879497672,0.0,0.0006022908561865714,3
SEA_A,splice,severe,d3_oof,learned_features,malicious_precision_difference,,,,,0
SEA_A,splice,severe,d3_oof,learned_features,malicious_recall_difference,,,,,0
SEA_A,splice,severe,d3_oof,learned_features,poison_admission_rate_difference,0.010047400817720264,0.017402608700300585,0.0,0.030142202453160793,3
SEA_A,splice,severe,d3_oof,learned_features,roc_auc_difference,0.00013714153942031201,0.00023753611410419042,0.0,0.000411424618260936,3
SEA_A,splice,severe,d3_oof,learned_features_label,accuracy_difference,0.0,0.0,0.0,0.0,3
SEA_A,splice,severe,d3_oof,learned_features_label,average_precision_difference,0.0,0.0,0.0,0.0,3
SEA_A,splice,severe,d3_oof,learned_features_label,benign_fpr_difference,,,,,0
SEA_A,splice,severe,d3_oof,learned_features_label,legitimate_withhold_rate_difference,0.0,0.0,0.0,0.0,3
SEA_A,splice,severe,d3_oof,learned_features_label,macro_f1_difference,0.0,0.0,0.0,0.0,3
SEA_A,splice,severe,d3_oof,learned_features_label,macro_precision_difference,0.0,0.0,0.0,0.0,3
SEA_A,splice,severe,d3_oof,learned_features_label,macro_recall_difference,0.0,0.0,0.0,0.0,3
SEA_A,splice,severe,d3_oof,learned_features_label,malicious_precision_difference,,,,,0
SEA_A,splice,severe,d3_oof,learned_features_label,malicious_recall_difference,,,,,0
SEA_A,splice,severe,d3_oof,learned_features_label,poison_admission_rate_difference,0.0,0.0,0.0,0.0,3
SEA_A,splice,severe,d3_oof,learned_features_label,roc_auc_difference,0.0,0.0,0.0,0.0,3
SEA_A,splice,severe,d3_oof,none,accuracy_difference,0.006507079734653994,0.006522665867627059,0.0,0.013045220797841539,3
SEA_A,splice,severe,d3_oof,none,average_precision_difference,0.002231773876927486,0.001932797671906918,0.0,0.0033574517411312232,3
SEA_A,splice,severe,d3_oof,none,benign_fpr_difference,,,,,0
SEA_A,splice,severe,d3_oof,none,legitimate_withhold_rate_difference,0.019173384286782502,0.017630901974631467,0.0,0.03468752998820229,3
SEA_A,splice,severe,d3_oof,none,macro_f1_difference,0.007512923844504675,0.007686360751276155,0.0,0.01536171066573111,3
SEA_A,splice,severe,d3_oof,none,macro_precision_difference,0.005318987939913773,0.004766329132960578,0.0,0.009202887428886974,3
SEA_A,splice,severe,d3_oof,none,macro_recall_difference,0.008850624092991977,0.00967543415087904,0.0,0.019180499280094465,3
SEA_A,splice,severe,d3_oof,none,malicious_precision_difference,,,,,0
SEA_A,splice,severe,d3_oof,none,malicious_recall_difference,,,,,0
SEA_A,splice,severe,d3_oof,none,poison_admission_rate_difference,-0.017456261068938828,0.02081342526738051,-0.04049026045086457,0.0,3
SEA_A,splice,severe,d3_oof,none,roc_auc_difference,0.0017109358495556541,0.001587169354380689,0.0,0.003135289042655809,3
SEA_A,splice,severe,hddm_w,learned_features,accuracy_difference,0.0,0.0,0.0,0.0,3
SEA_A,splice,severe,hddm_w,learned_features,average_precision_difference,0.0,0.0,0.0,0.0,3
SEA_A,splice,severe,hddm_w,learned_features,benign_fpr_difference,,,,,0
SEA_A,splice,severe,hddm_w,learned_features,legitimate_withhold_rate_difference,0.0,0.0,0.0,0.0,3
SEA_A,splice,severe,hddm_w,learned_features,macro_f1_difference,0.0,0.0,0.0,0.0,3
SEA_A,splice,severe,hddm_w,learned_features,macro_precision_difference,0.0,0.0,0.0,0.0,3
SEA_A,splice,severe,hddm_w,learned_features,macro_recall_difference,0.0,0.0,0.0,0.0,3
SEA_A,splice,severe,hddm_w,learned_features,malicious_precision_difference,,,,,0
SEA_A,splice,severe,hddm_w,learned_features,malicious_recall_difference,,,,,0
SEA_A,splice,severe,hddm_w,learned_features,poison_admission_rate_difference,0.0,0.0,0.0,0.0,3
SEA_A,splice,severe,hddm_w,learned_features,roc_auc_difference,0.0,0.0,0.0,0.0,3
SEA_A,splice,severe,hddm_w,learned_features_label,accuracy_difference,0.0,0.0,0.0,0.0,3
SEA_A,splice,severe,hddm_w,learned_features_label,average_precision_difference,0.0,0.0,0.0,0.0,3
SEA_A,splice,severe,hddm_w,learned_features_label,benign_fpr_difference,,,,,0
SEA_A,splice,severe,hddm_w,learned_features_label,legitimate_withhold_rate_difference,0.0,0.0,0.0,0.0,3
SEA_A,splice,severe,hddm_w,learned_features_label,macro_f1_difference,0.0,0.0,0.0,0.0,3
SEA_A,splice,severe,hddm_w,learned_features_label,macro_precision_difference,0.0,0.0,0.0,0.0,3
SEA_A,splice,severe,hddm_w,learned_features_label,macro_recall_difference,0.0,0.0,0.0,0.0,3
SEA_A,splice,severe,hddm_w,learned_features_label,malicious_precision_difference,,,,,0
SEA_A,splice,severe,hddm_w,learned_features_label,malicious_recall_difference,,,,,0
SEA_A,splice,severe,hddm_w,learned_features_label,poison_admission_rate_difference,0.0,0.0,0.0,0.0,3
SEA_A,splice,severe,hddm_w,learned_features_label,roc_auc_difference,0.0,0.0,0.0,0.0,3
SEA_A,splice,severe,hddm_w,none,accuracy_difference,0.006825816852225941,0.006845534183517441,0.0,0.013690899445817584,3
SEA_A,splice,severe,hddm_w,none,average_precision_difference,0.001914537909043908,0.0018309521184516537,0.0,0.00364852695870177,3
SEA_A,splice,severe,hddm_w,none,benign_fpr_difference,,,,,0
SEA_A,splice,severe,hddm_w,none,legitimate_withhold_rate_difference,0.035061173542563766,0.032425649956807315,0.0,0.0639697371764108,3
SEA_A,splice,severe,hddm_w,none,macro_f1_difference,0.007869773278272577,0.008093398451405937,0.0,0.016169645588022252,3
SEA_A,splice,severe,hddm_w,none,macro_precision_difference,0.0057373609725898484,0.005093507546372844,0.0,0.00972668231464957,3
SEA_A,splice,severe,hddm_w,none,macro_recall_difference,0.009249953941180925,0.010323315090388311,0.0,0.020386428321734984,3
SEA_A,splice,severe,hddm_w,none,malicious_precision_difference,,,,,0
SEA_A,splice,severe,hddm_w,none,malicious_recall_difference,,,,,0
SEA_A,splice,severe,hddm_w,none,poison_admission_rate_difference,-0.055369896492657,0.04996096226928323,-0.0970808446201733,0.0,3
SEA_A,splice,severe,hddm_w,none,roc_auc_difference,0.00154875400798223,0.001341320463524639,0.0,0.0023358334896523836,3
SEA_A,splice,severe,hellinger,learned_features,accuracy_difference,0.012851097866125705,0.005204692992948761,0.00873443807695562,0.01870134855181682,3
SEA_A,splice,severe,hellinger,learned_features,average_precision_difference,0.0039093159334512295,0.001990418088115368,0.002197894164296832,0.006093575203125923,3
SEA_A,splice,severe,hellinger,learned_features,benign_fpr_difference,,,,,0
SEA_A,splice,severe,hellinger,learned_features,legitimate_withhold_rate_difference,0.035542688815939305,0.019897980818961075,0.017088228986783097,0.056623370758609806,3
SEA_A,splice,severe,hellinger,learned_features,macro_f1_difference,0.014804149551508808,0.005727430879200436,0.010426133297061546,0.021285965004115837,3
SEA_A,splice,severe,hellinger,learned_features,macro_precision_difference,0.010889223449263574,0.005651057542222496,0.00554567803099959,0.016804349842118982,3
SEA_A,splice,severe,hellinger,learned_features,macro_recall_difference,0.01708869573047489,0.00582278274772453,0.013508305215448546,0.023807420357600306,3
SEA_A,splice,severe,hellinger,learned_features,malicious_precision_difference,,,,,0
SEA_A,splice,severe,hellinger,learned_features,malicious_recall_difference,,,,,0
SEA_A,splice,severe,hellinger,learned_features,poison_admission_rate_difference,-0.0259008352065259,0.027099005978090708,-0.044261494688284,0.005223075886238049,3
SEA_A,splice,severe,hellinger,learned_features,roc_auc_difference,0.0032380344589727126,0.001602590315607207,0.0015476093017117165,0.004735276799540777,3
SEA_A,splice,severe,hellinger,learned_features_label,accuracy_difference,0.013092580049123911,0.003685444694053526,0.008848858339258747,0.015489435685537178,3
SEA_A,splice,severe,hellinger,learned_features_label,average_precision_difference,0.004119478988085327,0.0008327214706416925,0.0034066075933475437,0.005034740086264811,3
SEA_A,splice,severe,hellinger,learned_features_label,benign_fpr_difference,,,,,0
SEA_A,splice,severe,hellinger,learned_features_label,legitimate_withhold_rate_difference,0.02288687497595143,0.022478182480538487,0.00444344070236849,0.047924675280689596,3
SEA_A,splice,severe,hellinger,learned_features_label,macro_f1_difference,0.01509658781678865,0.004559974319282059,0.009870869876343114,0.018268257844249125,3
SEA_A,splice,severe,hellinger,learned_features_label,macro_precision_difference,0.01088023954988652,0.0016044711653184665,0.009271802998114365,0.012480715707699597,3
SEA_A,splice,severe,hellinger,learned_features_label,macro_recall_difference,0.01757108523068618,0.006565881282852469,0.010147555472557301,0.022616717220126925,3
SEA_A,splice,severe,hellinger,learned_features_label,malicious_precision_difference,,,,,0
SEA_A,splice,severe,hellinger,learned_features_label,malicious_recall_difference,,,,,0
SEA_A,splice,severe,hellinger,learned_features_label,poison_admission_rate_difference,-0.02281867592569109,0.0423650343951649,-0.06934693671397552,0.013527382855220038,3
SEA_A,splice,severe,hellinger,learned_features_label,roc_auc_difference,0.0027992382449665287,0.00099793805264777,0.00199307090346601,0.003915379430960764,3
SEA_A,splice,severe,hellinger,none,accuracy_difference,0.011737196464639147,0.005092845812350044,0.007684272930017277,0.017453839336618593,3
SEA_A,splice,severe,hellinger,none,average_precision_difference,0.0032664808493406694,0.0015567198755063057,0.0019254800105942271,0.004973641451057831,3
SEA_A,splice,severe,hellinger,none,benign_fpr_difference,,,,,0
SEA_A,splice,severe,hellinger,none,legitimate_withhold_rate_difference,0.08899106290447954,0.09636129777536832,0.002449859725773787,0.19282951754509783,3
SEA_A,splice,severe,hellinger,none,macro_f1_difference,0.013277905802485593,0.005811650419655219,0.008779307560397687,0.01983965677746269,3
SEA_A,splice,severe,hellinger,none,macro_precision_difference,0.010966815403379552,0.004460150530508215,0.006702128360789539,0.015599614098511183,3
SEA_A,splice,severe,hellinger,none,macro_recall_difference,0.014587372871764223,0.006727334013483062,0.009955495104641332,0.022303895445242028,3
SEA_A,splice,severe,hellinger,none,malicious_precision_difference,,,,,0
SEA_A,splice,severe,hellinger,none,malicious_recall_difference,,,,,0
SEA_A,splice,severe,hellinger,none,poison_admission_rate_difference,-0.09712583331109648,0.060287128574385604,-0.16062925885421053,-0.040675454989309245,3
SEA_A,splice,severe,hellinger,none,roc_auc_difference,0.0022545757557537183,0.001672365630184945,0.000759833477631755,0.0040607745212581925,3
radar,clean,none,adwin,learned_features,accuracy_difference,-0.03604169940803603,,-0.03604169940803603,-0.03604169940803603,1
radar,clean,none,adwin,learned_features,average_precision_difference,-0.328939332712523,,-0.328939332712523,-0.328939332712523,1
radar,clean,none,adwin,learned_features,benign_fpr_difference,0.04282464485133872,,0.04282464485133872,0.04282464485133872,1
radar,clean,none,adwin,learned_features,legitimate_withhold_rate_difference,0.1312584081736538,,0.1312584081736538,0.1312584081736538,1
radar,clean,none,adwin,learned_features,macro_f1_difference,-0.028614180959765395,,-0.028614180959765395,-0.028614180959765395,1
radar,clean,none,adwin,learned_features,macro_precision_difference,-0.021640262579073366,,-0.021640262579073366,-0.021640262579073366,1
radar,clean,none,adwin,learned_features,macro_recall_difference,-0.09444804292013981,,-0.09444804292013981,-0.09444804292013981,1
radar,clean,none,adwin,learned_features,malicious_precision_difference,-0.12600997611502301,,-0.12600997611502301,-0.12600997611502301,1
radar,clean,none,adwin,learned_features,malicious_recall_difference,-0.20555761393108551,,-0.20555761393108551,-0.20555761393108551,1
radar,clean,none,adwin,learned_features,poison_admission_rate_difference,,,,,0
radar,clean,none,adwin,learned_features,roc_auc_difference,-0.1743300713603606,,-0.1743300713603606,-0.1743300713603606,1
radar,clean,none,adwin,learned_features_label,accuracy_difference,-0.02709675729477712,,-0.02709675729477712,-0.02709675729477712,1
radar,clean,none,adwin,learned_features_label,average_precision_difference,-0.31963051876536197,,-0.31963051876536197,-0.31963051876536197,1
radar,clean,none,adwin,learned_features_label,benign_fpr_difference,0.015605860549466305,,0.015605860549466305,0.015605860549466305,1
radar,clean,none,adwin,learned_features_label,legitimate_withhold_rate_difference,0.1445151438024942,,0.1445151438024942,0.1445151438024942,1
radar,clean,none,adwin,learned_features_label,macro_f1_difference,-0.043726066043841105,,-0.043726066043841105,-0.043726066043841105,1
radar,clean,none,adwin,learned_features_label,macro_precision_difference,-0.056128272303111126,,-0.056128272303111126,-0.056128272303111126,1
radar,clean,none,adwin,learned_features_label,macro_recall_difference,-0.030098735198760274,,-0.030098735198760274,-0.030098735198760274,1
radar,clean,none,adwin,learned_features_label,malicious_precision_difference,-0.08565902538601228,,-0.08565902538601228,-0.08565902538601228,1
radar,clean,none,adwin,learned_features_label,malicious_recall_difference,-0.19273805113004827,,-0.19273805113004827,-0.19273805113004827,1
radar,clean,none,adwin,learned_features_label,poison_admission_rate_difference,,,,,0
radar,clean,none,adwin,learned_features_label,roc_auc_difference,-0.09082661186997987,,-0.09082661186997987,-0.09082661186997987,1
radar,clean,none,adwin,none,accuracy_difference,-0.03604169940803603,,-0.03604169940803603,-0.03604169940803603,1
radar,clean,none,adwin,none,average_precision_difference,-0.3289456248955757,,-0.3289456248955757,-0.3289456248955757,1
radar,clean,none,adwin,none,benign_fpr_difference,0.04282464485133872,,0.04282464485133872,0.04282464485133872,1
radar,clean,none,adwin,none,legitimate_withhold_rate_difference,0.1312584081736538,,0.1312584081736538,0.1312584081736538,1
radar,clean,none,adwin,none,macro_f1_difference,-0.028614180959765395,,-0.028614180959765395,-0.028614180959765395,1
radar,clean,none,adwin,none,macro_precision_difference,-0.021640262579073366,,-0.021640262579073366,-0.021640262579073366,1
radar,clean,none,adwin,none,macro_recall_difference,-0.09444804292013981,,-0.09444804292013981,-0.09444804292013981,1
radar,clean,none,adwin,none,malicious_precision_difference,-0.12600997611502301,,-0.12600997611502301,-0.12600997611502301,1
radar,clean,none,adwin,none,malicious_recall_difference,-0.20555761393108551,,-0.20555761393108551,-0.20555761393108551,1
radar,clean,none,adwin,none,poison_admission_rate_difference,,,,,0
radar,clean,none,adwin,none,roc_auc_difference,-0.1743336926814757,,-0.1743336926814757,-0.1743336926814757,1
radar,clean,none,d3_oof,learned_features,accuracy_difference,-0.04569385509979562,,-0.04569385509979562,-0.04569385509979562,1
radar,clean,none,d3_oof,learned_features,average_precision_difference,-0.375886303195452,,-0.375886303195452,-0.375886303195452,1
radar,clean,none,d3_oof,learned_features,benign_fpr_difference,0.0575714672054215,,0.0575714672054215,0.0575714672054215,1
radar,clean,none,d3_oof,learned_features,legitimate_withhold_rate_difference,0.0759917099952733,,0.0759917099952733,0.0759917099952733,1
radar,clean,none,d3_oof,learned_features,macro_f1_difference,-0.025826083228856905,,-0.025826083228856905,-0.025826083228856905,1
radar,clean,none,d3_oof,learned_features,macro_precision_difference,-0.01625005149883768,,-0.01625005149883768,-0.01625005149883768,1
radar,clean,none,d3_oof,learned_features,macro_recall_difference,0.001771160116860071,,0.001771160116860071,0.001771160116860071,1
radar,clean,none,d3_oof,learned_features,malicious_precision_difference,-0.09710920977773096,,-0.09710920977773096,-0.09710920977773096,1
radar,clean,none,d3_oof,learned_features,malicious_recall_difference,-0.06669136717302704,,-0.06669136717302704,-0.06669136717302704,1
radar,clean,none,d3_oof,learned_features,poison_admission_rate_difference,,,,,0
radar,clean,none,d3_oof,learned_features,roc_auc_difference,-0.21509675549373253,,-0.21509675549373253,-0.21509675549373253,1
radar,clean,none,d3_oof,learned_features_label,accuracy_difference,-0.03048876316203053,,-0.03048876316203053,-0.03048876316203053,1
radar,clean,none,d3_oof,learned_features_label,average_precision_difference,-0.3587037300857448,,-0.3587037300857448,-0.3587037300857448,1
radar,clean,none,d3_oof,learned_features_label,benign_fpr_difference,0.041838341738120705,,0.041838341738120705,0.041838341738120705,1
radar,clean,none,d3_oof,learned_features_label,legitimate_withhold_rate_difference,0.062153219648765606,,0.062153219648765606,0.062153219648765606,1
radar,clean,none,d3_oof,learned_features_label,macro_f1_difference,-0.030615406163354703,,-0.030615406163354703,-0.030615406163354703,1
radar,clean,none,d3_oof,learned_features_label,macro_precision_difference,-0.02815909813102835,,-0.02815909813102835,-0.02815909813102835,1
radar,clean,none,d3_oof,learned_features_label,macro_recall_difference,-0.01848319037737961,,-0.01848319037737961,-0.01848319037737961,1
radar,clean,none,d3_oof,learned_features_label,malicious_precision_difference,-0.08937311974326789,,-0.08937311974326789,-0.08937311974326789,1
radar,clean,none,d3_oof,learned_features_label,malicious_recall_difference,-0.097591700629863,,-0.097591700629863,-0.097591700629863,1
radar,clean,none,d3_oof,learned_features_label,poison_admission_rate_difference,,,,,0
radar,clean,none,d3_oof,learned_features_label,roc_auc_difference,-0.13674907178154538,,-0.13674907178154538,-0.13674907178154538,1
radar,clean,none,d3_oof,none,accuracy_difference,-0.04569385509979562,,-0.04569385509979562,-0.04569385509979562,1
radar,clean,none,d3_oof,none,average_precision_difference,-0.375886303195452,,-0.375886303195452,-0.375886303195452,1
radar,clean,none,d3_oof,none,benign_fpr_difference,0.0575714672054215,,0.0575714672054215,0.0575714672054215,1
radar,clean,none,d3_oof,none,legitimate_withhold_rate_difference,0.0759917099952732,,0.0759917099952732,0.0759917099952732,1
radar,clean,none,d3_oof,none,macro_f1_difference,-0.025826083228856905,,-0.025826083228856905,-0.025826083228856905,1
radar,clean,none,d3_oof,none,macro_precision_difference,-0.01625005149883768,,-0.01625005149883768,-0.01625005149883768,1
radar,clean,none,d3_oof,none,macro_recall_difference,0.001771160116860071,,0.001771160116860071,0.001771160116860071,1
radar,clean,none,d3_oof,none,malicious_precision_difference,-0.09710920977773096,,-0.09710920977773096,-0.09710920977773096,1
radar,clean,none,d3_oof,none,malicious_recall_difference,-0.06669136717302704,,-0.06669136717302704,-0.06669136717302704,1
radar,clean,none,d3_oof,none,poison_admission_rate_difference,,,,,0
radar,clean,none,d3_oof,none,roc_auc_difference,-0.21509675549373253,,-0.21509675549373253,-0.21509675549373253,1
radar,clean,none,hddm_w,learned_features,accuracy_difference,0.02763371575252771,,0.02763371575252771,0.02763371575252771,1
radar,clean,none,hddm_w,learned_features,average_precision_difference,-0.19235325471786913,,-0.19235325471786913,-0.19235325471786913,1
radar,clean,none,hddm_w,learned_features,benign_fpr_difference,-0.02699607069566179,,-0.02699607069566179,-0.02699607069566179,1
radar,clean,none,hddm_w,learned_features,legitimate_withhold_rate_difference,0.14507508271824898,,0.14507508271824898,0.14507508271824898,1
radar,clean,none,hddm_w,learned_features,macro_f1_difference,0.010500795888104708,,0.010500795888104708,0.010500795888104708,1
radar,clean,none,hddm_w,learned_features,macro_precision_difference,0.04067256285561943,,0.04067256285561943,0.04067256285561943,1
radar,clean,none,hddm_w,learned_features,macro_recall_difference,-0.04921351701288079,,-0.04921351701288079,-0.04921351701288079,1
radar,clean,none,hddm_w,learned_features,malicious_precision_difference,-0.0038732226518217727,,-0.0038732226518217727,-0.0038732226518217727,1
radar,clean,none,hddm_w,learned_features,malicious_recall_difference,-0.1604297888106706,,-0.1604297888106706,-0.1604297888106706,1
radar,clean,none,hddm_w,learned_features,poison_admission_rate_difference,,,,,0
radar,clean,none,hddm_w,learned_features,roc_auc_difference,-0.0729776234477808,,-0.0729776234477808,-0.0729776234477808,1
radar,clean,none,hddm_w,learned_features_label,accuracy_difference,-0.022774896537272826,,-0.022774896537272826,-0.022774896537272826,1
radar,clean,none,hddm_w,learned_features_label,average_precision_difference,-0.2502024813603439,,-0.2502024813603439,-0.2502024813603439,1
radar,clean,none,hddm_w,learned_features_label,benign_fpr_difference,0.01733984505496261,,0.01733984505496261,0.01733984505496261,1
radar,clean,none,hddm_w,learned_features_label,legitimate_withhold_rate_difference,0.1514307530087626,,0.1514307530087626,0.1514307530087626,1
radar,clean,none,hddm_w,learned_features_label,macro_f1_difference,-0.028299682885658206,,-0.028299682885658206,-0.028299682885658206,1
radar,clean,none,hddm_w,learned_features_label,macro_precision_difference,-0.02416939178080485,,-0.02416939178080485,-0.02416939178080485,1
radar,clean,none,hddm_w,learned_features_label,macro_recall_difference,0.0030378346755526864,,0.0030378346755526864,0.0030378346755526864,1
radar,clean,none,hddm_w,learned_features_label,malicious_precision_difference,-0.0755807419666551,,-0.0755807419666551,-0.0755807419666551,1
radar,clean,none,hddm_w,learned_features_label,malicious_recall_difference,-0.15694701741385708,,-0.15694701741385708,-0.15694701741385708,1
radar,clean,none,hddm_w,learned_features_label,poison_admission_rate_difference,,,,,0
radar,clean,none,hddm_w,learned_features_label,roc_auc_difference,-0.0670656858788381,,-0.0670656858788381,-0.0670656858788381,1
radar,clean,none,hddm_w,none,accuracy_difference,0.02763371575252771,,0.02763371575252771,0.02763371575252771,1
radar,clean,none,hddm_w,none,average_precision_difference,-0.1923629356056502,,-0.1923629356056502,-0.1923629356056502,1
radar,clean,none,hddm_w,none,benign_fpr_difference,-0.02699607069566179,,-0.02699607069566179,-0.02699607069566179,1
radar,clean,none,hddm_w,none,legitimate_withhold_rate_difference,0.14507508271824887,,0.14507508271824887,0.14507508271824887,1
radar,clean,none,hddm_w,none,macro_f1_difference,0.010500795888104708,,0.010500795888104708,0.010500795888104708,1
radar,clean,none,hddm_w,none,macro_precision_difference,0.04067256285561943,,0.04067256285561943,0.04067256285561943,1
radar,clean,none,hddm_w,none,macro_recall_difference,-0.04921351701288079,,-0.04921351701288079,-0.04921351701288079,1
radar,clean,none,hddm_w,none,malicious_precision_difference,-0.0038732226518217727,,-0.0038732226518217727,-0.0038732226518217727,1
radar,clean,none,hddm_w,none,malicious_recall_difference,-0.1604297888106706,,-0.1604297888106706,-0.1604297888106706,1
radar,clean,none,hddm_w,none,poison_admission_rate_difference,,,,,0
radar,clean,none,hddm_w,none,roc_auc_difference,-0.07298144280989427,,-0.07298144280989427,-0.07298144280989427,1
radar,clean,none,hellinger,learned_features,accuracy_difference,-0.07478128765257475,,-0.07478128765257475,-0.07478128765257475,1
radar,clean,none,hellinger,learned_features,average_precision_difference,-0.3320243742939392,,-0.3320243742939392,-0.3320243742939392,1
radar,clean,none,hellinger,learned_features,benign_fpr_difference,0.0789201571721736,,0.0789201571721736,0.0789201571721736,1
radar,clean,none,hellinger,learned_features,legitimate_withhold_rate_difference,0.13816674544595142,,0.13816674544595142,0.13816674544595142,1
radar,clean,none,hellinger,learned_features,macro_f1_difference,-0.022325553498732997,,-0.022325553498732997,-0.022325553498732997,1
radar,clean,none,hellinger,learned_features,macro_precision_difference,-0.011501699238139762,,-0.011501699238139762,-0.011501699238139762,1
radar,clean,none,hellinger,learned_features,macro_recall_difference,-0.025643498264354914,,-0.025643498264354914,-0.025643498264354914,1
radar,clean,none,hellinger,learned_features,malicious_precision_difference,-0.152443439792587,,-0.152443439792587,-0.152443439792587,1
radar,clean,none,hellinger,learned_features,malicious_recall_difference,-0.1675435346424602,,-0.1675435346424602,-0.1675435346424602,1
radar,clean,none,hellinger,learned_features,poison_admission_rate_difference,,,,,0
radar,clean,none,hellinger,learned_features,roc_auc_difference,-0.14674543401595463,,-0.14674543401595463,-0.14674543401595463,1
radar,clean,none,hellinger,learned_features_label,accuracy_difference,-0.06659594530881663,,-0.06659594530881663,-0.06659594530881663,1
radar,clean,none,hellinger,learned_features_label,average_precision_difference,-0.2903758930697315,,-0.2903758930697315,-0.2903758930697315,1
radar,clean,none,hellinger,learned_features_label,benign_fpr_difference,0.06667090883059451,,0.06667090883059451,0.06667090883059451,1
radar,clean,none,hellinger,learned_features_label,legitimate_withhold_rate_difference,0.1105043086208777,,0.1105043086208777,0.1105043086208777,1
radar,clean,none,hellinger,learned_features_label,macro_f1_difference,-0.030447680973006097,,-0.030447680973006097,-0.030447680973006097,1
radar,clean,none,hellinger,learned_features_label,macro_precision_difference,-0.04495385355003262,,-0.04495385355003262,-0.04495385355003262,1
radar,clean,none,hellinger,learned_features_label,macro_recall_difference,-0.026646607700702207,,-0.026646607700702207,-0.026646607700702207,1
radar,clean,none,hellinger,learned_features_label,malicious_precision_difference,-0.14335738314116558,,-0.14335738314116558,-0.14335738314116558,1
radar,clean,none,hellinger,learned_features_label,malicious_recall_difference,-0.17221193034457216,,-0.17221193034457216,-0.17221193034457216,1
radar,clean,none,hellinger,learned_features_label,poison_admission_rate_difference,,,,,0
radar,clean,none,hellinger,learned_features_label,roc_auc_difference,-0.10040753183159834,,-0.10040753183159834,-0.10040753183159834,1
radar,clean,none,hellinger,none,accuracy_difference,-0.07478128765257475,,-0.07478128765257475,-0.07478128765257475,1
radar,clean,none,hellinger,none,average_precision_difference,-0.3320243742939392,,-0.3320243742939392,-0.3320243742939392,1
radar,clean,none,hellinger,none,benign_fpr_difference,0.0789201571721736,,0.0789201571721736,0.0789201571721736,1
radar,clean,none,hellinger,none,legitimate_withhold_rate_difference,0.1381667454459513,,0.1381667454459513,0.1381667454459513,1
radar,clean,none,hellinger,none,macro_f1_difference,-0.022325553498732997,,-0.022325553498732997,-0.022325553498732997,1
radar,clean,none,hellinger,none,macro_precision_difference,-0.011501699238139762,,-0.011501699238139762,-0.011501699238139762,1
radar,clean,none,hellinger,none,macro_recall_difference,-0.025643498264354914,,-0.025643498264354914,-0.025643498264354914,1
radar,clean,none,hellinger,none,malicious_precision_difference,-0.152443439792587,,-0.152443439792587,-0.152443439792587,1
radar,clean,none,hellinger,none,malicious_recall_difference,-0.1675435346424602,,-0.1675435346424602,-0.1675435346424602,1
radar,clean,none,hellinger,none,poison_admission_rate_difference,,,,,0
radar,clean,none,hellinger,none,roc_auc_difference,-0.14674543401595463,,-0.14674543401595463,-0.14674543401595463,1
radar,concept,moderate,adwin,learned_features,accuracy_difference,-0.02676234713002379,0.0525072064547449,-0.0873855591529441,0.00434068335619231,3
radar,concept,moderate,adwin,learned_features,average_precision_difference,-0.2397421536029755,0.06991284183132533,-0.30371195209304186,-0.1651109870677428,3
radar,concept,moderate,adwin,learned_features,benign_fpr_difference,0.02572845016911939,0.05844672690411405,-0.03439153439153442,0.08234424178074398,3
radar,concept,moderate,adwin,learned_features,legitimate_withhold_rate_difference,0.1027402550714267,0.04400070933025607,0.0583779805207032,0.1463702587289625,3
radar,concept,moderate,adwin,learned_features,macro_f1_difference,-0.0328447163768009,0.037354948945912576,-0.07507355647865419,-0.004118725627863501,3
radar,concept,moderate,adwin,learned_features,macro_precision_difference,-0.028880169813514628,0.06011452420965061,-0.0982400312008962,0.008179517631417998,3
radar,concept,moderate,adwin,learned_features,macro_recall_difference,-0.023693576113946718,0.020152470859201545,-0.039181584574417117,-0.000909183684690007,3
radar,concept,moderate,adwin,learned_features,malicious_precision_difference,-0.12813959785005652,0.12330615026537048,-0.26513828477616974,-0.02605563694602353,3
radar,concept,moderate,adwin,learned_features,malicious_recall_difference,-0.26950478014897267,0.09684391512078508,-0.3760054186775038,-0.1867255870375184,3
radar,concept,moderate,adwin,learned_features,poison_admission_rate_difference,-0.035022439372012805,0.029116688378760913,-0.06823334254907376,-0.013882842354762281,3
radar,concept,moderate,adwin,learned_features,roc_auc_difference,-0.09816238473846779,0.029890094327056273,-0.1325642982985482,-0.078553317405756,3
radar,concept,moderate,adwin,learned_features_label,accuracy_difference,-0.018080432972334488,0.017240042624458503,-0.03329047449382683,0.0006470896373216295,3
radar,concept,moderate,adwin,learned_features_label,average_precision_difference,-0.20684087232782708,0.1282270011625902,-0.29097338510832527,-0.05925943197299216,3
radar,concept,moderate,adwin,learned_features_label,benign_fpr_difference,0.037653804245313165,0.029181485207193974,0.012327307466196397,0.0695650525198134,3
radar,concept,moderate,adwin,learned_features_label,legitimate_withhold_rate_difference,0.09885638495147915,0.025600177778817467,0.07324122434627489,0.1244415535509491,3
radar,concept,moderate,adwin,learned_features_label,macro_f1_difference,-0.0148377938925989,0.024934406143635394,-0.03298710415889289,0.013593423755083295,3
radar,concept,moderate,adwin,learned_features_label,macro_precision_difference,-0.02072555891751666,0.03095244583443032,-0.05405640015910418,0.007113275225089005,3
radar,concept,moderate,adwin,learned_features_label,macro_recall_difference,-0.0670004152892336,0.0708107422927416,-0.12140706034419246,0.01306214441063469,3
radar,concept,moderate,adwin,learned_features_label,malicious_precision_difference,-0.11815028720500294,0.023135779511361015,-0.14421013936382893,-0.10002846828565198,3
radar,concept,moderate,adwin,learned_features_label,malicious_recall_difference,-0.2223287819459335,0.06297622982068297,-0.2917680624318201,-0.16891033782067577,3
radar,concept,moderate,adwin,learned_features_label,poison_admission_rate_difference,-0.010148488958891436,0.00792922516767636,-0.017307160630356713,-0.001625705269197697,3
radar,concept,moderate,adwin,learned_features_label,roc_auc_difference,-0.09090632232477969,0.039014961653277634,-0.12486645873352453,-0.0482903596727523,3
radar,concept,moderate,adwin,none,accuracy_difference,-0.05081082087921818,0.06941580464857385,-0.1164934240081793,0.02181616491541616,3
radar,concept,moderate,adwin,none,average_precision_difference,-0.2449753303849227,0.05381502312199015,-0.27621018093431843,-0.18283538586429382,3
radar,concept,moderate,adwin,none,benign_fpr_difference,0.04253538054922765,0.07758736779706098,-0.026328117680127383,0.12659739865761632,3
radar,concept,moderate,adwin,none,legitimate_withhold_rate_difference,0.08574875655933913,0.04773276693038598,0.035702952804864393,0.1307711630243657,3
radar,concept,moderate,adwin,none,macro_f1_difference,-0.06677478240769696,0.05422803443009979,-0.1292487519511322,-0.0318728194277858,3
radar,concept,moderate,adwin,none,macro_precision_difference,-0.06203190337924885,0.056723147271626445,-0.126951163165975,-0.022046802207866423,3
radar,concept,moderate,adwin,none,macro_recall_difference,-0.11219325157559425,0.10232522395101011,-0.22731316063088303,-0.031589721783878866,3
radar,concept,moderate,adwin,none,malicious_precision_difference,-0.15216472152005192,0.11915399215865718,-0.28945933312781574,-0.07575107391643576,3
radar,concept,moderate,adwin,none,malicious_recall_difference,-0.2879996527869911,0.10138713439488194,-0.36203539073744806,-0.1724427288747168,3
radar,concept,moderate,adwin,none,poison_admission_rate_difference,-0.0671601782655253,0.07736416053714483,-0.13447608515344212,0.017356794491728,3
radar,concept,moderate,adwin,none,roc_auc_difference,-0.12574536454449406,0.06446553751049598,-0.1941171825033221,-0.06606874336885404,3
radar,concept,moderate,d3_oof,learned_features,accuracy_difference,-0.06938866162605455,0.04093362044104764,-0.11517667652936348,-0.03633815129090112,3
radar,concept,moderate,d3_oof,learned_features,average_precision_difference,-0.053500231244454945,0.0876649138432454,-0.13526833394135707,0.03906186336373352,3
radar,concept,moderate,d3_oof,learned_features,benign_fpr_difference,0.06524612227557362,0.08382288605058467,-0.0315439447383892,0.11383716961814108,3
radar,concept,moderate,d3_oof,learned_features,legitimate_withhold_rate_difference,0.08961432553227631,0.04802661876781099,0.04016535150031671,0.1360794504335297,3
radar,concept,moderate,d3_oof,learned_features,macro_f1_difference,-0.03435502480483979,0.02175075471587806,-0.05785047323670797,-0.014921712911352414,3
radar,concept,moderate,d3_oof,learned_features,macro_precision_difference,-0.019672393617515726,0.035660568239242144,-0.06084412800351269,0.0014985743209376123,3
radar,concept,moderate,d3_oof,learned_features,macro_recall_difference,-0.06431651932345266,0.03246675747510111,-0.09906211633522222,-0.034751593965832106,3
radar,concept,moderate,d3_oof,learned_features,malicious_precision_difference,-0.10550141008548829,0.11006622621724282,-0.20704819996490192,0.011459304278674254,3
radar,concept,moderate,d3_oof,learned_features,malicious_recall_difference,-0.08692232255367882,0.05045465349074451,-0.12209448686750035,-0.029113595009098048,3
radar,concept,moderate,d3_oof,learned_features,poison_admission_rate_difference,-0.026865568885982367,0.014404879728583904,-0.04307437102571188,-0.015527499637208009,3
radar,concept,moderate,d3_oof,learned_features,roc_auc_difference,-0.04386024751069254,0.03121242744937733,-0.07792259555922487,-0.016629418524216733,3
radar,concept,moderate,d3_oof,learned_features_label,accuracy_difference,-0.07615149977904238,0.08306234467135461,-0.1720601676142085,-0.027490994589217554,3
radar,concept,moderate,d3_oof,learned_features_label,average_precision_difference,-0.06705990844614468,0.03429597321041011,-0.09554104104869188,-0.02899010395507029,3
radar,concept,moderate,d3_oof,learned_features_label,benign_fpr_difference,0.08571513069689783,0.0768587017918562,0.021439594356261082,0.1708505555344887,3
radar,concept,moderate,d3_oof,learned_features_label,legitimate_withhold_rate_difference,0.1312296233376075,0.026624129337833792,0.11188143682491841,0.1615938113738304,3
radar,concept,moderate,d3_oof,learned_features_label,macro_f1_difference,-0.034559297434167774,0.042084937064431525,-0.08286518855575381,-0.005818586629896316,3
radar,concept,moderate,d3_oof,learned_features_label,macro_precision_difference,-0.03891323310874923,0.057124166343464955,-0.10315777288552488,0.006156998475927794,3
radar,concept,moderate,d3_oof,learned_features_label,macro_recall_difference,-0.03988002520369923,0.04998621250199654,-0.0969085888023195,-0.0036567460180004785,3
radar,concept,moderate,d3_oof,learned_features_label,malicious_precision_difference,-0.11507571538391094,0.1156315944885564,-0.24266377518048543,-0.01719897884464161,3
radar,concept,moderate,d3_oof,learned_features_label,malicious_recall_difference,-0.06827535551946869,0.11725620180369654,-0.19405638811277637,0.038012922715448316,3
radar,concept,moderate,d3_oof,learned_features_label,poison_admission_rate_difference,-0.01639614417911873,0.00786869711700729,-0.022283660492120605,-0.007459118293965797,3
radar,concept,moderate,d3_oof,learned_features_label,roc_auc_difference,-0.054475650479306435,0.057146092412071914,-0.12046205977816371,-0.021336778909046172,3
radar,concept,moderate,d3_oof,none,accuracy_difference,-0.05310428669885747,0.04098096972472107,-0.0923891995724444,-0.010615351431300657,3
radar,concept,moderate,d3_oof,none,average_precision_difference,0.01150488340803916,0.18529650800197742,-0.20243883179704647,0.1208976749028603,3
radar,concept,moderate,d3_oof,none,benign_fpr_difference,0.02720787086758064,0.009255979410271295,0.016752553171554413,0.0343559212771605,3
radar,concept,moderate,d3_oof,none,legitimate_withhold_rate_difference,0.06407853534491953,0.05725703112057344,0.0221153352390408,0.129305869547015,3
radar,concept,moderate,d3_oof,none,macro_f1_difference,-0.04429109705622747,0.11792373887520667,-0.1767496214468546,0.04927061247739001,3
radar,concept,moderate,d3_oof,none,macro_precision_difference,-0.02250729501423367,0.10038828653748727,-0.13408285250861468,0.06050141871499237,3
radar,concept,moderate,d3_oof,none,macro_recall_difference,-0.08411062512697949,0.1826299661493966,-0.2933861902521058,0.04303288819241552,3
radar,concept,moderate,d3_oof,none,malicious_precision_difference,-0.04824060221123466,0.04318032532816388,-0.09782937937576008,-0.018945615897408674,3
radar,concept,moderate,d3_oof,none,malicious_recall_difference,-0.031131962314023858,0.09308929875522988,-0.13605960545254414,0.04153729965595376,3
radar,concept,moderate,d3_oof,none,poison_admission_rate_difference,-0.06751432096621306,0.07268247100329754,-0.14415261266242752,0.00043033374772882826,3
radar,concept,moderate,d3_oof,none,roc_auc_difference,-0.024637067489696296,0.03889415394066731,-0.050491015155427865,0.02009297621595907,3
radar,concept,moderate,hddm_w,learned_features,accuracy_difference,-0.03631385812078162,0.05128496306774067,-0.07640233606493885,0.021477339522826266,3
radar,concept,moderate,hddm_w,learned_features,average_precision_difference,-0.23569210328469517,0.09586996800900276,-0.34179950086253874,-0.15530772758336797,3
radar,concept,moderate,hddm_w,learned_features,benign_fpr_difference,0.050027583267483085,0.05929110583999927,-0.016607877718988806,0.09695493300852617,3
radar,concept,moderate,hddm_w,learned_features,legitimate_withhold_rate_difference,0.09540841827279563,0.03628370829346785,0.05675185292959731,0.1287281252616595,3
radar,concept,moderate,hddm_w,learned_features,macro_f1_difference,-0.01533749802653453,0.057733080088817924,-0.06357990991727466,0.0486285420603525,3
radar,concept,moderate,hddm_w,learned_features,macro_precision_difference,-0.00224345076298745,0.04215891593541718,-0.04258140553560957,0.04152661232760832,3
radar,concept,moderate,hddm_w,learned_features,macro_recall_difference,-0.020956453444456773,0.07474528036954613,-0.07925749000369359,0.06330848027804697,3
radar,concept,moderate,hddm_w,learned_features,malicious_precision_difference,-0.13156776254807254,0.09824913347625439,-0.21764529341128513,-0.02452988587885324,3
radar,concept,moderate,hddm_w,learned_features,malicious_recall_difference,-0.21378924599043822,0.07654654789318485,-0.30158326983320616,-0.16103046068641447,3
radar,concept,moderate,hddm_w,learned_features,poison_admission_rate_difference,-0.02067430192529751,0.028192551824414172,-0.052474426320154754,0.0012576790983407915,3
radar,concept,moderate,hddm_w,learned_features,roc_auc_difference,-0.11485369282650282,0.04646678137991069,-0.16700825290624466,-0.07786366020193247,3
radar,concept,moderate,hddm_w,learned_features_label,accuracy_difference,-0.01748884357516234,0.03052594022285457,-0.05160590212361904,0.007241241179551938,3
radar,concept,moderate,hddm_w,learned_features_label,average_precision_difference,-0.19995331101454386,0.18949370638068283,-0.3228484694024023,0.018275803417135306,3
radar,concept,moderate,hddm_w,learned_features_label,benign_fpr_difference,0.04280311192451963,0.00469658118678319,0.0387167722118994,0.04793403916424621,3
radar,concept,moderate,hddm_w,learned_features_label,legitimate_withhold_rate_difference,0.12419545163237687,0.023259586434715287,0.1025789165201374,0.1488077917187313,3
radar,concept,moderate,hddm_w,learned_features_label,macro_f1_difference,-0.021141875246945042,0.006439239209834015,-0.027241999498995806,-0.01441007919739662,3
radar,concept,moderate,hddm_w,learned_features_label,macro_precision_difference,-0.023338043161207994,0.006662862763017381,-0.030589979602564266,-0.017487034809049007,3
radar,concept,moderate,hddm_w,learned_features_label,macro_recall_difference,-0.10020662692309883,0.027537640893492473,-0.13160057754290977,-0.08013511571328319,3
radar,concept,moderate,hddm_w,learned_features_label,malicious_precision_difference,-0.10425525278096696,0.019868686511140817,-0.11918243150583097,-0.0817036149971862,3
radar,concept,moderate,hddm_w,learned_features_label,malicious_recall_difference,-0.16790544469653068,0.06743075122992959,-0.224553159352186,-0.0933194697166625,3
radar,concept,moderate,hddm_w,learned_features_label,poison_admission_rate_difference,-0.013409439747614499,0.010642158905630032,-0.021233066076859305,-0.0012910012431863876,3
radar,concept,moderate,hddm_w,learned_features_label,roc_auc_difference,-0.09306322943411398,0.05376907574309754,-0.12978609378447847,-0.03134644082289828,3
radar,concept,moderate,hddm_w,none,accuracy_difference,-0.04014358469786864,0.0171920513470679,-0.05324307158458941,-0.020676054602039806,3
radar,concept,moderate,hddm_w,none,average_precision_difference,-0.2551691909452649,0.11399979350921961,-0.38265746314737903,-0.1630347702677114,3
radar,concept,moderate,hddm_w,none,benign_fpr_difference,0.03878218571779874,0.021479275801020315,0.014054232804232791,0.05280614635060443,3
radar,concept,moderate,hddm_w,none,legitimate_withhold_rate_difference,0.0641683044400884,0.009741418097399061,0.054800499820270104,0.07424464627233039,3
radar,concept,moderate,hddm_w,none,macro_f1_difference,-0.038330482390110276,0.0632321199850711,-0.11132532632585282,-0.0003785615725072078,3
radar,concept,moderate,hddm_w,none,macro_precision_difference,-0.03469931773290557,0.06089887286649167,-0.10431144303784567,0.008725719586315989,3
radar,concept,moderate,hddm_w,none,macro_recall_difference,-0.06459252752856957,0.09848002727121184,-0.17807553227486334,-0.001564412661151371,3
radar,concept,moderate,hddm_w,none,malicious_precision_difference,-0.15048608308974518,0.05481926709306003,-0.21148242151473606,-0.10533400420514377,3
radar,concept,moderate,hddm_w,none,malicious_recall_difference,-0.29074320420047367,0.1073182820462829,-0.37812208957751237,-0.17095572307425688,3
radar,concept,moderate,hddm_w,none,poison_admission_rate_difference,-0.03549210824964866,0.03523078106800213,-0.057901610796691205,0.005116190111886798,3
radar,concept,moderate,hddm_w,none,roc_auc_difference,-0.11278439311784257,0.025874169745062944,-0.12820027184893457,-0.08291261671518746,3
radar,concept,moderate,hellinger,learned_features,accuracy_difference,-0.026479859108710497,0.01572058786591565,-0.03982773844747722,-0.00915169629926349,3
radar,concept,moderate,hellinger,learned_features,average_precision_difference,-0.244223599146166,0.09266314643133496,-0.3458415520206821,-0.16440079071881236,3
radar,concept,moderate,hellinger,learned_features,benign_fpr_difference,0.03786284160658376,0.026207617887630433,0.009479717813051097,0.06114494518879418,3
radar,concept,moderate,hellinger,learned_features,legitimate_withhold_rate_difference,0.09799470155372403,0.03809686360924161,0.0550059054107257,0.1275726366909486,3
radar,concept,moderate,hellinger,learned_features,macro_f1_difference,-0.01804165092809626,0.009272297220014481,-0.02769894048065727,-0.009209499612569783,3
radar,concept,moderate,hellinger,learned_features,macro_precision_difference,-0.02172856802387409,0.018190728214965132,-0.037034328208685574,-0.0016176434675684026,3
radar,concept,moderate,hellinger,learned_features,macro_recall_difference,-0.035822819475282076,0.01037221798573085,-0.04313517604468653,-0.023952020870995128,3
radar,concept,moderate,hellinger,learned_features,malicious_precision_difference,-0.10868232497426429,0.027990582725619845,-0.1259385593063076,-0.07638694130304657,3
radar,concept,moderate,hellinger,learned_features,malicious_recall_difference,-0.18322658887301882,0.027581762606137244,-0.20701518838633892,-0.1529929726526118,3
radar,concept,moderate,hellinger,learned_features,poison_admission_rate_difference,-0.034395572031419054,0.02858287617391228,-0.05811445949682048,-0.0026604750157210866,3
radar,concept,moderate,hellinger,learned_features,roc_auc_difference,-0.11038700490927562,0.024606471701334915,-0.13873453367715738,-0.09454241463548763,3
radar,concept,moderate,hellinger,learned_features_label,accuracy_difference,-0.06329167910435744,0.05608798836801527,-0.12255046241073231,-0.011031337626721704,3
radar,concept,moderate,hellinger,learned_features_label,average_precision_difference,-0.1867005571911274,0.13533205417700306,-0.3374898018004902,-0.07578526948768693,3
radar,concept,moderate,hellinger,learned_features_label,benign_fpr_difference,0.06300522752860059,0.03469847110169533,0.02992724867724869,0.09912403776876111,3
radar,concept,moderate,hellinger,learned_features_label,legitimate_withhold_rate_difference,0.14031730965175995,0.019257925043969188,0.11810361832231281,0.1523082453227435,3
radar,concept,moderate,hellinger,learned_features_label,macro_f1_difference,-0.04204338378718223,0.03697957356827149,-0.0847100006681481,-0.019240818990285485,3
radar,concept,moderate,hellinger,learned_features_label,macro_precision_difference,-0.0348672732146214,0.054029545163954404,-0.09634353891638028,0.005073756851203287,3
radar,concept,moderate,hellinger,learned_features_label,macro_recall_difference,-0.10835143177790597,0.041378966920510664,-0.1433246811588345,-0.06267131893479816,3
radar,concept,moderate,hellinger,learned_features_label,malicious_precision_difference,-0.16566943672654524,0.1400747948910028,-0.32207477802810053,-0.05177397866690153,3
radar,concept,moderate,hellinger,learned_features_label,malicious_recall_difference,-0.261634740461324,0.25408121135597506,-0.5441537549741768,-0.05185868926743309,3
radar,concept,moderate,hellinger,learned_features_label,poison_admission_rate_difference,-0.018921441039216797,0.0029288727377292214,-0.020654960576597492,-0.01553982977909539,3
radar,concept,moderate,hellinger,learned_features_label,roc_auc_difference,-0.09867955869394929,0.009698683256877281,-0.10597336037997451,-0.0876729839695114,3
radar,concept,moderate,hellinger,none,accuracy_difference,0.01400451807632704,0.019670399556054884,-0.003702384087494015,0.03517762136580804,3
radar,concept,moderate,hellinger,none,average_precision_difference,-0.11234890727234037,0.13162616542132638,-0.19885147700719552,0.03913096206089395,3
radar,concept,moderate,hellinger,none,benign_fpr_difference,-0.005874927363519651,0.025993253603044386,-0.03488756613756619,0.015290921015647024,3
radar,concept,moderate,hellinger,none,legitimate_withhold_rate_difference,0.08377188249636043,0.030183372559251853,0.052083601341326405,0.11218286862597342,3
radar,concept,moderate,hellinger,none,macro_f1_difference,0.01520388087278729,0.049246195135430486,-0.03570389798779783,0.0626005657933591,3
radar,concept,moderate,hellinger,none,macro_precision_difference,0.019647068862029438,0.05271357943823034,-0.028855298795001094,0.0757472982953552,3
radar,concept,moderate,hellinger,none,macro_recall_difference,0.010492536459768442,0.08650126717374267,-0.08929304563277984,0.0642059854993326,3
radar,concept,moderate,hellinger,none,malicious_precision_difference,-0.014464489231577449,0.034412228031953415,-0.03751982974749307,0.025090665633361153,3
radar,concept,moderate,hellinger,none,malicious_recall_difference,-0.08889965229124323,0.015537379689611091,-0.09939886546439747,-0.07105103543886993,3
radar,concept,moderate,hellinger,none,poison_admission_rate_difference,-0.07754431457738686,0.04335826195042497,-0.10540318289556416,-0.027589174715501597,3
radar,concept,moderate,hellinger,none,roc_auc_difference,-0.05227510312928222,0.023793224720699762,-0.07385021093167043,-0.026756507679839947,3
radar,concept,severe,adwin,learned_features,accuracy_difference,-0.020120817010249852,0.013316604627212122,-0.03040069686411151,-0.005077594221554738,3
radar,concept,severe,adwin,learned_features,average_precision_difference,-0.36892993493988074,0.033346936775008613,-0.40085603230186306,-0.3343238869642122,3
radar,concept,severe,adwin,learned_features,benign_fpr_difference,0.08561801025143463,0.06003384331123629,0.044289382143448686,0.15448004952925862,3
radar,concept,severe,adwin,learned_features,legitimate_withhold_rate_difference,0.0979756050930329,0.026670899846135004,0.07159637863855141,0.12492890995260658,3
radar,concept,severe,adwin,learned_features,macro_f1_difference,-0.02966519852565126,0.044794659476815823,-0.059023920238119115,0.021893839826478523,3
radar,concept,severe,adwin,learned_features,macro_precision_difference,-0.04791784154258396,0.03475363551797701,-0.08203881918042538,-0.012564339153044612,3
radar,concept,severe,adwin,learned_features,macro_recall_difference,-0.08024618068080382,0.12826824293654093,-0.16630319088654738,0.06717765665423192,3
radar,concept,severe,adwin,learned_features,malicious_precision_difference,-0.19744602516523804,0.05450252348155881,-0.2574289292191095,-0.1509602261731779,3
radar,concept,severe,adwin,learned_features,malicious_recall_difference,-0.23641952604069447,0.10671376135809349,-0.3138397893945093,-0.11468889099346535,3
radar,concept,severe,adwin,learned_features,poison_admission_rate_difference,-0.03772138019125346,0.0051706622628271,-0.043593573758497706,-0.0338505346350535,3
radar,concept,severe,adwin,learned_features,roc_auc_difference,-0.1197301462739004,0.021011668128189828,-0.1437077269781759,-0.10453247524360487,3
radar,concept,severe,adwin,learned_features_label,accuracy_difference,-0.05383944702117897,0.012496936133329636,-0.06825124420799733,-0.04600228849317023,3
radar,concept,severe,adwin,learned_features_label,average_precision_difference,-0.4073053092460161,0.059346387127297826,-0.46109126669309813,-0.3436387428379887,3
radar,concept,severe,adwin,learned_features_label,benign_fpr_difference,0.08313655601586467,0.015396089446063393,0.0666946308724832,0.0972130197117774,3
radar,concept,severe,adwin,learned_features_label,legitimate_withhold_rate_difference,0.11521828490547824,0.08601935787349063,0.05195202078080831,0.2131640462080136,3
radar,concept,severe,adwin,learned_features_label,macro_f1_difference,-0.07095633541436357,0.02204493592476702,-0.09396624072747009,-0.050023371671770595,3
radar,concept,severe,adwin,learned_features_label,macro_precision_difference,-0.07286426045479397,0.042709551549719046,-0.12011803344060809,-0.03701376984804364,3
radar,concept,severe,adwin,learned_features_label,macro_recall_difference,-0.09467221263772992,0.11363567260834938,-0.2254228942552564,-0.019743834010234385,3
radar,concept,severe,adwin,learned_features_label,malicious_precision_difference,-0.21628617944408082,0.03832393336389771,-0.25290744123540904,-0.1764607569600995,3
radar,concept,severe,adwin,learned_features_label,malicious_recall_difference,-0.28906419303831893,0.0541537405229963,-0.35081211148987357,-0.24964485273226622,3
radar,concept,severe,adwin,learned_features_label,poison_admission_rate_difference,-0.015123777011605796,0.01157783041427371,-0.0278068340306835,-0.005121482791208193,3
radar,concept,severe,adwin,learned_features_label,roc_auc_difference,-0.17313056188052411,0.02746180069625616,-0.19056363792470377,-0.1414746168868214,3
radar,concept,severe,adwin,none,accuracy_difference,-0.058470017221447255,0.1017482245460865,-0.15184486013385967,0.049971393835371525,3
radar,concept,severe,adwin,none,average_precision_difference,-0.41463154321807544,0.10213642020965398,-0.48818971905517117,-0.29801672138994173,3
radar,concept,severe,adwin,none,benign_fpr_difference,0.11633908702171164,0.05414066182850602,0.054309431296361704,0.15409577079908632,3
radar,concept,severe,adwin,none,legitimate_withhold_rate_difference,0.14524689175215763,0.03615981354952898,0.1235317510354125,0.1869892741332003,3
radar,concept,severe,adwin,none,macro_f1_difference,-0.046151896548750244,0.09523521834496848,-0.1513115847190812,0.03428161517916717,3
radar,concept,severe,adwin,none,macro_precision_difference,-0.044133337448177296,0.06279421613309724,-0.11657898706380249,-0.005296230980390199,3
radar,concept,severe,adwin,none,macro_recall_difference,-0.04831407941794591,0.0971243193957272,-0.14965761637823077,0.04395395157901122,3
radar,concept,severe,adwin,none,malicious_precision_difference,-0.24157269035600396,0.11275188849226585,-0.3212650721844899,-0.11256467146897065,3
radar,concept,severe,adwin,none,malicious_recall_difference,-0.2757276866320557,0.12529371619325327,-0.3597878586987402,-0.13172245204964272,3
radar,concept,severe,adwin,none,poison_admission_rate_difference,-0.17993738887251887,0.05735570162882467,-0.23622955215875574,-0.1215742462579642,3
radar,concept,severe,adwin,none,roc_auc_difference,-0.17159520679102225,0.09187172493507395,-0.25360281605455615,-0.07231209314048304,3
radar,concept,severe,d3_oof,learned_features,accuracy_difference,-0.05212793778300547,0.010197877585096575,-0.06382750482729027,-0.045121951219512235,3
radar,concept,severe,d3_oof,learned_features,average_precision_difference,-0.40432469988669073,0.07411546077011602,-0.48406955412948954,-0.3375511539872054,3
radar,concept,severe,d3_oof,learned_features,benign_fpr_difference,0.12645179079413127,0.03295682089310434,0.10601377605086551,0.164471296513738,3
radar,concept,severe,d3_oof,learned_features,legitimate_withhold_rate_difference,0.11172267775571017,0.023959862914933835,0.0971687407249342,0.13937640309304059,3
radar,concept,severe,d3_oof,learned_features,macro_f1_difference,-0.0432369252358761,0.04173022055751545,-0.0756709549313822,0.00384166112180101,3
radar,concept,severe,d3_oof,learned_features,macro_precision_difference,-0.056179063494217245,0.03872368712523177,-0.0878041043926086,-0.012991069794242027,3
radar,concept,severe,d3_oof,learned_features,macro_recall_difference,-0.05580931997838686,0.06958943088972297,-0.11263528051372629,0.02180525120342469,3
radar,concept,severe,d3_oof,learned_features,malicious_precision_difference,-0.2002952560367368,0.045089169319788756,-0.2491223327688314,-0.1602301802606716,3
radar,concept,severe,d3_oof,learned_features,malicious_recall_difference,-0.11903140764218674,0.07195321764403488,-0.19424595712673942,-0.05085708873946393,3
radar,concept,severe,d3_oof,learned_features,poison_admission_rate_difference,-0.046027221935711925,0.01043702533592285,-0.054812059872572594,-0.03448977219897725,3
radar,concept,severe,d3_oof,learned_features,roc_auc_difference,-0.1633194229801538,0.06588923086962915,-0.21677546973954187,-0.08970612426550117,3
radar,concept,severe,d3_oof,learned_features_label,accuracy_difference,-0.025509842126931453,0.07382332886329336,-0.07770149467210186,0.058954703832752586,3
radar,concept,severe,d3_oof,learned_features_label,average_precision_difference,-0.3304178157326594,0.2068421819115584,-0.472573675703552,-0.0931247485758766,3
radar,concept,severe,d3_oof,learned_features_label,benign_fpr_difference,0.06382697660630855,0.06180331844743599,-0.004483251852009998,0.1158688090110982,3
radar,concept,severe,d3_oof,learned_features_label,legitimate_withhold_rate_difference,0.07280748612208471,0.02714753306518903,0.054927787854392396,0.1040458967323522,3
radar,concept,severe,d3_oof,learned_features_label,macro_f1_difference,-0.015618049194529518,0.07781817266108232,-0.09186539413816558,0.06368115955909853,3
radar,concept,severe,d3_oof,learned_features_label,macro_precision_difference,-0.024202825301845494,0.05790906698459742,-0.08790467460213827,0.025255365911248218,3
radar,concept,severe,d3_oof,learned_features_label,macro_recall_difference,-0.020831263194168004,0.031606292407899535,-0.05648276137212371,0.0037536077330417306,3
radar,concept,severe,d3_oof,learned_features_label,malicious_precision_difference,-0.1481199455569924,0.13660364014982984,-0.24502707262274548,0.008117248667565247,3
radar,concept,severe,d3_oof,learned_features_label,malicious_recall_difference,-0.19292588767014426,0.1989047538097108,-0.40240691989469735,-0.006629415664361926,3
radar,concept,severe,d3_oof,learned_features_label,poison_admission_rate_difference,-0.010893703030844965,0.005042269705630746,-0.0142085076708508,-0.005090997774593792,3
radar,concept,severe,d3_oof,learned_features_label,roc_auc_difference,-0.09939027194165391,0.08615034872447,-0.16031645941033568,-0.0008251786350091939,3
radar,concept,severe,d3_oof,none,accuracy_difference,-0.05288261928138068,0.02865578879107389,-0.08108803844173673,-0.023796753200314713,3
radar,concept,severe,d3_oof,none,average_precision_difference,-0.3032329398962053,0.1465891555785558,-0.4706107474814066,-0.19770639247585597,3
radar,concept,severe,d3_oof,none,benign_fpr_difference,0.08454367156593064,0.042564667922133155,0.056053514659131,0.1334728122798403,3
radar,concept,severe,d3_oof,none,legitimate_withhold_rate_difference,0.12399190166552071,0.06480643443502401,0.0839872355696951,0.1987627837365927,3
radar,concept,severe,d3_oof,none,macro_f1_difference,-0.06883016125433807,0.06249525738559197,-0.1385042363556326,-0.01772045828662519,3
radar,concept,severe,d3_oof,none,macro_precision_difference,-0.05578850184480299,0.06685725219891779,-0.12325644290616689,0.010440850946977914,3
radar,concept,severe,d3_oof,none,macro_recall_difference,-0.07539664963104682,0.05472920304937246,-0.12964687328852087,-0.020200723933542608,3
radar,concept,severe,d3_oof,none,malicious_precision_difference,-0.15776630174852288,0.059347665078935734,-0.22606251138688832,-0.11873289631465339,3
radar,concept,severe,d3_oof,none,malicious_recall_difference,-0.12261452907848569,0.056695320079657115,-0.17506581421587064,-0.0624624022458391,3
radar,concept,severe,d3_oof,none,poison_admission_rate_difference,-0.1611378392930514,0.08202603539945365,-0.25553767766157154,-0.10724662947466279,3
radar,concept,severe,d3_oof,none,roc_auc_difference,-0.08461425041485941,0.041334285246467754,-0.12999322852853135,-0.04911521820240994,3
radar,concept,severe,hddm_w,learned_features,accuracy_difference,-0.029996546175455108,0.011029626269775326,-0.03949438604019162,-0.01789943367084268,3
radar,concept,severe,hddm_w,learned_features,average_precision_difference,-0.31365207313161875,0.05282991627423988,-0.3473542639575715,-0.2527655169660682,3
radar,concept,severe,hddm_w,learned_features,benign_fpr_difference,0.10260035004072847,0.04764714345766635,0.07120672519463309,0.1574261864605794,3
radar,concept,severe,hddm_w,learned_features,legitimate_withhold_rate_difference,0.08152771848245627,0.052191463598254155,0.02669226067690421,0.1305961586430531,3
radar,concept,severe,hddm_w,learned_features,macro_f1_difference,-0.019758643974322476,0.04743615137805562,-0.06985441371339601,0.024472536968858705,3
radar,concept,severe,hddm_w,learned_features,macro_precision_difference,-0.04324185224967616,0.03777413851771929,-0.0846567610553084,-0.010681569609611419,3
radar,concept,severe,hddm_w,learned_features,macro_recall_difference,-0.057851887107787846,0.11439122854689265,-0.1779889513905295,0.049763122375345414,3
radar,concept,severe,hddm_w,learned_features,malicious_precision_difference,-0.18087365177521064,0.07835173191943534,-0.26403394430442356,-0.10843466229481169,3
radar,concept,severe,hddm_w,learned_features,malicious_recall_difference,-0.13278977954231377,0.0762281877253662,-0.2114516735614893,-0.05925406055744942,3
radar,concept,severe,hddm_w,learned_features,poison_admission_rate_difference,-0.017929973759074996,0.016332953368936882,-0.030195762939125792,0.000609700332286689,3
radar,concept,severe,hddm_w,learned_features,roc_auc_difference,-0.08908601891171868,0.029247978385951303,-0.11547595352624906,-0.05763940091346986,3
radar,concept,severe,hddm_w,learned_features_label,accuracy_difference,-0.05455909614993285,0.01750677966453716,-0.06979577827355421,-0.03543554006968641,3
radar,concept,severe,hddm_w,learned_features_label,average_precision_difference,-0.3553039212351605,0.05910870953850199,-0.42298376414803923,-0.31382078770701716,3
radar,concept,severe,hddm_w,learned_features_label,benign_fpr_difference,0.08566010126286937,0.01821819237931848,0.06490639350052979,0.09901441113135659,3
radar,concept,severe,hddm_w,learned_features_label,legitimate_withhold_rate_difference,0.0878336019058457,0.04447137304026158,0.0433379173351669,0.1322806234784042,3
radar,concept,severe,hddm_w,learned_features_label,macro_f1_difference,-0.04195402438161769,0.037095719832911794,-0.0683861872518167,0.00045277483198702395,3
radar,concept,severe,hddm_w,learned_features_label,macro_precision_difference,-0.037045005113963296,4.253962725183132e-05,-0.03709024150591553,-0.03700580766833339,3
radar,concept,severe,hddm_w,learned_features_label,macro_recall_difference,-0.08127161728477705,0.12262476307971935,-0.22256831063866056,-0.0026692869643228923,3
radar,concept,severe,hddm_w,learned_features_label,malicious_precision_difference,-0.19130226560626182,0.07863289610823439,-0.26222051851220124,-0.10674035507799456,3
radar,concept,severe,hddm_w,learned_features_label,malicious_recall_difference,-0.20194060531244104,0.15738649286987103,-0.3697613795869259,-0.05763444904099302,3
radar,concept,severe,hddm_w,learned_features_label,poison_admission_rate_difference,-0.009148005000363163,0.004337628117540756,-0.012813807531380797,-0.00435935737584979,3
radar,concept,severe,hddm_w,learned_features_label,roc_auc_difference,-0.12740633479184552,0.06082450714534772,-0.1974961417409299,-0.08846465176817297,3
radar,concept,severe,hddm_w,none,accuracy_difference,-0.05591118501911204,0.07561770721860007,-0.13195469366741042,0.01927340341843664,3
radar,concept,severe,hddm_w,none,average_precision_difference,-0.3985861905401619,0.06185448004681313,-0.441689452784709,-0.3277135873089573,3
radar,concept,severe,hddm_w,none,benign_fpr_difference,0.11361001723683783,0.04560360973110397,0.061153302719887004,0.1438269891761491,3
radar,concept,severe,hddm_w,none,legitimate_withhold_rate_difference,0.11726699475245446,0.024005288715728382,0.09399113759645511,0.1419406335744574,3
radar,concept,severe,hddm_w,none,macro_f1_difference,-0.03754553894797439,0.06123586035930626,-0.10617048729715328,0.011524744752383187,3
radar,concept,severe,hddm_w,none,macro_precision_difference,-0.03536926832948825,0.039042447799041,-0.07788610510892507,-0.0011281047430139746,3
radar,concept,severe,hddm_w,none,macro_recall_difference,-0.038340872681806006,0.06678781341327962,-0.11176537135767295,0.01879793452022349,3
radar,concept,severe,hddm_w,none,malicious_precision_difference,-0.22019061160475376,0.0919068685873214,-0.2906895088454065,-0.11624398975716804,3
radar,concept,severe,hddm_w,none,malicious_recall_difference,-0.2203936679524696,0.09338008003860866,-0.3000284117814185,-0.11761940579165098,3
radar,concept,severe,hddm_w,none,poison_admission_rate_difference,-0.12586150185290337,0.05136012950881761,-0.17897559667471175,-0.07645642166874977,3
radar,concept,severe,hddm_w,none,roc_auc_difference,-0.13286421368776877,0.049771267494418236,-0.1685210969926636,-0.0760022086220642,3
radar,concept,severe,hellinger,learned_features,accuracy_difference,-0.02254055818345524,0.050616075045200895,-0.07595818815331012,0.024708574697847485,3
radar,concept,severe,hellinger,learned_features,average_precision_difference,-0.3855512465910696,0.1636746565217448,-0.5655053032578083,-0.24555625843925832,3
radar,concept,severe,hellinger,learned_features,benign_fpr_difference,0.07462670458197204,0.07462174223771784,0.02282762274814562,0.1601588352084712,3
radar,concept,severe,hellinger,learned_features,legitimate_withhold_rate_difference,0.055801814778641136,0.04106552333198427,0.010294904117961606,0.0900972811174856,3
radar,concept,severe,hellinger,learned_features,macro_f1_difference,-0.03030256897752846,0.035262612368914065,-0.06167284771338999,0.007863251877093413,3
radar,concept,severe,hellinger,learned_features,macro_precision_difference,-0.046233432652767636,0.038224220510941556,-0.07622872686904308,-0.0031946946719768055,3
radar,concept,severe,hellinger,learned_features,macro_recall_difference,-0.06240247714314878,0.012425449695321018,-0.07581073616468931,-0.051276160092324274,3
radar,concept,severe,hellinger,learned_features,malicious_precision_difference,-0.172001777290424,0.14735046981731328,-0.3407069434626704,-0.06851581668021978,3
radar,concept,severe,hellinger,learned_features,malicious_recall_difference,-0.20890376564902527,0.15686580206866282,-0.3526849133440667,-0.04160818127130539,3
radar,concept,severe,hellinger,learned_features,poison_admission_rate_difference,-0.02352924398919089,0.008394492038622112,-0.033091981764548195,-0.017375639237563967,3
radar,concept,severe,hellinger,learned_features,roc_auc_difference,-0.13306938334482954,0.10562539184839194,-0.2543620024321398,-0.06134161093150614,3
radar,concept,severe,hellinger,learned_features_label,accuracy_difference,-0.03889681175730212,0.036073966448865416,-0.06186411149825788,0.0026818279339198003,3
radar,concept,severe,hellinger,learned_features_label,average_precision_difference,-0.41792703954620397,0.08453236148102544,-0.5014571622140451,-0.3324268768304378,3
radar,concept,severe,hellinger,learned_features_label,benign_fpr_difference,0.06802670385803833,0.01828153700764377,0.04706817379018019,0.08068991220805039,3
radar,concept,severe,hellinger,learned_features_label,legitimate_withhold_rate_difference,0.07294622941709927,0.04780931173520844,0.041805936642554206,0.12799348199303578,3
radar,concept,severe,hellinger,learned_features_label,macro_f1_difference,-0.03444882231719965,0.06304984209752647,-0.09828311116077026,0.02778614300912491,3
radar,concept,severe,hellinger,learned_features_label,macro_precision_difference,-0.030516459845751437,0.06187271931476728,-0.1019608086244124,0.0053160145832905625,3
radar,concept,severe,hellinger,learned_features_label,macro_recall_difference,-0.05866062166920257,0.10424602456843464,-0.12891860873302052,0.061115256498988024,3
radar,concept,severe,hellinger,learned_features_label,malicious_precision_difference,-0.184737794926681,0.04865437569529814,-0.23940358671664724,-0.14618052019448546,3
radar,concept,severe,hellinger,learned_features_label,malicious_recall_difference,-0.24959276212185336,0.08473667533327098,-0.33450137323610185,-0.165029075596551,3
radar,concept,severe,hellinger,learned_features_label,poison_admission_rate_difference,-0.01313854879048063,0.009182017299941557,-0.023128777312877796,-0.005068382944489094,3
radar,concept,severe,hellinger,learned_features_label,roc_auc_difference,-0.1825184204373417,0.07731318272029003,-0.2589494548761506,-0.10435229679824498,3
radar,concept,severe,hellinger,none,accuracy_difference,-0.0356295387312476,0.09824116656037417,-0.14244036382357994,0.05086533648001135,3
radar,concept,severe,hellinger,none,average_precision_difference,-0.3122281406305783,0.09140538625459352,-0.4116918947319935,-0.2319157820370411,3
radar,concept,severe,hellinger,none,benign_fpr_difference,0.06977622336734517,0.0933660624765064,-0.037685446838572986,0.13100463806526422,3
radar,concept,severe,hellinger,none,legitimate_withhold_rate_difference,0.0883161461867864,0.033074492685148,0.06486362594545039,0.1261461711149913,3
radar,concept,severe,hellinger,none,macro_f1_difference,-0.018297376848539337,0.07722700349526476,-0.0894209426427412,0.0638486186145803,3
radar,concept,severe,hellinger,none,macro_precision_difference,0.003260261889067815,0.06257100460515409,-0.053361884892991096,0.07043751579274152,3
radar,concept,severe,hellinger,none,macro_recall_difference,-0.0453654360274387,0.06558934016092975,-0.10532777215688921,0.024682554062127104,3
radar,concept,severe,hellinger,none,malicious_precision_difference,-0.13806364683620734,0.14518096245430523,-0.2552790698829166,0.024336744145498912,3
radar,concept,severe,hellinger,none,malicious_recall_difference,-0.15364634229050803,0.12233076354034404,-0.27673075101808864,-0.03208341688389804,3
radar,concept,severe,hellinger,none,poison_admission_rate_difference,-0.10368381221234794,0.04573556929161923,-0.1449986591579513,-0.05453858670385858,3
radar,concept,severe,hellinger,none,roc_auc_difference,-0.08175042869202487,0.049636778189043766,-0.11870297430689825,-0.02533088535575978,3
radar,instance,moderate,adwin,learned_features,accuracy_difference,-0.10210505177501879,0.11494588332218479,-0.1903845146419404,0.02786945361202786,3
radar,instance,moderate,adwin,learned_features,average_precision_difference,-0.1873559139697909,0.06801619325957971,-0.22901690943924208,-0.1088671675806423,3
radar,instance,moderate,adwin,learned_features,benign_fpr_difference,0.09857198156779778,0.06644307513033006,0.022032738900113008,0.14142313994368533,3
radar,instance,moderate,adwin,learned_features,legitimate_withhold_rate_difference,0.10360470253242303,0.09631604965652636,-0.0064972307586950995,0.1722554719562243,3
radar,instance,moderate,adwin,learned_features,macro_f1_difference,-0.06492506093245044,0.12416866148236276,-0.19673204681128323,0.049846062903853905,3
radar,instance,moderate,adwin,learned_features,macro_precision_difference,-0.0690370860076318,0.09492279357717624,-0.1727429147513573,0.013543056581693358,3
radar,instance,moderate,adwin,learned_features,macro_recall_difference,-0.07907580131570163,0.17852887514815835,-0.2829381104728135,0.0493634358135468,3
radar,instance,moderate,adwin,learned_features,malicious_precision_difference,-0.2243637400277075,0.14257266802822702,-0.36348705632798434,-0.07857549324278312,3
radar,instance,moderate,adwin,learned_features,malicious_recall_difference,-0.2135111769791281,0.19364088582605996,-0.43675435346424607,-0.09099666543164131,3
radar,instance,moderate,adwin,learned_features,poison_admission_rate_difference,-0.10397324190724606,0.09892103548833704,-0.17562636828022382,0.00889060688055665,3
radar,instance,moderate,adwin,learned_features,roc_auc_difference,-0.0926173221545713,0.09180822782372204,-0.18919018966899226,-0.006462542233790058,3
radar,instance,moderate,adwin,learned_features_label,accuracy_difference,-0.08708767702167042,0.0234230734387777,-0.11307559327361305,-0.06760437948556763,3
radar,instance,moderate,adwin,learned_features_label,average_precision_difference,-0.16222656832403531,0.02818623091941587,-0.17930706609961983,-0.12969348591774582,3
radar,instance,moderate,adwin,learned_features_label,benign_fpr_difference,0.09140272452978264,0.06439397014438637,0.04578355419099281,0.1650625984314599,3
radar,instance,moderate,adwin,learned_features_label,legitimate_withhold_rate_difference,0.11463313863551573,0.06445568257306615,0.061591008312004106,0.186369625104803,3
radar,instance,moderate,adwin,learned_features_label,macro_f1_difference,-0.08565508131765158,0.05574538895981545,-0.14854413868084482,-0.0423247107114012,3
radar,instance,moderate,adwin,learned_features_label,macro_precision_difference,-0.06921377659606909,0.05057208265396031,-0.1266272850198033,-0.03127109623587537,3
radar,instance,moderate,adwin,learned_features_label,macro_recall_difference,-0.14638287876928704,0.12418680345309152,-0.27147566847009946,-0.023122337086795453,3
radar,instance,moderate,adwin,learned_features_label,malicious_precision_difference,-0.16442033531353506,0.03341656581955201,-0.18392974247014016,-0.1258350204779108,3
radar,instance,moderate,adwin,learned_features_label,malicious_recall_difference,-0.11950104977152028,0.15878540066680044,-0.29299740644683203,0.018599481289366393,3
radar,instance,moderate,adwin,learned_features_label,poison_admission_rate_difference,-0.05744481941916892,0.050085295968660765,-0.11319016917931074,-0.01623502126014692,3
radar,instance,moderate,adwin,learned_features_label,roc_auc_difference,-0.0684685087021838,0.04874014296346301,-0.12071729813090137,-0.024229215740140586,3
radar,instance,moderate,adwin,none,accuracy_difference,-0.10228840344351897,0.11463491535716658,-0.1903845146419404,0.027319398606527323,3
radar,instance,moderate,adwin,none,average_precision_difference,-0.1876291603616083,0.06754321754291176,-0.22901690943924208,-0.1096869067560945,3
radar,instance,moderate,adwin,none,benign_fpr_difference,0.0987946951740083,0.06605824736225166,0.0227008797187446,0.14142313994368533,3
radar,instance,moderate,adwin,none,legitimate_withhold_rate_difference,0.103570482166564,0.0963271277716811,-0.006548592266668984,0.172204172366621,3
radar,instance,moderate,adwin,none,macro_f1_difference,-0.06495011875358382,0.12413392217733112,-0.19673204681128323,0.04977088944045377,3
radar,instance,moderate,adwin,none,macro_precision_difference,-0.0690488700348147,0.0949074168711275,-0.1727429147513573,0.013507704500144602,3
radar,instance,moderate,adwin,none,macro_recall_difference,-0.07910364051647796,0.17851123895316495,-0.2829381104728135,0.0493634358135468,3
radar,instance,moderate,adwin,none,malicious_precision_difference,-0.22466898855927778,0.14210468061936313,-0.36348705632798434,-0.07949123883749393,3
radar,instance,moderate,adwin,none,malicious_recall_difference,-0.2135111769791281,0.19364088582605996,-0.43675435346424607,-0.09099666543164131,3
radar,instance,moderate,adwin,none,poison_admission_rate_difference,-0.10394091908085674,0.09893098370756798,-0.1755777183167112,0.008938925396211883,3
radar,instance,moderate,adwin,none,roc_auc_difference,-0.09280611829275298,0.0915426706999147,-0.18919018966899226,-0.007028930648335097,3
radar,instance,moderate,d3_oof,learned_features,accuracy_difference,-0.0560444933382227,0.11999382694858356,-0.13029755356488026,0.08239038189533243,3
radar,instance,moderate,d3_oof,learned_features,average_precision_difference,-0.04201974479062511,0.19844868572798768,-0.258594718612074,0.1311009234614825,3
radar,instance,moderate,d3_oof,learned_features,benign_fpr_difference,0.0646558809648802,0.06143544678174322,0.0027202876187143177,0.1255786576732792,3
radar,instance,moderate,d3_oof,learned_features,legitimate_withhold_rate_difference,0.10396080704836068,0.06888228303269452,0.0352254342187486,0.1729890662696987,3
radar,instance,moderate,d3_oof,learned_features,macro_f1_difference,-0.0020643472162153176,0.09607242768690773,-0.09064648974660694,0.10006109428156928,3
radar,instance,moderate,d3_oof,learned_features,macro_precision_difference,0.005338029100127845,0.04860733988066646,-0.03431095954309582,0.059566618598793364,3
radar,instance,moderate,d3_oof,learned_features,macro_recall_difference,-0.03233020187720359,0.14450773640572226,-0.19849466552500838,0.0639624102055606,3
radar,instance,moderate,d3_oof,learned_features,malicious_precision_difference,-0.12484942611508433,0.14913981053621447,-0.2354964189962801,0.044757119425279046,3
radar,instance,moderate,d3_oof,learned_features,malicious_recall_difference,-0.06525873780412501,0.18390261350369236,-0.19384957391626534,0.1453871804371989,3
radar,instance,moderate,d3_oof,learned_features,poison_admission_rate_difference,-0.10195351260864242,0.07006565651764723,-0.17111832856658116,-0.031020487050637757,3
radar,instance,moderate,d3_oof,learned_features,roc_auc_difference,-0.02622050874583141,0.0695131813602493,-0.0854447322122921,0.05031122467085836,3
radar,instance,moderate,d3_oof,learned_features_label,accuracy_difference,-0.0970803429549304,0.046992735339667094,-0.1294462779611294,-0.04317931793179319,3
radar,instance,moderate,d3_oof,learned_features_label,average_precision_difference,-0.03900103157523268,0.15101246377352592,-0.21293682511345013,0.058668220697896345,3
radar,instance,moderate,d3_oof,learned_features_label,benign_fpr_difference,0.10950615909175265,0.10485137777974696,0.029366379790330993,0.2281700895626859,3
radar,instance,moderate,d3_oof,learned_features_label,legitimate_withhold_rate_difference,0.12367766741279818,0.048292229072544095,0.0685704514363885,0.1586160874698425,3
radar,instance,moderate,d3_oof,learned_features_label,macro_f1_difference,-0.07819462371555413,0.07016887693871873,-0.1592094950511663,-0.03663160399296739,3
radar,instance,moderate,d3_oof,learned_features_label,macro_precision_difference,-0.0786172863197471,0.05175102774944456,-0.1257032772033878,-0.023209718544329377,3
radar,instance,moderate,d3_oof,learned_features_label,macro_recall_difference,-0.08578218337879234,0.08947514340515256,-0.17915696296458272,-0.0007977416059938847,3
radar,instance,moderate,d3_oof,learned_features_label,malicious_precision_difference,-0.1605852592584342,0.058045743656582764,-0.20549885108163124,-0.09504267324383125,3
radar,instance,moderate,d3_oof,learned_features_label,malicious_recall_difference,-0.07163146844510311,0.13590934410462668,-0.1680622452760281,0.08380881808077068,3
radar,instance,moderate,d3_oof,learned_features_label,poison_admission_rate_difference,-0.07799031282623808,0.03160761871869114,-0.09678198685736378,-0.04149841887618583,3
radar,instance,moderate,d3_oof,learned_features_label,roc_auc_difference,-0.040430025831167206,0.020823567215817382,-0.06443980016036477,-0.027298637851025487,3
radar,instance,moderate,d3_oof,none,accuracy_difference,-0.05601393472680601,0.11996931851860444,-0.13029755356488026,0.08239038189533243,3
radar,instance,moderate,d3_oof,none,average_precision_difference,-0.04198373442918144,0.19838909683118525,-0.25848603507610374,0.13110027100984323,3
radar,instance,moderate,d3_oof,none,benign_fpr_difference,0.06461876203051177,0.06138024184595336,0.0027202876187143177,0.12546730087017388,3
radar,instance,moderate,d3_oof,none,legitimate_withhold_rate_difference,0.10392658668250161,0.06890801964520267,0.0351740727107748,0.17298906626969868,3
radar,instance,moderate,d3_oof,none,macro_f1_difference,-0.002056139738881515,0.09607069321487312,-0.09064648974660694,0.10006109428156928,3
radar,instance,moderate,d3_oof,none,macro_precision_difference,0.0053426550408286755,0.048605259194511176,-0.03431095954309582,0.059566618598793364,3
radar,instance,moderate,d3_oof,none,macro_recall_difference,-0.03232556201040752,0.14451237421193844,-0.19849466552500838,0.0639763298059488,3
radar,instance,moderate,d3_oof,none,malicious_precision_difference,-0.12481297559218396,0.14909925435915564,-0.23538706742757898,0.044757119425279046,3
radar,instance,moderate,d3_oof,none,malicious_recall_difference,-0.06525873780412501,0.18390261350369236,-0.19384957391626534,0.1453871804371989,3
radar,instance,moderate,d3_oof,none,poison_admission_rate_difference,-0.10192118978225317,0.0700895025094598,-0.17111832856658105,-0.030972168534982636,3
radar,instance,moderate,d3_oof,none,roc_auc_difference,-0.02619501489666169,0.06947935260393773,-0.08536696575592362,0.050309939761999045,3
radar,instance,moderate,hddm_w,learned_features,accuracy_difference,-0.09147938603384147,0.09746967943658119,-0.15780030383990784,0.020430614490020482,3
radar,instance,moderate,hddm_w,learned_features,average_precision_difference,-0.18950670816736795,0.08981301065189007,-0.2906792082604432,-0.1191854435263579,3
radar,instance,moderate,hddm_w,learned_features,benign_fpr_difference,0.09127015690703832,0.0758305845243991,0.01592402284405281,0.1675760805586931,3
radar,instance,moderate,hddm_w,learned_features,legitimate_withhold_rate_difference,0.11257663975056237,0.03403551430020811,0.0891501367989056,0.1516178156494362,3
radar,instance,moderate,hddm_w,learned_features,macro_f1_difference,-0.07591684216706251,0.07816185896440084,-0.16609309645486783,-0.027594743975563496,3
radar,instance,moderate,hddm_w,learned_features,macro_precision_difference,-0.07663984116430314,0.06554902384258511,-0.1499380109646965,-0.02364425037904591,3
radar,instance,moderate,hddm_w,learned_features,macro_recall_difference,-0.11981180304051918,0.12681270665077551,-0.205464670702027,0.02586963681383969,3
radar,instance,moderate,hddm_w,learned_features,malicious_precision_difference,-0.19658131543475751,0.11361924035710964,-0.26286590091373213,-0.0653875205383066,3
radar,instance,moderate,hddm_w,learned_features,malicious_recall_difference,-0.17604050883043101,0.1174320029324309,-0.3114486846980363,-0.10211189329381254,3
radar,instance,moderate,hddm_w,learned_features,poison_admission_rate_difference,-0.11454002057786035,0.034232473456836686,-0.1540549711571091,-0.09389442957917782,3
radar,instance,moderate,hddm_w,learned_features,roc_auc_difference,-0.09708427047443875,0.0546474554351151,-0.1421814713443016,-0.036312297074653443,3
radar,instance,moderate,hddm_w,learned_features_label,accuracy_difference,-0.07422250161524087,0.08083370517405318,-0.1263031065011263,0.018898318403268943,3
radar,instance,moderate,hddm_w,learned_features_label,average_precision_difference,-0.15282693987907997,0.07179459052815775,-0.203775365383281,-0.0707165489094479,3
radar,instance,moderate,hddm_w,learned_features_label,benign_fpr_difference,0.08447208921270737,0.031199714730607474,0.0488697284484815,0.1070457040136173,3
radar,instance,moderate,hddm_w,learned_features_label,legitimate_withhold_rate_difference,0.12147739847038534,0.07578204277047869,0.061659490322635915,0.2066971236931712,3
radar,instance,moderate,hddm_w,learned_features_label,macro_f1_difference,-0.07629443900485641,0.0607455079730799,-0.14623548208268672,-0.036719071236551215,3
radar,instance,moderate,hddm_w,learned_features_label,macro_precision_difference,-0.08523619123441804,0.043636294634856125,-0.11974534405972431,-0.03618593920510729,3
radar,instance,moderate,hddm_w,learned_features_label,macro_recall_difference,-0.14538992334969258,0.1210643366357169,-0.27608605078859216,-0.037082980345485184,3
radar,instance,moderate,hddm_w,learned_features_label,malicious_precision_difference,-0.1674557744924202,0.0849949781615707,-0.25005498233168394,-0.08025220058183369,3
radar,instance,moderate,hddm_w,learned_features_label,malicious_recall_difference,-0.11633938495739156,0.12886234992989973,-0.2606891441274545,-0.012893664320118514,3
radar,instance,moderate,hddm_w,learned_features_label,poison_admission_rate_difference,-0.08016668881562088,0.05448175946700854,-0.14106355131126092,-0.036045612678778594,3
radar,instance,moderate,hddm_w,learned_features_label,roc_auc_difference,-0.036857750905317066,0.05257831186241507,-0.08331349514607111,0.020220922513989548,3
radar,instance,moderate,hddm_w,none,accuracy_difference,-0.09166273770234164,0.0971539119491295,-0.15780030383990784,0.019880559484519944,3
radar,instance,moderate,hddm_w,none,average_precision_difference,-0.1895889159133163,0.08971652188266038,-0.2906792082604432,-0.11943206676420293,3
radar,instance,moderate,hddm_w,none,benign_fpr_difference,0.09149287051324888,0.07549890413555446,0.0165921636626844,0.1675760805586931,3
radar,instance,moderate,hddm_w,none,legitimate_withhold_rate_difference,0.11254241938470333,0.034064950830612624,0.08909883720930231,0.1516178156494362,3
radar,instance,moderate,hddm_w,none,macro_f1_difference,-0.07595313780111351,0.07813272540677489,-0.16609309645486783,-0.027594743975563496,3
radar,instance,moderate,hddm_w,none,macro_precision_difference,-0.07666581862897288,0.0655369691289931,-0.1499380109646965,-0.02364425037904591,3
radar,instance,moderate,hddm_w,none,macro_recall_difference,-0.11983964224129547,0.12683248139013806,-0.205464670702027,0.02586963681383969,3
radar,instance,moderate,hddm_w,none,malicious_precision_difference,-0.19690063408828962,0.11306617440561004,-0.26286590091373213,-0.06634547649890293,3
radar,instance,moderate,hddm_w,none,malicious_recall_difference,-0.17604050883043101,0.1174320029324309,-0.3114486846980363,-0.10211189329381254,3
radar,instance,moderate,hddm_w,none,poison_admission_rate_difference,-0.11450769775147107,0.034260460727628804,-0.15405497115710898,-0.09384577961566531,3
radar,instance,moderate,hddm_w,none,roc_auc_difference,-0.09712331441446502,0.05458232888917946,-0.1421814713443016,-0.03642942889473222,3
radar,instance,moderate,hellinger,learned_features,accuracy_difference,-0.07394310859657394,0.06652590955928839,-0.13984493687463984,-0.006810204830006827,3
radar,instance,moderate,hellinger,learned_features,average_precision_difference,-0.11323838276607713,0.06985190012238589,-0.1733599813158937,-0.03661222091802019,3
radar,instance,moderate,hellinger,learned_features,benign_fpr_difference,0.06287417211519597,0.012445660800747532,0.04861519861281241,0.0715547000524968,3
radar,instance,moderate,hellinger,learned_features,legitimate_withhold_rate_difference,0.08535087260775227,0.09685301838760096,-0.006360266737431397,0.1866348407850384,3
radar,instance,moderate,hellinger,learned_features,macro_f1_difference,-0.07111642326714085,0.09651810978764383,-0.18211394799421193,-0.006933903345548997,3
radar,instance,moderate,hellinger,learned_features,macro_precision_difference,-0.037679971036645214,0.09038196983233945,-0.1395049549907346,0.03304804396746086,3
radar,instance,moderate,hellinger,learned_features,macro_recall_difference,-0.07809387717576298,0.09656038812149673,-0.1775144944386733,0.015326432616416363,3
radar,instance,moderate,hellinger,learned_features,malicious_precision_difference,-0.1898297934587946,0.06807432422695447,-0.24626279923844974,-0.1142255230233063,3
radar,instance,moderate,hellinger,learned_features,malicious_recall_difference,-0.2335185871310362,0.11490133695970803,-0.34768432752871437,-0.11789551685809563,3
radar,instance,moderate,hellinger,learned_features,poison_admission_rate_difference,-0.08459589288874665,0.09797382935760403,-0.1859033399583112,0.009663703131039814,3
radar,instance,moderate,hellinger,learned_features,roc_auc_difference,-0.09165216325791847,0.013247136001689398,-0.10654652340530157,-0.08118751088157194,3
radar,instance,moderate,hellinger,learned_features_label,accuracy_difference,-0.04732219253671399,0.05518161093345573,-0.09443920582534449,0.013384671800513392,3
radar,instance,moderate,hellinger,learned_features_label,average_precision_difference,-0.0639092609488383,0.06568640787428408,-0.1351388003126917,-0.005723077466780413,3
radar,instance,moderate,hellinger,learned_features_label,benign_fpr_difference,0.06558915702900046,0.017280584577147717,0.04600626779720329,0.078697443565963,3
radar,instance,moderate,hellinger,learned_features_label,legitimate_withhold_rate_difference,0.10327377309571388,0.07023815503670468,0.027385430916552697,0.1659993497938162,3
radar,instance,moderate,hellinger,learned_features_label,macro_f1_difference,-0.08453206581621293,0.071003651765427,-0.16250207815347942,-0.023591958961841325,3
radar,instance,moderate,hellinger,learned_features_label,macro_precision_difference,-0.09888536392693915,0.03688149571786393,-0.1396434434792377,-0.06781385297742717,3
radar,instance,moderate,hellinger,learned_features_label,macro_recall_difference,-0.16122985517727476,0.04772866897165702,-0.21575321688787213,-0.12700914330914537,3
radar,instance,moderate,hellinger,learned_features_label,malicious_precision_difference,-0.12391111139457191,0.04366237228704114,-0.17158098975373093,-0.08586034383077873,3
radar,instance,moderate,hellinger,learned_features_label,malicious_recall_difference,-0.05730517475608247,0.11664335473005959,-0.13249351611708027,0.07706557984438678,3
radar,instance,moderate,hellinger,learned_features_label,poison_admission_rate_difference,-0.05981774769864595,0.046142243722619124,-0.09952009307285864,-0.0091948431038677,3
radar,instance,moderate,hellinger,learned_features_label,roc_auc_difference,-0.029319905776415228,0.013854757016277216,-0.04456948506847214,-0.017506794206091247,3
radar,instance,moderate,hellinger,none,accuracy_difference,-0.07395183962840728,0.0665126939224673,-0.13984493687463984,-0.006836397925506832,3
radar,instance,moderate,hellinger,none,average_precision_difference,-0.11330888437222097,0.06987698946578097,-0.1733599813158937,-0.03661222091802019,3
radar,instance,moderate,hellinger,none,benign_fpr_difference,0.06287947482010574,0.012436547902730242,0.0486311067275417,0.0715547000524968,3
radar,instance,moderate,hellinger,none,legitimate_withhold_rate_difference,0.08531665224189322,0.09687987176741211,-0.006411628245405282,0.18663484078503847,3
radar,instance,moderate,hellinger,none,macro_f1_difference,-0.07112330873361584,0.09651310081937202,-0.18211394799421193,-0.006933903345548997,3
radar,instance,moderate,hellinger,none,macro_precision_difference,-0.03769037784283518,0.09036975510338467,-0.1395049549907346,0.03301682354889096,3
radar,instance,moderate,hellinger,none,macro_recall_difference,-0.07809880913955974,0.09655992878647561,-0.1775144944386733,0.015326432616416363,3
radar,instance,moderate,hellinger,none,malicious_precision_difference,-0.18982546244494913,0.06808153938224121,-0.24626279923844974,-0.1142125299817699,3
radar,instance,moderate,hellinger,none,malicious_recall_difference,-0.23349388662467582,0.11493862236263953,-0.34768432752871437,-0.11782141533901447,3
radar,instance,moderate,hellinger,none,poison_admission_rate_difference,-0.08456357006235737,0.09799882338098018,-0.1859033399583111,0.009712021646695046,3
radar,instance,moderate,hellinger,none,roc_auc_difference,-0.0916730941088842,0.013282438836533027,-0.10660931595819856,-0.08118751088157217,3
radar,instance,severe,adwin,learned_features,accuracy_difference,-0.1144245376918644,0.034001056900195836,-0.14238566713814238,-0.07657551469432655,3
radar,instance,severe,adwin,learned_features,average_precision_difference,-0.21603536612368954,0.07123011912293313,-0.2947722079200723,-0.15607296119579211,3
radar,instance,severe,adwin,learned_features,benign_fpr_difference,0.14091408027234695,0.05416841543445328,0.09820079222411357,0.20184215968565566,3
radar,instance,severe,adwin,learned_features,legitimate_withhold_rate_difference,0.0783644267837881,0.03951633398770156,0.03428160304898201,0.11060726700716611,3
radar,instance,severe,adwin,learned_features,macro_f1_difference,-0.06206400092201849,0.04285906318006865,-0.108540179933314,-0.024099306748096794,3
radar,instance,severe,adwin,learned_features,macro_precision_difference,-0.060467663712676305,0.04458230628056216,-0.1117975103584204,-0.0314090453847769,3
radar,instance,severe,adwin,learned_features,macro_recall_difference,-0.02452163697625605,0.08568009308399643,-0.09085353293844212,0.07221425700472428,3
radar,instance,severe,adwin,learned_features,malicious_precision_difference,-0.24180814077690282,0.16187871193380168,-0.39022863707772193,-0.06919446491327463,3
radar,instance,severe,adwin,learned_features,malicious_recall_difference,-0.03724836359145358,0.1720073973145057,-0.2272693590218599,0.10781771026306042,3
radar,instance,severe,adwin,learned_features,poison_admission_rate_difference,-0.07815050788642497,0.0384828198060692,-0.11031307017289815,-0.03551542078993675,3
radar,instance,severe,adwin,learned_features,roc_auc_difference,-0.10168707531220385,0.03957188661596282,-0.14689294037417577,-0.0733172949987888,3
radar,instance,severe,adwin,learned_features_label,accuracy_difference,-0.0889430212862556,0.08208553431457281,-0.17922625595892916,-0.018806642569018872,3
radar,instance,severe,adwin,learned_features_label,average_precision_difference,-0.22451898834566997,0.08057629224143764,-0.29728967997403055,-0.1379254887980063,3
radar,instance,severe,adwin,learned_features_label,benign_fpr_difference,0.12863831840621906,0.07827372705058232,0.0394044001845342,0.1856954232353924,3
radar,instance,severe,adwin,learned_features_label,legitimate_withhold_rate_difference,0.13168815231529343,0.04235234962700376,0.08384700643630781,0.1643916683644266,3
radar,instance,severe,adwin,learned_features_label,macro_f1_difference,-0.03388374664566479,0.07757595537806594,-0.12344454704998187,0.012371823385102398,3
radar,instance,severe,adwin,learned_features_label,macro_precision_difference,-0.03493969191267185,0.07787528240774101,-0.12397229598179862,0.02050621073618658,3
radar,instance,severe,adwin,learned_features_label,macro_recall_difference,-0.01129835656267549,0.1013929610507681,-0.09006886955956889,0.1030998139059488,3
radar,instance,severe,adwin,learned_features_label,malicious_precision_difference,-0.2275006958809442,0.157504208076017,-0.40397886464762306,-0.10119367849326405,3
radar,instance,severe,adwin,learned_features_label,malicious_recall_difference,0.0219340496480178,0.15507583787227713,-0.08699518340125972,0.19948128936643206,3
radar,instance,severe,adwin,learned_features_label,poison_admission_rate_difference,-0.07198752844022516,0.02677988431882899,-0.09227026557386547,-0.041631805198926786,3
radar,instance,severe,adwin,learned_features_label,roc_auc_difference,-0.09036458968635049,0.028770580254692375,-0.12076148661809549,-0.063557188602677,3
radar,instance,severe,adwin,none,accuracy_difference,-0.11446819285103116,0.034057053904780664,-0.14238566713814238,-0.07652312850332654,3
radar,instance,severe,adwin,none,average_precision_difference,-0.21614473388888822,0.07120015248189818,-0.2947719560081751,-0.15602771758397793,3
radar,instance,severe,adwin,none,benign_fpr_difference,0.1409671073214447,0.05415626563725922,0.09813715976519627,0.20184215968565566,3
radar,instance,severe,adwin,none,legitimate_withhold_rate_difference,0.0783417409054233,0.039554296460770015,0.0342135454138876,0.1106072670071661,3
radar,instance,severe,adwin,none,macro_f1_difference,-0.06208020429000156,0.04290326011508852,-0.108606900034602,-0.02408119675075801,3
radar,instance,severe,adwin,none,macro_precision_difference,-0.06048626980504477,0.04463359244349623,-0.1118745720055277,-0.03138780201477501,3
radar,instance,severe,adwin,none,macro_recall_difference,-0.024528265357393303,0.08568952427209756,-0.09085353293844212,0.0722222110620889,3
radar,instance,severe,adwin,none,malicious_precision_difference,-0.24204301878145762,0.16198862597804264,-0.39022863707772193,-0.06910142692018534,3
radar,instance,severe,adwin,none,malicious_recall_difference,-0.03724836359145358,0.1720073973145057,-0.2272693590218599,0.10781771026306042,3
radar,instance,severe,adwin,none,poison_admission_rate_difference,-0.07815050788642493,0.03848281980606919,-0.11031307017289815,-0.03551542078993675,3
radar,instance,severe,adwin,none,roc_auc_difference,-0.10170418581870966,0.039566114814414424,-0.14689213406439616,-0.07327802158268482,3
radar,instance,severe,d3_oof,learned_features,accuracy_difference,-0.0755670805175755,0.07784212417262258,-0.15799675205615793,-0.003313426580753287,3
radar,instance,severe,d3_oof,learned_features,average_precision_difference,-0.1453722657893007,0.18203539184775566,-0.27132886785884386,0.06333895768061254,3
radar,instance,severe,d3_oof,learned_features,benign_fpr_difference,0.09272840075722626,0.06616672583605351,0.04764480361432369,0.16868964858974558,3
radar,instance,severe,d3_oof,learned_features,legitimate_withhold_rate_difference,0.12433664519104037,0.07779358815176296,0.06987574620335621,0.2134326765427787,3
radar,instance,severe,d3_oof,learned_features,macro_f1_difference,-0.04099616160110795,0.06716775731782698,-0.08574009150289,0.03623920805469372,3
radar,instance,severe,d3_oof,learned_features,macro_precision_difference,-0.03941160159171797,0.04752772381286181,-0.07449708539298691,0.014677564903599394,3
radar,instance,severe,d3_oof,learned_features,macro_recall_difference,-0.05968439960491371,0.08067428824443833,-0.1507604359955711,0.0028008154168066013,3
radar,instance,severe,d3_oof,learned_features,malicious_precision_difference,-0.2631297939469415,0.221680655878884,-0.4554568588847314,-0.020678742324143518,3
radar,instance,severe,d3_oof,learned_features,malicious_recall_difference,-0.10270470544646164,0.2935434478754472,-0.4386809929603557,0.1041126343090033,3
radar,instance,severe,d3_oof,learned_features,poison_admission_rate_difference,-0.12439640893333255,0.08044307539913827,-0.21633079737499283,-0.06693401806064447,3
radar,instance,severe,d3_oof,learned_features,roc_auc_difference,-0.09189394990191824,0.08576435335982546,-0.17849633764726547,-0.006992946716792181,3
radar,instance,severe,d3_oof,learned_features_label,accuracy_difference,-0.0505177501877172,0.11162987527887708,-0.16961338991041963,0.051731363612551706,3
radar,instance,severe,d3_oof,learned_features_label,average_precision_difference,-0.017493232930520113,0.2471410490009428,-0.1725160759350698,0.2675143010928728,3
radar,instance,severe,d3_oof,learned_features_label,benign_fpr_difference,0.06996388857956451,0.08782730393879316,-0.009735766214345881,0.1641240196624299,3
radar,instance,severe,d3_oof,learned_features_label,legitimate_withhold_rate_difference,0.06670080592828626,0.0445822590785654,0.020660353510801796,0.10966558980179858,3
radar,instance,severe,d3_oof,learned_features_label,macro_f1_difference,-0.022980076201350546,0.0864445851899014,-0.10236758921584577,0.06911485769423573,3
radar,instance,severe,d3_oof,learned_features_label,macro_precision_difference,-0.007513543223574448,0.10377658874627516,-0.11912295047777982,0.08606794601436629,3
radar,instance,severe,d3_oof,learned_features_label,macro_recall_difference,0.04415705555259994,0.13972494138812544,-0.10177866550130629,0.17670791060208813,3
radar,instance,severe,d3_oof,learned_features_label,malicious_precision_difference,-0.19141074708067538,0.25810779651713317,-0.4139286231351688,0.09155719114771882,3
radar,instance,severe,d3_oof,learned_features_label,malicious_recall_difference,-0.05490922563912559,0.22729233488840886,-0.23949610967024826,0.19896257873286405,3
radar,instance,severe,d3_oof,learned_features_label,poison_admission_rate_difference,-0.039133344157202286,0.023687137336822994,-0.06164701782914228,-0.014425434926863101,3
radar,instance,severe,d3_oof,learned_features_label,roc_auc_difference,-0.0538294731085639,0.06952413663615807,-0.0961720785072947,0.02640902354005481,3
radar,instance,severe,d3_oof,none,accuracy_difference,-0.07561073567674226,0.07796351922307249,-0.15818010372465818,-0.003261040389753278,3
radar,instance,severe,d3_oof,none,average_precision_difference,-0.14544101149033398,0.1821021842226329,-0.27120449012957626,0.06338203822175753,3
radar,instance,severe,d3_oof,none,benign_fpr_difference,0.09278142780632402,0.06631624686953985,0.04758117115540639,0.16891236219595618,3
radar,instance,severe,d3_oof,none,legitimate_withhold_rate_difference,0.12433661611392365,0.07780230908844084,0.0698076885682618,0.2134326765427787,3
radar,instance,severe,d3_oof,none,macro_f1_difference,-0.041012364969091025,0.06719431660151821,-0.08574009150289,0.0362573180520325,3
radar,instance,severe,d3_oof,none,macro_precision_difference,-0.03943020768408644,0.04756826660483867,-0.07457414704009421,0.014698808273601288,3
radar,instance,severe,d3_oof,none,macro_recall_difference,-0.059691027986050964,0.08067243768695663,-0.1507604359955711,0.002808769474171219,3
radar,instance,severe,d3_oof,none,malicious_precision_difference,-0.2633646719514963,0.2218222093660525,-0.4554568588847314,-0.020585704331054222,3
radar,instance,severe,d3_oof,none,malicious_recall_difference,-0.10270470544646164,0.2935434478754472,-0.4386809929603557,0.1041126343090033,3
radar,instance,severe,d3_oof,none,poison_admission_rate_difference,-0.12439640893333252,0.08044307539913821,-0.21633079737499272,-0.06693401806064447,3
radar,instance,severe,d3_oof,none,roc_auc_difference,-0.09181833203320788,0.08563303374399547,-0.17820816559697905,-0.0069627148153214025,3
radar,instance,severe,hddm_w,learned_features,accuracy_difference,-0.10643127804843973,0.05232374272592275,-0.1375006548273875,-0.046021268793545955,3
radar,instance,severe,hddm_w,learned_features,average_precision_difference,-0.183026161547992,0.13504066056067668,-0.3353768803607311,-0.07807713601102345,3
radar,instance,severe,hddm_w,learned_features,benign_fpr_difference,0.13904752814410629,0.05221167418705912,0.08194269897074499,0.18434323348339987,3
radar,instance,severe,hddm_w,learned_features,legitimate_withhold_rate_difference,0.06398014711716622,0.07649593357710148,0.006893266183133295,0.1508969023157446,3
radar,instance,severe,hddm_w,learned_features,macro_f1_difference,-0.058876959860228416,0.04981745189480294,-0.09835642476125889,-0.0029045432469681776,3
radar,instance,severe,hddm_w,learned_features,macro_precision_difference,-0.0558305262702977,0.03455536935780089,-0.0927539174186954,-0.024270321581284893,3
radar,instance,severe,hddm_w,learned_features,macro_recall_difference,-0.05969146537886966,0.08825085994655499,-0.1263306969587727,0.040393589765110705,3
radar,instance,severe,hddm_w,learned_features,malicious_precision_difference,-0.25466945650202216,0.17976098144508323,-0.372071567306682,-0.0477234391817325,3
radar,instance,severe,hddm_w,learned_features,malicious_recall_difference,-0.06098555020377916,0.17287325375559742,-0.2108929233049277,0.12812152649129305,3
radar,instance,severe,hddm_w,learned_features,poison_admission_rate_difference,-0.06596563244452247,0.07859886391615112,-0.15523549567338413,-0.007155015723724012,3
radar,instance,severe,hddm_w,learned_features,roc_auc_difference,-0.13171288919012603,0.12623766141252452,-0.2758492226410443,-0.04081694528844515,3
radar,instance,severe,hddm_w,learned_features_label,accuracy_difference,-0.06395044266331396,0.0471329960996711,-0.11835350201686834,-0.03542616166378543,3
radar,instance,severe,hddm_w,learned_features_label,average_precision_difference,-0.23204982072556155,0.08408362782656818,-0.309131659716521,-0.14238308542431022,3
radar,instance,severe,hddm_w,learned_features_label,benign_fpr_difference,0.08500766240859466,0.04476751046809203,0.03883170805427852,0.12821940471834692,3
radar,instance,severe,hddm_w,learned_features_label,legitimate_withhold_rate_difference,0.12267348432455943,0.07593520636574626,0.03528302253679981,0.17256031898483648,3
radar,instance,severe,hddm_w,learned_features_label,macro_f1_difference,-0.03900547728933949,0.0519409183028135,-0.09898165793724728,-0.008969321315542095,3
radar,instance,severe,hddm_w,learned_features_label,macro_precision_difference,-0.03644834359979434,0.05976227839997679,-0.10351968453784871,0.011144579023718293,3
radar,instance,severe,hddm_w,learned_features_label,macro_recall_difference,-0.001643244713365133,0.035967021547888806,-0.03401353747660241,0.0370752047737245,3
radar,instance,severe,hddm_w,learned_features_label,malicious_precision_difference,-0.24427547581900888,0.07513902933106402,-0.30676442072594434,-0.16090401849083363,3
radar,instance,severe,hddm_w,learned_features_label,malicious_recall_difference,-0.12323082623193778,0.1290401521381143,-0.2031122638014079,0.02563912560207482,3
radar,instance,severe,hddm_w,learned_features_label,poison_admission_rate_difference,-0.07144068921548895,0.05832944389541305,-0.10860096405133868,-0.004212226998643986,3
radar,instance,severe,hddm_w,learned_features_label,roc_auc_difference,-0.10574378897307601,0.0764668973124228,-0.1939056466315916,-0.05744367476766543,3
radar,instance,severe,hddm_w,none,accuracy_difference,-0.10647493320760648,0.05240849785690932,-0.13768400649588775,-0.045968882602545946,3
radar,instance,severe,hddm_w,none,average_precision_difference,-0.18313738107340902,0.13490159212538497,-0.3353765009721173,-0.0784542545170332,3
radar,instance,severe,hddm_w,none,benign_fpr_difference,0.13910055519320405,0.05227184043139717,0.08187906651182769,0.18434323348339987,3
radar,instance,severe,hddm_w,none,legitimate_withhold_rate_difference,0.0639801180400495,0.07650810499060659,0.006825208548038891,0.1508969023157446,3
radar,instance,severe,hddm_w,none,macro_f1_difference,-0.05889366104785972,0.04985466157342056,-0.09842463832149159,-0.0028864332496293943,3
radar,instance,severe,hddm_w,none,macro_precision_difference,-0.055850375438767745,0.03460823555011977,-0.09283470829410742,-0.024249078211283,3
radar,instance,severe,hddm_w,none,macro_recall_difference,-0.059698093760006905,0.08826064707339654,-0.1263306969587727,0.04040154382247532,3
radar,instance,severe,hddm_w,none,malicious_precision_difference,-0.2549256296462632,0.18002968794461918,-0.372071567306682,-0.0476304011886432,3
radar,instance,severe,hddm_w,none,malicious_recall_difference,-0.06103495121649993,0.1728900769292299,-0.2108929233049277,0.12812152649129305,3
radar,instance,severe,hddm_w,none,poison_admission_rate_difference,-0.06596563244452243,0.07859886391615106,-0.15523549567338402,-0.007155015723724012,3
radar,instance,severe,hddm_w,none,roc_auc_difference,-0.13173361767776984,0.12622780541628467,-0.2758476005909615,-0.04078671338697437,3
radar,instance,severe,hellinger,learned_features,accuracy_difference,-0.10863149807044196,0.12816001207835134,-0.25113939965425114,-0.0028288543140028155,3
radar,instance,severe,hellinger,learned_features,average_precision_difference,-0.20939057044455575,0.18711698701235754,-0.34904291594631676,0.0032140447459149124,3
radar,instance,severe,hellinger,learned_features,benign_fpr_difference,0.14050046928938453,0.13277966095095917,0.043222347719571785,0.291770732250521,3
radar,instance,severe,hellinger,learned_features,legitimate_withhold_rate_difference,0.07844853006178203,0.07736092376232695,0.02036199095022631,0.1662640550268246,3
radar,instance,severe,hellinger,learned_features,macro_f1_difference,-0.04990257306549609,0.06381391405919651,-0.107626435780842,0.018622721519082397,3
radar,instance,severe,hellinger,learned_features,macro_precision_difference,-0.033540862037065,0.05691591819240006,-0.0982062945560995,0.0089509940250449,3
radar,instance,severe,hellinger,learned_features,macro_recall_difference,-0.008059033721812492,0.13442770204993318,-0.09450781751676768,0.14681553915942092,3
radar,instance,severe,hellinger,learned_features,malicious_precision_difference,-0.26393441300051695,0.22519284771407092,-0.4297927796092352,-0.007569159828933414,3
radar,instance,severe,hellinger,learned_features,malicious_recall_difference,-0.07247128566135604,0.21829501344270918,-0.30552056317154497,0.12723230826231935,3
radar,instance,severe,hellinger,learned_features,poison_admission_rate_difference,-0.07783498848071276,0.0760861091126606,-0.1644114060049945,-0.021605027657910725,3
radar,instance,severe,hellinger,learned_features,roc_auc_difference,-0.2136921110075515,0.12960991904694985,-0.33839826526930433,-0.07968003282105174,3
radar,instance,severe,hellinger,learned_features_label,accuracy_difference,-0.061300574501894634,0.08941811273113301,-0.16368065377966368,0.00147990989575153,3
radar,instance,severe,hellinger,learned_features_label,average_precision_difference,-0.20026108591195632,0.05535759387639234,-0.26396443887141774,-0.16384045812199072,3
radar,instance,severe,hellinger,learned_features_label,benign_fpr_difference,0.1031800321343918,0.05886658300581223,0.04859929049808312,0.165555749988069,3
radar,instance,severe,hellinger,learned_features_label,legitimate_withhold_rate_difference,0.13824687649932335,0.032227988366324185,0.10287397670484381,0.1659439060120104,3
radar,instance,severe,hellinger,learned_features_label,macro_f1_difference,-0.027848581940205886,0.08175516540536382,-0.12041146977026357,0.03449495766245089,3
radar,instance,severe,hellinger,learned_features_label,macro_precision_difference,-0.022316878806834483,0.07484309869952352,-0.10397691949959373,0.043012483132520596,3
radar,instance,severe,hellinger,learned_features_label,macro_recall_difference,-0.03262351757055174,0.04253416564726621,-0.0591498181790302,0.016436584829229883,3
radar,instance,severe,hellinger,learned_features_label,malicious_precision_difference,-0.23174361272480262,0.18453472498909737,-0.44441885309444523,-0.1140043993579799,3
radar,instance,severe,hellinger,learned_features_label,malicious_recall_difference,-0.051451154748672345,0.19171256440944529,-0.18643942200815117,0.16798814375694704,3
radar,instance,severe,hellinger,learned_features_label,poison_admission_rate_difference,-0.08330795760598068,0.02721459775412285,-0.10572623264997971,-0.05302789879114855,3
radar,instance,severe,hellinger,learned_features_label,roc_auc_difference,-0.10396634213071332,0.048023342766702865,-0.13279251558743277,-0.04852850380809559,3
radar,instance,severe,hellinger,none,accuracy_difference,-0.10867951874552535,0.12828169959371036,-0.2513227513227514,-0.0027764681230028065,3
radar,instance,severe,hellinger,none,average_precision_difference,-0.20950108839438428,0.18721479067492655,-0.3490439515176399,0.0032571252870599032,3
radar,instance,severe,hellinger,none,benign_fpr_difference,0.14055879904339205,0.1329266011343728,0.043158715260654484,0.2919934458567316,3
radar,instance,severe,hellinger,none,legitimate_withhold_rate_difference,0.07844850098466533,0.07734851175183315,0.020429961353970502,0.16626405502682468,3
radar,instance,severe,hellinger,none,macro_f1_difference,-0.0499192325714131,0.06385393267177963,-0.10769315588212999,0.01864083151642118,3
radar,instance,severe,hellinger,none,macro_precision_difference,-0.0335596446649421,0.05696752198597976,-0.0982833562032068,0.008972237395046795,3
radar,instance,severe,hellinger,none,macro_recall_difference,-0.00806632494106349,0.1344400093906869,-0.09450980603110892,0.14682349321678553,3
radar,instance,severe,hellinger,none,malicious_precision_difference,-0.26417467019047597,0.22554305025783544,-0.4305904516159888,-0.007476121835844118,3
radar,instance,severe,hellinger,none,malicious_recall_difference,-0.07247128566135604,0.21829501344270918,-0.30552056317154497,0.12723230826231935,3
radar,instance,severe,hellinger,none,poison_admission_rate_difference,-0.07783498848071276,0.0760861091126606,-0.1644114060049945,-0.021605027657910725,3
radar,instance,severe,hellinger,none,roc_auc_difference,-0.21371250176456394,0.1296288407364666,-0.33839825819641145,-0.07964980091958096,3
radar,splice,moderate,adwin,learned_features,accuracy_difference,-0.08400438326225212,0.017812033128613878,-0.09688333460336807,-0.06367721579500907,3
radar,splice,moderate,adwin,learned_features,average_precision_difference,-0.2653351471988665,0.0437079090702728,-0.3153640582322745,-0.23455767503254715,3
radar,splice,moderate,adwin,learned_features,benign_fpr_difference,0.1321636894550392,0.04209221709583084,0.08379704202665109,0.1605009633911367,3
radar,splice,moderate,adwin,learned_features,legitimate_withhold_rate_difference,0.14964650869386656,0.02061720950889996,0.13227349899675878,0.1724292268098914,3
radar,splice,moderate,adwin,learned_features,macro_f1_difference,-0.07907114373591781,0.0677574590543001,-0.14509735428616863,-0.009705901002650896,3
radar,splice,moderate,adwin,learned_features,macro_precision_difference,-0.08090300467013874,0.05963604405983218,-0.1321100798263409,-0.015426740303334796,3
radar,splice,moderate,adwin,learned_features,macro_recall_difference,-0.09828125282883775,0.06827986874092018,-0.1585139014266595,-0.024106314077747604,3
radar,splice,moderate,adwin,learned_features,malicious_precision_difference,-0.2668175173614345,0.07788761793220526,-0.3130861213503357,-0.17689329666032683,3
radar,splice,moderate,adwin,learned_features,malicious_recall_difference,-0.20318846578443425,0.06453743329794949,-0.2734188817598535,-0.146489773355445,3
radar,splice,moderate,adwin,learned_features,poison_admission_rate_difference,-0.17825032949838315,0.04822387063565555,-0.2161338708165369,-0.12396496434212412,3
radar,splice,moderate,adwin,learned_features,roc_auc_difference,-0.18078789846579957,0.05484794714299492,-0.2376478281486577,-0.12820201089005778,3
radar,splice,moderate,adwin,learned_features_label,accuracy_difference,-0.06697966012366081,0.044031397437438356,-0.11774746628057609,-0.03920068840233293,3
radar,splice,moderate,adwin,learned_features_label,average_precision_difference,-0.20402230149912004,0.09834221913005306,-0.2711079948945784,-0.09113322382813488,3
radar,splice,moderate,adwin,learned_features_label,benign_fpr_difference,0.12737779617625836,0.016291305403005666,0.11058909891723251,0.1431213872832369,3
radar,splice,moderate,adwin,learned_features_label,legitimate_withhold_rate_difference,0.13957269516460294,0.018464456609594802,0.1217351786112397,0.15860596827364198,3
radar,splice,moderate,adwin,learned_features_label,macro_f1_difference,-0.056302582519463656,0.04133898452035775,-0.09405608741339694,-0.01212926326310182,3
radar,splice,moderate,adwin,learned_features_label,macro_precision_difference,-0.05682244835869843,0.04127444922312042,-0.09051429525924365,-0.01078363625391593,3
radar,splice,moderate,adwin,learned_features_label,macro_recall_difference,-0.09583911423116426,0.028235559918258005,-0.12794213587091569,-0.07485872472584937,3
radar,splice,moderate,adwin,learned_features_label,malicious_precision_difference,-0.23318881363927177,0.03076201906675075,-0.2590455242142676,-0.1991684052098009,3
radar,splice,moderate,adwin,learned_features_label,malicious_recall_difference,-0.11891291972649483,0.08623982300607529,-0.21264894592117334,-0.042933480744426045,3
radar,splice,moderate,adwin,learned_features_label,poison_admission_rate_difference,-0.18686220893606797,0.04394906695469596,-0.2236157122574539,-0.13818025175896242,3
radar,splice,moderate,adwin,learned_features_label,roc_auc_difference,-0.10606904893382212,0.044230008037826334,-0.15379888572630573,-0.06646594065283373,3
radar,splice,moderate,adwin,none,accuracy_difference,-0.07931121325727393,0.051089348573851424,-0.11930713580010832,-0.021758409785932797,3
radar,splice,moderate,adwin,none,average_precision_difference,-0.21766186697349696,0.029717536412979154,-0.2356626179567909,-0.18336106276048592,3
radar,splice,moderate,adwin,none,benign_fpr_difference,0.12216659782709037,0.06390256746691912,0.0837787377361254,0.1959344894026975,3
radar,splice,moderate,adwin,none,legitimate_withhold_rate_difference,0.15438158082918219,0.03586479988127664,0.11307299050564938,0.1775822743564679,3
radar,splice,moderate,adwin,none,macro_f1_difference,-0.07965459699167916,0.05667366620845936,-0.14509084144391143,-0.046245189369619494,3
radar,splice,moderate,adwin,none,macro_precision_difference,-0.06635325519044445,0.0610812421074935,-0.1321000106867007,-0.011367861621028985,3
radar,splice,moderate,adwin,none,macro_recall_difference,-0.09584944900768771,0.06321077772712062,-0.1585116133903438,-0.032103982863734726,3
radar,splice,moderate,adwin,none,malicious_precision_difference,-0.256940727593902,0.10847967455143825,-0.38039928190318384,-0.1768721806423868,3
radar,splice,moderate,adwin,none,malicious_recall_difference,-0.21437765680863904,0.037561327292553,-0.25760088446655616,-0.18965674223800422,3
radar,splice,moderate,adwin,none,poison_admission_rate_difference,-0.16847964062984902,0.04330503346751625,-0.21843067404143623,-0.14150496923805023,3
radar,splice,moderate,adwin,none,roc_auc_difference,-0.127112603683893,0.034328357486876,-0.16092887272763412,-0.0922941065549242,3
radar,splice,moderate,d3_oof,learned_features,accuracy_difference,-0.040200951068377254,0.059976394915576346,-0.1089842261677969,0.0011773700305810486,3
radar,splice,moderate,d3_oof,learned_features,average_precision_difference,-0.12154630718537995,0.21866999869111228,-0.37091217871314075,0.037474143274110916,3
radar,splice,moderate,d3_oof,learned_features,benign_fpr_difference,0.0850920240617933,0.033815522002520575,0.05211946050096339,0.11969175574754728,3
radar,splice,moderate,d3_oof,learned_features,legitimate_withhold_rate_difference,0.09255026628778273,0.06177138151123369,0.035563002105082286,0.15819281982423972,3
radar,splice,moderate,d3_oof,learned_features,macro_f1_difference,-0.03315374395031634,0.1037106125111224,-0.15283070927971654,0.030420929902122196,3
radar,splice,moderate,d3_oof,learned_features,macro_precision_difference,-0.043704698718765755,0.09037042733506993,-0.1469531637350357,0.021020296765670132,3
radar,splice,moderate,d3_oof,learned_features,macro_recall_difference,-0.048080507205179646,0.08587296316461564,-0.14564801749189893,0.01601995466676981,3
radar,splice,moderate,d3_oof,learned_features,malicious_precision_difference,-0.16008511756340923,0.06755131101317616,-0.22725705867549323,-0.09216072297502564,3
radar,splice,moderate,d3_oof,learned_features,malicious_recall_difference,-0.0604425748659263,0.16009474275147575,-0.23081125375580436,0.08688041275105951,3
radar,splice,moderate,d3_oof,learned_features,poison_admission_rate_difference,-0.11942364764158453,0.04237416101370552,-0.16208868472860216,-0.07734647968219022,3
radar,splice,moderate,d3_oof,learned_features,roc_auc_difference,-0.08102112498523117,0.10578136671685408,-0.203164826997972,-0.01932912201954684,3
radar,splice,moderate,d3_oof,learned_features_label,accuracy_difference,-0.05721723853780114,0.061642008103094816,-0.11380019812542863,0.00847094801223236,3
radar,splice,moderate,d3_oof,learned_features_label,average_precision_difference,-0.1265772592067307,0.15527754359331009,-0.30521714219437646,-0.023954697708092998,3
radar,splice,moderate,d3_oof,learned_features_label,benign_fpr_difference,0.10300731388098967,0.024635240522691934,0.07461919618278581,0.11877654122126219,3
radar,splice,moderate,d3_oof,learned_features_label,legitimate_withhold_rate_difference,0.08918895433632464,0.05151905006062973,0.039566954504446396,0.1424157134126923,3
radar,splice,moderate,d3_oof,learned_features_label,macro_f1_difference,-0.04631574435265148,0.1106449109491932,-0.17326767808250323,0.029598116652497286,3
radar,splice,moderate,d3_oof,learned_features_label,macro_precision_difference,-0.05304314344382479,0.09394526083336441,-0.16083718614357323,0.011391681371785478,3
radar,splice,moderate,d3_oof,learned_features_label,macro_recall_difference,-0.10035220437823844,0.1020385524324214,-0.2124714132829013,-0.012926560513057406,3
radar,splice,moderate,d3_oof,learned_features_label,malicious_precision_difference,-0.188422697317578,0.036105664793474275,-0.22290705196587307,-0.15088911803233657,3
radar,splice,moderate,d3_oof,learned_features_label,malicious_recall_difference,-0.06813273801840809,0.1461369617791624,-0.21460438860056452,0.07766721945826427,3
radar,splice,moderate,d3_oof,learned_features_label,poison_admission_rate_difference,-0.12226943060496431,0.04833984864360881,-0.1583388019124401,-0.06734312927774866,3
radar,splice,moderate,d3_oof,learned_features_label,roc_auc_difference,-0.06405258540927505,0.041841417782250735,-0.10787836780113047,-0.024527770969841267,3
radar,splice,moderate,d3_oof,none,accuracy_difference,-0.034163451088700225,0.052117692940791036,-0.09356092356930579,0.003914373088684919,3
radar,splice,moderate,d3_oof,none,average_precision_difference,-0.11770814820655617,0.21124644997573433,-0.35797873724968476,0.03886333242169926,3
radar,splice,moderate,d3_oof,none,benign_fpr_difference,0.0779452872179978,0.024766244033192435,0.05217726396917141,0.101570508127105,3
radar,splice,moderate,d3_oof,none,legitimate_withhold_rate_difference,0.08667054746696717,0.06070550232862092,0.0274004382007991,0.1487162272660762,3
radar,splice,moderate,d3_oof,none,macro_f1_difference,-0.02800158210060773,0.0963110738225039,-0.13916378430403742,0.030416161700964395,3
radar,splice,moderate,d3_oof,none,macro_precision_difference,-0.03962332015401795,0.08525562166342546,-0.1371038647975808,0.021019833634572327,3
radar,splice,moderate,d3_oof,none,macro_recall_difference,-0.041491831712218576,0.07491739743084891,-0.12621317096445733,0.016012729233243705,3
radar,splice,moderate,d3_oof,none,malicious_precision_difference,-0.15366036305359573,0.05898769241663036,-0.20990350315114853,-0.09226598502872152,3
radar,splice,moderate,d3_oof,none,malicious_recall_difference,-0.06437944544381773,0.16053791419320643,-0.2328143494491487,0.08688041275105951,3
radar,splice,moderate,d3_oof,none,poison_admission_rate_difference,-0.1219860675659619,0.0462951912463941,-0.16977594450173428,-0.0773464796821901,3
radar,splice,moderate,d3_oof,none,roc_auc_difference,-0.06284339213974126,0.06871410313194845,-0.14211880397515797,-0.0203447811254156,3
radar,splice,moderate,hddm_w,learned_features,accuracy_difference,-0.09464982766019137,0.05195171814440576,-0.15455307475424818,-0.06192660550458717,3
radar,splice,moderate,hddm_w,learned_features,average_precision_difference,-0.23648690323130053,0.10006442657280362,-0.2957958533604443,-0.12095620449988326,3
radar,splice,moderate,hddm_w,learned_features,benign_fpr_difference,0.1454508282424853,0.014933869095693622,0.1282987704165902,0.15556816517791777,3
radar,splice,moderate,hddm_w,learned_features,legitimate_withhold_rate_difference,0.1382821046113411,0.021581437076359858,0.1239903277254721,0.16310756492025372,3
radar,splice,moderate,hddm_w,learned_features,macro_f1_difference,-0.0802656091956497,0.06329692515948618,-0.15008860903820792,-0.02664415859605021,3
radar,splice,moderate,hddm_w,learned_features,macro_precision_difference,-0.08101339318180002,0.045711288372686044,-0.1306806649136785,-0.04070741186584348,3
radar,splice,moderate,hddm_w,learned_features,macro_recall_difference,-0.10352785364434741,0.088420067402575,-0.16365980021231663,-0.002004060137968111,3
radar,splice,moderate,hddm_w,learned_features,malicious_precision_difference,-0.26443882075052527,0.023173728338959764,-0.28812209036070136,-0.24181067860725364,3
radar,splice,moderate,hddm_w,learned_features,malicious_recall_difference,-0.15756432832669479,0.04810818710854335,-0.19523373052245663,-0.10337202874516305,3
radar,splice,moderate,hddm_w,learned_features,poison_admission_rate_difference,-0.16643512704443528,0.050652655725154344,-0.22325864816724472,-0.12602306992772694,3
radar,splice,moderate,hddm_w,learned_features,roc_auc_difference,-0.1486546881359332,0.06302483728405309,-0.19778997954366984,-0.07759594147296767,3
radar,splice,moderate,hddm_w,learned_features_label,accuracy_difference,-0.08801735165933444,0.04378323271931914,-0.13310980720871746,-0.045672782874617734,3
radar,splice,moderate,hddm_w,learned_features_label,average_precision_difference,-0.23056262710665318,0.08306156075798574,-0.28007307606136317,-0.13466838760392796,3
radar,splice,moderate,hddm_w,learned_features_label,benign_fpr_difference,0.14321842844575375,0.03171154501405393,0.1097999632960176,0.1728901734104046,3
radar,splice,moderate,hddm_w,learned_features_label,legitimate_withhold_rate_difference,0.13028413194482322,0.04134972479393888,0.0892640804227349,0.1719558275449514,3
radar,splice,moderate,hddm_w,learned_features_label,macro_f1_difference,-0.06588340805933902,0.029978060979584022,-0.09912381211776472,-0.040897155969308624,3
radar,splice,moderate,hddm_w,learned_features_label,macro_precision_difference,-0.07407619344459693,0.01736987640252988,-0.09413307413955824,-0.06398644379740884,3
radar,splice,moderate,hddm_w,learned_features_label,macro_recall_difference,-0.09119477237027877,0.059619482609387105,-0.15282143333198267,-0.03380892411928671,3
radar,splice,moderate,hddm_w,learned_features_label,malicious_precision_difference,-0.2520747236660791,0.049577437832138506,-0.30771448293117576,-0.21258928645186648,3
radar,splice,moderate,hddm_w,learned_features_label,malicious_recall_difference,-0.12982807936683935,0.06013918487838623,-0.1988084326306142,-0.0884093599198762,3
radar,splice,moderate,hddm_w,learned_features_label,poison_admission_rate_difference,-0.1644875473399621,0.045356063509214055,-0.21683697384456724,-0.1369616658778987,3
radar,splice,moderate,hddm_w,learned_features_label,roc_auc_difference,-0.12059078190600207,0.024238434743769906,-0.14319642063840365,-0.09499668751085089,3
radar,splice,moderate,hddm_w,none,accuracy_difference,-0.1260445461854118,0.06663210262595304,-0.1861395289543295,-0.054388379204893034,3
radar,splice,moderate,hddm_w,none,average_precision_difference,-0.2865082780593708,0.0567898136303931,-0.3515834750467611,-0.24697089492869967,3
radar,splice,moderate,hddm_w,none,benign_fpr_difference,0.18456659699477115,0.1010797472132767,0.1206092861075427,0.3010982658959537,3
radar,splice,moderate,hddm_w,none,legitimate_withhold_rate_difference,0.13132351227066952,0.02620885448540125,0.10106113330755688,0.1466676995377902,3
radar,splice,moderate,hddm_w,none,macro_f1_difference,-0.07587018714872894,0.0596808215700674,-0.14367420191213842,-0.031302245689282415,3
radar,splice,moderate,hddm_w,none,macro_precision_difference,-0.07007660019271092,0.039980252682364124,-0.11446432458150138,-0.03689556150777609,3
radar,splice,moderate,hddm_w,none,macro_recall_difference,-0.11595044571010928,0.09274789055746423,-0.19360835328853332,-0.013253595088724424,3
radar,splice,moderate,hddm_w,none,malicious_precision_difference,-0.29596650497459487,0.09634690015305573,-0.40634733645783416,-0.22874366637203664,3
radar,splice,moderate,hddm_w,none,malicious_recall_difference,-0.17265022379613373,0.03648043214926207,-0.19848857324956748,-0.13091947669062098,3
radar,splice,moderate,hddm_w,none,poison_admission_rate_difference,-0.14574742658471115,0.032199110207360104,-0.18093184587981626,-0.11774727875059166,3
radar,splice,moderate,hddm_w,none,roc_auc_difference,-0.16686013452247192,0.030870276593318504,-0.19002672039765067,-0.1318150438891823,3
radar,splice,moderate,hellinger,learned_features,accuracy_difference,-0.07171161030116395,0.06969842060713136,-0.14341232949782823,-0.004204892966360951,3
radar,splice,moderate,hellinger,learned_features,average_precision_difference,-0.27013208893136187,0.03983019233870185,-0.3143628995621384,-0.23710014730878026,3
radar,splice,moderate,hellinger,learned_features,benign_fpr_difference,0.11492756177858222,0.06282054389906037,0.0573499724720133,0.181926782273603,3
radar,splice,moderate,hellinger,learned_features,legitimate_withhold_rate_difference,0.15439217487485196,0.03159696996337652,0.11906173475963398,0.1799433642333944,3
radar,splice,moderate,hellinger,learned_features,macro_f1_difference,-0.07304070909653358,0.11286860073580282,-0.19986129852765153,0.016383516585258273,3
radar,splice,moderate,hellinger,learned_features,macro_precision_difference,-0.09000395944642509,0.0838526436546283,-0.1851761114785937,-0.026991867870760466,3
radar,splice,moderate,hellinger,learned_features,macro_recall_difference,-0.07371838678576591,0.1413996447338042,-0.2365182555213861,0.01845241503061429,3
radar,splice,moderate,hellinger,learned_features,malicious_precision_difference,-0.24304157915333016,0.04430443630277628,-0.29305341179744276,-0.2087085237849362,3
radar,splice,moderate,hellinger,learned_features,malicious_recall_difference,-0.20166557161008883,0.15174493551879303,-0.30357470210815773,-0.027271052146674024,3
radar,splice,moderate,hellinger,learned_features,poison_admission_rate_difference,-0.2128074628531771,0.013050360137508727,-0.2212430861535577,-0.1977756743965925,3
radar,splice,moderate,hellinger,learned_features,roc_auc_difference,-0.16911870002743867,0.06625344982013984,-0.24532771004324927,-0.12521249635643938,3
radar,splice,moderate,hellinger,learned_features_label,accuracy_difference,-0.10672553741626889,0.08727684661504657,-0.2019632214679543,-0.03056574923547406,3
radar,splice,moderate,hellinger,learned_features_label,average_precision_difference,-0.3550608780184676,0.06560758433348211,-0.4264931202563736,-0.2974945578449566,3
radar,splice,moderate,hellinger,learned_features_label,benign_fpr_difference,0.1657203296937702,0.1451991926838241,0.07592619710060039,0.33323699421965314,3
radar,splice,moderate,hellinger,learned_features_label,legitimate_withhold_rate_difference,0.1505770386690185,0.021811089212928212,0.1257309941520468,0.1665678566825622,3
radar,splice,moderate,hellinger,learned_features_label,macro_f1_difference,-0.07326322330976615,0.05956634700077167,-0.14119937823637732,-0.02998607310225271,3
radar,splice,moderate,hellinger,learned_features_label,macro_precision_difference,-0.07562918547391055,0.053862161930130534,-0.13367091749270993,-0.02725630416943081,3
radar,splice,moderate,hellinger,learned_features_label,macro_recall_difference,-0.1085797003764712,0.054790638794031524,-0.1662070828311457,-0.057153453056886516,3
radar,splice,moderate,hellinger,learned_features_label,malicious_precision_difference,-0.2876883253773411,0.10531551867763277,-0.40873632893178924,-0.21707006280744118,3
radar,splice,moderate,hellinger,learned_features_label,malicious_recall_difference,-0.23083386005983023,0.13307694873352582,-0.33296913411636164,-0.08033904551317483,3
radar,splice,moderate,hellinger,learned_features_label,poison_admission_rate_difference,-0.22881188828254792,0.06402964672661053,-0.2876628855348269,-0.16062796151821201,3
radar,splice,moderate,hellinger,learned_features_label,roc_auc_difference,-0.22155460366973886,0.0597332557270744,-0.26857299618371433,-0.15434169002157982,3
radar,splice,moderate,hellinger,none,accuracy_difference,-0.0479214003895894,0.06913942703600497,-0.10511316010058669,0.02891437308868494,3
radar,splice,moderate,hellinger,none,average_precision_difference,-0.2084143571825469,0.019673610702606273,-0.22672835290278748,-0.18761695002348178,3
radar,splice,moderate,hellinger,none,benign_fpr_difference,0.08884069237817614,0.08445007254413671,0.017269223710772608,0.18198458574181112,3
radar,splice,moderate,hellinger,none,legitimate_withhold_rate_difference,0.13542506720127254,0.03650489505038991,0.0943527771322334,0.16417142563152748,3
radar,splice,moderate,hellinger,none,macro_f1_difference,-0.053606508420007776,0.08521410375338315,-0.14849907943646642,0.016378487186785584,3
radar,splice,moderate,hellinger,none,macro_precision_difference,-0.0711174522574506,0.05758717247465465,-0.1362615177857742,-0.026992477077750987,3
radar,splice,moderate,hellinger,none,macro_recall_difference,-0.060233932252541,0.08263382432533085,-0.1463233141541041,0.018445189597088296,3
radar,splice,moderate,hellinger,none,malicious_precision_difference,-0.20335199656155067,0.0807356337856207,-0.29310598413399985,-0.13664821077789002,3
radar,splice,moderate,hellinger,none,malicious_recall_difference,-0.2006242405904721,0.15231462235267568,-0.3130155820348306,-0.027271052146674024,3
radar,splice,moderate,hellinger,none,poison_admission_rate_difference,-0.19824554365985192,0.03821371892568711,-0.22036088642128926,-0.15412018374425795,3
radar,splice,moderate,hellinger,none,roc_auc_difference,-0.12655856047878966,0.043702930290752603,-0.1723854922379151,-0.08534576783137215,3
radar,splice,severe,adwin,learned_features,accuracy_difference,-0.09786413970853573,0.059244456166054164,-0.1611597641394229,-0.04374070664872898,3
radar,splice,severe,adwin,learned_features,average_precision_difference,-0.3555216818919639,0.12997725391480372,-0.45311487891481533,-0.20797913431741188,3
radar,splice,severe,adwin,learned_features,benign_fpr_difference,0.14574056271377575,0.05654095536819096,0.08743446270432219,0.20033331908892787,3
radar,splice,severe,adwin,learned_features,legitimate_withhold_rate_difference,0.1354244797867421,0.04888931134493369,0.08739935978271421,0.185134425847087,3
radar,splice,severe,adwin,learned_features,macro_f1_difference,-0.06450195140760494,0.10782471754554494,-0.137600295573009,0.05933206342562081,3
radar,splice,severe,adwin,learned_features,macro_precision_difference,-0.051319239216301694,0.11168207491969258,-0.1187021988862933,0.07759586383243261,3
radar,splice,severe,adwin,learned_features,macro_recall_difference,-0.1639453971320601,0.1617624170953276,-0.295357760222996,0.016718049101920485,3
radar,splice,severe,adwin,learned_features,malicious_precision_difference,-0.30467645031567714,0.10735572646293291,-0.4284715009126164,-0.23718061365037446,3
radar,splice,severe,adwin,learned_features,malicious_recall_difference,-0.26762214502555953,0.08510263124955915,-0.3637832699619773,-0.20201342281879198,3
radar,splice,severe,adwin,learned_features,poison_admission_rate_difference,-0.17211461452076396,0.061373720975674055,-0.2413882713019374,-0.12453159041394346,3
radar,splice,severe,adwin,learned_features,roc_auc_difference,-0.1773327043839608,0.07137605503894233,-0.23413280330062913,-0.0972136757669595,3
radar,splice,severe,adwin,learned_features_label,accuracy_difference,-0.07694124354249905,0.060805071634314395,-0.14088831513206101,-0.019861219287686804,3
radar,splice,severe,adwin,learned_features_label,average_precision_difference,-0.3166200653969553,0.14547599480219617,-0.4297671855312612,-0.15252180134195903,3
radar,splice,severe,adwin,learned_features_label,benign_fpr_difference,0.12117309337912356,0.058107241685713115,0.058686169978411196,0.1735823255416435,3
radar,splice,severe,adwin,learned_features_label,legitimate_withhold_rate_difference,0.14178616616100206,0.050787477512749535,0.0962459986419633,0.196555276919189,3
radar,splice,severe,adwin,learned_features_label,macro_f1_difference,-0.06797220745475956,0.09868317330772806,-0.13336055211712972,0.04554053935543628,3
radar,splice,severe,adwin,learned_features_label,macro_precision_difference,-0.055563664316191475,0.09908210059804982,-0.12205916017418922,0.058313014102249705,3
radar,splice,severe,adwin,learned_features_label,macro_recall_difference,-0.13495780948719305,0.19667783683028722,-0.2931402552960129,0.08525714238827231,3
radar,splice,severe,adwin,learned_features_label,malicious_precision_difference,-0.28108421365426073,0.1126630148890597,-0.40851802070653487,-0.19470845889918198,3
radar,splice,severe,adwin,learned_features_label,malicious_recall_difference,-0.27990259879124185,0.0792853089681603,-0.37138783269961984,-0.2311601150527326,3
radar,splice,severe,adwin,learned_features_label,poison_admission_rate_difference,-0.171339383988404,0.05742358406815592,-0.2357578032512343,-0.12552251283888693,3
radar,splice,severe,adwin,learned_features_label,roc_auc_difference,-0.13825069463462417,0.07109495703801398,-0.2080420684144174,-0.06592018404160394,3
radar,splice,severe,adwin,none,accuracy_difference,-0.07781512990763013,0.06972687151216722,-0.15803705383622346,-0.031773838966749124,3
radar,splice,severe,adwin,none,average_precision_difference,-0.33403653126058125,0.12079981138964448,-0.4483349843398423,-0.20764503331439121,3
radar,splice,severe,adwin,none,benign_fpr_difference,0.1164558596709756,0.07037461841840077,0.0653429300749048,0.1967223622922098,3
radar,splice,severe,adwin,none,legitimate_withhold_rate_difference,0.13774897268048888,0.054505467224534324,0.07818411097099628,0.185134425847087,3
radar,splice,severe,adwin,none,macro_f1_difference,-0.08901336893458354,0.0642679923397321,-0.1360258224509887,-0.015780421490659613,3
radar,splice,severe,adwin,none,macro_precision_difference,-0.07211681981412973,0.07274448693179755,-0.1187139768419167,0.011706869989758811,3
radar,splice,severe,adwin,none,macro_recall_difference,-0.1906767700918803,0.11696168044373272,-0.2947518406728622,-0.06409851133498762,3
radar,splice,severe,adwin,none,malicious_precision_difference,-0.28170204460296216,0.12721689002245287,-0.42523744873693636,-0.1828727844312133,3
radar,splice,severe,adwin,none,malicious_recall_difference,-0.2892925969611504,0.06567319860820248,-0.3630228136882131,-0.23706974229590927,3
radar,splice,severe,adwin,none,poison_admission_rate_difference,-0.1667124039680964,0.06830006750129868,-0.24551728120578642,-0.12461873638344234,3
radar,splice,severe,adwin,none,roc_auc_difference,-0.17156079587486128,0.06739414918245543,-0.228280867071587,-0.09705862674752264,3
radar,splice,severe,d3_oof,learned_features,accuracy_difference,0.019353654864667003,0.11244272116935024,-0.04981236281243362,0.14909659247045892,3
radar,splice,severe,d3_oof,learned_features,average_precision_difference,-0.06158495259887253,0.08408419829003268,-0.15847895596425154,-0.007769852002230904,3
radar,splice,severe,d3_oof,learned_features,benign_fpr_difference,0.022795294471367102,0.06236342567553827,-0.048771812361384295,0.0654932369916729,3
radar,splice,severe,d3_oof,learned_features,legitimate_withhold_rate_difference,0.09488783788441686,0.044644468244404066,0.0434423156417331,0.12346493355320601,3
radar,splice,severe,d3_oof,learned_features,macro_f1_difference,-0.010083115689109004,0.17197098418561993,-0.1477461156647757,0.1826866480837453,3
radar,splice,severe,d3_oof,learned_features,macro_precision_difference,-0.00712212986140807,0.15225442577117573,-0.1291814949763586,0.1634864909447647,3
radar,splice,severe,d3_oof,learned_features,macro_recall_difference,-0.087957024785762,0.22839034133289535,-0.25782402805672927,0.17167922128712976,3
radar,splice,severe,d3_oof,learned_features,malicious_precision_difference,-0.07117658059733241,0.15533819427174586,-0.18824620567917216,0.1050484259361405,3
radar,splice,severe,d3_oof,learned_features,malicious_recall_difference,-0.08451871447885047,0.10189823384113725,-0.19868444764822502,-0.00278044103547459,3
radar,splice,severe,d3_oof,learned_features,poison_admission_rate_difference,-0.07308909853670968,0.058246282519032355,-0.11373545462420231,-0.0063597276961663285,3
radar,splice,severe,d3_oof,learned_features,roc_auc_difference,-0.03359339693699285,0.06117540850826627,-0.10108803139874933,0.018203472789963038,3
radar,splice,severe,d3_oof,learned_features_label,accuracy_difference,0.004903727164790335,0.13118968354941124,-0.10532464773773276,0.15000687001923607,3
radar,splice,severe,d3_oof,learned_features_label,average_precision_difference,-0.05921193118774167,0.09106955852925028,-0.16396961446208103,0.001106390089646414,3
radar,splice,severe,d3_oof,learned_features_label,benign_fpr_difference,0.02750924592618707,0.072722494198832,-0.0498598150395447,0.09446182314843371,3
radar,splice,severe,d3_oof,learned_features_label,legitimate_withhold_rate_difference,0.11747868099934783,0.06566288011376419,0.0427886140565068,0.1661223537645069,3
radar,splice,severe,d3_oof,learned_features_label,macro_f1_difference,-0.01858353573636658,0.18447240332780312,-0.1799323238872672,0.18252753884470257,3
radar,splice,severe,d3_oof,learned_features_label,macro_precision_difference,-0.01535801794183452,0.1649895770088215,-0.16262366988264693,0.1629465871306079,3
radar,splice,severe,d3_oof,learned_features_label,macro_recall_difference,-0.06507868871734164,0.20536202057328742,-0.19128436734651083,0.17188517125816188,3
radar,splice,severe,d3_oof,learned_features_label,malicious_precision_difference,-0.07850860645616413,0.1732244495149644,-0.23843274956467997,0.10549629881583555,3
radar,splice,severe,d3_oof,learned_features_label,malicious_recall_difference,-0.07983780765827404,0.08806533167456719,-0.1784105244188141,-0.008916586768935808,3
radar,splice,severe,d3_oof,learned_features_label,poison_admission_rate_difference,-0.096170451251955,0.0807830078885001,-0.16259059278722598,-0.006240296190134997,3
radar,splice,severe,d3_oof,learned_features_label,roc_auc_difference,-0.021922487639544148,0.041990800146718965,-0.06871260376092536,0.012483522785607937,3
radar,splice,severe,d3_oof,none,accuracy_difference,-0.0032455860851599017,0.1373590459936799,-0.11764497627982717,0.14909659247045892,3
radar,splice,severe,d3_oof,none,average_precision_difference,-0.06012000416303246,0.08196480010804949,-0.15457999211260454,-0.007770296897686824,3
radar,splice,severe,d3_oof,none,benign_fpr_difference,0.03146061124134313,0.07229202765955087,-0.048771812361384295,0.0915319205181302,3
radar,splice,severe,d3_oof,none,legitimate_withhold_rate_difference,0.10183754726020659,0.05113521958259186,0.0434423156417331,0.1386053925856807,3
radar,splice,severe,d3_oof,none,macro_f1_difference,-0.022000652926168873,0.18687501656657415,-0.1835017494604717,0.1826866480837453,3
radar,splice,severe,d3_oof,none,macro_precision_difference,-0.020526646767526063,0.16920080842418828,-0.1693952190473726,0.1634864909447647,3
radar,splice,severe,d3_oof,none,macro_recall_difference,-0.07697697719420867,0.21663019396465652,-0.22488922693413538,0.17167922128712976,3
radar,splice,severe,d3_oof,none,malicious_precision_difference,-0.0932530884601539,0.18263577465401848,-0.25455855766451674,0.1050484259361405,3
radar,splice,severe,d3_oof,none,malicious_recall_difference,-0.1078562527740388,0.14145746233584436,-0.26869706253379,-0.00278044103547459,3
radar,splice,severe,d3_oof,none,poison_admission_rate_difference,-0.07191162385487578,0.056527012567606866,-0.10943319954956254,-0.0068971694733072075,3
radar,splice,severe,d3_oof,none,roc_auc_difference,-0.024526318009772452,0.046458722939126285,-0.07398144579074906,0.01820279273813774,3
radar,splice,severe,hddm_w,learned_features,accuracy_difference,-0.09366196784519076,0.08671127215862076,-0.1714176058057988,-0.00015457543281116592,3
radar,splice,severe,hddm_w,learned_features,average_precision_difference,-0.3620135164858749,0.09349145731734354,-0.46157939005617454,-0.2760970743842187,3
radar,splice,severe,hddm_w,learned_features,benign_fpr_difference,0.14808669713209208,0.06072268611095078,0.09296145959743901,0.21317465065595492,3
radar,splice,severe,hddm_w,learned_features,legitimate_withhold_rate_difference,0.16539895077198885,0.09421069552817521,0.0801338636143176,0.266538364339729,3
radar,splice,severe,hddm_w,learned_features,macro_f1_difference,-0.08221324542251757,0.09349850859442226,-0.13619985802322762,0.025749532620630095,3
radar,splice,severe,hddm_w,learned_features,macro_precision_difference,-0.0657546397283915,0.08227058657769583,-0.1146324371857565,0.029229776948816594,3
radar,splice,severe,hddm_w,learned_features,macro_recall_difference,-0.17463381887867965,0.06841932045120926,-0.23876848222442992,-0.1026132379117769,3
radar,splice,severe,hddm_w,learned_features,malicious_precision_difference,-0.32375974184764156,0.10649024513018693,-0.437906903498227,-0.22708828957420607,3
radar,splice,severe,hddm_w,learned_features,malicious_recall_difference,-0.30052660237940093,0.061379091080432414,-0.36216730038022826,-0.23941250675797454,3
radar,splice,severe,hddm_w,learned_features,poison_admission_rate_difference,-0.1739655568999349,0.10989363421337484,-0.3005226229318858,-0.10268123731040246,3
radar,splice,severe,hddm_w,learned_features,roc_auc_difference,-0.18969440539869345,0.05826065648645623,-0.24526270915106652,-0.12907084415212,3
radar,splice,severe,hddm_w,learned_features_label,accuracy_difference,-0.0637308065866498,0.07649240599554334,-0.1511461567984369,-0.009068425391591028,3
radar,splice,severe,hddm_w,learned_features_label,average_precision_difference,-0.34074077188731544,0.15517767405078414,-0.4408874921661185,-0.16198918384256544,3
radar,splice,severe,hddm_w,learned_features_label,benign_fpr_difference,0.11739035917449374,0.06069710412863932,0.0723884213772745,0.1864236571086706,3
radar,splice,severe,hddm_w,learned_features_label,legitimate_withhold_rate_difference,0.14982508231684527,0.05316696920965338,0.0889805024735668,0.1873311172022317,3
radar,splice,severe,hddm_w,learned_features_label,macro_f1_difference,-0.07685643784664324,0.07992181467039194,-0.131953279886475,0.014807113666291588,3
radar,splice,severe,hddm_w,learned_features_label,macro_precision_difference,-0.0638550520799294,0.07521514612800577,-0.1123682662807346,0.022788807267926398,3
radar,splice,severe,hddm_w,learned_features_label,macro_recall_difference,-0.15875372340248847,0.10383200646584821,-0.23655097729744679,-0.04085018501574189,3
radar,splice,severe,hddm_w,learned_features_label,malicious_precision_difference,-0.2976346507399727,0.10659101889333068,-0.41935221944597223,-0.22095592928395025,3
radar,splice,severe,hddm_w,learned_features_label,malicious_recall_difference,-0.32641275420532356,0.07620546149671083,-0.37104506232023016,-0.23842133717786984,3
radar,splice,severe,hddm_w,learned_features_label,poison_admission_rate_difference,-0.16542038695842787,0.06328748316822426,-0.2359021742268933,-0.11345993072972649,3
radar,splice,severe,hddm_w,learned_features_label,roc_auc_difference,-0.15397289464935152,0.0758329901827201,-0.21947858306240542,-0.07089713330558534,3
radar,splice,severe,hddm_w,none,accuracy_difference,-0.08264205055296221,0.07418266560387593,-0.16829489550259935,-0.038943567230758314,3
radar,splice,severe,hddm_w,none,average_precision_difference,-0.3400035314782269,0.202844639632337,-0.4581831820014578,-0.10578196871815593,3
radar,splice,severe,hddm_w,none,benign_fpr_difference,0.14964810737769266,0.05453764104734297,0.1028990615499846,0.2095636938592368,3
radar,splice,severe,hddm_w,none,legitimate_withhold_rate_difference,0.1661889077240353,0.08565772830172287,0.0709186148025997,0.23684415155226377,3
radar,splice,severe,hddm_w,none,macro_f1_difference,-0.05694938399383891,0.07012570833504132,-0.13463495650189322,0.0016754354611299982,3
radar,splice,severe,hddm_w,none,macro_precision_difference,-0.04031010691841383,0.060393306865804484,-0.1083636290758298,0.0069033939266199,3
radar,splice,severe,hddm_w,none,macro_recall_difference,-0.09611173446897292,0.12402711772445434,-0.23816256267429609,-0.009309831984165629,3
radar,splice,severe,hddm_w,none,malicious_precision_difference,-0.3170054324340363,0.10738917528958254,-0.43485699748078666,-0.22467768243267616,3
radar,splice,severe,hddm_w,none,malicious_recall_difference,-0.28301011574089724,0.1360800442272562,-0.36174496644295306,-0.12587853667327464,3
radar,splice,severe,hddm_w,none,poison_admission_rate_difference,-0.17337994953294864,0.0731476109842994,-0.2564894753558744,-0.11877995642701533,3
radar,splice,severe,hddm_w,none,roc_auc_difference,-0.17820912329126373,0.09815950618600193,-0.24228803349699235,-0.06520233770990103,3
radar,splice,severe,hellinger,learned_features,accuracy_difference,-0.04495853808801886,0.08296309361881202,-0.132776246467325,0.032100164880461635,3
radar,splice,severe,hellinger,learned_features,average_precision_difference,-0.24977942734378003,0.06509355892963442,-0.32436353415717645,-0.20442017663803824,3
radar,splice,severe,hellinger,learned_features,benign_fpr_difference,0.1142236639998473,0.09948055413525649,0.05634598485165501,0.2290927738130849,3
radar,splice,severe,hellinger,learned_features,legitimate_withhold_rate_difference,0.16615553939450242,0.003821082419298587,0.1635023023754362,0.1705351762213021,3
radar,splice,severe,hellinger,learned_features,macro_f1_difference,-0.0569552607034605,0.07498589948348305,-0.12298838026300787,0.02456496349739498,3
radar,splice,severe,hellinger,learned_features,macro_precision_difference,-0.05915648192872164,0.07288602815949904,-0.115613349820953,0.023125995822799006,3
radar,splice,severe,hellinger,learned_features,macro_recall_difference,-0.054360978264878734,0.12487803881214837,-0.16970669892798967,0.07825217911105148,3
radar,splice,severe,hellinger,learned_features,malicious_precision_difference,-0.21721416073965685,0.10469914406241339,-0.33794775404931565,-0.15141962493252598,3
radar,splice,severe,hellinger,learned_features,malicious_recall_difference,-0.1249361629126885,0.1099056072133747,-0.21102588686481305,-0.0011406844106464087,3
radar,splice,severe,hellinger,learned_features,poison_admission_rate_difference,-0.16286162025027007,0.016914256565916767,-0.1759593451332544,-0.1437656753851665,3
radar,splice,severe,hellinger,learned_features,roc_auc_difference,-0.10714168253081895,0.005274247225124408,-0.11146915254832146,-0.10126682421133748,3
radar,splice,severe,hellinger,learned_features_label,accuracy_difference,-0.09023148864446684,0.0788417750155236,-0.1808555179512229,-0.03740352616299658,3
radar,splice,severe,hellinger,learned_features_label,average_precision_difference,-0.30994032975203006,0.0916684330329355,-0.36817013815685484,-0.2042743401584436,3
radar,splice,severe,hellinger,learned_features_label,benign_fpr_difference,0.16500916859596818,0.10838180149297165,0.0587963166938362,0.2754369471390112,3
radar,splice,severe,hellinger,learned_features_label,legitimate_withhold_rate_difference,0.15024527984842226,0.02330568003177578,0.134595233746383,0.1770297798040547,3
radar,splice,severe,hellinger,learned_features_label,macro_f1_difference,-0.08144582680127764,0.07439819942630613,-0.1361615925280139,0.0032682310877936993,3
radar,splice,severe,hellinger,learned_features_label,macro_precision_difference,-0.07209690653467264,0.07518515751215103,-0.1269673580714366,0.013602657136415203,3
radar,splice,severe,hellinger,learned_features_label,macro_recall_difference,-0.11160321748862644,0.06935381021093835,-0.15198854427449976,-0.031521322792612216,3
radar,splice,severe,hellinger,learned_features_label,malicious_precision_difference,-0.2715331273700452,0.1146562516311124,-0.39193183042029206,-0.16364551454341458,3
radar,splice,severe,hellinger,learned_features_label,malicious_recall_difference,-0.1407163759306873,0.068006208915198,-0.21140939597315445,-0.07576045627376427,3
radar,splice,severe,hellinger,learned_features_label,poison_admission_rate_difference,-0.1434936772201865,0.03637143536144662,-0.1847494553376906,-0.11605756598590711,3
radar,splice,severe,hellinger,learned_features_label,roc_auc_difference,-0.13069302235790026,0.06147866737049289,-0.17533090519026617,-0.06057009466614938,3
radar,splice,severe,hellinger,none,accuracy_difference,-0.02987079612940498,0.09136190622456063,-0.13316004326436626,0.040361363011816476,3
radar,splice,severe,hellinger,none,average_precision_difference,-0.21064472725776118,0.10412731169983767,-0.3191866488927215,-0.11157995573302204,3
radar,splice,severe,hellinger,none,benign_fpr_difference,0.10584917070303008,0.10650876854164613,0.0424505441247742,0.22881500790564507,3
radar,splice,severe,hellinger,none,legitimate_withhold_rate_difference,0.17789146270638023,0.04344625085520668,0.1373126494430513,0.2237268406246969,3
radar,splice,severe,hellinger,none,macro_f1_difference,-0.04375564276111928,0.06123718152088818,-0.08737027638287381,0.0262524541383862,3
radar,splice,severe,hellinger,none,macro_precision_difference,-0.03848244982332737,0.05399848082229935,-0.07131657298366131,0.02383968988916879,3
radar,splice,severe,hellinger,none,macro_recall_difference,-0.07682587940315276,0.13648460972379056,-0.17223704134728796,0.07951018220767447,3
radar,splice,severe,hellinger,none,malicious_precision_difference,-0.2083015050678679,0.12592793621044313,-0.35367843328633525,-0.13296602857797102,3
radar,splice,severe,hellinger,none,malicious_recall_difference,-0.1447420276356711,0.07749684418845892,-0.21380632790028764,-0.060931558935361285,3
radar,splice,severe,hellinger,none,poison_admission_rate_difference,-0.18441256858665608,0.035599731186562074,-0.2131009440813364,-0.14457183805087792,3
radar,splice,severe,hellinger,none,roc_auc_difference,-0.10799896088024519,0.04327817148374869,-0.15439145949857858,-0.0687153817448547,3
