stream,repetition,input_seed,mode,level,condition,shared_clean_reference,within_dataset_weight,dataset_weight,input_rows,base_seed,attack_seed,attack_assignment,base_key,alarm_rate,alarm_blocks,monitored_blocks,poison_exposed_blocks,poison_alarm_blocks,poison_alarm_rate,unexposed_blocks,unexposed_alarm_blocks,unexposed_alarm_rate,event_recall,detected_events,scheduled_events,detection_delay,seconds_per_100k,detector,learner_resets,status,folder
SEA_A,1,115,clean,none,SEA_A__s115__clean__none,False,0.02857142857142857,0.3333333333333333,60000,115.0,,,SEA_A__s115,0.0677966101694915,4,59,0,0,,13,0,0.0,0.6666666666666666,2.0,3.0,1.6800000000000002,0.0132977732088572,adwin,0,complete,results/per_dataset_study/passive_detectors/runs/SEA_A/adwin/SEA_A__s115__clean__none
SEA_A,1,115,clean,none,SEA_A__s115__clean__none,False,0.02857142857142857,0.3333333333333333,60000,115.0,,,SEA_A__s115,0.0508474576271186,3,59,0,0,,13,0,0.0,1.0,3.0,3.0,12.513333333333334,0.1438457699744807,d3_oof,0,complete,results/per_dataset_study/passive_detectors/runs/SEA_A/d3_oof/SEA_A__s115__clean__none
SEA_A,1,115,clean,none,SEA_A__s115__clean__none,False,0.02857142857142857,0.3333333333333333,60000,115.0,,,SEA_A__s115,0.0169491525423728,1,59,0,0,,13,0,0.0,0.3333333333333333,1.0,3.0,16.18,0.0906989548821002,hddm_w,0,complete,results/per_dataset_study/passive_detectors/runs/SEA_A/hddm_w/SEA_A__s115__clean__none
SEA_A,1,115,clean,none,SEA_A__s115__clean__none,False,0.02857142857142857,0.3333333333333333,60000,115.0,,,SEA_A__s115,0.0847457627118644,5,59,0,0,,13,1,0.0769230769230769,1.0,3.0,3.0,10.846666666666666,0.0079784749444418,hellinger,0,complete,results/per_dataset_study/passive_detectors/runs/SEA_A/hellinger/SEA_A__s115__clean__none
SEA_A,1,115,instance,moderate,SEA_A__s115__instance__moderate,False,0.02857142857142857,0.3333333333333333,60000,115.0,2392216387.0,,SEA_A__s115,0.0338983050847457,2,59,59,2,0.0338983050847457,0,0,,0.6666666666666666,2.0,3.0,15.68,0.0132331883651204,adwin,0,complete,results/per_dataset_study/passive_detectors/runs/SEA_A/adwin/SEA_A__s115__instance__moderate
SEA_A,1,115,instance,moderate,SEA_A__s115__instance__moderate,False,0.02857142857142857,0.3333333333333333,60000,115.0,2392216387.0,,SEA_A__s115,0.0169491525423728,1,59,59,1,0.0169491525423728,0,0,,0.3333333333333333,1.0,3.0,5.18,0.1415949348787156,d3_oof,0,complete,results/per_dataset_study/passive_detectors/runs/SEA_A/d3_oof/SEA_A__s115__instance__moderate
SEA_A,1,115,instance,moderate,SEA_A__s115__instance__moderate,False,0.02857142857142857,0.3333333333333333,60000,115.0,2392216387.0,,SEA_A__s115,0.1525423728813559,9,59,59,9,0.1525423728813559,0,0,,1.0,3.0,3.0,2.8466666666666662,0.0963463217582708,hddm_w,0,complete,results/per_dataset_study/passive_detectors/runs/SEA_A/hddm_w/SEA_A__s115__instance__moderate
SEA_A,1,115,instance,moderate,SEA_A__s115__instance__moderate,False,0.02857142857142857,0.3333333333333333,60000,115.0,2392216387.0,,SEA_A__s115,0.0847457627118644,5,59,59,5,0.0847457627118644,0,0,,1.0,3.0,3.0,10.846666666666666,0.0078775665315333,hellinger,0,complete,results/per_dataset_study/passive_detectors/runs/SEA_A/hellinger/SEA_A__s115__instance__moderate
SEA_A,1,115,instance,severe,SEA_A__s115__instance__severe,False,0.02857142857142857,0.3333333333333333,60000,115.0,345179728.0,,SEA_A__s115,0.0169491525423728,1,59,59,1,0.0169491525423728,0,0,,0.3333333333333333,1.0,3.0,7.18,0.0128427765836628,adwin,0,complete,results/per_dataset_study/passive_detectors/runs/SEA_A/adwin/SEA_A__s115__instance__severe
SEA_A,1,115,instance,severe,SEA_A__s115__instance__severe,False,0.02857142857142857,0.3333333333333333,60000,115.0,345179728.0,,SEA_A__s115,0.0169491525423728,1,59,59,1,0.0169491525423728,0,0,,0.3333333333333333,1.0,3.0,5.18,0.1416921466685987,d3_oof,0,complete,results/per_dataset_study/passive_detectors/runs/SEA_A/d3_oof/SEA_A__s115__instance__severe
SEA_A,1,115,instance,severe,SEA_A__s115__instance__severe,False,0.02857142857142857,0.3333333333333333,60000,115.0,345179728.0,,SEA_A__s115,0.288135593220339,17,59,59,17,0.288135593220339,0,0,,1.0,3.0,3.0,0.8466666666666667,0.103152363008121,hddm_w,0,complete,results/per_dataset_study/passive_detectors/runs/SEA_A/hddm_w/SEA_A__s115__instance__severe
SEA_A,1,115,instance,severe,SEA_A__s115__instance__severe,False,0.02857142857142857,0.3333333333333333,60000,115.0,345179728.0,,SEA_A__s115,0.0847457627118644,5,59,59,5,0.0847457627118644,0,0,,1.0,3.0,3.0,10.846666666666666,0.0088283949783847,hellinger,0,complete,results/per_dataset_study/passive_detectors/runs/SEA_A/hellinger/SEA_A__s115__instance__severe
SEA_A,1,115,concept,moderate,SEA_A__s115__concept__moderate,False,0.02857142857142857,0.3333333333333333,60000,115.0,2983410498.0,,SEA_A__s115,0.576271186440678,34,59,33,29,0.8787878787878788,2,0,0.0,1.0,3.0,3.0,0.5133333333333333,0.0129884752095676,adwin,0,complete,results/per_dataset_study/passive_detectors/runs/SEA_A/adwin/SEA_A__s115__concept__moderate
SEA_A,1,115,concept,moderate,SEA_A__s115__concept__moderate,False,0.02857142857142857,0.3333333333333333,60000,115.0,2983410498.0,,SEA_A__s115,0.0,0,59,33,0,0.0,2,0,0.0,0.0,0.0,3.0,,0.1489637432678137,d3_oof,0,complete,results/per_dataset_study/passive_detectors/runs/SEA_A/d3_oof/SEA_A__s115__concept__moderate
SEA_A,1,115,concept,moderate,SEA_A__s115__concept__moderate,False,0.02857142857142857,0.3333333333333333,60000,115.0,2983410498.0,,SEA_A__s115,0.3728813559322034,22,59,33,22,0.6666666666666666,2,0,0.0,1.0,3.0,3.0,0.5133333333333333,0.1140733350378771,hddm_w,0,complete,results/per_dataset_study/passive_detectors/runs/SEA_A/hddm_w/SEA_A__s115__concept__moderate
SEA_A,1,115,concept,moderate,SEA_A__s115__concept__moderate,False,0.02857142857142857,0.3333333333333333,60000,115.0,2983410498.0,,SEA_A__s115,0.0338983050847457,2,59,33,2,0.0606060606060606,2,0,0.0,0.3333333333333333,1.0,3.0,4.18,0.007960131818739,hellinger,0,complete,results/per_dataset_study/passive_detectors/runs/SEA_A/hellinger/SEA_A__s115__concept__moderate
SEA_A,1,115,concept,severe,SEA_A__s115__concept__severe,False,0.02857142857142857,0.3333333333333333,60000,115.0,3074832534.0,,SEA_A__s115,0.7457627118644068,44,59,44,42,0.9545454545454546,0,0,,1.0,3.0,3.0,0.18,0.013201590142368,adwin,0,complete,results/per_dataset_study/passive_detectors/runs/SEA_A/adwin/SEA_A__s115__concept__severe
SEA_A,1,115,concept,severe,SEA_A__s115__concept__severe,False,0.02857142857142857,0.3333333333333333,60000,115.0,3074832534.0,,SEA_A__s115,0.0338983050847457,2,59,44,2,0.0454545454545454,0,0,,0.6666666666666666,2.0,3.0,10.18,0.1332621468463912,d3_oof,0,complete,results/per_dataset_study/passive_detectors/runs/SEA_A/d3_oof/SEA_A__s115__concept__severe
SEA_A,1,115,concept,severe,SEA_A__s115__concept__severe,False,0.02857142857142857,0.3333333333333333,60000,115.0,3074832534.0,,SEA_A__s115,0.6440677966101694,38,59,44,38,0.8636363636363636,0,0,,1.0,3.0,3.0,0.18,0.1390495832796053,hddm_w,0,complete,results/per_dataset_study/passive_detectors/runs/SEA_A/hddm_w/SEA_A__s115__concept__severe
SEA_A,1,115,concept,severe,SEA_A__s115__concept__severe,False,0.02857142857142857,0.3333333333333333,60000,115.0,3074832534.0,,SEA_A__s115,0.0677966101694915,4,59,44,4,0.0909090909090909,0,0,,0.6666666666666666,2.0,3.0,5.68,0.0077900100829234,hellinger,0,complete,results/per_dataset_study/passive_detectors/runs/SEA_A/hellinger/SEA_A__s115__concept__severe
SEA_A,1,115,splice,moderate,SEA_A__s115__splice__moderate,False,0.02857142857142857,0.3333333333333333,60000,115.0,1669518770.0,,SEA_A__s115,0.0677966101694915,4,59,37,4,0.1081081081081081,1,0,0.0,1.0,3.0,3.0,5.513333333333333,0.0130063947775245,adwin,0,complete,results/per_dataset_study/passive_detectors/runs/SEA_A/adwin/SEA_A__s115__splice__moderate
SEA_A,1,115,splice,moderate,SEA_A__s115__splice__moderate,False,0.02857142857142857,0.3333333333333333,60000,115.0,1669518770.0,,SEA_A__s115,0.0169491525423728,1,59,37,1,0.027027027027027,1,0,0.0,0.3333333333333333,1.0,3.0,18.18,0.1358438115858007,d3_oof,0,complete,results/per_dataset_study/passive_detectors/runs/SEA_A/d3_oof/SEA_A__s115__splice__moderate
SEA_A,1,115,splice,moderate,SEA_A__s115__splice__moderate,False,0.02857142857142857,0.3333333333333333,60000,115.0,1669518770.0,,SEA_A__s115,0.0,0,59,37,0,0.0,1,0,0.0,0.0,0.0,3.0,,0.0870359015728657,hddm_w,0,complete,results/per_dataset_study/passive_detectors/runs/SEA_A/hddm_w/SEA_A__s115__splice__moderate
SEA_A,1,115,splice,moderate,SEA_A__s115__splice__moderate,False,0.02857142857142857,0.3333333333333333,60000,115.0,1669518770.0,,SEA_A__s115,0.0847457627118644,5,59,37,4,0.1081081081081081,1,0,0.0,1.0,3.0,3.0,3.513333333333333,0.0076269517497469,hellinger,0,complete,results/per_dataset_study/passive_detectors/runs/SEA_A/hellinger/SEA_A__s115__splice__moderate
SEA_A,1,115,splice,severe,SEA_A__s115__splice__severe,False,0.02857142857142857,0.3333333333333333,60000,115.0,3823887799.0,,SEA_A__s115,0.0847457627118644,5,59,57,5,0.087719298245614,0,0,,1.0,3.0,3.0,5.846666666666667,0.0136592282797209,adwin,0,complete,results/per_dataset_study/passive_detectors/runs/SEA_A/adwin/SEA_A__s115__splice__severe
SEA_A,1,115,splice,severe,SEA_A__s115__splice__severe,False,0.02857142857142857,0.3333333333333333,60000,115.0,3823887799.0,,SEA_A__s115,0.0338983050847457,2,59,57,2,0.0350877192982456,0,0,,0.3333333333333333,1.0,3.0,1.18,0.1293129250310206,d3_oof,0,complete,results/per_dataset_study/passive_detectors/runs/SEA_A/d3_oof/SEA_A__s115__splice__severe
SEA_A,1,115,splice,severe,SEA_A__s115__splice__severe,False,0.02857142857142857,0.3333333333333333,60000,115.0,3823887799.0,,SEA_A__s115,0.0,0,59,57,0,0.0,0,0,,0.0,0.0,3.0,,0.0875561065428579,hddm_w,0,complete,results/per_dataset_study/passive_detectors/runs/SEA_A/hddm_w/SEA_A__s115__splice__severe
SEA_A,1,115,splice,severe,SEA_A__s115__splice__severe,False,0.02857142857142857,0.3333333333333333,60000,115.0,3823887799.0,,SEA_A__s115,0.1186440677966101,7,59,57,7,0.1228070175438596,0,0,,1.0,3.0,3.0,4.18,0.0077231981655738,hellinger,0,complete,results/per_dataset_study/passive_detectors/runs/SEA_A/hellinger/SEA_A__s115__splice__severe
SEA_A,2,116,clean,none,SEA_A__s116__clean__none,False,0.02857142857142857,0.3333333333333333,60000,116.0,,,SEA_A__s116,0.0508474576271186,3,59,0,0,,13,0,0.0,1.0,3.0,3.0,13.513333333333334,0.0128778415576865,adwin,0,complete,results/per_dataset_study/passive_detectors/runs/SEA_A/adwin/SEA_A__s116__clean__none
SEA_A,2,116,clean,none,SEA_A__s116__clean__none,False,0.02857142857142857,0.3333333333333333,60000,116.0,,,SEA_A__s116,0.0338983050847457,2,59,0,0,,13,0,0.0,0.3333333333333333,1.0,3.0,1.18,0.1286647199109817,d3_oof,0,complete,results/per_dataset_study/passive_detectors/runs/SEA_A/d3_oof/SEA_A__s116__clean__none
SEA_A,2,116,clean,none,SEA_A__s116__clean__none,False,0.02857142857142857,0.3333333333333333,60000,116.0,,,SEA_A__s116,0.0169491525423728,1,59,0,0,,13,0,0.0,0.3333333333333333,1.0,3.0,16.18,0.0886671566210376,hddm_w,0,complete,results/per_dataset_study/passive_detectors/runs/SEA_A/hddm_w/SEA_A__s116__clean__none
SEA_A,2,116,clean,none,SEA_A__s116__clean__none,False,0.02857142857142857,0.3333333333333333,60000,116.0,,,SEA_A__s116,0.0677966101694915,4,59,0,0,,13,0,0.0,1.0,3.0,3.0,5.846666666666667,0.0077023703003457,hellinger,0,complete,results/per_dataset_study/passive_detectors/runs/SEA_A/hellinger/SEA_A__s116__clean__none
SEA_A,2,116,instance,moderate,SEA_A__s116__instance__moderate,False,0.02857142857142857,0.3333333333333333,60000,116.0,453400147.0,,SEA_A__s116,0.0338983050847457,2,59,59,2,0.0338983050847457,0,0,,0.6666666666666666,2.0,3.0,17.68,0.0131220831826794,adwin,0,complete,results/per_dataset_study/passive_detectors/runs/SEA_A/adwin/SEA_A__s116__instance__moderate
SEA_A,2,116,instance,moderate,SEA_A__s116__instance__moderate,False,0.02857142857142857,0.3333333333333333,60000,116.0,453400147.0,,SEA_A__s116,0.0169491525423728,1,59,59,1,0.0169491525423728,0,0,,0.3333333333333333,1.0,3.0,1.18,0.1351700647986339,d3_oof,0,complete,results/per_dataset_study/passive_detectors/runs/SEA_A/d3_oof/SEA_A__s116__instance__moderate
SEA_A,2,116,instance,moderate,SEA_A__s116__instance__moderate,False,0.02857142857142857,0.3333333333333333,60000,116.0,453400147.0,,SEA_A__s116,0.1186440677966101,7,59,59,7,0.1186440677966101,0,0,,1.0,3.0,3.0,7.513333333333333,0.0936223617463838,hddm_w,0,complete,results/per_dataset_study/passive_detectors/runs/SEA_A/hddm_w/SEA_A__s116__instance__moderate
SEA_A,2,116,instance,moderate,SEA_A__s116__instance__moderate,False,0.02857142857142857,0.3333333333333333,60000,116.0,453400147.0,,SEA_A__s116,0.0677966101694915,4,59,59,4,0.0677966101694915,0,0,,1.0,3.0,3.0,5.846666666666667,0.0079480567850017,hellinger,0,complete,results/per_dataset_study/passive_detectors/runs/SEA_A/hellinger/SEA_A__s116__instance__moderate
SEA_A,2,116,instance,severe,SEA_A__s116__instance__severe,False,0.02857142857142857,0.3333333333333333,60000,116.0,3914142360.0,,SEA_A__s116,0.0169491525423728,1,59,59,1,0.0169491525423728,0,0,,0.3333333333333333,1.0,3.0,18.18,0.0131184629572089,adwin,0,complete,results/per_dataset_study/passive_detectors/runs/SEA_A/adwin/SEA_A__s116__instance__severe
SEA_A,2,116,instance,severe,SEA_A__s116__instance__severe,False,0.02857142857142857,0.3333333333333333,60000,116.0,3914142360.0,,SEA_A__s116,0.0338983050847457,2,59,59,2,0.0338983050847457,0,0,,0.6666666666666666,2.0,3.0,9.18,0.1309299283699753,d3_oof,0,complete,results/per_dataset_study/passive_detectors/runs/SEA_A/d3_oof/SEA_A__s116__instance__severe
SEA_A,2,116,instance,severe,SEA_A__s116__instance__severe,False,0.02857142857142857,0.3333333333333333,60000,116.0,3914142360.0,,SEA_A__s116,0.2372881355932203,14,59,59,14,0.2372881355932203,0,0,,1.0,3.0,3.0,0.8466666666666667,0.0983159749011974,hddm_w,0,complete,results/per_dataset_study/passive_detectors/runs/SEA_A/hddm_w/SEA_A__s116__instance__severe
SEA_A,2,116,instance,severe,SEA_A__s116__instance__severe,False,0.02857142857142857,0.3333333333333333,60000,116.0,3914142360.0,,SEA_A__s116,0.0677966101694915,4,59,59,4,0.0677966101694915,0,0,,1.0,3.0,3.0,5.846666666666667,0.0077788883936591,hellinger,0,complete,results/per_dataset_study/passive_detectors/runs/SEA_A/hellinger/SEA_A__s116__instance__severe
SEA_A,2,116,concept,moderate,SEA_A__s116__concept__moderate,False,0.02857142857142857,0.3333333333333333,60000,116.0,2842105116.0,,SEA_A__s116,0.5254237288135594,31,59,34,30,0.8823529411764706,2,0,0.0,1.0,3.0,3.0,0.18,0.0132358999204977,adwin,0,complete,results/per_dataset_study/passive_detectors/runs/SEA_A/adwin/SEA_A__s116__concept__moderate
SEA_A,2,116,concept,moderate,SEA_A__s116__concept__moderate,False,0.02857142857142857,0.3333333333333333,60000,116.0,2842105116.0,,SEA_A__s116,0.0508474576271186,3,59,34,0,0.0,2,0,0.0,1.0,3.0,3.0,4.513333333333333,0.1213480583586109,d3_oof,0,complete,results/per_dataset_study/passive_detectors/runs/SEA_A/d3_oof/SEA_A__s116__concept__moderate
SEA_A,2,116,concept,moderate,SEA_A__s116__concept__moderate,False,0.02857142857142857,0.3333333333333333,60000,116.0,2842105116.0,,SEA_A__s116,0.4067796610169492,24,59,34,24,0.7058823529411765,2,0,0.0,1.0,3.0,3.0,0.18,0.1176932646679536,hddm_w,0,complete,results/per_dataset_study/passive_detectors/runs/SEA_A/hddm_w/SEA_A__s116__concept__moderate
SEA_A,2,116,concept,moderate,SEA_A__s116__concept__moderate,False,0.02857142857142857,0.3333333333333333,60000,116.0,2842105116.0,,SEA_A__s116,0.1186440677966101,7,59,34,4,0.1176470588235294,2,0,0.0,1.0,3.0,3.0,3.1799999999999997,0.0076266012911219,hellinger,0,complete,results/per_dataset_study/passive_detectors/runs/SEA_A/hellinger/SEA_A__s116__concept__moderate
SEA_A,2,116,concept,severe,SEA_A__s116__concept__severe,False,0.02857142857142857,0.3333333333333333,60000,116.0,1226260622.0,,SEA_A__s116,0.7966101694915254,47,59,46,45,0.9782608695652174,0,0,,1.0,3.0,3.0,0.18,0.0131191651841315,adwin,0,complete,results/per_dataset_study/passive_detectors/runs/SEA_A/adwin/SEA_A__s116__concept__severe
SEA_A,2,116,concept,severe,SEA_A__s116__concept__severe,False,0.02857142857142857,0.3333333333333333,60000,116.0,1226260622.0,,SEA_A__s116,0.0338983050847457,2,59,46,2,0.0434782608695652,0,0,,0.6666666666666666,2.0,3.0,5.68,0.132256315118866,d3_oof,0,complete,results/per_dataset_study/passive_detectors/runs/SEA_A/d3_oof/SEA_A__s116__concept__severe
SEA_A,2,116,concept,severe,SEA_A__s116__concept__severe,False,0.02857142857142857,0.3333333333333333,60000,116.0,1226260622.0,,SEA_A__s116,0.6440677966101694,38,59,46,38,0.8260869565217391,0,0,,1.0,3.0,3.0,0.18,0.1388106384062363,hddm_w,0,complete,results/per_dataset_study/passive_detectors/runs/SEA_A/hddm_w/SEA_A__s116__concept__severe
SEA_A,2,116,concept,severe,SEA_A__s116__concept__severe,False,0.02857142857142857,0.3333333333333333,60000,116.0,1226260622.0,,SEA_A__s116,0.0847457627118644,5,59,46,3,0.0652173913043478,0,0,,1.0,3.0,3.0,4.513333333333333,0.0076600001193583,hellinger,0,complete,results/per_dataset_study/passive_detectors/runs/SEA_A/hellinger/SEA_A__s116__concept__severe
SEA_A,2,116,splice,moderate,SEA_A__s116__splice__moderate,False,0.02857142857142857,0.3333333333333333,60000,116.0,921862620.0,,SEA_A__s116,0.1016949152542373,6,59,33,4,0.1212121212121212,0,0,,0.6666666666666666,2.0,3.0,1.18,0.0128436765226069,adwin,0,complete,results/per_dataset_study/passive_detectors/runs/SEA_A/adwin/SEA_A__s116__splice__moderate
SEA_A,2,116,splice,moderate,SEA_A__s116__splice__moderate,False,0.02857142857142857,0.3333333333333333,60000,116.0,921862620.0,,SEA_A__s116,0.0338983050847457,2,59,33,1,0.0303030303030303,0,0,,0.6666666666666666,2.0,3.0,7.68,0.1404282017999018,d3_oof,0,complete,results/per_dataset_study/passive_detectors/runs/SEA_A/d3_oof/SEA_A__s116__splice__moderate
SEA_A,2,116,splice,moderate,SEA_A__s116__splice__moderate,False,0.02857142857142857,0.3333333333333333,60000,116.0,921862620.0,,SEA_A__s116,0.0,0,59,33,0,0.0,0,0,,0.0,0.0,3.0,,0.0890134082389219,hddm_w,0,complete,results/per_dataset_study/passive_detectors/runs/SEA_A/hddm_w/SEA_A__s116__splice__moderate
SEA_A,2,116,splice,moderate,SEA_A__s116__splice__moderate,False,0.02857142857142857,0.3333333333333333,60000,116.0,921862620.0,,SEA_A__s116,0.0508474576271186,3,59,33,1,0.0303030303030303,0,0,,1.0,3.0,3.0,15.513333333333334,0.0077549333703548,hellinger,0,complete,results/per_dataset_study/passive_detectors/runs/SEA_A/hellinger/SEA_A__s116__splice__moderate
SEA_A,2,116,splice,severe,SEA_A__s116__splice__severe,False,0.02857142857142857,0.3333333333333333,60000,116.0,1993734708.0,,SEA_A__s116,0.0847457627118644,5,59,46,4,0.0869565217391304,0,0,,0.6666666666666666,2.0,3.0,4.18,0.0130252750144184,adwin,0,complete,results/per_dataset_study/passive_detectors/runs/SEA_A/adwin/SEA_A__s116__splice__severe
SEA_A,2,116,splice,severe,SEA_A__s116__splice__severe,False,0.02857142857142857,0.3333333333333333,60000,116.0,1993734708.0,,SEA_A__s116,0.0338983050847457,2,59,46,2,0.0434782608695652,0,0,,0.6666666666666666,2.0,3.0,14.18,0.1338129132636822,d3_oof,0,complete,results/per_dataset_study/passive_detectors/runs/SEA_A/d3_oof/SEA_A__s116__splice__severe
SEA_A,2,116,splice,severe,SEA_A__s116__splice__severe,False,0.02857142857142857,0.3333333333333333,60000,116.0,1993734708.0,,SEA_A__s116,0.0,0,59,46,0,0.0,0,0,,0.0,0.0,3.0,,0.0888296567912523,hddm_w,0,complete,results/per_dataset_study/passive_detectors/runs/SEA_A/hddm_w/SEA_A__s116__splice__severe
SEA_A,2,116,splice,severe,SEA_A__s116__splice__severe,False,0.02857142857142857,0.3333333333333333,60000,116.0,1993734708.0,,SEA_A__s116,0.0338983050847457,2,59,46,2,0.0434782608695652,0,0,,0.3333333333333333,1.0,3.0,5.18,0.0080488234622559,hellinger,0,complete,results/per_dataset_study/passive_detectors/runs/SEA_A/hellinger/SEA_A__s116__splice__severe
SEA_A,3,117,clean,none,SEA_A__s117__clean__none,False,0.02857142857142857,0.3333333333333333,60000,117.0,,,SEA_A__s117,0.0677966101694915,4,59,0,0,,13,1,0.0769230769230769,0.6666666666666666,2.0,3.0,6.18,0.0130101400039469,adwin,0,complete,results/per_dataset_study/passive_detectors/runs/SEA_A/adwin/SEA_A__s117__clean__none
SEA_A,3,117,clean,none,SEA_A__s117__clean__none,False,0.02857142857142857,0.3333333333333333,60000,117.0,,,SEA_A__s117,0.0338983050847457,2,59,0,0,,13,0,0.0,0.6666666666666666,2.0,3.0,11.68,0.1541233433332915,d3_oof,0,complete,results/per_dataset_study/passive_detectors/runs/SEA_A/d3_oof/SEA_A__s117__clean__none
SEA_A,3,117,clean,none,SEA_A__s117__clean__none,False,0.02857142857142857,0.3333333333333333,60000,117.0,,,SEA_A__s117,0.0,0,59,0,0,,13,0,0.0,0.0,0.0,3.0,,0.0916376313640891,hddm_w,0,complete,results/per_dataset_study/passive_detectors/runs/SEA_A/hddm_w/SEA_A__s117__clean__none
SEA_A,3,117,clean,none,SEA_A__s117__clean__none,False,0.02857142857142857,0.3333333333333333,60000,117.0,,,SEA_A__s117,0.1016949152542373,6,59,0,0,,13,1,0.0769230769230769,1.0,3.0,3.0,3.1799999999999997,0.0077814532172245,hellinger,0,complete,results/per_dataset_study/passive_detectors/runs/SEA_A/hellinger/SEA_A__s117__clean__none
SEA_A,3,117,instance,moderate,SEA_A__s117__instance__moderate,False,0.02857142857142857,0.3333333333333333,60000,117.0,1195402420.0,,SEA_A__s117,0.0169491525423728,1,59,59,1,0.0169491525423728,0,0,,0.3333333333333333,1.0,3.0,16.18,0.0129493733402341,adwin,0,complete,results/per_dataset_study/passive_detectors/runs/SEA_A/adwin/SEA_A__s117__instance__moderate
SEA_A,3,117,instance,moderate,SEA_A__s117__instance__moderate,False,0.02857142857142857,0.3333333333333333,60000,117.0,1195402420.0,,SEA_A__s117,0.0338983050847457,2,59,59,2,0.0338983050847457,0,0,,0.6666666666666666,2.0,3.0,8.18,0.1376151367245862,d3_oof,0,complete,results/per_dataset_study/passive_detectors/runs/SEA_A/d3_oof/SEA_A__s117__instance__moderate
SEA_A,3,117,instance,moderate,SEA_A__s117__instance__moderate,False,0.02857142857142857,0.3333333333333333,60000,117.0,1195402420.0,,SEA_A__s117,0.1186440677966101,7,59,59,7,0.1186440677966101,0,0,,0.6666666666666666,2.0,3.0,1.18,0.1056240283166213,hddm_w,0,complete,results/per_dataset_study/passive_detectors/runs/SEA_A/hddm_w/SEA_A__s117__instance__moderate
SEA_A,3,117,instance,moderate,SEA_A__s117__instance__moderate,False,0.02857142857142857,0.3333333333333333,60000,117.0,1195402420.0,,SEA_A__s117,0.1016949152542373,6,59,59,6,0.1016949152542373,0,0,,1.0,3.0,3.0,3.1799999999999997,0.0102416731533594,hellinger,0,complete,results/per_dataset_study/passive_detectors/runs/SEA_A/hellinger/SEA_A__s117__instance__moderate
SEA_A,3,117,instance,severe,SEA_A__s117__instance__severe,False,0.02857142857142857,0.3333333333333333,60000,117.0,4063383392.0,,SEA_A__s117,0.0338983050847457,2,59,59,2,0.0338983050847457,0,0,,0.6666666666666666,2.0,3.0,16.68,0.0133015230918924,adwin,0,complete,results/per_dataset_study/passive_detectors/runs/SEA_A/adwin/SEA_A__s117__instance__severe
SEA_A,3,117,instance,severe,SEA_A__s117__instance__severe,False,0.02857142857142857,0.3333333333333333,60000,117.0,4063383392.0,,SEA_A__s117,0.0,0,59,59,0,0.0,0,0,,0.0,0.0,3.0,,0.1427724968622593,d3_oof,0,complete,results/per_dataset_study/passive_detectors/runs/SEA_A/d3_oof/SEA_A__s117__instance__severe
SEA_A,3,117,instance,severe,SEA_A__s117__instance__severe,False,0.02857142857142857,0.3333333333333333,60000,117.0,4063383392.0,,SEA_A__s117,0.3389830508474576,20,59,59,20,0.3389830508474576,0,0,,1.0,3.0,3.0,0.5133333333333333,0.1037876348224623,hddm_w,0,complete,results/per_dataset_study/passive_detectors/runs/SEA_A/hddm_w/SEA_A__s117__instance__severe
SEA_A,3,117,instance,severe,SEA_A__s117__instance__severe,False,0.02857142857142857,0.3333333333333333,60000,117.0,4063383392.0,,SEA_A__s117,0.1016949152542373,6,59,59,6,0.1016949152542373,0,0,,1.0,3.0,3.0,3.1799999999999997,0.0079566550751527,hellinger,0,complete,results/per_dataset_study/passive_detectors/runs/SEA_A/hellinger/SEA_A__s117__instance__severe
SEA_A,3,117,concept,moderate,SEA_A__s117__concept__moderate,False,0.02857142857142857,0.3333333333333333,60000,117.0,4256973585.0,,SEA_A__s117,0.5932203389830508,35,59,36,33,0.9166666666666666,1,0,0.0,1.0,3.0,3.0,0.18,0.0130312464898452,adwin,0,complete,results/per_dataset_study/passive_detectors/runs/SEA_A/adwin/SEA_A__s117__concept__moderate
SEA_A,3,117,concept,moderate,SEA_A__s117__concept__moderate,False,0.02857142857142857,0.3333333333333333,60000,117.0,4256973585.0,,SEA_A__s117,0.0169491525423728,1,59,36,0,0.0,1,0,0.0,0.3333333333333333,1.0,3.0,10.18,0.1325283317904298,d3_oof,0,complete,results/per_dataset_study/passive_detectors/runs/SEA_A/d3_oof/SEA_A__s117__concept__moderate
SEA_A,3,117,concept,moderate,SEA_A__s117__concept__moderate,False,0.02857142857142857,0.3333333333333333,60000,117.0,4256973585.0,,SEA_A__s117,0.5254237288135594,31,59,36,31,0.8611111111111112,1,0,0.0,1.0,3.0,3.0,0.18,0.1227251468420339,hddm_w,0,complete,results/per_dataset_study/passive_detectors/runs/SEA_A/hddm_w/SEA_A__s117__concept__moderate
SEA_A,3,117,concept,moderate,SEA_A__s117__concept__moderate,False,0.02857142857142857,0.3333333333333333,60000,117.0,4256973585.0,,SEA_A__s117,0.0677966101694915,4,59,36,3,0.0833333333333333,1,0,0.0,1.0,3.0,3.0,6.513333333333333,0.0076321533803517,hellinger,0,complete,results/per_dataset_study/passive_detectors/runs/SEA_A/hellinger/SEA_A__s117__concept__moderate
SEA_A,3,117,concept,severe,SEA_A__s117__concept__severe,False,0.02857142857142857,0.3333333333333333,60000,117.0,228998761.0,,SEA_A__s117,0.7796610169491526,46,59,50,45,0.9,1,0,0.0,1.0,3.0,3.0,0.18,0.0130383327874975,adwin,0,complete,results/per_dataset_study/passive_detectors/runs/SEA_A/adwin/SEA_A__s117__concept__severe
SEA_A,3,117,concept,severe,SEA_A__s117__concept__severe,False,0.02857142857142857,0.3333333333333333,60000,117.0,228998761.0,,SEA_A__s117,0.0338983050847457,2,59,50,1,0.02,1,0,0.0,0.6666666666666666,2.0,3.0,6.18,0.1302156133654838,d3_oof,0,complete,results/per_dataset_study/passive_detectors/runs/SEA_A/d3_oof/SEA_A__s117__concept__severe
SEA_A,3,117,concept,severe,SEA_A__s117__concept__severe,False,0.02857142857142857,0.3333333333333333,60000,117.0,228998761.0,,SEA_A__s117,0.711864406779661,42,59,50,42,0.84,1,0,0.0,1.0,3.0,3.0,0.18,0.1426617384034519,hddm_w,0,complete,results/per_dataset_study/passive_detectors/runs/SEA_A/hddm_w/SEA_A__s117__concept__severe
SEA_A,3,117,concept,severe,SEA_A__s117__concept__severe,False,0.02857142857142857,0.3333333333333333,60000,117.0,228998761.0,,SEA_A__s117,0.0847457627118644,5,59,50,5,0.1,1,0,0.0,0.6666666666666666,2.0,3.0,6.68,0.0076302113302517,hellinger,0,complete,results/per_dataset_study/passive_detectors/runs/SEA_A/hellinger/SEA_A__s117__concept__severe
SEA_A,3,117,splice,moderate,SEA_A__s117__splice__moderate,False,0.02857142857142857,0.3333333333333333,60000,117.0,1275875057.0,,SEA_A__s117,0.1186440677966101,7,59,36,6,0.1666666666666666,1,0,0.0,1.0,3.0,3.0,1.5133333333333334,0.0128855616397534,adwin,0,complete,results/per_dataset_study/passive_detectors/runs/SEA_A/adwin/SEA_A__s117__splice__moderate
SEA_A,3,117,splice,moderate,SEA_A__s117__splice__moderate,False,0.02857142857142857,0.3333333333333333,60000,117.0,1275875057.0,,SEA_A__s117,0.0169491525423728,1,59,36,1,0.0277777777777777,1,0,0.0,0.3333333333333333,1.0,3.0,5.18,0.135143053291055,d3_oof,0,complete,results/per_dataset_study/passive_detectors/runs/SEA_A/d3_oof/SEA_A__s117__splice__moderate
SEA_A,3,117,splice,moderate,SEA_A__s117__splice__moderate,False,0.02857142857142857,0.3333333333333333,60000,117.0,1275875057.0,,SEA_A__s117,0.0338983050847457,2,59,36,2,0.0555555555555555,1,0,0.0,0.3333333333333333,1.0,3.0,6.18,0.0903588850148177,hddm_w,0,complete,results/per_dataset_study/passive_detectors/runs/SEA_A/hddm_w/SEA_A__s117__splice__moderate
SEA_A,3,117,splice,moderate,SEA_A__s117__splice__moderate,False,0.02857142857142857,0.3333333333333333,60000,117.0,1275875057.0,,SEA_A__s117,0.0508474576271186,3,59,36,2,0.0555555555555555,1,0,0.0,0.6666666666666666,2.0,3.0,14.18,0.0076629198641361,hellinger,0,complete,results/per_dataset_study/passive_detectors/runs/SEA_A/hellinger/SEA_A__s117__splice__moderate
SEA_A,3,117,splice,severe,SEA_A__s117__splice__severe,False,0.02857142857142857,0.3333333333333333,60000,117.0,2243424514.0,,SEA_A__s117,0.1016949152542373,6,59,50,6,0.12,0,0,,1.0,3.0,3.0,5.513333333333333,0.0132585422155292,adwin,0,complete,results/per_dataset_study/passive_detectors/runs/SEA_A/adwin/SEA_A__s117__splice__severe
SEA_A,3,117,splice,severe,SEA_A__s117__splice__severe,False,0.02857142857142857,0.3333333333333333,60000,117.0,2243424514.0,,SEA_A__s117,0.0338983050847457,2,59,50,2,0.04,0,0,,0.6666666666666666,2.0,3.0,2.18,0.1335509735023758,d3_oof,0,complete,results/per_dataset_study/passive_detectors/runs/SEA_A/d3_oof/SEA_A__s117__splice__severe
SEA_A,3,117,splice,severe,SEA_A__s117__splice__severe,False,0.02857142857142857,0.3333333333333333,60000,117.0,2243424514.0,,SEA_A__s117,0.0169491525423728,1,59,50,1,0.02,0,0,,0.3333333333333333,1.0,3.0,19.18,0.0910889583368164,hddm_w,0,complete,results/per_dataset_study/passive_detectors/runs/SEA_A/hddm_w/SEA_A__s117__splice__severe
SEA_A,3,117,splice,severe,SEA_A__s117__splice__severe,False,0.02857142857142857,0.3333333333333333,60000,117.0,2243424514.0,,SEA_A__s117,0.0169491525423728,1,59,50,1,0.02,0,0,,0.0,0.0,3.0,,0.0079122252160838,hellinger,0,complete,results/per_dataset_study/passive_detectors/runs/SEA_A/hellinger/SEA_A__s117__splice__severe
SEA_A,4,118,clean,none,SEA_A__s118__clean__none,False,0.02857142857142857,0.3333333333333333,60000,118.0,,,SEA_A__s118,0.135593220338983,8,59,0,0,,13,1,0.0769230769230769,1.0,3.0,3.0,1.5133333333333334,0.0128641679475549,adwin,0,complete,results/per_dataset_study/passive_detectors/runs/SEA_A/adwin/SEA_A__s118__clean__none
SEA_A,4,118,clean,none,SEA_A__s118__clean__none,False,0.02857142857142857,0.3333333333333333,60000,118.0,,,SEA_A__s118,0.0,0,59,0,0,,13,0,0.0,0.0,0.0,3.0,,0.1584970766756062,d3_oof,0,complete,results/per_dataset_study/passive_detectors/runs/SEA_A/d3_oof/SEA_A__s118__clean__none
SEA_A,4,118,clean,none,SEA_A__s118__clean__none,False,0.02857142857142857,0.3333333333333333,60000,118.0,,,SEA_A__s118,0.0169491525423728,1,59,0,0,,13,0,0.0,0.3333333333333333,1.0,3.0,17.18,0.0902990267301599,hddm_w,0,complete,results/per_dataset_study/passive_detectors/runs/SEA_A/hddm_w/SEA_A__s118__clean__none
SEA_A,4,118,clean,none,SEA_A__s118__clean__none,False,0.02857142857142857,0.3333333333333333,60000,118.0,,,SEA_A__s118,0.0847457627118644,5,59,0,0,,13,1,0.0769230769230769,1.0,3.0,3.0,4.513333333333333,0.0076182713382877,hellinger,0,complete,results/per_dataset_study/passive_detectors/runs/SEA_A/hellinger/SEA_A__s118__clean__none
SEA_A,4,118,instance,moderate,SEA_A__s118__instance__moderate,False,0.02857142857142857,0.3333333333333333,60000,118.0,4224387059.0,,SEA_A__s118,0.0338983050847457,2,59,59,2,0.0338983050847457,0,0,,0.6666666666666666,2.0,3.0,14.68,0.0132192299740078,adwin,0,complete,results/per_dataset_study/passive_detectors/runs/SEA_A/adwin/SEA_A__s118__instance__moderate
SEA_A,4,118,instance,moderate,SEA_A__s118__instance__moderate,False,0.02857142857142857,0.3333333333333333,60000,118.0,4224387059.0,,SEA_A__s118,0.0169491525423728,1,59,59,1,0.0169491525423728,0,0,,0.3333333333333333,1.0,3.0,1.18,0.1462712582724634,d3_oof,0,complete,results/per_dataset_study/passive_detectors/runs/SEA_A/d3_oof/SEA_A__s118__instance__moderate
SEA_A,4,118,instance,moderate,SEA_A__s118__instance__moderate,False,0.02857142857142857,0.3333333333333333,60000,118.0,4224387059.0,,SEA_A__s118,0.2033898305084746,12,59,59,12,0.2033898305084746,0,0,,1.0,3.0,3.0,4.18,0.1004353518753002,hddm_w,0,complete,results/per_dataset_study/passive_detectors/runs/SEA_A/hddm_w/SEA_A__s118__instance__moderate
SEA_A,4,118,instance,moderate,SEA_A__s118__instance__moderate,False,0.02857142857142857,0.3333333333333333,60000,118.0,4224387059.0,,SEA_A__s118,0.0847457627118644,5,59,59,5,0.0847457627118644,0,0,,1.0,3.0,3.0,4.513333333333333,0.0077670165531647,hellinger,0,complete,results/per_dataset_study/passive_detectors/runs/SEA_A/hellinger/SEA_A__s118__instance__moderate
SEA_A,4,118,instance,severe,SEA_A__s118__instance__severe,False,0.02857142857142857,0.3333333333333333,60000,118.0,2861808558.0,,SEA_A__s118,0.0169491525423728,1,59,59,1,0.0169491525423728,0,0,,0.3333333333333333,1.0,3.0,18.18,0.0135195150020687,adwin,0,complete,results/per_dataset_study/passive_detectors/runs/SEA_A/adwin/SEA_A__s118__instance__severe
SEA_A,4,118,instance,severe,SEA_A__s118__instance__severe,False,0.02857142857142857,0.3333333333333333,60000,118.0,2861808558.0,,SEA_A__s118,0.0508474576271186,3,59,59,3,0.0508474576271186,0,0,,0.6666666666666666,2.0,3.0,8.68,0.1294087398370417,d3_oof,0,complete,results/per_dataset_study/passive_detectors/runs/SEA_A/d3_oof/SEA_A__s118__instance__severe
SEA_A,4,118,instance,severe,SEA_A__s118__instance__severe,False,0.02857142857142857,0.3333333333333333,60000,118.0,2861808558.0,,SEA_A__s118,0.4067796610169492,24,59,59,24,0.4067796610169492,0,0,,1.0,3.0,3.0,0.8466666666666668,0.1103368117279993,hddm_w,0,complete,results/per_dataset_study/passive_detectors/runs/SEA_A/hddm_w/SEA_A__s118__instance__severe
SEA_A,4,118,instance,severe,SEA_A__s118__instance__severe,False,0.02857142857142857,0.3333333333333333,60000,118.0,2861808558.0,,SEA_A__s118,0.0847457627118644,5,59,59,5,0.0847457627118644,0,0,,1.0,3.0,3.0,4.513333333333333,0.0077837514982093,hellinger,0,complete,results/per_dataset_study/passive_detectors/runs/SEA_A/hellinger/SEA_A__s118__instance__severe
SEA_A,4,118,concept,moderate,SEA_A__s118__concept__moderate,False,0.02857142857142857,0.3333333333333333,60000,118.0,1648460561.0,,SEA_A__s118,0.576271186440678,34,59,35,32,0.9142857142857144,3,0,0.0,1.0,3.0,3.0,0.18,0.0136077016941271,adwin,0,complete,results/per_dataset_study/passive_detectors/runs/SEA_A/adwin/SEA_A__s118__concept__moderate
SEA_A,4,118,concept,moderate,SEA_A__s118__concept__moderate,False,0.02857142857142857,0.3333333333333333,60000,118.0,1648460561.0,,SEA_A__s118,0.0169491525423728,1,59,35,1,0.0285714285714285,3,0,0.0,0.3333333333333333,1.0,3.0,1.18,0.140569168482519,d3_oof,0,complete,results/per_dataset_study/passive_detectors/runs/SEA_A/d3_oof/SEA_A__s118__concept__moderate
SEA_A,4,118,concept,moderate,SEA_A__s118__concept__moderate,False,0.02857142857142857,0.3333333333333333,60000,118.0,1648460561.0,,SEA_A__s118,0.4406779661016949,26,59,35,26,0.7428571428571429,3,0,0.0,1.0,3.0,3.0,0.18,0.1235418067759989,hddm_w,0,complete,results/per_dataset_study/passive_detectors/runs/SEA_A/hddm_w/SEA_A__s118__concept__moderate
SEA_A,4,118,concept,moderate,SEA_A__s118__concept__moderate,False,0.02857142857142857,0.3333333333333333,60000,118.0,1648460561.0,,SEA_A__s118,0.0677966101694915,4,59,35,3,0.0857142857142857,3,0,0.0,1.0,3.0,3.0,3.1799999999999997,0.0082500753342174,hellinger,0,complete,results/per_dataset_study/passive_detectors/runs/SEA_A/hellinger/SEA_A__s118__concept__moderate
SEA_A,4,118,concept,severe,SEA_A__s118__concept__severe,False,0.02857142857142857,0.3333333333333333,60000,118.0,16137799.0,,SEA_A__s118,0.7288135593220338,43,59,48,42,0.875,0,0,,1.0,3.0,3.0,0.18,0.0132254117246096,adwin,0,complete,results/per_dataset_study/passive_detectors/runs/SEA_A/adwin/SEA_A__s118__concept__severe
SEA_A,4,118,concept,severe,SEA_A__s118__concept__severe,False,0.02857142857142857,0.3333333333333333,60000,118.0,16137799.0,,SEA_A__s118,0.0508474576271186,3,59,48,2,0.0416666666666666,0,0,,1.0,3.0,3.0,9.18,0.1302525750361383,d3_oof,0,complete,results/per_dataset_study/passive_detectors/runs/SEA_A/d3_oof/SEA_A__s118__concept__severe
SEA_A,4,118,concept,severe,SEA_A__s118__concept__severe,False,0.02857142857142857,0.3333333333333333,60000,118.0,16137799.0,,SEA_A__s118,0.6101694915254238,36,59,48,36,0.75,0,0,,1.0,3.0,3.0,0.18,0.1385170131106861,hddm_w,0,complete,results/per_dataset_study/passive_detectors/runs/SEA_A/hddm_w/SEA_A__s118__concept__severe
SEA_A,4,118,concept,severe,SEA_A__s118__concept__severe,False,0.02857142857142857,0.3333333333333333,60000,118.0,16137799.0,,SEA_A__s118,0.0338983050847457,2,59,48,1,0.0208333333333333,0,0,,0.6666666666666666,2.0,3.0,11.18,0.0077700001808504,hellinger,0,complete,results/per_dataset_study/passive_detectors/runs/SEA_A/hellinger/SEA_A__s118__concept__severe
SEA_A,4,118,splice,moderate,SEA_A__s118__splice__moderate,False,0.02857142857142857,0.3333333333333333,60000,118.0,3330973510.0,,SEA_A__s118,0.1186440677966101,7,59,36,5,0.1388888888888889,0,0,,1.0,3.0,3.0,3.1799999999999997,0.0136363900674041,adwin,0,complete,results/per_dataset_study/passive_detectors/runs/SEA_A/adwin/SEA_A__s118__splice__moderate
SEA_A,4,118,splice,moderate,SEA_A__s118__splice__moderate,False,0.02857142857142857,0.3333333333333333,60000,118.0,3330973510.0,,SEA_A__s118,0.0508474576271186,3,59,36,3,0.0833333333333333,0,0,,0.6666666666666666,2.0,3.0,1.18,0.1189991565964495,d3_oof,0,complete,results/per_dataset_study/passive_detectors/runs/SEA_A/d3_oof/SEA_A__s118__splice__moderate
SEA_A,4,118,splice,moderate,SEA_A__s118__splice__moderate,False,0.02857142857142857,0.3333333333333333,60000,118.0,3330973510.0,,SEA_A__s118,0.0169491525423728,1,59,36,1,0.0277777777777777,0,0,,0.3333333333333333,1.0,3.0,17.18,0.089544715010561,hddm_w,0,complete,results/per_dataset_study/passive_detectors/runs/SEA_A/hddm_w/SEA_A__s118__splice__moderate
SEA_A,4,118,splice,moderate,SEA_A__s118__splice__moderate,False,0.02857142857142857,0.3333333333333333,60000,118.0,3330973510.0,,SEA_A__s118,0.1016949152542373,6,59,36,4,0.1111111111111111,0,0,,1.0,3.0,3.0,4.513333333333333,0.0075246517371851,hellinger,0,complete,results/per_dataset_study/passive_detectors/runs/SEA_A/hellinger/SEA_A__s118__splice__moderate
SEA_A,4,118,splice,severe,SEA_A__s118__splice__severe,False,0.02857142857142857,0.3333333333333333,60000,118.0,3954790722.0,,SEA_A__s118,0.135593220338983,8,59,50,8,0.16,1,0,0.0,1.0,3.0,3.0,2.5133333333333336,0.0129668830777518,adwin,0,complete,results/per_dataset_study/passive_detectors/runs/SEA_A/adwin/SEA_A__s118__splice__severe
SEA_A,4,118,splice,severe,SEA_A__s118__splice__severe,False,0.02857142857142857,0.3333333333333333,60000,118.0,3954790722.0,,SEA_A__s118,0.0508474576271186,3,59,50,3,0.06,1,0,0.0,0.6666666666666666,2.0,3.0,8.68,0.1184140316036064,d3_oof,0,complete,results/per_dataset_study/passive_detectors/runs/SEA_A/d3_oof/SEA_A__s118__splice__severe
SEA_A,4,118,splice,severe,SEA_A__s118__splice__severe,False,0.02857142857142857,0.3333333333333333,60000,118.0,3954790722.0,,SEA_A__s118,0.0,0,59,50,0,0.0,1,0,0.0,0.0,0.0,3.0,,0.0883861816934465,hddm_w,0,complete,results/per_dataset_study/passive_detectors/runs/SEA_A/hddm_w/SEA_A__s118__splice__severe
SEA_A,4,118,splice,severe,SEA_A__s118__splice__severe,False,0.02857142857142857,0.3333333333333333,60000,118.0,3954790722.0,,SEA_A__s118,0.0677966101694915,4,59,50,3,0.06,1,0,0.0,1.0,3.0,3.0,5.513333333333333,0.0077213133045006,hellinger,0,complete,results/per_dataset_study/passive_detectors/runs/SEA_A/hellinger/SEA_A__s118__splice__severe
SEA_A,5,119,clean,none,SEA_A__s119__clean__none,False,0.02857142857142857,0.3333333333333333,60000,119.0,,,SEA_A__s119,0.0677966101694915,4,59,0,0,,13,0,0.0,0.6666666666666666,2.0,3.0,1.18,0.0128398617865362,adwin,0,complete,results/per_dataset_study/passive_detectors/runs/SEA_A/adwin/SEA_A__s119__clean__none
SEA_A,5,119,clean,none,SEA_A__s119__clean__none,False,0.02857142857142857,0.3333333333333333,60000,119.0,,,SEA_A__s119,0.0508474576271186,3,59,0,0,,13,0,0.0,1.0,3.0,3.0,5.846666666666667,0.1180424267173899,d3_oof,0,complete,results/per_dataset_study/passive_detectors/runs/SEA_A/d3_oof/SEA_A__s119__clean__none
SEA_A,5,119,clean,none,SEA_A__s119__clean__none,False,0.02857142857142857,0.3333333333333333,60000,119.0,,,SEA_A__s119,0.0169491525423728,1,59,0,0,,13,0,0.0,0.3333333333333333,1.0,3.0,16.18,0.0892989646915035,hddm_w,0,complete,results/per_dataset_study/passive_detectors/runs/SEA_A/hddm_w/SEA_A__s119__clean__none
SEA_A,5,119,clean,none,SEA_A__s119__clean__none,False,0.02857142857142857,0.3333333333333333,60000,119.0,,,SEA_A__s119,0.1186440677966101,7,59,0,0,,13,1,0.0769230769230769,1.0,3.0,3.0,4.846666666666667,0.0075480551943959,hellinger,0,complete,results/per_dataset_study/passive_detectors/runs/SEA_A/hellinger/SEA_A__s119__clean__none
SEA_A,5,119,instance,moderate,SEA_A__s119__instance__moderate,False,0.02857142857142857,0.3333333333333333,60000,119.0,110941192.0,,SEA_A__s119,0.0677966101694915,4,59,59,4,0.0677966101694915,0,0,,0.6666666666666666,2.0,3.0,7.18,0.0128901383626119,adwin,0,complete,results/per_dataset_study/passive_detectors/runs/SEA_A/adwin/SEA_A__s119__instance__moderate
SEA_A,5,119,instance,moderate,SEA_A__s119__instance__moderate,False,0.02857142857142857,0.3333333333333333,60000,119.0,110941192.0,,SEA_A__s119,0.0508474576271186,3,59,59,3,0.0508474576271186,0,0,,1.0,3.0,3.0,5.846666666666667,0.1245924317239162,d3_oof,0,complete,results/per_dataset_study/passive_detectors/runs/SEA_A/d3_oof/SEA_A__s119__instance__moderate
SEA_A,5,119,instance,moderate,SEA_A__s119__instance__moderate,False,0.02857142857142857,0.3333333333333333,60000,119.0,110941192.0,,SEA_A__s119,0.1186440677966101,7,59,59,7,0.1186440677966101,0,0,,1.0,3.0,3.0,1.5133333333333334,0.0934471465977064,hddm_w,0,complete,results/per_dataset_study/passive_detectors/runs/SEA_A/hddm_w/SEA_A__s119__instance__moderate
SEA_A,5,119,instance,moderate,SEA_A__s119__instance__moderate,False,0.02857142857142857,0.3333333333333333,60000,119.0,110941192.0,,SEA_A__s119,0.1186440677966101,7,59,59,7,0.1186440677966101,0,0,,1.0,3.0,3.0,4.846666666666667,0.0075095834714981,hellinger,0,complete,results/per_dataset_study/passive_detectors/runs/SEA_A/hellinger/SEA_A__s119__instance__moderate
SEA_A,5,119,instance,severe,SEA_A__s119__instance__severe,False,0.02857142857142857,0.3333333333333333,60000,119.0,3882502243.0,,SEA_A__s119,0.0169491525423728,1,59,59,1,0.0169491525423728,0,0,,0.3333333333333333,1.0,3.0,18.18,0.0131752101879101,adwin,0,complete,results/per_dataset_study/passive_detectors/runs/SEA_A/adwin/SEA_A__s119__instance__severe
SEA_A,5,119,instance,severe,SEA_A__s119__instance__severe,False,0.02857142857142857,0.3333333333333333,60000,119.0,3882502243.0,,SEA_A__s119,0.0508474576271186,3,59,59,3,0.0508474576271186,0,0,,0.6666666666666666,2.0,3.0,6.18,0.1230361063790042,d3_oof,0,complete,results/per_dataset_study/passive_detectors/runs/SEA_A/d3_oof/SEA_A__s119__instance__severe
SEA_A,5,119,instance,severe,SEA_A__s119__instance__severe,False,0.02857142857142857,0.3333333333333333,60000,119.0,3882502243.0,,SEA_A__s119,0.4745762711864407,28,59,59,28,0.4745762711864407,0,0,,1.0,3.0,3.0,0.8466666666666667,0.1109536820634578,hddm_w,0,complete,results/per_dataset_study/passive_detectors/runs/SEA_A/hddm_w/SEA_A__s119__instance__severe
SEA_A,5,119,instance,severe,SEA_A__s119__instance__severe,False,0.02857142857142857,0.3333333333333333,60000,119.0,3882502243.0,,SEA_A__s119,0.1186440677966101,7,59,59,7,0.1186440677966101,0,0,,1.0,3.0,3.0,4.846666666666667,0.0079442350640116,hellinger,0,complete,results/per_dataset_study/passive_detectors/runs/SEA_A/hellinger/SEA_A__s119__instance__severe
SEA_A,5,119,concept,moderate,SEA_A__s119__concept__moderate,False,0.02857142857142857,0.3333333333333333,60000,119.0,1118368957.0,,SEA_A__s119,0.5932203389830508,35,59,37,34,0.918918918918919,2,0,0.0,1.0,3.0,3.0,0.18,0.0129759067203849,adwin,0,complete,results/per_dataset_study/passive_detectors/runs/SEA_A/adwin/SEA_A__s119__concept__moderate
SEA_A,5,119,concept,moderate,SEA_A__s119__concept__moderate,False,0.02857142857142857,0.3333333333333333,60000,119.0,1118368957.0,,SEA_A__s119,0.0169491525423728,1,59,37,1,0.027027027027027,2,0,0.0,0.3333333333333333,1.0,3.0,7.18,0.1414613199206845,d3_oof,0,complete,results/per_dataset_study/passive_detectors/runs/SEA_A/d3_oof/SEA_A__s119__concept__moderate
SEA_A,5,119,concept,moderate,SEA_A__s119__concept__moderate,False,0.02857142857142857,0.3333333333333333,60000,119.0,1118368957.0,,SEA_A__s119,0.423728813559322,25,59,37,25,0.6756756756756757,2,0,0.0,1.0,3.0,3.0,0.18,0.1200386732428645,hddm_w,0,complete,results/per_dataset_study/passive_detectors/runs/SEA_A/hddm_w/SEA_A__s119__concept__moderate
SEA_A,5,119,concept,moderate,SEA_A__s119__concept__moderate,False,0.02857142857142857,0.3333333333333333,60000,119.0,1118368957.0,,SEA_A__s119,0.0847457627118644,5,59,37,4,0.1081081081081081,2,0,0.0,1.0,3.0,3.0,9.846666666666666,0.0078315299955041,hellinger,0,complete,results/per_dataset_study/passive_detectors/runs/SEA_A/hellinger/SEA_A__s119__concept__moderate
SEA_A,5,119,concept,severe,SEA_A__s119__concept__severe,False,0.02857142857142857,0.3333333333333333,60000,119.0,1193382814.0,,SEA_A__s119,0.711864406779661,42,59,50,42,0.84,0,0,,1.0,3.0,3.0,0.18,0.0133125764841679,adwin,0,complete,results/per_dataset_study/passive_detectors/runs/SEA_A/adwin/SEA_A__s119__concept__severe
SEA_A,5,119,concept,severe,SEA_A__s119__concept__severe,False,0.02857142857142857,0.3333333333333333,60000,119.0,1193382814.0,,SEA_A__s119,0.0169491525423728,1,59,50,1,0.02,0,0,,0.3333333333333333,1.0,3.0,10.18,0.1417423682869412,d3_oof,0,complete,results/per_dataset_study/passive_detectors/runs/SEA_A/d3_oof/SEA_A__s119__concept__severe
SEA_A,5,119,concept,severe,SEA_A__s119__concept__severe,False,0.02857142857142857,0.3333333333333333,60000,119.0,1193382814.0,,SEA_A__s119,0.6440677966101694,38,59,50,38,0.76,0,0,,1.0,3.0,3.0,0.18,0.1406073651257126,hddm_w,0,complete,results/per_dataset_study/passive_detectors/runs/SEA_A/hddm_w/SEA_A__s119__concept__severe
SEA_A,5,119,concept,severe,SEA_A__s119__concept__severe,False,0.02857142857142857,0.3333333333333333,60000,119.0,1193382814.0,,SEA_A__s119,0.1016949152542373,6,59,50,5,0.1,0,0,,1.0,3.0,3.0,6.18,0.0077572233567479,hellinger,0,complete,results/per_dataset_study/passive_detectors/runs/SEA_A/hellinger/SEA_A__s119__concept__severe
SEA_A,5,119,splice,moderate,SEA_A__s119__splice__moderate,False,0.02857142857142857,0.3333333333333333,60000,119.0,1473637511.0,,SEA_A__s119,0.0847457627118644,5,59,36,4,0.1111111111111111,0,0,,0.6666666666666666,2.0,3.0,1.18,0.0131022171020352,adwin,0,complete,results/per_dataset_study/passive_detectors/runs/SEA_A/adwin/SEA_A__s119__splice__moderate
SEA_A,5,119,splice,moderate,SEA_A__s119__splice__moderate,False,0.02857142857142857,0.3333333333333333,60000,119.0,1473637511.0,,SEA_A__s119,0.0508474576271186,3,59,36,2,0.0555555555555555,0,0,,1.0,3.0,3.0,9.18,0.1250391666447588,d3_oof,0,complete,results/per_dataset_study/passive_detectors/runs/SEA_A/d3_oof/SEA_A__s119__splice__moderate
SEA_A,5,119,splice,moderate,SEA_A__s119__splice__moderate,False,0.02857142857142857,0.3333333333333333,60000,119.0,1473637511.0,,SEA_A__s119,0.0169491525423728,1,59,36,1,0.0277777777777777,0,0,,0.3333333333333333,1.0,3.0,16.18,0.0905449231989526,hddm_w,0,complete,results/per_dataset_study/passive_detectors/runs/SEA_A/hddm_w/SEA_A__s119__splice__moderate
SEA_A,5,119,splice,moderate,SEA_A__s119__splice__moderate,False,0.02857142857142857,0.3333333333333333,60000,119.0,1473637511.0,,SEA_A__s119,0.0677966101694915,4,59,36,2,0.0555555555555555,0,0,,0.6666666666666666,2.0,3.0,12.18,0.0077350000598623,hellinger,0,complete,results/per_dataset_study/passive_detectors/runs/SEA_A/hellinger/SEA_A__s119__splice__moderate
SEA_A,5,119,splice,severe,SEA_A__s119__splice__severe,False,0.02857142857142857,0.3333333333333333,60000,119.0,2268888980.0,,SEA_A__s119,0.0677966101694915,4,59,48,3,0.0625,0,0,,0.6666666666666666,2.0,3.0,2.6799999999999997,0.0132033349655102,adwin,0,complete,results/per_dataset_study/passive_detectors/runs/SEA_A/adwin/SEA_A__s119__splice__severe
SEA_A,5,119,splice,severe,SEA_A__s119__splice__severe,False,0.02857142857142857,0.3333333333333333,60000,119.0,2268888980.0,,SEA_A__s119,0.0,0,59,48,0,0.0,0,0,,0.0,0.0,3.0,,0.1684519433668659,d3_oof,0,complete,results/per_dataset_study/passive_detectors/runs/SEA_A/d3_oof/SEA_A__s119__splice__severe
SEA_A,5,119,splice,severe,SEA_A__s119__splice__severe,False,0.02857142857142857,0.3333333333333333,60000,119.0,2268888980.0,,SEA_A__s119,0.0169491525423728,1,59,48,1,0.0208333333333333,0,0,,0.3333333333333333,1.0,3.0,16.18,0.0905290950807587,hddm_w,0,complete,results/per_dataset_study/passive_detectors/runs/SEA_A/hddm_w/SEA_A__s119__splice__severe
SEA_A,5,119,splice,severe,SEA_A__s119__splice__severe,False,0.02857142857142857,0.3333333333333333,60000,119.0,2268888980.0,,SEA_A__s119,0.0847457627118644,5,59,48,3,0.0625,0,0,,1.0,3.0,3.0,4.846666666666667,0.0078197248027815,hellinger,0,complete,results/per_dataset_study/passive_detectors/runs/SEA_A/hellinger/SEA_A__s119__splice__severe
RBF_I,1,115,clean,none,RBF_I__s115__clean__none,False,0.02857142857142857,0.3333333333333333,60000,115.0,,,RBF_I__s115,0.1525423728813559,9,59,0,0,,8,0,0.0,1.0,3.0,3.0,4.666666666666667,0.0132549299451056,adwin,0,complete,results/per_dataset_study/passive_detectors/runs/RBF_I/adwin/RBF_I__s115__clean__none
RBF_I,1,115,clean,none,RBF_I__s115__clean__none,False,0.02857142857142857,0.3333333333333333,60000,115.0,,,RBF_I__s115,0.0508474576271186,3,59,0,0,,8,0,0.0,1.0,3.0,3.0,7.666666666666667,0.1523064615806409,d3_oof,0,complete,results/per_dataset_study/passive_detectors/runs/RBF_I/d3_oof/RBF_I__s115__clean__none
RBF_I,1,115,clean,none,RBF_I__s115__clean__none,False,0.02857142857142857,0.3333333333333333,60000,115.0,,,RBF_I__s115,0.5254237288135594,31,59,0,0,,8,2,0.25,1.0,3.0,3.0,2.0,0.1277486865001265,hddm_w,0,complete,results/per_dataset_study/passive_detectors/runs/RBF_I/hddm_w/RBF_I__s115__clean__none
RBF_I,1,115,clean,none,RBF_I__s115__clean__none,False,0.02857142857142857,0.3333333333333333,60000,115.0,,,RBF_I__s115,0.135593220338983,8,59,0,0,,8,1,0.125,1.0,3.0,3.0,7.0,0.0301036833843682,hellinger,0,complete,results/per_dataset_study/passive_detectors/runs/RBF_I/hellinger/RBF_I__s115__clean__none
RBF_I,1,115,instance,moderate,RBF_I__s115__instance__moderate,False,0.02857142857142857,0.3333333333333333,60000,115.0,2781123431.0,,RBF_I__s115,0.1186440677966101,7,59,59,7,0.1186440677966101,0,0,,1.0,3.0,3.0,3.6666666666666665,0.0132749249557188,adwin,0,complete,results/per_dataset_study/passive_detectors/runs/RBF_I/adwin/RBF_I__s115__instance__moderate
RBF_I,1,115,instance,moderate,RBF_I__s115__instance__moderate,False,0.02857142857142857,0.3333333333333333,60000,115.0,2781123431.0,,RBF_I__s115,0.0,0,59,59,0,0.0,0,0,,0.0,0.0,3.0,,0.1780459011691467,d3_oof,0,complete,results/per_dataset_study/passive_detectors/runs/RBF_I/d3_oof/RBF_I__s115__instance__moderate
RBF_I,1,115,instance,moderate,RBF_I__s115__instance__moderate,False,0.02857142857142857,0.3333333333333333,60000,115.0,2781123431.0,,RBF_I__s115,0.576271186440678,34,59,59,34,0.576271186440678,0,0,,1.0,3.0,3.0,1.6666666666666667,0.115391533327056,hddm_w,0,complete,results/per_dataset_study/passive_detectors/runs/RBF_I/hddm_w/RBF_I__s115__instance__moderate
RBF_I,1,115,instance,moderate,RBF_I__s115__instance__moderate,False,0.02857142857142857,0.3333333333333333,60000,115.0,2781123431.0,,RBF_I__s115,0.135593220338983,8,59,59,8,0.135593220338983,0,0,,1.0,3.0,3.0,7.0,0.0223290898429695,hellinger,0,complete,results/per_dataset_study/passive_detectors/runs/RBF_I/hellinger/RBF_I__s115__instance__moderate
RBF_I,1,115,instance,severe,RBF_I__s115__instance__severe,False,0.02857142857142857,0.3333333333333333,60000,115.0,2375605529.0,,RBF_I__s115,0.0847457627118644,5,59,59,5,0.0847457627118644,0,0,,1.0,3.0,3.0,4.333333333333333,0.0130993081741811,adwin,0,complete,results/per_dataset_study/passive_detectors/runs/RBF_I/adwin/RBF_I__s115__instance__severe
RBF_I,1,115,instance,severe,RBF_I__s115__instance__severe,False,0.02857142857142857,0.3333333333333333,60000,115.0,2375605529.0,,RBF_I__s115,0.0169491525423728,1,59,59,1,0.0169491525423728,0,0,,0.3333333333333333,1.0,3.0,20.0,0.1658777067010911,d3_oof,0,complete,results/per_dataset_study/passive_detectors/runs/RBF_I/d3_oof/RBF_I__s115__instance__severe
RBF_I,1,115,instance,severe,RBF_I__s115__instance__severe,False,0.02857142857142857,0.3333333333333333,60000,115.0,2375605529.0,,RBF_I__s115,0.576271186440678,34,59,59,34,0.576271186440678,0,0,,1.0,3.0,3.0,1.6666666666666667,0.1149969433511917,hddm_w,0,complete,results/per_dataset_study/passive_detectors/runs/RBF_I/hddm_w/RBF_I__s115__instance__severe
RBF_I,1,115,instance,severe,RBF_I__s115__instance__severe,False,0.02857142857142857,0.3333333333333333,60000,115.0,2375605529.0,,RBF_I__s115,0.135593220338983,8,59,59,8,0.135593220338983,0,0,,1.0,3.0,3.0,7.0,0.0223183366567051,hellinger,0,complete,results/per_dataset_study/passive_detectors/runs/RBF_I/hellinger/RBF_I__s115__instance__severe
RBF_I,1,115,concept,moderate,RBF_I__s115__concept__moderate,False,0.02857142857142857,0.3333333333333333,60000,115.0,816888935.0,,RBF_I__s115,0.4576271186440678,27,59,26,23,0.8846153846153846,0,0,,1.0,3.0,3.0,4.0,0.0132077101443428,adwin,0,complete,results/per_dataset_study/passive_detectors/runs/RBF_I/adwin/RBF_I__s115__concept__moderate
RBF_I,1,115,concept,moderate,RBF_I__s115__concept__moderate,False,0.02857142857142857,0.3333333333333333,60000,115.0,816888935.0,,RBF_I__s115,0.0169491525423728,1,59,26,1,0.0384615384615384,0,0,,0.3333333333333333,1.0,3.0,7.0,0.1642812483866388,d3_oof,0,complete,results/per_dataset_study/passive_detectors/runs/RBF_I/d3_oof/RBF_I__s115__concept__moderate
RBF_I,1,115,concept,moderate,RBF_I__s115__concept__moderate,False,0.02857142857142857,0.3333333333333333,60000,115.0,816888935.0,,RBF_I__s115,0.6949152542372882,41,59,26,23,0.8846153846153846,0,0,,1.0,3.0,3.0,2.3333333333333335,0.1340276483582177,hddm_w,0,complete,results/per_dataset_study/passive_detectors/runs/RBF_I/hddm_w/RBF_I__s115__concept__moderate
RBF_I,1,115,concept,moderate,RBF_I__s115__concept__moderate,False,0.02857142857142857,0.3333333333333333,60000,115.0,816888935.0,,RBF_I__s115,0.1016949152542373,6,59,26,3,0.1153846153846153,0,0,,1.0,3.0,3.0,5.333333333333333,0.0223103483828405,hellinger,0,complete,results/per_dataset_study/passive_detectors/runs/RBF_I/hellinger/RBF_I__s115__concept__moderate
RBF_I,1,115,concept,severe,RBF_I__s115__concept__severe,False,0.02857142857142857,0.3333333333333333,60000,115.0,1773327730.0,,RBF_I__s115,0.4576271186440678,27,59,29,24,0.8275862068965517,0,0,,1.0,3.0,3.0,4.333333333333333,0.0132659767890193,adwin,0,complete,results/per_dataset_study/passive_detectors/runs/RBF_I/adwin/RBF_I__s115__concept__severe
RBF_I,1,115,concept,severe,RBF_I__s115__concept__severe,False,0.02857142857142857,0.3333333333333333,60000,115.0,1773327730.0,,RBF_I__s115,0.0,0,59,29,0,0.0,0,0,,0.0,0.0,3.0,,0.1804234748124145,d3_oof,0,complete,results/per_dataset_study/passive_detectors/runs/RBF_I/d3_oof/RBF_I__s115__concept__severe
RBF_I,1,115,concept,severe,RBF_I__s115__concept__severe,False,0.02857142857142857,0.3333333333333333,60000,115.0,1773327730.0,,RBF_I__s115,0.6610169491525424,39,59,29,27,0.9310344827586208,0,0,,1.0,3.0,3.0,2.3333333333333335,0.1372724334942177,hddm_w,0,complete,results/per_dataset_study/passive_detectors/runs/RBF_I/hddm_w/RBF_I__s115__concept__severe
RBF_I,1,115,concept,severe,RBF_I__s115__concept__severe,False,0.02857142857142857,0.3333333333333333,60000,115.0,1773327730.0,,RBF_I__s115,0.1186440677966101,7,59,29,3,0.1034482758620689,0,0,,1.0,3.0,3.0,6.0,0.0234841634907449,hellinger,0,complete,results/per_dataset_study/passive_detectors/runs/RBF_I/hellinger/RBF_I__s115__concept__severe
RBF_I,1,115,splice,moderate,RBF_I__s115__splice__moderate,False,0.02857142857142857,0.3333333333333333,60000,115.0,1439472368.0,,RBF_I__s115,0.4406779661016949,26,59,28,21,0.75,0,0,,1.0,3.0,3.0,4.333333333333333,0.0131779783017312,adwin,0,complete,results/per_dataset_study/passive_detectors/runs/RBF_I/adwin/RBF_I__s115__splice__moderate
RBF_I,1,115,splice,moderate,RBF_I__s115__splice__moderate,False,0.02857142857142857,0.3333333333333333,60000,115.0,1439472368.0,,RBF_I__s115,0.0169491525423728,1,59,28,1,0.0357142857142857,0,0,,0.3333333333333333,1.0,3.0,7.0,0.1704789599655972,d3_oof,0,complete,results/per_dataset_study/passive_detectors/runs/RBF_I/d3_oof/RBF_I__s115__splice__moderate
RBF_I,1,115,splice,moderate,RBF_I__s115__splice__moderate,False,0.02857142857142857,0.3333333333333333,60000,115.0,1439472368.0,,RBF_I__s115,0.6949152542372882,41,59,28,24,0.8571428571428571,0,0,,1.0,3.0,3.0,1.6666666666666667,0.1303890231550515,hddm_w,0,complete,results/per_dataset_study/passive_detectors/runs/RBF_I/hddm_w/RBF_I__s115__splice__moderate
RBF_I,1,115,splice,moderate,RBF_I__s115__splice__moderate,False,0.02857142857142857,0.3333333333333333,60000,115.0,1439472368.0,,RBF_I__s115,0.0847457627118644,5,59,28,2,0.0714285714285714,0,0,,1.0,3.0,3.0,8.666666666666666,0.0227411063679028,hellinger,0,complete,results/per_dataset_study/passive_detectors/runs/RBF_I/hellinger/RBF_I__s115__splice__moderate
RBF_I,1,115,splice,severe,RBF_I__s115__splice__severe,False,0.02857142857142857,0.3333333333333333,60000,115.0,1488950345.0,,RBF_I__s115,0.3220338983050847,19,59,29,17,0.5862068965517241,0,0,,1.0,3.0,3.0,3.0,0.01340680498591,adwin,0,complete,results/per_dataset_study/passive_detectors/runs/RBF_I/adwin/RBF_I__s115__splice__severe
RBF_I,1,115,splice,severe,RBF_I__s115__splice__severe,False,0.02857142857142857,0.3333333333333333,60000,115.0,1488950345.0,,RBF_I__s115,0.0169491525423728,1,59,29,1,0.0344827586206896,0,0,,0.3333333333333333,1.0,3.0,7.0,0.1867675669685316,d3_oof,0,complete,results/per_dataset_study/passive_detectors/runs/RBF_I/d3_oof/RBF_I__s115__splice__severe
RBF_I,1,115,splice,severe,RBF_I__s115__splice__severe,False,0.02857142857142857,0.3333333333333333,60000,115.0,1488950345.0,,RBF_I__s115,0.7627118644067796,45,59,29,27,0.9310344827586208,0,0,,1.0,3.0,3.0,1.0,0.1356388167672169,hddm_w,0,complete,results/per_dataset_study/passive_detectors/runs/RBF_I/hddm_w/RBF_I__s115__splice__severe
RBF_I,1,115,splice,severe,RBF_I__s115__splice__severe,False,0.02857142857142857,0.3333333333333333,60000,115.0,1488950345.0,,RBF_I__s115,0.1016949152542373,6,59,29,3,0.1034482758620689,0,0,,1.0,3.0,3.0,7.666666666666667,0.0226770114871518,hellinger,0,complete,results/per_dataset_study/passive_detectors/runs/RBF_I/hellinger/RBF_I__s115__splice__severe
RBF_I,2,116,clean,none,RBF_I__s116__clean__none,False,0.02857142857142857,0.3333333333333333,60000,116.0,,,RBF_I__s116,0.1525423728813559,9,59,0,0,,8,0,0.0,1.0,3.0,3.0,3.6666666666666665,0.0136854231823235,adwin,0,complete,results/per_dataset_study/passive_detectors/runs/RBF_I/adwin/RBF_I__s116__clean__none
RBF_I,2,116,clean,none,RBF_I__s116__clean__none,False,0.02857142857142857,0.3333333333333333,60000,116.0,,,RBF_I__s116,0.0,0,59,0,0,,8,0,0.0,0.0,0.0,3.0,,0.2213054217281751,d3_oof,0,complete,results/per_dataset_study/passive_detectors/runs/RBF_I/d3_oof/RBF_I__s116__clean__none
RBF_I,2,116,clean,none,RBF_I__s116__clean__none,False,0.02857142857142857,0.3333333333333333,60000,116.0,,,RBF_I__s116,0.4745762711864407,28,59,0,0,,8,3,0.375,1.0,3.0,3.0,1.0,0.1244135413435287,hddm_w,0,complete,results/per_dataset_study/passive_detectors/runs/RBF_I/hddm_w/RBF_I__s116__clean__none
RBF_I,2,116,clean,none,RBF_I__s116__clean__none,False,0.02857142857142857,0.3333333333333333,60000,116.0,,,RBF_I__s116,0.1016949152542373,6,59,0,0,,8,0,0.0,1.0,3.0,3.0,3.6666666666666665,0.0226883320525909,hellinger,0,complete,results/per_dataset_study/passive_detectors/runs/RBF_I/hellinger/RBF_I__s116__clean__none
RBF_I,2,116,instance,moderate,RBF_I__s116__instance__moderate,False,0.02857142857142857,0.3333333333333333,60000,116.0,2934809029.0,,RBF_I__s116,0.1186440677966101,7,59,59,7,0.1186440677966101,0,0,,1.0,3.0,3.0,5.333333333333333,0.0146887466932336,adwin,0,complete,results/per_dataset_study/passive_detectors/runs/RBF_I/adwin/RBF_I__s116__instance__moderate
RBF_I,2,116,instance,moderate,RBF_I__s116__instance__moderate,False,0.02857142857142857,0.3333333333333333,60000,116.0,2934809029.0,,RBF_I__s116,0.0169491525423728,1,59,59,1,0.0169491525423728,0,0,,0.3333333333333333,1.0,3.0,21.0,0.1809523648504788,d3_oof,0,complete,results/per_dataset_study/passive_detectors/runs/RBF_I/d3_oof/RBF_I__s116__instance__moderate
RBF_I,2,116,instance,moderate,RBF_I__s116__instance__moderate,False,0.02857142857142857,0.3333333333333333,60000,116.0,2934809029.0,,RBF_I__s116,0.559322033898305,33,59,59,33,0.559322033898305,0,0,,1.0,3.0,3.0,1.6666666666666667,0.1198559732680829,hddm_w,0,complete,results/per_dataset_study/passive_detectors/runs/RBF_I/hddm_w/RBF_I__s116__instance__moderate
RBF_I,2,116,instance,moderate,RBF_I__s116__instance__moderate,False,0.02857142857142857,0.3333333333333333,60000,116.0,2934809029.0,,RBF_I__s116,0.1016949152542373,6,59,59,6,0.1016949152542373,0,0,,1.0,3.0,3.0,3.6666666666666665,0.0275737483267827,hellinger,0,complete,results/per_dataset_study/passive_detectors/runs/RBF_I/hellinger/RBF_I__s116__instance__moderate
RBF_I,2,116,instance,severe,RBF_I__s116__instance__severe,False,0.02857142857142857,0.3333333333333333,60000,116.0,1132950715.0,,RBF_I__s116,0.0847457627118644,5,59,59,5,0.0847457627118644,0,0,,1.0,3.0,3.0,8.666666666666666,0.0133968048127523,adwin,0,complete,results/per_dataset_study/passive_detectors/runs/RBF_I/adwin/RBF_I__s116__instance__severe
RBF_I,2,116,instance,severe,RBF_I__s116__instance__severe,False,0.02857142857142857,0.3333333333333333,60000,116.0,1132950715.0,,RBF_I__s116,0.0338983050847457,2,59,59,2,0.0338983050847457,0,0,,0.6666666666666666,2.0,3.0,15.0,0.171851743410419,d3_oof,0,complete,results/per_dataset_study/passive_detectors/runs/RBF_I/d3_oof/RBF_I__s116__instance__severe
RBF_I,2,116,instance,severe,RBF_I__s116__instance__severe,False,0.02857142857142857,0.3333333333333333,60000,116.0,1132950715.0,,RBF_I__s116,0.6271186440677966,37,59,59,37,0.6271186440677966,0,0,,1.0,3.0,3.0,1.0,0.1209038135129958,hddm_w,0,complete,results/per_dataset_study/passive_detectors/runs/RBF_I/hddm_w/RBF_I__s116__instance__severe
RBF_I,2,116,instance,severe,RBF_I__s116__instance__severe,False,0.02857142857142857,0.3333333333333333,60000,116.0,1132950715.0,,RBF_I__s116,0.1016949152542373,6,59,59,6,0.1016949152542373,0,0,,1.0,3.0,3.0,3.6666666666666665,0.0238576465926598,hellinger,0,complete,results/per_dataset_study/passive_detectors/runs/RBF_I/hellinger/RBF_I__s116__instance__severe
RBF_I,2,116,concept,moderate,RBF_I__s116__concept__moderate,False,0.02857142857142857,0.3333333333333333,60000,116.0,3612327157.0,,RBF_I__s116,0.4745762711864407,28,59,26,23,0.8846153846153846,0,0,,1.0,3.0,3.0,5.0,0.0135870180868854,adwin,0,complete,results/per_dataset_study/passive_detectors/runs/RBF_I/adwin/RBF_I__s116__concept__moderate
RBF_I,2,116,concept,moderate,RBF_I__s116__concept__moderate,False,0.02857142857142857,0.3333333333333333,60000,116.0,3612327157.0,,RBF_I__s116,0.0508474576271186,3,59,26,3,0.1153846153846153,0,0,,1.0,3.0,3.0,18.333333333333332,0.1749735449266154,d3_oof,0,complete,results/per_dataset_study/passive_detectors/runs/RBF_I/d3_oof/RBF_I__s116__concept__moderate
RBF_I,2,116,concept,moderate,RBF_I__s116__concept__moderate,False,0.02857142857142857,0.3333333333333333,60000,116.0,3612327157.0,,RBF_I__s116,0.6949152542372882,41,59,26,24,0.9230769230769232,0,0,,1.0,3.0,3.0,1.0,0.1382932751342499,hddm_w,0,complete,results/per_dataset_study/passive_detectors/runs/RBF_I/hddm_w/RBF_I__s116__concept__moderate
RBF_I,2,116,concept,moderate,RBF_I__s116__concept__moderate,False,0.02857142857142857,0.3333333333333333,60000,116.0,3612327157.0,,RBF_I__s116,0.1016949152542373,6,59,26,3,0.1153846153846153,0,0,,1.0,3.0,3.0,7.666666666666667,0.0243528515663153,hellinger,0,complete,results/per_dataset_study/passive_detectors/runs/RBF_I/hellinger/RBF_I__s116__concept__moderate
RBF_I,2,116,concept,severe,RBF_I__s116__concept__severe,False,0.02857142857142857,0.3333333333333333,60000,116.0,87307388.0,,RBF_I__s116,0.4915254237288136,29,59,29,24,0.8275862068965517,0,0,,1.0,3.0,3.0,2.6666666666666665,0.0137089618268267,adwin,0,complete,results/per_dataset_study/passive_detectors/runs/RBF_I/adwin/RBF_I__s116__concept__severe
RBF_I,2,116,concept,severe,RBF_I__s116__concept__severe,False,0.02857142857142857,0.3333333333333333,60000,116.0,87307388.0,,RBF_I__s116,0.0169491525423728,1,59,29,1,0.0344827586206896,0,0,,0.3333333333333333,1.0,3.0,7.0,0.1775406266582043,d3_oof,0,complete,results/per_dataset_study/passive_detectors/runs/RBF_I/d3_oof/RBF_I__s116__concept__severe
RBF_I,2,116,concept,severe,RBF_I__s116__concept__severe,False,0.02857142857142857,0.3333333333333333,60000,116.0,87307388.0,,RBF_I__s116,0.7457627118644068,44,59,29,27,0.9310344827586208,0,0,,1.0,3.0,3.0,1.0,0.1563767349095239,hddm_w,0,complete,results/per_dataset_study/passive_detectors/runs/RBF_I/hddm_w/RBF_I__s116__concept__severe
RBF_I,2,116,concept,severe,RBF_I__s116__concept__severe,False,0.02857142857142857,0.3333333333333333,60000,116.0,87307388.0,,RBF_I__s116,0.0847457627118644,5,59,29,3,0.1034482758620689,0,0,,1.0,3.0,3.0,10.0,0.0244737582882711,hellinger,0,complete,results/per_dataset_study/passive_detectors/runs/RBF_I/hellinger/RBF_I__s116__concept__severe
RBF_I,2,116,splice,moderate,RBF_I__s116__splice__moderate,False,0.02857142857142857,0.3333333333333333,60000,116.0,2889189400.0,,RBF_I__s116,0.3898305084745763,23,59,27,18,0.6666666666666666,0,0,,1.0,3.0,3.0,4.333333333333333,0.0140436085833547,adwin,0,complete,results/per_dataset_study/passive_detectors/runs/RBF_I/adwin/RBF_I__s116__splice__moderate
RBF_I,2,116,splice,moderate,RBF_I__s116__splice__moderate,False,0.02857142857142857,0.3333333333333333,60000,116.0,2889189400.0,,RBF_I__s116,0.0338983050847457,2,59,27,1,0.037037037037037,0,0,,0.6666666666666666,2.0,3.0,9.0,0.1772183981665875,d3_oof,0,complete,results/per_dataset_study/passive_detectors/runs/RBF_I/d3_oof/RBF_I__s116__splice__moderate
RBF_I,2,116,splice,moderate,RBF_I__s116__splice__moderate,False,0.02857142857142857,0.3333333333333333,60000,116.0,2889189400.0,,RBF_I__s116,0.7288135593220338,43,59,27,24,0.8888888888888888,0,0,,1.0,3.0,3.0,1.3333333333333333,0.1325420134041147,hddm_w,0,complete,results/per_dataset_study/passive_detectors/runs/RBF_I/hddm_w/RBF_I__s116__splice__moderate
RBF_I,2,116,splice,moderate,RBF_I__s116__splice__moderate,False,0.02857142857142857,0.3333333333333333,60000,116.0,2889189400.0,,RBF_I__s116,0.0677966101694915,4,59,27,3,0.1111111111111111,0,0,,1.0,3.0,3.0,12.333333333333334,0.0246757566249774,hellinger,0,complete,results/per_dataset_study/passive_detectors/runs/RBF_I/hellinger/RBF_I__s116__splice__moderate
RBF_I,2,116,splice,severe,RBF_I__s116__splice__severe,False,0.02857142857142857,0.3333333333333333,60000,116.0,51810913.0,,RBF_I__s116,0.3728813559322034,22,59,29,19,0.6551724137931034,0,0,,1.0,3.0,3.0,2.6666666666666665,0.0134244484070222,adwin,0,complete,results/per_dataset_study/passive_detectors/runs/RBF_I/adwin/RBF_I__s116__splice__severe
RBF_I,2,116,splice,severe,RBF_I__s116__splice__severe,False,0.02857142857142857,0.3333333333333333,60000,116.0,51810913.0,,RBF_I__s116,0.0338983050847457,2,59,29,1,0.0344827586206896,0,0,,0.6666666666666666,2.0,3.0,16.0,0.1943891635649682,d3_oof,0,complete,results/per_dataset_study/passive_detectors/runs/RBF_I/d3_oof/RBF_I__s116__splice__severe
RBF_I,2,116,splice,severe,RBF_I__s116__splice__severe,False,0.02857142857142857,0.3333333333333333,60000,116.0,51810913.0,,RBF_I__s116,0.7457627118644068,44,59,29,27,0.9310344827586208,0,0,,1.0,3.0,3.0,1.3333333333333333,0.1500056214475383,hddm_w,0,complete,results/per_dataset_study/passive_detectors/runs/RBF_I/hddm_w/RBF_I__s116__splice__severe
RBF_I,2,116,splice,severe,RBF_I__s116__splice__severe,False,0.02857142857142857,0.3333333333333333,60000,116.0,51810913.0,,RBF_I__s116,0.1016949152542373,6,59,29,4,0.1379310344827586,0,0,,1.0,3.0,3.0,9.0,0.0240622951726739,hellinger,0,complete,results/per_dataset_study/passive_detectors/runs/RBF_I/hellinger/RBF_I__s116__splice__severe
RBF_I,3,117,clean,none,RBF_I__s117__clean__none,False,0.02857142857142857,0.3333333333333333,60000,117.0,,,RBF_I__s117,0.135593220338983,8,59,0,0,,8,0,0.0,1.0,3.0,3.0,2.0,0.0160922249779105,adwin,0,complete,results/per_dataset_study/passive_detectors/runs/RBF_I/adwin/RBF_I__s117__clean__none
RBF_I,3,117,clean,none,RBF_I__s117__clean__none,False,0.02857142857142857,0.3333333333333333,60000,117.0,,,RBF_I__s117,0.0169491525423728,1,59,0,0,,8,0,0.0,0.3333333333333333,1.0,3.0,17.0,0.1880488201762394,d3_oof,0,complete,results/per_dataset_study/passive_detectors/runs/RBF_I/d3_oof/RBF_I__s117__clean__none
RBF_I,3,117,clean,none,RBF_I__s117__clean__none,False,0.02857142857142857,0.3333333333333333,60000,117.0,,,RBF_I__s117,0.6610169491525424,39,59,0,0,,8,5,0.625,1.0,3.0,3.0,1.3333333333333333,0.1314964700335016,hddm_w,0,complete,results/per_dataset_study/passive_detectors/runs/RBF_I/hddm_w/RBF_I__s117__clean__none
RBF_I,3,117,clean,none,RBF_I__s117__clean__none,False,0.02857142857142857,0.3333333333333333,60000,117.0,,,RBF_I__s117,0.0847457627118644,5,59,0,0,,8,0,0.0,1.0,3.0,3.0,4.0,0.0251220200637665,hellinger,0,complete,results/per_dataset_study/passive_detectors/runs/RBF_I/hellinger/RBF_I__s117__clean__none
RBF_I,3,117,instance,moderate,RBF_I__s117__instance__moderate,False,0.02857142857142857,0.3333333333333333,60000,117.0,670137400.0,,RBF_I__s117,0.135593220338983,8,59,59,8,0.135593220338983,0,0,,1.0,3.0,3.0,2.6666666666666665,0.0148870767346428,adwin,0,complete,results/per_dataset_study/passive_detectors/runs/RBF_I/adwin/RBF_I__s117__instance__moderate
RBF_I,3,117,instance,moderate,RBF_I__s117__instance__moderate,False,0.02857142857142857,0.3333333333333333,60000,117.0,670137400.0,,RBF_I__s117,0.0169491525423728,1,59,59,1,0.0169491525423728,0,0,,0.3333333333333333,1.0,3.0,15.0,0.1796629263844806,d3_oof,0,complete,results/per_dataset_study/passive_detectors/runs/RBF_I/d3_oof/RBF_I__s117__instance__moderate
RBF_I,3,117,instance,moderate,RBF_I__s117__instance__moderate,False,0.02857142857142857,0.3333333333333333,60000,117.0,670137400.0,,RBF_I__s117,0.6271186440677966,37,59,59,37,0.6271186440677966,0,0,,1.0,3.0,3.0,1.0,0.1252970115456264,hddm_w,0,complete,results/per_dataset_study/passive_detectors/runs/RBF_I/hddm_w/RBF_I__s117__instance__moderate
RBF_I,3,117,instance,moderate,RBF_I__s117__instance__moderate,False,0.02857142857142857,0.3333333333333333,60000,117.0,670137400.0,,RBF_I__s117,0.0847457627118644,5,59,59,5,0.0847457627118644,0,0,,1.0,3.0,3.0,4.0,0.0245424950844608,hellinger,0,complete,results/per_dataset_study/passive_detectors/runs/RBF_I/hellinger/RBF_I__s117__instance__moderate
RBF_I,3,117,instance,severe,RBF_I__s117__instance__severe,False,0.02857142857142857,0.3333333333333333,60000,117.0,2977372565.0,,RBF_I__s117,0.1016949152542373,6,59,59,6,0.1016949152542373,0,0,,1.0,3.0,3.0,3.0,0.0140114550595171,adwin,0,complete,results/per_dataset_study/passive_detectors/runs/RBF_I/adwin/RBF_I__s117__instance__severe
RBF_I,3,117,instance,severe,RBF_I__s117__instance__severe,False,0.02857142857142857,0.3333333333333333,60000,117.0,2977372565.0,,RBF_I__s117,0.0169491525423728,1,59,59,1,0.0169491525423728,0,0,,0.3333333333333333,1.0,3.0,19.0,0.1792429831402842,d3_oof,0,complete,results/per_dataset_study/passive_detectors/runs/RBF_I/d3_oof/RBF_I__s117__instance__severe
RBF_I,3,117,instance,severe,RBF_I__s117__instance__severe,False,0.02857142857142857,0.3333333333333333,60000,117.0,2977372565.0,,RBF_I__s117,0.6271186440677966,37,59,59,37,0.6271186440677966,0,0,,1.0,3.0,3.0,1.3333333333333333,0.1211659100469357,hddm_w,0,complete,results/per_dataset_study/passive_detectors/runs/RBF_I/hddm_w/RBF_I__s117__instance__severe
RBF_I,3,117,instance,severe,RBF_I__s117__instance__severe,False,0.02857142857142857,0.3333333333333333,60000,117.0,2977372565.0,,RBF_I__s117,0.0847457627118644,5,59,59,5,0.0847457627118644,0,0,,1.0,3.0,3.0,4.0,0.0246073551049145,hellinger,0,complete,results/per_dataset_study/passive_detectors/runs/RBF_I/hellinger/RBF_I__s117__instance__severe
RBF_I,3,117,concept,moderate,RBF_I__s117__concept__moderate,False,0.02857142857142857,0.3333333333333333,60000,117.0,1695553040.0,,RBF_I__s117,0.559322033898305,33,59,27,26,0.9629629629629628,0,0,,1.0,3.0,3.0,2.3333333333333335,0.0137679853651206,adwin,0,complete,results/per_dataset_study/passive_detectors/runs/RBF_I/adwin/RBF_I__s117__concept__moderate
RBF_I,3,117,concept,moderate,RBF_I__s117__concept__moderate,False,0.02857142857142857,0.3333333333333333,60000,117.0,1695553040.0,,RBF_I__s117,0.0169491525423728,1,59,27,1,0.037037037037037,0,0,,0.3333333333333333,1.0,3.0,32.0,0.180852708532863,d3_oof,0,complete,results/per_dataset_study/passive_detectors/runs/RBF_I/d3_oof/RBF_I__s117__concept__moderate
RBF_I,3,117,concept,moderate,RBF_I__s117__concept__moderate,False,0.02857142857142857,0.3333333333333333,60000,117.0,1695553040.0,,RBF_I__s117,0.7796610169491526,46,59,27,24,0.8888888888888888,0,0,,1.0,3.0,3.0,1.6666666666666667,0.1415616634282438,hddm_w,0,complete,results/per_dataset_study/passive_detectors/runs/RBF_I/hddm_w/RBF_I__s117__concept__moderate
RBF_I,3,117,concept,moderate,RBF_I__s117__concept__moderate,False,0.02857142857142857,0.3333333333333333,60000,117.0,1695553040.0,,RBF_I__s117,0.1016949152542373,6,59,27,1,0.037037037037037,0,0,,1.0,3.0,3.0,8.333333333333334,0.0239821519062388,hellinger,0,complete,results/per_dataset_study/passive_detectors/runs/RBF_I/hellinger/RBF_I__s117__concept__moderate
RBF_I,3,117,concept,severe,RBF_I__s117__concept__severe,False,0.02857142857142857,0.3333333333333333,60000,117.0,4269849707.0,,RBF_I__s117,0.4576271186440678,27,59,29,22,0.7586206896551724,0,0,,1.0,3.0,3.0,4.333333333333333,0.0139987501703823,adwin,0,complete,results/per_dataset_study/passive_detectors/runs/RBF_I/adwin/RBF_I__s117__concept__severe
RBF_I,3,117,concept,severe,RBF_I__s117__concept__severe,False,0.02857142857142857,0.3333333333333333,60000,117.0,4269849707.0,,RBF_I__s117,0.0,0,59,29,0,0.0,0,0,,0.0,0.0,3.0,,0.2110583955072797,d3_oof,0,complete,results/per_dataset_study/passive_detectors/runs/RBF_I/d3_oof/RBF_I__s117__concept__severe
RBF_I,3,117,concept,severe,RBF_I__s117__concept__severe,False,0.02857142857142857,0.3333333333333333,60000,117.0,4269849707.0,,RBF_I__s117,0.7966101694915254,47,59,29,28,0.9655172413793104,0,0,,1.0,3.0,3.0,1.3333333333333333,0.1555913147846392,hddm_w,0,complete,results/per_dataset_study/passive_detectors/runs/RBF_I/hddm_w/RBF_I__s117__concept__severe
RBF_I,3,117,concept,severe,RBF_I__s117__concept__severe,False,0.02857142857142857,0.3333333333333333,60000,117.0,4269849707.0,,RBF_I__s117,0.1016949152542373,6,59,29,3,0.1034482758620689,0,0,,1.0,3.0,3.0,1.6666666666666667,0.0245963868898494,hellinger,0,complete,results/per_dataset_study/passive_detectors/runs/RBF_I/hellinger/RBF_I__s117__concept__severe
RBF_I,3,117,splice,moderate,RBF_I__s117__splice__moderate,False,0.02857142857142857,0.3333333333333333,60000,117.0,559821452.0,,RBF_I__s117,0.3389830508474576,20,59,28,15,0.5357142857142857,0,0,,1.0,3.0,3.0,5.333333333333333,0.0138363798032514,adwin,0,complete,results/per_dataset_study/passive_detectors/runs/RBF_I/adwin/RBF_I__s117__splice__moderate
RBF_I,3,117,splice,moderate,RBF_I__s117__splice__moderate,False,0.02857142857142857,0.3333333333333333,60000,117.0,559821452.0,,RBF_I__s117,0.0338983050847457,2,59,28,1,0.0357142857142857,0,0,,0.6666666666666666,2.0,3.0,21.5,0.1926016651365595,d3_oof,0,complete,results/per_dataset_study/passive_detectors/runs/RBF_I/d3_oof/RBF_I__s117__splice__moderate
RBF_I,3,117,splice,moderate,RBF_I__s117__splice__moderate,False,0.02857142857142857,0.3333333333333333,60000,117.0,559821452.0,,RBF_I__s117,0.711864406779661,42,59,28,26,0.9285714285714286,0,0,,1.0,3.0,3.0,1.3333333333333333,0.1464749964846608,hddm_w,0,complete,results/per_dataset_study/passive_detectors/runs/RBF_I/hddm_w/RBF_I__s117__splice__moderate
RBF_I,3,117,splice,moderate,RBF_I__s117__splice__moderate,False,0.02857142857142857,0.3333333333333333,60000,117.0,559821452.0,,RBF_I__s117,0.1186440677966101,7,59,28,2,0.0714285714285714,0,0,,1.0,3.0,3.0,5.0,0.0252825683855917,hellinger,0,complete,results/per_dataset_study/passive_detectors/runs/RBF_I/hellinger/RBF_I__s117__splice__moderate
RBF_I,3,117,splice,severe,RBF_I__s117__splice__severe,False,0.02857142857142857,0.3333333333333333,60000,117.0,3664738830.0,,RBF_I__s117,0.2711864406779661,16,59,29,11,0.3793103448275862,0,0,,1.0,3.0,3.0,7.333333333333333,0.0147067333940261,adwin,0,complete,results/per_dataset_study/passive_detectors/runs/RBF_I/adwin/RBF_I__s117__splice__severe
RBF_I,3,117,splice,severe,RBF_I__s117__splice__severe,False,0.02857142857142857,0.3333333333333333,60000,117.0,3664738830.0,,RBF_I__s117,0.0508474576271186,3,59,29,2,0.0689655172413793,0,0,,1.0,3.0,3.0,21.666666666666668,0.2067404899086492,d3_oof,0,complete,results/per_dataset_study/passive_detectors/runs/RBF_I/d3_oof/RBF_I__s117__splice__severe
RBF_I,3,117,splice,severe,RBF_I__s117__splice__severe,False,0.02857142857142857,0.3333333333333333,60000,117.0,3664738830.0,,RBF_I__s117,0.6610169491525424,39,59,29,24,0.8275862068965517,0,0,,1.0,3.0,3.0,1.3333333333333333,0.1417404132371302,hddm_w,0,complete,results/per_dataset_study/passive_detectors/runs/RBF_I/hddm_w/RBF_I__s117__splice__severe
RBF_I,3,117,splice,severe,RBF_I__s117__splice__severe,False,0.02857142857142857,0.3333333333333333,60000,117.0,3664738830.0,,RBF_I__s117,0.0847457627118644,5,59,29,2,0.0689655172413793,0,0,,1.0,3.0,3.0,7.666666666666667,0.0268533367003935,hellinger,0,complete,results/per_dataset_study/passive_detectors/runs/RBF_I/hellinger/RBF_I__s117__splice__severe
RBF_I,4,118,clean,none,RBF_I__s118__clean__none,False,0.02857142857142857,0.3333333333333333,60000,118.0,,,RBF_I__s118,0.135593220338983,8,59,0,0,,8,1,0.125,1.0,3.0,3.0,4.333333333333333,0.0148868765002892,adwin,0,complete,results/per_dataset_study/passive_detectors/runs/RBF_I/adwin/RBF_I__s118__clean__none
RBF_I,4,118,clean,none,RBF_I__s118__clean__none,False,0.02857142857142857,0.3333333333333333,60000,118.0,,,RBF_I__s118,0.0169491525423728,1,59,0,0,,8,0,0.0,0.3333333333333333,1.0,3.0,30.0,0.2012055568047799,d3_oof,0,complete,results/per_dataset_study/passive_detectors/runs/RBF_I/d3_oof/RBF_I__s118__clean__none
RBF_I,4,118,clean,none,RBF_I__s118__clean__none,False,0.02857142857142857,0.3333333333333333,60000,118.0,,,RBF_I__s118,0.4915254237288136,29,59,0,0,,8,4,0.5,1.0,3.0,3.0,1.3333333333333333,0.1302869484061375,hddm_w,0,complete,results/per_dataset_study/passive_detectors/runs/RBF_I/hddm_w/RBF_I__s118__clean__none
RBF_I,4,118,clean,none,RBF_I__s118__clean__none,False,0.02857142857142857,0.3333333333333333,60000,118.0,,,RBF_I__s118,0.0847457627118644,5,59,0,0,,8,0,0.0,1.0,3.0,3.0,7.0,0.0276364532570975,hellinger,0,complete,results/per_dataset_study/passive_detectors/runs/RBF_I/hellinger/RBF_I__s118__clean__none
RBF_I,4,118,instance,moderate,RBF_I__s118__instance__moderate,False,0.02857142857142857,0.3333333333333333,60000,118.0,2809264908.0,,RBF_I__s118,0.135593220338983,8,59,59,8,0.135593220338983,0,0,,1.0,3.0,3.0,3.0,0.0175143699258721,adwin,0,complete,results/per_dataset_study/passive_detectors/runs/RBF_I/adwin/RBF_I__s118__instance__moderate
RBF_I,4,118,instance,moderate,RBF_I__s118__instance__moderate,False,0.02857142857142857,0.3333333333333333,60000,118.0,2809264908.0,,RBF_I__s118,0.0508474576271186,3,59,59,3,0.0508474576271186,0,0,,1.0,3.0,3.0,14.333333333333334,0.1644952816908092,d3_oof,0,complete,results/per_dataset_study/passive_detectors/runs/RBF_I/d3_oof/RBF_I__s118__instance__moderate
RBF_I,4,118,instance,moderate,RBF_I__s118__instance__moderate,False,0.02857142857142857,0.3333333333333333,60000,118.0,2809264908.0,,RBF_I__s118,0.6610169491525424,39,59,59,39,0.6610169491525424,0,0,,1.0,3.0,3.0,1.0,0.1225824982005482,hddm_w,0,complete,results/per_dataset_study/passive_detectors/runs/RBF_I/hddm_w/RBF_I__s118__instance__moderate
RBF_I,4,118,instance,moderate,RBF_I__s118__instance__moderate,False,0.02857142857142857,0.3333333333333333,60000,118.0,2809264908.0,,RBF_I__s118,0.0847457627118644,5,59,59,5,0.0847457627118644,0,0,,1.0,3.0,3.0,7.0,0.0242453532700892,hellinger,0,complete,results/per_dataset_study/passive_detectors/runs/RBF_I/hellinger/RBF_I__s118__instance__moderate
RBF_I,4,118,instance,severe,RBF_I__s118__instance__severe,False,0.02857142857142857,0.3333333333333333,60000,118.0,217127006.0,,RBF_I__s118,0.1186440677966101,7,59,59,7,0.1186440677966101,0,0,,1.0,3.0,3.0,4.666666666666667,0.0134604849639193,adwin,0,complete,results/per_dataset_study/passive_detectors/runs/RBF_I/adwin/RBF_I__s118__instance__severe
RBF_I,4,118,instance,severe,RBF_I__s118__instance__severe,False,0.02857142857142857,0.3333333333333333,60000,118.0,217127006.0,,RBF_I__s118,0.0169491525423728,1,59,59,1,0.0169491525423728,0,0,,0.3333333333333333,1.0,3.0,30.0,0.1839481933954327,d3_oof,0,complete,results/per_dataset_study/passive_detectors/runs/RBF_I/d3_oof/RBF_I__s118__instance__severe
RBF_I,4,118,instance,severe,RBF_I__s118__instance__severe,False,0.02857142857142857,0.3333333333333333,60000,118.0,217127006.0,,RBF_I__s118,0.559322033898305,33,59,59,33,0.559322033898305,0,0,,1.0,3.0,3.0,1.6666666666666667,0.1214068032762346,hddm_w,0,complete,results/per_dataset_study/passive_detectors/runs/RBF_I/hddm_w/RBF_I__s118__instance__severe
RBF_I,4,118,instance,severe,RBF_I__s118__instance__severe,False,0.02857142857142857,0.3333333333333333,60000,118.0,217127006.0,,RBF_I__s118,0.0847457627118644,5,59,59,5,0.0847457627118644,0,0,,1.0,3.0,3.0,7.0,0.0254710398924847,hellinger,0,complete,results/per_dataset_study/passive_detectors/runs/RBF_I/hellinger/RBF_I__s118__instance__severe
RBF_I,4,118,concept,moderate,RBF_I__s118__concept__moderate,False,0.02857142857142857,0.3333333333333333,60000,118.0,3840731115.0,,RBF_I__s118,0.4915254237288136,29,59,28,25,0.8928571428571429,0,0,,1.0,3.0,3.0,2.6666666666666665,0.0140746532997582,adwin,0,complete,results/per_dataset_study/passive_detectors/runs/RBF_I/adwin/RBF_I__s118__concept__moderate
RBF_I,4,118,concept,moderate,RBF_I__s118__concept__moderate,False,0.02857142857142857,0.3333333333333333,60000,118.0,3840731115.0,,RBF_I__s118,0.0338983050847457,2,59,28,2,0.0714285714285714,0,0,,0.6666666666666666,2.0,3.0,25.0,0.1784203433877944,d3_oof,0,complete,results/per_dataset_study/passive_detectors/runs/RBF_I/d3_oof/RBF_I__s118__concept__moderate
RBF_I,4,118,concept,moderate,RBF_I__s118__concept__moderate,False,0.02857142857142857,0.3333333333333333,60000,118.0,3840731115.0,,RBF_I__s118,0.7966101694915254,47,59,28,26,0.9285714285714286,0,0,,1.0,3.0,3.0,1.6666666666666667,0.1480529884186883,hddm_w,0,complete,results/per_dataset_study/passive_detectors/runs/RBF_I/hddm_w/RBF_I__s118__concept__moderate
RBF_I,4,118,concept,moderate,RBF_I__s118__concept__moderate,False,0.02857142857142857,0.3333333333333333,60000,118.0,3840731115.0,,RBF_I__s118,0.0847457627118644,5,59,28,1,0.0357142857142857,0,0,,1.0,3.0,3.0,6.0,0.0241229883977212,hellinger,0,complete,results/per_dataset_study/passive_detectors/runs/RBF_I/hellinger/RBF_I__s118__concept__moderate
RBF_I,4,118,concept,severe,RBF_I__s118__concept__severe,False,0.02857142857142857,0.3333333333333333,60000,118.0,3811301496.0,,RBF_I__s118,0.4915254237288136,29,59,29,24,0.8275862068965517,0,0,,1.0,3.0,3.0,1.0,0.0135270816099364,adwin,0,complete,results/per_dataset_study/passive_detectors/runs/RBF_I/adwin/RBF_I__s118__concept__severe
RBF_I,4,118,concept,severe,RBF_I__s118__concept__severe,False,0.02857142857142857,0.3333333333333333,60000,118.0,3811301496.0,,RBF_I__s118,0.0338983050847457,2,59,29,1,0.0344827586206896,0,0,,0.6666666666666666,2.0,3.0,30.0,0.1758879820893829,d3_oof,0,complete,results/per_dataset_study/passive_detectors/runs/RBF_I/d3_oof/RBF_I__s118__concept__severe
RBF_I,4,118,concept,severe,RBF_I__s118__concept__severe,False,0.02857142857142857,0.3333333333333333,60000,118.0,3811301496.0,,RBF_I__s118,0.7966101694915254,47,59,29,27,0.9310344827586208,0,0,,1.0,3.0,3.0,2.0,0.158643601850296,hddm_w,0,complete,results/per_dataset_study/passive_detectors/runs/RBF_I/hddm_w/RBF_I__s118__concept__severe
RBF_I,4,118,concept,severe,RBF_I__s118__concept__severe,False,0.02857142857142857,0.3333333333333333,60000,118.0,3811301496.0,,RBF_I__s118,0.0847457627118644,5,59,29,2,0.0689655172413793,0,0,,1.0,3.0,3.0,5.333333333333333,0.0260005582337422,hellinger,0,complete,results/per_dataset_study/passive_detectors/runs/RBF_I/hellinger/RBF_I__s118__concept__severe
RBF_I,4,118,splice,moderate,RBF_I__s118__splice__moderate,False,0.02857142857142857,0.3333333333333333,60000,118.0,2850602314.0,,RBF_I__s118,0.3220338983050847,19,59,29,16,0.5517241379310345,0,0,,1.0,3.0,3.0,4.666666666666667,0.0137936867152651,adwin,0,complete,results/per_dataset_study/passive_detectors/runs/RBF_I/adwin/RBF_I__s118__splice__moderate
RBF_I,4,118,splice,moderate,RBF_I__s118__splice__moderate,False,0.02857142857142857,0.3333333333333333,60000,118.0,2850602314.0,,RBF_I__s118,0.0338983050847457,2,59,29,1,0.0344827586206896,0,0,,0.6666666666666666,2.0,3.0,30.0,0.1868338902810744,d3_oof,0,complete,results/per_dataset_study/passive_detectors/runs/RBF_I/d3_oof/RBF_I__s118__splice__moderate
RBF_I,4,118,splice,moderate,RBF_I__s118__splice__moderate,False,0.02857142857142857,0.3333333333333333,60000,118.0,2850602314.0,,RBF_I__s118,0.7966101694915254,47,59,29,26,0.896551724137931,0,0,,1.0,3.0,3.0,1.6666666666666667,0.1423241714655887,hddm_w,0,complete,results/per_dataset_study/passive_detectors/runs/RBF_I/hddm_w/RBF_I__s118__splice__moderate
RBF_I,4,118,splice,moderate,RBF_I__s118__splice__moderate,False,0.02857142857142857,0.3333333333333333,60000,118.0,2850602314.0,,RBF_I__s118,0.0677966101694915,4,59,29,3,0.1034482758620689,0,0,,1.0,3.0,3.0,12.0,0.0240950051132434,hellinger,0,complete,results/per_dataset_study/passive_detectors/runs/RBF_I/hellinger/RBF_I__s118__splice__moderate
RBF_I,4,118,splice,severe,RBF_I__s118__splice__severe,False,0.02857142857142857,0.3333333333333333,60000,118.0,3587607091.0,,RBF_I__s118,0.423728813559322,25,59,29,19,0.6551724137931034,0,0,,1.0,3.0,3.0,2.6666666666666665,0.013982923264848,adwin,0,complete,results/per_dataset_study/passive_detectors/runs/RBF_I/adwin/RBF_I__s118__splice__severe
RBF_I,4,118,splice,severe,RBF_I__s118__splice__severe,False,0.02857142857142857,0.3333333333333333,60000,118.0,3587607091.0,,RBF_I__s118,0.0169491525423728,1,59,29,0,0.0,0,0,,0.3333333333333333,1.0,3.0,31.0,0.2040967234158112,d3_oof,0,complete,results/per_dataset_study/passive_detectors/runs/RBF_I/d3_oof/RBF_I__s118__splice__severe
RBF_I,4,118,splice,severe,RBF_I__s118__splice__severe,False,0.02857142857142857,0.3333333333333333,60000,118.0,3587607091.0,,RBF_I__s118,0.7288135593220338,43,59,29,23,0.7931034482758621,0,0,,1.0,3.0,3.0,2.0,0.1520282585503688,hddm_w,0,complete,results/per_dataset_study/passive_detectors/runs/RBF_I/hddm_w/RBF_I__s118__splice__severe
RBF_I,4,118,splice,severe,RBF_I__s118__splice__severe,False,0.02857142857142857,0.3333333333333333,60000,118.0,3587607091.0,,RBF_I__s118,0.0847457627118644,5,59,29,3,0.1034482758620689,0,0,,1.0,3.0,3.0,9.333333333333334,0.0253914615313988,hellinger,0,complete,results/per_dataset_study/passive_detectors/runs/RBF_I/hellinger/RBF_I__s118__splice__severe
RBF_I,5,119,clean,none,RBF_I__s119__clean__none,False,0.02857142857142857,0.3333333333333333,60000,119.0,,,RBF_I__s119,0.1186440677966101,7,59,0,0,,8,0,0.0,1.0,3.0,3.0,4.333333333333333,0.01500146012404,adwin,0,complete,results/per_dataset_study/passive_detectors/runs/RBF_I/adwin/RBF_I__s119__clean__none
RBF_I,5,119,clean,none,RBF_I__s119__clean__none,False,0.02857142857142857,0.3333333333333333,60000,119.0,,,RBF_I__s119,0.0,0,59,0,0,,8,0,0.0,0.0,0.0,3.0,,0.2011334751053557,d3_oof,0,complete,results/per_dataset_study/passive_detectors/runs/RBF_I/d3_oof/RBF_I__s119__clean__none
RBF_I,5,119,clean,none,RBF_I__s119__clean__none,False,0.02857142857142857,0.3333333333333333,60000,119.0,,,RBF_I__s119,0.5423728813559322,32,59,0,0,,8,4,0.5,1.0,3.0,3.0,1.6666666666666667,0.1244084067487468,hddm_w,0,complete,results/per_dataset_study/passive_detectors/runs/RBF_I/hddm_w/RBF_I__s119__clean__none
RBF_I,5,119,clean,none,RBF_I__s119__clean__none,False,0.02857142857142857,0.3333333333333333,60000,119.0,,,RBF_I__s119,0.1186440677966101,7,59,0,0,,8,1,0.125,1.0,3.0,3.0,7.0,0.0273268801295974,hellinger,0,complete,results/per_dataset_study/passive_detectors/runs/RBF_I/hellinger/RBF_I__s119__clean__none
RBF_I,5,119,instance,moderate,RBF_I__s119__instance__moderate,False,0.02857142857142857,0.3333333333333333,60000,119.0,1785768086.0,,RBF_I__s119,0.1186440677966101,7,59,59,7,0.1186440677966101,0,0,,1.0,3.0,3.0,4.333333333333333,0.0135115319183872,adwin,0,complete,results/per_dataset_study/passive_detectors/runs/RBF_I/adwin/RBF_I__s119__instance__moderate
RBF_I,5,119,instance,moderate,RBF_I__s119__instance__moderate,False,0.02857142857142857,0.3333333333333333,60000,119.0,1785768086.0,,RBF_I__s119,0.0169491525423728,1,59,59,1,0.0169491525423728,0,0,,0.3333333333333333,1.0,3.0,30.0,0.1810414614252901,d3_oof,0,complete,results/per_dataset_study/passive_detectors/runs/RBF_I/d3_oof/RBF_I__s119__instance__moderate
RBF_I,5,119,instance,moderate,RBF_I__s119__instance__moderate,False,0.02857142857142857,0.3333333333333333,60000,119.0,1785768086.0,,RBF_I__s119,0.576271186440678,34,59,59,34,0.576271186440678,0,0,,1.0,3.0,3.0,1.3333333333333333,0.1156594418959381,hddm_w,0,complete,results/per_dataset_study/passive_detectors/runs/RBF_I/hddm_w/RBF_I__s119__instance__moderate
RBF_I,5,119,instance,moderate,RBF_I__s119__instance__moderate,False,0.02857142857142857,0.3333333333333333,60000,119.0,1785768086.0,,RBF_I__s119,0.1186440677966101,7,59,59,7,0.1186440677966101,0,0,,1.0,3.0,3.0,7.0,0.0239998584826632,hellinger,0,complete,results/per_dataset_study/passive_detectors/runs/RBF_I/hellinger/RBF_I__s119__instance__moderate
RBF_I,5,119,instance,severe,RBF_I__s119__instance__severe,False,0.02857142857142857,0.3333333333333333,60000,119.0,80988754.0,,RBF_I__s119,0.1016949152542373,6,59,59,6,0.1016949152542373,0,0,,1.0,3.0,3.0,6.0,0.0134302749453733,adwin,0,complete,results/per_dataset_study/passive_detectors/runs/RBF_I/adwin/RBF_I__s119__instance__severe
RBF_I,5,119,instance,severe,RBF_I__s119__instance__severe,False,0.02857142857142857,0.3333333333333333,60000,119.0,80988754.0,,RBF_I__s119,0.0,0,59,59,0,0.0,0,0,,0.0,0.0,3.0,,0.1948684701346792,d3_oof,0,complete,results/per_dataset_study/passive_detectors/runs/RBF_I/d3_oof/RBF_I__s119__instance__severe
RBF_I,5,119,instance,severe,RBF_I__s119__instance__severe,False,0.02857142857142857,0.3333333333333333,60000,119.0,80988754.0,,RBF_I__s119,0.6440677966101694,38,59,59,38,0.6440677966101694,0,0,,1.0,3.0,3.0,1.3333333333333333,0.123574023261123,hddm_w,0,complete,results/per_dataset_study/passive_detectors/runs/RBF_I/hddm_w/RBF_I__s119__instance__severe
RBF_I,5,119,instance,severe,RBF_I__s119__instance__severe,False,0.02857142857142857,0.3333333333333333,60000,119.0,80988754.0,,RBF_I__s119,0.1186440677966101,7,59,59,7,0.1186440677966101,0,0,,1.0,3.0,3.0,7.0,0.0240468016515175,hellinger,0,complete,results/per_dataset_study/passive_detectors/runs/RBF_I/hellinger/RBF_I__s119__instance__severe
RBF_I,5,119,concept,moderate,RBF_I__s119__concept__moderate,False,0.02857142857142857,0.3333333333333333,60000,119.0,1226255551.0,,RBF_I__s119,0.5254237288135594,31,59,28,25,0.8928571428571429,0,0,,1.0,3.0,3.0,4.0,0.0138190332412098,adwin,0,complete,results/per_dataset_study/passive_detectors/runs/RBF_I/adwin/RBF_I__s119__concept__moderate
RBF_I,5,119,concept,moderate,RBF_I__s119__concept__moderate,False,0.02857142857142857,0.3333333333333333,60000,119.0,1226255551.0,,RBF_I__s119,0.0,0,59,28,0,0.0,0,0,,0.0,0.0,3.0,,0.2004136083026726,d3_oof,0,complete,results/per_dataset_study/passive_detectors/runs/RBF_I/d3_oof/RBF_I__s119__concept__moderate
RBF_I,5,119,concept,moderate,RBF_I__s119__concept__moderate,False,0.02857142857142857,0.3333333333333333,60000,119.0,1226255551.0,,RBF_I__s119,0.7796610169491526,46,59,28,27,0.9642857142857144,0,0,,1.0,3.0,3.0,1.0,0.1429493019046883,hddm_w,0,complete,results/per_dataset_study/passive_detectors/runs/RBF_I/hddm_w/RBF_I__s119__concept__moderate
RBF_I,5,119,concept,moderate,RBF_I__s119__concept__moderate,False,0.02857142857142857,0.3333333333333333,60000,119.0,1226255551.0,,RBF_I__s119,0.135593220338983,8,59,28,2,0.0714285714285714,0,0,,1.0,3.0,3.0,3.0,0.0238111131572319,hellinger,0,complete,results/per_dataset_study/passive_detectors/runs/RBF_I/hellinger/RBF_I__s119__concept__moderate
RBF_I,5,119,concept,severe,RBF_I__s119__concept__severe,False,0.02857142857142857,0.3333333333333333,60000,119.0,1687454488.0,,RBF_I__s119,0.423728813559322,25,59,29,22,0.7586206896551724,0,0,,1.0,3.0,3.0,4.666666666666667,0.0135690981308774,adwin,0,complete,results/per_dataset_study/passive_detectors/runs/RBF_I/adwin/RBF_I__s119__concept__severe
RBF_I,5,119,concept,severe,RBF_I__s119__concept__severe,False,0.02857142857142857,0.3333333333333333,60000,119.0,1687454488.0,,RBF_I__s119,0.0508474576271186,3,59,29,3,0.1034482758620689,0,0,,1.0,3.0,3.0,11.0,0.1663996585314938,d3_oof,0,complete,results/per_dataset_study/passive_detectors/runs/RBF_I/d3_oof/RBF_I__s119__concept__severe
RBF_I,5,119,concept,severe,RBF_I__s119__concept__severe,False,0.02857142857142857,0.3333333333333333,60000,119.0,1687454488.0,,RBF_I__s119,0.711864406779661,42,59,29,28,0.9655172413793104,0,0,,1.0,3.0,3.0,2.0,0.153078610310331,hddm_w,0,complete,results/per_dataset_study/passive_detectors/runs/RBF_I/hddm_w/RBF_I__s119__concept__severe
RBF_I,5,119,concept,severe,RBF_I__s119__concept__severe,False,0.02857142857142857,0.3333333333333333,60000,119.0,1687454488.0,,RBF_I__s119,0.1016949152542373,6,59,29,1,0.0344827586206896,0,0,,1.0,3.0,3.0,4.0,0.0249670981914581,hellinger,0,complete,results/per_dataset_study/passive_detectors/runs/RBF_I/hellinger/RBF_I__s119__concept__severe
RBF_I,5,119,splice,moderate,RBF_I__s119__splice__moderate,False,0.02857142857142857,0.3333333333333333,60000,119.0,1925764227.0,,RBF_I__s119,0.3898305084745763,23,59,28,18,0.6428571428571429,0,0,,1.0,3.0,3.0,2.6666666666666665,0.0137968716444447,adwin,0,complete,results/per_dataset_study/passive_detectors/runs/RBF_I/adwin/RBF_I__s119__splice__moderate
RBF_I,5,119,splice,moderate,RBF_I__s119__splice__moderate,False,0.02857142857142857,0.3333333333333333,60000,119.0,1925764227.0,,RBF_I__s119,0.0508474576271186,3,59,28,3,0.1071428571428571,0,0,,1.0,3.0,3.0,7.0,0.1735353435894163,d3_oof,0,complete,results/per_dataset_study/passive_detectors/runs/RBF_I/d3_oof/RBF_I__s119__splice__moderate
RBF_I,5,119,splice,moderate,RBF_I__s119__splice__moderate,False,0.02857142857142857,0.3333333333333333,60000,119.0,1925764227.0,,RBF_I__s119,0.7966101694915254,47,59,28,24,0.8571428571428571,0,0,,1.0,3.0,3.0,1.6666666666666667,0.1392249984201043,hddm_w,0,complete,results/per_dataset_study/passive_detectors/runs/RBF_I/hddm_w/RBF_I__s119__splice__moderate
RBF_I,5,119,splice,moderate,RBF_I__s119__splice__moderate,False,0.02857142857142857,0.3333333333333333,60000,119.0,1925764227.0,,RBF_I__s119,0.0847457627118644,5,59,28,2,0.0714285714285714,0,0,,1.0,3.0,3.0,11.333333333333334,0.0242211130777529,hellinger,0,complete,results/per_dataset_study/passive_detectors/runs/RBF_I/hellinger/RBF_I__s119__splice__moderate
RBF_I,5,119,splice,severe,RBF_I__s119__splice__severe,False,0.02857142857142857,0.3333333333333333,60000,119.0,3024123001.0,,RBF_I__s119,0.3220338983050847,19,59,29,14,0.4827586206896552,0,0,,1.0,3.0,3.0,3.3333333333333335,0.0133484051912091,adwin,0,complete,results/per_dataset_study/passive_detectors/runs/RBF_I/adwin/RBF_I__s119__splice__severe
RBF_I,5,119,splice,severe,RBF_I__s119__splice__severe,False,0.02857142857142857,0.3333333333333333,60000,119.0,3024123001.0,,RBF_I__s119,0.0169491525423728,1,59,29,1,0.0344827586206896,0,0,,0.3333333333333333,1.0,3.0,32.0,0.272014245177464,d3_oof,0,complete,results/per_dataset_study/passive_detectors/runs/RBF_I/d3_oof/RBF_I__s119__splice__severe
RBF_I,5,119,splice,severe,RBF_I__s119__splice__severe,False,0.02857142857142857,0.3333333333333333,60000,119.0,3024123001.0,,RBF_I__s119,0.711864406779661,42,59,29,28,0.9655172413793104,0,0,,1.0,3.0,3.0,2.0,0.1684775065708284,hddm_w,0,complete,results/per_dataset_study/passive_detectors/runs/RBF_I/hddm_w/RBF_I__s119__splice__severe
RBF_I,5,119,splice,severe,RBF_I__s119__splice__severe,False,0.02857142857142857,0.3333333333333333,60000,119.0,3024123001.0,,RBF_I__s119,0.1016949152542373,6,59,29,3,0.1034482758620689,0,0,,1.0,3.0,3.0,5.666666666666667,0.0244499319038974,hellinger,0,complete,results/per_dataset_study/passive_detectors/runs/RBF_I/hellinger/RBF_I__s119__splice__severe
radar,1,0,clean,none,radar__evaluation__clean__none__aNone,True,0.02857142857142857,0.3333333333333333,144753,,,,radar__evaluation,0.7152777777777778,103,144,0,0,,144,103,0.7152777777777778,,,,,0.0254415812067698,adwin,0,complete,results/per_dataset_study/passive_detectors/runs/radar/adwin/radar__evaluation__clean__none__aNone
radar,1,0,clean,none,radar__evaluation__clean__none__aNone,True,0.02857142857142857,0.3333333333333333,144753,,,,radar__evaluation,0.0416666666666666,6,144,0,0,,144,6,0.0416666666666666,,,,,2.3044880492805464,d3_oof,0,complete,results/per_dataset_study/passive_detectors/runs/radar/d3_oof/radar__evaluation__clean__none__aNone
radar,1,0,clean,none,radar__evaluation__clean__none__aNone,True,0.02857142857142857,0.3333333333333333,144753,,,,radar__evaluation,0.5763888888888888,83,144,0,0,,144,83,0.5763888888888888,,,,,0.2898450284180473,hddm_w,0,complete,results/per_dataset_study/passive_detectors/runs/radar/hddm_w/radar__evaluation__clean__none__aNone
radar,1,0,clean,none,radar__evaluation__clean__none__aNone,True,0.02857142857142857,0.3333333333333333,144753,,,,radar__evaluation,0.1111111111111111,16,144,0,0,,144,16,0.1111111111111111,,,,,0.0834510055127447,hellinger,0,complete,results/per_dataset_study/passive_detectors/runs/radar/hellinger/radar__evaluation__clean__none__aNone
radar,1,0,instance,moderate,radar__evaluation__instance__moderate__a0,False,0.02857142857142857,0.3333333333333333,144753,,3687513746.0,0.0,radar__evaluation,0.7152777777777778,103,144,144,103,0.7152777777777778,0,0,,,,,,0.0184518010248633,adwin,0,complete,results/per_dataset_study/passive_detectors/runs/radar/adwin/radar__evaluation__instance__moderate__a0
radar,1,0,instance,moderate,radar__evaluation__instance__moderate__a0,False,0.02857142857142857,0.3333333333333333,144753,,3687513746.0,0.0,radar__evaluation,0.0416666666666666,6,144,144,6,0.0416666666666666,0,0,,,,,,2.3139638762956185,d3_oof,0,complete,results/per_dataset_study/passive_detectors/runs/radar/d3_oof/radar__evaluation__instance__moderate__a0
radar,1,0,instance,moderate,radar__evaluation__instance__moderate__a0,False,0.02857142857142857,0.3333333333333333,144753,,3687513746.0,0.0,radar__evaluation,0.5625,81,144,144,81,0.5625,0,0,,,,,,0.1830645720369067,hddm_w,0,complete,results/per_dataset_study/passive_detectors/runs/radar/hddm_w/radar__evaluation__instance__moderate__a0
radar,1,0,instance,moderate,radar__evaluation__instance__moderate__a0,False,0.02857142857142857,0.3333333333333333,144753,,3687513746.0,0.0,radar__evaluation,0.1111111111111111,16,144,144,16,0.1111111111111111,0,0,,,,,,0.076571180399702,hellinger,0,complete,results/per_dataset_study/passive_detectors/runs/radar/hellinger/radar__evaluation__instance__moderate__a0
radar,1,0,instance,severe,radar__evaluation__instance__severe__a0,False,0.02857142857142857,0.3333333333333333,144753,,3068245370.0,0.0,radar__evaluation,0.7013888888888888,101,144,144,101,0.7013888888888888,0,0,,,,,,0.0164578620390441,adwin,0,complete,results/per_dataset_study/passive_detectors/runs/radar/adwin/radar__evaluation__instance__severe__a0
radar,1,0,instance,severe,radar__evaluation__instance__severe__a0,False,0.02857142857142857,0.3333333333333333,144753,,3068245370.0,0.0,radar__evaluation,0.0416666666666666,6,144,144,6,0.0416666666666666,0,0,,,,,,2.314322244790839,d3_oof,0,complete,results/per_dataset_study/passive_detectors/runs/radar/d3_oof/radar__evaluation__instance__severe__a0
radar,1,0,instance,severe,radar__evaluation__instance__severe__a0,False,0.02857142857142857,0.3333333333333333,144753,,3068245370.0,0.0,radar__evaluation,0.5625,81,144,144,81,0.5625,0,0,,,,,,0.1635702685801038,hddm_w,0,complete,results/per_dataset_study/passive_detectors/runs/radar/hddm_w/radar__evaluation__instance__severe__a0
radar,1,0,instance,severe,radar__evaluation__instance__severe__a0,False,0.02857142857142857,0.3333333333333333,144753,,3068245370.0,0.0,radar__evaluation,0.1111111111111111,16,144,144,16,0.1111111111111111,0,0,,,,,,0.0727112224617198,hellinger,0,complete,results/per_dataset_study/passive_detectors/runs/radar/hellinger/radar__evaluation__instance__severe__a0
radar,1,0,concept,moderate,radar__evaluation__concept__moderate__a0,False,0.02857142857142857,0.3333333333333333,144753,,3910140397.0,0.0,radar__evaluation,0.8680555555555556,125,144,87,86,0.9885057471264368,10,6,0.6,,,,,0.016591798649728,adwin,0,complete,results/per_dataset_study/passive_detectors/runs/radar/adwin/radar__evaluation__concept__moderate__a0
radar,1,0,concept,moderate,radar__evaluation__concept__moderate__a0,False,0.02857142857142857,0.3333333333333333,144753,,3910140397.0,0.0,radar__evaluation,0.0416666666666666,6,144,87,2,0.0229885057471264,10,0,0.0,,,,,1.617320512865167,d3_oof,0,complete,results/per_dataset_study/passive_detectors/runs/radar/d3_oof/radar__evaluation__concept__moderate__a0
radar,1,0,concept,moderate,radar__evaluation__concept__moderate__a0,False,0.02857142857142857,0.3333333333333333,144753,,3910140397.0,0.0,radar__evaluation,0.7222222222222222,104,144,87,72,0.8275862068965517,10,6,0.6,,,,,0.2957988498200701,hddm_w,0,complete,results/per_dataset_study/passive_detectors/runs/radar/hddm_w/radar__evaluation__concept__moderate__a0
radar,1,0,concept,moderate,radar__evaluation__concept__moderate__a0,False,0.02857142857142857,0.3333333333333333,144753,,3910140397.0,0.0,radar__evaluation,0.0347222222222222,5,144,87,2,0.0229885057471264,10,0,0.0,,,,,0.0773240152237352,hellinger,0,complete,results/per_dataset_study/passive_detectors/runs/radar/hellinger/radar__evaluation__concept__moderate__a0
radar,1,0,concept,severe,radar__evaluation__concept__severe__a0,False,0.02857142857142857,0.3333333333333333,144753,,1008509576.0,0.0,radar__evaluation,0.9375,135,144,121,117,0.9669421487603306,3,2,0.6666666666666666,,,,,0.0163852949563724,adwin,0,complete,results/per_dataset_study/passive_detectors/runs/radar/adwin/radar__evaluation__concept__severe__a0
radar,1,0,concept,severe,radar__evaluation__concept__severe__a0,False,0.02857142857142857,0.3333333333333333,144753,,1008509576.0,0.0,radar__evaluation,0.0277777777777777,4,144,121,2,0.0165289256198347,3,0,0.0,,,,,1.4447394866408836,d3_oof,0,complete,results/per_dataset_study/passive_detectors/runs/radar/d3_oof/radar__evaluation__concept__severe__a0
radar,1,0,concept,severe,radar__evaluation__concept__severe__a0,False,0.02857142857142857,0.3333333333333333,144753,,1008509576.0,0.0,radar__evaluation,0.7847222222222222,113,144,121,97,0.8016528925619835,3,2,0.6666666666666666,,,,,0.3051617867133466,hddm_w,0,complete,results/per_dataset_study/passive_detectors/runs/radar/hddm_w/radar__evaluation__concept__severe__a0
radar,1,0,concept,severe,radar__evaluation__concept__severe__a0,False,0.02857142857142857,0.3333333333333333,144753,,1008509576.0,0.0,radar__evaluation,0.0902777777777777,13,144,121,9,0.0743801652892562,3,0,0.0,,,,,0.0766138657161174,hellinger,0,complete,results/per_dataset_study/passive_detectors/runs/radar/hellinger/radar__evaluation__concept__severe__a0
radar,1,0,splice,moderate,radar__evaluation__splice__moderate__a0,False,0.02857142857142857,0.3333333333333333,144753,,424767608.0,0.0,radar__evaluation,0.7986111111111112,115,144,87,74,0.8505747126436781,11,7,0.6363636363636364,,,,,0.0173975387980931,adwin,0,complete,results/per_dataset_study/passive_detectors/runs/radar/adwin/radar__evaluation__splice__moderate__a0
radar,1,0,splice,moderate,radar__evaluation__splice__moderate__a0,False,0.02857142857142857,0.3333333333333333,144753,,424767608.0,0.0,radar__evaluation,0.0416666666666666,6,144,87,3,0.0344827586206896,11,1,0.0909090909090909,,,,,2.436922666913552,d3_oof,0,complete,results/per_dataset_study/passive_detectors/runs/radar/d3_oof/radar__evaluation__splice__moderate__a0
radar,1,0,splice,moderate,radar__evaluation__splice__moderate__a0,False,0.02857142857142857,0.3333333333333333,144753,,424767608.0,0.0,radar__evaluation,0.6875,99,144,87,69,0.7931034482758621,11,5,0.4545454545454545,,,,,0.3182670336533518,hddm_w,0,complete,results/per_dataset_study/passive_detectors/runs/radar/hddm_w/radar__evaluation__splice__moderate__a0
radar,1,0,splice,moderate,radar__evaluation__splice__moderate__a0,False,0.02857142857142857,0.3333333333333333,144753,,424767608.0,0.0,radar__evaluation,0.1041666666666666,15,144,87,7,0.0804597701149425,11,2,0.1818181818181818,,,,,0.0730883817295765,hellinger,0,complete,results/per_dataset_study/passive_detectors/runs/radar/hellinger/radar__evaluation__splice__moderate__a0
radar,1,0,splice,severe,radar__evaluation__splice__severe__a0,False,0.02857142857142857,0.3333333333333333,144753,,1946032787.0,0.0,radar__evaluation,0.8333333333333334,120,144,120,101,0.8416666666666667,1,1,1.0,,,,,0.0162562474868131,adwin,0,complete,results/per_dataset_study/passive_detectors/runs/radar/adwin/radar__evaluation__splice__severe__a0
radar,1,0,splice,severe,radar__evaluation__splice__severe__a0,False,0.02857142857142857,0.3333333333333333,144753,,1946032787.0,0.0,radar__evaluation,0.0347222222222222,5,144,120,5,0.0416666666666666,1,0,0.0,,,,,2.675699260285355,d3_oof,0,complete,results/per_dataset_study/passive_detectors/runs/radar/d3_oof/radar__evaluation__splice__severe__a0
radar,1,0,splice,severe,radar__evaluation__splice__severe__a0,False,0.02857142857142857,0.3333333333333333,144753,,1946032787.0,0.0,radar__evaluation,0.75,108,144,120,92,0.7666666666666667,1,1,1.0,,,,,0.3511416551078365,hddm_w,0,complete,results/per_dataset_study/passive_detectors/runs/radar/hddm_w/radar__evaluation__splice__severe__a0
radar,1,0,splice,severe,radar__evaluation__splice__severe__a0,False,0.02857142857142857,0.3333333333333333,144753,,1946032787.0,0.0,radar__evaluation,0.0833333333333333,12,144,120,9,0.075,1,0,0.0,,,,,0.0763731425184952,hellinger,0,complete,results/per_dataset_study/passive_detectors/runs/radar/hellinger/radar__evaluation__splice__severe__a0
radar,2,1,clean,none,radar__evaluation__clean__none__aNone,True,0.02857142857142857,0.3333333333333333,144753,,,,radar__evaluation,0.7152777777777778,103,144,0,0,,144,103,0.7152777777777778,,,,,0.0254415812067698,adwin,0,complete,results/per_dataset_study/passive_detectors/runs/radar/adwin/radar__evaluation__clean__none__aNone
radar,2,1,clean,none,radar__evaluation__clean__none__aNone,True,0.02857142857142857,0.3333333333333333,144753,,,,radar__evaluation,0.0416666666666666,6,144,0,0,,144,6,0.0416666666666666,,,,,2.3044880492805464,d3_oof,0,complete,results/per_dataset_study/passive_detectors/runs/radar/d3_oof/radar__evaluation__clean__none__aNone
radar,2,1,clean,none,radar__evaluation__clean__none__aNone,True,0.02857142857142857,0.3333333333333333,144753,,,,radar__evaluation,0.5763888888888888,83,144,0,0,,144,83,0.5763888888888888,,,,,0.2898450284180473,hddm_w,0,complete,results/per_dataset_study/passive_detectors/runs/radar/hddm_w/radar__evaluation__clean__none__aNone
radar,2,1,clean,none,radar__evaluation__clean__none__aNone,True,0.02857142857142857,0.3333333333333333,144753,,,,radar__evaluation,0.1111111111111111,16,144,0,0,,144,16,0.1111111111111111,,,,,0.0834510055127447,hellinger,0,complete,results/per_dataset_study/passive_detectors/runs/radar/hellinger/radar__evaluation__clean__none__aNone
radar,2,1,instance,moderate,radar__evaluation__instance__moderate__a1,False,0.02857142857142857,0.3333333333333333,144753,,2388385389.0,1.0,radar__evaluation,0.7013888888888888,101,144,144,101,0.7013888888888888,0,0,,,,,,0.0204090725982814,adwin,0,complete,results/per_dataset_study/passive_detectors/runs/radar/adwin/radar__evaluation__instance__moderate__a1
radar,2,1,instance,moderate,radar__evaluation__instance__moderate__a1,False,0.02857142857142857,0.3333333333333333,144753,,2388385389.0,1.0,radar__evaluation,0.0416666666666666,6,144,144,6,0.0416666666666666,0,0,,,,,,2.2913179643914363,d3_oof,0,complete,results/per_dataset_study/passive_detectors/runs/radar/d3_oof/radar__evaluation__instance__moderate__a1
radar,2,1,instance,moderate,radar__evaluation__instance__moderate__a1,False,0.02857142857142857,0.3333333333333333,144753,,2388385389.0,1.0,radar__evaluation,0.5555555555555556,80,144,144,80,0.5555555555555556,0,0,,,,,,0.1667611067302361,hddm_w,0,complete,results/per_dataset_study/passive_detectors/runs/radar/hddm_w/radar__evaluation__instance__moderate__a1
radar,2,1,instance,moderate,radar__evaluation__instance__moderate__a1,False,0.02857142857142857,0.3333333333333333,144753,,2388385389.0,1.0,radar__evaluation,0.1111111111111111,16,144,144,16,0.1111111111111111,0,0,,,,,,0.0719680269281499,hellinger,0,complete,results/per_dataset_study/passive_detectors/runs/radar/hellinger/radar__evaluation__instance__moderate__a1
radar,2,1,instance,severe,radar__evaluation__instance__severe__a1,False,0.02857142857142857,0.3333333333333333,144753,,11462624.0,1.0,radar__evaluation,0.5625,81,144,144,81,0.5625,0,0,,,,,,0.0158246247309575,adwin,0,complete,results/per_dataset_study/passive_detectors/runs/radar/adwin/radar__evaluation__instance__severe__a1
radar,2,1,instance,severe,radar__evaluation__instance__severe__a1,False,0.02857142857142857,0.3333333333333333,144753,,11462624.0,1.0,radar__evaluation,0.0416666666666666,6,144,144,6,0.0416666666666666,0,0,,,,,,2.261850303583035,d3_oof,0,complete,results/per_dataset_study/passive_detectors/runs/radar/d3_oof/radar__evaluation__instance__severe__a1
radar,2,1,instance,severe,radar__evaluation__instance__severe__a1,False,0.02857142857142857,0.3333333333333333,144753,,11462624.0,1.0,radar__evaluation,0.5138888888888888,74,144,144,74,0.5138888888888888,0,0,,,,,,0.152735924066914,hddm_w,0,complete,results/per_dataset_study/passive_detectors/runs/radar/hddm_w/radar__evaluation__instance__severe__a1
radar,2,1,instance,severe,radar__evaluation__instance__severe__a1,False,0.02857142857142857,0.3333333333333333,144753,,11462624.0,1.0,radar__evaluation,0.1111111111111111,16,144,144,16,0.1111111111111111,0,0,,,,,,0.0728551400820041,hellinger,0,complete,results/per_dataset_study/passive_detectors/runs/radar/hellinger/radar__evaluation__instance__severe__a1
radar,2,1,concept,moderate,radar__evaluation__concept__moderate__a1,False,0.02857142857142857,0.3333333333333333,144753,,4018716551.0,1.0,radar__evaluation,0.875,126,144,83,80,0.963855421686747,19,13,0.6842105263157895,,,,,0.0166730291650121,adwin,0,complete,results/per_dataset_study/passive_detectors/runs/radar/adwin/radar__evaluation__concept__moderate__a1
radar,2,1,concept,moderate,radar__evaluation__concept__moderate__a1,False,0.02857142857142857,0.3333333333333333,144753,,4018716551.0,1.0,radar__evaluation,0.0416666666666666,6,144,83,3,0.036144578313253,19,1,0.0526315789473684,,,,,1.5883759756808868,d3_oof,0,complete,results/per_dataset_study/passive_detectors/runs/radar/d3_oof/radar__evaluation__concept__moderate__a1
radar,2,1,concept,moderate,radar__evaluation__concept__moderate__a1,False,0.02857142857142857,0.3333333333333333,144753,,4018716551.0,1.0,radar__evaluation,0.7083333333333334,102,144,83,68,0.8192771084337349,19,7,0.3684210526315789,,,,,0.2986588354655277,hddm_w,0,complete,results/per_dataset_study/passive_detectors/runs/radar/hddm_w/radar__evaluation__concept__moderate__a1
radar,2,1,concept,moderate,radar__evaluation__concept__moderate__a1,False,0.02857142857142857,0.3333333333333333,144753,,4018716551.0,1.0,radar__evaluation,0.125,18,144,83,11,0.1325301204819277,19,1,0.0526315789473684,,,,,0.075936911118319,hellinger,0,complete,results/per_dataset_study/passive_detectors/runs/radar/hellinger/radar__evaluation__concept__moderate__a1
radar,2,1,concept,severe,radar__evaluation__concept__severe__a1,False,0.02857142857142857,0.3333333333333333,144753,,1163742248.0,1.0,radar__evaluation,0.9027777777777778,130,144,118,111,0.940677966101695,0,0,,,,,,0.0164458274373668,adwin,0,complete,results/per_dataset_study/passive_detectors/runs/radar/adwin/radar__evaluation__concept__severe__a1
radar,2,1,concept,severe,radar__evaluation__concept__severe__a1,False,0.02857142857142857,0.3333333333333333,144753,,1163742248.0,1.0,radar__evaluation,0.0416666666666666,6,144,118,5,0.0423728813559322,0,0,,,,,,1.386870627283516,d3_oof,0,complete,results/per_dataset_study/passive_detectors/runs/radar/d3_oof/radar__evaluation__concept__severe__a1
radar,2,1,concept,severe,radar__evaluation__concept__severe__a1,False,0.02857142857142857,0.3333333333333333,144753,,1163742248.0,1.0,radar__evaluation,0.75,108,144,118,94,0.7966101694915254,0,0,,,,,,0.2988060441330387,hddm_w,0,complete,results/per_dataset_study/passive_detectors/runs/radar/hddm_w/radar__evaluation__concept__severe__a1
radar,2,1,concept,severe,radar__evaluation__concept__severe__a1,False,0.02857142857142857,0.3333333333333333,144753,,1163742248.0,1.0,radar__evaluation,0.0694444444444444,10,144,118,8,0.0677966101694915,0,0,,,,,,0.0787834870622559,hellinger,0,complete,results/per_dataset_study/passive_detectors/runs/radar/hellinger/radar__evaluation__concept__severe__a1
radar,2,1,splice,moderate,radar__evaluation__splice__moderate__a1,False,0.02857142857142857,0.3333333333333333,144753,,3027246665.0,1.0,radar__evaluation,0.8611111111111112,124,144,84,77,0.9166666666666666,17,16,0.9411764705882352,,,,,0.0168631530191958,adwin,0,complete,results/per_dataset_study/passive_detectors/runs/radar/adwin/radar__evaluation__splice__moderate__a1
radar,2,1,splice,moderate,radar__evaluation__splice__moderate__a1,False,0.02857142857142857,0.3333333333333333,144753,,3027246665.0,1.0,radar__evaluation,0.0416666666666666,6,144,84,1,0.0119047619047619,17,2,0.1176470588235294,,,,,2.5477454982104746,d3_oof,0,complete,results/per_dataset_study/passive_detectors/runs/radar/d3_oof/radar__evaluation__splice__moderate__a1
radar,2,1,splice,moderate,radar__evaluation__splice__moderate__a1,False,0.02857142857142857,0.3333333333333333,144753,,3027246665.0,1.0,radar__evaluation,0.7430555555555556,107,144,84,69,0.8214285714285714,17,13,0.7647058823529411,,,,,0.3340860769985455,hddm_w,0,complete,results/per_dataset_study/passive_detectors/runs/radar/hddm_w/radar__evaluation__splice__moderate__a1
radar,2,1,splice,moderate,radar__evaluation__splice__moderate__a1,False,0.02857142857142857,0.3333333333333333,144753,,3027246665.0,1.0,radar__evaluation,0.0833333333333333,12,144,84,5,0.0595238095238095,17,3,0.1764705882352941,,,,,0.0743839513497353,hellinger,0,complete,results/per_dataset_study/passive_detectors/runs/radar/hellinger/radar__evaluation__splice__moderate__a1
radar,2,1,splice,severe,radar__evaluation__splice__severe__a1,False,0.02857142857142857,0.3333333333333333,144753,,2444082711.0,1.0,radar__evaluation,0.8819444444444444,127,144,118,108,0.9152542372881356,3,1,0.3333333333333333,,,,,0.0160820281693536,adwin,0,complete,results/per_dataset_study/passive_detectors/runs/radar/adwin/radar__evaluation__splice__severe__a1
radar,2,1,splice,severe,radar__evaluation__splice__severe__a1,False,0.02857142857142857,0.3333333333333333,144753,,2444082711.0,1.0,radar__evaluation,0.0277777777777777,4,144,118,2,0.0169491525423728,3,0,0.0,,,,,2.7043598701641822,d3_oof,0,complete,results/per_dataset_study/passive_detectors/runs/radar/d3_oof/radar__evaluation__splice__severe__a1
radar,2,1,splice,severe,radar__evaluation__splice__severe__a1,False,0.02857142857142857,0.3333333333333333,144753,,2444082711.0,1.0,radar__evaluation,0.7708333333333334,111,144,118,98,0.8305084745762712,3,0,0.0,,,,,0.3649718266456949,hddm_w,0,complete,results/per_dataset_study/passive_detectors/runs/radar/hddm_w/radar__evaluation__splice__severe__a1
radar,2,1,splice,severe,radar__evaluation__splice__severe__a1,False,0.02857142857142857,0.3333333333333333,144753,,2444082711.0,1.0,radar__evaluation,0.0555555555555555,8,144,118,6,0.0508474576271186,3,0,0.0,,,,,0.0748675031096371,hellinger,0,complete,results/per_dataset_study/passive_detectors/runs/radar/hellinger/radar__evaluation__splice__severe__a1
radar,3,2,clean,none,radar__evaluation__clean__none__aNone,True,0.02857142857142857,0.3333333333333333,144753,,,,radar__evaluation,0.7152777777777778,103,144,0,0,,144,103,0.7152777777777778,,,,,0.0254415812067698,adwin,0,complete,results/per_dataset_study/passive_detectors/runs/radar/adwin/radar__evaluation__clean__none__aNone
radar,3,2,clean,none,radar__evaluation__clean__none__aNone,True,0.02857142857142857,0.3333333333333333,144753,,,,radar__evaluation,0.0416666666666666,6,144,0,0,,144,6,0.0416666666666666,,,,,2.3044880492805464,d3_oof,0,complete,results/per_dataset_study/passive_detectors/runs/radar/d3_oof/radar__evaluation__clean__none__aNone
radar,3,2,clean,none,radar__evaluation__clean__none__aNone,True,0.02857142857142857,0.3333333333333333,144753,,,,radar__evaluation,0.5763888888888888,83,144,0,0,,144,83,0.5763888888888888,,,,,0.2898450284180473,hddm_w,0,complete,results/per_dataset_study/passive_detectors/runs/radar/hddm_w/radar__evaluation__clean__none__aNone
radar,3,2,clean,none,radar__evaluation__clean__none__aNone,True,0.02857142857142857,0.3333333333333333,144753,,,,radar__evaluation,0.1111111111111111,16,144,0,0,,144,16,0.1111111111111111,,,,,0.0834510055127447,hellinger,0,complete,results/per_dataset_study/passive_detectors/runs/radar/hellinger/radar__evaluation__clean__none__aNone
radar,3,2,instance,moderate,radar__evaluation__instance__moderate__a2,False,0.02857142857142857,0.3333333333333333,144753,,58124341.0,2.0,radar__evaluation,0.6875,99,144,144,99,0.6875,0,0,,,,,,0.01582603584039,adwin,0,complete,results/per_dataset_study/passive_detectors/runs/radar/adwin/radar__evaluation__instance__moderate__a2
radar,3,2,instance,moderate,radar__evaluation__instance__moderate__a2,False,0.02857142857142857,0.3333333333333333,144753,,58124341.0,2.0,radar__evaluation,0.0416666666666666,6,144,144,6,0.0416666666666666,0,0,,,,,,2.3214447776500693,d3_oof,0,complete,results/per_dataset_study/passive_detectors/runs/radar/d3_oof/radar__evaluation__instance__moderate__a2
radar,3,2,instance,moderate,radar__evaluation__instance__moderate__a2,False,0.02857142857142857,0.3333333333333333,144753,,58124341.0,2.0,radar__evaluation,0.5138888888888888,74,144,144,74,0.5138888888888888,0,0,,,,,,0.168938725985031,hddm_w,0,complete,results/per_dataset_study/passive_detectors/runs/radar/hddm_w/radar__evaluation__instance__moderate__a2
radar,3,2,instance,moderate,radar__evaluation__instance__moderate__a2,False,0.02857142857142857,0.3333333333333333,144753,,58124341.0,2.0,radar__evaluation,0.1111111111111111,16,144,144,16,0.1111111111111111,0,0,,,,,,0.0730765483272052,hellinger,0,complete,results/per_dataset_study/passive_detectors/runs/radar/hellinger/radar__evaluation__instance__moderate__a2
radar,3,2,instance,severe,radar__evaluation__instance__severe__a2,False,0.02857142857142857,0.3333333333333333,144753,,1906925561.0,2.0,radar__evaluation,0.6666666666666666,96,144,144,96,0.6666666666666666,0,0,,,,,,0.0160882716811836,adwin,0,complete,results/per_dataset_study/passive_detectors/runs/radar/adwin/radar__evaluation__instance__severe__a2
radar,3,2,instance,severe,radar__evaluation__instance__severe__a2,False,0.02857142857142857,0.3333333333333333,144753,,1906925561.0,2.0,radar__evaluation,0.0416666666666666,6,144,144,6,0.0416666666666666,0,0,,,,,,2.3373604768643936,d3_oof,0,complete,results/per_dataset_study/passive_detectors/runs/radar/d3_oof/radar__evaluation__instance__severe__a2
radar,3,2,instance,severe,radar__evaluation__instance__severe__a2,False,0.02857142857142857,0.3333333333333333,144753,,1906925561.0,2.0,radar__evaluation,0.5625,81,144,144,81,0.5625,0,0,,,,,,0.1593172521052749,hddm_w,0,complete,results/per_dataset_study/passive_detectors/runs/radar/hddm_w/radar__evaluation__instance__severe__a2
radar,3,2,instance,severe,radar__evaluation__instance__severe__a2,False,0.02857142857142857,0.3333333333333333,144753,,1906925561.0,2.0,radar__evaluation,0.1111111111111111,16,144,144,16,0.1111111111111111,0,0,,,,,,0.0722673809144356,hellinger,0,complete,results/per_dataset_study/passive_detectors/runs/radar/hellinger/radar__evaluation__instance__severe__a2
radar,3,2,concept,moderate,radar__evaluation__concept__moderate__a2,False,0.02857142857142857,0.3333333333333333,144753,,1880718146.0,2.0,radar__evaluation,0.8680555555555556,125,144,85,84,0.9882352941176472,13,6,0.4615384615384615,,,,,0.0187647815141203,adwin,0,complete,results/per_dataset_study/passive_detectors/runs/radar/adwin/radar__evaluation__concept__moderate__a2
radar,3,2,concept,moderate,radar__evaluation__concept__moderate__a2,False,0.02857142857142857,0.3333333333333333,144753,,1880718146.0,2.0,radar__evaluation,0.0277777777777777,4,144,85,2,0.0235294117647058,13,0,0.0,,,,,1.6831797952473857,d3_oof,0,complete,results/per_dataset_study/passive_detectors/runs/radar/d3_oof/radar__evaluation__concept__moderate__a2
radar,3,2,concept,moderate,radar__evaluation__concept__moderate__a2,False,0.02857142857142857,0.3333333333333333,144753,,1880718146.0,2.0,radar__evaluation,0.6944444444444444,100,144,85,73,0.8588235294117647,13,6,0.4615384615384615,,,,,0.3038814691345511,hddm_w,0,complete,results/per_dataset_study/passive_detectors/runs/radar/hddm_w/radar__evaluation__concept__moderate__a2
radar,3,2,concept,moderate,radar__evaluation__concept__moderate__a2,False,0.02857142857142857,0.3333333333333333,144753,,1880718146.0,2.0,radar__evaluation,0.0208333333333333,3,144,85,2,0.0235294117647058,13,0,0.0,,,,,0.0779547706246839,hellinger,0,complete,results/per_dataset_study/passive_detectors/runs/radar/hellinger/radar__evaluation__concept__moderate__a2
radar,3,2,concept,severe,radar__evaluation__concept__severe__a2,False,0.02857142857142857,0.3333333333333333,144753,,3789935020.0,2.0,radar__evaluation,0.9375,135,144,111,109,0.981981981981982,4,4,1.0,,,,,0.016021311317655,adwin,0,complete,results/per_dataset_study/passive_detectors/runs/radar/adwin/radar__evaluation__concept__severe__a2
radar,3,2,concept,severe,radar__evaluation__concept__severe__a2,False,0.02857142857142857,0.3333333333333333,144753,,3789935020.0,2.0,radar__evaluation,0.0138888888888888,2,144,111,1,0.009009009009009,4,0,0.0,,,,,1.5116086263800803,d3_oof,0,complete,results/per_dataset_study/passive_detectors/runs/radar/d3_oof/radar__evaluation__concept__severe__a2
radar,3,2,concept,severe,radar__evaluation__concept__severe__a2,False,0.02857142857142857,0.3333333333333333,144753,,3789935020.0,2.0,radar__evaluation,0.8055555555555556,116,144,111,96,0.8648648648648649,4,3,0.75,,,,,0.3204077490910849,hddm_w,0,complete,results/per_dataset_study/passive_detectors/runs/radar/hddm_w/radar__evaluation__concept__severe__a2
radar,3,2,concept,severe,radar__evaluation__concept__severe__a2,False,0.02857142857142857,0.3333333333333333,144753,,3789935020.0,2.0,radar__evaluation,0.0625,9,144,111,5,0.045045045045045,4,2,0.5,,,,,0.0794033664212964,hellinger,0,complete,results/per_dataset_study/passive_detectors/runs/radar/hellinger/radar__evaluation__concept__severe__a2
radar,3,2,splice,moderate,radar__evaluation__splice__moderate__a2,False,0.02857142857142857,0.3333333333333333,144753,,2843988057.0,2.0,radar__evaluation,0.8888888888888888,128,144,84,81,0.9642857142857144,22,17,0.7727272727272727,,,,,0.0169885038661911,adwin,0,complete,results/per_dataset_study/passive_detectors/runs/radar/adwin/radar__evaluation__splice__moderate__a2
radar,3,2,splice,moderate,radar__evaluation__splice__moderate__a2,False,0.02857142857142857,0.3333333333333333,144753,,2843988057.0,2.0,radar__evaluation,0.0416666666666666,6,144,84,2,0.0238095238095238,22,4,0.1818181818181818,,,,,2.5485149145354207,d3_oof,0,complete,results/per_dataset_study/passive_detectors/runs/radar/d3_oof/radar__evaluation__splice__moderate__a2
radar,3,2,splice,moderate,radar__evaluation__splice__moderate__a2,False,0.02857142857142857,0.3333333333333333,144753,,2843988057.0,2.0,radar__evaluation,0.75,108,144,84,71,0.8452380952380952,22,13,0.5909090909090909,,,,,0.3515079114924666,hddm_w,0,complete,results/per_dataset_study/passive_detectors/runs/radar/hddm_w/radar__evaluation__splice__moderate__a2
radar,3,2,splice,moderate,radar__evaluation__splice__moderate__a2,False,0.02857142857142857,0.3333333333333333,144753,,2843988057.0,2.0,radar__evaluation,0.1111111111111111,16,144,84,9,0.1071428571428571,22,2,0.0909090909090909,,,,,0.0748630123459531,hellinger,0,complete,results/per_dataset_study/passive_detectors/runs/radar/hellinger/radar__evaluation__splice__moderate__a2
radar,3,2,splice,severe,radar__evaluation__splice__severe__a2,False,0.02857142857142857,0.3333333333333333,144753,,1638213230.0,2.0,radar__evaluation,0.8472222222222222,122,144,118,104,0.8813559322033898,0,0,,,,,,0.0164589578283291,adwin,0,complete,results/per_dataset_study/passive_detectors/runs/radar/adwin/radar__evaluation__splice__severe__a2
radar,3,2,splice,severe,radar__evaluation__splice__severe__a2,False,0.02857142857142857,0.3333333333333333,144753,,1638213230.0,2.0,radar__evaluation,0.0347222222222222,5,144,118,5,0.0423728813559322,0,0,,,,,,2.6154943828298713,d3_oof,0,complete,results/per_dataset_study/passive_detectors/runs/radar/d3_oof/radar__evaluation__splice__severe__a2
radar,3,2,splice,severe,radar__evaluation__splice__severe__a2,False,0.02857142857142857,0.3333333333333333,144753,,1638213230.0,2.0,radar__evaluation,0.7777777777777778,112,144,118,97,0.8220338983050848,0,0,,,,,,0.3651682838647814,hddm_w,0,complete,results/per_dataset_study/passive_detectors/runs/radar/hddm_w/radar__evaluation__splice__severe__a2
radar,3,2,splice,severe,radar__evaluation__splice__severe__a2,False,0.02857142857142857,0.3333333333333333,144753,,1638213230.0,2.0,radar__evaluation,0.0694444444444444,10,144,118,8,0.0677966101694915,0,0,,,,,,0.0758541625505518,hellinger,0,complete,results/per_dataset_study/passive_detectors/runs/radar/hellinger/radar__evaluation__splice__severe__a2
radar,4,3,clean,none,radar__evaluation__clean__none__aNone,True,0.02857142857142857,0.3333333333333333,144753,,,,radar__evaluation,0.7152777777777778,103,144,0,0,,144,103,0.7152777777777778,,,,,0.0254415812067698,adwin,0,complete,results/per_dataset_study/passive_detectors/runs/radar/adwin/radar__evaluation__clean__none__aNone
radar,4,3,clean,none,radar__evaluation__clean__none__aNone,True,0.02857142857142857,0.3333333333333333,144753,,,,radar__evaluation,0.0416666666666666,6,144,0,0,,144,6,0.0416666666666666,,,,,2.3044880492805464,d3_oof,0,complete,results/per_dataset_study/passive_detectors/runs/radar/d3_oof/radar__evaluation__clean__none__aNone
radar,4,3,clean,none,radar__evaluation__clean__none__aNone,True,0.02857142857142857,0.3333333333333333,144753,,,,radar__evaluation,0.5763888888888888,83,144,0,0,,144,83,0.5763888888888888,,,,,0.2898450284180473,hddm_w,0,complete,results/per_dataset_study/passive_detectors/runs/radar/hddm_w/radar__evaluation__clean__none__aNone
radar,4,3,clean,none,radar__evaluation__clean__none__aNone,True,0.02857142857142857,0.3333333333333333,144753,,,,radar__evaluation,0.1111111111111111,16,144,0,0,,144,16,0.1111111111111111,,,,,0.0834510055127447,hellinger,0,complete,results/per_dataset_study/passive_detectors/runs/radar/hellinger/radar__evaluation__clean__none__aNone
radar,4,3,instance,moderate,radar__evaluation__instance__moderate__a3,False,0.02857142857142857,0.3333333333333333,144753,,3627463518.0,3.0,radar__evaluation,0.6875,99,144,144,99,0.6875,0,0,,,,,,0.0171142711456861,adwin,0,complete,results/per_dataset_study/passive_detectors/runs/radar/adwin/radar__evaluation__instance__moderate__a3
radar,4,3,instance,moderate,radar__evaluation__instance__moderate__a3,False,0.02857142857142857,0.3333333333333333,144753,,3627463518.0,3.0,radar__evaluation,0.0416666666666666,6,144,144,6,0.0416666666666666,0,0,,,,,,2.295341230982685,d3_oof,0,complete,results/per_dataset_study/passive_detectors/runs/radar/d3_oof/radar__evaluation__instance__moderate__a3
radar,4,3,instance,moderate,radar__evaluation__instance__moderate__a3,False,0.02857142857142857,0.3333333333333333,144753,,3627463518.0,3.0,radar__evaluation,0.5208333333333334,75,144,144,75,0.5208333333333334,0,0,,,,,,0.1639668400524094,hddm_w,0,complete,results/per_dataset_study/passive_detectors/runs/radar/hddm_w/radar__evaluation__instance__moderate__a3
radar,4,3,instance,moderate,radar__evaluation__instance__moderate__a3,False,0.02857142857142857,0.3333333333333333,144753,,3627463518.0,3.0,radar__evaluation,0.1111111111111111,16,144,144,16,0.1111111111111111,0,0,,,,,,0.0725999929429301,hellinger,0,complete,results/per_dataset_study/passive_detectors/runs/radar/hellinger/radar__evaluation__instance__moderate__a3
radar,4,3,instance,severe,radar__evaluation__instance__severe__a3,False,0.02857142857142857,0.3333333333333333,144753,,4183855161.0,3.0,radar__evaluation,0.6597222222222222,95,144,144,95,0.6597222222222222,0,0,,,,,,0.0161409124325499,adwin,0,complete,results/per_dataset_study/passive_detectors/runs/radar/adwin/radar__evaluation__instance__severe__a3
radar,4,3,instance,severe,radar__evaluation__instance__severe__a3,False,0.02857142857142857,0.3333333333333333,144753,,4183855161.0,3.0,radar__evaluation,0.0416666666666666,6,144,144,6,0.0416666666666666,0,0,,,,,,2.2162867982427064,d3_oof,0,complete,results/per_dataset_study/passive_detectors/runs/radar/d3_oof/radar__evaluation__instance__severe__a3
radar,4,3,instance,severe,radar__evaluation__instance__severe__a3,False,0.02857142857142857,0.3333333333333333,144753,,4183855161.0,3.0,radar__evaluation,0.5625,81,144,144,81,0.5625,0,0,,,,,,0.1696623151720016,hddm_w,0,complete,results/per_dataset_study/passive_detectors/runs/radar/hddm_w/radar__evaluation__instance__severe__a3
radar,4,3,instance,severe,radar__evaluation__instance__severe__a3,False,0.02857142857142857,0.3333333333333333,144753,,4183855161.0,3.0,radar__evaluation,0.1111111111111111,16,144,144,16,0.1111111111111111,0,0,,,,,,0.0740795740760504,hellinger,0,complete,results/per_dataset_study/passive_detectors/runs/radar/hellinger/radar__evaluation__instance__severe__a3
radar,4,3,concept,moderate,radar__evaluation__concept__moderate__a3,False,0.02857142857142857,0.3333333333333333,144753,,510794814.0,3.0,radar__evaluation,0.8333333333333334,120,144,82,79,0.9634146341463414,12,10,0.8333333333333334,,,,,0.0163311483366719,adwin,0,complete,results/per_dataset_study/passive_detectors/runs/radar/adwin/radar__evaluation__concept__moderate__a3
radar,4,3,concept,moderate,radar__evaluation__concept__moderate__a3,False,0.02857142857142857,0.3333333333333333,144753,,510794814.0,3.0,radar__evaluation,0.0347222222222222,5,144,82,3,0.0365853658536585,12,1,0.0833333333333333,,,,,1.6644940030688316,d3_oof,0,complete,results/per_dataset_study/passive_detectors/runs/radar/d3_oof/radar__evaluation__concept__moderate__a3
radar,4,3,concept,moderate,radar__evaluation__concept__moderate__a3,False,0.02857142857142857,0.3333333333333333,144753,,510794814.0,3.0,radar__evaluation,0.7013888888888888,101,144,82,66,0.8048780487804879,12,8,0.6666666666666666,,,,,0.3140951274004675,hddm_w,0,complete,results/per_dataset_study/passive_detectors/runs/radar/hddm_w/radar__evaluation__concept__moderate__a3
radar,4,3,concept,moderate,radar__evaluation__concept__moderate__a3,False,0.02857142857142857,0.3333333333333333,144753,,510794814.0,3.0,radar__evaluation,0.0833333333333333,12,144,82,6,0.073170731707317,12,1,0.0833333333333333,,,,,0.0769078230693546,hellinger,0,complete,results/per_dataset_study/passive_detectors/runs/radar/hellinger/radar__evaluation__concept__moderate__a3
radar,4,3,concept,severe,radar__evaluation__concept__severe__a3,False,0.02857142857142857,0.3333333333333333,144753,,3335947267.0,3.0,radar__evaluation,0.9027777777777778,130,144,112,107,0.9553571428571428,2,2,1.0,,,,,0.0162257680538664,adwin,0,complete,results/per_dataset_study/passive_detectors/runs/radar/adwin/radar__evaluation__concept__severe__a3
radar,4,3,concept,severe,radar__evaluation__concept__severe__a3,False,0.02857142857142857,0.3333333333333333,144753,,3335947267.0,3.0,radar__evaluation,0.0416666666666666,6,144,112,4,0.0357142857142857,2,0,0.0,,,,,1.3862133765658269,d3_oof,0,complete,results/per_dataset_study/passive_detectors/runs/radar/d3_oof/radar__evaluation__concept__severe__a3
radar,4,3,concept,severe,radar__evaluation__concept__severe__a3,False,0.02857142857142857,0.3333333333333333,144753,,3335947267.0,3.0,radar__evaluation,0.7847222222222222,113,144,112,94,0.8392857142857143,2,2,1.0,,,,,0.3109263152161289,hddm_w,0,complete,results/per_dataset_study/passive_detectors/runs/radar/hddm_w/radar__evaluation__concept__severe__a3
radar,4,3,concept,severe,radar__evaluation__concept__severe__a3,False,0.02857142857142857,0.3333333333333333,144753,,3335947267.0,3.0,radar__evaluation,0.0555555555555555,8,144,112,7,0.0625,2,0,0.0,,,,,0.0778085497780084,hellinger,0,complete,results/per_dataset_study/passive_detectors/runs/radar/hellinger/radar__evaluation__concept__severe__a3
radar,4,3,splice,moderate,radar__evaluation__splice__moderate__a3,False,0.02857142857142857,0.3333333333333333,144753,,3964723791.0,3.0,radar__evaluation,0.8402777777777778,121,144,86,78,0.9069767441860463,17,12,0.7058823529411765,,,,,0.0173916065450275,adwin,0,complete,results/per_dataset_study/passive_detectors/runs/radar/adwin/radar__evaluation__splice__moderate__a3
radar,4,3,splice,moderate,radar__evaluation__splice__moderate__a3,False,0.02857142857142857,0.3333333333333333,144753,,3964723791.0,3.0,radar__evaluation,0.0416666666666666,6,144,86,3,0.0348837209302325,17,1,0.0588235294117647,,,,,2.561932134701484,d3_oof,0,complete,results/per_dataset_study/passive_detectors/runs/radar/d3_oof/radar__evaluation__splice__moderate__a3
radar,4,3,splice,moderate,radar__evaluation__splice__moderate__a3,False,0.02857142857142857,0.3333333333333333,144753,,3964723791.0,3.0,radar__evaluation,0.7152777777777778,103,144,86,68,0.7906976744186046,17,9,0.5294117647058824,,,,,0.3354167045170809,hddm_w,0,complete,results/per_dataset_study/passive_detectors/runs/radar/hddm_w/radar__evaluation__splice__moderate__a3
radar,4,3,splice,moderate,radar__evaluation__splice__moderate__a3,False,0.02857142857142857,0.3333333333333333,144753,,3964723791.0,3.0,radar__evaluation,0.0347222222222222,5,144,86,2,0.0232558139534883,17,2,0.1176470588235294,,,,,0.0757215483221556,hellinger,0,complete,results/per_dataset_study/passive_detectors/runs/radar/hellinger/radar__evaluation__splice__moderate__a3
radar,4,3,splice,severe,radar__evaluation__splice__severe__a3,False,0.02857142857142857,0.3333333333333333,144753,,2515960843.0,3.0,radar__evaluation,0.8541666666666666,123,144,117,108,0.9230769230769232,0,0,,,,,,0.0164696358275508,adwin,0,complete,results/per_dataset_study/passive_detectors/runs/radar/adwin/radar__evaluation__splice__severe__a3
radar,4,3,splice,severe,radar__evaluation__splice__severe__a3,False,0.02857142857142857,0.3333333333333333,144753,,2515960843.0,3.0,radar__evaluation,0.0277777777777777,4,144,117,2,0.017094017094017,0,0,,,,,,2.572801885326379,d3_oof,0,complete,results/per_dataset_study/passive_detectors/runs/radar/d3_oof/radar__evaluation__splice__severe__a3
radar,4,3,splice,severe,radar__evaluation__splice__severe__a3,False,0.02857142857142857,0.3333333333333333,144753,,2515960843.0,3.0,radar__evaluation,0.7638888888888888,110,144,117,99,0.8461538461538461,0,0,,,,,,0.3596757061314883,hddm_w,0,complete,results/per_dataset_study/passive_detectors/runs/radar/hddm_w/radar__evaluation__splice__severe__a3
radar,4,3,splice,severe,radar__evaluation__splice__severe__a3,False,0.02857142857142857,0.3333333333333333,144753,,2515960843.0,3.0,radar__evaluation,0.0694444444444444,10,144,117,7,0.0598290598290598,0,0,,,,,,0.0772953486755514,hellinger,0,complete,results/per_dataset_study/passive_detectors/runs/radar/hellinger/radar__evaluation__splice__severe__a3
radar,5,4,clean,none,radar__evaluation__clean__none__aNone,True,0.02857142857142857,0.3333333333333333,144753,,,,radar__evaluation,0.7152777777777778,103,144,0,0,,144,103,0.7152777777777778,,,,,0.0254415812067698,adwin,0,complete,results/per_dataset_study/passive_detectors/runs/radar/adwin/radar__evaluation__clean__none__aNone
radar,5,4,clean,none,radar__evaluation__clean__none__aNone,True,0.02857142857142857,0.3333333333333333,144753,,,,radar__evaluation,0.0416666666666666,6,144,0,0,,144,6,0.0416666666666666,,,,,2.3044880492805464,d3_oof,0,complete,results/per_dataset_study/passive_detectors/runs/radar/d3_oof/radar__evaluation__clean__none__aNone
radar,5,4,clean,none,radar__evaluation__clean__none__aNone,True,0.02857142857142857,0.3333333333333333,144753,,,,radar__evaluation,0.5763888888888888,83,144,0,0,,144,83,0.5763888888888888,,,,,0.2898450284180473,hddm_w,0,complete,results/per_dataset_study/passive_detectors/runs/radar/hddm_w/radar__evaluation__clean__none__aNone
radar,5,4,clean,none,radar__evaluation__clean__none__aNone,True,0.02857142857142857,0.3333333333333333,144753,,,,radar__evaluation,0.1111111111111111,16,144,0,0,,144,16,0.1111111111111111,,,,,0.0834510055127447,hellinger,0,complete,results/per_dataset_study/passive_detectors/runs/radar/hellinger/radar__evaluation__clean__none__aNone
radar,5,4,instance,moderate,radar__evaluation__instance__moderate__a4,False,0.02857142857142857,0.3333333333333333,144753,,2006973868.0,4.0,radar__evaluation,0.6597222222222222,95,144,144,95,0.6597222222222222,0,0,,,,,,0.0159614715437344,adwin,0,complete,results/per_dataset_study/passive_detectors/runs/radar/adwin/radar__evaluation__instance__moderate__a4
radar,5,4,instance,moderate,radar__evaluation__instance__moderate__a4,False,0.02857142857142857,0.3333333333333333,144753,,2006973868.0,4.0,radar__evaluation,0.0416666666666666,6,144,144,6,0.0416666666666666,0,0,,,,,,2.281636795861832,d3_oof,0,complete,results/per_dataset_study/passive_detectors/runs/radar/d3_oof/radar__evaluation__instance__moderate__a4
radar,5,4,instance,moderate,radar__evaluation__instance__moderate__a4,False,0.02857142857142857,0.3333333333333333,144753,,2006973868.0,4.0,radar__evaluation,0.5208333333333334,75,144,144,75,0.5208333333333334,0,0,,,,,,0.1755872056740394,hddm_w,0,complete,results/per_dataset_study/passive_detectors/runs/radar/hddm_w/radar__evaluation__instance__moderate__a4
radar,5,4,instance,moderate,radar__evaluation__instance__moderate__a4,False,0.02857142857142857,0.3333333333333333,144753,,2006973868.0,4.0,radar__evaluation,0.1111111111111111,16,144,144,16,0.1111111111111111,0,0,,,,,,0.0729118746873412,hellinger,0,complete,results/per_dataset_study/passive_detectors/runs/radar/hellinger/radar__evaluation__instance__moderate__a4
radar,5,4,instance,severe,radar__evaluation__instance__severe__a4,False,0.02857142857142857,0.3333333333333333,144753,,1699676806.0,4.0,radar__evaluation,0.6805555555555556,98,144,144,98,0.6805555555555556,0,0,,,,,,0.016060631697821,adwin,0,complete,results/per_dataset_study/passive_detectors/runs/radar/adwin/radar__evaluation__instance__severe__a4
radar,5,4,instance,severe,radar__evaluation__instance__severe__a4,False,0.02857142857142857,0.3333333333333333,144753,,1699676806.0,4.0,radar__evaluation,0.0416666666666666,6,144,144,6,0.0416666666666666,0,0,,,,,,2.2238855719300874,d3_oof,0,complete,results/per_dataset_study/passive_detectors/runs/radar/d3_oof/radar__evaluation__instance__severe__a4
radar,5,4,instance,severe,radar__evaluation__instance__severe__a4,False,0.02857142857142857,0.3333333333333333,144753,,1699676806.0,4.0,radar__evaluation,0.5763888888888888,83,144,144,83,0.5763888888888888,0,0,,,,,,0.1667311190865395,hddm_w,0,complete,results/per_dataset_study/passive_detectors/runs/radar/hddm_w/radar__evaluation__instance__severe__a4
radar,5,4,instance,severe,radar__evaluation__instance__severe__a4,False,0.02857142857142857,0.3333333333333333,144753,,1699676806.0,4.0,radar__evaluation,0.1111111111111111,16,144,144,16,0.1111111111111111,0,0,,,,,,0.0738157108270201,hellinger,0,complete,results/per_dataset_study/passive_detectors/runs/radar/hellinger/radar__evaluation__instance__severe__a4
radar,5,4,concept,moderate,radar__evaluation__concept__moderate__a4,False,0.02857142857142857,0.3333333333333333,144753,,342140863.0,4.0,radar__evaluation,0.9236111111111112,133,144,84,84,1.0,19,17,0.8947368421052632,,,,,0.0162071170571445,adwin,0,complete,results/per_dataset_study/passive_detectors/runs/radar/adwin/radar__evaluation__concept__moderate__a4
radar,5,4,concept,moderate,radar__evaluation__concept__moderate__a4,False,0.02857142857142857,0.3333333333333333,144753,,342140863.0,4.0,radar__evaluation,0.0416666666666666,6,144,84,2,0.0238095238095238,19,0,0.0,,,,,1.7349679273084762,d3_oof,0,complete,results/per_dataset_study/passive_detectors/runs/radar/d3_oof/radar__evaluation__concept__moderate__a4
radar,5,4,concept,moderate,radar__evaluation__concept__moderate__a4,False,0.02857142857142857,0.3333333333333333,144753,,342140863.0,4.0,radar__evaluation,0.7430555555555556,107,144,84,73,0.8690476190476191,19,13,0.6842105263157895,,,,,0.3090139487060011,hddm_w,0,complete,results/per_dataset_study/passive_detectors/runs/radar/hddm_w/radar__evaluation__concept__moderate__a4
radar,5,4,concept,moderate,radar__evaluation__concept__moderate__a4,False,0.02857142857142857,0.3333333333333333,144753,,342140863.0,4.0,radar__evaluation,0.0625,9,144,84,5,0.0595238095238095,19,0,0.0,,,,,0.0761981637224123,hellinger,0,complete,results/per_dataset_study/passive_detectors/runs/radar/hellinger/radar__evaluation__concept__moderate__a4
radar,5,4,concept,severe,radar__evaluation__concept__severe__a4,False,0.02857142857142857,0.3333333333333333,144753,,948131781.0,4.0,radar__evaluation,0.9097222222222222,131,144,114,110,0.9649122807017544,2,1,0.5,,,,,0.0163894711237197,adwin,0,complete,results/per_dataset_study/passive_detectors/runs/radar/adwin/radar__evaluation__concept__severe__a4
radar,5,4,concept,severe,radar__evaluation__concept__severe__a4,False,0.02857142857142857,0.3333333333333333,144753,,948131781.0,4.0,radar__evaluation,0.0277777777777777,4,144,114,4,0.0350877192982456,2,0,0.0,,,,,1.4353745684360844,d3_oof,0,complete,results/per_dataset_study/passive_detectors/runs/radar/d3_oof/radar__evaluation__concept__severe__a4
radar,5,4,concept,severe,radar__evaluation__concept__severe__a4,False,0.02857142857142857,0.3333333333333333,144753,,948131781.0,4.0,radar__evaluation,0.7638888888888888,110,144,114,94,0.8245614035087719,2,0,0.0,,,,,0.3110764032835608,hddm_w,0,complete,results/per_dataset_study/passive_detectors/runs/radar/hddm_w/radar__evaluation__concept__severe__a4
radar,5,4,concept,severe,radar__evaluation__concept__severe__a4,False,0.02857142857142857,0.3333333333333333,144753,,948131781.0,4.0,radar__evaluation,0.0902777777777777,13,144,114,8,0.0701754385964912,2,0,0.0,,,,,0.0772636228202429,hellinger,0,complete,results/per_dataset_study/passive_detectors/runs/radar/hellinger/radar__evaluation__concept__severe__a4
radar,5,4,splice,moderate,radar__evaluation__splice__moderate__a4,False,0.02857142857142857,0.3333333333333333,144753,,216158045.0,4.0,radar__evaluation,0.8541666666666666,123,144,83,75,0.9036144578313252,12,9,0.75,,,,,0.0166140521736056,adwin,0,complete,results/per_dataset_study/passive_detectors/runs/radar/adwin/radar__evaluation__splice__moderate__a4
radar,5,4,splice,moderate,radar__evaluation__splice__moderate__a4,False,0.02857142857142857,0.3333333333333333,144753,,216158045.0,4.0,radar__evaluation,0.0347222222222222,5,144,83,1,0.0120481927710843,12,0,0.0,,,,,2.5767542559734307,d3_oof,0,complete,results/per_dataset_study/passive_detectors/runs/radar/d3_oof/radar__evaluation__splice__moderate__a4
radar,5,4,splice,moderate,radar__evaluation__splice__moderate__a4,False,0.02857142857142857,0.3333333333333333,144753,,216158045.0,4.0,radar__evaluation,0.7083333333333334,102,144,83,70,0.8433734939759037,12,7,0.5833333333333334,,,,,0.3426110290364156,hddm_w,0,complete,results/per_dataset_study/passive_detectors/runs/radar/hddm_w/radar__evaluation__splice__moderate__a4
radar,5,4,splice,moderate,radar__evaluation__splice__moderate__a4,False,0.02857142857142857,0.3333333333333333,144753,,216158045.0,4.0,radar__evaluation,0.0972222222222222,14,144,83,11,0.1325301204819277,12,0,0.0,,,,,0.073083775719123,hellinger,0,complete,results/per_dataset_study/passive_detectors/runs/radar/hellinger/radar__evaluation__splice__moderate__a4
radar,5,4,splice,severe,radar__evaluation__splice__severe__a4,False,0.02857142857142857,0.3333333333333333,144753,,2498603841.0,4.0,radar__evaluation,0.875,126,144,113,99,0.8761061946902655,1,1,1.0,,,,,0.0165956042259284,adwin,0,complete,results/per_dataset_study/passive_detectors/runs/radar/adwin/radar__evaluation__splice__severe__a4
radar,5,4,splice,severe,radar__evaluation__splice__severe__a4,False,0.02857142857142857,0.3333333333333333,144753,,2498603841.0,4.0,radar__evaluation,0.0347222222222222,5,144,113,4,0.0353982300884955,1,0,0.0,,,,,2.557764574671281,d3_oof,0,complete,results/per_dataset_study/passive_detectors/runs/radar/d3_oof/radar__evaluation__splice__severe__a4
radar,5,4,splice,severe,radar__evaluation__splice__severe__a4,False,0.02857142857142857,0.3333333333333333,144753,,2498603841.0,4.0,radar__evaluation,0.75,108,144,113,89,0.7876106194690266,1,0,0.0,,,,,0.3551153529818507,hddm_w,0,complete,results/per_dataset_study/passive_detectors/runs/radar/hddm_w/radar__evaluation__splice__severe__a4
radar,5,4,splice,severe,radar__evaluation__splice__severe__a4,False,0.02857142857142857,0.3333333333333333,144753,,2498603841.0,4.0,radar__evaluation,0.0694444444444444,10,144,113,9,0.079646017699115,1,0,0.0,,,,,0.0766742871725723,hellinger,0,complete,results/per_dataset_study/passive_detectors/runs/radar/hellinger/radar__evaluation__splice__severe__a4
