rows,training_visits,accepted_training_visits,accepted_refit_rows,resets,seconds,pending_candidate,audit_rows_reserved,policy,guarded,host_n,host_accuracy,host_macro_f1,poison_rows,poison_rows_admitted,poison_admission_rate,clean_rows,clean_rows_withheld,clean_withhold_rate,malicious_recall,benign_fpr,condition,stream,mode,level,base_seed,arm,detector,feedback_fraction,delay_blocks,no_feedback_blocks,status,host_macro_f1_reference,host_accuracy_reference,poison_admission_rate_reference,clean_withhold_rate_reference,resets_reference,training_visits_reference,seconds_reference,malicious_recall_reference,benign_fpr_reference,host_macro_f1_difference,host_accuracy_difference,poison_admission_rate_difference,clean_withhold_rate_difference,resets_difference,training_visits_difference,seconds_difference,malicious_recall_difference,benign_fpr_difference
12000,11400,7600,0,0,0.1534223339986056,False,600,none,True,10450,0.8836363636363637,0.8696778970751573,0,0,,10450,3800,0.36363636363636365,,,SEA_A__s9917__clean__none,SEA_A,clean,none,9917.0,no_reset,adwin,0.05,1,0,complete,0.8644455039562979,0.8795215311004785,,0.45454545454545453,0,13300,0.16527987500012387,,,0.005232393118859369,0.004114832535885182,,-0.09090909090909088,0,-1900,-0.011857541001518257,,
12000,11400,7600,0,0,0.15180616699217353,False,600,none,True,10450,0.8869856459330143,0.8761651786108928,0,0,,10450,3800,0.36363636363636365,,,SEA_A__s9917__clean__none,SEA_A,clean,none,9917.0,no_reset,adwin,0.01,5,4,complete,0.8614834935393795,0.8745454545454545,,0.36363636363636365,1,13300,0.16146245900017675,,,0.01468168507151335,0.012440191387559807,,0.0,-1,-1900,-0.00965629200800322,,
12000,13300,9500,2850,1,0.16146245900017675,False,600,confirmed,True,10450,0.8745454545454545,0.8614834935393795,0,0,,10450,3800,0.36363636363636365,,,SEA_A__s9917__clean__none,SEA_A,clean,none,9917.0,confirmed,adwin,0.01,5,4,complete,0.8614834935393795,0.8745454545454545,,0.36363636363636365,1,13300,0.16146245900017675,,,0.0,0.0,,0.0,0,0,0.0,,
12000,13300,6650,0,0,0.16527987500012387,True,600,confirmed,True,10450,0.8795215311004785,0.8644455039562979,0,0,,10450,4750,0.45454545454545453,,,SEA_A__s9917__clean__none,SEA_A,clean,none,9917.0,confirmed,adwin,0.05,1,0,complete,0.8644455039562979,0.8795215311004785,,0.45454545454545453,0,13300,0.16527987500012387,,,0.0,0.0,,0.0,0,0,0.0,,
12000,11400,7600,1900,2,0.13224858400644735,False,600,rl,True,10450,0.8864114832535885,0.8729015939580664,0,0,,10450,3800,0.36363636363636365,,,SEA_A__s9917__clean__none,SEA_A,clean,none,9917.0,error_rule,adwin,0.05,1,0,complete,0.8644455039562979,0.8795215311004785,,0.45454545454545453,0,13300,0.16527987500012387,,,0.008456090001768501,0.006889952153110057,,-0.09090909090909088,2,-1900,-0.03303129099367652,,
12000,11400,5700,950,1,0.1293362089927541,False,600,rl,True,10450,0.8916746411483254,0.8801696017385143,0,0,,10450,5700,0.5454545454545454,,,SEA_A__s9917__clean__none,SEA_A,clean,none,9917.0,error_rule,adwin,0.01,5,4,complete,0.8614834935393795,0.8745454545454545,,0.36363636363636365,1,13300,0.16146245900017675,,,0.018686108199134854,0.017129186602870883,,0.18181818181818177,0,-1900,-0.03212625000742264,,
12000,11400,6650,0,0,0.13470933299686294,False,600,rl,True,10450,0.8795215311004785,0.8644455039562979,0,0,,10450,4750,0.45454545454545453,,,SEA_A__s9917__clean__none,SEA_A,clean,none,9917.0,selected_map,adwin,0.05,1,0,complete,0.8644455039562979,0.8795215311004785,,0.45454545454545453,0,13300,0.16527987500012387,,,0.0,0.0,,0.0,0,-1900,-0.030570542003260925,,
12000,11400,7600,0,0,0.13204545799817424,False,600,rl,True,10450,0.8869856459330143,0.8761651786108928,0,0,,10450,3800,0.36363636363636365,,,SEA_A__s9917__clean__none,SEA_A,clean,none,9917.0,selected_map,adwin,0.01,5,4,complete,0.8614834935393795,0.8745454545454545,,0.36363636363636365,1,13300,0.16146245900017675,,,0.01468168507151335,0.012440191387559807,,0.0,-1,-1900,-0.029417001002002507,,
12000,11400,7600,0,0,0.13451370800612494,False,600,rl,True,10450,0.8869856459330143,0.8761651786108928,0,0,,10450,3800,0.36363636363636365,,,SEA_A__s9917__clean__none,SEA_A,clean,none,9917.0,q_alarm_7,adwin,0.01,5,4,complete,0.8614834935393795,0.8745454545454545,,0.36363636363636365,1,13300,0.16146245900017675,,,0.01468168507151335,0.012440191387559807,,0.0,-1,-1900,-0.026948750994051807,,
12000,11400,7600,0,0,0.13435504199878778,False,600,rl,True,10450,0.8869856459330143,0.8761651786108928,0,0,,10450,3800,0.36363636363636365,,,SEA_A__s9917__clean__none,SEA_A,clean,none,9917.0,q_alarm_persistence_7,adwin,0.01,5,4,complete,0.8614834935393795,0.8745454545454545,,0.36363636363636365,1,13300,0.16146245900017675,,,0.01468168507151335,0.012440191387559807,,0.0,-1,-1900,-0.027107417001388967,,
12000,11400,7600,0,0,0.14028929200139828,False,600,rl,True,10450,0.8836363636363637,0.8696778970751573,0,0,,10450,3800,0.36363636363636365,,,SEA_A__s9917__clean__none,SEA_A,clean,none,9917.0,q_alarm_7,adwin,0.05,1,0,complete,0.8644455039562979,0.8795215311004785,,0.45454545454545453,0,13300,0.16527987500012387,,,0.005232393118859369,0.004114832535885182,,-0.09090909090909088,0,-1900,-0.024990582998725586,,
12000,11400,7600,0,0,0.138344708000659,False,600,rl,True,10450,0.8836363636363637,0.8696778970751573,0,0,,10450,3800,0.36363636363636365,,,SEA_A__s9917__clean__none,SEA_A,clean,none,9917.0,q_alarm_persistence_7,adwin,0.05,1,0,complete,0.8644455039562979,0.8795215311004785,,0.45454545454545453,0,13300,0.16527987500012387,,,0.005232393118859369,0.004114832535885182,,-0.09090909090909088,0,-1900,-0.026935166999464855,,
12000,11400,7600,0,0,0.14273374999174848,False,600,none,True,10450,0.8869856459330143,0.8761651786108928,0,0,,10450,3800,0.36363636363636365,,,SEA_A__s9917__clean__none,SEA_A,clean,none,9917.0,no_reset,hddm_w,0.01,5,4,complete,0.8761651786108928,0.8869856459330143,,0.36363636363636365,0,11400,0.15469062500051223,,,0.0,0.0,,0.0,0,0,-0.011956875008763745,,
12000,11400,7600,0,0,0.1484426670067478,False,600,none,True,10450,0.8836363636363637,0.8696778970751573,0,0,,10450,3800,0.36363636363636365,,,SEA_A__s9917__clean__none,SEA_A,clean,none,9917.0,no_reset,hddm_w,0.05,1,0,complete,0.8696778970751573,0.8836363636363637,,0.36363636363636365,0,11400,0.16128641700197477,,,0.0,0.0,,0.0,0,0,-0.012843749995226972,,
12000,11400,7600,0,0,0.15469062500051223,False,600,confirmed,True,10450,0.8869856459330143,0.8761651786108928,0,0,,10450,3800,0.36363636363636365,,,SEA_A__s9917__clean__none,SEA_A,clean,none,9917.0,confirmed,hddm_w,0.01,5,4,complete,0.8761651786108928,0.8869856459330143,,0.36363636363636365,0,11400,0.15469062500051223,,,0.0,0.0,,0.0,0,0,0.0,,
12000,11400,7600,0,0,0.16128641700197477,False,600,confirmed,True,10450,0.8836363636363637,0.8696778970751573,0,0,,10450,3800,0.36363636363636365,,,SEA_A__s9917__clean__none,SEA_A,clean,none,9917.0,confirmed,hddm_w,0.05,1,0,complete,0.8696778970751573,0.8836363636363637,,0.36363636363636365,0,11400,0.16128641700197477,,,0.0,0.0,,0.0,0,0,0.0,,
12000,11400,5700,950,1,0.15175662499677856,False,600,rl,True,10450,0.8916746411483254,0.8801696017385143,0,0,,10450,5700,0.5454545454545454,,,SEA_A__s9917__clean__none,SEA_A,clean,none,9917.0,error_rule,hddm_w,0.01,5,4,complete,0.8761651786108928,0.8869856459330143,,0.36363636363636365,0,11400,0.15469062500051223,,,0.004004423127621504,0.004688995215311076,,0.18181818181818177,1,0,-0.002934000003733672,,
12000,11400,7600,1900,2,0.15623875000164844,False,600,rl,True,10450,0.8864114832535885,0.8729015939580664,0,0,,10450,3800,0.36363636363636365,,,SEA_A__s9917__clean__none,SEA_A,clean,none,9917.0,error_rule,hddm_w,0.05,1,0,complete,0.8696778970751573,0.8836363636363637,,0.36363636363636365,0,11400,0.16128641700197477,,,0.003223696882909133,0.002775119617224875,,0.0,2,0,-0.005047667000326328,,
12000,11400,7600,0,0,0.15916637500049546,False,600,rl,True,10450,0.8836363636363637,0.8696778970751573,0,0,,10450,3800,0.36363636363636365,,,SEA_A__s9917__clean__none,SEA_A,clean,none,9917.0,selected_map,hddm_w,0.05,1,0,complete,0.8696778970751573,0.8836363636363637,,0.36363636363636365,0,11400,0.16128641700197477,,,0.0,0.0,,0.0,0,0,-0.0021200420014793053,,
12000,11400,7600,0,0,0.1552534160000505,False,600,rl,True,10450,0.8869856459330143,0.8761651786108928,0,0,,10450,3800,0.36363636363636365,,,SEA_A__s9917__clean__none,SEA_A,clean,none,9917.0,selected_map,hddm_w,0.01,5,4,complete,0.8761651786108928,0.8869856459330143,,0.36363636363636365,0,11400,0.15469062500051223,,,0.0,0.0,,0.0,0,0,0.0005627909995382652,,
12000,11400,7600,0,0,0.15319949999684468,False,600,rl,True,10450,0.8869856459330143,0.8761651786108928,0,0,,10450,3800,0.36363636363636365,,,SEA_A__s9917__clean__none,SEA_A,clean,none,9917.0,q_alarm_7,hddm_w,0.01,5,4,complete,0.8761651786108928,0.8869856459330143,,0.36363636363636365,0,11400,0.15469062500051223,,,0.0,0.0,,0.0,0,0,-0.0014911250036675483,,
12000,11400,7600,0,0,0.15661066699249204,False,600,rl,True,10450,0.8836363636363637,0.8696778970751573,0,0,,10450,3800,0.36363636363636365,,,SEA_A__s9917__clean__none,SEA_A,clean,none,9917.0,q_alarm_7,hddm_w,0.05,1,0,complete,0.8696778970751573,0.8836363636363637,,0.36363636363636365,0,11400,0.16128641700197477,,,0.0,0.0,,0.0,0,0,-0.0046757500094827265,,
12000,11400,7600,0,0,0.15491216599184554,False,600,rl,True,10450,0.8869856459330143,0.8761651786108928,0,0,,10450,3800,0.36363636363636365,,,SEA_A__s9917__clean__none,SEA_A,clean,none,9917.0,q_alarm_persistence_7,hddm_w,0.01,5,4,complete,0.8761651786108928,0.8869856459330143,,0.36363636363636365,0,11400,0.15469062500051223,,,0.0,0.0,,0.0,0,0,0.00022154099133331329,,
12000,11400,7600,0,0,0.1589268749958137,False,600,rl,True,10450,0.8836363636363637,0.8696778970751573,0,0,,10450,3800,0.36363636363636365,,,SEA_A__s9917__clean__none,SEA_A,clean,none,9917.0,q_alarm_persistence_7,hddm_w,0.05,1,0,complete,0.8696778970751573,0.8836363636363637,,0.36363636363636365,0,11400,0.16128641700197477,,,0.0,0.0,,0.0,0,0,-0.002359542006161064,,
12000,11400,7600,0,0,0.1332825419958681,False,600,none,True,10450,0.8869856459330143,0.8761651786108928,0,0,,10450,3800,0.36363636363636365,,,SEA_A__s9917__clean__none,SEA_A,clean,none,9917.0,no_reset,hellinger,0.01,5,4,complete,0.8614834935393795,0.8745454545454545,,0.36363636363636365,1,13300,0.14255429200420622,,,0.01468168507151335,0.012440191387559807,,0.0,-1,-1900,-0.009271750008338131,,
12000,11400,7600,0,0,0.13899487500020768,False,600,none,True,10450,0.8836363636363637,0.8696778970751573,0,0,,10450,3800,0.36363636363636365,,,SEA_A__s9917__clean__none,SEA_A,clean,none,9917.0,no_reset,hellinger,0.05,1,0,complete,0.8644455039562979,0.8795215311004785,,0.45454545454545453,0,13300,0.15076304199465085,,,0.005232393118859369,0.004114832535885182,,-0.09090909090909088,0,-1900,-0.011768166994443163,,
12000,13300,9500,2850,1,0.14255429200420622,False,600,confirmed,True,10450,0.8745454545454545,0.8614834935393795,0,0,,10450,3800,0.36363636363636365,,,SEA_A__s9917__clean__none,SEA_A,clean,none,9917.0,confirmed,hellinger,0.01,5,4,complete,0.8614834935393795,0.8745454545454545,,0.36363636363636365,1,13300,0.14255429200420622,,,0.0,0.0,,0.0,0,0,0.0,,
12000,13300,6650,0,0,0.15076304199465085,False,600,confirmed,True,10450,0.8795215311004785,0.8644455039562979,0,0,,10450,4750,0.45454545454545453,,,SEA_A__s9917__clean__none,SEA_A,clean,none,9917.0,confirmed,hellinger,0.05,1,0,complete,0.8644455039562979,0.8795215311004785,,0.45454545454545453,0,13300,0.15076304199465085,,,0.0,0.0,,0.0,0,0,0.0,,
12000,11400,7600,1900,2,0.12662562499463093,False,600,rl,True,10450,0.8864114832535885,0.8729015939580664,0,0,,10450,3800,0.36363636363636365,,,SEA_A__s9917__clean__none,SEA_A,clean,none,9917.0,error_rule,hellinger,0.05,1,0,complete,0.8644455039562979,0.8795215311004785,,0.45454545454545453,0,13300,0.15076304199465085,,,0.008456090001768501,0.006889952153110057,,-0.09090909090909088,2,-1900,-0.024137417000019923,,
12000,11400,5700,950,1,0.12399875000119209,False,600,rl,True,10450,0.8916746411483254,0.8801696017385143,0,0,,10450,5700,0.5454545454545454,,,SEA_A__s9917__clean__none,SEA_A,clean,none,9917.0,error_rule,hellinger,0.01,5,4,complete,0.8614834935393795,0.8745454545454545,,0.36363636363636365,1,13300,0.14255429200420622,,,0.018686108199134854,0.017129186602870883,,0.18181818181818177,0,-1900,-0.018555542003014125,,
12000,11400,7600,0,0,0.1271041250001872,False,600,rl,True,10450,0.8869856459330143,0.8761651786108928,0,0,,10450,3800,0.36363636363636365,,,SEA_A__s9917__clean__none,SEA_A,clean,none,9917.0,selected_map,hellinger,0.01,5,4,complete,0.8614834935393795,0.8745454545454545,,0.36363636363636365,1,13300,0.14255429200420622,,,0.01468168507151335,0.012440191387559807,,0.0,-1,-1900,-0.015450167004019022,,
12000,11400,7600,0,0,0.13088012499792967,False,600,rl,True,10450,0.8836363636363637,0.8696778970751573,0,0,,10450,3800,0.36363636363636365,,,SEA_A__s9917__clean__none,SEA_A,clean,none,9917.0,selected_map,hellinger,0.05,1,0,complete,0.8644455039562979,0.8795215311004785,,0.45454545454545453,0,13300,0.15076304199465085,,,0.005232393118859369,0.004114832535885182,,-0.09090909090909088,0,-1900,-0.01988291699672118,,
12000,11400,7600,0,0,0.12558729101147037,False,600,rl,True,10450,0.8869856459330143,0.8761651786108928,0,0,,10450,3800,0.36363636363636365,,,SEA_A__s9917__clean__none,SEA_A,clean,none,9917.0,q_alarm_7,hellinger,0.01,5,4,complete,0.8614834935393795,0.8745454545454545,,0.36363636363636365,1,13300,0.14255429200420622,,,0.01468168507151335,0.012440191387559807,,0.0,-1,-1900,-0.016967000992735848,,
12000,11400,7600,0,0,0.12986741701024584,False,600,rl,True,10450,0.8836363636363637,0.8696778970751573,0,0,,10450,3800,0.36363636363636365,,,SEA_A__s9917__clean__none,SEA_A,clean,none,9917.0,q_alarm_7,hellinger,0.05,1,0,complete,0.8644455039562979,0.8795215311004785,,0.45454545454545453,0,13300,0.15076304199465085,,,0.005232393118859369,0.004114832535885182,,-0.09090909090909088,0,-1900,-0.020895624984405003,,
12000,11400,7600,0,0,0.12553325000044424,False,600,rl,True,10450,0.8869856459330143,0.8761651786108928,0,0,,10450,3800,0.36363636363636365,,,SEA_A__s9917__clean__none,SEA_A,clean,none,9917.0,q_alarm_persistence_7,hellinger,0.01,5,4,complete,0.8614834935393795,0.8745454545454545,,0.36363636363636365,1,13300,0.14255429200420622,,,0.01468168507151335,0.012440191387559807,,0.0,-1,-1900,-0.017021042003761977,,
12000,11400,7600,0,0,0.12949700000172015,False,600,rl,True,10450,0.8836363636363637,0.8696778970751573,0,0,,10450,3800,0.36363636363636365,,,SEA_A__s9917__clean__none,SEA_A,clean,none,9917.0,q_alarm_persistence_7,hellinger,0.05,1,0,complete,0.8644455039562979,0.8795215311004785,,0.45454545454545453,0,13300,0.15076304199465085,,,0.005232393118859369,0.004114832535885182,,-0.09090909090909088,0,-1900,-0.021266041992930695,,
12000,11400,7600,0,0,0.12352229199314024,False,600,none,True,10450,0.8869856459330143,0.8761651786108928,0,0,,10450,3800,0.36363636363636365,,,SEA_A__s9917__clean__none,SEA_A,clean,none,9917.0,no_reset,d3_oof,0.01,5,4,complete,0.8761651786108928,0.8869856459330143,,0.36363636363636365,0,11400,0.13665529100399,,,0.0,0.0,,0.0,0,0,-0.013132999010849744,,
12000,11400,7600,0,0,0.12857437500497326,False,600,none,True,10450,0.8836363636363637,0.8696778970751573,0,0,,10450,3800,0.36363636363636365,,,SEA_A__s9917__clean__none,SEA_A,clean,none,9917.0,no_reset,d3_oof,0.05,1,0,complete,0.8696778970751573,0.8836363636363637,,0.36363636363636365,0,11400,0.14118958300969098,,,0.0,0.0,,0.0,0,0,-0.012615208004717715,,
12000,11400,7600,0,0,0.13665529100399,False,600,confirmed,True,10450,0.8869856459330143,0.8761651786108928,0,0,,10450,3800,0.36363636363636365,,,SEA_A__s9917__clean__none,SEA_A,clean,none,9917.0,confirmed,d3_oof,0.01,5,4,complete,0.8761651786108928,0.8869856459330143,,0.36363636363636365,0,11400,0.13665529100399,,,0.0,0.0,,0.0,0,0,0.0,,
12000,11400,7600,0,0,0.14118958300969098,False,600,confirmed,True,10450,0.8836363636363637,0.8696778970751573,0,0,,10450,3800,0.36363636363636365,,,SEA_A__s9917__clean__none,SEA_A,clean,none,9917.0,confirmed,d3_oof,0.05,1,0,complete,0.8696778970751573,0.8836363636363637,,0.36363636363636365,0,11400,0.14118958300969098,,,0.0,0.0,,0.0,0,0,0.0,,
12000,11400,7600,1900,2,0.12883175000024494,False,600,rl,True,10450,0.8864114832535885,0.8729015939580664,0,0,,10450,3800,0.36363636363636365,,,SEA_A__s9917__clean__none,SEA_A,clean,none,9917.0,error_rule,d3_oof,0.05,1,0,complete,0.8696778970751573,0.8836363636363637,,0.36363636363636365,0,11400,0.14118958300969098,,,0.003223696882909133,0.002775119617224875,,0.0,2,0,-0.01235783300944604,,
12000,11400,5700,950,1,0.12713129199983086,False,600,rl,True,10450,0.8916746411483254,0.8801696017385143,0,0,,10450,5700,0.5454545454545454,,,SEA_A__s9917__clean__none,SEA_A,clean,none,9917.0,error_rule,d3_oof,0.01,5,4,complete,0.8761651786108928,0.8869856459330143,,0.36363636363636365,0,11400,0.13665529100399,,,0.004004423127621504,0.004688995215311076,,0.18181818181818177,1,0,-0.009523999004159123,,
12000,11400,7600,0,0,0.13572170899715275,False,600,rl,True,10450,0.8869856459330143,0.8761651786108928,0,0,,10450,3800,0.36363636363636365,,,SEA_A__s9917__clean__none,SEA_A,clean,none,9917.0,selected_map,d3_oof,0.01,5,4,complete,0.8761651786108928,0.8869856459330143,,0.36363636363636365,0,11400,0.13665529100399,,,0.0,0.0,,0.0,0,0,-0.0009335820068372414,,
12000,11400,7600,0,0,0.14015562500571832,False,600,rl,True,10450,0.8836363636363637,0.8696778970751573,0,0,,10450,3800,0.36363636363636365,,,SEA_A__s9917__clean__none,SEA_A,clean,none,9917.0,selected_map,d3_oof,0.05,1,0,complete,0.8696778970751573,0.8836363636363637,,0.36363636363636365,0,11400,0.14118958300969098,,,0.0,0.0,,0.0,0,0,-0.001033958003972657,,
12000,11400,7600,0,0,0.13707633400917985,False,600,rl,True,10450,0.8869856459330143,0.8761651786108928,0,0,,10450,3800,0.36363636363636365,,,SEA_A__s9917__clean__none,SEA_A,clean,none,9917.0,q_alarm_7,d3_oof,0.01,5,4,complete,0.8761651786108928,0.8869856459330143,,0.36363636363636365,0,11400,0.13665529100399,,,0.0,0.0,,0.0,0,0,0.0004210430051898584,,
12000,11400,7600,0,0,0.14032220900116954,False,600,rl,True,10450,0.8836363636363637,0.8696778970751573,0,0,,10450,3800,0.36363636363636365,,,SEA_A__s9917__clean__none,SEA_A,clean,none,9917.0,q_alarm_7,d3_oof,0.05,1,0,complete,0.8696778970751573,0.8836363636363637,,0.36363636363636365,0,11400,0.14118958300969098,,,0.0,0.0,,0.0,0,0,-0.0008673740085214376,,
12000,11400,7600,0,0,0.13513720799528528,False,600,rl,True,10450,0.8869856459330143,0.8761651786108928,0,0,,10450,3800,0.36363636363636365,,,SEA_A__s9917__clean__none,SEA_A,clean,none,9917.0,q_alarm_persistence_7,d3_oof,0.01,5,4,complete,0.8761651786108928,0.8869856459330143,,0.36363636363636365,0,11400,0.13665529100399,,,0.0,0.0,,0.0,0,0,-0.001518083008704707,,
12000,11400,7600,0,0,0.14101199999277014,False,600,rl,True,10450,0.8836363636363637,0.8696778970751573,0,0,,10450,3800,0.36363636363636365,,,SEA_A__s9917__clean__none,SEA_A,clean,none,9917.0,q_alarm_persistence_7,d3_oof,0.05,1,0,complete,0.8696778970751573,0.8836363636363637,,0.36363636363636365,0,11400,0.14118958300969098,,,0.0,0.0,,0.0,0,0,-0.00017758301692083478,,
12000,11400,7600,0,0,0.13266687501163688,False,600,none,True,10450,0.8831578947368421,0.8716344582532888,2850,1837,0.6445614035087719,7600,2787,0.3667105263157895,,,SEA_A__s9917__instance__severe,SEA_A,instance,severe,9917.0,no_reset,adwin,0.01,5,4,complete,0.8716344582532888,0.8831578947368421,0.6445614035087719,0.3667105263157895,0,11400,0.14043137499538716,,,0.0,0.0,0.0,0.0,0,0,-0.007764499983750284,,
12000,11400,9500,0,0,0.13461683299101423,False,600,none,True,10450,0.8766507177033492,0.8633430909927007,2850,2343,0.8221052631578948,7600,1393,0.18328947368421053,,,SEA_A__s9917__instance__severe,SEA_A,instance,severe,9917.0,no_reset,adwin,0.05,1,0,complete,0.8633430909927007,0.8766507177033492,0.8221052631578948,0.18328947368421053,0,11400,0.14249520799785387,,,0.0,0.0,0.0,0.0,0,0,-0.007878375006839633,,
12000,11400,9500,0,0,0.14249520799785387,False,600,confirmed,True,10450,0.8766507177033492,0.8633430909927007,2850,2343,0.8221052631578948,7600,1393,0.18328947368421053,,,SEA_A__s9917__instance__severe,SEA_A,instance,severe,9917.0,confirmed,adwin,0.05,1,0,complete,0.8633430909927007,0.8766507177033492,0.8221052631578948,0.18328947368421053,0,11400,0.14249520799785387,,,0.0,0.0,0.0,0.0,0,0,0.0,,
12000,11400,7600,0,0,0.14043137499538716,False,600,confirmed,True,10450,0.8831578947368421,0.8716344582532888,2850,1837,0.6445614035087719,7600,2787,0.3667105263157895,,,SEA_A__s9917__instance__severe,SEA_A,instance,severe,9917.0,confirmed,adwin,0.01,5,4,complete,0.8716344582532888,0.8831578947368421,0.6445614035087719,0.3667105263157895,0,11400,0.14043137499538716,,,0.0,0.0,0.0,0.0,0,0,0.0,,
12000,11400,6650,1900,2,0.14851749999797903,False,600,rl,True,10450,0.8872727272727273,0.876379914315407,2850,1558,0.5466666666666666,7600,3458,0.455,,,SEA_A__s9917__instance__severe,SEA_A,instance,severe,9917.0,error_rule,adwin,0.01,5,4,complete,0.8716344582532888,0.8831578947368421,0.6445614035087719,0.3667105263157895,0,11400,0.14043137499538716,,,0.004745456062118181,0.004114832535885182,-0.09789473684210526,0.08828947368421053,2,0,0.00808612500259187,,
12000,11400,9500,1900,2,0.15027745898987632,False,600,rl,True,10450,0.876555023923445,0.8643033372289313,2850,2305,0.8087719298245614,7600,1355,0.17828947368421053,,,SEA_A__s9917__instance__severe,SEA_A,instance,severe,9917.0,error_rule,adwin,0.05,1,0,complete,0.8633430909927007,0.8766507177033492,0.8221052631578948,0.18328947368421053,0,11400,0.14249520799785387,,,0.0009602462362305886,-9.569377990426009e-05,-0.01333333333333342,-0.0050000000000000044,2,0,0.007782250992022455,,
12000,11400,8550,950,1,0.14989270799560472,False,600,rl,True,10450,0.8807655502392344,0.8688985789088042,2850,2026,0.7108771929824561,7600,2026,0.266578947368421,,,SEA_A__s9917__instance__severe,SEA_A,instance,severe,9917.0,selected_map,adwin,0.05,1,0,complete,0.8633430909927007,0.8766507177033492,0.8221052631578948,0.18328947368421053,0,11400,0.14249520799785387,,,0.0055554879161034965,0.004114832535885182,-0.11122807017543868,0.0832894736842105,1,0,0.007397499997750856,,
12000,11400,7600,0,0,0.153397166999639,False,600,rl,True,10450,0.8831578947368421,0.8716344582532888,2850,1837,0.6445614035087719,7600,2787,0.3667105263157895,,,SEA_A__s9917__instance__severe,SEA_A,instance,severe,9917.0,selected_map,adwin,0.01,5,4,complete,0.8716344582532888,0.8831578947368421,0.6445614035087719,0.3667105263157895,0,11400,0.14043137499538716,,,0.0,0.0,0.0,0.0,0,0,0.012965792004251853,,
12000,11400,7600,0,0,0.1393895000073826,False,600,rl,True,10450,0.8831578947368421,0.8716344582532888,2850,1837,0.6445614035087719,7600,2787,0.3667105263157895,,,SEA_A__s9917__instance__severe,SEA_A,instance,severe,9917.0,q_alarm_7,adwin,0.01,5,4,complete,0.8716344582532888,0.8831578947368421,0.6445614035087719,0.3667105263157895,0,11400,0.14043137499538716,,,0.0,0.0,0.0,0.0,0,0,-0.0010418749880045652,,
12000,11400,9500,0,0,0.14249645800737198,False,600,rl,True,10450,0.8766507177033492,0.8633430909927007,2850,2343,0.8221052631578948,7600,1393,0.18328947368421053,,,SEA_A__s9917__instance__severe,SEA_A,instance,severe,9917.0,q_alarm_7,adwin,0.05,1,0,complete,0.8633430909927007,0.8766507177033492,0.8221052631578948,0.18328947368421053,0,11400,0.14249520799785387,,,0.0,0.0,0.0,0.0,0,0,1.2500095181167126e-06,,
12000,11400,7600,0,0,0.14323833301023114,False,600,rl,True,10450,0.8831578947368421,0.8716344582532888,2850,1837,0.6445614035087719,7600,2787,0.3667105263157895,,,SEA_A__s9917__instance__severe,SEA_A,instance,severe,9917.0,q_alarm_persistence_7,adwin,0.01,5,4,complete,0.8716344582532888,0.8831578947368421,0.6445614035087719,0.3667105263157895,0,11400,0.14043137499538716,,,0.0,0.0,0.0,0.0,0,0,0.0028069580148439854,,
12000,11400,9500,0,0,0.14856408299237955,False,600,rl,True,10450,0.8766507177033492,0.8633430909927007,2850,2343,0.8221052631578948,7600,1393,0.18328947368421053,,,SEA_A__s9917__instance__severe,SEA_A,instance,severe,9917.0,q_alarm_persistence_7,adwin,0.05,1,0,complete,0.8633430909927007,0.8766507177033492,0.8221052631578948,0.18328947368421053,0,11400,0.14249520799785387,,,0.0,0.0,0.0,0.0,0,0,0.006068874994525686,,
12000,11400,9500,0,0,0.14000983400910627,False,600,none,True,10450,0.8766507177033492,0.8633430909927007,2850,2343,0.8221052631578948,7600,1393,0.18328947368421053,,,SEA_A__s9917__instance__severe,SEA_A,instance,severe,9917.0,no_reset,hddm_w,0.05,1,0,complete,0.862946365545761,0.8756937799043062,0.8221052631578948,0.18328947368421053,1,13300,0.1534509170014644,,,0.00039672544693969414,0.000956937799043045,0.0,0.0,-1,-1900,-0.013441082992358133,,
12000,11400,7600,0,0,0.1382832499948563,False,600,none,True,10450,0.8831578947368421,0.8716344582532888,2850,1837,0.6445614035087719,7600,2787,0.3667105263157895,,,SEA_A__s9917__instance__severe,SEA_A,instance,severe,9917.0,no_reset,hddm_w,0.01,5,4,complete,0.8683356960003514,0.8805741626794258,0.6445614035087719,0.3667105263157895,1,13300,0.1514023339987034,,,0.0032987622529373484,0.0025837320574163547,0.0,0.0,-1,-1900,-0.013119084003847092,,
12000,13300,9500,2850,1,0.1514023339987034,False,600,confirmed,True,10450,0.8805741626794258,0.8683356960003514,2850,1837,0.6445614035087719,7600,2787,0.3667105263157895,,,SEA_A__s9917__instance__severe,SEA_A,instance,severe,9917.0,confirmed,hddm_w,0.01,5,4,complete,0.8683356960003514,0.8805741626794258,0.6445614035087719,0.3667105263157895,1,13300,0.1514023339987034,,,0.0,0.0,0.0,0.0,0,0,0.0,,
12000,13300,11400,2850,1,0.1534509170014644,False,600,confirmed,True,10450,0.8756937799043062,0.862946365545761,2850,2343,0.8221052631578948,7600,1393,0.18328947368421053,,,SEA_A__s9917__instance__severe,SEA_A,instance,severe,9917.0,confirmed,hddm_w,0.05,1,0,complete,0.862946365545761,0.8756937799043062,0.8221052631578948,0.18328947368421053,1,13300,0.1534509170014644,,,0.0,0.0,0.0,0.0,0,0,0.0,,
12000,11400,6650,1900,2,0.1333236670034239,False,600,rl,True,10450,0.8872727272727273,0.876379914315407,2850,1558,0.5466666666666666,7600,3458,0.455,,,SEA_A__s9917__instance__severe,SEA_A,instance,severe,9917.0,error_rule,hddm_w,0.01,5,4,complete,0.8683356960003514,0.8805741626794258,0.6445614035087719,0.3667105263157895,1,13300,0.1514023339987034,,,0.008044218315055529,0.006698564593301537,-0.09789473684210526,0.08828947368421053,1,-1900,-0.01807866699527949,,
12000,11400,9500,1900,2,0.13484316700487398,False,600,rl,True,10450,0.876555023923445,0.8643033372289313,2850,2305,0.8087719298245614,7600,1355,0.17828947368421053,,,SEA_A__s9917__instance__severe,SEA_A,instance,severe,9917.0,error_rule,hddm_w,0.05,1,0,complete,0.862946365545761,0.8756937799043062,0.8221052631578948,0.18328947368421053,1,13300,0.1534509170014644,,,0.0013569716831702827,0.0008612440191387849,-0.01333333333333342,-0.0050000000000000044,1,-1900,-0.018607749996590428,,
12000,11400,9500,1900,2,0.1374253329995554,False,600,rl,True,10450,0.876555023923445,0.8643033372289313,2850,2305,0.8087719298245614,7600,1355,0.17828947368421053,,,SEA_A__s9917__instance__severe,SEA_A,instance,severe,9917.0,selected_map,hddm_w,0.05,1,0,complete,0.862946365545761,0.8756937799043062,0.8221052631578948,0.18328947368421053,1,13300,0.1534509170014644,,,0.0013569716831702827,0.0008612440191387849,-0.01333333333333342,-0.0050000000000000044,1,-1900,-0.01602558400190901,,
12000,11400,6650,1900,2,0.13527983300446067,False,600,rl,True,10450,0.8872727272727273,0.876379914315407,2850,1558,0.5466666666666666,7600,3458,0.455,,,SEA_A__s9917__instance__severe,SEA_A,instance,severe,9917.0,selected_map,hddm_w,0.01,5,4,complete,0.8683356960003514,0.8805741626794258,0.6445614035087719,0.3667105263157895,1,13300,0.1514023339987034,,,0.008044218315055529,0.006698564593301537,-0.09789473684210526,0.08828947368421053,1,-1900,-0.016122500994242728,,
12000,11400,7600,0,0,0.13888879099977203,False,600,rl,True,10450,0.8831578947368421,0.8716344582532888,2850,1837,0.6445614035087719,7600,2787,0.3667105263157895,,,SEA_A__s9917__instance__severe,SEA_A,instance,severe,9917.0,q_alarm_7,hddm_w,0.01,5,4,complete,0.8683356960003514,0.8805741626794258,0.6445614035087719,0.3667105263157895,1,13300,0.1514023339987034,,,0.0032987622529373484,0.0025837320574163547,0.0,0.0,-1,-1900,-0.01251354299893137,,
12000,11400,9500,0,0,0.1405788329866482,False,600,rl,True,10450,0.8766507177033492,0.8633430909927007,2850,2343,0.8221052631578948,7600,1393,0.18328947368421053,,,SEA_A__s9917__instance__severe,SEA_A,instance,severe,9917.0,q_alarm_7,hddm_w,0.05,1,0,complete,0.862946365545761,0.8756937799043062,0.8221052631578948,0.18328947368421053,1,13300,0.1534509170014644,,,0.00039672544693969414,0.000956937799043045,0.0,0.0,-1,-1900,-0.01287208401481621,,
12000,11400,9500,0,0,0.14414166699862108,False,600,rl,True,10450,0.8766507177033492,0.8633430909927007,2850,2343,0.8221052631578948,7600,1393,0.18328947368421053,,,SEA_A__s9917__instance__severe,SEA_A,instance,severe,9917.0,q_alarm_persistence_7,hddm_w,0.05,1,0,complete,0.862946365545761,0.8756937799043062,0.8221052631578948,0.18328947368421053,1,13300,0.1534509170014644,,,0.00039672544693969414,0.000956937799043045,0.0,0.0,-1,-1900,-0.009309250002843328,,
12000,11400,7600,0,0,0.14346354198642075,False,600,rl,True,10450,0.8831578947368421,0.8716344582532888,2850,1837,0.6445614035087719,7600,2787,0.3667105263157895,,,SEA_A__s9917__instance__severe,SEA_A,instance,severe,9917.0,q_alarm_persistence_7,hddm_w,0.01,5,4,complete,0.8683356960003514,0.8805741626794258,0.6445614035087719,0.3667105263157895,1,13300,0.1514023339987034,,,0.0032987622529373484,0.0025837320574163547,0.0,0.0,-1,-1900,-0.007938792012282647,,
12000,11400,7600,0,0,0.13279945899557788,False,600,none,True,10450,0.8831578947368421,0.8716344582532888,2850,1837,0.6445614035087719,7600,2787,0.3667105263157895,,,SEA_A__s9917__instance__severe,SEA_A,instance,severe,9917.0,no_reset,hellinger,0.01,5,4,complete,0.8683356960003514,0.8805741626794258,0.6445614035087719,0.3667105263157895,1,13300,0.13644166600715835,,,0.0032987622529373484,0.0025837320574163547,0.0,0.0,-1,-1900,-0.0036422070115804672,,
12000,11400,9500,0,0,0.13419816600799095,False,600,none,True,10450,0.8766507177033492,0.8633430909927007,2850,2343,0.8221052631578948,7600,1393,0.18328947368421053,,,SEA_A__s9917__instance__severe,SEA_A,instance,severe,9917.0,no_reset,hellinger,0.05,1,0,complete,0.862946365545761,0.8756937799043062,0.8221052631578948,0.18328947368421053,1,13300,0.1402056660008384,,,0.00039672544693969414,0.000956937799043045,0.0,0.0,-1,-1900,-0.006007499992847443,,
12000,13300,9500,2850,1,0.13644166600715835,False,600,confirmed,True,10450,0.8805741626794258,0.8683356960003514,2850,1837,0.6445614035087719,7600,2787,0.3667105263157895,,,SEA_A__s9917__instance__severe,SEA_A,instance,severe,9917.0,confirmed,hellinger,0.01,5,4,complete,0.8683356960003514,0.8805741626794258,0.6445614035087719,0.3667105263157895,1,13300,0.13644166600715835,,,0.0,0.0,0.0,0.0,0,0,0.0,,
12000,13300,11400,2850,1,0.1402056660008384,False,600,confirmed,True,10450,0.8756937799043062,0.862946365545761,2850,2343,0.8221052631578948,7600,1393,0.18328947368421053,,,SEA_A__s9917__instance__severe,SEA_A,instance,severe,9917.0,confirmed,hellinger,0.05,1,0,complete,0.862946365545761,0.8756937799043062,0.8221052631578948,0.18328947368421053,1,13300,0.1402056660008384,,,0.0,0.0,0.0,0.0,0,0,0.0,,
12000,11400,6650,1900,2,0.12209687499853317,False,600,rl,True,10450,0.8872727272727273,0.876379914315407,2850,1558,0.5466666666666666,7600,3458,0.455,,,SEA_A__s9917__instance__severe,SEA_A,instance,severe,9917.0,error_rule,hellinger,0.01,5,4,complete,0.8683356960003514,0.8805741626794258,0.6445614035087719,0.3667105263157895,1,13300,0.13644166600715835,,,0.008044218315055529,0.006698564593301537,-0.09789473684210526,0.08828947368421053,1,-1900,-0.01434479100862518,,
12000,11400,9500,1900,2,0.12483425000391435,False,600,rl,True,10450,0.876555023923445,0.8643033372289313,2850,2305,0.8087719298245614,7600,1355,0.17828947368421053,,,SEA_A__s9917__instance__severe,SEA_A,instance,severe,9917.0,error_rule,hellinger,0.05,1,0,complete,0.862946365545761,0.8756937799043062,0.8221052631578948,0.18328947368421053,1,13300,0.1402056660008384,,,0.0013569716831702827,0.0008612440191387849,-0.01333333333333342,-0.0050000000000000044,1,-1900,-0.015371415996924043,,
12000,11400,9500,0,0,0.1494404170080088,False,600,rl,True,10450,0.8766507177033492,0.8633430909927007,2850,2343,0.8221052631578948,7600,1393,0.18328947368421053,,,SEA_A__s9917__instance__severe,SEA_A,instance,severe,9917.0,selected_map,hellinger,0.05,1,0,complete,0.862946365545761,0.8756937799043062,0.8221052631578948,0.18328947368421053,1,13300,0.1402056660008384,,,0.00039672544693969414,0.000956937799043045,0.0,0.0,-1,-1900,0.009234751007170416,,
12000,11400,7600,0,0,0.1476495840033749,False,600,rl,True,10450,0.8831578947368421,0.8716344582532888,2850,1837,0.6445614035087719,7600,2787,0.3667105263157895,,,SEA_A__s9917__instance__severe,SEA_A,instance,severe,9917.0,selected_map,hellinger,0.01,5,4,complete,0.8683356960003514,0.8805741626794258,0.6445614035087719,0.3667105263157895,1,13300,0.13644166600715835,,,0.0032987622529373484,0.0025837320574163547,0.0,0.0,-1,-1900,0.011207917996216565,,
12000,11400,7600,0,0,0.1471365839970531,False,600,rl,True,10450,0.8831578947368421,0.8716344582532888,2850,1837,0.6445614035087719,7600,2787,0.3667105263157895,,,SEA_A__s9917__instance__severe,SEA_A,instance,severe,9917.0,q_alarm_7,hellinger,0.01,5,4,complete,0.8683356960003514,0.8805741626794258,0.6445614035087719,0.3667105263157895,1,13300,0.13644166600715835,,,0.0032987622529373484,0.0025837320574163547,0.0,0.0,-1,-1900,0.010694917989894748,,
12000,11400,9500,0,0,0.15073170899995603,False,600,rl,True,10450,0.8766507177033492,0.8633430909927007,2850,2343,0.8221052631578948,7600,1393,0.18328947368421053,,,SEA_A__s9917__instance__severe,SEA_A,instance,severe,9917.0,q_alarm_7,hellinger,0.05,1,0,complete,0.862946365545761,0.8756937799043062,0.8221052631578948,0.18328947368421053,1,13300,0.1402056660008384,,,0.00039672544693969414,0.000956937799043045,0.0,0.0,-1,-1900,0.010526042999117635,,
12000,11400,7600,0,0,0.12759804200322833,False,600,rl,True,10450,0.8831578947368421,0.8716344582532888,2850,1837,0.6445614035087719,7600,2787,0.3667105263157895,,,SEA_A__s9917__instance__severe,SEA_A,instance,severe,9917.0,q_alarm_persistence_7,hellinger,0.01,5,4,complete,0.8683356960003514,0.8805741626794258,0.6445614035087719,0.3667105263157895,1,13300,0.13644166600715835,,,0.0032987622529373484,0.0025837320574163547,0.0,0.0,-1,-1900,-0.008843624003930017,,
12000,11400,9500,0,0,0.12932062499749009,False,600,rl,True,10450,0.8766507177033492,0.8633430909927007,2850,2343,0.8221052631578948,7600,1393,0.18328947368421053,,,SEA_A__s9917__instance__severe,SEA_A,instance,severe,9917.0,q_alarm_persistence_7,hellinger,0.05,1,0,complete,0.862946365545761,0.8756937799043062,0.8221052631578948,0.18328947368421053,1,13300,0.1402056660008384,,,0.00039672544693969414,0.000956937799043045,0.0,0.0,-1,-1900,-0.010885041003348306,,
12000,11400,7600,0,0,0.1253458330029389,False,600,none,True,10450,0.8831578947368421,0.8716344582532888,2850,1837,0.6445614035087719,7600,2787,0.3667105263157895,,,SEA_A__s9917__instance__severe,SEA_A,instance,severe,9917.0,no_reset,d3_oof,0.01,5,4,complete,0.8716344582532888,0.8831578947368421,0.6445614035087719,0.3667105263157895,0,11400,0.13773795899760444,,,0.0,0.0,0.0,0.0,0,0,-0.012392125994665548,,
12000,11400,9500,0,0,0.12772637499438133,False,600,none,True,10450,0.8766507177033492,0.8633430909927007,2850,2343,0.8221052631578948,7600,1393,0.18328947368421053,,,SEA_A__s9917__instance__severe,SEA_A,instance,severe,9917.0,no_reset,d3_oof,0.05,1,0,complete,0.8633430909927007,0.8766507177033492,0.8221052631578948,0.18328947368421053,0,11400,0.13826462499855552,,,0.0,0.0,0.0,0.0,0,0,-0.010538250004174188,,
12000,11400,9500,0,0,0.13826462499855552,False,600,confirmed,True,10450,0.8766507177033492,0.8633430909927007,2850,2343,0.8221052631578948,7600,1393,0.18328947368421053,,,SEA_A__s9917__instance__severe,SEA_A,instance,severe,9917.0,confirmed,d3_oof,0.05,1,0,complete,0.8633430909927007,0.8766507177033492,0.8221052631578948,0.18328947368421053,0,11400,0.13826462499855552,,,0.0,0.0,0.0,0.0,0,0,0.0,,
12000,11400,7600,0,0,0.13773795899760444,False,600,confirmed,True,10450,0.8831578947368421,0.8716344582532888,2850,1837,0.6445614035087719,7600,2787,0.3667105263157895,,,SEA_A__s9917__instance__severe,SEA_A,instance,severe,9917.0,confirmed,d3_oof,0.01,5,4,complete,0.8716344582532888,0.8831578947368421,0.6445614035087719,0.3667105263157895,0,11400,0.13773795899760444,,,0.0,0.0,0.0,0.0,0,0,0.0,,
12000,11400,6650,1900,2,0.12301845799083821,False,600,rl,True,10450,0.8872727272727273,0.876379914315407,2850,1558,0.5466666666666666,7600,3458,0.455,,,SEA_A__s9917__instance__severe,SEA_A,instance,severe,9917.0,error_rule,d3_oof,0.01,5,4,complete,0.8716344582532888,0.8831578947368421,0.6445614035087719,0.3667105263157895,0,11400,0.13773795899760444,,,0.004745456062118181,0.004114832535885182,-0.09789473684210526,0.08828947368421053,2,0,-0.014719501006766222,,
12000,11400,9500,1900,2,0.12619374999485444,False,600,rl,True,10450,0.876555023923445,0.8643033372289313,2850,2305,0.8087719298245614,7600,1355,0.17828947368421053,,,SEA_A__s9917__instance__severe,SEA_A,instance,severe,9917.0,error_rule,d3_oof,0.05,1,0,complete,0.8633430909927007,0.8766507177033492,0.8221052631578948,0.18328947368421053,0,11400,0.13826462499855552,,,0.0009602462362305886,-9.569377990426009e-05,-0.01333333333333342,-0.0050000000000000044,2,0,-0.012070875003701076,,
12000,11400,7600,0,0,0.14683645800687373,False,600,rl,True,10450,0.8831578947368421,0.8716344582532888,2850,1837,0.6445614035087719,7600,2787,0.3667105263157895,,,SEA_A__s9917__instance__severe,SEA_A,instance,severe,9917.0,selected_map,d3_oof,0.01,5,4,complete,0.8716344582532888,0.8831578947368421,0.6445614035087719,0.3667105263157895,0,11400,0.13773795899760444,,,0.0,0.0,0.0,0.0,0,0,0.00909849900926929,,
12000,11400,9500,0,0,0.1491270410042489,False,600,rl,True,10450,0.8766507177033492,0.8633430909927007,2850,2343,0.8221052631578948,7600,1393,0.18328947368421053,,,SEA_A__s9917__instance__severe,SEA_A,instance,severe,9917.0,selected_map,d3_oof,0.05,1,0,complete,0.8633430909927007,0.8766507177033492,0.8221052631578948,0.18328947368421053,0,11400,0.13826462499855552,,,0.0,0.0,0.0,0.0,0,0,0.010862416005693376,,
12000,11400,9500,0,0,0.14984449998883065,False,600,rl,True,10450,0.8766507177033492,0.8633430909927007,2850,2343,0.8221052631578948,7600,1393,0.18328947368421053,,,SEA_A__s9917__instance__severe,SEA_A,instance,severe,9917.0,q_alarm_7,d3_oof,0.05,1,0,complete,0.8633430909927007,0.8766507177033492,0.8221052631578948,0.18328947368421053,0,11400,0.13826462499855552,,,0.0,0.0,0.0,0.0,0,0,0.01157987499027513,,
12000,11400,7600,0,0,0.14836229200591333,False,600,rl,True,10450,0.8831578947368421,0.8716344582532888,2850,1837,0.6445614035087719,7600,2787,0.3667105263157895,,,SEA_A__s9917__instance__severe,SEA_A,instance,severe,9917.0,q_alarm_7,d3_oof,0.01,5,4,complete,0.8716344582532888,0.8831578947368421,0.6445614035087719,0.3667105263157895,0,11400,0.13773795899760444,,,0.0,0.0,0.0,0.0,0,0,0.010624333008308895,,
12000,11400,7600,0,0,0.13774616600130685,False,600,rl,True,10450,0.8831578947368421,0.8716344582532888,2850,1837,0.6445614035087719,7600,2787,0.3667105263157895,,,SEA_A__s9917__instance__severe,SEA_A,instance,severe,9917.0,q_alarm_persistence_7,d3_oof,0.01,5,4,complete,0.8716344582532888,0.8831578947368421,0.6445614035087719,0.3667105263157895,0,11400,0.13773795899760444,,,0.0,0.0,0.0,0.0,0,0,8.207003702409565e-06,,
12000,11400,9500,0,0,0.14116574999934528,False,600,rl,True,10450,0.8766507177033492,0.8633430909927007,2850,2343,0.8221052631578948,7600,1393,0.18328947368421053,,,SEA_A__s9917__instance__severe,SEA_A,instance,severe,9917.0,q_alarm_persistence_7,d3_oof,0.05,1,0,complete,0.8633430909927007,0.8766507177033492,0.8221052631578948,0.18328947368421053,0,11400,0.13826462499855552,,,0.0,0.0,0.0,0.0,0,0,0.0029011250007897615,,
12000,11400,2850,0,0,0.4430654999887338,False,600,none,True,10450,0.36679425837320573,0.35553604631530256,0,0,,10450,8550,0.8181818181818182,,,RBF_I__s9917__clean__none,RBF_I,clean,none,9917.0,no_reset,adwin,0.01,5,4,complete,0.35553604631530256,0.36679425837320573,,0.8181818181818182,0,11400,0.45160520799981896,,,0.0,0.0,,0.0,0,0,-0.008539708011085168,,
12000,11400,6650,0,0,0.4614970839902526,False,600,none,True,10450,0.39311004784688997,0.3742956620695437,0,0,,10450,4750,0.45454545454545453,,,RBF_I__s9917__clean__none,RBF_I,clean,none,9917.0,no_reset,adwin,0.05,1,0,complete,0.3742956620695437,0.39311004784688997,,0.45454545454545453,0,11400,0.4620389160118066,,,0.0,0.0,,0.0,0,0,-0.0005418320215540007,,
12000,11400,2850,0,0,0.45160520799981896,True,600,confirmed,True,10450,0.36679425837320573,0.35553604631530256,0,0,,10450,8550,0.8181818181818182,,,RBF_I__s9917__clean__none,RBF_I,clean,none,9917.0,confirmed,adwin,0.01,5,4,complete,0.35553604631530256,0.36679425837320573,,0.8181818181818182,0,11400,0.45160520799981896,,,0.0,0.0,,0.0,0,0,0.0,,
12000,11400,6650,0,0,0.4620389160118066,False,600,confirmed,True,10450,0.39311004784688997,0.3742956620695437,0,0,,10450,4750,0.45454545454545453,,,RBF_I__s9917__clean__none,RBF_I,clean,none,9917.0,confirmed,adwin,0.05,1,0,complete,0.3742956620695437,0.39311004784688997,,0.45454545454545453,0,11400,0.4620389160118066,,,0.0,0.0,,0.0,0,0,0.0,,
12000,11400,5700,1900,2,0.4461079159955261,False,600,rl,True,10450,0.38354066985645935,0.37430018802141235,0,0,,10450,5700,0.5454545454545454,,,RBF_I__s9917__clean__none,RBF_I,clean,none,9917.0,error_rule,adwin,0.05,1,0,complete,0.3742956620695437,0.39311004784688997,,0.45454545454545453,0,11400,0.4620389160118066,,,4.52595186867244e-06,-0.009569377990430616,,0.09090909090909088,2,0,-0.01593100001628045,,
12000,11400,3800,950,1,0.43766366700583603,False,600,rl,True,10450,0.36679425837320573,0.35553604631530256,0,0,,10450,7600,0.7272727272727273,,,RBF_I__s9917__clean__none,RBF_I,clean,none,9917.0,error_rule,adwin,0.01,5,4,complete,0.35553604631530256,0.36679425837320573,,0.8181818181818182,0,11400,0.45160520799981896,,,0.0,0.0,,-0.09090909090909094,1,0,-0.013941540993982926,,
12000,11400,2850,0,0,0.437288165994687,False,600,rl,True,10450,0.36679425837320573,0.35553604631530256,0,0,,10450,8550,0.8181818181818182,,,RBF_I__s9917__clean__none,RBF_I,clean,none,9917.0,selected_map,adwin,0.01,5,4,complete,0.35553604631530256,0.36679425837320573,,0.8181818181818182,0,11400,0.45160520799981896,,,0.0,0.0,,0.0,0,0,-0.014317042005131952,,
12000,11400,6650,0,0,0.45436108400463127,False,600,rl,True,10450,0.39311004784688997,0.3742956620695437,0,0,,10450,4750,0.45454545454545453,,,RBF_I__s9917__clean__none,RBF_I,clean,none,9917.0,selected_map,adwin,0.05,1,0,complete,0.3742956620695437,0.39311004784688997,,0.45454545454545453,0,11400,0.4620389160118066,,,0.0,0.0,,0.0,0,0,-0.0076778320071753114,,
12000,11400,2850,0,0,0.4426223330083303,False,600,rl,True,10450,0.36679425837320573,0.35553604631530256,0,0,,10450,8550,0.8181818181818182,,,RBF_I__s9917__clean__none,RBF_I,clean,none,9917.0,q_alarm_7,adwin,0.01,5,4,complete,0.35553604631530256,0.36679425837320573,,0.8181818181818182,0,11400,0.45160520799981896,,,0.0,0.0,,0.0,0,0,-0.008982874991488643,,
12000,11400,6650,0,0,0.4553630419977708,False,600,rl,True,10450,0.39311004784688997,0.3742956620695437,0,0,,10450,4750,0.45454545454545453,,,RBF_I__s9917__clean__none,RBF_I,clean,none,9917.0,q_alarm_7,adwin,0.05,1,0,complete,0.3742956620695437,0.39311004784688997,,0.45454545454545453,0,11400,0.4620389160118066,,,0.0,0.0,,0.0,0,0,-0.006675874014035799,,
12000,11400,2850,0,0,0.445384708000347,False,600,rl,True,10450,0.36679425837320573,0.35553604631530256,0,0,,10450,8550,0.8181818181818182,,,RBF_I__s9917__clean__none,RBF_I,clean,none,9917.0,q_alarm_persistence_7,adwin,0.01,5,4,complete,0.35553604631530256,0.36679425837320573,,0.8181818181818182,0,11400,0.45160520799981896,,,0.0,0.0,,0.0,0,0,-0.00622049999947194,,
12000,11400,6650,0,0,0.4601887919998262,False,600,rl,True,10450,0.39311004784688997,0.3742956620695437,0,0,,10450,4750,0.45454545454545453,,,RBF_I__s9917__clean__none,RBF_I,clean,none,9917.0,q_alarm_persistence_7,adwin,0.05,1,0,complete,0.3742956620695437,0.39311004784688997,,0.45454545454545453,0,11400,0.4620389160118066,,,0.0,0.0,,0.0,0,0,-0.0018501240119803697,,
12000,11400,2850,0,0,0.442398957995465,False,600,none,True,10450,0.36679425837320573,0.35553604631530256,0,0,,10450,8550,0.8181818181818182,,,RBF_I__s9917__clean__none,RBF_I,clean,none,9917.0,no_reset,hddm_w,0.01,5,4,complete,0.35553604631530256,0.36679425837320573,,0.8181818181818182,0,11400,0.4581068330007838,,,0.0,0.0,,0.0,0,0,-0.015707875005318783,,
12000,11400,6650,0,0,0.4627796670101816,False,600,none,True,10450,0.39311004784688997,0.3742956620695437,0,0,,10450,4750,0.45454545454545453,,,RBF_I__s9917__clean__none,RBF_I,clean,none,9917.0,no_reset,hddm_w,0.05,1,0,complete,0.3660940817200063,0.3785645933014354,,0.36363636363636365,1,13300,0.508380750005017,,,0.008201580349537385,0.014545454545454584,,0.09090909090909088,-1,-1900,-0.04560108299483545,,
12000,11400,2850,0,0,0.4581068330007838,True,600,confirmed,True,10450,0.36679425837320573,0.35553604631530256,0,0,,10450,8550,0.8181818181818182,,,RBF_I__s9917__clean__none,RBF_I,clean,none,9917.0,confirmed,hddm_w,0.01,5,4,complete,0.35553604631530256,0.36679425837320573,,0.8181818181818182,0,11400,0.4581068330007838,,,0.0,0.0,,0.0,0,0,0.0,,
12000,13300,8550,2850,1,0.508380750005017,False,600,confirmed,True,10450,0.3785645933014354,0.3660940817200063,0,0,,10450,3800,0.36363636363636365,,,RBF_I__s9917__clean__none,RBF_I,clean,none,9917.0,confirmed,hddm_w,0.05,1,0,complete,0.3660940817200063,0.3785645933014354,,0.36363636363636365,1,13300,0.508380750005017,,,0.0,0.0,,0.0,0,0,0.0,,
12000,11400,5700,1900,2,0.46491533299558796,False,600,rl,True,10450,0.38354066985645935,0.37430018802141235,0,0,,10450,5700,0.5454545454545454,,,RBF_I__s9917__clean__none,RBF_I,clean,none,9917.0,error_rule,hddm_w,0.05,1,0,complete,0.3660940817200063,0.3785645933014354,,0.36363636363636365,1,13300,0.508380750005017,,,0.008206106301406058,0.004976076555023967,,0.18181818181818177,1,-1900,-0.043465417009429075,,
12000,11400,3800,950,1,0.4582658329891274,False,600,rl,True,10450,0.36679425837320573,0.35553604631530256,0,0,,10450,7600,0.7272727272727273,,,RBF_I__s9917__clean__none,RBF_I,clean,none,9917.0,error_rule,hddm_w,0.01,5,4,complete,0.35553604631530256,0.36679425837320573,,0.8181818181818182,0,11400,0.4581068330007838,,,0.0,0.0,,-0.09090909090909094,1,0,0.00015899998834356666,,
12000,11400,7600,950,1,0.48633237500325777,False,600,rl,True,10450,0.4040191387559809,0.38685365038096997,0,0,,10450,3800,0.36363636363636365,,,RBF_I__s9917__clean__none,RBF_I,clean,none,9917.0,selected_map,hddm_w,0.05,1,0,complete,0.3660940817200063,0.3785645933014354,,0.36363636363636365,1,13300,0.508380750005017,,,0.02075956866096368,0.025454545454545507,,0.0,0,-1900,-0.02204837500175927,,
12000,11400,3800,950,1,0.4719879170006607,False,600,rl,True,10450,0.36679425837320573,0.35553604631530256,0,0,,10450,7600,0.7272727272727273,,,RBF_I__s9917__clean__none,RBF_I,clean,none,9917.0,selected_map,hddm_w,0.01,5,4,complete,0.35553604631530256,0.36679425837320573,,0.8181818181818182,0,11400,0.4581068330007838,,,0.0,0.0,,-0.09090909090909094,1,0,0.013881083999876864,,
12000,11400,6650,0,0,0.49899270800233353,False,600,rl,True,10450,0.39311004784688997,0.3742956620695437,0,0,,10450,4750,0.45454545454545453,,,RBF_I__s9917__clean__none,RBF_I,clean,none,9917.0,q_alarm_7,hddm_w,0.05,1,0,complete,0.3660940817200063,0.3785645933014354,,0.36363636363636365,1,13300,0.508380750005017,,,0.008201580349537385,0.014545454545454584,,0.09090909090909088,-1,-1900,-0.009388042002683505,,
12000,11400,2850,0,0,0.48862599999119993,False,600,rl,True,10450,0.36679425837320573,0.35553604631530256,0,0,,10450,8550,0.8181818181818182,,,RBF_I__s9917__clean__none,RBF_I,clean,none,9917.0,q_alarm_7,hddm_w,0.01,5,4,complete,0.35553604631530256,0.36679425837320573,,0.8181818181818182,0,11400,0.4581068330007838,,,0.0,0.0,,0.0,0,0,0.030519166990416124,,
12000,11400,6650,0,0,0.5016504579980392,False,600,rl,True,10450,0.39311004784688997,0.3742956620695437,0,0,,10450,4750,0.45454545454545453,,,RBF_I__s9917__clean__none,RBF_I,clean,none,9917.0,q_alarm_persistence_7,hddm_w,0.05,1,0,complete,0.3660940817200063,0.3785645933014354,,0.36363636363636365,1,13300,0.508380750005017,,,0.008201580349537385,0.014545454545454584,,0.09090909090909088,-1,-1900,-0.006730292006977834,,
12000,11400,2850,0,0,0.4844336250098422,False,600,rl,True,10450,0.36679425837320573,0.35553604631530256,0,0,,10450,8550,0.8181818181818182,,,RBF_I__s9917__clean__none,RBF_I,clean,none,9917.0,q_alarm_persistence_7,hddm_w,0.01,5,4,complete,0.35553604631530256,0.36679425837320573,,0.8181818181818182,0,11400,0.4581068330007838,,,0.0,0.0,,0.0,0,0,0.02632679200905841,,
12000,11400,2850,0,0,0.44099012500373647,False,600,none,True,10450,0.36679425837320573,0.35553604631530256,0,0,,10450,8550,0.8181818181818182,,,RBF_I__s9917__clean__none,RBF_I,clean,none,9917.0,no_reset,hellinger,0.01,5,4,complete,0.35553604631530256,0.36679425837320573,,0.8181818181818182,0,11400,0.4423743749939604,,,0.0,0.0,,0.0,0,0,-0.001384249990223907,,
12000,11400,6650,0,0,0.4527517499955138,False,600,none,True,10450,0.39311004784688997,0.3742956620695437,0,0,,10450,4750,0.45454545454545453,,,RBF_I__s9917__clean__none,RBF_I,clean,none,9917.0,no_reset,hellinger,0.05,1,0,complete,0.3742956620695437,0.39311004784688997,,0.45454545454545453,0,11400,0.4576676669967128,,,0.0,0.0,,0.0,0,0,-0.004915917001198977,,
12000,11400,2850,0,0,0.4423743749939604,False,600,confirmed,True,10450,0.36679425837320573,0.35553604631530256,0,0,,10450,8550,0.8181818181818182,,,RBF_I__s9917__clean__none,RBF_I,clean,none,9917.0,confirmed,hellinger,0.01,5,4,complete,0.35553604631530256,0.36679425837320573,,0.8181818181818182,0,11400,0.4423743749939604,,,0.0,0.0,,0.0,0,0,0.0,,
12000,11400,6650,0,0,0.4576676669967128,False,600,confirmed,True,10450,0.39311004784688997,0.3742956620695437,0,0,,10450,4750,0.45454545454545453,,,RBF_I__s9917__clean__none,RBF_I,clean,none,9917.0,confirmed,hellinger,0.05,1,0,complete,0.3742956620695437,0.39311004784688997,,0.45454545454545453,0,11400,0.4576676669967128,,,0.0,0.0,,0.0,0,0,0.0,,
12000,11400,3800,950,1,0.4663592909928411,False,600,rl,True,10450,0.36679425837320573,0.35553604631530256,0,0,,10450,7600,0.7272727272727273,,,RBF_I__s9917__clean__none,RBF_I,clean,none,9917.0,error_rule,hellinger,0.01,5,4,complete,0.35553604631530256,0.36679425837320573,,0.8181818181818182,0,11400,0.4423743749939604,,,0.0,0.0,,-0.09090909090909094,1,0,0.02398491599888075,,
12000,11400,5700,1900,2,0.48310483299428597,False,600,rl,True,10450,0.38354066985645935,0.37430018802141235,0,0,,10450,5700,0.5454545454545454,,,RBF_I__s9917__clean__none,RBF_I,clean,none,9917.0,error_rule,hellinger,0.05,1,0,complete,0.3742956620695437,0.39311004784688997,,0.45454545454545453,0,11400,0.4576676669967128,,,4.52595186867244e-06,-0.009569377990430616,,0.09090909090909088,2,0,0.025437165997573175,,
12000,11400,2850,0,0,0.47702270800073165,False,600,rl,True,10450,0.36679425837320573,0.35553604631530256,0,0,,10450,8550,0.8181818181818182,,,RBF_I__s9917__clean__none,RBF_I,clean,none,9917.0,selected_map,hellinger,0.01,5,4,complete,0.35553604631530256,0.36679425837320573,,0.8181818181818182,0,11400,0.4423743749939604,,,0.0,0.0,,0.0,0,0,0.03464833300677128,,
12000,11400,6650,0,0,0.49288645799970254,False,600,rl,True,10450,0.39311004784688997,0.3742956620695437,0,0,,10450,4750,0.45454545454545453,,,RBF_I__s9917__clean__none,RBF_I,clean,none,9917.0,selected_map,hellinger,0.05,1,0,complete,0.3742956620695437,0.39311004784688997,,0.45454545454545453,0,11400,0.4576676669967128,,,0.0,0.0,,0.0,0,0,0.03521879100298975,,
12000,11400,2850,0,0,0.4477888749970589,False,600,rl,True,10450,0.36679425837320573,0.35553604631530256,0,0,,10450,8550,0.8181818181818182,,,RBF_I__s9917__clean__none,RBF_I,clean,none,9917.0,q_alarm_7,hellinger,0.01,5,4,complete,0.35553604631530256,0.36679425837320573,,0.8181818181818182,0,11400,0.4423743749939604,,,0.0,0.0,,0.0,0,0,0.00541450000309851,,
12000,11400,6650,0,0,0.4591068330046255,False,600,rl,True,10450,0.39311004784688997,0.3742956620695437,0,0,,10450,4750,0.45454545454545453,,,RBF_I__s9917__clean__none,RBF_I,clean,none,9917.0,q_alarm_7,hellinger,0.05,1,0,complete,0.3742956620695437,0.39311004784688997,,0.45454545454545453,0,11400,0.4576676669967128,,,0.0,0.0,,0.0,0,0,0.0014391660079127178,,
12000,11400,2850,0,0,0.44429108400072437,False,600,rl,True,10450,0.36679425837320573,0.35553604631530256,0,0,,10450,8550,0.8181818181818182,,,RBF_I__s9917__clean__none,RBF_I,clean,none,9917.0,q_alarm_persistence_7,hellinger,0.01,5,4,complete,0.35553604631530256,0.36679425837320573,,0.8181818181818182,0,11400,0.4423743749939604,,,0.0,0.0,,0.0,0,0,0.0019167090067639947,,
12000,11400,6650,0,0,0.459933332997025,False,600,rl,True,10450,0.39311004784688997,0.3742956620695437,0,0,,10450,4750,0.45454545454545453,,,RBF_I__s9917__clean__none,RBF_I,clean,none,9917.0,q_alarm_persistence_7,hellinger,0.05,1,0,complete,0.3742956620695437,0.39311004784688997,,0.45454545454545453,0,11400,0.4576676669967128,,,0.0,0.0,,0.0,0,0,0.0022656660003121942,,
12000,11400,2850,0,0,0.44332620900240727,False,600,none,True,10450,0.36679425837320573,0.35553604631530256,0,0,,10450,8550,0.8181818181818182,,,RBF_I__s9917__clean__none,RBF_I,clean,none,9917.0,no_reset,d3_oof,0.01,5,4,complete,0.35553604631530256,0.36679425837320573,,0.8181818181818182,0,11400,0.4559062909975182,,,0.0,0.0,,0.0,0,0,-0.012580081995110959,,
12000,11400,6650,0,0,0.4629027089977171,False,600,none,True,10450,0.39311004784688997,0.3742956620695437,0,0,,10450,4750,0.45454545454545453,,,RBF_I__s9917__clean__none,RBF_I,clean,none,9917.0,no_reset,d3_oof,0.05,1,0,complete,0.3742956620695437,0.39311004784688997,,0.45454545454545453,0,11400,0.4712310409959173,,,0.0,0.0,,0.0,0,0,-0.008328331998200156,,
12000,11400,2850,0,0,0.4559062909975182,False,600,confirmed,True,10450,0.36679425837320573,0.35553604631530256,0,0,,10450,8550,0.8181818181818182,,,RBF_I__s9917__clean__none,RBF_I,clean,none,9917.0,confirmed,d3_oof,0.01,5,4,complete,0.35553604631530256,0.36679425837320573,,0.8181818181818182,0,11400,0.4559062909975182,,,0.0,0.0,,0.0,0,0,0.0,,
12000,11400,6650,0,0,0.4712310409959173,False,600,confirmed,True,10450,0.39311004784688997,0.3742956620695437,0,0,,10450,4750,0.45454545454545453,,,RBF_I__s9917__clean__none,RBF_I,clean,none,9917.0,confirmed,d3_oof,0.05,1,0,complete,0.3742956620695437,0.39311004784688997,,0.45454545454545453,0,11400,0.4712310409959173,,,0.0,0.0,,0.0,0,0,0.0,,
12000,11400,5700,1900,2,0.45541699999012053,False,600,rl,True,10450,0.38354066985645935,0.37430018802141235,0,0,,10450,5700,0.5454545454545454,,,RBF_I__s9917__clean__none,RBF_I,clean,none,9917.0,error_rule,d3_oof,0.05,1,0,complete,0.3742956620695437,0.39311004784688997,,0.45454545454545453,0,11400,0.4712310409959173,,,4.52595186867244e-06,-0.009569377990430616,,0.09090909090909088,2,0,-0.015814041005796753,,
12000,11400,3800,950,1,0.4580556659930153,False,600,rl,True,10450,0.36679425837320573,0.35553604631530256,0,0,,10450,7600,0.7272727272727273,,,RBF_I__s9917__clean__none,RBF_I,clean,none,9917.0,error_rule,d3_oof,0.01,5,4,complete,0.35553604631530256,0.36679425837320573,,0.8181818181818182,0,11400,0.4559062909975182,,,0.0,0.0,,-0.09090909090909094,1,0,0.0021493749954970554,,
12000,11400,2850,0,0,0.4803647090011509,False,600,rl,True,10450,0.36679425837320573,0.35553604631530256,0,0,,10450,8550,0.8181818181818182,,,RBF_I__s9917__clean__none,RBF_I,clean,none,9917.0,selected_map,d3_oof,0.01,5,4,complete,0.35553604631530256,0.36679425837320573,,0.8181818181818182,0,11400,0.4559062909975182,,,0.0,0.0,,0.0,0,0,0.024458418003632687,,
12000,11400,6650,0,0,0.5011909589957213,False,600,rl,True,10450,0.39311004784688997,0.3742956620695437,0,0,,10450,4750,0.45454545454545453,,,RBF_I__s9917__clean__none,RBF_I,clean,none,9917.0,selected_map,d3_oof,0.05,1,0,complete,0.3742956620695437,0.39311004784688997,,0.45454545454545453,0,11400,0.4712310409959173,,,0.0,0.0,,0.0,0,0,0.02995991799980402,,
12000,11400,6650,0,0,0.5072240000008605,False,600,rl,True,10450,0.39311004784688997,0.3742956620695437,0,0,,10450,4750,0.45454545454545453,,,RBF_I__s9917__clean__none,RBF_I,clean,none,9917.0,q_alarm_7,d3_oof,0.05,1,0,complete,0.3742956620695437,0.39311004784688997,,0.45454545454545453,0,11400,0.4712310409959173,,,0.0,0.0,,0.0,0,0,0.03599295900494326,,
12000,11400,2850,0,0,0.49636716600798536,False,600,rl,True,10450,0.36679425837320573,0.35553604631530256,0,0,,10450,8550,0.8181818181818182,,,RBF_I__s9917__clean__none,RBF_I,clean,none,9917.0,q_alarm_7,d3_oof,0.01,5,4,complete,0.35553604631530256,0.36679425837320573,,0.8181818181818182,0,11400,0.4559062909975182,,,0.0,0.0,,0.0,0,0,0.040460875010467134,,
12000,11400,2850,0,0,0.48999141600506846,False,600,rl,True,10450,0.36679425837320573,0.35553604631530256,0,0,,10450,8550,0.8181818181818182,,,RBF_I__s9917__clean__none,RBF_I,clean,none,9917.0,q_alarm_persistence_7,d3_oof,0.01,5,4,complete,0.35553604631530256,0.36679425837320573,,0.8181818181818182,0,11400,0.4559062909975182,,,0.0,0.0,,0.0,0,0,0.03408512500755023,,
12000,11400,6650,0,0,0.5089397500123596,False,600,rl,True,10450,0.39311004784688997,0.3742956620695437,0,0,,10450,4750,0.45454545454545453,,,RBF_I__s9917__clean__none,RBF_I,clean,none,9917.0,q_alarm_persistence_7,d3_oof,0.05,1,0,complete,0.3742956620695437,0.39311004784688997,,0.45454545454545453,0,11400,0.4712310409959173,,,0.0,0.0,,0.0,0,0,0.0377087090164423,,
12000,11400,4750,0,0,0.4736035000096308,False,600,none,True,10450,0.38976076555023925,0.361688645667891,2851,1045,0.36653805682216767,7599,4844,0.6374522963547835,,,RBF_I__s9917__instance__severe,RBF_I,instance,severe,9917.0,no_reset,adwin,0.01,5,4,complete,0.361688645667891,0.38976076555023925,0.36653805682216767,0.6374522963547835,0,11400,0.4591674169932958,,,0.0,0.0,0.0,0.0,0,0,0.014436083016335033,,
12000,11400,6650,0,0,0.48788000000058673,False,600,none,True,10450,0.42028708133971293,0.39118228682416456,2851,1580,0.554191511750263,7599,3479,0.457823397815502,,,RBF_I__s9917__instance__severe,RBF_I,instance,severe,9917.0,no_reset,adwin,0.05,1,0,complete,0.39118228682416456,0.42028708133971293,0.554191511750263,0.457823397815502,0,11400,0.47933183300483506,,,0.0,0.0,0.0,0.0,0,0,0.008548166995751671,,
12000,11400,4750,0,0,0.4591674169932958,False,600,confirmed,True,10450,0.38976076555023925,0.361688645667891,2851,1045,0.36653805682216767,7599,4844,0.6374522963547835,,,RBF_I__s9917__instance__severe,RBF_I,instance,severe,9917.0,confirmed,adwin,0.01,5,4,complete,0.361688645667891,0.38976076555023925,0.36653805682216767,0.6374522963547835,0,11400,0.4591674169932958,,,0.0,0.0,0.0,0.0,0,0,0.0,,
12000,11400,6650,0,0,0.47933183300483506,False,600,confirmed,True,10450,0.42028708133971293,0.39118228682416456,2851,1580,0.554191511750263,7599,3479,0.457823397815502,,,RBF_I__s9917__instance__severe,RBF_I,instance,severe,9917.0,confirmed,adwin,0.05,1,0,complete,0.39118228682416456,0.42028708133971293,0.554191511750263,0.457823397815502,0,11400,0.47933183300483506,,,0.0,0.0,0.0,0.0,0,0,0.0,,
12000,11400,4750,0,0,0.443975500005763,False,600,rl,True,10450,0.38976076555023925,0.361688645667891,2851,1045,0.36653805682216767,7599,4844,0.6374522963547835,,,RBF_I__s9917__instance__severe,RBF_I,instance,severe,9917.0,error_rule,adwin,0.01,5,4,complete,0.361688645667891,0.38976076555023925,0.36653805682216767,0.6374522963547835,0,11400,0.4591674169932958,,,0.0,0.0,0.0,0.0,0,0,-0.01519191698753275,,
12000,11400,6650,0,0,0.4644565829948988,False,600,rl,True,10450,0.42028708133971293,0.39118228682416456,2851,1580,0.554191511750263,7599,3479,0.457823397815502,,,RBF_I__s9917__instance__severe,RBF_I,instance,severe,9917.0,error_rule,adwin,0.05,1,0,complete,0.39118228682416456,0.42028708133971293,0.554191511750263,0.457823397815502,0,11400,0.47933183300483506,,,0.0,0.0,0.0,0.0,0,0,-0.01487525000993628,,
12000,11400,4750,0,0,0.4471279169956688,False,600,rl,True,10450,0.38976076555023925,0.361688645667891,2851,1045,0.36653805682216767,7599,4844,0.6374522963547835,,,RBF_I__s9917__instance__severe,RBF_I,instance,severe,9917.0,selected_map,adwin,0.01,5,4,complete,0.361688645667891,0.38976076555023925,0.36653805682216767,0.6374522963547835,0,11400,0.4591674169932958,,,0.0,0.0,0.0,0.0,0,0,-0.01203949999762699,,
12000,11400,6650,0,0,0.46151854199706577,False,600,rl,True,10450,0.42028708133971293,0.39118228682416456,2851,1580,0.554191511750263,7599,3479,0.457823397815502,,,RBF_I__s9917__instance__severe,RBF_I,instance,severe,9917.0,selected_map,adwin,0.05,1,0,complete,0.39118228682416456,0.42028708133971293,0.554191511750263,0.457823397815502,0,11400,0.47933183300483506,,,0.0,0.0,0.0,0.0,0,0,-0.017813291007769294,,
12000,11400,4750,0,0,0.44934120900870766,False,600,rl,True,10450,0.38976076555023925,0.361688645667891,2851,1045,0.36653805682216767,7599,4844,0.6374522963547835,,,RBF_I__s9917__instance__severe,RBF_I,instance,severe,9917.0,q_alarm_7,adwin,0.01,5,4,complete,0.361688645667891,0.38976076555023925,0.36653805682216767,0.6374522963547835,0,11400,0.4591674169932958,,,0.0,0.0,0.0,0.0,0,0,-0.009826207984588109,,
12000,11400,6650,0,0,0.46374479100632016,False,600,rl,True,10450,0.42028708133971293,0.39118228682416456,2851,1580,0.554191511750263,7599,3479,0.457823397815502,,,RBF_I__s9917__instance__severe,RBF_I,instance,severe,9917.0,q_alarm_7,adwin,0.05,1,0,complete,0.39118228682416456,0.42028708133971293,0.554191511750263,0.457823397815502,0,11400,0.47933183300483506,,,0.0,0.0,0.0,0.0,0,0,-0.015587041998514906,,
12000,11400,4750,0,0,0.45286350000242237,False,600,rl,True,10450,0.38976076555023925,0.361688645667891,2851,1045,0.36653805682216767,7599,4844,0.6374522963547835,,,RBF_I__s9917__instance__severe,RBF_I,instance,severe,9917.0,q_alarm_persistence_7,adwin,0.01,5,4,complete,0.361688645667891,0.38976076555023925,0.36653805682216767,0.6374522963547835,0,11400,0.4591674169932958,,,0.0,0.0,0.0,0.0,0,0,-0.006303916990873404,,
12000,11400,6650,0,0,0.4696154590055812,False,600,rl,True,10450,0.42028708133971293,0.39118228682416456,2851,1580,0.554191511750263,7599,3479,0.457823397815502,,,RBF_I__s9917__instance__severe,RBF_I,instance,severe,9917.0,q_alarm_persistence_7,adwin,0.05,1,0,complete,0.39118228682416456,0.42028708133971293,0.554191511750263,0.457823397815502,0,11400,0.47933183300483506,,,0.0,0.0,0.0,0.0,0,0,-0.009716373999253847,,
12000,11400,4750,0,0,0.45701170900429133,False,600,none,True,10450,0.38976076555023925,0.361688645667891,2851,1045,0.36653805682216767,7599,4844,0.6374522963547835,,,RBF_I__s9917__instance__severe,RBF_I,instance,severe,9917.0,no_reset,hddm_w,0.01,5,4,complete,0.361688645667891,0.38976076555023925,0.36653805682216767,0.6374522963547835,0,11400,0.4656691249983851,,,0.0,0.0,0.0,0.0,0,0,-0.008657415994093753,,
12000,11400,6650,0,0,0.4764798329997575,False,600,none,True,10450,0.42028708133971293,0.39118228682416456,2851,1580,0.554191511750263,7599,3479,0.457823397815502,,,RBF_I__s9917__instance__severe,RBF_I,instance,severe,9917.0,no_reset,hddm_w,0.05,1,0,complete,0.39118228682416456,0.42028708133971293,0.554191511750263,0.457823397815502,0,11400,0.4832449159875978,,,0.0,0.0,0.0,0.0,0,0,-0.006765082987840287,,
12000,11400,4750,0,0,0.4656691249983851,True,600,confirmed,True,10450,0.38976076555023925,0.361688645667891,2851,1045,0.36653805682216767,7599,4844,0.6374522963547835,,,RBF_I__s9917__instance__severe,RBF_I,instance,severe,9917.0,confirmed,hddm_w,0.01,5,4,complete,0.361688645667891,0.38976076555023925,0.36653805682216767,0.6374522963547835,0,11400,0.4656691249983851,,,0.0,0.0,0.0,0.0,0,0,0.0,,
12000,11400,6650,0,0,0.4832449159875978,False,600,confirmed,True,10450,0.42028708133971293,0.39118228682416456,2851,1580,0.554191511750263,7599,3479,0.457823397815502,,,RBF_I__s9917__instance__severe,RBF_I,instance,severe,9917.0,confirmed,hddm_w,0.05,1,0,complete,0.39118228682416456,0.42028708133971293,0.554191511750263,0.457823397815502,0,11400,0.4832449159875978,,,0.0,0.0,0.0,0.0,0,0,0.0,,
12000,11400,6650,0,0,0.4676651669869898,False,600,rl,True,10450,0.42028708133971293,0.39118228682416456,2851,1580,0.554191511750263,7599,3479,0.457823397815502,,,RBF_I__s9917__instance__severe,RBF_I,instance,severe,9917.0,error_rule,hddm_w,0.05,1,0,complete,0.39118228682416456,0.42028708133971293,0.554191511750263,0.457823397815502,0,11400,0.4832449159875978,,,0.0,0.0,0.0,0.0,0,0,-0.01557974900060799,,
12000,11400,4750,0,0,0.4595182499906514,False,600,rl,True,10450,0.38976076555023925,0.361688645667891,2851,1045,0.36653805682216767,7599,4844,0.6374522963547835,,,RBF_I__s9917__instance__severe,RBF_I,instance,severe,9917.0,error_rule,hddm_w,0.01,5,4,complete,0.361688645667891,0.38976076555023925,0.36653805682216767,0.6374522963547835,0,11400,0.4656691249983851,,,0.0,0.0,0.0,0.0,0,0,-0.006150875007733703,,
12000,11400,4750,0,0,0.4581108340062201,False,600,rl,True,10450,0.38976076555023925,0.361688645667891,2851,1045,0.36653805682216767,7599,4844,0.6374522963547835,,,RBF_I__s9917__instance__severe,RBF_I,instance,severe,9917.0,selected_map,hddm_w,0.01,5,4,complete,0.361688645667891,0.38976076555023925,0.36653805682216767,0.6374522963547835,0,11400,0.4656691249983851,,,0.0,0.0,0.0,0.0,0,0,-0.007558290992164984,,
12000,11400,6650,0,0,0.47345020801003557,False,600,rl,True,10450,0.42028708133971293,0.39118228682416456,2851,1580,0.554191511750263,7599,3479,0.457823397815502,,,RBF_I__s9917__instance__severe,RBF_I,instance,severe,9917.0,selected_map,hddm_w,0.05,1,0,complete,0.39118228682416456,0.42028708133971293,0.554191511750263,0.457823397815502,0,11400,0.4832449159875978,,,0.0,0.0,0.0,0.0,0,0,-0.009794707977562211,,
12000,11400,4750,0,0,0.4783917500026291,False,600,rl,True,10450,0.38976076555023925,0.361688645667891,2851,1045,0.36653805682216767,7599,4844,0.6374522963547835,,,RBF_I__s9917__instance__severe,RBF_I,instance,severe,9917.0,q_alarm_7,hddm_w,0.01,5,4,complete,0.361688645667891,0.38976076555023925,0.36653805682216767,0.6374522963547835,0,11400,0.4656691249983851,,,0.0,0.0,0.0,0.0,0,0,0.012722625004244037,,
12000,11400,6650,0,0,0.4903490839933511,False,600,rl,True,10450,0.42028708133971293,0.39118228682416456,2851,1580,0.554191511750263,7599,3479,0.457823397815502,,,RBF_I__s9917__instance__severe,RBF_I,instance,severe,9917.0,q_alarm_7,hddm_w,0.05,1,0,complete,0.39118228682416456,0.42028708133971293,0.554191511750263,0.457823397815502,0,11400,0.4832449159875978,,,0.0,0.0,0.0,0.0,0,0,0.0071041680057533085,,
12000,11400,4750,0,0,0.4749920839967672,False,600,rl,True,10450,0.38976076555023925,0.361688645667891,2851,1045,0.36653805682216767,7599,4844,0.6374522963547835,,,RBF_I__s9917__instance__severe,RBF_I,instance,severe,9917.0,q_alarm_persistence_7,hddm_w,0.01,5,4,complete,0.361688645667891,0.38976076555023925,0.36653805682216767,0.6374522963547835,0,11400,0.4656691249983851,,,0.0,0.0,0.0,0.0,0,0,0.009322958998382092,,
12000,11400,6650,0,0,0.49374491701018997,False,600,rl,True,10450,0.42028708133971293,0.39118228682416456,2851,1580,0.554191511750263,7599,3479,0.457823397815502,,,RBF_I__s9917__instance__severe,RBF_I,instance,severe,9917.0,q_alarm_persistence_7,hddm_w,0.05,1,0,complete,0.39118228682416456,0.42028708133971293,0.554191511750263,0.457823397815502,0,11400,0.4832449159875978,,,0.0,0.0,0.0,0.0,0,0,0.010500001022592187,,
12000,11400,4750,0,0,0.4602312089991756,False,600,none,True,10450,0.38976076555023925,0.361688645667891,2851,1045,0.36653805682216767,7599,4844,0.6374522963547835,,,RBF_I__s9917__instance__severe,RBF_I,instance,severe,9917.0,no_reset,hellinger,0.01,5,4,complete,0.361688645667891,0.38976076555023925,0.36653805682216767,0.6374522963547835,0,11400,0.5027364579873392,,,0.0,0.0,0.0,0.0,0,0,-0.04250524898816366,,
12000,11400,6650,0,0,0.488866625004448,False,600,none,True,10450,0.42028708133971293,0.39118228682416456,2851,1580,0.554191511750263,7599,3479,0.457823397815502,,,RBF_I__s9917__instance__severe,RBF_I,instance,severe,9917.0,no_reset,hellinger,0.05,1,0,complete,0.39118228682416456,0.42028708133971293,0.554191511750263,0.457823397815502,0,11400,0.523151625005994,,,0.0,0.0,0.0,0.0,0,0,-0.034285000001545995,,
12000,11400,4750,0,0,0.5027364579873392,False,600,confirmed,True,10450,0.38976076555023925,0.361688645667891,2851,1045,0.36653805682216767,7599,4844,0.6374522963547835,,,RBF_I__s9917__instance__severe,RBF_I,instance,severe,9917.0,confirmed,hellinger,0.01,5,4,complete,0.361688645667891,0.38976076555023925,0.36653805682216767,0.6374522963547835,0,11400,0.5027364579873392,,,0.0,0.0,0.0,0.0,0,0,0.0,,
12000,11400,6650,0,0,0.523151625005994,False,600,confirmed,True,10450,0.42028708133971293,0.39118228682416456,2851,1580,0.554191511750263,7599,3479,0.457823397815502,,,RBF_I__s9917__instance__severe,RBF_I,instance,severe,9917.0,confirmed,hellinger,0.05,1,0,complete,0.39118228682416456,0.42028708133971293,0.554191511750263,0.457823397815502,0,11400,0.523151625005994,,,0.0,0.0,0.0,0.0,0,0,0.0,,
12000,11400,4750,0,0,0.46724250000261236,False,600,rl,True,10450,0.38976076555023925,0.361688645667891,2851,1045,0.36653805682216767,7599,4844,0.6374522963547835,,,RBF_I__s9917__instance__severe,RBF_I,instance,severe,9917.0,error_rule,hellinger,0.01,5,4,complete,0.361688645667891,0.38976076555023925,0.36653805682216767,0.6374522963547835,0,11400,0.5027364579873392,,,0.0,0.0,0.0,0.0,0,0,-0.035493957984726876,,
12000,11400,6650,0,0,0.48820495800464414,False,600,rl,True,10450,0.42028708133971293,0.39118228682416456,2851,1580,0.554191511750263,7599,3479,0.457823397815502,,,RBF_I__s9917__instance__severe,RBF_I,instance,severe,9917.0,error_rule,hellinger,0.05,1,0,complete,0.39118228682416456,0.42028708133971293,0.554191511750263,0.457823397815502,0,11400,0.523151625005994,,,0.0,0.0,0.0,0.0,0,0,-0.03494666700134985,,
12000,11400,4750,0,0,0.47043875000963453,False,600,rl,True,10450,0.38976076555023925,0.361688645667891,2851,1045,0.36653805682216767,7599,4844,0.6374522963547835,,,RBF_I__s9917__instance__severe,RBF_I,instance,severe,9917.0,selected_map,hellinger,0.01,5,4,complete,0.361688645667891,0.38976076555023925,0.36653805682216767,0.6374522963547835,0,11400,0.5027364579873392,,,0.0,0.0,0.0,0.0,0,0,-0.032297707977704704,,
12000,11400,6650,0,0,0.4898006669973256,False,600,rl,True,10450,0.42028708133971293,0.39118228682416456,2851,1580,0.554191511750263,7599,3479,0.457823397815502,,,RBF_I__s9917__instance__severe,RBF_I,instance,severe,9917.0,selected_map,hellinger,0.05,1,0,complete,0.39118228682416456,0.42028708133971293,0.554191511750263,0.457823397815502,0,11400,0.523151625005994,,,0.0,0.0,0.0,0.0,0,0,-0.033350958008668385,,
12000,11400,4750,0,0,0.4695156250090804,False,600,rl,True,10450,0.38976076555023925,0.361688645667891,2851,1045,0.36653805682216767,7599,4844,0.6374522963547835,,,RBF_I__s9917__instance__severe,RBF_I,instance,severe,9917.0,q_alarm_7,hellinger,0.01,5,4,complete,0.361688645667891,0.38976076555023925,0.36653805682216767,0.6374522963547835,0,11400,0.5027364579873392,,,0.0,0.0,0.0,0.0,0,0,-0.03322083297825884,,
12000,11400,6650,0,0,0.4970588330033934,False,600,rl,True,10450,0.42028708133971293,0.39118228682416456,2851,1580,0.554191511750263,7599,3479,0.457823397815502,,,RBF_I__s9917__instance__severe,RBF_I,instance,severe,9917.0,q_alarm_7,hellinger,0.05,1,0,complete,0.39118228682416456,0.42028708133971293,0.554191511750263,0.457823397815502,0,11400,0.523151625005994,,,0.0,0.0,0.0,0.0,0,0,-0.026092792002600618,,
12000,11400,4750,0,0,0.45970016600040253,False,600,rl,True,10450,0.38976076555023925,0.361688645667891,2851,1045,0.36653805682216767,7599,4844,0.6374522963547835,,,RBF_I__s9917__instance__severe,RBF_I,instance,severe,9917.0,q_alarm_persistence_7,hellinger,0.01,5,4,complete,0.361688645667891,0.38976076555023925,0.36653805682216767,0.6374522963547835,0,11400,0.5027364579873392,,,0.0,0.0,0.0,0.0,0,0,-0.0430362919869367,,
12000,11400,6650,0,0,0.47616141599428374,False,600,rl,True,10450,0.42028708133971293,0.39118228682416456,2851,1580,0.554191511750263,7599,3479,0.457823397815502,,,RBF_I__s9917__instance__severe,RBF_I,instance,severe,9917.0,q_alarm_persistence_7,hellinger,0.05,1,0,complete,0.39118228682416456,0.42028708133971293,0.554191511750263,0.457823397815502,0,11400,0.523151625005994,,,0.0,0.0,0.0,0.0,0,0,-0.04699020901171025,,
12000,11400,6650,0,0,0.4653241249907296,False,600,none,True,10450,0.42028708133971293,0.39118228682416456,2851,1580,0.554191511750263,7599,3479,0.457823397815502,,,RBF_I__s9917__instance__severe,RBF_I,instance,severe,9917.0,no_reset,d3_oof,0.05,1,0,complete,0.39118228682416456,0.42028708133971293,0.554191511750263,0.457823397815502,0,11400,0.49156920801033266,,,0.0,0.0,0.0,0.0,0,0,-0.026245083019603044,,
12000,11400,4750,0,0,0.4480130409938283,False,600,none,True,10450,0.38976076555023925,0.361688645667891,2851,1045,0.36653805682216767,7599,4844,0.6374522963547835,,,RBF_I__s9917__instance__severe,RBF_I,instance,severe,9917.0,no_reset,d3_oof,0.01,5,4,complete,0.361688645667891,0.38976076555023925,0.36653805682216767,0.6374522963547835,0,11400,0.4723818329948699,,,0.0,0.0,0.0,0.0,0,0,-0.024368792001041584,,
12000,11400,4750,0,0,0.4723818329948699,False,600,confirmed,True,10450,0.38976076555023925,0.361688645667891,2851,1045,0.36653805682216767,7599,4844,0.6374522963547835,,,RBF_I__s9917__instance__severe,RBF_I,instance,severe,9917.0,confirmed,d3_oof,0.01,5,4,complete,0.361688645667891,0.38976076555023925,0.36653805682216767,0.6374522963547835,0,11400,0.4723818329948699,,,0.0,0.0,0.0,0.0,0,0,0.0,,
12000,11400,6650,0,0,0.49156920801033266,False,600,confirmed,True,10450,0.42028708133971293,0.39118228682416456,2851,1580,0.554191511750263,7599,3479,0.457823397815502,,,RBF_I__s9917__instance__severe,RBF_I,instance,severe,9917.0,confirmed,d3_oof,0.05,1,0,complete,0.39118228682416456,0.42028708133971293,0.554191511750263,0.457823397815502,0,11400,0.49156920801033266,,,0.0,0.0,0.0,0.0,0,0,0.0,,
12000,11400,4750,0,0,0.4730267919949256,False,600,rl,True,10450,0.38976076555023925,0.361688645667891,2851,1045,0.36653805682216767,7599,4844,0.6374522963547835,,,RBF_I__s9917__instance__severe,RBF_I,instance,severe,9917.0,error_rule,d3_oof,0.01,5,4,complete,0.361688645667891,0.38976076555023925,0.36653805682216767,0.6374522963547835,0,11400,0.4723818329948699,,,0.0,0.0,0.0,0.0,0,0,0.0006449590000556782,,
12000,11400,6650,0,0,0.489690292000887,False,600,rl,True,10450,0.42028708133971293,0.39118228682416456,2851,1580,0.554191511750263,7599,3479,0.457823397815502,,,RBF_I__s9917__instance__severe,RBF_I,instance,severe,9917.0,error_rule,d3_oof,0.05,1,0,complete,0.39118228682416456,0.42028708133971293,0.554191511750263,0.457823397815502,0,11400,0.49156920801033266,,,0.0,0.0,0.0,0.0,0,0,-0.0018789160094456747,,
12000,11400,4750,0,0,0.49697579100029543,False,600,rl,True,10450,0.38976076555023925,0.361688645667891,2851,1045,0.36653805682216767,7599,4844,0.6374522963547835,,,RBF_I__s9917__instance__severe,RBF_I,instance,severe,9917.0,selected_map,d3_oof,0.01,5,4,complete,0.361688645667891,0.38976076555023925,0.36653805682216767,0.6374522963547835,0,11400,0.4723818329948699,,,0.0,0.0,0.0,0.0,0,0,0.02459395800542552,,
12000,11400,6650,0,0,0.5129211669991491,False,600,rl,True,10450,0.42028708133971293,0.39118228682416456,2851,1580,0.554191511750263,7599,3479,0.457823397815502,,,RBF_I__s9917__instance__severe,RBF_I,instance,severe,9917.0,selected_map,d3_oof,0.05,1,0,complete,0.39118228682416456,0.42028708133971293,0.554191511750263,0.457823397815502,0,11400,0.49156920801033266,,,0.0,0.0,0.0,0.0,0,0,0.021351958988816477,,
12000,11400,4750,0,0,0.4981945830077166,False,600,rl,True,10450,0.38976076555023925,0.361688645667891,2851,1045,0.36653805682216767,7599,4844,0.6374522963547835,,,RBF_I__s9917__instance__severe,RBF_I,instance,severe,9917.0,q_alarm_7,d3_oof,0.01,5,4,complete,0.361688645667891,0.38976076555023925,0.36653805682216767,0.6374522963547835,0,11400,0.4723818329948699,,,0.0,0.0,0.0,0.0,0,0,0.025812750012846664,,
12000,11400,6650,0,0,0.5175281249976251,False,600,rl,True,10450,0.42028708133971293,0.39118228682416456,2851,1580,0.554191511750263,7599,3479,0.457823397815502,,,RBF_I__s9917__instance__severe,RBF_I,instance,severe,9917.0,q_alarm_7,d3_oof,0.05,1,0,complete,0.39118228682416456,0.42028708133971293,0.554191511750263,0.457823397815502,0,11400,0.49156920801033266,,,0.0,0.0,0.0,0.0,0,0,0.02595891698729247,,
12000,11400,4750,0,0,0.47823829199478496,False,600,rl,True,10450,0.38976076555023925,0.361688645667891,2851,1045,0.36653805682216767,7599,4844,0.6374522963547835,,,RBF_I__s9917__instance__severe,RBF_I,instance,severe,9917.0,q_alarm_persistence_7,d3_oof,0.01,5,4,complete,0.361688645667891,0.38976076555023925,0.36653805682216767,0.6374522963547835,0,11400,0.4723818329948699,,,0.0,0.0,0.0,0.0,0,0,0.0058564589999150485,,
12000,11400,6650,0,0,0.4999528750049649,False,600,rl,True,10450,0.42028708133971293,0.39118228682416456,2851,1580,0.554191511750263,7599,3479,0.457823397815502,,,RBF_I__s9917__instance__severe,RBF_I,instance,severe,9917.0,q_alarm_persistence_7,d3_oof,0.05,1,0,complete,0.39118228682416456,0.42028708133971293,0.554191511750263,0.457823397815502,0,11400,0.49156920801033266,,,0.0,0.0,0.0,0.0,0,0,0.008383666994632222,,
12000,11400,6650,0,0,1.2845809169957647,False,600,none,True,10450,0.6475598086124402,0.1971484917546776,0,0,,10450,4750,0.45454545454545453,0.33385720700493937,0.05420280186791194,radar__evaluation__clean__none__aNone,radar,clean,none,,no_reset,adwin,0.05,1,0,complete,0.2387503927341618,0.7372248803827751,,0.45454545454545453,0,13300,1.5933805829990888,0.5433318365514145,0.05420280186791194,-0.041601900979484185,-0.08966507177033489,,0.0,0,-1900,-0.3087996660033241,-0.2094746295464751,0.0
12000,11400,7600,0,0,1.5599387499969453,False,600,none,True,10450,0.6517703349282297,0.1956683658074505,0,0,,10450,3800,0.36363636363636365,0.5794791198922317,0.17845230153435623,radar__evaluation__clean__none__aNone,radar,clean,none,,no_reset,adwin,0.01,5,4,complete,0.1958825575838512,0.6519617224880383,,0.45454545454545453,0,13300,1.4749765419983305,0.583969465648855,0.17845230153435623,-0.0002141917764006962,-0.0001913875598086312,,-0.09090909090909088,0,-1900,0.08496220799861476,-0.004490345756623326,0.0
12000,13300,6650,0,0,1.4749765419983305,False,600,confirmed,True,10450,0.6519617224880383,0.1958825575838512,0,0,,10450,4750,0.45454545454545453,0.583969465648855,0.17845230153435623,radar__evaluation__clean__none__aNone,radar,clean,none,,confirmed,adwin,0.01,5,4,complete,0.1958825575838512,0.6519617224880383,,0.45454545454545453,0,13300,1.4749765419983305,0.583969465648855,0.17845230153435623,0.0,0.0,,0.0,0,0,0.0,0.0,0.0
12000,13300,6650,0,0,1.5933805829990888,False,600,confirmed,True,10450,0.7372248803827751,0.2387503927341618,0,0,,10450,4750,0.45454545454545453,0.5433318365514145,0.05420280186791194,radar__evaluation__clean__none__aNone,radar,clean,none,,confirmed,adwin,0.05,1,0,complete,0.2387503927341618,0.7372248803827751,,0.45454545454545453,0,13300,1.5933805829990888,0.5433318365514145,0.05420280186791194,0.0,0.0,,0.0,0,0,0.0,0.0,0.0
12000,11400,5700,1900,2,1.073408666998148,False,600,rl,True,10450,0.6477511961722489,0.1951378978739975,0,0,,10450,5700,0.5454545454545454,0.33340817242927706,0.05420280186791194,radar__evaluation__clean__none__aNone,radar,clean,none,,error_rule,adwin,0.05,1,0,complete,0.2387503927341618,0.7372248803827751,,0.45454545454545453,0,13300,1.5933805829990888,0.5433318365514145,0.05420280186791194,-0.0436124948601643,-0.08947368421052626,,0.09090909090909088,2,-1900,-0.5199719160009408,-0.20992366412213742,0.0
12000,11400,2850,0,0,0.9223551250033779,False,600,rl,True,10450,0.4864114832535885,0.08493182729581607,0,0,,10450,8550,0.8181818181818182,0.12819937135159407,0.15226817878585724,radar__evaluation__clean__none__aNone,radar,clean,none,,error_rule,adwin,0.01,5,4,complete,0.1958825575838512,0.6519617224880383,,0.45454545454545453,0,13300,1.4749765419983305,0.583969465648855,0.17845230153435623,-0.11095073028803513,-0.16555023923444978,,0.3636363636363637,0,-1900,-0.5526214169949526,-0.4557700942972609,-0.02618412274849899
12000,11400,2850,0,0,0.9949562499969034,False,600,rl,True,10450,0.4864114832535885,0.08493182729581607,0,0,,10450,8550,0.8181818181818182,0.12819937135159407,0.15226817878585724,radar__evaluation__clean__none__aNone,radar,clean,none,,selected_map,adwin,0.01,5,4,complete,0.1958825575838512,0.6519617224880383,,0.45454545454545453,0,13300,1.4749765419983305,0.583969465648855,0.17845230153435623,-0.11095073028803513,-0.16555023923444978,,0.3636363636363637,0,-1900,-0.48002029200142715,-0.4557700942972609,-0.02618412274849899
12000,11400,5700,950,1,1.1491946250025649,False,600,rl,True,10450,0.6477511961722489,0.1951378978739975,0,0,,10450,5700,0.5454545454545454,0.33340817242927706,0.05420280186791194,radar__evaluation__clean__none__aNone,radar,clean,none,,selected_map,adwin,0.05,1,0,complete,0.2387503927341618,0.7372248803827751,,0.45454545454545453,0,13300,1.5933805829990888,0.5433318365514145,0.05420280186791194,-0.0436124948601643,-0.08947368421052626,,0.09090909090909088,1,-1900,-0.44418595799652394,-0.20992366412213742,0.0
12000,11400,6650,0,0,1.3234394999890355,False,600,rl,True,10450,0.6475598086124402,0.1971484917546776,0,0,,10450,4750,0.45454545454545453,0.33385720700493937,0.05420280186791194,radar__evaluation__clean__none__aNone,radar,clean,none,,q_alarm_7,adwin,0.05,1,0,complete,0.2387503927341618,0.7372248803827751,,0.45454545454545453,0,13300,1.5933805829990888,0.5433318365514145,0.05420280186791194,-0.041601900979484185,-0.08966507177033489,,0.0,0,-1900,-0.26994108301005326,-0.2094746295464751,0.0
12000,11400,7600,0,0,1.6011381249991246,False,600,rl,True,10450,0.6517703349282297,0.1956683658074505,0,0,,10450,3800,0.36363636363636365,0.5794791198922317,0.17845230153435623,radar__evaluation__clean__none__aNone,radar,clean,none,,q_alarm_7,adwin,0.01,5,4,complete,0.1958825575838512,0.6519617224880383,,0.45454545454545453,0,13300,1.4749765419983305,0.583969465648855,0.17845230153435623,-0.0002141917764006962,-0.0001913875598086312,,-0.09090909090909088,0,-1900,0.12616158300079405,-0.004490345756623326,0.0
12000,11400,6650,0,0,1.3238321660028305,False,600,rl,True,10450,0.6475598086124402,0.1971484917546776,0,0,,10450,4750,0.45454545454545453,0.33385720700493937,0.05420280186791194,radar__evaluation__clean__none__aNone,radar,clean,none,,q_alarm_persistence_7,adwin,0.05,1,0,complete,0.2387503927341618,0.7372248803827751,,0.45454545454545453,0,13300,1.5933805829990888,0.5433318365514145,0.05420280186791194,-0.041601900979484185,-0.08966507177033489,,0.0,0,-1900,-0.2695484169962583,-0.2094746295464751,0.0
12000,11400,7600,0,0,1.6201661670056637,False,600,rl,True,10450,0.6517703349282297,0.1956683658074505,0,0,,10450,3800,0.36363636363636365,0.5794791198922317,0.17845230153435623,radar__evaluation__clean__none__aNone,radar,clean,none,,q_alarm_persistence_7,adwin,0.01,5,4,complete,0.1958825575838512,0.6519617224880383,,0.45454545454545453,0,13300,1.4749765419983305,0.583969465648855,0.17845230153435623,-0.0002141917764006962,-0.0001913875598086312,,-0.09090909090909088,0,-1900,0.14518962500733323,-0.004490345756623326,0.0
12000,11400,6650,0,0,1.2762604169984115,False,600,none,True,10450,0.6475598086124402,0.1971484917546776,0,0,,10450,4750,0.45454545454545453,0.33385720700493937,0.05420280186791194,radar__evaluation__clean__none__aNone,radar,clean,none,,no_reset,hddm_w,0.05,1,0,complete,0.2387503927341618,0.7372248803827751,,0.45454545454545453,0,13300,1.65643600000476,0.5433318365514145,0.05420280186791194,-0.041601900979484185,-0.08966507177033489,,0.0,0,-1900,-0.38017558300634846,-0.2094746295464751,0.0
12000,11400,7600,0,0,1.581596834002994,False,600,none,True,10450,0.6517703349282297,0.1956683658074505,0,0,,10450,3800,0.36363636363636365,0.5794791198922317,0.17845230153435623,radar__evaluation__clean__none__aNone,radar,clean,none,,no_reset,hddm_w,0.01,5,4,complete,0.1958825575838512,0.6519617224880383,,0.45454545454545453,0,13300,1.5263515840051696,0.583969465648855,0.17845230153435623,-0.0002141917764006962,-0.0001913875598086312,,-0.09090909090909088,0,-1900,0.05524524999782443,-0.004490345756623326,0.0
12000,13300,6650,0,0,1.65643600000476,False,600,confirmed,True,10450,0.7372248803827751,0.2387503927341618,0,0,,10450,4750,0.45454545454545453,0.5433318365514145,0.05420280186791194,radar__evaluation__clean__none__aNone,radar,clean,none,,confirmed,hddm_w,0.05,1,0,complete,0.2387503927341618,0.7372248803827751,,0.45454545454545453,0,13300,1.65643600000476,0.5433318365514145,0.05420280186791194,0.0,0.0,,0.0,0,0,0.0,0.0,0.0
12000,13300,6650,0,0,1.5263515840051696,False,600,confirmed,True,10450,0.6519617224880383,0.1958825575838512,0,0,,10450,4750,0.45454545454545453,0.583969465648855,0.17845230153435623,radar__evaluation__clean__none__aNone,radar,clean,none,,confirmed,hddm_w,0.01,5,4,complete,0.1958825575838512,0.6519617224880383,,0.45454545454545453,0,13300,1.5263515840051696,0.583969465648855,0.17845230153435623,0.0,0.0,,0.0,0,0,0.0,0.0,0.0
12000,11400,5700,1900,2,1.1618778749980265,False,600,rl,True,10450,0.6477511961722489,0.1951378978739975,0,0,,10450,5700,0.5454545454545454,0.33340817242927706,0.05420280186791194,radar__evaluation__clean__none__aNone,radar,clean,none,,error_rule,hddm_w,0.05,1,0,complete,0.2387503927341618,0.7372248803827751,,0.45454545454545453,0,13300,1.65643600000476,0.5433318365514145,0.05420280186791194,-0.0436124948601643,-0.08947368421052626,,0.09090909090909088,2,-1900,-0.49455812500673346,-0.20992366412213742,0.0
12000,11400,2850,0,0,0.9768527909909608,False,600,rl,True,10450,0.4864114832535885,0.08493182729581607,0,0,,10450,8550,0.8181818181818182,0.12819937135159407,0.15226817878585724,radar__evaluation__clean__none__aNone,radar,clean,none,,error_rule,hddm_w,0.01,5,4,complete,0.1958825575838512,0.6519617224880383,,0.45454545454545453,0,13300,1.5263515840051696,0.583969465648855,0.17845230153435623,-0.11095073028803513,-0.16555023923444978,,0.3636363636363637,0,-1900,-0.5494987930142088,-0.4557700942972609,-0.02618412274849899
12000,11400,5700,0,0,1.2575171250064159,False,600,rl,True,10450,0.6477511961722489,0.1951378978739975,0,0,,10450,5700,0.5454545454545454,0.33340817242927706,0.05420280186791194,radar__evaluation__clean__none__aNone,radar,clean,none,,selected_map,hddm_w,0.05,1,0,complete,0.2387503927341618,0.7372248803827751,,0.45454545454545453,0,13300,1.65643600000476,0.5433318365514145,0.05420280186791194,-0.0436124948601643,-0.08947368421052626,,0.09090909090909088,0,-1900,-0.3989188749983441,-0.20992366412213742,0.0
12000,11400,2850,0,0,1.0492487909941701,False,600,rl,True,10450,0.4864114832535885,0.08493182729581607,0,0,,10450,8550,0.8181818181818182,0.12819937135159407,0.15226817878585724,radar__evaluation__clean__none__aNone,radar,clean,none,,selected_map,hddm_w,0.01,5,4,complete,0.1958825575838512,0.6519617224880383,,0.45454545454545453,0,13300,1.5263515840051696,0.583969465648855,0.17845230153435623,-0.11095073028803513,-0.16555023923444978,,0.3636363636363637,0,-1900,-0.47710279301099945,-0.4557700942972609,-0.02618412274849899
12000,11400,6650,0,0,1.3018368750053924,False,600,rl,True,10450,0.6475598086124402,0.1971484917546776,0,0,,10450,4750,0.45454545454545453,0.33385720700493937,0.05420280186791194,radar__evaluation__clean__none__aNone,radar,clean,none,,q_alarm_7,hddm_w,0.05,1,0,complete,0.2387503927341618,0.7372248803827751,,0.45454545454545453,0,13300,1.65643600000476,0.5433318365514145,0.05420280186791194,-0.041601900979484185,-0.08966507177033489,,0.0,0,-1900,-0.35459912499936763,-0.2094746295464751,0.0
12000,11400,7600,0,0,1.5700106250005774,False,600,rl,True,10450,0.6517703349282297,0.1956683658074505,0,0,,10450,3800,0.36363636363636365,0.5794791198922317,0.17845230153435623,radar__evaluation__clean__none__aNone,radar,clean,none,,q_alarm_7,hddm_w,0.01,5,4,complete,0.1958825575838512,0.6519617224880383,,0.45454545454545453,0,13300,1.5263515840051696,0.583969465648855,0.17845230153435623,-0.0002141917764006962,-0.0001913875598086312,,-0.09090909090909088,0,-1900,0.04365904099540785,-0.004490345756623326,0.0
12000,11400,6650,0,0,1.2959377079969272,False,600,rl,True,10450,0.6475598086124402,0.1971484917546776,0,0,,10450,4750,0.45454545454545453,0.33385720700493937,0.05420280186791194,radar__evaluation__clean__none__aNone,radar,clean,none,,q_alarm_persistence_7,hddm_w,0.05,1,0,complete,0.2387503927341618,0.7372248803827751,,0.45454545454545453,0,13300,1.65643600000476,0.5433318365514145,0.05420280186791194,-0.041601900979484185,-0.08966507177033489,,0.0,0,-1900,-0.3604982920078328,-0.2094746295464751,0.0
12000,11400,7600,0,0,1.5828492080036085,False,600,rl,True,10450,0.6517703349282297,0.1956683658074505,0,0,,10450,3800,0.36363636363636365,0.5794791198922317,0.17845230153435623,radar__evaluation__clean__none__aNone,radar,clean,none,,q_alarm_persistence_7,hddm_w,0.01,5,4,complete,0.1958825575838512,0.6519617224880383,,0.45454545454545453,0,13300,1.5263515840051696,0.583969465648855,0.17845230153435623,-0.0002141917764006962,-0.0001913875598086312,,-0.09090909090909088,0,-1900,0.05649762399843894,-0.004490345756623326,0.0
12000,11400,6650,0,0,1.2542154580005445,False,600,none,True,10450,0.6475598086124402,0.1971484917546776,0,0,,10450,4750,0.45454545454545453,0.33385720700493937,0.05420280186791194,radar__evaluation__clean__none__aNone,radar,clean,none,,no_reset,hellinger,0.05,1,0,complete,0.1971484917546776,0.6475598086124402,,0.36363636363636365,1,13300,1.2975919579912443,0.33385720700493937,0.05420280186791194,0.0,0.0,,0.09090909090909088,-1,-1900,-0.04337649999069981,0.0,0.0
12000,13300,8550,2850,1,1.2975919579912443,False,600,confirmed,True,10450,0.6475598086124402,0.1971484917546776,0,0,,10450,3800,0.36363636363636365,0.33385720700493937,0.05420280186791194,radar__evaluation__clean__none__aNone,radar,clean,none,,confirmed,hellinger,0.05,1,0,complete,0.1971484917546776,0.6475598086124402,,0.36363636363636365,1,13300,1.2975919579912443,0.33385720700493937,0.05420280186791194,0.0,0.0,,0.0,0,0,0.0,0.0,0.0
12000,11400,7600,0,0,1.5344601250108099,False,600,none,True,10450,0.6517703349282297,0.1956683658074505,0,0,,10450,3800,0.36363636363636365,0.5794791198922317,0.17845230153435623,radar__evaluation__clean__none__aNone,radar,clean,none,,no_reset,hellinger,0.01,5,4,complete,0.1956683658074505,0.6517703349282297,,0.36363636363636365,0,11400,1.546098874998279,0.5794791198922317,0.17845230153435623,0.0,0.0,,0.0,0,0,-0.011638749987469055,0.0,0.0
12000,11400,5700,1900,2,1.0771674159914255,False,600,rl,True,10450,0.6477511961722489,0.1951378978739975,0,0,,10450,5700,0.5454545454545454,0.33340817242927706,0.05420280186791194,radar__evaluation__clean__none__aNone,radar,clean,none,,error_rule,hellinger,0.05,1,0,complete,0.1971484917546776,0.6475598086124402,,0.36363636363636365,1,13300,1.2975919579912443,0.33385720700493937,0.05420280186791194,-0.002010593880680117,0.0001913875598086312,,0.18181818181818177,1,-1900,-0.22042454199981876,-0.0004490345756623104,0.0
12000,11400,7600,0,0,1.546098874998279,False,600,confirmed,True,10450,0.6517703349282297,0.1956683658074505,0,0,,10450,3800,0.36363636363636365,0.5794791198922317,0.17845230153435623,radar__evaluation__clean__none__aNone,radar,clean,none,,confirmed,hellinger,0.01,5,4,complete,0.1956683658074505,0.6517703349282297,,0.36363636363636365,0,11400,1.546098874998279,0.5794791198922317,0.17845230153435623,0.0,0.0,,0.0,0,0,0.0,0.0,0.0
12000,11400,2850,0,0,0.92282962500758,False,600,rl,True,10450,0.4864114832535885,0.08493182729581607,0,0,,10450,8550,0.8181818181818182,0.12819937135159407,0.15226817878585724,radar__evaluation__clean__none__aNone,radar,clean,none,,error_rule,hellinger,0.01,5,4,complete,0.1956683658074505,0.6517703349282297,,0.36363636363636365,0,11400,1.546098874998279,0.5794791198922317,0.17845230153435623,-0.11073653851163444,-0.16535885167464115,,0.4545454545454546,0,0,-0.6232692499906989,-0.45127974854063757,-0.02618412274849899
12000,11400,6650,0,0,1.2074069579975912,False,600,rl,True,10450,0.6475598086124402,0.1971484917546776,0,0,,10450,4750,0.45454545454545453,0.33385720700493937,0.05420280186791194,radar__evaluation__clean__none__aNone,radar,clean,none,,selected_map,hellinger,0.05,1,0,complete,0.1971484917546776,0.6475598086124402,,0.36363636363636365,1,13300,1.2975919579912443,0.33385720700493937,0.05420280186791194,0.0,0.0,,0.09090909090909088,-1,-1900,-0.09018499999365304,0.0,0.0
12000,11400,5700,0,0,1.3887346249975963,False,600,rl,True,10450,0.47138755980861247,0.08388964577656675,0,0,,10450,5700,0.5454545454545454,0.15626403233048944,0.17845230153435623,radar__evaluation__clean__none__aNone,radar,clean,none,,selected_map,hellinger,0.01,5,4,complete,0.1956683658074505,0.6517703349282297,,0.36363636363636365,0,11400,1.546098874998279,0.5794791198922317,0.17845230153435623,-0.11177872003088375,-0.1803827751196172,,0.18181818181818177,0,0,-0.15736425000068266,-0.4232150875617422,0.0
12000,11400,6650,0,0,1.2789010829874314,False,600,rl,True,10450,0.6475598086124402,0.1971484917546776,0,0,,10450,4750,0.45454545454545453,0.33385720700493937,0.05420280186791194,radar__evaluation__clean__none__aNone,radar,clean,none,,q_alarm_7,hellinger,0.05,1,0,complete,0.1971484917546776,0.6475598086124402,,0.36363636363636365,1,13300,1.2975919579912443,0.33385720700493937,0.05420280186791194,0.0,0.0,,0.09090909090909088,-1,-1900,-0.018690875003812835,0.0,0.0
12000,11400,7600,0,0,1.5337939160090173,False,600,rl,True,10450,0.6517703349282297,0.1956683658074505,0,0,,10450,3800,0.36363636363636365,0.5794791198922317,0.17845230153435623,radar__evaluation__clean__none__aNone,radar,clean,none,,q_alarm_7,hellinger,0.01,5,4,complete,0.1956683658074505,0.6517703349282297,,0.36363636363636365,0,11400,1.546098874998279,0.5794791198922317,0.17845230153435623,0.0,0.0,,0.0,0,0,-0.01230495898926165,0.0,0.0
12000,11400,6650,0,0,1.2867821670079138,False,600,rl,True,10450,0.6475598086124402,0.1971484917546776,0,0,,10450,4750,0.45454545454545453,0.33385720700493937,0.05420280186791194,radar__evaluation__clean__none__aNone,radar,clean,none,,q_alarm_persistence_7,hellinger,0.05,1,0,complete,0.1971484917546776,0.6475598086124402,,0.36363636363636365,1,13300,1.2975919579912443,0.33385720700493937,0.05420280186791194,0.0,0.0,,0.09090909090909088,-1,-1900,-0.010809790983330458,0.0,0.0
12000,11400,7600,0,0,1.5517632079863688,False,600,rl,True,10450,0.6517703349282297,0.1956683658074505,0,0,,10450,3800,0.36363636363636365,0.5794791198922317,0.17845230153435623,radar__evaluation__clean__none__aNone,radar,clean,none,,q_alarm_persistence_7,hellinger,0.01,5,4,complete,0.1956683658074505,0.6517703349282297,,0.36363636363636365,0,11400,1.546098874998279,0.5794791198922317,0.17845230153435623,0.0,0.0,,0.0,0,0,0.005664332988089882,0.0,0.0
12000,11400,6650,0,0,1.2882050830085063,False,600,none,True,10450,0.6475598086124402,0.1971484917546776,0,0,,10450,4750,0.45454545454545453,0.33385720700493937,0.05420280186791194,radar__evaluation__clean__none__aNone,radar,clean,none,,no_reset,d3_oof,0.05,1,0,complete,0.1971484917546776,0.6475598086124402,,0.45454545454545453,0,11400,1.4182917080033803,0.33385720700493937,0.05420280186791194,0.0,0.0,,0.0,0,0,-0.130086624994874,0.0,0.0
12000,11400,6650,0,0,1.4182917080033803,False,600,confirmed,True,10450,0.6475598086124402,0.1971484917546776,0,0,,10450,4750,0.45454545454545453,0.33385720700493937,0.05420280186791194,radar__evaluation__clean__none__aNone,radar,clean,none,,confirmed,d3_oof,0.05,1,0,complete,0.1971484917546776,0.6475598086124402,,0.45454545454545453,0,11400,1.4182917080033803,0.33385720700493937,0.05420280186791194,0.0,0.0,,0.0,0,0,0.0,0.0,0.0
12000,11400,7600,0,0,1.5499021660070866,False,600,none,True,10450,0.6517703349282297,0.1956683658074505,0,0,,10450,3800,0.36363636363636365,0.5794791198922317,0.17845230153435623,radar__evaluation__clean__none__aNone,radar,clean,none,,no_reset,d3_oof,0.01,5,4,complete,0.1956683658074505,0.6517703349282297,,0.36363636363636365,0,11400,1.685775250007282,0.5794791198922317,0.17845230153435623,0.0,0.0,,0.0,0,0,-0.13587308400019538,0.0,0.0
12000,11400,5700,1900,2,1.219294666996575,False,600,rl,True,10450,0.6477511961722489,0.1951378978739975,0,0,,10450,5700,0.5454545454545454,0.33340817242927706,0.05420280186791194,radar__evaluation__clean__none__aNone,radar,clean,none,,error_rule,d3_oof,0.05,1,0,complete,0.1971484917546776,0.6475598086124402,,0.45454545454545453,0,11400,1.4182917080033803,0.33385720700493937,0.05420280186791194,-0.002010593880680117,0.0001913875598086312,,0.09090909090909088,2,0,-0.19899704100680538,-0.0004490345756623104,0.0
12000,11400,7600,0,0,1.685775250007282,False,600,confirmed,True,10450,0.6517703349282297,0.1956683658074505,0,0,,10450,3800,0.36363636363636365,0.5794791198922317,0.17845230153435623,radar__evaluation__clean__none__aNone,radar,clean,none,,confirmed,d3_oof,0.01,5,4,complete,0.1956683658074505,0.6517703349282297,,0.36363636363636365,0,11400,1.685775250007282,0.5794791198922317,0.17845230153435623,0.0,0.0,,0.0,0,0,0.0,0.0,0.0
12000,11400,2850,0,0,1.0853143749991432,False,600,rl,True,10450,0.4864114832535885,0.08493182729581607,0,0,,10450,8550,0.8181818181818182,0.12819937135159407,0.15226817878585724,radar__evaluation__clean__none__aNone,radar,clean,none,,error_rule,d3_oof,0.01,5,4,complete,0.1956683658074505,0.6517703349282297,,0.36363636363636365,0,11400,1.685775250007282,0.5794791198922317,0.17845230153435623,-0.11073653851163444,-0.16535885167464115,,0.4545454545454546,0,0,-0.6004608750081388,-0.45127974854063757,-0.02618412274849899
12000,11400,6650,0,0,1.4195534580067033,False,600,rl,True,10450,0.6475598086124402,0.1971484917546776,0,0,,10450,4750,0.45454545454545453,0.33385720700493937,0.05420280186791194,radar__evaluation__clean__none__aNone,radar,clean,none,,selected_map,d3_oof,0.05,1,0,complete,0.1971484917546776,0.6475598086124402,,0.45454545454545453,0,11400,1.4182917080033803,0.33385720700493937,0.05420280186791194,0.0,0.0,,0.0,0,0,0.001261750003322959,0.0,0.0
12000,11400,7600,0,0,1.70792541699484,False,600,rl,True,10450,0.6517703349282297,0.1956683658074505,0,0,,10450,3800,0.36363636363636365,0.5794791198922317,0.17845230153435623,radar__evaluation__clean__none__aNone,radar,clean,none,,selected_map,d3_oof,0.01,5,4,complete,0.1956683658074505,0.6517703349282297,,0.36363636363636365,0,11400,1.685775250007282,0.5794791198922317,0.17845230153435623,0.0,0.0,,0.0,0,0,0.022150166987557895,0.0,0.0
12000,11400,6650,0,0,1.4195367920037825,False,600,rl,True,10450,0.6475598086124402,0.1971484917546776,0,0,,10450,4750,0.45454545454545453,0.33385720700493937,0.05420280186791194,radar__evaluation__clean__none__aNone,radar,clean,none,,q_alarm_7,d3_oof,0.05,1,0,complete,0.1971484917546776,0.6475598086124402,,0.45454545454545453,0,11400,1.4182917080033803,0.33385720700493937,0.05420280186791194,0.0,0.0,,0.0,0,0,0.0012450840004021302,0.0,0.0
12000,11400,7600,0,0,1.687424290998024,False,600,rl,True,10450,0.6517703349282297,0.1956683658074505,0,0,,10450,3800,0.36363636363636365,0.5794791198922317,0.17845230153435623,radar__evaluation__clean__none__aNone,radar,clean,none,,q_alarm_7,d3_oof,0.01,5,4,complete,0.1956683658074505,0.6517703349282297,,0.36363636363636365,0,11400,1.685775250007282,0.5794791198922317,0.17845230153435623,0.0,0.0,,0.0,0,0,0.0016490409907419235,0.0,0.0
12000,11400,6650,0,0,1.4238286250038072,False,600,rl,True,10450,0.6475598086124402,0.1971484917546776,0,0,,10450,4750,0.45454545454545453,0.33385720700493937,0.05420280186791194,radar__evaluation__clean__none__aNone,radar,clean,none,,q_alarm_persistence_7,d3_oof,0.05,1,0,complete,0.1971484917546776,0.6475598086124402,,0.45454545454545453,0,11400,1.4182917080033803,0.33385720700493937,0.05420280186791194,0.0,0.0,,0.0,0,0,0.005536917000426911,0.0,0.0
12000,11400,7600,0,0,1.7092553330003284,False,600,rl,True,10450,0.6517703349282297,0.1956683658074505,0,0,,10450,3800,0.36363636363636365,0.5794791198922317,0.17845230153435623,radar__evaluation__clean__none__aNone,radar,clean,none,,q_alarm_persistence_7,d3_oof,0.01,5,4,complete,0.1956683658074505,0.6517703349282297,,0.36363636363636365,0,11400,1.685775250007282,0.5794791198922317,0.17845230153435623,0.0,0.0,,0.0,0,0,0.02348008299304638,0.0,0.0
12000,11400,8550,0,0,1.7092387080047047,False,600,none,True,10450,0.5335885167464115,0.1221792552798992,2844,2047,0.719760900140647,7606,2053,0.26991848540625824,0.11427929950606197,0.09739826551034023,radar__evaluation__instance__severe__a0,radar,instance,severe,,no_reset,adwin,0.05,1,0,complete,0.1903605111748986,0.6243062200956938,0.8136427566807314,0.1801209571391007,1,13300,1.7904002919967752,0.3224068253255501,0.09739826551034023,-0.0681812558949994,-0.09071770334928231,-0.09388185654008441,0.08979752826715753,-1,-1900,-0.08116158399207052,-0.20812752581948812,0.0
12000,11400,7600,0,0,1.8169577499938896,False,600,none,True,10450,0.6623923444976076,0.19660668003122303,2844,1822,0.6406469760900141,7606,2778,0.36523797002366554,0.5680287382128424,0.15993995997331553,radar__evaluation__instance__severe__a0,radar,instance,severe,,no_reset,adwin,0.01,5,4,complete,0.19660668003122303,0.6623923444976076,0.6406469760900141,0.36523797002366554,0,11400,1.835253166995244,0.5680287382128424,0.15993995997331553,0.0,0.0,0.0,0.0,0,0,-0.018295417001354508,0.0,0.0
12000,13300,10450,2850,1,1.7904002919967752,False,600,confirmed,True,10450,0.6243062200956938,0.1903605111748986,2844,2314,0.8136427566807314,7606,1370,0.1801209571391007,0.3224068253255501,0.09739826551034023,radar__evaluation__instance__severe__a0,radar,instance,severe,,confirmed,adwin,0.05,1,0,complete,0.1903605111748986,0.6243062200956938,0.8136427566807314,0.1801209571391007,1,13300,1.7904002919967752,0.3224068253255501,0.09739826551034023,0.0,0.0,0.0,0.0,0,0,0.0,0.0,0.0
12000,11400,6650,950,1,1.262864874996012,False,600,rl,True,10450,0.6244976076555024,0.19021680984876516,2844,1533,0.5390295358649789,7606,3439,0.4521430449645017,0.3257745846430175,0.09739826551034023,radar__evaluation__instance__severe__a0,radar,instance,severe,,error_rule,adwin,0.05,1,0,complete,0.1903605111748986,0.6243062200956938,0.8136427566807314,0.1801209571391007,1,13300,1.7904002919967752,0.3224068253255501,0.09739826551034023,-0.00014370132613344966,0.0001913875598086312,-0.27461322081575246,0.272022087825401,0,-1900,-0.5275354170007631,0.0033677593174674114,0.0
12000,11400,7600,0,0,1.835253166995244,False,600,confirmed,True,10450,0.6623923444976076,0.19660668003122303,2844,1822,0.6406469760900141,7606,2778,0.36523797002366554,0.5680287382128424,0.15993995997331553,radar__evaluation__instance__severe__a0,radar,instance,severe,,confirmed,adwin,0.01,5,4,complete,0.19660668003122303,0.6623923444976076,0.6406469760900141,0.36523797002366554,0,11400,1.835253166995244,0.5680287382128424,0.15993995997331553,0.0,0.0,0.0,0.0,0,0,0.0,0.0,0.0
12000,11400,3800,0,0,1.311176625007647,False,600,rl,True,10450,0.48200956937799044,0.08486083967922367,2844,765,0.2689873417721519,7606,5521,0.7258743097554562,0.14548720251459363,0.15993995997331553,radar__evaluation__instance__severe__a0,radar,instance,severe,,error_rule,adwin,0.01,5,4,complete,0.19660668003122303,0.6623923444976076,0.6406469760900141,0.36523797002366554,0,11400,1.835253166995244,0.5680287382128424,0.15993995997331553,-0.11174584035199936,-0.1803827751196172,-0.3716596343178622,0.36063633973179066,0,0,-0.524076541987597,-0.42254153569824876,0.0
12000,11400,6650,0,0,1.4189818750019185,False,600,rl,True,10450,0.5335885167464115,0.12194798972824848,2844,1533,0.5390295358649789,7606,3439,0.4521430449645017,0.11293219577907498,0.09739826551034023,radar__evaluation__instance__severe__a0,radar,instance,severe,,selected_map,adwin,0.05,1,0,complete,0.1903605111748986,0.6243062200956938,0.8136427566807314,0.1801209571391007,1,13300,1.7904002919967752,0.3224068253255501,0.09739826551034023,-0.06841252144665012,-0.09071770334928231,-0.27461322081575246,0.272022087825401,-1,-1900,-0.37141841699485667,-0.2094746295464751,0.0
12000,11400,4750,0,0,1.492413125000894,False,600,rl,True,10450,0.48200956937799044,0.08486083967922367,2844,1045,0.36744022503516177,7606,4851,0.6377859584538522,0.14548720251459363,0.15993995997331553,radar__evaluation__instance__severe__a0,radar,instance,severe,,selected_map,adwin,0.01,5,4,complete,0.19660668003122303,0.6623923444976076,0.6406469760900141,0.36523797002366554,0,11400,1.835253166995244,0.5680287382128424,0.15993995997331553,-0.11174584035199936,-0.1803827751196172,-0.2732067510548523,0.2725479884301867,0,0,-0.34284004199435003,-0.42254153569824876,0.0
12000,11400,8550,0,0,1.7363504170061788,False,600,rl,True,10450,0.5335885167464115,0.1221792552798992,2844,2047,0.719760900140647,7606,2053,0.26991848540625824,0.11427929950606197,0.09739826551034023,radar__evaluation__instance__severe__a0,radar,instance,severe,,q_alarm_7,adwin,0.05,1,0,complete,0.1903605111748986,0.6243062200956938,0.8136427566807314,0.1801209571391007,1,13300,1.7904002919967752,0.3224068253255501,0.09739826551034023,-0.0681812558949994,-0.09071770334928231,-0.09388185654008441,0.08979752826715753,-1,-1900,-0.054049874990596436,-0.20812752581948812,0.0
12000,11400,7600,0,0,1.814150249992963,False,600,rl,True,10450,0.6623923444976076,0.19660668003122303,2844,1822,0.6406469760900141,7606,2778,0.36523797002366554,0.5680287382128424,0.15993995997331553,radar__evaluation__instance__severe__a0,radar,instance,severe,,q_alarm_7,adwin,0.01,5,4,complete,0.19660668003122303,0.6623923444976076,0.6406469760900141,0.36523797002366554,0,11400,1.835253166995244,0.5680287382128424,0.15993995997331553,0.0,0.0,0.0,0.0,0,0,-0.021102917002281174,0.0,0.0
12000,11400,8550,0,0,1.7165796250046697,False,600,rl,True,10450,0.5335885167464115,0.1221792552798992,2844,2047,0.719760900140647,7606,2053,0.26991848540625824,0.11427929950606197,0.09739826551034023,radar__evaluation__instance__severe__a0,radar,instance,severe,,q_alarm_persistence_7,adwin,0.05,1,0,complete,0.1903605111748986,0.6243062200956938,0.8136427566807314,0.1801209571391007,1,13300,1.7904002919967752,0.3224068253255501,0.09739826551034023,-0.0681812558949994,-0.09071770334928231,-0.09388185654008441,0.08979752826715753,-1,-1900,-0.07382066699210554,-0.20812752581948812,0.0
12000,11400,7600,0,0,1.8046957079932326,False,600,rl,True,10450,0.6623923444976076,0.19660668003122303,2844,1822,0.6406469760900141,7606,2778,0.36523797002366554,0.5680287382128424,0.15993995997331553,radar__evaluation__instance__severe__a0,radar,instance,severe,,q_alarm_persistence_7,adwin,0.01,5,4,complete,0.19660668003122303,0.6623923444976076,0.6406469760900141,0.36523797002366554,0,11400,1.835253166995244,0.5680287382128424,0.15993995997331553,0.0,0.0,0.0,0.0,0,0,-0.030557459002011456,0.0,0.0
12000,11400,8550,0,0,1.7598662079981295,False,600,none,True,10450,0.5335885167464115,0.1221792552798992,2844,2047,0.719760900140647,7606,2053,0.26991848540625824,0.11427929950606197,0.09739826551034023,radar__evaluation__instance__severe__a0,radar,instance,severe,,no_reset,hddm_w,0.05,1,0,complete,0.1903605111748986,0.6243062200956938,0.8136427566807314,0.1801209571391007,1,13300,1.8250322079984471,0.3224068253255501,0.09739826551034023,-0.0681812558949994,-0.09071770334928231,-0.09388185654008441,0.08979752826715753,-1,-1900,-0.06516600000031758,-0.20812752581948812,0.0
12000,11400,7600,0,0,1.840436749989749,False,600,none,True,10450,0.6623923444976076,0.19660668003122303,2844,1822,0.6406469760900141,7606,2778,0.36523797002366554,0.5680287382128424,0.15993995997331553,radar__evaluation__instance__severe__a0,radar,instance,severe,,no_reset,hddm_w,0.01,5,4,complete,0.19660668003122303,0.6623923444976076,0.6406469760900141,0.36523797002366554,0,11400,1.8514446659974055,0.5680287382128424,0.15993995997331553,0.0,0.0,0.0,0.0,0,0,-0.011007916007656604,0.0,0.0
12000,13300,10450,2850,1,1.8250322079984471,False,600,confirmed,True,10450,0.6243062200956938,0.1903605111748986,2844,2314,0.8136427566807314,7606,1370,0.1801209571391007,0.3224068253255501,0.09739826551034023,radar__evaluation__instance__severe__a0,radar,instance,severe,,confirmed,hddm_w,0.05,1,0,complete,0.1903605111748986,0.6243062200956938,0.8136427566807314,0.1801209571391007,1,13300,1.8250322079984471,0.3224068253255501,0.09739826551034023,0.0,0.0,0.0,0.0,0,0,0.0,0.0,0.0
12000,11400,7600,0,0,1.8514446659974055,False,600,confirmed,True,10450,0.6623923444976076,0.19660668003122303,2844,1822,0.6406469760900141,7606,2778,0.36523797002366554,0.5680287382128424,0.15993995997331553,radar__evaluation__instance__severe__a0,radar,instance,severe,,confirmed,hddm_w,0.01,5,4,complete,0.19660668003122303,0.6623923444976076,0.6406469760900141,0.36523797002366554,0,11400,1.8514446659974055,0.5680287382128424,0.15993995997331553,0.0,0.0,0.0,0.0,0,0,0.0,0.0,0.0
12000,11400,6650,950,1,1.2931670420075534,False,600,rl,True,10450,0.6244976076555024,0.19021680984876516,2844,1533,0.5390295358649789,7606,3439,0.4521430449645017,0.3257745846430175,0.09739826551034023,radar__evaluation__instance__severe__a0,radar,instance,severe,,error_rule,hddm_w,0.05,1,0,complete,0.1903605111748986,0.6243062200956938,0.8136427566807314,0.1801209571391007,1,13300,1.8250322079984471,0.3224068253255501,0.09739826551034023,-0.00014370132613344966,0.0001913875598086312,-0.27461322081575246,0.272022087825401,0,-1900,-0.5318651659908937,0.0033677593174674114,0.0
12000,11400,3800,0,0,1.336403249995783,False,600,rl,True,10450,0.48200956937799044,0.08486083967922367,2844,765,0.2689873417721519,7606,5521,0.7258743097554562,0.14548720251459363,0.15993995997331553,radar__evaluation__instance__severe__a0,radar,instance,severe,,error_rule,hddm_w,0.01,5,4,complete,0.19660668003122303,0.6623923444976076,0.6406469760900141,0.36523797002366554,0,11400,1.8514446659974055,0.5680287382128424,0.15993995997331553,-0.11174584035199936,-0.1803827751196172,-0.3716596343178622,0.36063633973179066,0,0,-0.5150414160016226,-0.42254153569824876,0.0
12000,11400,6650,0,0,1.4469556249969173,False,600,rl,True,10450,0.5335885167464115,0.12194798972824848,2844,1533,0.5390295358649789,7606,3439,0.4521430449645017,0.11293219577907498,0.09739826551034023,radar__evaluation__instance__severe__a0,radar,instance,severe,,selected_map,hddm_w,0.05,1,0,complete,0.1903605111748986,0.6243062200956938,0.8136427566807314,0.1801209571391007,1,13300,1.8250322079984471,0.3224068253255501,0.09739826551034023,-0.06841252144665012,-0.09071770334928231,-0.27461322081575246,0.272022087825401,-1,-1900,-0.3780765830015298,-0.2094746295464751,0.0
12000,11400,4750,0,0,1.5035295419947943,False,600,rl,True,10450,0.48200956937799044,0.08486083967922367,2844,1045,0.36744022503516177,7606,4851,0.6377859584538522,0.14548720251459363,0.15993995997331553,radar__evaluation__instance__severe__a0,radar,instance,severe,,selected_map,hddm_w,0.01,5,4,complete,0.19660668003122303,0.6623923444976076,0.6406469760900141,0.36523797002366554,0,11400,1.8514446659974055,0.5680287382128424,0.15993995997331553,-0.11174584035199936,-0.1803827751196172,-0.2732067510548523,0.2725479884301867,0,0,-0.34791512400261126,-0.42254153569824876,0.0
12000,11400,8550,0,0,1.756613624995225,False,600,rl,True,10450,0.5335885167464115,0.1221792552798992,2844,2047,0.719760900140647,7606,2053,0.26991848540625824,0.11427929950606197,0.09739826551034023,radar__evaluation__instance__severe__a0,radar,instance,severe,,q_alarm_7,hddm_w,0.05,1,0,complete,0.1903605111748986,0.6243062200956938,0.8136427566807314,0.1801209571391007,1,13300,1.8250322079984471,0.3224068253255501,0.09739826551034023,-0.0681812558949994,-0.09071770334928231,-0.09388185654008441,0.08979752826715753,-1,-1900,-0.06841858300322201,-0.20812752581948812,0.0
12000,11400,7600,0,0,1.8329180000000633,False,600,rl,True,10450,0.6623923444976076,0.19660668003122303,2844,1822,0.6406469760900141,7606,2778,0.36523797002366554,0.5680287382128424,0.15993995997331553,radar__evaluation__instance__severe__a0,radar,instance,severe,,q_alarm_7,hddm_w,0.01,5,4,complete,0.19660668003122303,0.6623923444976076,0.6406469760900141,0.36523797002366554,0,11400,1.8514446659974055,0.5680287382128424,0.15993995997331553,0.0,0.0,0.0,0.0,0,0,-0.018526665997342207,0.0,0.0
12000,11400,8550,0,0,1.7340125830087345,False,600,rl,True,10450,0.5335885167464115,0.1221792552798992,2844,2047,0.719760900140647,7606,2053,0.26991848540625824,0.11427929950606197,0.09739826551034023,radar__evaluation__instance__severe__a0,radar,instance,severe,,q_alarm_persistence_7,hddm_w,0.05,1,0,complete,0.1903605111748986,0.6243062200956938,0.8136427566807314,0.1801209571391007,1,13300,1.8250322079984471,0.3224068253255501,0.09739826551034023,-0.0681812558949994,-0.09071770334928231,-0.09388185654008441,0.08979752826715753,-1,-1900,-0.09101962498971261,-0.20812752581948812,0.0
12000,11400,7600,0,0,1.8264111250027781,False,600,rl,True,10450,0.6623923444976076,0.19660668003122303,2844,1822,0.6406469760900141,7606,2778,0.36523797002366554,0.5680287382128424,0.15993995997331553,radar__evaluation__instance__severe__a0,radar,instance,severe,,q_alarm_persistence_7,hddm_w,0.01,5,4,complete,0.19660668003122303,0.6623923444976076,0.6406469760900141,0.36523797002366554,0,11400,1.8514446659974055,0.5680287382128424,0.15993995997331553,0.0,0.0,0.0,0.0,0,0,-0.0250335409946274,0.0,0.0
12000,11400,8550,0,0,1.7439135840104427,False,600,none,True,10450,0.5335885167464115,0.1221792552798992,2844,2047,0.719760900140647,7606,2053,0.26991848540625824,0.11427929950606197,0.09739826551034023,radar__evaluation__instance__severe__a0,radar,instance,severe,,no_reset,hellinger,0.05,1,0,complete,0.1221792552798992,0.5335885167464115,0.719760900140647,0.26991848540625824,1,13300,1.797702666008263,0.11427929950606197,0.09739826551034023,0.0,0.0,0.0,0.0,-1,-1900,-0.053789081997820176,0.0,0.0
12000,11400,7600,0,0,1.825506083012442,False,600,none,True,10450,0.6623923444976076,0.19660668003122303,2844,1822,0.6406469760900141,7606,2778,0.36523797002366554,0.5680287382128424,0.15993995997331553,radar__evaluation__instance__severe__a0,radar,instance,severe,,no_reset,hellinger,0.01,5,4,complete,0.19660668003122303,0.6623923444976076,0.6406469760900141,0.36523797002366554,0,11400,1.8308499169943389,0.5680287382128424,0.15993995997331553,0.0,0.0,0.0,0.0,0,0,-0.005343833981896751,0.0,0.0
12000,13300,10450,2850,1,1.797702666008263,False,600,confirmed,True,10450,0.5335885167464115,0.1221792552798992,2844,2047,0.719760900140647,7606,2053,0.26991848540625824,0.11427929950606197,0.09739826551034023,radar__evaluation__instance__severe__a0,radar,instance,severe,,confirmed,hellinger,0.05,1,0,complete,0.1221792552798992,0.5335885167464115,0.719760900140647,0.26991848540625824,1,13300,1.797702666008263,0.11427929950606197,0.09739826551034023,0.0,0.0,0.0,0.0,0,0,0.0,0.0,0.0
12000,11400,6650,950,1,1.3039269169967156,False,600,rl,True,10450,0.6244976076555024,0.19021680984876516,2844,1533,0.5390295358649789,7606,3439,0.4521430449645017,0.3257745846430175,0.09739826551034023,radar__evaluation__instance__severe__a0,radar,instance,severe,,error_rule,hellinger,0.05,1,0,complete,0.1221792552798992,0.5335885167464115,0.719760900140647,0.26991848540625824,1,13300,1.797702666008263,0.11427929950606197,0.09739826551034023,0.06803755456886595,0.09090909090909094,-0.18073136427566805,0.18222455955824346,0,-1900,-0.4937757490115473,0.21149528513695554,0.0
12000,11400,7600,0,0,1.8308499169943389,False,600,confirmed,True,10450,0.6623923444976076,0.19660668003122303,2844,1822,0.6406469760900141,7606,2778,0.36523797002366554,0.5680287382128424,0.15993995997331553,radar__evaluation__instance__severe__a0,radar,instance,severe,,confirmed,hellinger,0.01,5,4,complete,0.19660668003122303,0.6623923444976076,0.6406469760900141,0.36523797002366554,0,11400,1.8308499169943389,0.5680287382128424,0.15993995997331553,0.0,0.0,0.0,0.0,0,0,0.0,0.0,0.0
12000,11400,3800,0,0,1.322958207994816,False,600,rl,True,10450,0.48200956937799044,0.08486083967922367,2844,765,0.2689873417721519,7606,5521,0.7258743097554562,0.14548720251459363,0.15993995997331553,radar__evaluation__instance__severe__a0,radar,instance,severe,,error_rule,hellinger,0.01,5,4,complete,0.19660668003122303,0.6623923444976076,0.6406469760900141,0.36523797002366554,0,11400,1.8308499169943389,0.5680287382128424,0.15993995997331553,-0.11174584035199936,-0.1803827751196172,-0.3716596343178622,0.36063633973179066,0,0,-0.507891708999523,-0.42254153569824876,0.0
12000,11400,7600,0,0,1.6281733340001665,False,600,rl,True,10450,0.5335885167464115,0.1221792552798992,2844,1797,0.6318565400843882,7606,2753,0.3619510912437549,0.11427929950606197,0.09739826551034023,radar__evaluation__instance__severe__a0,radar,instance,severe,,selected_map,hellinger,0.05,1,0,complete,0.1221792552798992,0.5335885167464115,0.719760900140647,0.26991848540625824,1,13300,1.797702666008263,0.11427929950606197,0.09739826551034023,0.0,0.0,-0.08790436005625879,0.09203260583749667,-1,-1900,-0.1695293320080964,0.0,0.0
12000,11400,6650,0,0,1.7190069999924162,False,600,rl,True,10450,0.48200956937799044,0.0848436868346584,2844,1572,0.5527426160337553,7606,3478,0.45727057586116227,0.14481365065110013,0.15993995997331553,radar__evaluation__instance__severe__a0,radar,instance,severe,,selected_map,hellinger,0.01,5,4,complete,0.19660668003122303,0.6623923444976076,0.6406469760900141,0.36523797002366554,0,11400,1.8308499169943389,0.5680287382128424,0.15993995997331553,-0.11176299319656463,-0.1803827751196172,-0.08790436005625879,0.09203260583749673,0,0,-0.11184291700192261,-0.42321508756174225,0.0
12000,11400,8550,0,0,1.7252940000034869,False,600,rl,True,10450,0.5335885167464115,0.1221792552798992,2844,2047,0.719760900140647,7606,2053,0.26991848540625824,0.11427929950606197,0.09739826551034023,radar__evaluation__instance__severe__a0,radar,instance,severe,,q_alarm_7,hellinger,0.05,1,0,complete,0.1221792552798992,0.5335885167464115,0.719760900140647,0.26991848540625824,1,13300,1.797702666008263,0.11427929950606197,0.09739826551034023,0.0,0.0,0.0,0.0,-1,-1900,-0.07240866600477602,0.0,0.0
12000,11400,7600,0,0,1.8222315000020899,False,600,rl,True,10450,0.6623923444976076,0.19660668003122303,2844,1822,0.6406469760900141,7606,2778,0.36523797002366554,0.5680287382128424,0.15993995997331553,radar__evaluation__instance__severe__a0,radar,instance,severe,,q_alarm_7,hellinger,0.01,5,4,complete,0.19660668003122303,0.6623923444976076,0.6406469760900141,0.36523797002366554,0,11400,1.8308499169943389,0.5680287382128424,0.15993995997331553,0.0,0.0,0.0,0.0,0,0,-0.008618416992248967,0.0,0.0
12000,11400,8550,0,0,1.7324704579950776,False,600,rl,True,10450,0.5335885167464115,0.1221792552798992,2844,2047,0.719760900140647,7606,2053,0.26991848540625824,0.11427929950606197,0.09739826551034023,radar__evaluation__instance__severe__a0,radar,instance,severe,,q_alarm_persistence_7,hellinger,0.05,1,0,complete,0.1221792552798992,0.5335885167464115,0.719760900140647,0.26991848540625824,1,13300,1.797702666008263,0.11427929950606197,0.09739826551034023,0.0,0.0,0.0,0.0,-1,-1900,-0.0652322080131853,0.0,0.0
12000,11400,7600,0,0,1.8435420830064686,False,600,rl,True,10450,0.6623923444976076,0.19660668003122303,2844,1822,0.6406469760900141,7606,2778,0.36523797002366554,0.5680287382128424,0.15993995997331553,radar__evaluation__instance__severe__a0,radar,instance,severe,,q_alarm_persistence_7,hellinger,0.01,5,4,complete,0.19660668003122303,0.6623923444976076,0.6406469760900141,0.36523797002366554,0,11400,1.8308499169943389,0.5680287382128424,0.15993995997331553,0.0,0.0,0.0,0.0,0,0,0.012692166012129746,0.0,0.0
12000,11400,8550,0,0,1.7195477909990586,False,600,none,True,10450,0.5335885167464115,0.1221792552798992,2844,2047,0.719760900140647,7606,2053,0.26991848540625824,0.11427929950606197,0.09739826551034023,radar__evaluation__instance__severe__a0,radar,instance,severe,,no_reset,d3_oof,0.05,1,0,complete,0.1221792552798992,0.5335885167464115,0.719760900140647,0.26991848540625824,0,11400,1.8744974169967463,0.11427929950606197,0.09739826551034023,0.0,0.0,0.0,0.0,0,0,-0.1549496259976877,0.0,0.0
12000,11400,7600,0,0,1.826258750006673,False,600,none,True,10450,0.6623923444976076,0.19660668003122303,2844,1822,0.6406469760900141,7606,2778,0.36523797002366554,0.5680287382128424,0.15993995997331553,radar__evaluation__instance__severe__a0,radar,instance,severe,,no_reset,d3_oof,0.01,5,4,complete,0.19660668003122303,0.6623923444976076,0.6406469760900141,0.36523797002366554,0,11400,2.014099541993346,0.5680287382128424,0.15993995997331553,0.0,0.0,0.0,0.0,0,0,-0.18784079198667314,0.0,0.0
12000,11400,8550,0,0,1.8744974169967463,False,600,confirmed,True,10450,0.5335885167464115,0.1221792552798992,2844,2047,0.719760900140647,7606,2053,0.26991848540625824,0.11427929950606197,0.09739826551034023,radar__evaluation__instance__severe__a0,radar,instance,severe,,confirmed,d3_oof,0.05,1,0,complete,0.1221792552798992,0.5335885167464115,0.719760900140647,0.26991848540625824,0,11400,1.8744974169967463,0.11427929950606197,0.09739826551034023,0.0,0.0,0.0,0.0,0,0,0.0,0.0,0.0
12000,11400,6650,950,1,1.4068251669959864,False,600,rl,True,10450,0.6244976076555024,0.19021680984876516,2844,1533,0.5390295358649789,7606,3439,0.4521430449645017,0.3257745846430175,0.09739826551034023,radar__evaluation__instance__severe__a0,radar,instance,severe,,error_rule,d3_oof,0.05,1,0,complete,0.1221792552798992,0.5335885167464115,0.719760900140647,0.26991848540625824,0,11400,1.8744974169967463,0.11427929950606197,0.09739826551034023,0.06803755456886595,0.09090909090909094,-0.18073136427566805,0.18222455955824346,1,0,-0.46767225000075996,0.21149528513695554,0.0
12000,11400,7600,0,0,2.014099541993346,False,600,confirmed,True,10450,0.6623923444976076,0.19660668003122303,2844,1822,0.6406469760900141,7606,2778,0.36523797002366554,0.5680287382128424,0.15993995997331553,radar__evaluation__instance__severe__a0,radar,instance,severe,,confirmed,d3_oof,0.01,5,4,complete,0.19660668003122303,0.6623923444976076,0.6406469760900141,0.36523797002366554,0,11400,2.014099541993346,0.5680287382128424,0.15993995997331553,0.0,0.0,0.0,0.0,0,0,0.0,0.0,0.0
12000,11400,3800,0,0,1.4955912500008708,False,600,rl,True,10450,0.48200956937799044,0.08486083967922367,2844,765,0.2689873417721519,7606,5521,0.7258743097554562,0.14548720251459363,0.15993995997331553,radar__evaluation__instance__severe__a0,radar,instance,severe,,error_rule,d3_oof,0.01,5,4,complete,0.19660668003122303,0.6623923444976076,0.6406469760900141,0.36523797002366554,0,11400,2.014099541993346,0.5680287382128424,0.15993995997331553,-0.11174584035199936,-0.1803827751196172,-0.3716596343178622,0.36063633973179066,0,0,-0.5185082919924753,-0.42254153569824876,0.0
12000,11400,8550,0,0,1.8947947080014274,False,600,rl,True,10450,0.5335885167464115,0.1221792552798992,2844,2047,0.719760900140647,7606,2053,0.26991848540625824,0.11427929950606197,0.09739826551034023,radar__evaluation__instance__severe__a0,radar,instance,severe,,selected_map,d3_oof,0.05,1,0,complete,0.1221792552798992,0.5335885167464115,0.719760900140647,0.26991848540625824,0,11400,1.8744974169967463,0.11427929950606197,0.09739826551034023,0.0,0.0,0.0,0.0,0,0,0.02029729100468103,0.0,0.0
12000,11400,7600,0,0,1.971756250000908,False,600,rl,True,10450,0.6623923444976076,0.19660668003122303,2844,1822,0.6406469760900141,7606,2778,0.36523797002366554,0.5680287382128424,0.15993995997331553,radar__evaluation__instance__severe__a0,radar,instance,severe,,selected_map,d3_oof,0.01,5,4,complete,0.19660668003122303,0.6623923444976076,0.6406469760900141,0.36523797002366554,0,11400,2.014099541993346,0.5680287382128424,0.15993995997331553,0.0,0.0,0.0,0.0,0,0,-0.042343291992438026,0.0,0.0
12000,11400,8550,0,0,1.9122239160060417,False,600,rl,True,10450,0.5335885167464115,0.1221792552798992,2844,2047,0.719760900140647,7606,2053,0.26991848540625824,0.11427929950606197,0.09739826551034023,radar__evaluation__instance__severe__a0,radar,instance,severe,,q_alarm_7,d3_oof,0.05,1,0,complete,0.1221792552798992,0.5335885167464115,0.719760900140647,0.26991848540625824,0,11400,1.8744974169967463,0.11427929950606197,0.09739826551034023,0.0,0.0,0.0,0.0,0,0,0.03772649900929537,0.0,0.0
12000,11400,7600,0,0,1.9760732089926023,False,600,rl,True,10450,0.6623923444976076,0.19660668003122303,2844,1822,0.6406469760900141,7606,2778,0.36523797002366554,0.5680287382128424,0.15993995997331553,radar__evaluation__instance__severe__a0,radar,instance,severe,,q_alarm_7,d3_oof,0.01,5,4,complete,0.19660668003122303,0.6623923444976076,0.6406469760900141,0.36523797002366554,0,11400,2.014099541993346,0.5680287382128424,0.15993995997331553,0.0,0.0,0.0,0.0,0,0,-0.03802633300074376,0.0,0.0
12000,11400,8550,0,0,1.8475639160024002,False,600,rl,True,10450,0.5335885167464115,0.1221792552798992,2844,2047,0.719760900140647,7606,2053,0.26991848540625824,0.11427929950606197,0.09739826551034023,radar__evaluation__instance__severe__a0,radar,instance,severe,,q_alarm_persistence_7,d3_oof,0.05,1,0,complete,0.1221792552798992,0.5335885167464115,0.719760900140647,0.26991848540625824,0,11400,1.8744974169967463,0.11427929950606197,0.09739826551034023,0.0,0.0,0.0,0.0,0,0,-0.026933500994346105,0.0,0.0
12000,11400,7600,0,0,1.9087419160059653,False,600,rl,True,10450,0.6623923444976076,0.19660668003122303,2844,1822,0.6406469760900141,7606,2778,0.36523797002366554,0.5680287382128424,0.15993995997331553,radar__evaluation__instance__severe__a0,radar,instance,severe,,q_alarm_persistence_7,d3_oof,0.01,5,4,complete,0.19660668003122303,0.6623923444976076,0.6406469760900141,0.36523797002366554,0,11400,2.014099541993346,0.5680287382128424,0.15993995997331553,0.0,0.0,0.0,0.0,0,0,-0.10535762598738074,0.0,0.0
