rows,training_visits,accepted_training_visits,accepted_refit_rows,resets,seconds,pending_candidate,audit_rows_reserved,policy,guarded,host_n,host_accuracy,host_macro_f1,poison_rows,poison_rows_admitted,poison_admission_rate,clean_rows,clean_rows_withheld,clean_withhold_rate,malicious_recall,benign_fpr,condition,stream,mode,level,base_seed,arm,detector,feedback_fraction,delay_blocks,no_feedback_blocks,status
60000,57000,48450,0,0,0.8858867499802727,False,3000,none,True,56050,0.8912399643175736,0.8796171820130717,0,0,,56050,8550,0.15254237288135594,,,SEA_A__s115__clean__none,SEA_A,clean,none,115.0,no_reset,adwin,0.02,5,4,complete
60000,57000,50350,0,0,0.8860320829844568,False,3000,none,True,56050,0.8937912578055308,0.8826433723016265,0,0,,56050,6650,0.11864406779661017,,,SEA_A__s115__clean__none,SEA_A,clean,none,115.0,no_reset,adwin,0.01,5,4,complete
60000,57000,54150,0,0,0.9585217909916537,False,3000,none,True,56050,0.8946297948260482,0.8843860340520493,0,0,,56050,2850,0.05084745762711865,,,SEA_A__s115__clean__none,SEA_A,clean,none,115.0,no_reset,adwin,0.05,1,0,complete
60000,57000,54150,0,0,0.935552540991921,False,3000,none,True,56050,0.8944692239072257,0.8842192960308786,0,0,,56050,2850,0.05084745762711865,,,SEA_A__s115__clean__none,SEA_A,clean,none,115.0,no_reset,adwin,0.02,1,0,complete
60000,57000,55100,0,0,0.9487630410003476,False,3000,none,True,56050,0.8955396966993756,0.8855610635550317,0,0,,56050,1900,0.03389830508474576,,,SEA_A__s115__clean__none,SEA_A,clean,none,115.0,no_reset,adwin,0.01,1,0,complete
60000,60800,57950,5700,2,0.8112437500094529,False,3000,confirmed,True,56050,0.9080820695807315,0.9000335547356548,0,0,,56050,2850,0.05084745762711865,,,SEA_A__s115__clean__none,SEA_A,clean,none,115.0,confirmed,adwin,0.01,1,0,complete
60000,60800,51300,5700,2,0.7778735409956425,False,3000,confirmed,True,56050,0.908278322925959,0.9003181924123496,0,0,,56050,9500,0.1694915254237288,,,SEA_A__s115__clean__none,SEA_A,clean,none,115.0,confirmed,adwin,0.01,5,4,complete
60000,58900,51300,2850,1,0.8489456249953946,False,3000,confirmed,True,56050,0.9085459411239964,0.9010489231629448,0,0,,56050,7600,0.13559322033898305,,,SEA_A__s115__clean__none,SEA_A,clean,none,115.0,confirmed,adwin,0.05,1,0,complete
60000,57000,39900,0,0,0.8592234159877989,False,3000,none,True,56050,0.8918108831400535,0.8804100424635142,0,0,,56050,17100,0.3050847457627119,,,SEA_A__s115__clean__none,SEA_A,clean,none,115.0,no_reset,adwin,0.05,5,4,complete
60000,60800,53200,2850,1,0.848824374988908,False,3000,confirmed,True,56050,0.908528099910794,0.9010264637547566,0,0,,56050,5700,0.1016949152542373,,,SEA_A__s115__clean__none,SEA_A,clean,none,115.0,confirmed,adwin,0.02,1,0,complete
60000,57000,49400,7600,8,0.71588691699435,False,3000,rl,True,56050,0.907992863514719,0.8998114322622934,0,0,,56050,7600,0.13559322033898305,,,SEA_A__s115__clean__none,SEA_A,clean,none,115.0,error_rule,adwin,0.01,1,0,complete
60000,60800,47500,5700,2,0.7903986669844016,False,3000,confirmed,True,56050,0.912221231043711,0.9044845891295112,0,0,,56050,13300,0.23728813559322035,,,SEA_A__s115__clean__none,SEA_A,clean,none,115.0,confirmed,adwin,0.02,5,4,complete
60000,57000,46550,6650,7,0.7122589999926277,False,3000,rl,True,56050,0.9075289919714541,0.8995038302418222,0,0,,56050,10450,0.1864406779661017,,,SEA_A__s115__clean__none,SEA_A,clean,none,115.0,error_rule,adwin,0.01,5,4,complete
60000,57000,31350,3800,4,0.7351363329944434,False,3000,rl,True,56050,0.916413916146298,0.9092983771581434,0,0,,56050,25650,0.4576271186440678,,,SEA_A__s115__clean__none,SEA_A,clean,none,115.0,error_rule,adwin,0.05,1,0,complete
60000,58900,43700,0,0,0.8784850839874707,False,3000,confirmed,True,56050,0.8954326494201605,0.8847023825393403,0,0,,56050,13300,0.23728813559322035,,,SEA_A__s115__clean__none,SEA_A,clean,none,115.0,confirmed,adwin,0.05,5,4,complete
60000,57000,44650,6650,7,0.7399819170241244,False,3000,rl,True,56050,0.912471008028546,0.9048444749226747,0,0,,56050,12350,0.22033898305084745,,,SEA_A__s115__clean__none,SEA_A,clean,none,115.0,error_rule,adwin,0.02,1,0,complete
60000,57000,38950,3800,4,0.7223459999950137,False,3000,rl,True,56050,0.9067082961641392,0.8981092047940482,0,0,,56050,18050,0.3220338983050847,,,SEA_A__s115__clean__none,SEA_A,clean,none,115.0,error_rule,adwin,0.02,5,4,complete
60000,57000,24700,4750,5,0.7315653749974445,False,3000,rl,True,56050,0.9025691347011596,0.8933528866678793,0,0,,56050,32300,0.576271186440678,,,SEA_A__s115__clean__none,SEA_A,clean,none,115.0,error_rule,adwin,0.05,5,4,complete
60000,57000,49400,8550,9,0.7188969999842811,False,3000,rl,True,56050,0.907992863514719,0.8998114322622934,0,0,,56050,7600,0.13559322033898305,,,SEA_A__s115__clean__none,SEA_A,clean,none,115.0,selected_map,adwin,0.01,1,0,complete
60000,57000,31350,3800,4,0.73032649999368,False,3000,rl,True,56050,0.916413916146298,0.9092983771581434,0,0,,56050,25650,0.4576271186440678,,,SEA_A__s115__clean__none,SEA_A,clean,none,115.0,selected_map,adwin,0.05,1,0,complete
60000,57000,45600,8550,9,0.7044889589888044,False,3000,rl,True,56050,0.9071186440677966,0.8989946651628685,0,0,,56050,11400,0.2033898305084746,,,SEA_A__s115__clean__none,SEA_A,clean,none,115.0,selected_map,adwin,0.01,5,4,complete
60000,57000,38000,4750,5,0.7090687080053613,False,3000,rl,True,56050,0.9051025869759144,0.8962044835089618,0,0,,56050,19000,0.3389830508474576,,,SEA_A__s115__clean__none,SEA_A,clean,none,115.0,selected_map,adwin,0.02,5,4,complete
60000,57000,44650,6650,7,0.7301511249970645,False,3000,rl,True,56050,0.912471008028546,0.9048444749226747,0,0,,56050,12350,0.22033898305084745,,,SEA_A__s115__clean__none,SEA_A,clean,none,115.0,selected_map,adwin,0.02,1,0,complete
60000,57000,24700,4750,5,0.7100981250114273,False,3000,rl,True,56050,0.9025691347011596,0.8933528866678793,0,0,,56050,32300,0.576271186440678,,,SEA_A__s115__clean__none,SEA_A,clean,none,115.0,selected_map,adwin,0.05,5,4,complete
60000,57000,50350,0,0,0.9065062919980846,False,3000,rl,True,56050,0.8937912578055308,0.8826433723016265,0,0,,56050,6650,0.11864406779661017,,,SEA_A__s115__clean__none,SEA_A,clean,none,115.0,q_alarm_persistence_7,adwin,0.01,5,4,complete
60000,57000,54150,0,0,0.9687320420052856,False,3000,rl,True,56050,0.8946297948260482,0.8843860340520493,0,0,,56050,2850,0.05084745762711865,,,SEA_A__s115__clean__none,SEA_A,clean,none,115.0,q_alarm_persistence_7,adwin,0.05,1,0,complete
60000,57000,55100,0,0,0.9797664580109995,False,3000,rl,True,56050,0.8955396966993756,0.8855610635550317,0,0,,56050,1900,0.03389830508474576,,,SEA_A__s115__clean__none,SEA_A,clean,none,115.0,q_alarm_persistence_7,adwin,0.01,1,0,complete
60000,57000,54150,0,0,0.9791082910087425,False,3000,rl,True,56050,0.8944692239072257,0.8842192960308786,0,0,,56050,2850,0.05084745762711865,,,SEA_A__s115__clean__none,SEA_A,clean,none,115.0,q_alarm_persistence_7,adwin,0.02,1,0,complete
60000,57000,48450,0,0,0.905148833990097,False,3000,rl,True,56050,0.8912399643175736,0.8796171820130717,0,0,,56050,8550,0.15254237288135594,,,SEA_A__s115__clean__none,SEA_A,clean,none,115.0,q_alarm_persistence_7,adwin,0.02,5,4,complete
60000,57000,48450,1900,2,0.764606124983402,False,3000,rl,True,56050,0.9072256913470116,0.8992458275369322,0,0,,56050,8550,0.15254237288135594,,,SEA_A__s115__clean__none,SEA_A,clean,none,115.0,q_alarm_persistence_17,adwin,0.02,1,0,complete
60000,57000,47500,950,1,0.8311673339921981,False,3000,rl,True,56050,0.896021409455843,0.88612687810191,0,0,,56050,9500,0.1694915254237288,,,SEA_A__s115__clean__none,SEA_A,clean,none,115.0,q_alarm_persistence_17,adwin,0.01,1,0,complete
60000,57000,47500,950,1,0.8020250829868019,False,3000,rl,True,56050,0.904299732381802,0.895498735930816,0,0,,56050,9500,0.1694915254237288,,,SEA_A__s115__clean__none,SEA_A,clean,none,115.0,q_alarm_persistence_17,adwin,0.01,5,4,complete
60000,57000,47500,950,1,0.8222189170046477,False,3000,rl,True,56050,0.9091703835860838,0.9015361691351264,0,0,,56050,9500,0.1694915254237288,,,SEA_A__s115__clean__none,SEA_A,clean,none,115.0,q_alarm_persistence_17,adwin,0.05,1,0,complete
60000,57000,39900,0,0,0.8807320419873577,False,3000,rl,True,56050,0.8918108831400535,0.8804100424635142,0,0,,56050,17100,0.3050847457627119,,,SEA_A__s115__clean__none,SEA_A,clean,none,115.0,q_alarm_persistence_7,adwin,0.05,5,4,complete
60000,57000,51300,44650,47,0.6720552920014597,False,3000,rl,True,56050,0.9090098126672613,0.9003879314310184,0,0,,56050,5700,0.1016949152542373,,,SEA_A__s115__clean__none,SEA_A,clean,none,115.0,q_alarm_persistence_27,adwin,0.01,1,0,complete
60000,57000,46550,41800,44,0.6739333749865182,False,3000,rl,True,56050,0.9104192685102587,0.9017688052180753,0,0,,56050,10450,0.1864406779661017,,,SEA_A__s115__clean__none,SEA_A,clean,none,115.0,q_alarm_persistence_27,adwin,0.01,5,4,complete
60000,57000,39900,1900,2,0.7810817080026027,False,3000,rl,True,56050,0.9008563782337199,0.8914156842760601,0,0,,56050,17100,0.3050847457627119,,,SEA_A__s115__clean__none,SEA_A,clean,none,115.0,q_alarm_persistence_17,adwin,0.02,5,4,complete
60000,57000,37050,31350,33,0.6736590420041466,False,3000,rl,True,56050,0.9112934879571811,0.9027624129911793,0,0,,56050,19950,0.3559322033898305,,,SEA_A__s115__clean__none,SEA_A,clean,none,115.0,q_alarm_persistence_27,adwin,0.05,1,0,complete
60000,57000,42750,950,1,0.798910249985056,False,3000,rl,True,56050,0.9008563782337199,0.8917031723585069,0,0,,56050,14250,0.2542372881355932,,,SEA_A__s115__clean__none,SEA_A,clean,none,115.0,q_alarm_persistence_17,adwin,0.05,5,4,complete
60000,57000,48450,40850,43,0.6707500419870485,False,3000,rl,True,56050,0.9092060660124889,0.9007741867593622,0,0,,56050,8550,0.15254237288135594,,,SEA_A__s115__clean__none,SEA_A,clean,none,115.0,q_alarm_persistence_27,adwin,0.02,1,0,complete
60000,57000,40850,37050,39,0.6752405829902273,False,3000,rl,True,56050,0.903657448706512,0.8938487571653825,0,0,,56050,16150,0.288135593220339,,,SEA_A__s115__clean__none,SEA_A,clean,none,115.0,q_alarm_persistence_27,adwin,0.02,5,4,complete
60000,57000,29450,26600,28,0.6803698749863543,False,3000,rl,True,56050,0.904299732381802,0.8947592161762141,0,0,,56050,27550,0.4915254237288136,,,SEA_A__s115__clean__none,SEA_A,clean,none,115.0,q_alarm_persistence_27,adwin,0.05,5,4,complete
60000,57000,55100,0,0,0.9584793329995591,False,3000,none,True,56050,0.8955396966993756,0.8855610635550317,0,0,,56050,1900,0.03389830508474576,,,SEA_A__s115__clean__none,SEA_A,clean,none,115.0,no_reset,hddm_w,0.01,1,0,complete
60000,57000,54150,0,0,0.9622329999983776,False,3000,none,True,56050,0.8946297948260482,0.8843860340520493,0,0,,56050,2850,0.05084745762711865,,,SEA_A__s115__clean__none,SEA_A,clean,none,115.0,no_reset,hddm_w,0.05,1,0,complete
60000,57000,50350,0,0,0.8875855829974171,False,3000,none,True,56050,0.8937912578055308,0.8826433723016265,0,0,,56050,6650,0.11864406779661017,,,SEA_A__s115__clean__none,SEA_A,clean,none,115.0,no_reset,hddm_w,0.01,5,4,complete
60000,57000,48450,0,0,0.8759494589758106,False,3000,none,True,56050,0.8912399643175736,0.8796171820130717,0,0,,56050,8550,0.15254237288135594,,,SEA_A__s115__clean__none,SEA_A,clean,none,115.0,no_reset,hddm_w,0.02,5,4,complete
60000,57000,54150,0,0,0.9499585419835057,False,3000,none,True,56050,0.8944692239072257,0.8842192960308786,0,0,,56050,2850,0.05084745762711865,,,SEA_A__s115__clean__none,SEA_A,clean,none,115.0,no_reset,hddm_w,0.02,1,0,complete
60000,57000,39900,0,0,0.8600067910156213,False,3000,none,True,56050,0.8918108831400535,0.8804100424635142,0,0,,56050,17100,0.3050847457627119,,,SEA_A__s115__clean__none,SEA_A,clean,none,115.0,no_reset,hddm_w,0.05,5,4,complete
60000,58900,56050,2850,1,0.889154000004055,False,3000,confirmed,True,56050,0.9103479036574487,0.9029666048272753,0,0,,56050,2850,0.05084745762711865,,,SEA_A__s115__clean__none,SEA_A,clean,none,115.0,confirmed,hddm_w,0.01,1,0,complete
60000,58900,51300,2850,1,0.9021234169922536,False,3000,confirmed,True,56050,0.9085459411239964,0.9010489231629448,0,0,,56050,7600,0.13559322033898305,,,SEA_A__s115__clean__none,SEA_A,clean,none,115.0,confirmed,hddm_w,0.05,1,0,complete
60000,58900,53200,2850,1,0.8902817909838632,False,3000,confirmed,True,56050,0.9090990187332738,0.9016065091679173,0,0,,56050,4750,0.0847457627118644,,,SEA_A__s115__clean__none,SEA_A,clean,none,115.0,confirmed,hddm_w,0.02,1,0,complete
60000,57000,50350,0,0,0.939191417011898,False,3000,confirmed,True,56050,0.8937912578055308,0.8826433723016265,0,0,,56050,6650,0.11864406779661017,,,SEA_A__s115__clean__none,SEA_A,clean,none,115.0,confirmed,hddm_w,0.01,5,4,complete
60000,58900,49400,2850,1,0.8771399169927463,False,3000,confirmed,True,56050,0.9078322925958965,0.8995572242936287,0,0,,56050,9500,0.1694915254237288,,,SEA_A__s115__clean__none,SEA_A,clean,none,115.0,confirmed,hddm_w,0.02,5,4,complete
60000,57000,49400,7600,8,0.7785852500237525,False,3000,rl,True,56050,0.907992863514719,0.8998114322622934,0,0,,56050,7600,0.13559322033898305,,,SEA_A__s115__clean__none,SEA_A,clean,none,115.0,error_rule,hddm_w,0.01,1,0,complete
60000,57000,46550,6650,7,0.7659483749885112,False,3000,rl,True,56050,0.9075289919714541,0.8995038302418222,0,0,,56050,10450,0.1864406779661017,,,SEA_A__s115__clean__none,SEA_A,clean,none,115.0,error_rule,hddm_w,0.01,5,4,complete
60000,57000,31350,3800,4,0.802646583004389,False,3000,rl,True,56050,0.916413916146298,0.9092983771581434,0,0,,56050,25650,0.4576271186440678,,,SEA_A__s115__clean__none,SEA_A,clean,none,115.0,error_rule,hddm_w,0.05,1,0,complete
60000,57000,39900,0,0,0.9176862500025891,False,3000,confirmed,True,56050,0.8918108831400535,0.8804100424635142,0,0,,56050,17100,0.3050847457627119,,,SEA_A__s115__clean__none,SEA_A,clean,none,115.0,confirmed,hddm_w,0.05,5,4,complete
60000,57000,44650,6650,7,0.7902458339813165,False,3000,rl,True,56050,0.912471008028546,0.9048444749226747,0,0,,56050,12350,0.22033898305084745,,,SEA_A__s115__clean__none,SEA_A,clean,none,115.0,error_rule,hddm_w,0.02,1,0,complete
60000,57000,38950,3800,4,0.7694803339836653,False,3000,rl,True,56050,0.9067082961641392,0.8981092047940482,0,0,,56050,18050,0.3220338983050847,,,SEA_A__s115__clean__none,SEA_A,clean,none,115.0,error_rule,hddm_w,0.02,5,4,complete
60000,57000,24700,4750,5,0.767032375006238,False,3000,rl,True,56050,0.9025691347011596,0.8933528866678793,0,0,,56050,32300,0.576271186440678,,,SEA_A__s115__clean__none,SEA_A,clean,none,115.0,error_rule,hddm_w,0.05,5,4,complete
60000,57000,50350,49400,52,0.7502682089980226,False,3000,rl,True,56050,0.9130062444246209,0.9047892917830906,0,0,,56050,6650,0.11864406779661017,,,SEA_A__s115__clean__none,SEA_A,clean,none,115.0,selected_map,hddm_w,0.01,1,0,complete
60000,57000,34200,33250,35,0.7576069579954492,False,3000,rl,True,56050,0.9117395182872435,0.903350728475776,0,0,,56050,22800,0.4067796610169492,,,SEA_A__s115__clean__none,SEA_A,clean,none,115.0,selected_map,hddm_w,0.05,1,0,complete
60000,57000,47500,46550,49,0.7474652499950025,False,3000,rl,True,56050,0.9128456735057984,0.9046124598334329,0,0,,56050,9500,0.1694915254237288,,,SEA_A__s115__clean__none,SEA_A,clean,none,115.0,selected_map,hddm_w,0.01,5,4,complete
60000,57000,49400,48450,51,0.7592072089901194,False,3000,rl,True,56050,0.9108652988403212,0.9023066212145907,0,0,,56050,7600,0.13559322033898305,,,SEA_A__s115__clean__none,SEA_A,clean,none,115.0,selected_map,hddm_w,0.02,1,0,complete
60000,57000,40850,39900,42,0.740651208005147,False,3000,rl,True,56050,0.9058340767172167,0.896399957686993,0,0,,56050,16150,0.288135593220339,,,SEA_A__s115__clean__none,SEA_A,clean,none,115.0,selected_map,hddm_w,0.02,5,4,complete
60000,57000,28500,27550,29,0.7528273749921937,False,3000,rl,True,56050,0.9024799286351471,0.8926205410450738,0,0,,56050,28500,0.5084745762711864,,,SEA_A__s115__clean__none,SEA_A,clean,none,115.0,selected_map,hddm_w,0.05,5,4,complete
60000,57000,53200,950,1,0.8773647909983993,False,3000,rl,True,56050,0.9119536128456736,0.9048978054710841,0,0,,56050,3800,0.06779661016949153,,,SEA_A__s115__clean__none,SEA_A,clean,none,115.0,q_alarm_persistence_7,hddm_w,0.01,1,0,complete
60000,57000,52250,0,0,1.0019772090017796,False,3000,rl,True,56050,0.8933809099018734,0.8829090514559701,0,0,,56050,4750,0.0847457627118644,,,SEA_A__s115__clean__none,SEA_A,clean,none,115.0,q_alarm_persistence_7,hddm_w,0.05,1,0,complete
60000,57000,47500,950,1,0.8533200420206413,False,3000,rl,True,56050,0.9104192685102587,0.90257647612939,0,0,,56050,9500,0.1694915254237288,,,SEA_A__s115__clean__none,SEA_A,clean,none,115.0,q_alarm_persistence_7,hddm_w,0.02,5,4,complete
60000,57000,50350,0,0,0.9468803749768995,False,3000,rl,True,56050,0.8937912578055308,0.8826433723016265,0,0,,56050,6650,0.11864406779661017,,,SEA_A__s115__clean__none,SEA_A,clean,none,115.0,q_alarm_persistence_7,hddm_w,0.01,5,4,complete
60000,57000,54150,0,0,0.9969673340092413,False,3000,rl,True,56050,0.8944692239072257,0.8842192960308786,0,0,,56050,2850,0.05084745762711865,,,SEA_A__s115__clean__none,SEA_A,clean,none,115.0,q_alarm_persistence_7,hddm_w,0.02,1,0,complete
60000,57000,39900,0,0,0.9213452499825507,False,3000,rl,True,56050,0.8918108831400535,0.8804100424635142,0,0,,56050,17100,0.3050847457627119,,,SEA_A__s115__clean__none,SEA_A,clean,none,115.0,q_alarm_persistence_7,hddm_w,0.05,5,4,complete
60000,57000,51300,44650,47,0.752583916997537,False,3000,rl,True,56050,0.9090098126672613,0.9003879314310184,0,0,,56050,5700,0.1016949152542373,,,SEA_A__s115__clean__none,SEA_A,clean,none,115.0,q_alarm_persistence_17,hddm_w,0.01,1,0,complete
60000,57000,37050,31350,33,0.7518029580096481,False,3000,rl,True,56050,0.9112934879571811,0.9027624129911793,0,0,,56050,19950,0.3559322033898305,,,SEA_A__s115__clean__none,SEA_A,clean,none,115.0,q_alarm_persistence_17,hddm_w,0.05,1,0,complete
60000,57000,46550,41800,44,0.7517644580220804,False,3000,rl,True,56050,0.9104192685102587,0.9017688052180753,0,0,,56050,10450,0.1864406779661017,,,SEA_A__s115__clean__none,SEA_A,clean,none,115.0,q_alarm_persistence_17,hddm_w,0.01,5,4,complete
60000,57000,48450,41800,44,0.747177749988623,False,3000,rl,True,56050,0.9091882247992864,0.9007400141948204,0,0,,56050,8550,0.15254237288135594,,,SEA_A__s115__clean__none,SEA_A,clean,none,115.0,q_alarm_persistence_17,hddm_w,0.02,1,0,complete
60000,57000,40850,37050,39,0.7507723750022706,False,3000,rl,True,56050,0.903657448706512,0.8938487571653825,0,0,,56050,16150,0.288135593220339,,,SEA_A__s115__clean__none,SEA_A,clean,none,115.0,q_alarm_persistence_17,hddm_w,0.02,5,4,complete
60000,57000,29450,26600,28,0.7642799169989303,False,3000,rl,True,56050,0.904299732381802,0.8947592161762141,0,0,,56050,27550,0.4915254237288136,,,SEA_A__s115__clean__none,SEA_A,clean,none,115.0,q_alarm_persistence_17,hddm_w,0.05,5,4,complete
60000,57000,51300,44650,47,0.7639862089999951,False,3000,rl,True,56050,0.9090098126672613,0.9003879314310184,0,0,,56050,5700,0.1016949152542373,,,SEA_A__s115__clean__none,SEA_A,clean,none,115.0,q_alarm_persistence_27,hddm_w,0.01,1,0,complete
60000,57000,37050,31350,33,0.7581423340016045,False,3000,rl,True,56050,0.9112934879571811,0.9027624129911793,0,0,,56050,19950,0.3559322033898305,,,SEA_A__s115__clean__none,SEA_A,clean,none,115.0,q_alarm_persistence_27,hddm_w,0.05,1,0,complete
60000,57000,46550,41800,44,0.7499041659757495,False,3000,rl,True,56050,0.9104192685102587,0.9017688052180753,0,0,,56050,10450,0.1864406779661017,,,SEA_A__s115__clean__none,SEA_A,clean,none,115.0,q_alarm_persistence_27,hddm_w,0.01,5,4,complete
60000,57000,48450,41800,44,0.7584895830077585,False,3000,rl,True,56050,0.9091882247992864,0.9007400141948204,0,0,,56050,8550,0.15254237288135594,,,SEA_A__s115__clean__none,SEA_A,clean,none,115.0,q_alarm_persistence_27,hddm_w,0.02,1,0,complete
60000,57000,40850,37050,39,0.7504567920113914,False,3000,rl,True,56050,0.903657448706512,0.8938487571653825,0,0,,56050,16150,0.288135593220339,,,SEA_A__s115__clean__none,SEA_A,clean,none,115.0,q_alarm_persistence_27,hddm_w,0.02,5,4,complete
60000,57000,29450,26600,28,0.7660848330124281,False,3000,rl,True,56050,0.904299732381802,0.8947592161762141,0,0,,56050,27550,0.4915254237288136,,,SEA_A__s115__clean__none,SEA_A,clean,none,115.0,q_alarm_persistence_27,hddm_w,0.05,5,4,complete
60000,57000,55100,0,0,0.9539018330106046,False,3000,none,True,56050,0.8955396966993756,0.8855610635550317,0,0,,56050,1900,0.03389830508474576,,,SEA_A__s115__clean__none,SEA_A,clean,none,115.0,no_reset,hellinger,0.01,1,0,complete
60000,57000,54150,0,0,0.9466800419904757,False,3000,none,True,56050,0.8946297948260482,0.8843860340520493,0,0,,56050,2850,0.05084745762711865,,,SEA_A__s115__clean__none,SEA_A,clean,none,115.0,no_reset,hellinger,0.05,1,0,complete
60000,57000,50350,0,0,0.8937495420104824,False,3000,none,True,56050,0.8937912578055308,0.8826433723016265,0,0,,56050,6650,0.11864406779661017,,,SEA_A__s115__clean__none,SEA_A,clean,none,115.0,no_reset,hellinger,0.01,5,4,complete
60000,57000,54150,0,0,0.9505257080018055,False,3000,none,True,56050,0.8944692239072257,0.8842192960308786,0,0,,56050,2850,0.05084745762711865,,,SEA_A__s115__clean__none,SEA_A,clean,none,115.0,no_reset,hellinger,0.02,1,0,complete
60000,57000,48450,0,0,0.8886143749987241,False,3000,none,True,56050,0.8912399643175736,0.8796171820130717,0,0,,56050,8550,0.15254237288135594,,,SEA_A__s115__clean__none,SEA_A,clean,none,115.0,no_reset,hellinger,0.02,5,4,complete
60000,57000,39900,0,0,0.8688694589945953,False,3000,none,True,56050,0.8918108831400535,0.8804100424635142,0,0,,56050,17100,0.3050847457627119,,,SEA_A__s115__clean__none,SEA_A,clean,none,115.0,no_reset,hellinger,0.05,5,4,complete
60000,57000,55100,0,0,0.9779458749981131,True,3000,confirmed,True,56050,0.8955396966993756,0.8855610635550317,0,0,,56050,1900,0.03389830508474576,,,SEA_A__s115__clean__none,SEA_A,clean,none,115.0,confirmed,hellinger,0.01,1,0,complete
60000,57000,54150,0,0,0.961732708994532,True,3000,confirmed,True,56050,0.8946297948260482,0.8843860340520493,0,0,,56050,2850,0.05084745762711865,,,SEA_A__s115__clean__none,SEA_A,clean,none,115.0,confirmed,hellinger,0.05,1,0,complete
60000,57000,50350,0,0,0.9064659580180887,True,3000,confirmed,True,56050,0.8937912578055308,0.8826433723016265,0,0,,56050,6650,0.11864406779661017,,,SEA_A__s115__clean__none,SEA_A,clean,none,115.0,confirmed,hellinger,0.01,5,4,complete
60000,57000,54150,0,0,0.9722504169913009,True,3000,confirmed,True,56050,0.8944692239072257,0.8842192960308786,0,0,,56050,2850,0.05084745762711865,,,SEA_A__s115__clean__none,SEA_A,clean,none,115.0,confirmed,hellinger,0.02,1,0,complete
60000,57000,48450,0,0,0.8815414579876233,True,3000,confirmed,True,56050,0.8912399643175736,0.8796171820130717,0,0,,56050,8550,0.15254237288135594,,,SEA_A__s115__clean__none,SEA_A,clean,none,115.0,confirmed,hellinger,0.02,5,4,complete
60000,58900,47500,2850,1,0.9148577919986565,False,3000,confirmed,True,56050,0.8910437109723461,0.8790638644894931,0,0,,56050,10450,0.1864406779661017,,,SEA_A__s115__clean__none,SEA_A,clean,none,115.0,confirmed,hellinger,0.05,5,4,complete
60000,57000,49400,7600,8,0.7251104580063839,False,3000,rl,True,56050,0.907992863514719,0.8998114322622934,0,0,,56050,7600,0.13559322033898305,,,SEA_A__s115__clean__none,SEA_A,clean,none,115.0,error_rule,hellinger,0.01,1,0,complete
60000,57000,31350,3800,4,0.7362114999996265,False,3000,rl,True,56050,0.916413916146298,0.9092983771581434,0,0,,56050,25650,0.4576271186440678,,,SEA_A__s115__clean__none,SEA_A,clean,none,115.0,error_rule,hellinger,0.05,1,0,complete
60000,57000,46550,6650,7,0.7222267500183079,False,3000,rl,True,56050,0.9075289919714541,0.8995038302418222,0,0,,56050,10450,0.1864406779661017,,,SEA_A__s115__clean__none,SEA_A,clean,none,115.0,error_rule,hellinger,0.01,5,4,complete
60000,57000,44650,6650,7,0.7345845420204569,False,3000,rl,True,56050,0.912471008028546,0.9048444749226747,0,0,,56050,12350,0.22033898305084745,,,SEA_A__s115__clean__none,SEA_A,clean,none,115.0,error_rule,hellinger,0.02,1,0,complete
60000,57000,38950,3800,4,0.7226792500005104,False,3000,rl,True,56050,0.9067082961641392,0.8981092047940482,0,0,,56050,18050,0.3220338983050847,,,SEA_A__s115__clean__none,SEA_A,clean,none,115.0,error_rule,hellinger,0.02,5,4,complete
60000,57000,24700,4750,5,0.7226402910018805,False,3000,rl,True,56050,0.9025691347011596,0.8933528866678793,0,0,,56050,32300,0.576271186440678,,,SEA_A__s115__clean__none,SEA_A,clean,none,115.0,error_rule,hellinger,0.05,5,4,complete
60000,57000,48450,11400,12,0.6990407500125002,False,3000,rl,True,56050,0.904192685102587,0.8951456577981647,0,0,,56050,8550,0.15254237288135594,,,SEA_A__s115__clean__none,SEA_A,clean,none,115.0,selected_map,hellinger,0.01,1,0,complete
60000,57000,33250,5700,6,0.7322499579895521,False,3000,rl,True,56050,0.9143264942016057,0.9066740291262136,0,0,,56050,23750,0.423728813559322,,,SEA_A__s115__clean__none,SEA_A,clean,none,115.0,selected_map,hellinger,0.05,1,0,complete
60000,57000,45600,8550,9,0.7145477919839323,False,3000,rl,True,56050,0.9066369313113292,0.8989242388559224,0,0,,56050,11400,0.2033898305084746,,,SEA_A__s115__clean__none,SEA_A,clean,none,115.0,selected_map,hellinger,0.01,5,4,complete
60000,57000,42750,6650,7,0.7235302080225665,False,3000,rl,True,56050,0.9102765388046388,0.9020395886688809,0,0,,56050,14250,0.2542372881355932,,,SEA_A__s115__clean__none,SEA_A,clean,none,115.0,selected_map,hellinger,0.02,1,0,complete
60000,57000,38000,6650,7,0.7081315830000676,False,3000,rl,True,56050,0.9048528099910794,0.8956575447447346,0,0,,56050,19000,0.3389830508474576,,,SEA_A__s115__clean__none,SEA_A,clean,none,115.0,selected_map,hellinger,0.02,5,4,complete
60000,57000,27550,6650,7,0.7166558750031982,False,3000,rl,True,56050,0.9009812667261374,0.891019611112023,0,0,,56050,29450,0.5254237288135594,,,SEA_A__s115__clean__none,SEA_A,clean,none,115.0,selected_map,hellinger,0.05,5,4,complete
60000,57000,55100,0,0,0.9591123749851249,False,3000,rl,True,56050,0.8955396966993756,0.8855610635550317,0,0,,56050,1900,0.03389830508474576,,,SEA_A__s115__clean__none,SEA_A,clean,none,115.0,q_alarm_persistence_7,hellinger,0.01,1,0,complete
60000,57000,54150,0,0,0.967455207995954,False,3000,rl,True,56050,0.8946297948260482,0.8843860340520493,0,0,,56050,2850,0.05084745762711865,,,SEA_A__s115__clean__none,SEA_A,clean,none,115.0,q_alarm_persistence_7,hellinger,0.05,1,0,complete
60000,57000,50350,0,0,0.8952957500005141,False,3000,rl,True,56050,0.8937912578055308,0.8826433723016265,0,0,,56050,6650,0.11864406779661017,,,SEA_A__s115__clean__none,SEA_A,clean,none,115.0,q_alarm_persistence_7,hellinger,0.01,5,4,complete
60000,57000,48450,0,0,0.8976155419950373,False,3000,rl,True,56050,0.8912399643175736,0.8796171820130717,0,0,,56050,8550,0.15254237288135594,,,SEA_A__s115__clean__none,SEA_A,clean,none,115.0,q_alarm_persistence_7,hellinger,0.02,5,4,complete
60000,57000,54150,0,0,0.9509589170047548,False,3000,rl,True,56050,0.8944692239072257,0.8842192960308786,0,0,,56050,2850,0.05084745762711865,,,SEA_A__s115__clean__none,SEA_A,clean,none,115.0,q_alarm_persistence_7,hellinger,0.02,1,0,complete
60000,57000,39900,0,0,0.8671384170011152,False,3000,rl,True,56050,0.8918108831400535,0.8804100424635142,0,0,,56050,17100,0.3050847457627119,,,SEA_A__s115__clean__none,SEA_A,clean,none,115.0,q_alarm_persistence_7,hellinger,0.05,5,4,complete
60000,57000,51300,44650,47,0.6745324160146993,False,3000,rl,True,56050,0.9090098126672613,0.9003879314310184,0,0,,56050,5700,0.1016949152542373,,,SEA_A__s115__clean__none,SEA_A,clean,none,115.0,q_alarm_persistence_17,hellinger,0.01,1,0,complete
60000,57000,37050,31350,33,0.6754295830032788,False,3000,rl,True,56050,0.9112934879571811,0.9027624129911793,0,0,,56050,19950,0.3559322033898305,,,SEA_A__s115__clean__none,SEA_A,clean,none,115.0,q_alarm_persistence_17,hellinger,0.05,1,0,complete
60000,57000,48450,41800,44,0.6757465410046279,False,3000,rl,True,56050,0.9091882247992864,0.9007400141948204,0,0,,56050,8550,0.15254237288135594,,,SEA_A__s115__clean__none,SEA_A,clean,none,115.0,q_alarm_persistence_17,hellinger,0.02,1,0,complete
60000,57000,46550,41800,44,0.6791488330054563,False,3000,rl,True,56050,0.9104192685102587,0.9017688052180753,0,0,,56050,10450,0.1864406779661017,,,SEA_A__s115__clean__none,SEA_A,clean,none,115.0,q_alarm_persistence_17,hellinger,0.01,5,4,complete
60000,57000,40850,37050,39,0.668594499991741,False,3000,rl,True,56050,0.903657448706512,0.8938487571653825,0,0,,56050,16150,0.288135593220339,,,SEA_A__s115__clean__none,SEA_A,clean,none,115.0,q_alarm_persistence_17,hellinger,0.02,5,4,complete
60000,57000,29450,26600,28,0.692910791025497,False,3000,rl,True,56050,0.904299732381802,0.8947592161762141,0,0,,56050,27550,0.4915254237288136,,,SEA_A__s115__clean__none,SEA_A,clean,none,115.0,q_alarm_persistence_17,hellinger,0.05,5,4,complete
60000,57000,46550,41800,44,0.673655708989827,False,3000,rl,True,56050,0.9104192685102587,0.9017688052180753,0,0,,56050,10450,0.1864406779661017,,,SEA_A__s115__clean__none,SEA_A,clean,none,115.0,q_alarm_persistence_27,hellinger,0.01,5,4,complete
60000,57000,51300,44650,47,0.6720825000084005,False,3000,rl,True,56050,0.9090098126672613,0.9003879314310184,0,0,,56050,5700,0.1016949152542373,,,SEA_A__s115__clean__none,SEA_A,clean,none,115.0,q_alarm_persistence_27,hellinger,0.01,1,0,complete
60000,57000,37050,31350,33,0.6802211250032997,False,3000,rl,True,56050,0.9112934879571811,0.9027624129911793,0,0,,56050,19950,0.3559322033898305,,,SEA_A__s115__clean__none,SEA_A,clean,none,115.0,q_alarm_persistence_27,hellinger,0.05,1,0,complete
60000,57000,48450,41800,44,0.6706643330107909,False,3000,rl,True,56050,0.9091882247992864,0.9007400141948204,0,0,,56050,8550,0.15254237288135594,,,SEA_A__s115__clean__none,SEA_A,clean,none,115.0,q_alarm_persistence_27,hellinger,0.02,1,0,complete
60000,57000,40850,37050,39,0.6738125419942662,False,3000,rl,True,56050,0.903657448706512,0.8938487571653825,0,0,,56050,16150,0.288135593220339,,,SEA_A__s115__clean__none,SEA_A,clean,none,115.0,q_alarm_persistence_27,hellinger,0.02,5,4,complete
60000,57000,29450,26600,28,0.6829013750248123,False,3000,rl,True,56050,0.904299732381802,0.8947592161762141,0,0,,56050,27550,0.4915254237288136,,,SEA_A__s115__clean__none,SEA_A,clean,none,115.0,q_alarm_persistence_27,hellinger,0.05,5,4,complete
60000,57000,55100,0,0,0.9636401669995394,False,3000,none,True,56050,0.8955396966993756,0.8855610635550317,0,0,,56050,1900,0.03389830508474576,,,SEA_A__s115__clean__none,SEA_A,clean,none,115.0,no_reset,d3_oof,0.01,1,0,complete
60000,57000,54150,0,0,0.9585589999915101,False,3000,none,True,56050,0.8946297948260482,0.8843860340520493,0,0,,56050,2850,0.05084745762711865,,,SEA_A__s115__clean__none,SEA_A,clean,none,115.0,no_reset,d3_oof,0.05,1,0,complete
60000,57000,50350,0,0,0.8872634590079542,False,3000,none,True,56050,0.8937912578055308,0.8826433723016265,0,0,,56050,6650,0.11864406779661017,,,SEA_A__s115__clean__none,SEA_A,clean,none,115.0,no_reset,d3_oof,0.01,5,4,complete
60000,57000,54150,0,0,0.9488512079988141,False,3000,none,True,56050,0.8944692239072257,0.8842192960308786,0,0,,56050,2850,0.05084745762711865,,,SEA_A__s115__clean__none,SEA_A,clean,none,115.0,no_reset,d3_oof,0.02,1,0,complete
60000,57000,48450,0,0,0.8852475410094485,False,3000,none,True,56050,0.8912399643175736,0.8796171820130717,0,0,,56050,8550,0.15254237288135594,,,SEA_A__s115__clean__none,SEA_A,clean,none,115.0,no_reset,d3_oof,0.02,5,4,complete
60000,57000,39900,0,0,0.862490791012533,False,3000,none,True,56050,0.8918108831400535,0.8804100424635142,0,0,,56050,17100,0.3050847457627119,,,SEA_A__s115__clean__none,SEA_A,clean,none,115.0,no_reset,d3_oof,0.05,5,4,complete
60000,57000,55100,0,0,1.046839832997648,True,3000,confirmed,True,56050,0.8955396966993756,0.8855610635550317,0,0,,56050,1900,0.03389830508474576,,,SEA_A__s115__clean__none,SEA_A,clean,none,115.0,confirmed,d3_oof,0.01,1,0,complete
60000,57000,54150,0,0,1.0601231249893317,True,3000,confirmed,True,56050,0.8946297948260482,0.8843860340520493,0,0,,56050,2850,0.05084745762711865,,,SEA_A__s115__clean__none,SEA_A,clean,none,115.0,confirmed,d3_oof,0.05,1,0,complete
60000,58900,49400,0,0,0.9938090000068769,True,3000,confirmed,True,56050,0.8929170383586084,0.8816067966099504,0,0,,56050,7600,0.13559322033898305,,,SEA_A__s115__clean__none,SEA_A,clean,none,115.0,confirmed,d3_oof,0.01,5,4,complete
60000,57000,54150,0,0,1.0508071669901256,True,3000,confirmed,True,56050,0.8944692239072257,0.8842192960308786,0,0,,56050,2850,0.05084745762711865,,,SEA_A__s115__clean__none,SEA_A,clean,none,115.0,confirmed,d3_oof,0.02,1,0,complete
60000,58900,46550,2850,1,0.9283039589936379,False,3000,confirmed,True,56050,0.8997323818019626,0.889726113737195,0,0,,56050,12350,0.22033898305084745,,,SEA_A__s115__clean__none,SEA_A,clean,none,115.0,confirmed,d3_oof,0.02,5,4,complete
60000,57000,49400,7600,8,0.7691402909986209,False,3000,rl,True,56050,0.907992863514719,0.8998114322622934,0,0,,56050,7600,0.13559322033898305,,,SEA_A__s115__clean__none,SEA_A,clean,none,115.0,error_rule,d3_oof,0.01,1,0,complete
60000,57000,39900,0,0,0.984266999992542,True,3000,confirmed,True,56050,0.8918108831400535,0.8804100424635142,0,0,,56050,17100,0.3050847457627119,,,SEA_A__s115__clean__none,SEA_A,clean,none,115.0,confirmed,d3_oof,0.05,5,4,complete
60000,57000,31350,3800,4,0.8023167089995695,False,3000,rl,True,56050,0.916413916146298,0.9092983771581434,0,0,,56050,25650,0.4576271186440678,,,SEA_A__s115__clean__none,SEA_A,clean,none,115.0,error_rule,d3_oof,0.05,1,0,complete
60000,57000,46550,6650,7,0.7617650000029244,False,3000,rl,True,56050,0.9075289919714541,0.8995038302418222,0,0,,56050,10450,0.1864406779661017,,,SEA_A__s115__clean__none,SEA_A,clean,none,115.0,error_rule,d3_oof,0.01,5,4,complete
60000,57000,44650,6650,7,0.7910922080045566,False,3000,rl,True,56050,0.912471008028546,0.9048444749226747,0,0,,56050,12350,0.22033898305084745,,,SEA_A__s115__clean__none,SEA_A,clean,none,115.0,error_rule,d3_oof,0.02,1,0,complete
60000,57000,38950,3800,4,0.7812644579971675,False,3000,rl,True,56050,0.9067082961641392,0.8981092047940482,0,0,,56050,18050,0.3220338983050847,,,SEA_A__s115__clean__none,SEA_A,clean,none,115.0,error_rule,d3_oof,0.02,5,4,complete
60000,57000,24700,4750,5,0.7746313750103582,False,3000,rl,True,56050,0.9025691347011596,0.8933528866678793,0,0,,56050,32300,0.576271186440678,,,SEA_A__s115__clean__none,SEA_A,clean,none,115.0,error_rule,d3_oof,0.05,5,4,complete
60000,57000,50350,7600,8,0.7712425000208896,False,3000,rl,True,56050,0.9071186440677966,0.8986523685273061,0,0,,56050,6650,0.11864406779661017,,,SEA_A__s115__clean__none,SEA_A,clean,none,115.0,selected_map,d3_oof,0.01,1,0,complete
60000,57000,36100,4750,5,0.7995339170010993,False,3000,rl,True,56050,0.9149687778768957,0.9075253131680516,0,0,,56050,20900,0.3728813559322034,,,SEA_A__s115__clean__none,SEA_A,clean,none,115.0,selected_map,d3_oof,0.05,1,0,complete
60000,57000,46550,5700,6,0.7661768329853658,False,3000,rl,True,56050,0.9070472792149866,0.8989059295923746,0,0,,56050,10450,0.1864406779661017,,,SEA_A__s115__clean__none,SEA_A,clean,none,115.0,selected_map,d3_oof,0.01,5,4,complete
60000,57000,44650,6650,7,0.7932747500017285,False,3000,rl,True,56050,0.912471008028546,0.9048444749226747,0,0,,56050,12350,0.22033898305084745,,,SEA_A__s115__clean__none,SEA_A,clean,none,115.0,selected_map,d3_oof,0.02,1,0,complete
60000,57000,40850,4750,5,0.790422749996651,False,3000,rl,True,56050,0.8914183764495985,0.8805230135786035,0,0,,56050,16150,0.288135593220339,,,SEA_A__s115__clean__none,SEA_A,clean,none,115.0,selected_map,d3_oof,0.02,5,4,complete
60000,57000,24700,4750,5,0.7798670420015696,False,3000,rl,True,56050,0.9025691347011596,0.8933528866678793,0,0,,56050,32300,0.576271186440678,,,SEA_A__s115__clean__none,SEA_A,clean,none,115.0,selected_map,d3_oof,0.05,5,4,complete
60000,57000,55100,0,0,1.0601059999899007,False,3000,rl,True,56050,0.8955396966993756,0.8855610635550317,0,0,,56050,1900,0.03389830508474576,,,SEA_A__s115__clean__none,SEA_A,clean,none,115.0,q_alarm_persistence_7,d3_oof,0.01,1,0,complete
60000,57000,54150,0,0,1.0555112089932663,False,3000,rl,True,56050,0.8946297948260482,0.8843860340520493,0,0,,56050,2850,0.05084745762711865,,,SEA_A__s115__clean__none,SEA_A,clean,none,115.0,q_alarm_persistence_7,d3_oof,0.05,1,0,complete
60000,57000,50350,0,0,0.9949934580072295,False,3000,rl,True,56050,0.8937912578055308,0.8826433723016265,0,0,,56050,6650,0.11864406779661017,,,SEA_A__s115__clean__none,SEA_A,clean,none,115.0,q_alarm_persistence_7,d3_oof,0.01,5,4,complete
60000,57000,54150,0,0,1.050156417011749,False,3000,rl,True,56050,0.8944692239072257,0.8842192960308786,0,0,,56050,2850,0.05084745762711865,,,SEA_A__s115__clean__none,SEA_A,clean,none,115.0,q_alarm_persistence_7,d3_oof,0.02,1,0,complete
60000,57000,48450,0,0,0.9969189169933088,False,3000,rl,True,56050,0.8912399643175736,0.8796171820130717,0,0,,56050,8550,0.15254237288135594,,,SEA_A__s115__clean__none,SEA_A,clean,none,115.0,q_alarm_persistence_7,d3_oof,0.02,5,4,complete
60000,57000,39900,0,0,1.0109277500014286,False,3000,rl,True,56050,0.8918108831400535,0.8804100424635142,0,0,,56050,17100,0.3050847457627119,,,SEA_A__s115__clean__none,SEA_A,clean,none,115.0,q_alarm_persistence_7,d3_oof,0.05,5,4,complete
60000,57000,50350,0,0,1.0389164590160362,False,3000,rl,True,56050,0.8937912578055308,0.8826433723016265,0,0,,56050,6650,0.11864406779661017,,,SEA_A__s115__clean__none,SEA_A,clean,none,115.0,q_alarm_persistence_17,d3_oof,0.01,5,4,complete
60000,57000,54150,0,0,1.057458791998215,False,3000,rl,True,56050,0.8946297948260482,0.8843860340520493,0,0,,56050,2850,0.05084745762711865,,,SEA_A__s115__clean__none,SEA_A,clean,none,115.0,q_alarm_persistence_17,d3_oof,0.05,1,0,complete
60000,57000,55100,0,0,1.140374124981463,False,3000,rl,True,56050,0.8955396966993756,0.8855610635550317,0,0,,56050,1900,0.03389830508474576,,,SEA_A__s115__clean__none,SEA_A,clean,none,115.0,q_alarm_persistence_17,d3_oof,0.01,1,0,complete
60000,57000,54150,0,0,1.1353293340071104,False,3000,rl,True,56050,0.8944692239072257,0.8842192960308786,0,0,,56050,2850,0.05084745762711865,,,SEA_A__s115__clean__none,SEA_A,clean,none,115.0,q_alarm_persistence_17,d3_oof,0.02,1,0,complete
60000,57000,48450,0,0,1.054169915994862,False,3000,rl,True,56050,0.8912399643175736,0.8796171820130717,0,0,,56050,8550,0.15254237288135594,,,SEA_A__s115__clean__none,SEA_A,clean,none,115.0,q_alarm_persistence_17,d3_oof,0.02,5,4,complete
60000,57000,51300,44650,47,0.7097437500196975,False,3000,rl,True,56050,0.9090098126672613,0.9003879314310184,0,0,,56050,5700,0.1016949152542373,,,SEA_A__s115__clean__none,SEA_A,clean,none,115.0,q_alarm_persistence_27,d3_oof,0.01,1,0,complete
60000,57000,46550,41800,44,0.7042020419903565,False,3000,rl,True,56050,0.9104192685102587,0.9017688052180753,0,0,,56050,10450,0.1864406779661017,,,SEA_A__s115__clean__none,SEA_A,clean,none,115.0,q_alarm_persistence_27,d3_oof,0.01,5,4,complete
60000,57000,37050,31350,33,0.6723011249996489,False,3000,rl,True,56050,0.9112934879571811,0.9027624129911793,0,0,,56050,19950,0.3559322033898305,,,SEA_A__s115__clean__none,SEA_A,clean,none,115.0,q_alarm_persistence_27,d3_oof,0.05,1,0,complete
60000,57000,39900,0,0,1.021449833002407,False,3000,rl,True,56050,0.8918108831400535,0.8804100424635142,0,0,,56050,17100,0.3050847457627119,,,SEA_A__s115__clean__none,SEA_A,clean,none,115.0,q_alarm_persistence_17,d3_oof,0.05,5,4,complete
60000,57000,48450,41800,44,0.7155084580008406,False,3000,rl,True,56050,0.9091882247992864,0.9007400141948204,0,0,,56050,8550,0.15254237288135594,,,SEA_A__s115__clean__none,SEA_A,clean,none,115.0,q_alarm_persistence_27,d3_oof,0.02,1,0,complete
60000,57000,40850,37050,39,0.7094911249878351,False,3000,rl,True,56050,0.903657448706512,0.8938487571653825,0,0,,56050,16150,0.288135593220339,,,SEA_A__s115__clean__none,SEA_A,clean,none,115.0,q_alarm_persistence_27,d3_oof,0.02,5,4,complete
60000,57000,29450,26600,28,0.7177234999835491,False,3000,rl,True,56050,0.904299732381802,0.8947592161762141,0,0,,56050,27550,0.4915254237288136,,,SEA_A__s115__clean__none,SEA_A,clean,none,115.0,q_alarm_persistence_27,d3_oof,0.05,5,4,complete
60000,57000,56050,0,0,0.9388300420250744,False,3000,none,True,56050,0.8883140053523639,0.876981384784705,14226,14001,0.9841838886545762,41824,725,0.017334544758990055,,,SEA_A__s115__instance__severe,SEA_A,instance,severe,115.0,no_reset,adwin,0.01,1,0,complete
60000,57000,42750,0,0,0.8242512090073433,False,3000,none,True,56050,0.8956289027653881,0.8856521903994463,14226,10552,0.7417404751862786,41824,10576,0.2528691660290742,,,SEA_A__s115__instance__severe,SEA_A,instance,severe,115.0,no_reset,adwin,0.05,1,0,complete
60000,57000,47500,0,0,0.913138666015584,False,3000,none,True,56050,0.8911150758251561,0.880592161180783,14226,11761,0.8267257134823562,41824,7035,0.1682048584544759,,,SEA_A__s115__instance__severe,SEA_A,instance,severe,115.0,no_reset,adwin,0.01,5,4,complete
60000,57000,52250,0,0,0.9075382500013802,False,3000,none,True,56050,0.8904192685102587,0.8793979000544628,14226,13046,0.917053282721777,41824,3570,0.08535768936495793,,,SEA_A__s115__instance__severe,SEA_A,instance,severe,115.0,no_reset,adwin,0.02,1,0,complete
60000,57000,43700,0,0,0.8828789170074742,False,3000,none,True,56050,0.8939161462979482,0.8840524522683355,14226,10826,0.7610009841135948,41824,9900,0.2367061973986228,,,SEA_A__s115__instance__severe,SEA_A,instance,severe,115.0,no_reset,adwin,0.02,5,4,complete
60000,57000,31350,0,0,0.8169404579966795,False,3000,none,True,56050,0.8919536128456735,0.8811766757223214,14226,7706,0.5416842401237172,41824,19130,0.4573928844682479,,,SEA_A__s115__instance__severe,SEA_A,instance,severe,115.0,no_reset,adwin,0.05,5,4,complete
60000,57000,56050,0,0,0.94087595801102,False,3000,confirmed,True,56050,0.8883140053523639,0.876981384784705,14226,14001,0.9841838886545762,41824,725,0.017334544758990055,,,SEA_A__s115__instance__severe,SEA_A,instance,severe,115.0,confirmed,adwin,0.01,1,0,complete
60000,57000,42750,0,0,0.8405480000074022,False,3000,confirmed,True,56050,0.8956289027653881,0.8856521903994463,14226,10552,0.7417404751862786,41824,10576,0.2528691660290742,,,SEA_A__s115__instance__severe,SEA_A,instance,severe,115.0,confirmed,adwin,0.05,1,0,complete
60000,57000,47500,0,0,0.9031049159821123,False,3000,confirmed,True,56050,0.8911150758251561,0.880592161180783,14226,11761,0.8267257134823562,41824,7035,0.1682048584544759,,,SEA_A__s115__instance__severe,SEA_A,instance,severe,115.0,confirmed,adwin,0.01,5,4,complete
60000,57000,52250,0,0,0.9083782919915393,False,3000,confirmed,True,56050,0.8904192685102587,0.8793979000544628,14226,13046,0.917053282721777,41824,3570,0.08535768936495793,,,SEA_A__s115__instance__severe,SEA_A,instance,severe,115.0,confirmed,adwin,0.02,1,0,complete
60000,58900,39900,2850,1,0.8029763330123387,False,3000,confirmed,True,56050,0.904442462087422,0.8969301601934021,14226,9606,0.6752425137072965,41824,13430,0.32110749808722266,,,SEA_A__s115__instance__severe,SEA_A,instance,severe,115.0,confirmed,adwin,0.02,5,4,complete
60000,58900,32300,0,0,0.8272652910090983,False,3000,confirmed,True,56050,0.8899197145405887,0.8787586992614507,14226,7940,0.558132995922958,41824,18414,0.4402735271614384,,,SEA_A__s115__instance__severe,SEA_A,instance,severe,115.0,confirmed,adwin,0.05,5,4,complete
60000,57000,53200,6650,7,0.7553417090093717,False,3000,rl,True,56050,0.8965923282783229,0.888060601903365,14226,13301,0.9349782089132574,41824,2875,0.06874043611323642,,,SEA_A__s115__instance__severe,SEA_A,instance,severe,115.0,error_rule,adwin,0.01,1,0,complete
60000,57000,23750,4750,5,0.7192205419996753,False,3000,rl,True,56050,0.9068688670829617,0.8993749175283317,14226,5805,0.4080556727119359,41824,24829,0.5936543611323641,,,SEA_A__s115__instance__severe,SEA_A,instance,severe,115.0,error_rule,adwin,0.05,1,0,complete
60000,57000,44650,3800,4,0.7396381669968832,False,3000,rl,True,56050,0.9042283675289919,0.896244586927261,14226,11057,0.77723885842823,41824,9181,0.21951511094108644,,,SEA_A__s115__instance__severe,SEA_A,instance,severe,115.0,error_rule,adwin,0.01,5,4,complete
60000,57000,45600,1900,2,0.7553364170016721,False,3000,rl,True,56050,0.903728813559322,0.8959559016149197,14226,11347,0.7976240686067764,41824,8521,0.20373469778117828,,,SEA_A__s115__instance__severe,SEA_A,instance,severe,115.0,error_rule,adwin,0.02,1,0,complete
60000,57000,36100,6650,7,0.7090607499994803,False,3000,rl,True,56050,0.8997680642283675,0.8904484824829312,14226,8887,0.624701251230142,41824,15561,0.37205910482019894,,,SEA_A__s115__instance__severe,SEA_A,instance,severe,115.0,error_rule,adwin,0.02,5,4,complete
60000,57000,29450,3800,4,0.7410674169950653,False,3000,rl,True,56050,0.8972524531668153,0.8879007310686478,14226,7299,0.5130746520455504,41824,20623,0.4930900918133129,,,SEA_A__s115__instance__severe,SEA_A,instance,severe,115.0,error_rule,adwin,0.05,5,4,complete
60000,57000,53200,6650,7,0.7423982089967467,False,3000,rl,True,56050,0.8965923282783229,0.888060601903365,14226,13301,0.9349782089132574,41824,2875,0.06874043611323642,,,SEA_A__s115__instance__severe,SEA_A,instance,severe,115.0,selected_map,adwin,0.01,1,0,complete
60000,57000,23750,4750,5,0.7186128330067731,False,3000,rl,True,56050,0.9068688670829617,0.8993749175283317,14226,5805,0.4080556727119359,41824,24829,0.5936543611323641,,,SEA_A__s115__instance__severe,SEA_A,instance,severe,115.0,selected_map,adwin,0.05,1,0,complete
60000,57000,44650,3800,4,0.7284365409868769,False,3000,rl,True,56050,0.9042283675289919,0.896244586927261,14226,11057,0.77723885842823,41824,9181,0.21951511094108644,,,SEA_A__s115__instance__severe,SEA_A,instance,severe,115.0,selected_map,adwin,0.01,5,4,complete
60000,57000,45600,1900,2,0.7584854590240866,False,3000,rl,True,56050,0.903728813559322,0.8959559016149197,14226,11347,0.7976240686067764,41824,8521,0.20373469778117828,,,SEA_A__s115__instance__severe,SEA_A,instance,severe,115.0,selected_map,adwin,0.02,1,0,complete
60000,57000,36100,6650,7,0.7045345829974394,False,3000,rl,True,56050,0.8997680642283675,0.8904484824829312,14226,8887,0.624701251230142,41824,15561,0.37205910482019894,,,SEA_A__s115__instance__severe,SEA_A,instance,severe,115.0,selected_map,adwin,0.02,5,4,complete
60000,57000,22800,1900,2,0.7418081249925308,False,3000,rl,True,56050,0.8982337198929528,0.8886342084233976,14226,5613,0.3945592576971742,41824,25587,0.6117779265493497,,,SEA_A__s115__instance__severe,SEA_A,instance,severe,115.0,selected_map,adwin,0.05,5,4,complete
60000,57000,56050,0,0,0.8998841250140686,False,3000,rl,True,56050,0.8883140053523639,0.876981384784705,14226,14001,0.9841838886545762,41824,725,0.017334544758990055,,,SEA_A__s115__instance__severe,SEA_A,instance,severe,115.0,q_alarm_persistence_7,adwin,0.01,1,0,complete
60000,57000,42750,0,0,0.8390107080049347,False,3000,rl,True,56050,0.8956289027653881,0.8856521903994463,14226,10552,0.7417404751862786,41824,10576,0.2528691660290742,,,SEA_A__s115__instance__severe,SEA_A,instance,severe,115.0,q_alarm_persistence_7,adwin,0.05,1,0,complete
60000,57000,47500,0,0,0.8729897500015795,False,3000,rl,True,56050,0.8911150758251561,0.880592161180783,14226,11761,0.8267257134823562,41824,7035,0.1682048584544759,,,SEA_A__s115__instance__severe,SEA_A,instance,severe,115.0,q_alarm_persistence_7,adwin,0.01,5,4,complete
60000,57000,52250,0,0,0.8803246250026859,False,3000,rl,True,56050,0.8904192685102587,0.8793979000544628,14226,13046,0.917053282721777,41824,3570,0.08535768936495793,,,SEA_A__s115__instance__severe,SEA_A,instance,severe,115.0,q_alarm_persistence_7,adwin,0.02,1,0,complete
60000,57000,43700,0,0,0.8564931250002701,False,3000,rl,True,56050,0.8939161462979482,0.8840524522683355,14226,10826,0.7610009841135948,41824,9900,0.2367061973986228,,,SEA_A__s115__instance__severe,SEA_A,instance,severe,115.0,q_alarm_persistence_7,adwin,0.02,5,4,complete
60000,57000,31350,0,0,0.796865375014022,False,3000,rl,True,56050,0.8919536128456735,0.8811766757223214,14226,7706,0.5416842401237172,41824,19130,0.4573928844682479,,,SEA_A__s115__instance__severe,SEA_A,instance,severe,115.0,q_alarm_persistence_7,adwin,0.05,5,4,complete
60000,57000,54150,950,1,0.7896066670073196,False,3000,rl,True,56050,0.8983586083853702,0.889629289569672,14226,13534,0.9513566708842963,41824,2158,0.05159716908951798,,,SEA_A__s115__instance__severe,SEA_A,instance,severe,115.0,q_alarm_persistence_17,adwin,0.01,1,0,complete
60000,57000,42750,0,0,0.8415782080119243,False,3000,rl,True,56050,0.8956289027653881,0.8856521903994463,14226,10552,0.7417404751862786,41824,10576,0.2528691660290742,,,SEA_A__s115__instance__severe,SEA_A,instance,severe,115.0,q_alarm_persistence_17,adwin,0.05,1,0,complete
60000,57000,47500,0,0,0.8690378750034142,False,3000,rl,True,56050,0.8911150758251561,0.880592161180783,14226,11761,0.8267257134823562,41824,7035,0.1682048584544759,,,SEA_A__s115__instance__severe,SEA_A,instance,severe,115.0,q_alarm_persistence_17,adwin,0.01,5,4,complete
60000,57000,50350,950,1,0.7747915829822887,False,3000,rl,True,56050,0.8987332738626227,0.8900684484291417,14226,12564,0.883171657528469,41824,4988,0.11926166794185157,,,SEA_A__s115__instance__severe,SEA_A,instance,severe,115.0,q_alarm_persistence_17,adwin,0.02,1,0,complete
60000,57000,43700,0,0,0.8550923749862704,False,3000,rl,True,56050,0.8939161462979482,0.8840524522683355,14226,10826,0.7610009841135948,41824,9900,0.2367061973986228,,,SEA_A__s115__instance__severe,SEA_A,instance,severe,115.0,q_alarm_persistence_17,adwin,0.02,5,4,complete
60000,57000,31350,0,0,0.8071978749940172,False,3000,rl,True,56050,0.8919536128456735,0.8811766757223214,14226,7706,0.5416842401237172,41824,19130,0.4573928844682479,,,SEA_A__s115__instance__severe,SEA_A,instance,severe,115.0,q_alarm_persistence_17,adwin,0.05,5,4,complete
60000,57000,43700,37050,39,0.6842056250025053,False,3000,rl,True,56050,0.9002319357716325,0.8919728289659721,14226,10947,0.7695065373260228,41824,10021,0.23959927314460597,,,SEA_A__s115__instance__severe,SEA_A,instance,severe,115.0,q_alarm_persistence_27,adwin,0.01,1,0,complete
60000,57000,35150,29450,31,0.6891986669943435,False,3000,rl,True,56050,0.903800178412132,0.8954594264353235,14226,8644,0.6076198509770843,41824,16268,0.38896327467482783,,,SEA_A__s115__instance__severe,SEA_A,instance,severe,115.0,q_alarm_persistence_27,adwin,0.05,1,0,complete
60000,57000,41800,37050,39,0.680786791985156,False,3000,rl,True,56050,0.9016057091882248,0.8932411474821232,14226,10413,0.7319696330662168,41824,11387,0.2722599464422341,,,SEA_A__s115__instance__severe,SEA_A,instance,severe,115.0,q_alarm_persistence_27,adwin,0.01,5,4,complete
60000,57000,45600,38000,40,0.6828984169987962,False,3000,rl,True,56050,0.9027118644067796,0.8945257218145468,14226,11384,0.800224940250246,41824,8558,0.2046193573068095,,,SEA_A__s115__instance__severe,SEA_A,instance,severe,115.0,q_alarm_persistence_27,adwin,0.02,1,0,complete
60000,57000,32300,27550,29,0.696012458007317,False,3000,rl,True,56050,0.9034611953612846,0.8952747862840236,14226,7981,0.5610150428792352,41824,18455,0.44125382555470544,,,SEA_A__s115__instance__severe,SEA_A,instance,severe,115.0,q_alarm_persistence_27,adwin,0.02,5,4,complete
60000,57000,29450,23750,25,0.710596707998775,False,3000,rl,True,56050,0.9014808206958073,0.8924837029985233,14226,7314,0.5141290594685787,41824,20638,0.4934487375669472,,,SEA_A__s115__instance__severe,SEA_A,instance,severe,115.0,q_alarm_persistence_27,adwin,0.05,5,4,complete
60000,57000,56050,0,0,0.9203647089889273,False,3000,none,True,56050,0.8883140053523639,0.876981384784705,14226,14001,0.9841838886545762,41824,725,0.017334544758990055,,,SEA_A__s115__instance__severe,SEA_A,instance,severe,115.0,no_reset,hddm_w,0.01,1,0,complete
60000,57000,42750,0,0,0.8314296250027837,False,3000,none,True,56050,0.8956289027653881,0.8856521903994463,14226,10552,0.7417404751862786,41824,10576,0.2528691660290742,,,SEA_A__s115__instance__severe,SEA_A,instance,severe,115.0,no_reset,hddm_w,0.05,1,0,complete
60000,57000,47500,0,0,0.8727465419797227,False,3000,none,True,56050,0.8911150758251561,0.880592161180783,14226,11761,0.8267257134823562,41824,7035,0.1682048584544759,,,SEA_A__s115__instance__severe,SEA_A,instance,severe,115.0,no_reset,hddm_w,0.01,5,4,complete
60000,57000,52250,0,0,0.8784031250106636,False,3000,none,True,56050,0.8904192685102587,0.8793979000544628,14226,13046,0.917053282721777,41824,3570,0.08535768936495793,,,SEA_A__s115__instance__severe,SEA_A,instance,severe,115.0,no_reset,hddm_w,0.02,1,0,complete
60000,57000,43700,0,0,0.8658371249912307,False,3000,none,True,56050,0.8939161462979482,0.8840524522683355,14226,10826,0.7610009841135948,41824,9900,0.2367061973986228,,,SEA_A__s115__instance__severe,SEA_A,instance,severe,115.0,no_reset,hddm_w,0.02,5,4,complete
60000,57000,31350,0,0,0.8082252920139581,False,3000,none,True,56050,0.8919536128456735,0.8811766757223214,14226,7706,0.5416842401237172,41824,19130,0.4573928844682479,,,SEA_A__s115__instance__severe,SEA_A,instance,severe,115.0,no_reset,hddm_w,0.05,5,4,complete
60000,58900,56050,2850,1,0.8977754169900436,False,3000,confirmed,True,56050,0.8994469223907225,0.8912478676308987,14226,13531,0.9511457893996907,41824,2155,0.05152543993879113,,,SEA_A__s115__instance__severe,SEA_A,instance,severe,115.0,confirmed,hddm_w,0.01,1,0,complete
60000,60800,28500,5700,2,0.8324579579930287,True,3000,confirmed,True,56050,0.9047457627118644,0.8968437859971709,14226,5977,0.42014621116265993,41824,24051,0.5750526013771997,,,SEA_A__s115__instance__severe,SEA_A,instance,severe,115.0,confirmed,hddm_w,0.05,1,0,complete
60000,60800,53200,5700,2,0.8615166670060717,True,3000,confirmed,True,56050,0.8994112399643176,0.8907377652719066,14226,12451,0.8752284549416561,41824,4875,0.11655986993114001,,,SEA_A__s115__instance__severe,SEA_A,instance,severe,115.0,confirmed,hddm_w,0.01,5,4,complete
60000,58900,53200,2850,1,0.8844488330068998,True,3000,confirmed,True,56050,0.9036396074933095,0.8953432999569106,14226,12787,0.8988471812174891,41824,4261,0.10187930374904361,,,SEA_A__s115__instance__severe,SEA_A,instance,severe,115.0,confirmed,hddm_w,0.02,1,0,complete
60000,58900,43700,0,0,0.9472008330048993,True,3000,confirmed,True,56050,0.8939161462979482,0.8840524522683355,14226,10826,0.7610009841135948,41824,9900,0.2367061973986228,,,SEA_A__s115__instance__severe,SEA_A,instance,severe,115.0,confirmed,hddm_w,0.02,5,4,complete
60000,58900,32300,0,0,0.8821776670229156,True,3000,confirmed,True,56050,0.8875468331846565,0.8759984250381967,14226,7939,0.5580627020947561,41824,18413,0.44024961744452945,,,SEA_A__s115__instance__severe,SEA_A,instance,severe,115.0,confirmed,hddm_w,0.05,5,4,complete
60000,57000,53200,6650,7,0.8288899160106666,False,3000,rl,True,56050,0.8965923282783229,0.888060601903365,14226,13301,0.9349782089132574,41824,2875,0.06874043611323642,,,SEA_A__s115__instance__severe,SEA_A,instance,severe,115.0,error_rule,hddm_w,0.01,1,0,complete
60000,57000,23750,4750,5,0.782846417001565,False,3000,rl,True,56050,0.9068688670829617,0.8993749175283317,14226,5805,0.4080556727119359,41824,24829,0.5936543611323641,,,SEA_A__s115__instance__severe,SEA_A,instance,severe,115.0,error_rule,hddm_w,0.05,1,0,complete
60000,57000,44650,3800,4,0.8200107500015292,False,3000,rl,True,56050,0.9042283675289919,0.896244586927261,14226,11057,0.77723885842823,41824,9181,0.21951511094108644,,,SEA_A__s115__instance__severe,SEA_A,instance,severe,115.0,error_rule,hddm_w,0.01,5,4,complete
60000,57000,45600,1900,2,0.8436725829960778,False,3000,rl,True,56050,0.903728813559322,0.8959559016149197,14226,11347,0.7976240686067764,41824,8521,0.20373469778117828,,,SEA_A__s115__instance__severe,SEA_A,instance,severe,115.0,error_rule,hddm_w,0.02,1,0,complete
60000,57000,36100,6650,7,0.7906741249898914,False,3000,rl,True,56050,0.8997680642283675,0.8904484824829312,14226,8887,0.624701251230142,41824,15561,0.37205910482019894,,,SEA_A__s115__instance__severe,SEA_A,instance,severe,115.0,error_rule,hddm_w,0.02,5,4,complete
60000,57000,46550,26600,28,0.7728347500087693,False,3000,rl,True,56050,0.9030151650312221,0.894696091992068,14226,11682,0.8211725010544074,41824,7906,0.18903022188217292,,,SEA_A__s115__instance__severe,SEA_A,instance,severe,115.0,selected_map,hddm_w,0.01,1,0,complete
60000,57000,29450,3800,4,0.8210324170067906,False,3000,rl,True,56050,0.8972524531668153,0.8879007310686478,14226,7299,0.5130746520455504,41824,20623,0.4930900918133129,,,SEA_A__s115__instance__severe,SEA_A,instance,severe,115.0,error_rule,hddm_w,0.05,5,4,complete
60000,57000,38000,24700,26,0.7720323749963427,False,3000,rl,True,56050,0.9089027653880464,0.9013361401257716,14226,9360,0.6579502319696331,41824,14134,0.3379399387911247,,,SEA_A__s115__instance__severe,SEA_A,instance,severe,115.0,selected_map,hddm_w,0.05,1,0,complete
60000,57000,42750,27550,29,0.7697190000035334,False,3000,rl,True,56050,0.9013380909901874,0.8925732538347027,14226,10653,0.7488401518346689,41824,10677,0.2552840474368783,,,SEA_A__s115__instance__severe,SEA_A,instance,severe,115.0,selected_map,hddm_w,0.01,5,4,complete
60000,57000,43700,30400,32,0.7743632080091629,False,3000,rl,True,56050,0.9060303300624443,0.8980330658540883,14226,10894,0.7657809644313229,41824,9968,0.23833205814843153,,,SEA_A__s115__instance__severe,SEA_A,instance,severe,115.0,selected_map,hddm_w,0.02,1,0,complete
60000,57000,38000,21850,23,0.7752713749941904,False,3000,rl,True,56050,0.9040321141837645,0.8954473369638729,14226,9441,0.6636440320539857,41824,14215,0.3398766258607498,,,SEA_A__s115__instance__severe,SEA_A,instance,severe,115.0,selected_map,hddm_w,0.02,5,4,complete
60000,57000,29450,18050,19,0.7907633750000969,False,3000,rl,True,56050,0.9014629794826048,0.8919376016966036,14226,7271,0.5111064248558976,41824,20595,0.4924206197398623,,,SEA_A__s115__instance__severe,SEA_A,instance,severe,115.0,selected_map,hddm_w,0.05,5,4,complete
60000,57000,52250,4750,5,0.837745625001844,False,3000,rl,True,56050,0.8984478144513827,0.8901229946631841,14226,13034,0.9162097567833544,41824,3558,0.0850707727620505,,,SEA_A__s115__instance__severe,SEA_A,instance,severe,115.0,q_alarm_persistence_7,hddm_w,0.01,1,0,complete
60000,57000,27550,2850,3,0.8059766660007881,False,3000,rl,True,56050,0.9087421944692239,0.9017978075427544,14226,6695,0.47061717981161255,41824,21919,0.5240770849273144,,,SEA_A__s115__instance__severe,SEA_A,instance,severe,115.0,q_alarm_persistence_7,hddm_w,0.05,1,0,complete
60000,57000,45600,1900,2,0.8378816669865046,False,3000,rl,True,56050,0.9050312221231044,0.8975065260064077,14226,11305,0.7946717278222972,41824,8479,0.2027304896710023,,,SEA_A__s115__instance__severe,SEA_A,instance,severe,115.0,q_alarm_persistence_7,hddm_w,0.01,5,4,complete
60000,57000,46550,1900,2,0.8603931250108872,False,3000,rl,True,56050,0.903871543264942,0.8961189126120127,14226,11576,0.8137213552650078,41824,7800,0.18649579188982401,,,SEA_A__s115__instance__severe,SEA_A,instance,severe,115.0,q_alarm_persistence_7,hddm_w,0.02,1,0,complete
60000,57000,43700,0,0,0.954146292002406,False,3000,rl,True,56050,0.8939161462979482,0.8840524522683355,14226,10826,0.7610009841135948,41824,9900,0.2367061973986228,,,SEA_A__s115__instance__severe,SEA_A,instance,severe,115.0,q_alarm_persistence_7,hddm_w,0.02,5,4,complete
60000,57000,28500,950,1,0.863253249990521,False,3000,rl,True,56050,0.9006066012488849,0.8914721040003979,14226,7011,0.4928300295234078,41824,21285,0.508918324407039,,,SEA_A__s115__instance__severe,SEA_A,instance,severe,115.0,q_alarm_persistence_7,hddm_w,0.05,5,4,complete
60000,57000,43700,37050,39,0.7694996249920223,False,3000,rl,True,56050,0.9002319357716325,0.8919728289659721,14226,10947,0.7695065373260228,41824,10021,0.23959927314460597,,,SEA_A__s115__instance__severe,SEA_A,instance,severe,115.0,q_alarm_persistence_17,hddm_w,0.01,1,0,complete
60000,57000,35150,29450,31,0.7684193750028498,False,3000,rl,True,56050,0.903800178412132,0.8954594264353235,14226,8644,0.6076198509770843,41824,16268,0.38896327467482783,,,SEA_A__s115__instance__severe,SEA_A,instance,severe,115.0,q_alarm_persistence_17,hddm_w,0.05,1,0,complete
60000,57000,41800,37050,39,0.7720860420085955,False,3000,rl,True,56050,0.9016057091882248,0.8932411474821232,14226,10413,0.7319696330662168,41824,11387,0.2722599464422341,,,SEA_A__s115__instance__severe,SEA_A,instance,severe,115.0,q_alarm_persistence_17,hddm_w,0.01,5,4,complete
60000,57000,45600,38000,40,0.7770007080107462,False,3000,rl,True,56050,0.9027118644067796,0.8945257218145468,14226,11384,0.800224940250246,41824,8558,0.2046193573068095,,,SEA_A__s115__instance__severe,SEA_A,instance,severe,115.0,q_alarm_persistence_17,hddm_w,0.02,1,0,complete
60000,57000,32300,27550,29,0.7697763750038575,False,3000,rl,True,56050,0.9034611953612846,0.8952747862840236,14226,7981,0.5610150428792352,41824,18455,0.44125382555470544,,,SEA_A__s115__instance__severe,SEA_A,instance,severe,115.0,q_alarm_persistence_17,hddm_w,0.02,5,4,complete
60000,57000,29450,23750,25,0.7722074999765027,False,3000,rl,True,56050,0.9014808206958073,0.8924837029985233,14226,7314,0.5141290594685787,41824,20638,0.4934487375669472,,,SEA_A__s115__instance__severe,SEA_A,instance,severe,115.0,q_alarm_persistence_17,hddm_w,0.05,5,4,complete
60000,57000,46550,25650,27,0.7681967910029925,False,3000,rl,True,56050,0.90049955396967,0.8917930557049776,14226,11698,0.8222972023056375,41824,7922,0.18941277735271614,,,SEA_A__s115__instance__severe,SEA_A,instance,severe,115.0,q_alarm_persistence_27,hddm_w,0.01,1,0,complete
60000,57000,38000,22800,24,0.7676973339985125,False,3000,rl,True,56050,0.9087600356824264,0.9011730915257286,14226,9380,0.6593561085336708,41824,14154,0.33841813312930374,,,SEA_A__s115__instance__severe,SEA_A,instance,severe,115.0,q_alarm_persistence_27,hddm_w,0.05,1,0,complete
60000,57000,39900,21850,23,0.7723372920008842,False,3000,rl,True,56050,0.9062979482604817,0.8982271831956103,14226,9900,0.6959088991986504,41824,12774,0.3054227237949503,,,SEA_A__s115__instance__severe,SEA_A,instance,severe,115.0,q_alarm_persistence_27,hddm_w,0.01,5,4,complete
60000,57000,42750,28500,30,0.7709033339924645,False,3000,rl,True,56050,0.904085637823372,0.8957856089381869,14226,10671,0.7501054407423028,41824,10695,0.2557144223412395,,,SEA_A__s115__instance__severe,SEA_A,instance,severe,115.0,q_alarm_persistence_27,hddm_w,0.02,1,0,complete
60000,57000,37050,19000,20,0.7618932499899529,False,3000,rl,True,56050,0.9070651204281891,0.8989974874707205,14226,9195,0.6463517503163222,41824,14919,0.3567090665646519,,,SEA_A__s115__instance__severe,SEA_A,instance,severe,115.0,q_alarm_persistence_27,hddm_w,0.02,5,4,complete
60000,57000,22800,10450,11,0.7808584159938619,False,3000,rl,True,56050,0.9020517395182872,0.892701365073922,14226,5634,0.3960354280894138,41824,25608,0.6122800306044377,,,SEA_A__s115__instance__severe,SEA_A,instance,severe,115.0,q_alarm_persistence_27,hddm_w,0.05,5,4,complete
60000,57000,56050,0,0,0.9137907910044305,False,3000,none,True,56050,0.8883140053523639,0.876981384784705,14226,14001,0.9841838886545762,41824,725,0.017334544758990055,,,SEA_A__s115__instance__severe,SEA_A,instance,severe,115.0,no_reset,hellinger,0.01,1,0,complete
60000,57000,42750,0,0,0.8361970410041977,False,3000,none,True,56050,0.8956289027653881,0.8856521903994463,14226,10552,0.7417404751862786,41824,10576,0.2528691660290742,,,SEA_A__s115__instance__severe,SEA_A,instance,severe,115.0,no_reset,hellinger,0.05,1,0,complete
60000,57000,47500,0,0,0.8708375830028672,False,3000,none,True,56050,0.8911150758251561,0.880592161180783,14226,11761,0.8267257134823562,41824,7035,0.1682048584544759,,,SEA_A__s115__instance__severe,SEA_A,instance,severe,115.0,no_reset,hellinger,0.01,5,4,complete
60000,57000,52250,0,0,0.8714416250004433,False,3000,none,True,56050,0.8904192685102587,0.8793979000544628,14226,13046,0.917053282721777,41824,3570,0.08535768936495793,,,SEA_A__s115__instance__severe,SEA_A,instance,severe,115.0,no_reset,hellinger,0.02,1,0,complete
60000,57000,43700,0,0,0.8503885829995852,False,3000,none,True,56050,0.8939161462979482,0.8840524522683355,14226,10826,0.7610009841135948,41824,9900,0.2367061973986228,,,SEA_A__s115__instance__severe,SEA_A,instance,severe,115.0,no_reset,hellinger,0.02,5,4,complete
60000,57000,31350,0,0,0.795708707999438,False,3000,none,True,56050,0.8919536128456735,0.8811766757223214,14226,7706,0.5416842401237172,41824,19130,0.4573928844682479,,,SEA_A__s115__instance__severe,SEA_A,instance,severe,115.0,no_reset,hellinger,0.05,5,4,complete
60000,58900,55100,2850,1,0.8447450420062523,False,3000,confirmed,True,56050,0.8903835860838537,0.8800600737804244,14226,13283,0.9337129200056236,41824,2857,0.06831006120887528,,,SEA_A__s115__instance__severe,SEA_A,instance,severe,115.0,confirmed,hellinger,0.01,1,0,complete
60000,57000,42750,0,0,0.8429418750019977,True,3000,confirmed,True,56050,0.8956289027653881,0.8856521903994463,14226,10552,0.7417404751862786,41824,10576,0.2528691660290742,,,SEA_A__s115__instance__severe,SEA_A,instance,severe,115.0,confirmed,hellinger,0.05,1,0,complete
60000,57000,47500,0,0,0.8678737080190331,True,3000,confirmed,True,56050,0.8911150758251561,0.880592161180783,14226,11761,0.8267257134823562,41824,7035,0.1682048584544759,,,SEA_A__s115__instance__severe,SEA_A,instance,severe,115.0,confirmed,hellinger,0.01,5,4,complete
60000,57000,52250,0,0,0.8877673750102986,True,3000,confirmed,True,56050,0.8904192685102587,0.8793979000544628,14226,13046,0.917053282721777,41824,3570,0.08535768936495793,,,SEA_A__s115__instance__severe,SEA_A,instance,severe,115.0,confirmed,hellinger,0.02,1,0,complete
60000,57000,43700,0,0,0.8676166250079405,True,3000,confirmed,True,56050,0.8939161462979482,0.8840524522683355,14226,10826,0.7610009841135948,41824,9900,0.2367061973986228,,,SEA_A__s115__instance__severe,SEA_A,instance,severe,115.0,confirmed,hellinger,0.02,5,4,complete
60000,57000,31350,0,0,0.8091150420077611,True,3000,confirmed,True,56050,0.8919536128456735,0.8811766757223214,14226,7706,0.5416842401237172,41824,19130,0.4573928844682479,,,SEA_A__s115__instance__severe,SEA_A,instance,severe,115.0,confirmed,hellinger,0.05,5,4,complete
60000,57000,53200,6650,7,0.7390345000021625,False,3000,rl,True,56050,0.8965923282783229,0.888060601903365,14226,13301,0.9349782089132574,41824,2875,0.06874043611323642,,,SEA_A__s115__instance__severe,SEA_A,instance,severe,115.0,error_rule,hellinger,0.01,1,0,complete
60000,57000,23750,4750,5,0.7206320420082193,False,3000,rl,True,56050,0.9068688670829617,0.8993749175283317,14226,5805,0.4080556727119359,41824,24829,0.5936543611323641,,,SEA_A__s115__instance__severe,SEA_A,instance,severe,115.0,error_rule,hellinger,0.05,1,0,complete
60000,57000,44650,3800,4,0.7441605000058189,False,3000,rl,True,56050,0.9042283675289919,0.896244586927261,14226,11057,0.77723885842823,41824,9181,0.21951511094108644,,,SEA_A__s115__instance__severe,SEA_A,instance,severe,115.0,error_rule,hellinger,0.01,5,4,complete
60000,57000,45600,1900,2,0.7694195829972159,False,3000,rl,True,56050,0.903728813559322,0.8959559016149197,14226,11347,0.7976240686067764,41824,8521,0.20373469778117828,,,SEA_A__s115__instance__severe,SEA_A,instance,severe,115.0,error_rule,hellinger,0.02,1,0,complete
60000,57000,36100,6650,7,0.7146041249798145,False,3000,rl,True,56050,0.8997680642283675,0.8904484824829312,14226,8887,0.624701251230142,41824,15561,0.37205910482019894,,,SEA_A__s115__instance__severe,SEA_A,instance,severe,115.0,error_rule,hellinger,0.02,5,4,complete
60000,57000,29450,3800,4,0.7370274160057306,False,3000,rl,True,56050,0.8972524531668153,0.8879007310686478,14226,7299,0.5130746520455504,41824,20623,0.4930900918133129,,,SEA_A__s115__instance__severe,SEA_A,instance,severe,115.0,error_rule,hellinger,0.05,5,4,complete
60000,57000,49400,7600,8,0.7183540420082863,False,3000,rl,True,56050,0.8976092774308653,0.8884995672610863,14226,12308,0.8651764375087867,41824,5682,0.13585501147666412,,,SEA_A__s115__instance__severe,SEA_A,instance,severe,115.0,selected_map,hellinger,0.01,1,0,complete
60000,57000,35150,2850,3,0.7356460000009974,False,3000,rl,True,56050,0.9068867082961641,0.8997024932175361,14226,8615,0.6055813299592295,41824,16239,0.3882698928844682,,,SEA_A__s115__instance__severe,SEA_A,instance,severe,115.0,selected_map,hellinger,0.05,1,0,complete
60000,57000,38950,11400,12,0.7080711250018794,False,3000,rl,True,56050,0.9058697591436218,0.8978377688402555,14226,9650,0.6783354421481794,41824,13474,0.3221595256312165,,,SEA_A__s115__instance__severe,SEA_A,instance,severe,115.0,selected_map,hellinger,0.01,5,4,complete
60000,57000,46550,6650,7,0.7334122500033118,False,3000,rl,True,56050,0.9006601248884925,0.8923511602737502,14226,11567,0.8130887108111908,41824,7791,0.18628060443764347,,,SEA_A__s115__instance__severe,SEA_A,instance,severe,115.0,selected_map,hellinger,0.02,1,0,complete
60000,57000,38000,11400,12,0.7003549579821993,False,3000,rl,True,56050,0.8980374665477252,0.8885911620670843,14226,9396,0.6604808097849009,41824,14170,0.33880068859984697,,,SEA_A__s115__instance__severe,SEA_A,instance,severe,115.0,selected_map,hellinger,0.02,5,4,complete
60000,57000,24700,5700,6,0.7265157920191996,False,3000,rl,True,56050,0.8930062444246208,0.8830645973196205,14226,6106,0.42921411500070294,41824,24180,0.5781369548584545,,,SEA_A__s115__instance__severe,SEA_A,instance,severe,115.0,selected_map,hellinger,0.05,5,4,complete
60000,57000,56050,0,0,0.9308130000135861,False,3000,rl,True,56050,0.8883140053523639,0.876981384784705,14226,14001,0.9841838886545762,41824,725,0.017334544758990055,,,SEA_A__s115__instance__severe,SEA_A,instance,severe,115.0,q_alarm_persistence_7,hellinger,0.01,1,0,complete
60000,57000,42750,0,0,0.8346567089902237,False,3000,rl,True,56050,0.8956289027653881,0.8856521903994463,14226,10552,0.7417404751862786,41824,10576,0.2528691660290742,,,SEA_A__s115__instance__severe,SEA_A,instance,severe,115.0,q_alarm_persistence_7,hellinger,0.05,1,0,complete
60000,57000,47500,0,0,0.8901684169832151,False,3000,rl,True,56050,0.8911150758251561,0.880592161180783,14226,11761,0.8267257134823562,41824,7035,0.1682048584544759,,,SEA_A__s115__instance__severe,SEA_A,instance,severe,115.0,q_alarm_persistence_7,hellinger,0.01,5,4,complete
60000,57000,52250,0,0,0.898823291005101,False,3000,rl,True,56050,0.8904192685102587,0.8793979000544628,14226,13046,0.917053282721777,41824,3570,0.08535768936495793,,,SEA_A__s115__instance__severe,SEA_A,instance,severe,115.0,q_alarm_persistence_7,hellinger,0.02,1,0,complete
60000,57000,43700,0,0,0.8836092080164235,False,3000,rl,True,56050,0.8939161462979482,0.8840524522683355,14226,10826,0.7610009841135948,41824,9900,0.2367061973986228,,,SEA_A__s115__instance__severe,SEA_A,instance,severe,115.0,q_alarm_persistence_7,hellinger,0.02,5,4,complete
60000,57000,43700,37050,39,0.6787914170126896,False,3000,rl,True,56050,0.9002319357716325,0.8919728289659721,14226,10947,0.7695065373260228,41824,10021,0.23959927314460597,,,SEA_A__s115__instance__severe,SEA_A,instance,severe,115.0,q_alarm_persistence_17,hellinger,0.01,1,0,complete
60000,57000,31350,0,0,0.8170786249975208,False,3000,rl,True,56050,0.8919536128456735,0.8811766757223214,14226,7706,0.5416842401237172,41824,19130,0.4573928844682479,,,SEA_A__s115__instance__severe,SEA_A,instance,severe,115.0,q_alarm_persistence_7,hellinger,0.05,5,4,complete
60000,57000,35150,29450,31,0.6849759579927195,False,3000,rl,True,56050,0.903800178412132,0.8954594264353235,14226,8644,0.6076198509770843,41824,16268,0.38896327467482783,,,SEA_A__s115__instance__severe,SEA_A,instance,severe,115.0,q_alarm_persistence_17,hellinger,0.05,1,0,complete
60000,57000,41800,37050,39,0.6732413750141859,False,3000,rl,True,56050,0.9016057091882248,0.8932411474821232,14226,10413,0.7319696330662168,41824,11387,0.2722599464422341,,,SEA_A__s115__instance__severe,SEA_A,instance,severe,115.0,q_alarm_persistence_17,hellinger,0.01,5,4,complete
60000,57000,45600,38000,40,0.6900885830109473,False,3000,rl,True,56050,0.9027118644067796,0.8945257218145468,14226,11384,0.800224940250246,41824,8558,0.2046193573068095,,,SEA_A__s115__instance__severe,SEA_A,instance,severe,115.0,q_alarm_persistence_17,hellinger,0.02,1,0,complete
60000,57000,32300,27550,29,0.6932352090079803,False,3000,rl,True,56050,0.9034611953612846,0.8952747862840236,14226,7981,0.5610150428792352,41824,18455,0.44125382555470544,,,SEA_A__s115__instance__severe,SEA_A,instance,severe,115.0,q_alarm_persistence_17,hellinger,0.02,5,4,complete
60000,57000,29450,23750,25,0.7035174579941668,False,3000,rl,True,56050,0.9014808206958073,0.8924837029985233,14226,7314,0.5141290594685787,41824,20638,0.4934487375669472,,,SEA_A__s115__instance__severe,SEA_A,instance,severe,115.0,q_alarm_persistence_17,hellinger,0.05,5,4,complete
60000,57000,43700,37050,39,0.6777544579817913,False,3000,rl,True,56050,0.9002319357716325,0.8919728289659721,14226,10947,0.7695065373260228,41824,10021,0.23959927314460597,,,SEA_A__s115__instance__severe,SEA_A,instance,severe,115.0,q_alarm_persistence_27,hellinger,0.01,1,0,complete
60000,57000,35150,29450,31,0.6916651670035208,False,3000,rl,True,56050,0.903871543264942,0.8955826674858164,14226,8632,0.6067763250386616,41824,16256,0.3886763580719204,,,SEA_A__s115__instance__severe,SEA_A,instance,severe,115.0,q_alarm_persistence_27,hellinger,0.05,1,0,complete
60000,57000,41800,37050,39,0.6842790000082459,False,3000,rl,True,56050,0.9016057091882248,0.8932411474821232,14226,10413,0.7319696330662168,41824,11387,0.2722599464422341,,,SEA_A__s115__instance__severe,SEA_A,instance,severe,115.0,q_alarm_persistence_27,hellinger,0.01,5,4,complete
60000,57000,45600,38000,40,0.6858247920172289,False,3000,rl,True,56050,0.9027118644067796,0.8945257218145468,14226,11384,0.800224940250246,41824,8558,0.2046193573068095,,,SEA_A__s115__instance__severe,SEA_A,instance,severe,115.0,q_alarm_persistence_27,hellinger,0.02,1,0,complete
60000,57000,32300,27550,29,0.6890973339905031,False,3000,rl,True,56050,0.9034611953612846,0.8952747862840236,14226,7981,0.5610150428792352,41824,18455,0.44125382555470544,,,SEA_A__s115__instance__severe,SEA_A,instance,severe,115.0,q_alarm_persistence_27,hellinger,0.02,5,4,complete
60000,57000,29450,23750,25,0.6911416669900063,False,3000,rl,True,56050,0.9014808206958073,0.8924837029985233,14226,7314,0.5141290594685787,41824,20638,0.4934487375669472,,,SEA_A__s115__instance__severe,SEA_A,instance,severe,115.0,q_alarm_persistence_27,hellinger,0.05,5,4,complete
60000,57000,56050,0,0,0.9110936670040246,False,3000,none,True,56050,0.8883140053523639,0.876981384784705,14226,14001,0.9841838886545762,41824,725,0.017334544758990055,,,SEA_A__s115__instance__severe,SEA_A,instance,severe,115.0,no_reset,d3_oof,0.01,1,0,complete
60000,57000,42750,0,0,0.8374039579939563,False,3000,none,True,56050,0.8956289027653881,0.8856521903994463,14226,10552,0.7417404751862786,41824,10576,0.2528691660290742,,,SEA_A__s115__instance__severe,SEA_A,instance,severe,115.0,no_reset,d3_oof,0.05,1,0,complete
60000,57000,47500,0,0,0.8698510829999577,False,3000,none,True,56050,0.8911150758251561,0.880592161180783,14226,11761,0.8267257134823562,41824,7035,0.1682048584544759,,,SEA_A__s115__instance__severe,SEA_A,instance,severe,115.0,no_reset,d3_oof,0.01,5,4,complete
60000,57000,52250,0,0,0.8756187910039444,False,3000,none,True,56050,0.8904192685102587,0.8793979000544628,14226,13046,0.917053282721777,41824,3570,0.08535768936495793,,,SEA_A__s115__instance__severe,SEA_A,instance,severe,115.0,no_reset,d3_oof,0.02,1,0,complete
60000,57000,43700,0,0,0.8446345420088619,False,3000,none,True,56050,0.8939161462979482,0.8840524522683355,14226,10826,0.7610009841135948,41824,9900,0.2367061973986228,,,SEA_A__s115__instance__severe,SEA_A,instance,severe,115.0,no_reset,d3_oof,0.02,5,4,complete
60000,57000,31350,0,0,0.8033426250040065,False,3000,none,True,56050,0.8919536128456735,0.8811766757223214,14226,7706,0.5416842401237172,41824,19130,0.4573928844682479,,,SEA_A__s115__instance__severe,SEA_A,instance,severe,115.0,no_reset,d3_oof,0.05,5,4,complete
60000,57000,56050,0,0,1.0099426670058165,False,3000,confirmed,True,56050,0.8883140053523639,0.876981384784705,14226,14001,0.9841838886545762,41824,725,0.017334544758990055,,,SEA_A__s115__instance__severe,SEA_A,instance,severe,115.0,confirmed,d3_oof,0.01,1,0,complete
60000,57000,42750,0,0,0.9355138329992769,False,3000,confirmed,True,56050,0.8956289027653881,0.8856521903994463,14226,10552,0.7417404751862786,41824,10576,0.2528691660290742,,,SEA_A__s115__instance__severe,SEA_A,instance,severe,115.0,confirmed,d3_oof,0.05,1,0,complete
60000,57000,47500,0,0,0.9681032910011709,False,3000,confirmed,True,56050,0.8911150758251561,0.880592161180783,14226,11761,0.8267257134823562,41824,7035,0.1682048584544759,,,SEA_A__s115__instance__severe,SEA_A,instance,severe,115.0,confirmed,d3_oof,0.01,5,4,complete
60000,57000,52250,0,0,0.9729782920039725,False,3000,confirmed,True,56050,0.8904192685102587,0.8793979000544628,14226,13046,0.917053282721777,41824,3570,0.08535768936495793,,,SEA_A__s115__instance__severe,SEA_A,instance,severe,115.0,confirmed,d3_oof,0.02,1,0,complete
60000,57000,43700,0,0,0.962930082983803,False,3000,confirmed,True,56050,0.8939161462979482,0.8840524522683355,14226,10826,0.7610009841135948,41824,9900,0.2367061973986228,,,SEA_A__s115__instance__severe,SEA_A,instance,severe,115.0,confirmed,d3_oof,0.02,5,4,complete
60000,57000,53200,6650,7,0.8030262919783127,False,3000,rl,True,56050,0.8965923282783229,0.888060601903365,14226,13301,0.9349782089132574,41824,2875,0.06874043611323642,,,SEA_A__s115__instance__severe,SEA_A,instance,severe,115.0,error_rule,d3_oof,0.01,1,0,complete
60000,57000,44650,3800,4,0.7995763749931939,False,3000,rl,True,56050,0.9042283675289919,0.896244586927261,14226,11057,0.77723885842823,41824,9181,0.21951511094108644,,,SEA_A__s115__instance__severe,SEA_A,instance,severe,115.0,error_rule,d3_oof,0.01,5,4,complete
60000,57000,23750,4750,5,0.7792685000022175,False,3000,rl,True,56050,0.9068688670829617,0.8993749175283317,14226,5805,0.4080556727119359,41824,24829,0.5936543611323641,,,SEA_A__s115__instance__severe,SEA_A,instance,severe,115.0,error_rule,d3_oof,0.05,1,0,complete
60000,57000,31350,0,0,0.9147457079961896,False,3000,confirmed,True,56050,0.8919536128456735,0.8811766757223214,14226,7706,0.5416842401237172,41824,19130,0.4573928844682479,,,SEA_A__s115__instance__severe,SEA_A,instance,severe,115.0,confirmed,d3_oof,0.05,5,4,complete
60000,57000,45600,1900,2,0.8448239169956651,False,3000,rl,True,56050,0.903728813559322,0.8959559016149197,14226,11347,0.7976240686067764,41824,8521,0.20373469778117828,,,SEA_A__s115__instance__severe,SEA_A,instance,severe,115.0,error_rule,d3_oof,0.02,1,0,complete
60000,57000,36100,6650,7,0.7543093329877593,False,3000,rl,True,56050,0.8997680642283675,0.8904484824829312,14226,8887,0.624701251230142,41824,15561,0.37205910482019894,,,SEA_A__s115__instance__severe,SEA_A,instance,severe,115.0,error_rule,d3_oof,0.02,5,4,complete
60000,57000,29450,3800,4,0.8076505420031026,False,3000,rl,True,56050,0.8972524531668153,0.8879007310686478,14226,7299,0.5130746520455504,41824,20623,0.4930900918133129,,,SEA_A__s115__instance__severe,SEA_A,instance,severe,115.0,error_rule,d3_oof,0.05,5,4,complete
60000,57000,53200,6650,7,0.8034826669900212,False,3000,rl,True,56050,0.8965923282783229,0.888060601903365,14226,13301,0.9349782089132574,41824,2875,0.06874043611323642,,,SEA_A__s115__instance__severe,SEA_A,instance,severe,115.0,selected_map,d3_oof,0.01,1,0,complete
60000,57000,23750,4750,5,0.7808285409992095,False,3000,rl,True,56050,0.9068688670829617,0.8993749175283317,14226,5805,0.4080556727119359,41824,24829,0.5936543611323641,,,SEA_A__s115__instance__severe,SEA_A,instance,severe,115.0,selected_map,d3_oof,0.05,1,0,complete
60000,57000,44650,3800,4,0.8048982080072165,False,3000,rl,True,56050,0.9042283675289919,0.896244586927261,14226,11057,0.77723885842823,41824,9181,0.21951511094108644,,,SEA_A__s115__instance__severe,SEA_A,instance,severe,115.0,selected_map,d3_oof,0.01,5,4,complete
60000,57000,45600,1900,2,0.8476759999757633,False,3000,rl,True,56050,0.903728813559322,0.8959559016149197,14226,11347,0.7976240686067764,41824,8521,0.20373469778117828,,,SEA_A__s115__instance__severe,SEA_A,instance,severe,115.0,selected_map,d3_oof,0.02,1,0,complete
60000,57000,36100,6650,7,0.745148791000247,False,3000,rl,True,56050,0.8997680642283675,0.8904484824829312,14226,8887,0.624701251230142,41824,15561,0.37205910482019894,,,SEA_A__s115__instance__severe,SEA_A,instance,severe,115.0,selected_map,d3_oof,0.02,5,4,complete
60000,57000,29450,3800,4,0.8086854589928407,False,3000,rl,True,56050,0.8972524531668153,0.8879007310686478,14226,7299,0.5130746520455504,41824,20623,0.4930900918133129,,,SEA_A__s115__instance__severe,SEA_A,instance,severe,115.0,selected_map,d3_oof,0.05,5,4,complete
60000,57000,56050,0,0,1.0125110000080895,False,3000,rl,True,56050,0.8883140053523639,0.876981384784705,14226,14001,0.9841838886545762,41824,725,0.017334544758990055,,,SEA_A__s115__instance__severe,SEA_A,instance,severe,115.0,q_alarm_persistence_7,d3_oof,0.01,1,0,complete
60000,57000,42750,0,0,0.9377622079919092,False,3000,rl,True,56050,0.8956289027653881,0.8856521903994463,14226,10552,0.7417404751862786,41824,10576,0.2528691660290742,,,SEA_A__s115__instance__severe,SEA_A,instance,severe,115.0,q_alarm_persistence_7,d3_oof,0.05,1,0,complete
60000,57000,47500,0,0,0.9701083329855464,False,3000,rl,True,56050,0.8911150758251561,0.880592161180783,14226,11761,0.8267257134823562,41824,7035,0.1682048584544759,,,SEA_A__s115__instance__severe,SEA_A,instance,severe,115.0,q_alarm_persistence_7,d3_oof,0.01,5,4,complete
60000,57000,52250,0,0,0.9748059159901459,False,3000,rl,True,56050,0.8904192685102587,0.8793979000544628,14226,13046,0.917053282721777,41824,3570,0.08535768936495793,,,SEA_A__s115__instance__severe,SEA_A,instance,severe,115.0,q_alarm_persistence_7,d3_oof,0.02,1,0,complete
60000,57000,43700,0,0,0.9618627089948859,False,3000,rl,True,56050,0.8939161462979482,0.8840524522683355,14226,10826,0.7610009841135948,41824,9900,0.2367061973986228,,,SEA_A__s115__instance__severe,SEA_A,instance,severe,115.0,q_alarm_persistence_7,d3_oof,0.02,5,4,complete
60000,57000,31350,0,0,0.8935801659827121,False,3000,rl,True,56050,0.8919536128456735,0.8811766757223214,14226,7706,0.5416842401237172,41824,19130,0.4573928844682479,,,SEA_A__s115__instance__severe,SEA_A,instance,severe,115.0,q_alarm_persistence_7,d3_oof,0.05,5,4,complete
60000,57000,47500,0,0,0.9563097910140641,False,3000,rl,True,56050,0.8911150758251561,0.880592161180783,14226,11761,0.8267257134823562,41824,7035,0.1682048584544759,,,SEA_A__s115__instance__severe,SEA_A,instance,severe,115.0,q_alarm_persistence_17,d3_oof,0.01,5,4,complete
60000,57000,42750,0,0,0.940975833000266,False,3000,rl,True,56050,0.8956289027653881,0.8856521903994463,14226,10552,0.7417404751862786,41824,10576,0.2528691660290742,,,SEA_A__s115__instance__severe,SEA_A,instance,severe,115.0,q_alarm_persistence_17,d3_oof,0.05,1,0,complete
60000,57000,56050,0,0,1.0039176249993034,False,3000,rl,True,56050,0.8883140053523639,0.876981384784705,14226,14001,0.9841838886545762,41824,725,0.017334544758990055,,,SEA_A__s115__instance__severe,SEA_A,instance,severe,115.0,q_alarm_persistence_17,d3_oof,0.01,1,0,complete
60000,57000,52250,0,0,0.9741965419962071,False,3000,rl,True,56050,0.8904192685102587,0.8793979000544628,14226,13046,0.917053282721777,41824,3570,0.08535768936495793,,,SEA_A__s115__instance__severe,SEA_A,instance,severe,115.0,q_alarm_persistence_17,d3_oof,0.02,1,0,complete
60000,57000,43700,0,0,0.9572670829948038,False,3000,rl,True,56050,0.8939161462979482,0.8840524522683355,14226,10826,0.7610009841135948,41824,9900,0.2367061973986228,,,SEA_A__s115__instance__severe,SEA_A,instance,severe,115.0,q_alarm_persistence_17,d3_oof,0.02,5,4,complete
60000,57000,43700,37050,39,0.6715760410006624,False,3000,rl,True,56050,0.9002319357716325,0.8919728289659721,14226,10947,0.7695065373260228,41824,10021,0.23959927314460597,,,SEA_A__s115__instance__severe,SEA_A,instance,severe,115.0,q_alarm_persistence_27,d3_oof,0.01,1,0,complete
60000,57000,41800,37050,39,0.6657204169896431,False,3000,rl,True,56050,0.9016057091882248,0.8932411474821232,14226,10413,0.7319696330662168,41824,11387,0.2722599464422341,,,SEA_A__s115__instance__severe,SEA_A,instance,severe,115.0,q_alarm_persistence_27,d3_oof,0.01,5,4,complete
60000,57000,35150,29450,31,0.6861037500057137,False,3000,rl,True,56050,0.903800178412132,0.8954594264353235,14226,8644,0.6076198509770843,41824,16268,0.38896327467482783,,,SEA_A__s115__instance__severe,SEA_A,instance,severe,115.0,q_alarm_persistence_27,d3_oof,0.05,1,0,complete
60000,57000,31350,0,0,0.8964607090165373,False,3000,rl,True,56050,0.8919536128456735,0.8811766757223214,14226,7706,0.5416842401237172,41824,19130,0.4573928844682479,,,SEA_A__s115__instance__severe,SEA_A,instance,severe,115.0,q_alarm_persistence_17,d3_oof,0.05,5,4,complete
60000,57000,45600,38000,40,0.6841035840043332,False,3000,rl,True,56050,0.9027118644067796,0.8945257218145468,14226,11384,0.800224940250246,41824,8558,0.2046193573068095,,,SEA_A__s115__instance__severe,SEA_A,instance,severe,115.0,q_alarm_persistence_27,d3_oof,0.02,1,0,complete
60000,57000,32300,27550,29,0.6831724579969887,False,3000,rl,True,56050,0.9034611953612846,0.8952747862840236,14226,7981,0.5610150428792352,41824,18455,0.44125382555470544,,,SEA_A__s115__instance__severe,SEA_A,instance,severe,115.0,q_alarm_persistence_27,d3_oof,0.02,5,4,complete
60000,57000,29450,23750,25,0.69655620798585,False,3000,rl,True,56050,0.9014808206958073,0.8924837029985233,14226,7314,0.5141290594685787,41824,20638,0.4934487375669472,,,SEA_A__s115__instance__severe,SEA_A,instance,severe,115.0,q_alarm_persistence_27,d3_oof,0.05,5,4,complete
60000,57000,52250,0,0,0.9625424580008257,False,3000,none,True,56050,0.8970026761819804,0.8862139808949243,0,0,,56050,4750,0.0847457627118644,,,SEA_A__s116__clean__none,SEA_A,clean,none,116.0,no_reset,adwin,0.01,1,0,complete
60000,57000,45600,0,0,0.9553116249880986,False,3000,none,True,56050,0.9031400535236396,0.893737251044757,0,0,,56050,11400,0.2033898305084746,,,SEA_A__s116__clean__none,SEA_A,clean,none,116.0,no_reset,adwin,0.05,1,0,complete
60000,57000,51300,0,0,0.9092114590166602,False,3000,none,True,56050,0.8980374665477252,0.8874308327869983,0,0,,56050,5700,0.1016949152542373,,,SEA_A__s116__clean__none,SEA_A,clean,none,116.0,no_reset,adwin,0.01,5,4,complete
60000,57000,51300,0,0,0.9286188750120346,False,3000,none,True,56050,0.8964674397859055,0.8853821901563843,0,0,,56050,5700,0.1016949152542373,,,SEA_A__s116__clean__none,SEA_A,clean,none,116.0,no_reset,adwin,0.02,1,0,complete
60000,57000,47500,0,0,0.9120732090086676,False,3000,none,True,56050,0.8927921498661909,0.8811139809268631,0,0,,56050,9500,0.1694915254237288,,,SEA_A__s116__clean__none,SEA_A,clean,none,116.0,no_reset,adwin,0.02,5,4,complete
60000,57000,32300,0,0,0.7918585000152234,False,3000,none,True,56050,0.9024085637823372,0.8922735609248984,0,0,,56050,24700,0.4406779661016949,,,SEA_A__s116__clean__none,SEA_A,clean,none,116.0,no_reset,adwin,0.05,5,4,complete
60000,58900,52250,2850,1,0.86082291600178,False,3000,confirmed,True,56050,0.9075289919714541,0.899257026860709,0,0,,56050,6650,0.11864406779661017,,,SEA_A__s116__clean__none,SEA_A,clean,none,116.0,confirmed,adwin,0.01,1,0,complete
60000,58900,47500,2850,1,0.8525680000020657,False,3000,confirmed,True,56050,0.911935771632471,0.9043171542709807,0,0,,56050,10450,0.1864406779661017,,,SEA_A__s116__clean__none,SEA_A,clean,none,116.0,confirmed,adwin,0.05,1,0,complete
60000,58900,49400,2850,1,0.8456203330133576,False,3000,confirmed,True,56050,0.9103479036574487,0.9023172187791514,0,0,,56050,9500,0.1694915254237288,,,SEA_A__s116__clean__none,SEA_A,clean,none,116.0,confirmed,adwin,0.02,1,0,complete
60000,58900,50350,0,0,0.9376460000057705,False,3000,confirmed,True,56050,0.895842997323818,0.8847290937928122,0,0,,56050,6650,0.11864406779661017,,,SEA_A__s116__clean__none,SEA_A,clean,none,116.0,confirmed,adwin,0.01,5,4,complete
60000,58900,47500,0,0,0.9387844580051024,False,3000,confirmed,True,56050,0.8927921498661909,0.8811139809268631,0,0,,56050,9500,0.1694915254237288,,,SEA_A__s116__clean__none,SEA_A,clean,none,116.0,confirmed,adwin,0.02,5,4,complete
60000,58900,26600,0,0,0.8229260829975829,False,3000,confirmed,True,56050,0.8975914362176628,0.8867666246573368,0,0,,56050,30400,0.5423728813559322,,,SEA_A__s116__clean__none,SEA_A,clean,none,116.0,confirmed,adwin,0.05,5,4,complete
60000,57000,36100,8550,9,0.7320342920138501,False,3000,rl,True,56050,0.9038358608385371,0.8936373386649397,0,0,,56050,20900,0.3728813559322034,,,SEA_A__s116__clean__none,SEA_A,clean,none,116.0,error_rule,adwin,0.01,5,4,complete
60000,57000,31350,5700,6,0.7330501659889705,False,3000,rl,True,56050,0.9094736842105263,0.9009025897179561,0,0,,56050,25650,0.4576271186440678,,,SEA_A__s116__clean__none,SEA_A,clean,none,116.0,error_rule,adwin,0.05,1,0,complete
60000,57000,48450,4750,5,0.7830629590025637,False,3000,rl,True,56050,0.9132203389830509,0.9048348383576232,0,0,,56050,8550,0.15254237288135594,,,SEA_A__s116__clean__none,SEA_A,clean,none,116.0,error_rule,adwin,0.01,1,0,complete
60000,57000,45600,3800,4,0.7774102919793222,False,3000,rl,True,56050,0.9127029438001784,0.9044606310225479,0,0,,56050,11400,0.2033898305084746,,,SEA_A__s116__clean__none,SEA_A,clean,none,116.0,error_rule,adwin,0.02,1,0,complete
60000,57000,45600,1900,2,0.7884527090063784,False,3000,rl,True,56050,0.9038537020517395,0.8934806501015837,0,0,,56050,11400,0.2033898305084746,,,SEA_A__s116__clean__none,SEA_A,clean,none,116.0,error_rule,adwin,0.02,5,4,complete
60000,57000,12350,2850,3,0.7299658749834634,False,3000,rl,True,56050,0.9037466547725246,0.8937184905127873,0,0,,56050,44650,0.7966101694915254,,,SEA_A__s116__clean__none,SEA_A,clean,none,116.0,error_rule,adwin,0.05,5,4,complete
60000,57000,47500,4750,5,0.7745407499896828,False,3000,rl,True,56050,0.9132024977698483,0.9048119558670968,0,0,,56050,9500,0.1694915254237288,,,SEA_A__s116__clean__none,SEA_A,clean,none,116.0,selected_map,adwin,0.01,1,0,complete
60000,57000,31350,6650,7,0.7297511659999145,False,3000,rl,True,56050,0.9094380017841214,0.9008361692758919,0,0,,56050,25650,0.4576271186440678,,,SEA_A__s116__clean__none,SEA_A,clean,none,116.0,selected_map,adwin,0.05,1,0,complete
60000,57000,36100,9500,10,0.706631125009153,False,3000,rl,True,56050,0.904085637823372,0.8938694636330131,0,0,,56050,20900,0.3728813559322034,,,SEA_A__s116__clean__none,SEA_A,clean,none,116.0,selected_map,adwin,0.01,5,4,complete
60000,57000,45600,1900,2,0.7656426669855136,False,3000,rl,True,56050,0.9038537020517395,0.8934806501015837,0,0,,56050,11400,0.2033898305084746,,,SEA_A__s116__clean__none,SEA_A,clean,none,116.0,selected_map,adwin,0.02,5,4,complete
60000,57000,44650,3800,4,0.7797734590130858,False,3000,rl,True,56050,0.9126851025869759,0.9044378166502145,0,0,,56050,12350,0.22033898305084745,,,SEA_A__s116__clean__none,SEA_A,clean,none,116.0,selected_map,adwin,0.02,1,0,complete
60000,57000,12350,2850,3,0.736849875014741,False,3000,rl,True,56050,0.9037466547725246,0.8937184905127873,0,0,,56050,44650,0.7966101694915254,,,SEA_A__s116__clean__none,SEA_A,clean,none,116.0,selected_map,adwin,0.05,5,4,complete
60000,57000,52250,0,0,0.949885040987283,False,3000,rl,True,56050,0.8970026761819804,0.8862139808949243,0,0,,56050,4750,0.0847457627118644,,,SEA_A__s116__clean__none,SEA_A,clean,none,116.0,q_alarm_persistence_7,adwin,0.01,1,0,complete
60000,57000,45600,0,0,0.9485752089967718,False,3000,rl,True,56050,0.9031400535236396,0.893737251044757,0,0,,56050,11400,0.2033898305084746,,,SEA_A__s116__clean__none,SEA_A,clean,none,116.0,q_alarm_persistence_7,adwin,0.05,1,0,complete
60000,57000,51300,0,0,0.9251670830126386,False,3000,rl,True,56050,0.8980374665477252,0.8874308327869983,0,0,,56050,5700,0.1016949152542373,,,SEA_A__s116__clean__none,SEA_A,clean,none,116.0,q_alarm_persistence_7,adwin,0.01,5,4,complete
60000,57000,51300,0,0,0.9462564999994356,False,3000,rl,True,56050,0.8964674397859055,0.8853821901563843,0,0,,56050,5700,0.1016949152542373,,,SEA_A__s116__clean__none,SEA_A,clean,none,116.0,q_alarm_persistence_7,adwin,0.02,1,0,complete
60000,57000,47500,0,0,0.9307675409945659,False,3000,rl,True,56050,0.8927921498661909,0.8811139809268631,0,0,,56050,9500,0.1694915254237288,,,SEA_A__s116__clean__none,SEA_A,clean,none,116.0,q_alarm_persistence_7,adwin,0.02,5,4,complete
60000,57000,32300,0,0,0.8022004590020515,False,3000,rl,True,56050,0.9024085637823372,0.8922735609248984,0,0,,56050,24700,0.4406779661016949,,,SEA_A__s116__clean__none,SEA_A,clean,none,116.0,q_alarm_persistence_7,adwin,0.05,5,4,complete
60000,57000,49400,3800,4,0.7580457919975743,False,3000,rl,True,56050,0.9057270294380018,0.8970386562028798,0,0,,56050,7600,0.13559322033898305,,,SEA_A__s116__clean__none,SEA_A,clean,none,116.0,q_alarm_persistence_17,adwin,0.01,1,0,complete
60000,57000,45600,1900,2,0.807895666002878,False,3000,rl,True,56050,0.9128991971454059,0.9053949471104166,0,0,,56050,11400,0.2033898305084746,,,SEA_A__s116__clean__none,SEA_A,clean,none,116.0,q_alarm_persistence_17,adwin,0.05,1,0,complete
60000,57000,37050,1900,2,0.7879674589785282,False,3000,rl,True,56050,0.9054415700267618,0.8959902942490439,0,0,,56050,19950,0.3559322033898305,,,SEA_A__s116__clean__none,SEA_A,clean,none,116.0,q_alarm_persistence_17,adwin,0.02,1,0,complete
60000,57000,44650,1900,2,0.8039070000231732,False,3000,rl,True,56050,0.9013916146297948,0.8919670006757285,0,0,,56050,12350,0.22033898305084745,,,SEA_A__s116__clean__none,SEA_A,clean,none,116.0,q_alarm_persistence_17,adwin,0.01,5,4,complete
60000,57000,47500,950,1,0.8238501659943722,False,3000,rl,True,56050,0.9030508474576271,0.8937860430214711,0,0,,56050,9500,0.1694915254237288,,,SEA_A__s116__clean__none,SEA_A,clean,none,116.0,q_alarm_persistence_17,adwin,0.02,5,4,complete
60000,57000,52250,49400,52,0.6877147080085706,False,3000,rl,True,56050,0.9106512042818912,0.9013626752056786,0,0,,56050,4750,0.0847457627118644,,,SEA_A__s116__clean__none,SEA_A,clean,none,116.0,q_alarm_persistence_27,adwin,0.01,1,0,complete
60000,57000,19950,1900,2,0.7533690829877742,False,3000,rl,True,56050,0.903693131132917,0.8940017819623691,0,0,,56050,37050,0.6610169491525424,,,SEA_A__s116__clean__none,SEA_A,clean,none,116.0,q_alarm_persistence_17,adwin,0.05,5,4,complete
60000,57000,39900,34200,36,0.6976122920023045,False,3000,rl,True,56050,0.9152899197145405,0.9068031449598034,0,0,,56050,17100,0.3050847457627119,,,SEA_A__s116__clean__none,SEA_A,clean,none,116.0,q_alarm_persistence_27,adwin,0.05,1,0,complete
60000,57000,46550,41800,44,0.6927776670199819,False,3000,rl,True,56050,0.912471008028546,0.9036446592403141,0,0,,56050,10450,0.1864406779661017,,,SEA_A__s116__clean__none,SEA_A,clean,none,116.0,q_alarm_persistence_27,adwin,0.01,5,4,complete
60000,57000,45600,42750,45,0.6796694999793544,False,3000,rl,True,56050,0.9113291703835861,0.9021394924092979,0,0,,56050,11400,0.2033898305084746,,,SEA_A__s116__clean__none,SEA_A,clean,none,116.0,q_alarm_persistence_27,adwin,0.02,1,0,complete
60000,57000,39900,36100,38,0.689772042009281,False,3000,rl,True,56050,0.9098661909009813,0.9005008638244236,0,0,,56050,17100,0.3050847457627119,,,SEA_A__s116__clean__none,SEA_A,clean,none,116.0,q_alarm_persistence_27,adwin,0.02,5,4,complete
60000,57000,33250,28500,30,0.7054742090112995,False,3000,rl,True,56050,0.9077787689562891,0.8980792153842148,0,0,,56050,23750,0.423728813559322,,,SEA_A__s116__clean__none,SEA_A,clean,none,116.0,q_alarm_persistence_27,adwin,0.05,5,4,complete
60000,57000,52250,0,0,0.9517176670196932,False,3000,none,True,56050,0.8970026761819804,0.8862139808949243,0,0,,56050,4750,0.0847457627118644,,,SEA_A__s116__clean__none,SEA_A,clean,none,116.0,no_reset,hddm_w,0.01,1,0,complete
60000,57000,45600,0,0,0.9322843749978347,False,3000,none,True,56050,0.9031400535236396,0.893737251044757,0,0,,56050,11400,0.2033898305084746,,,SEA_A__s116__clean__none,SEA_A,clean,none,116.0,no_reset,hddm_w,0.05,1,0,complete
60000,57000,51300,0,0,0.9096743340196554,False,3000,none,True,56050,0.8980374665477252,0.8874308327869983,0,0,,56050,5700,0.1016949152542373,,,SEA_A__s116__clean__none,SEA_A,clean,none,116.0,no_reset,hddm_w,0.01,5,4,complete
60000,57000,51300,0,0,0.9325791250157636,False,3000,none,True,56050,0.8964674397859055,0.8853821901563843,0,0,,56050,5700,0.1016949152542373,,,SEA_A__s116__clean__none,SEA_A,clean,none,116.0,no_reset,hddm_w,0.02,1,0,complete
60000,57000,47500,0,0,0.9221123750030529,False,3000,none,True,56050,0.8927921498661909,0.8811139809268631,0,0,,56050,9500,0.1694915254237288,,,SEA_A__s116__clean__none,SEA_A,clean,none,116.0,no_reset,hddm_w,0.02,5,4,complete
60000,57000,32300,0,0,0.8035811250156257,False,3000,none,True,56050,0.9024085637823372,0.8922735609248984,0,0,,56050,24700,0.4406779661016949,,,SEA_A__s116__clean__none,SEA_A,clean,none,116.0,no_reset,hddm_w,0.05,5,4,complete
60000,57000,52250,0,0,0.9896557499887422,False,3000,confirmed,True,56050,0.8970026761819804,0.8862139808949243,0,0,,56050,4750,0.0847457627118644,,,SEA_A__s116__clean__none,SEA_A,clean,none,116.0,confirmed,hddm_w,0.01,1,0,complete
60000,58900,43700,2850,1,0.8866492500092136,False,3000,confirmed,True,56050,0.912256913470116,0.9045886581558116,0,0,,56050,15200,0.2711864406779661,,,SEA_A__s116__clean__none,SEA_A,clean,none,116.0,confirmed,hddm_w,0.05,1,0,complete
60000,57000,51300,0,0,0.9921012920094654,False,3000,confirmed,True,56050,0.8980374665477252,0.8874308327869983,0,0,,56050,5700,0.1016949152542373,,,SEA_A__s116__clean__none,SEA_A,clean,none,116.0,confirmed,hddm_w,0.01,5,4,complete
60000,57000,51300,0,0,0.985014375008177,False,3000,confirmed,True,56050,0.8964674397859055,0.8853821901563843,0,0,,56050,5700,0.1016949152542373,,,SEA_A__s116__clean__none,SEA_A,clean,none,116.0,confirmed,hddm_w,0.02,1,0,complete
60000,58900,47500,2850,1,0.8825028330029454,False,3000,confirmed,True,56050,0.9074397859054416,0.8986714638612725,0,0,,56050,11400,0.2033898305084746,,,SEA_A__s116__clean__none,SEA_A,clean,none,116.0,confirmed,hddm_w,0.02,5,4,complete
60000,57000,32300,0,0,0.8582092500000726,False,3000,confirmed,True,56050,0.9024085637823372,0.8922735609248984,0,0,,56050,24700,0.4406779661016949,,,SEA_A__s116__clean__none,SEA_A,clean,none,116.0,confirmed,hddm_w,0.05,5,4,complete
60000,57000,36100,8550,9,0.7709894579893444,False,3000,rl,True,56050,0.9038358608385371,0.8936373386649397,0,0,,56050,20900,0.3728813559322034,,,SEA_A__s116__clean__none,SEA_A,clean,none,116.0,error_rule,hddm_w,0.01,5,4,complete
60000,57000,31350,5700,6,0.7839752500003669,False,3000,rl,True,56050,0.9094736842105263,0.9009025897179561,0,0,,56050,25650,0.4576271186440678,,,SEA_A__s116__clean__none,SEA_A,clean,none,116.0,error_rule,hddm_w,0.05,1,0,complete
60000,57000,48450,4750,5,0.8359241249854676,False,3000,rl,True,56050,0.9132203389830509,0.9048348383576232,0,0,,56050,8550,0.15254237288135594,,,SEA_A__s116__clean__none,SEA_A,clean,none,116.0,error_rule,hddm_w,0.01,1,0,complete
60000,57000,45600,3800,4,0.8409734590095468,False,3000,rl,True,56050,0.9127029438001784,0.9044606310225479,0,0,,56050,11400,0.2033898305084746,,,SEA_A__s116__clean__none,SEA_A,clean,none,116.0,error_rule,hddm_w,0.02,1,0,complete
60000,57000,45600,1900,2,0.8088322090043221,False,3000,rl,True,56050,0.9038537020517395,0.8934806501015837,0,0,,56050,11400,0.2033898305084746,,,SEA_A__s116__clean__none,SEA_A,clean,none,116.0,error_rule,hddm_w,0.02,5,4,complete
60000,57000,12350,2850,3,0.788808416982647,False,3000,rl,True,56050,0.9037466547725246,0.8937184905127873,0,0,,56050,44650,0.7966101694915254,,,SEA_A__s116__clean__none,SEA_A,clean,none,116.0,error_rule,hddm_w,0.05,5,4,complete
60000,57000,52250,51300,54,0.774354332999792,False,3000,rl,True,56050,0.9125602140945585,0.9036175615655497,0,0,,56050,4750,0.0847457627118644,,,SEA_A__s116__clean__none,SEA_A,clean,none,116.0,selected_map,hddm_w,0.01,1,0,complete
60000,57000,38000,36100,38,0.7767439160088543,False,3000,rl,True,56050,0.916021409455843,0.9076461727467935,0,0,,56050,19000,0.3389830508474576,,,SEA_A__s116__clean__none,SEA_A,clean,none,116.0,selected_map,hddm_w,0.05,1,0,complete
60000,57000,44650,42750,45,0.7716984160069842,False,3000,rl,True,56050,0.9109901873327386,0.9018445857248668,0,0,,56050,12350,0.22033898305084745,,,SEA_A__s116__clean__none,SEA_A,clean,none,116.0,selected_map,hddm_w,0.01,5,4,complete
60000,57000,45600,44650,47,0.7594129590142984,False,3000,rl,True,56050,0.9132381801962534,0.9043923357977276,0,0,,56050,11400,0.2033898305084746,,,SEA_A__s116__clean__none,SEA_A,clean,none,116.0,selected_map,hddm_w,0.02,1,0,complete
60000,57000,39900,38950,41,0.7663597920036409,False,3000,rl,True,56050,0.9093309545049063,0.8998396915215205,0,0,,56050,17100,0.3050847457627119,,,SEA_A__s116__clean__none,SEA_A,clean,none,116.0,selected_map,hddm_w,0.02,5,4,complete
60000,57000,27550,26600,28,0.76768441699096,False,3000,rl,True,56050,0.9039607493309545,0.8937663822393831,0,0,,56050,29450,0.5254237288135594,,,SEA_A__s116__clean__none,SEA_A,clean,none,116.0,selected_map,hddm_w,0.05,5,4,complete
60000,57000,52250,0,0,1.0108079580240883,False,3000,rl,True,56050,0.8970026761819804,0.8862139808949243,0,0,,56050,4750,0.0847457627118644,,,SEA_A__s116__clean__none,SEA_A,clean,none,116.0,q_alarm_persistence_7,hddm_w,0.01,1,0,complete
60000,57000,46550,0,0,0.9872912080027163,False,3000,rl,True,56050,0.9026761819803747,0.893203461331765,0,0,,56050,10450,0.1864406779661017,,,SEA_A__s116__clean__none,SEA_A,clean,none,116.0,q_alarm_persistence_7,hddm_w,0.05,1,0,complete
60000,57000,50350,950,1,0.8619269999908283,False,3000,rl,True,56050,0.9095985727029438,0.9011626524538454,0,0,,56050,6650,0.11864406779661017,,,SEA_A__s116__clean__none,SEA_A,clean,none,116.0,q_alarm_persistence_7,hddm_w,0.01,5,4,complete
60000,57000,51300,0,0,0.995801292010583,False,3000,rl,True,56050,0.8964674397859055,0.8853821901563843,0,0,,56050,5700,0.1016949152542373,,,SEA_A__s116__clean__none,SEA_A,clean,none,116.0,q_alarm_persistence_7,hddm_w,0.02,1,0,complete
60000,57000,47500,0,0,0.9740699580288492,False,3000,rl,True,56050,0.8910793933987511,0.8790249386135491,0,0,,56050,9500,0.1694915254237288,,,SEA_A__s116__clean__none,SEA_A,clean,none,116.0,q_alarm_persistence_7,hddm_w,0.02,5,4,complete
60000,57000,32300,0,0,0.8632782500062604,False,3000,rl,True,56050,0.9024085637823372,0.8922735609248984,0,0,,56050,24700,0.4406779661016949,,,SEA_A__s116__clean__none,SEA_A,clean,none,116.0,q_alarm_persistence_7,hddm_w,0.05,5,4,complete
60000,57000,52250,49400,52,0.7629588340059854,False,3000,rl,True,56050,0.9106512042818912,0.9013626752056786,0,0,,56050,4750,0.0847457627118644,,,SEA_A__s116__clean__none,SEA_A,clean,none,116.0,q_alarm_persistence_17,hddm_w,0.01,1,0,complete
60000,57000,39900,34200,36,0.7780336669966346,False,3000,rl,True,56050,0.9152899197145405,0.9068031449598034,0,0,,56050,17100,0.3050847457627119,,,SEA_A__s116__clean__none,SEA_A,clean,none,116.0,q_alarm_persistence_17,hddm_w,0.05,1,0,complete
60000,57000,46550,41800,44,0.7722836659813765,False,3000,rl,True,56050,0.912471008028546,0.9036446592403141,0,0,,56050,10450,0.1864406779661017,,,SEA_A__s116__clean__none,SEA_A,clean,none,116.0,q_alarm_persistence_17,hddm_w,0.01,5,4,complete
60000,57000,45600,42750,45,0.7759752919955645,False,3000,rl,True,56050,0.9113291703835861,0.9021394924092979,0,0,,56050,11400,0.2033898305084746,,,SEA_A__s116__clean__none,SEA_A,clean,none,116.0,q_alarm_persistence_17,hddm_w,0.02,1,0,complete
60000,57000,39900,36100,38,0.7729285419918597,False,3000,rl,True,56050,0.9098661909009813,0.9005008638244236,0,0,,56050,17100,0.3050847457627119,,,SEA_A__s116__clean__none,SEA_A,clean,none,116.0,q_alarm_persistence_17,hddm_w,0.02,5,4,complete
60000,57000,33250,28500,30,0.774148458003765,False,3000,rl,True,56050,0.9077787689562891,0.8980792153842148,0,0,,56050,23750,0.423728813559322,,,SEA_A__s116__clean__none,SEA_A,clean,none,116.0,q_alarm_persistence_17,hddm_w,0.05,5,4,complete
60000,57000,52250,49400,52,0.7787046669982374,False,3000,rl,True,56050,0.9106512042818912,0.9013626752056786,0,0,,56050,4750,0.0847457627118644,,,SEA_A__s116__clean__none,SEA_A,clean,none,116.0,q_alarm_persistence_27,hddm_w,0.01,1,0,complete
60000,57000,39900,34200,36,0.779629541997565,False,3000,rl,True,56050,0.9152899197145405,0.9068031449598034,0,0,,56050,17100,0.3050847457627119,,,SEA_A__s116__clean__none,SEA_A,clean,none,116.0,q_alarm_persistence_27,hddm_w,0.05,1,0,complete
60000,57000,46550,41800,44,0.7709628330194391,False,3000,rl,True,56050,0.912471008028546,0.9036446592403141,0,0,,56050,10450,0.1864406779661017,,,SEA_A__s116__clean__none,SEA_A,clean,none,116.0,q_alarm_persistence_27,hddm_w,0.01,5,4,complete
60000,57000,45600,42750,45,0.7791023329773452,False,3000,rl,True,56050,0.9113291703835861,0.9021394924092979,0,0,,56050,11400,0.2033898305084746,,,SEA_A__s116__clean__none,SEA_A,clean,none,116.0,q_alarm_persistence_27,hddm_w,0.02,1,0,complete
60000,57000,39900,36100,38,0.761790332995588,False,3000,rl,True,56050,0.9098661909009813,0.9005008638244236,0,0,,56050,17100,0.3050847457627119,,,SEA_A__s116__clean__none,SEA_A,clean,none,116.0,q_alarm_persistence_27,hddm_w,0.02,5,4,complete
60000,57000,33250,28500,30,0.7774628750048578,False,3000,rl,True,56050,0.9077787689562891,0.8980792153842148,0,0,,56050,23750,0.423728813559322,,,SEA_A__s116__clean__none,SEA_A,clean,none,116.0,q_alarm_persistence_27,hddm_w,0.05,5,4,complete
60000,57000,52250,0,0,0.9472330829885323,False,3000,none,True,56050,0.8970026761819804,0.8862139808949243,0,0,,56050,4750,0.0847457627118644,,,SEA_A__s116__clean__none,SEA_A,clean,none,116.0,no_reset,hellinger,0.01,1,0,complete
60000,57000,45600,0,0,0.9276562909944914,False,3000,none,True,56050,0.9031400535236396,0.893737251044757,0,0,,56050,11400,0.2033898305084746,,,SEA_A__s116__clean__none,SEA_A,clean,none,116.0,no_reset,hellinger,0.05,1,0,complete
60000,57000,51300,0,0,0.9194832500070333,False,3000,none,True,56050,0.8980374665477252,0.8874308327869983,0,0,,56050,5700,0.1016949152542373,,,SEA_A__s116__clean__none,SEA_A,clean,none,116.0,no_reset,hellinger,0.01,5,4,complete
60000,57000,51300,0,0,0.9281903339724522,False,3000,none,True,56050,0.8964674397859055,0.8853821901563843,0,0,,56050,5700,0.1016949152542373,,,SEA_A__s116__clean__none,SEA_A,clean,none,116.0,no_reset,hellinger,0.02,1,0,complete
60000,57000,47500,0,0,0.9170670000021346,False,3000,none,True,56050,0.8927921498661909,0.8811139809268631,0,0,,56050,9500,0.1694915254237288,,,SEA_A__s116__clean__none,SEA_A,clean,none,116.0,no_reset,hellinger,0.02,5,4,complete
60000,57000,32300,0,0,0.8024920419848058,False,3000,none,True,56050,0.9024085637823372,0.8922735609248984,0,0,,56050,24700,0.4406779661016949,,,SEA_A__s116__clean__none,SEA_A,clean,none,116.0,no_reset,hellinger,0.05,5,4,complete
60000,57000,52250,0,0,0.9522327919839881,False,3000,confirmed,True,56050,0.8970026761819804,0.8862139808949243,0,0,,56050,4750,0.0847457627118644,,,SEA_A__s116__clean__none,SEA_A,clean,none,116.0,confirmed,hellinger,0.01,1,0,complete
60000,57000,45600,0,0,0.9390622080100002,False,3000,confirmed,True,56050,0.9031400535236396,0.893737251044757,0,0,,56050,11400,0.2033898305084746,,,SEA_A__s116__clean__none,SEA_A,clean,none,116.0,confirmed,hellinger,0.05,1,0,complete
60000,57000,51300,0,0,0.9167554579908028,False,3000,confirmed,True,56050,0.8980374665477252,0.8874308327869983,0,0,,56050,5700,0.1016949152542373,,,SEA_A__s116__clean__none,SEA_A,clean,none,116.0,confirmed,hellinger,0.01,5,4,complete
60000,57000,51300,0,0,0.9386013339972124,False,3000,confirmed,True,56050,0.8964674397859055,0.8853821901563843,0,0,,56050,5700,0.1016949152542373,,,SEA_A__s116__clean__none,SEA_A,clean,none,116.0,confirmed,hellinger,0.02,1,0,complete
60000,57000,47500,0,0,0.9259103329968639,False,3000,confirmed,True,56050,0.8927921498661909,0.8811139809268631,0,0,,56050,9500,0.1694915254237288,,,SEA_A__s116__clean__none,SEA_A,clean,none,116.0,confirmed,hellinger,0.02,5,4,complete
60000,57000,32300,0,0,0.8060596249997616,False,3000,confirmed,True,56050,0.9024085637823372,0.8922735609248984,0,0,,56050,24700,0.4406779661016949,,,SEA_A__s116__clean__none,SEA_A,clean,none,116.0,confirmed,hellinger,0.05,5,4,complete
60000,57000,48450,4750,5,0.7693834580131806,False,3000,rl,True,56050,0.9132203389830509,0.9048348383576232,0,0,,56050,8550,0.15254237288135594,,,SEA_A__s116__clean__none,SEA_A,clean,none,116.0,error_rule,hellinger,0.01,1,0,complete
60000,57000,31350,5700,6,0.7276814999931958,False,3000,rl,True,56050,0.9094736842105263,0.9009025897179561,0,0,,56050,25650,0.4576271186440678,,,SEA_A__s116__clean__none,SEA_A,clean,none,116.0,error_rule,hellinger,0.05,1,0,complete
60000,57000,36100,8550,9,0.7081927090184763,False,3000,rl,True,56050,0.9038358608385371,0.8936373386649397,0,0,,56050,20900,0.3728813559322034,,,SEA_A__s116__clean__none,SEA_A,clean,none,116.0,error_rule,hellinger,0.01,5,4,complete
60000,57000,45600,3800,4,0.7850272080104332,False,3000,rl,True,56050,0.9127029438001784,0.9044606310225479,0,0,,56050,11400,0.2033898305084746,,,SEA_A__s116__clean__none,SEA_A,clean,none,116.0,error_rule,hellinger,0.02,1,0,complete
60000,57000,45600,1900,2,0.762409499991918,False,3000,rl,True,56050,0.9038537020517395,0.8934806501015837,0,0,,56050,11400,0.2033898305084746,,,SEA_A__s116__clean__none,SEA_A,clean,none,116.0,error_rule,hellinger,0.02,5,4,complete
60000,57000,12350,2850,3,0.7247421249921899,False,3000,rl,True,56050,0.9037466547725246,0.8937184905127873,0,0,,56050,44650,0.7966101694915254,,,SEA_A__s116__clean__none,SEA_A,clean,none,116.0,error_rule,hellinger,0.05,5,4,complete
60000,57000,43700,9500,10,0.7248031249910127,False,3000,rl,True,56050,0.9089919714540589,0.9002036796290385,0,0,,56050,13300,0.23728813559322035,,,SEA_A__s116__clean__none,SEA_A,clean,none,116.0,selected_map,hellinger,0.01,1,0,complete
60000,57000,30400,7600,8,0.7275329999974929,False,3000,rl,True,56050,0.9115611061552186,0.9030073861866738,0,0,,56050,26600,0.4745762711864407,,,SEA_A__s116__clean__none,SEA_A,clean,none,116.0,selected_map,hellinger,0.05,1,0,complete
60000,57000,42750,10450,11,0.7178959159937222,False,3000,rl,True,56050,0.9066726137377341,0.8973868308844991,0,0,,56050,14250,0.2542372881355932,,,SEA_A__s116__clean__none,SEA_A,clean,none,116.0,selected_map,hellinger,0.01,5,4,complete
60000,57000,37050,10450,11,0.7234435829741415,False,3000,rl,True,56050,0.907564674397859,0.8984704357625106,0,0,,56050,19950,0.3559322033898305,,,SEA_A__s116__clean__none,SEA_A,clean,none,116.0,selected_map,hellinger,0.02,1,0,complete
60000,57000,40850,6650,7,0.7180005410045851,False,3000,rl,True,56050,0.9088135593220339,0.8993449399426459,0,0,,56050,16150,0.288135593220339,,,SEA_A__s116__clean__none,SEA_A,clean,none,116.0,selected_map,hellinger,0.02,5,4,complete
60000,57000,12350,2850,3,0.7297616669966374,False,3000,rl,True,56050,0.9037466547725246,0.8937184905127873,0,0,,56050,44650,0.7966101694915254,,,SEA_A__s116__clean__none,SEA_A,clean,none,116.0,selected_map,hellinger,0.05,5,4,complete
60000,57000,52250,0,0,0.9447168750048149,False,3000,rl,True,56050,0.8970026761819804,0.8862139808949243,0,0,,56050,4750,0.0847457627118644,,,SEA_A__s116__clean__none,SEA_A,clean,none,116.0,q_alarm_persistence_7,hellinger,0.01,1,0,complete
60000,57000,45600,0,0,0.9450753330020234,False,3000,rl,True,56050,0.9031400535236396,0.893737251044757,0,0,,56050,11400,0.2033898305084746,,,SEA_A__s116__clean__none,SEA_A,clean,none,116.0,q_alarm_persistence_7,hellinger,0.05,1,0,complete
60000,57000,51300,0,0,0.9219704169954639,False,3000,rl,True,56050,0.8980374665477252,0.8874308327869983,0,0,,56050,5700,0.1016949152542373,,,SEA_A__s116__clean__none,SEA_A,clean,none,116.0,q_alarm_persistence_7,hellinger,0.01,5,4,complete
60000,57000,51300,0,0,0.9345383750041947,False,3000,rl,True,56050,0.8964674397859055,0.8853821901563843,0,0,,56050,5700,0.1016949152542373,,,SEA_A__s116__clean__none,SEA_A,clean,none,116.0,q_alarm_persistence_7,hellinger,0.02,1,0,complete
60000,57000,47500,0,0,0.9349343330250122,False,3000,rl,True,56050,0.8927921498661909,0.8811139809268631,0,0,,56050,9500,0.1694915254237288,,,SEA_A__s116__clean__none,SEA_A,clean,none,116.0,q_alarm_persistence_7,hellinger,0.02,5,4,complete
60000,57000,32300,0,0,0.8161342089879327,False,3000,rl,True,56050,0.9024085637823372,0.8922735609248984,0,0,,56050,24700,0.4406779661016949,,,SEA_A__s116__clean__none,SEA_A,clean,none,116.0,q_alarm_persistence_7,hellinger,0.05,5,4,complete
60000,57000,52250,49400,52,0.6776593750109896,False,3000,rl,True,56050,0.9106512042818912,0.9013626752056786,0,0,,56050,4750,0.0847457627118644,,,SEA_A__s116__clean__none,SEA_A,clean,none,116.0,q_alarm_persistence_17,hellinger,0.01,1,0,complete
60000,57000,39900,34200,36,0.6983814589912072,False,3000,rl,True,56050,0.9152899197145405,0.9068031449598034,0,0,,56050,17100,0.3050847457627119,,,SEA_A__s116__clean__none,SEA_A,clean,none,116.0,q_alarm_persistence_17,hellinger,0.05,1,0,complete
60000,57000,46550,41800,44,0.6722071660042275,False,3000,rl,True,56050,0.912471008028546,0.9036446592403141,0,0,,56050,10450,0.1864406779661017,,,SEA_A__s116__clean__none,SEA_A,clean,none,116.0,q_alarm_persistence_17,hellinger,0.01,5,4,complete
60000,57000,45600,42750,45,0.6913931250164751,False,3000,rl,True,56050,0.9113291703835861,0.9021394924092979,0,0,,56050,11400,0.2033898305084746,,,SEA_A__s116__clean__none,SEA_A,clean,none,116.0,q_alarm_persistence_17,hellinger,0.02,1,0,complete
60000,57000,39900,36100,38,0.692515041999286,False,3000,rl,True,56050,0.9098661909009813,0.9005008638244236,0,0,,56050,17100,0.3050847457627119,,,SEA_A__s116__clean__none,SEA_A,clean,none,116.0,q_alarm_persistence_17,hellinger,0.02,5,4,complete
60000,57000,33250,28500,30,0.7050157499907073,False,3000,rl,True,56050,0.9077787689562891,0.8980792153842148,0,0,,56050,23750,0.423728813559322,,,SEA_A__s116__clean__none,SEA_A,clean,none,116.0,q_alarm_persistence_17,hellinger,0.05,5,4,complete
60000,57000,52250,49400,52,0.6836680409905966,False,3000,rl,True,56050,0.9106512042818912,0.9013626752056786,0,0,,56050,4750,0.0847457627118644,,,SEA_A__s116__clean__none,SEA_A,clean,none,116.0,q_alarm_persistence_27,hellinger,0.01,1,0,complete
60000,57000,39900,34200,36,0.7037286249978933,False,3000,rl,True,56050,0.9152899197145405,0.9068031449598034,0,0,,56050,17100,0.3050847457627119,,,SEA_A__s116__clean__none,SEA_A,clean,none,116.0,q_alarm_persistence_27,hellinger,0.05,1,0,complete
60000,57000,46550,41800,44,0.6891857919981703,False,3000,rl,True,56050,0.912471008028546,0.9036446592403141,0,0,,56050,10450,0.1864406779661017,,,SEA_A__s116__clean__none,SEA_A,clean,none,116.0,q_alarm_persistence_27,hellinger,0.01,5,4,complete
60000,57000,45600,42750,45,0.6860859589942265,False,3000,rl,True,56050,0.9113291703835861,0.9021394924092979,0,0,,56050,11400,0.2033898305084746,,,SEA_A__s116__clean__none,SEA_A,clean,none,116.0,q_alarm_persistence_27,hellinger,0.02,1,0,complete
60000,57000,39900,36100,38,0.6878042499884032,False,3000,rl,True,56050,0.9098661909009813,0.9005008638244236,0,0,,56050,17100,0.3050847457627119,,,SEA_A__s116__clean__none,SEA_A,clean,none,116.0,q_alarm_persistence_27,hellinger,0.02,5,4,complete
60000,57000,33250,28500,30,0.6899428330070805,False,3000,rl,True,56050,0.9077787689562891,0.8980792153842148,0,0,,56050,23750,0.423728813559322,,,SEA_A__s116__clean__none,SEA_A,clean,none,116.0,q_alarm_persistence_27,hellinger,0.05,5,4,complete
60000,57000,52250,0,0,0.9464352499926463,False,3000,none,True,56050,0.8970026761819804,0.8862139808949243,0,0,,56050,4750,0.0847457627118644,,,SEA_A__s116__clean__none,SEA_A,clean,none,116.0,no_reset,d3_oof,0.01,1,0,complete
60000,57000,45600,0,0,0.9423418749938719,False,3000,none,True,56050,0.9031400535236396,0.893737251044757,0,0,,56050,11400,0.2033898305084746,,,SEA_A__s116__clean__none,SEA_A,clean,none,116.0,no_reset,d3_oof,0.05,1,0,complete
60000,57000,51300,0,0,0.9172835839854088,False,3000,none,True,56050,0.8980374665477252,0.8874308327869983,0,0,,56050,5700,0.1016949152542373,,,SEA_A__s116__clean__none,SEA_A,clean,none,116.0,no_reset,d3_oof,0.01,5,4,complete
60000,57000,51300,0,0,0.930895875004353,False,3000,none,True,56050,0.8964674397859055,0.8853821901563843,0,0,,56050,5700,0.1016949152542373,,,SEA_A__s116__clean__none,SEA_A,clean,none,116.0,no_reset,d3_oof,0.02,1,0,complete
60000,57000,47500,0,0,0.9140071250149049,False,3000,none,True,56050,0.8927921498661909,0.8811139809268631,0,0,,56050,9500,0.1694915254237288,,,SEA_A__s116__clean__none,SEA_A,clean,none,116.0,no_reset,d3_oof,0.02,5,4,complete
60000,57000,32300,0,0,0.8013567909947596,False,3000,none,True,56050,0.9024085637823372,0.8922735609248984,0,0,,56050,24700,0.4406779661016949,,,SEA_A__s116__clean__none,SEA_A,clean,none,116.0,no_reset,d3_oof,0.05,5,4,complete
60000,58900,52250,2850,1,0.9262886670185253,False,3000,confirmed,True,56050,0.9121677074041035,0.9044083809265395,0,0,,56050,6650,0.11864406779661017,,,SEA_A__s116__clean__none,SEA_A,clean,none,116.0,confirmed,d3_oof,0.01,1,0,complete
60000,60800,45600,0,0,1.0525804170029005,False,3000,confirmed,True,56050,0.8971632471008029,0.8869299775345146,0,0,,56050,11400,0.2033898305084746,,,SEA_A__s116__clean__none,SEA_A,clean,none,116.0,confirmed,d3_oof,0.05,1,0,complete
60000,58900,52250,2850,1,0.9717050420003943,False,3000,confirmed,True,56050,0.8992328278322926,0.8888457769614264,0,0,,56050,6650,0.11864406779661017,,,SEA_A__s116__clean__none,SEA_A,clean,none,116.0,confirmed,d3_oof,0.01,5,4,complete
60000,58900,52250,2850,1,0.9028022919956129,False,3000,confirmed,True,56050,0.9112042818911686,0.9030831315577079,0,0,,56050,6650,0.11864406779661017,,,SEA_A__s116__clean__none,SEA_A,clean,none,116.0,confirmed,d3_oof,0.02,1,0,complete
60000,60800,46550,0,0,1.0039047909958754,False,3000,confirmed,True,56050,0.8938269402319358,0.8824069112953611,0,0,,56050,10450,0.1864406779661017,,,SEA_A__s116__clean__none,SEA_A,clean,none,116.0,confirmed,d3_oof,0.02,5,4,complete
60000,57000,36100,8550,9,0.7197985000093468,False,3000,rl,True,56050,0.9038358608385371,0.8936373386649397,0,0,,56050,20900,0.3728813559322034,,,SEA_A__s116__clean__none,SEA_A,clean,none,116.0,error_rule,d3_oof,0.01,5,4,complete
60000,58900,32300,0,0,0.9121190829901025,False,3000,confirmed,True,56050,0.9024085637823372,0.8922735609248984,0,0,,56050,24700,0.4406779661016949,,,SEA_A__s116__clean__none,SEA_A,clean,none,116.0,confirmed,d3_oof,0.05,5,4,complete
60000,57000,31350,5700,6,0.7681735000078334,False,3000,rl,True,56050,0.9094736842105263,0.9009025897179561,0,0,,56050,25650,0.4576271186440678,,,SEA_A__s116__clean__none,SEA_A,clean,none,116.0,error_rule,d3_oof,0.05,1,0,complete
60000,57000,48450,4750,5,0.8438947500253562,False,3000,rl,True,56050,0.9132203389830509,0.9048348383576232,0,0,,56050,8550,0.15254237288135594,,,SEA_A__s116__clean__none,SEA_A,clean,none,116.0,error_rule,d3_oof,0.01,1,0,complete
60000,57000,45600,3800,4,0.8526054999965709,False,3000,rl,True,56050,0.9127029438001784,0.9044606310225479,0,0,,56050,11400,0.2033898305084746,,,SEA_A__s116__clean__none,SEA_A,clean,none,116.0,error_rule,d3_oof,0.02,1,0,complete
60000,57000,45600,1900,2,0.8247743750107475,False,3000,rl,True,56050,0.9038537020517395,0.8934806501015837,0,0,,56050,11400,0.2033898305084746,,,SEA_A__s116__clean__none,SEA_A,clean,none,116.0,error_rule,d3_oof,0.02,5,4,complete
60000,57000,12350,2850,3,0.7903421249939129,False,3000,rl,True,56050,0.9037466547725246,0.8937184905127873,0,0,,56050,44650,0.7966101694915254,,,SEA_A__s116__clean__none,SEA_A,clean,none,116.0,error_rule,d3_oof,0.05,5,4,complete
60000,57000,48450,4750,5,0.845036041981075,False,3000,rl,True,56050,0.9132203389830509,0.9048348383576232,0,0,,56050,8550,0.15254237288135594,,,SEA_A__s116__clean__none,SEA_A,clean,none,116.0,selected_map,d3_oof,0.01,1,0,complete
60000,57000,31350,5700,6,0.7720340000087162,False,3000,rl,True,56050,0.9094736842105263,0.9009025897179561,0,0,,56050,25650,0.4576271186440678,,,SEA_A__s116__clean__none,SEA_A,clean,none,116.0,selected_map,d3_oof,0.05,1,0,complete
60000,57000,36100,8550,9,0.7355324170202948,False,3000,rl,True,56050,0.9038358608385371,0.8936373386649397,0,0,,56050,20900,0.3728813559322034,,,SEA_A__s116__clean__none,SEA_A,clean,none,116.0,selected_map,d3_oof,0.01,5,4,complete
60000,57000,45600,3800,4,0.8544163329934236,False,3000,rl,True,56050,0.9127029438001784,0.9044606310225479,0,0,,56050,11400,0.2033898305084746,,,SEA_A__s116__clean__none,SEA_A,clean,none,116.0,selected_map,d3_oof,0.02,1,0,complete
60000,57000,45600,1900,2,0.8450441670138389,False,3000,rl,True,56050,0.9038537020517395,0.8934806501015837,0,0,,56050,11400,0.2033898305084746,,,SEA_A__s116__clean__none,SEA_A,clean,none,116.0,selected_map,d3_oof,0.02,5,4,complete
60000,57000,12350,2850,3,0.8037612079933751,False,3000,rl,True,56050,0.9037466547725246,0.8937184905127873,0,0,,56050,44650,0.7966101694915254,,,SEA_A__s116__clean__none,SEA_A,clean,none,116.0,selected_map,d3_oof,0.05,5,4,complete
60000,57000,52250,0,0,1.0414945840020664,False,3000,rl,True,56050,0.8970026761819804,0.8862139808949243,0,0,,56050,4750,0.0847457627118644,,,SEA_A__s116__clean__none,SEA_A,clean,none,116.0,q_alarm_persistence_7,d3_oof,0.01,1,0,complete
60000,57000,45600,0,0,1.0623245829920052,False,3000,rl,True,56050,0.9031400535236396,0.893737251044757,0,0,,56050,11400,0.2033898305084746,,,SEA_A__s116__clean__none,SEA_A,clean,none,116.0,q_alarm_persistence_7,d3_oof,0.05,1,0,complete
60000,57000,51300,0,0,1.0025770840002224,False,3000,rl,True,56050,0.8980374665477252,0.8874308327869983,0,0,,56050,5700,0.1016949152542373,,,SEA_A__s116__clean__none,SEA_A,clean,none,116.0,q_alarm_persistence_7,d3_oof,0.01,5,4,complete
60000,57000,51300,0,0,1.024999042012496,False,3000,rl,True,56050,0.8964674397859055,0.8853821901563843,0,0,,56050,5700,0.1016949152542373,,,SEA_A__s116__clean__none,SEA_A,clean,none,116.0,q_alarm_persistence_7,d3_oof,0.02,1,0,complete
60000,57000,47500,0,0,1.016690042015398,False,3000,rl,True,56050,0.8927921498661909,0.8811139809268631,0,0,,56050,9500,0.1694915254237288,,,SEA_A__s116__clean__none,SEA_A,clean,none,116.0,q_alarm_persistence_7,d3_oof,0.02,5,4,complete
60000,57000,32300,0,0,0.9004686670086812,False,3000,rl,True,56050,0.9024085637823372,0.8922735609248984,0,0,,56050,24700,0.4406779661016949,,,SEA_A__s116__clean__none,SEA_A,clean,none,116.0,q_alarm_persistence_7,d3_oof,0.05,5,4,complete
60000,57000,52250,0,0,1.0340444580069743,False,3000,rl,True,56050,0.8970026761819804,0.8862139808949243,0,0,,56050,4750,0.0847457627118644,,,SEA_A__s116__clean__none,SEA_A,clean,none,116.0,q_alarm_persistence_17,d3_oof,0.01,1,0,complete
60000,57000,45600,0,0,1.037723792003817,False,3000,rl,True,56050,0.9031400535236396,0.893737251044757,0,0,,56050,11400,0.2033898305084746,,,SEA_A__s116__clean__none,SEA_A,clean,none,116.0,q_alarm_persistence_17,d3_oof,0.05,1,0,complete
60000,57000,51300,0,0,1.0126555830065627,False,3000,rl,True,56050,0.8980374665477252,0.8874308327869983,0,0,,56050,5700,0.1016949152542373,,,SEA_A__s116__clean__none,SEA_A,clean,none,116.0,q_alarm_persistence_17,d3_oof,0.01,5,4,complete
60000,57000,51300,0,0,1.0309345830173697,False,3000,rl,True,56050,0.8964674397859055,0.8853821901563843,0,0,,56050,5700,0.1016949152542373,,,SEA_A__s116__clean__none,SEA_A,clean,none,116.0,q_alarm_persistence_17,d3_oof,0.02,1,0,complete
60000,57000,47500,0,0,1.020534499984933,False,3000,rl,True,56050,0.8927921498661909,0.8811139809268631,0,0,,56050,9500,0.1694915254237288,,,SEA_A__s116__clean__none,SEA_A,clean,none,116.0,q_alarm_persistence_17,d3_oof,0.02,5,4,complete
60000,57000,52250,49400,52,0.6705905419948976,False,3000,rl,True,56050,0.9106512042818912,0.9013626752056786,0,0,,56050,4750,0.0847457627118644,,,SEA_A__s116__clean__none,SEA_A,clean,none,116.0,q_alarm_persistence_27,d3_oof,0.01,1,0,complete
60000,57000,46550,41800,44,0.6760839580092579,False,3000,rl,True,56050,0.912471008028546,0.9036446592403141,0,0,,56050,10450,0.1864406779661017,,,SEA_A__s116__clean__none,SEA_A,clean,none,116.0,q_alarm_persistence_27,d3_oof,0.01,5,4,complete
60000,57000,39900,34200,36,0.6904700419981964,False,3000,rl,True,56050,0.9152899197145405,0.9068031449598034,0,0,,56050,17100,0.3050847457627119,,,SEA_A__s116__clean__none,SEA_A,clean,none,116.0,q_alarm_persistence_27,d3_oof,0.05,1,0,complete
60000,57000,32300,0,0,0.9002895000157878,False,3000,rl,True,56050,0.9024085637823372,0.8922735609248984,0,0,,56050,24700,0.4406779661016949,,,SEA_A__s116__clean__none,SEA_A,clean,none,116.0,q_alarm_persistence_17,d3_oof,0.05,5,4,complete
60000,57000,45600,42750,45,0.6905455829983111,False,3000,rl,True,56050,0.9113291703835861,0.9021394924092979,0,0,,56050,11400,0.2033898305084746,,,SEA_A__s116__clean__none,SEA_A,clean,none,116.0,q_alarm_persistence_27,d3_oof,0.02,1,0,complete
60000,57000,39900,36100,38,0.6866738750250079,False,3000,rl,True,56050,0.9098661909009813,0.9005008638244236,0,0,,56050,17100,0.3050847457627119,,,SEA_A__s116__clean__none,SEA_A,clean,none,116.0,q_alarm_persistence_27,d3_oof,0.02,5,4,complete
60000,57000,33250,28500,30,0.6993421660154127,False,3000,rl,True,56050,0.9077787689562891,0.8980792153842148,0,0,,56050,23750,0.423728813559322,,,SEA_A__s116__clean__none,SEA_A,clean,none,116.0,q_alarm_persistence_27,d3_oof,0.05,5,4,complete
60000,57000,54150,0,0,0.8978695000114385,False,3000,none,True,56050,0.8929705619982159,0.8826215115222555,14241,13543,0.9509865880205042,41809,2152,0.051472171063646585,,,SEA_A__s116__instance__severe,SEA_A,instance,severe,116.0,no_reset,adwin,0.01,1,0,complete
60000,57000,49400,0,0,0.8899270840047393,False,3000,none,True,56050,0.8874219446922391,0.8763503167858626,14241,12352,0.8673548205884418,41809,5711,0.13659738333851562,,,SEA_A__s116__instance__severe,SEA_A,instance,severe,116.0,no_reset,adwin,0.05,1,0,complete
60000,57000,39900,0,0,0.805492041981779,False,3000,none,True,56050,0.8976984834968778,0.8862238152765056,14241,9916,0.6962994171757602,41809,12775,0.30555621995264176,,,SEA_A__s116__instance__severe,SEA_A,instance,severe,116.0,no_reset,adwin,0.02,1,0,complete
60000,57000,49400,0,0,0.8552658749977127,False,3000,none,True,56050,0.8948617305976806,0.8845447838425584,14241,12334,0.8660908644055895,41809,5693,0.13616685402664497,,,SEA_A__s116__instance__severe,SEA_A,instance,severe,116.0,no_reset,adwin,0.01,5,4,complete
60000,57000,47500,0,0,0.8435663749987725,False,3000,none,True,56050,0.8961462979482605,0.885837418940856,14241,11873,0.8337195421669826,41809,7132,0.17058528068119305,,,SEA_A__s116__instance__severe,SEA_A,instance,severe,116.0,no_reset,adwin,0.02,5,4,complete
60000,57000,41800,0,0,0.8541594579874072,False,3000,none,True,56050,0.892042818911686,0.8815213114726335,14241,10411,0.7310582122041992,41809,11370,0.2719510153316272,,,SEA_A__s116__instance__severe,SEA_A,instance,severe,116.0,no_reset,adwin,0.05,5,4,complete
60000,58900,34200,2850,1,0.7569667919888161,False,3000,confirmed,True,56050,0.908528099910794,0.8997994426053356,14241,7970,0.5596517098518362,41809,18429,0.4407902604702337,,,SEA_A__s116__instance__severe,SEA_A,instance,severe,116.0,confirmed,adwin,0.02,1,0,complete
60000,57000,49400,0,0,0.9002200419927249,False,3000,confirmed,True,56050,0.8874219446922391,0.8763503167858626,14241,12352,0.8673548205884418,41809,5711,0.13659738333851562,,,SEA_A__s116__instance__severe,SEA_A,instance,severe,116.0,confirmed,adwin,0.05,1,0,complete
60000,57000,54150,0,0,0.9038885839981958,False,3000,confirmed,True,56050,0.8929705619982159,0.8826215115222555,14241,13543,0.9509865880205042,41809,2152,0.051472171063646585,,,SEA_A__s116__instance__severe,SEA_A,instance,severe,116.0,confirmed,adwin,0.01,1,0,complete
60000,58900,48450,0,0,0.8679711669974495,False,3000,confirmed,True,56050,0.892613737734166,0.8816820934905572,14241,12105,0.8500105329681904,41809,6414,0.1534119447965749,,,SEA_A__s116__instance__severe,SEA_A,instance,severe,116.0,confirmed,adwin,0.01,5,4,complete
60000,58900,47500,0,0,0.8548790829954669,False,3000,confirmed,True,56050,0.895593220338983,0.8851467116940148,14241,11863,0.8330173442876202,41809,7122,0.1703460977301538,,,SEA_A__s116__instance__severe,SEA_A,instance,severe,116.0,confirmed,adwin,0.02,5,4,complete
60000,57000,44650,6650,7,0.7213725410110783,False,3000,rl,True,56050,0.90014272970562,0.8908741151499489,14241,11037,0.7750157994522856,41809,9146,0.21875672702049798,,,SEA_A__s116__instance__severe,SEA_A,instance,severe,116.0,error_rule,adwin,0.01,1,0,complete
60000,57000,40850,7600,8,0.7202639169991016,False,3000,rl,True,56050,0.9029794826048171,0.8940642563751495,14241,10186,0.715258759918545,41809,12095,0.2892917792819728,,,SEA_A__s116__instance__severe,SEA_A,instance,severe,116.0,error_rule,adwin,0.01,5,4,complete
60000,57000,25650,4750,5,0.7270509590016445,False,3000,rl,True,56050,0.9107047279214987,0.9026036488567999,14241,6320,0.44378905975703953,41809,23429,0.5603817359898586,,,SEA_A__s116__instance__severe,SEA_A,instance,severe,116.0,error_rule,adwin,0.05,1,0,complete
60000,57000,41800,0,0,0.865796959027648,False,3000,confirmed,True,56050,0.892042818911686,0.8815213114726335,14241,10411,0.7310582122041992,41809,11370,0.2719510153316272,,,SEA_A__s116__instance__severe,SEA_A,instance,severe,116.0,confirmed,adwin,0.05,5,4,complete
60000,57000,29450,4750,5,0.7162996249971911,False,3000,rl,True,56050,0.9037109723461195,0.8944421098962237,14241,7272,0.5106382978723404,41809,20581,0.4922624315338803,,,SEA_A__s116__instance__severe,SEA_A,instance,severe,116.0,error_rule,adwin,0.02,1,0,complete
60000,57000,38950,1900,2,0.7658087089948822,False,3000,rl,True,56050,0.8867439785905441,0.8741671792030574,14241,9607,0.6746015027034619,41809,13416,0.3208878471142577,,,SEA_A__s116__instance__severe,SEA_A,instance,severe,116.0,error_rule,adwin,0.02,5,4,complete
60000,57000,38950,950,1,0.793518624996068,False,3000,rl,True,56050,0.8898483496877788,0.8781246684113485,14241,9630,0.6762165578259953,41809,13439,0.32143796790164797,,,SEA_A__s116__instance__severe,SEA_A,instance,severe,116.0,error_rule,adwin,0.05,5,4,complete
60000,57000,44650,6650,7,0.726073500001803,False,3000,rl,True,56050,0.90014272970562,0.8908741151499489,14241,11037,0.7750157994522856,41809,9146,0.21875672702049798,,,SEA_A__s116__instance__severe,SEA_A,instance,severe,116.0,selected_map,adwin,0.01,1,0,complete
60000,57000,25650,4750,5,0.7279078330029733,False,3000,rl,True,56050,0.9107047279214987,0.9026036488567999,14241,6320,0.44378905975703953,41809,23429,0.5603817359898586,,,SEA_A__s116__instance__severe,SEA_A,instance,severe,116.0,selected_map,adwin,0.05,1,0,complete
60000,57000,40850,7600,8,0.710583707987098,False,3000,rl,True,56050,0.9029794826048171,0.8940642563751495,14241,10186,0.715258759918545,41809,12095,0.2892917792819728,,,SEA_A__s116__instance__severe,SEA_A,instance,severe,116.0,selected_map,adwin,0.01,5,4,complete
60000,57000,29450,4750,5,0.7169712079921737,False,3000,rl,True,56050,0.9037109723461195,0.8944421098962237,14241,7272,0.5106382978723404,41809,20581,0.4922624315338803,,,SEA_A__s116__instance__severe,SEA_A,instance,severe,116.0,selected_map,adwin,0.02,1,0,complete
60000,57000,37050,2850,3,0.7299054999893997,False,3000,rl,True,56050,0.8829973238180197,0.8701408620722993,14241,9129,0.6410364440699389,41809,14838,0.35489966275203905,,,SEA_A__s116__instance__severe,SEA_A,instance,severe,116.0,selected_map,adwin,0.02,5,4,complete
60000,57000,38950,950,1,0.8007712080143392,False,3000,rl,True,56050,0.8898483496877788,0.8781246684113485,14241,9630,0.6762165578259953,41809,13439,0.32143796790164797,,,SEA_A__s116__instance__severe,SEA_A,instance,severe,116.0,selected_map,adwin,0.05,5,4,complete
60000,57000,54150,0,0,0.9075433750113007,False,3000,rl,True,56050,0.8929705619982159,0.8826215115222555,14241,13543,0.9509865880205042,41809,2152,0.051472171063646585,,,SEA_A__s116__instance__severe,SEA_A,instance,severe,116.0,q_alarm_persistence_7,adwin,0.01,1,0,complete
60000,57000,49400,0,0,0.8986400840076385,False,3000,rl,True,56050,0.8874219446922391,0.8763503167858626,14241,12352,0.8673548205884418,41809,5711,0.13659738333851562,,,SEA_A__s116__instance__severe,SEA_A,instance,severe,116.0,q_alarm_persistence_7,adwin,0.05,1,0,complete
60000,57000,49400,0,0,0.8745238330157008,False,3000,rl,True,56050,0.8948617305976806,0.8845447838425584,14241,12334,0.8660908644055895,41809,5693,0.13616685402664497,,,SEA_A__s116__instance__severe,SEA_A,instance,severe,116.0,q_alarm_persistence_7,adwin,0.01,5,4,complete
60000,57000,39900,0,0,0.8288732090150006,False,3000,rl,True,56050,0.8976984834968778,0.8862238152765056,14241,9916,0.6962994171757602,41809,12775,0.30555621995264176,,,SEA_A__s116__instance__severe,SEA_A,instance,severe,116.0,q_alarm_persistence_7,adwin,0.02,1,0,complete
60000,57000,47500,0,0,0.8665587919822428,False,3000,rl,True,56050,0.8961462979482605,0.885837418940856,14241,11873,0.8337195421669826,41809,7132,0.17058528068119305,,,SEA_A__s116__instance__severe,SEA_A,instance,severe,116.0,q_alarm_persistence_7,adwin,0.02,5,4,complete
60000,57000,41800,0,0,0.8505193750024773,False,3000,rl,True,56050,0.892042818911686,0.8815213114726335,14241,10411,0.7310582122041992,41809,11370,0.2719510153316272,,,SEA_A__s116__instance__severe,SEA_A,instance,severe,116.0,q_alarm_persistence_7,adwin,0.05,5,4,complete
60000,57000,49400,0,0,0.8958272500021849,False,3000,rl,True,56050,0.8948617305976806,0.8845447838425584,14241,12334,0.8660908644055895,41809,5693,0.13616685402664497,,,SEA_A__s116__instance__severe,SEA_A,instance,severe,116.0,q_alarm_persistence_17,adwin,0.01,5,4,complete
60000,57000,49400,0,0,0.9026567499968223,False,3000,rl,True,56050,0.8874219446922391,0.8763503167858626,14241,12352,0.8673548205884418,41809,5711,0.13659738333851562,,,SEA_A__s116__instance__severe,SEA_A,instance,severe,116.0,q_alarm_persistence_17,adwin,0.05,1,0,complete
60000,57000,54150,0,0,0.9075201250088867,False,3000,rl,True,56050,0.8929705619982159,0.8826215115222555,14241,13543,0.9509865880205042,41809,2152,0.051472171063646585,,,SEA_A__s116__instance__severe,SEA_A,instance,severe,116.0,q_alarm_persistence_17,adwin,0.01,1,0,complete
60000,57000,38000,950,1,0.7906055000203196,False,3000,rl,True,56050,0.8937020517395183,0.8826344906214398,14241,9408,0.66062776490415,41809,14167,0.3388504867373054,,,SEA_A__s116__instance__severe,SEA_A,instance,severe,116.0,q_alarm_persistence_17,adwin,0.02,1,0,complete
60000,57000,47500,0,0,0.8621466670010705,False,3000,rl,True,56050,0.8961462979482605,0.885837418940856,14241,11873,0.8337195421669826,41809,7132,0.17058528068119305,,,SEA_A__s116__instance__severe,SEA_A,instance,severe,116.0,q_alarm_persistence_17,adwin,0.02,5,4,complete
60000,57000,46550,39900,42,0.6891046660020947,False,3000,rl,True,56050,0.8998929527207851,0.8910685176907591,14241,11601,0.8146197598483252,41809,7810,0.18680188476165419,,,SEA_A__s116__instance__severe,SEA_A,instance,severe,116.0,q_alarm_persistence_27,adwin,0.01,1,0,complete
60000,57000,32300,28500,30,0.6892172090010718,False,3000,rl,True,56050,0.9031043710972346,0.893992235982644,14241,7923,0.556351379818833,41809,18382,0.4396661006003492,,,SEA_A__s116__instance__severe,SEA_A,instance,severe,116.0,q_alarm_persistence_27,adwin,0.01,5,4,complete
60000,57000,30400,24700,26,0.6973029170039808,False,3000,rl,True,56050,0.9110258697591436,0.9027850812515128,14241,7461,0.5239098377922898,41809,19820,0.47406060895979335,,,SEA_A__s116__instance__severe,SEA_A,instance,severe,116.0,q_alarm_persistence_27,adwin,0.05,1,0,complete
60000,57000,40850,0,0,0.8598355829890352,False,3000,rl,True,56050,0.8909723461195361,0.8802512911298441,14241,10138,0.7118882100976055,41809,12047,0.2881437011169844,,,SEA_A__s116__instance__severe,SEA_A,instance,severe,116.0,q_alarm_persistence_17,adwin,0.05,5,4,complete
60000,57000,39900,33250,35,0.6849055830098223,False,3000,rl,True,56050,0.904834968777877,0.8961652061416914,14241,9933,0.6974931535706762,41809,12792,0.3059628309694085,,,SEA_A__s116__instance__severe,SEA_A,instance,severe,116.0,q_alarm_persistence_27,adwin,0.02,1,0,complete
60000,57000,28500,23750,25,0.6913209999911487,False,3000,rl,True,56050,0.9031400535236396,0.8941472403937655,14241,6952,0.4881679657327435,41809,21211,0.507330957449353,,,SEA_A__s116__instance__severe,SEA_A,instance,severe,116.0,q_alarm_persistence_27,adwin,0.02,5,4,complete
60000,57000,23750,19950,21,0.7022878329735249,False,3000,rl,True,56050,0.9072256913470116,0.8983269532362758,14241,5716,0.40137630784355033,41809,24725,0.5913798464445454,,,SEA_A__s116__instance__severe,SEA_A,instance,severe,116.0,q_alarm_persistence_27,adwin,0.05,5,4,complete
60000,57000,54150,0,0,0.9155655829817988,False,3000,none,True,56050,0.8929705619982159,0.8826215115222555,14241,13543,0.9509865880205042,41809,2152,0.051472171063646585,,,SEA_A__s116__instance__severe,SEA_A,instance,severe,116.0,no_reset,hddm_w,0.01,1,0,complete
60000,57000,49400,0,0,0.8957127500034403,False,3000,none,True,56050,0.8874219446922391,0.8763503167858626,14241,12352,0.8673548205884418,41809,5711,0.13659738333851562,,,SEA_A__s116__instance__severe,SEA_A,instance,severe,116.0,no_reset,hddm_w,0.05,1,0,complete
60000,57000,49400,0,0,0.8621894999814685,False,3000,none,True,56050,0.8948617305976806,0.8845447838425584,14241,12334,0.8660908644055895,41809,5693,0.13616685402664497,,,SEA_A__s116__instance__severe,SEA_A,instance,severe,116.0,no_reset,hddm_w,0.01,5,4,complete
60000,57000,39900,0,0,0.8159353340161033,False,3000,none,True,56050,0.8976984834968778,0.8862238152765056,14241,9916,0.6962994171757602,41809,12775,0.30555621995264176,,,SEA_A__s116__instance__severe,SEA_A,instance,severe,116.0,no_reset,hddm_w,0.02,1,0,complete
60000,57000,47500,0,0,0.8552809589891694,False,3000,none,True,56050,0.8961462979482605,0.885837418940856,14241,11873,0.8337195421669826,41809,7132,0.17058528068119305,,,SEA_A__s116__instance__severe,SEA_A,instance,severe,116.0,no_reset,hddm_w,0.02,5,4,complete
60000,57000,41800,0,0,0.8464092920185067,False,3000,none,True,56050,0.892042818911686,0.8815213114726335,14241,10411,0.7310582122041992,41809,11370,0.2719510153316272,,,SEA_A__s116__instance__severe,SEA_A,instance,severe,116.0,no_reset,hddm_w,0.05,5,4,complete
60000,58900,57950,2850,1,0.8774044580059126,False,3000,confirmed,True,56050,0.90035682426405,0.8924348015829451,14241,14002,0.9832174706832385,41809,711,0.017005907818890668,,,SEA_A__s116__instance__severe,SEA_A,instance,severe,116.0,confirmed,hddm_w,0.01,1,0,complete
60000,58900,44650,2850,1,0.8759749169985298,False,3000,confirmed,True,56050,0.899464763603925,0.8916408902567019,14241,10876,0.7637104135945509,41809,9935,0.2376282618574948,,,SEA_A__s116__instance__severe,SEA_A,instance,severe,116.0,confirmed,hddm_w,0.05,1,0,complete
60000,58900,33250,2850,1,0.8216033329954371,False,3000,confirmed,True,56050,0.9092239072256914,0.9008712743095877,14241,7975,0.5600028087915174,41809,18434,0.44090985194575333,,,SEA_A__s116__instance__severe,SEA_A,instance,severe,116.0,confirmed,hddm_w,0.02,1,0,complete
60000,58900,46550,0,0,0.9312265420157928,False,3000,confirmed,True,56050,0.8943264942016057,0.8837491132570912,14241,11585,0.8134962432413454,41809,7794,0.18641919203999138,,,SEA_A__s116__instance__severe,SEA_A,instance,severe,116.0,confirmed,hddm_w,0.01,5,4,complete
60000,58900,45600,0,0,0.9213720420084428,False,3000,confirmed,True,56050,0.8964317573595004,0.8860462047230477,14241,11361,0.7977670107436275,41809,8520,0.20378387428544092,,,SEA_A__s116__instance__severe,SEA_A,instance,severe,116.0,confirmed,hddm_w,0.02,5,4,complete
60000,58900,41800,0,0,0.927578041999368,False,3000,confirmed,True,56050,0.892042818911686,0.8815213114726335,14241,10411,0.7310582122041992,41809,11370,0.2719510153316272,,,SEA_A__s116__instance__severe,SEA_A,instance,severe,116.0,confirmed,hddm_w,0.05,5,4,complete
60000,57000,44650,6650,7,0.7921752499823924,False,3000,rl,True,56050,0.90014272970562,0.8908741151499489,14241,11037,0.7750157994522856,41809,9146,0.21875672702049798,,,SEA_A__s116__instance__severe,SEA_A,instance,severe,116.0,error_rule,hddm_w,0.01,1,0,complete
60000,57000,25650,4750,5,0.7946441660023993,False,3000,rl,True,56050,0.9107047279214987,0.9026036488567999,14241,6320,0.44378905975703953,41809,23429,0.5603817359898586,,,SEA_A__s116__instance__severe,SEA_A,instance,severe,116.0,error_rule,hddm_w,0.05,1,0,complete
60000,57000,40850,7600,8,0.79087475000415,False,3000,rl,True,56050,0.9029794826048171,0.8940642563751495,14241,10186,0.715258759918545,41809,12095,0.2892917792819728,,,SEA_A__s116__instance__severe,SEA_A,instance,severe,116.0,error_rule,hddm_w,0.01,5,4,complete
60000,57000,29450,4750,5,0.7922662080090959,False,3000,rl,True,56050,0.9037109723461195,0.8944421098962237,14241,7272,0.5106382978723404,41809,20581,0.4922624315338803,,,SEA_A__s116__instance__severe,SEA_A,instance,severe,116.0,error_rule,hddm_w,0.02,1,0,complete
60000,57000,38950,1900,2,0.8267749579972588,False,3000,rl,True,56050,0.8867439785905441,0.8741671792030574,14241,9607,0.6746015027034619,41809,13416,0.3208878471142577,,,SEA_A__s116__instance__severe,SEA_A,instance,severe,116.0,error_rule,hddm_w,0.02,5,4,complete
60000,57000,45600,38950,41,0.7576412920025177,False,3000,rl,True,56050,0.9003033006244424,0.891458577541432,14241,11359,0.797626571167755,41809,8518,0.20373603769523307,,,SEA_A__s116__instance__severe,SEA_A,instance,severe,116.0,selected_map,hddm_w,0.01,1,0,complete
60000,57000,38950,950,1,0.8562527080066502,False,3000,rl,True,56050,0.8898483496877788,0.8781246684113485,14241,9630,0.6762165578259953,41809,13439,0.32143796790164797,,,SEA_A__s116__instance__severe,SEA_A,instance,severe,116.0,error_rule,hddm_w,0.05,5,4,complete
60000,57000,26600,19950,21,0.7685753749974538,False,3000,rl,True,56050,0.9147725245316681,0.9071050092962158,14241,6565,0.46099290780141844,41809,22724,0.5435193379415916,,,SEA_A__s116__instance__severe,SEA_A,instance,severe,116.0,selected_map,hddm_w,0.05,1,0,complete
60000,57000,37050,26600,28,0.7608730830252171,False,3000,rl,True,56050,0.9066547725245316,0.8983102673011969,14241,9129,0.6410364440699389,41809,14838,0.35489966275203905,,,SEA_A__s116__instance__severe,SEA_A,instance,severe,116.0,selected_map,hddm_w,0.01,5,4,complete
60000,57000,39900,32300,34,0.7645665419986472,False,3000,rl,True,56050,0.9042105263157895,0.8956579740631136,14241,9907,0.6956674390843339,41809,12766,0.30534095529670646,,,SEA_A__s116__instance__severe,SEA_A,instance,severe,116.0,selected_map,hddm_w,0.02,1,0,complete
60000,57000,29450,20900,22,0.7663128749991301,False,3000,rl,True,56050,0.8968599464763604,0.8873479888154282,14241,7206,0.5060037918685486,41809,20515,0.4906838240570212,,,SEA_A__s116__instance__severe,SEA_A,instance,severe,116.0,selected_map,hddm_w,0.02,5,4,complete
60000,57000,23750,19000,20,0.7777375419973396,False,3000,rl,True,56050,0.9061195361284567,0.8970287401045398,14241,5744,0.40334246190576506,41809,24753,0.5920495587074553,,,SEA_A__s116__instance__severe,SEA_A,instance,severe,116.0,selected_map,hddm_w,0.05,5,4,complete
60000,57000,53200,950,1,0.8617824579996523,False,3000,rl,True,56050,0.9061552185548617,0.898693131883037,14241,13253,0.9306228495189944,41809,2812,0.06725824583223708,,,SEA_A__s116__instance__severe,SEA_A,instance,severe,116.0,q_alarm_persistence_7,hddm_w,0.01,1,0,complete
60000,57000,31350,1900,2,0.8144768749916693,False,3000,rl,True,56050,0.9069045495093666,0.8985235193208705,14241,7761,0.544975774173162,41809,19170,0.4585137171422421,,,SEA_A__s116__instance__severe,SEA_A,instance,severe,116.0,q_alarm_persistence_7,hddm_w,0.05,1,0,complete
60000,57000,44650,950,1,0.8509402920026332,False,3000,rl,True,56050,0.891578947368421,0.8802772928234952,14241,11122,0.780984481426866,41809,9231,0.22078978210433162,,,SEA_A__s116__instance__severe,SEA_A,instance,severe,116.0,q_alarm_persistence_7,hddm_w,0.01,5,4,complete
60000,57000,33250,2850,3,0.7982299580180552,False,3000,rl,True,56050,0.9055664585191793,0.8965551881626763,14241,8220,0.5772066568358963,41809,17729,0.42404745389748616,,,SEA_A__s116__instance__severe,SEA_A,instance,severe,116.0,q_alarm_persistence_7,hddm_w,0.02,1,0,complete
60000,57000,43700,950,1,0.8475051659916062,False,3000,rl,True,56050,0.8963960749330955,0.8861388151533021,14241,10886,0.7644126114739134,41809,9945,0.23786744480853406,,,SEA_A__s116__instance__severe,SEA_A,instance,severe,116.0,q_alarm_persistence_7,hddm_w,0.02,5,4,complete
60000,57000,34200,0,0,0.8946688750002068,False,3000,rl,True,56050,0.887243532560214,0.8756953023386653,14241,8509,0.5975001755494699,41809,17068,0.40823746083379175,,,SEA_A__s116__instance__severe,SEA_A,instance,severe,116.0,q_alarm_persistence_7,hddm_w,0.05,5,4,complete
60000,57000,46550,39900,42,0.7501640419941396,False,3000,rl,True,56050,0.8998929527207851,0.8910685176907591,14241,11601,0.8146197598483252,41809,7810,0.18680188476165419,,,SEA_A__s116__instance__severe,SEA_A,instance,severe,116.0,q_alarm_persistence_17,hddm_w,0.01,1,0,complete
60000,57000,30400,24700,26,0.7712848750088597,False,3000,rl,True,56050,0.9110258697591436,0.9027850812515128,14241,7461,0.5239098377922898,41809,19820,0.47406060895979335,,,SEA_A__s116__instance__severe,SEA_A,instance,severe,116.0,q_alarm_persistence_17,hddm_w,0.05,1,0,complete
60000,57000,32300,28500,30,0.7548725420201663,False,3000,rl,True,56050,0.9031043710972346,0.893992235982644,14241,7923,0.556351379818833,41809,18382,0.4396661006003492,,,SEA_A__s116__instance__severe,SEA_A,instance,severe,116.0,q_alarm_persistence_17,hddm_w,0.01,5,4,complete
60000,57000,39900,33250,35,0.7696739590028301,False,3000,rl,True,56050,0.904834968777877,0.8961652061416914,14241,9933,0.6974931535706762,41809,12792,0.3059628309694085,,,SEA_A__s116__instance__severe,SEA_A,instance,severe,116.0,q_alarm_persistence_17,hddm_w,0.02,1,0,complete
60000,57000,28500,23750,25,0.7624455000041053,False,3000,rl,True,56050,0.9031400535236396,0.8941472403937655,14241,6952,0.4881679657327435,41809,21211,0.507330957449353,,,SEA_A__s116__instance__severe,SEA_A,instance,severe,116.0,q_alarm_persistence_17,hddm_w,0.02,5,4,complete
60000,57000,23750,19950,21,0.7655253749981057,False,3000,rl,True,56050,0.9072256913470116,0.8983269532362758,14241,5716,0.40137630784355033,41809,24725,0.5913798464445454,,,SEA_A__s116__instance__severe,SEA_A,instance,severe,116.0,q_alarm_persistence_17,hddm_w,0.05,5,4,complete
60000,57000,46550,36100,38,0.7697913330048323,False,3000,rl,True,56050,0.8986083853702052,0.8896414234228982,14241,11594,0.8141282213327716,41809,7803,0.1866344566959267,,,SEA_A__s116__instance__severe,SEA_A,instance,severe,116.0,q_alarm_persistence_27,hddm_w,0.01,1,0,complete
60000,57000,27550,16150,17,0.7831001250015106,False,3000,rl,True,56050,0.9134344335414808,0.9059536972127723,14241,6761,0.47475598623692156,41809,21970,0.525484943433232,,,SEA_A__s116__instance__severe,SEA_A,instance,severe,116.0,q_alarm_persistence_27,hddm_w,0.05,1,0,complete
60000,57000,37050,24700,26,0.7659017920086626,False,3000,rl,True,56050,0.9064228367528993,0.8978482512457926,14241,9128,0.6409662242820027,41809,14837,0.3548757444569351,,,SEA_A__s116__instance__severe,SEA_A,instance,severe,116.0,q_alarm_persistence_27,hddm_w,0.01,5,4,complete
60000,57000,39900,28500,30,0.7714607079979032,False,3000,rl,True,56050,0.9026048171275647,0.893778430875792,14241,9907,0.6956674390843339,41809,12766,0.30534095529670646,,,SEA_A__s116__instance__severe,SEA_A,instance,severe,116.0,q_alarm_persistence_27,hddm_w,0.02,1,0,complete
60000,57000,29450,17100,18,0.7540534590079915,False,3000,rl,True,56050,0.9049955396966993,0.8964438060949854,14241,7238,0.5082508250825083,41809,20547,0.4914492095003468,,,SEA_A__s116__instance__severe,SEA_A,instance,severe,116.0,q_alarm_persistence_27,hddm_w,0.02,5,4,complete
60000,57000,25650,18050,19,0.7864397079974879,False,3000,rl,True,56050,0.9079393398751116,0.8991556638163629,14241,6205,0.4357137841443719,41809,23314,0.5576311320529073,,,SEA_A__s116__instance__severe,SEA_A,instance,severe,116.0,q_alarm_persistence_27,hddm_w,0.05,5,4,complete
60000,57000,54150,0,0,0.9042063750093803,False,3000,none,True,56050,0.8929705619982159,0.8826215115222555,14241,13543,0.9509865880205042,41809,2152,0.051472171063646585,,,SEA_A__s116__instance__severe,SEA_A,instance,severe,116.0,no_reset,hellinger,0.01,1,0,complete
60000,57000,49400,0,0,0.8972398339974461,False,3000,none,True,56050,0.8874219446922391,0.8763503167858626,14241,12352,0.8673548205884418,41809,5711,0.13659738333851562,,,SEA_A__s116__instance__severe,SEA_A,instance,severe,116.0,no_reset,hellinger,0.05,1,0,complete
60000,57000,49400,0,0,0.8660189999791328,False,3000,none,True,56050,0.8948617305976806,0.8845447838425584,14241,12334,0.8660908644055895,41809,5693,0.13616685402664497,,,SEA_A__s116__instance__severe,SEA_A,instance,severe,116.0,no_reset,hellinger,0.01,5,4,complete
60000,57000,39900,0,0,0.8125610839924775,False,3000,none,True,56050,0.8976984834968778,0.8862238152765056,14241,9916,0.6962994171757602,41809,12775,0.30555621995264176,,,SEA_A__s116__instance__severe,SEA_A,instance,severe,116.0,no_reset,hellinger,0.02,1,0,complete
60000,57000,47500,0,0,0.8604119999799877,False,3000,none,True,56050,0.8961462979482605,0.885837418940856,14241,11873,0.8337195421669826,41809,7132,0.17058528068119305,,,SEA_A__s116__instance__severe,SEA_A,instance,severe,116.0,no_reset,hellinger,0.02,5,4,complete
60000,57000,41800,0,0,0.8475560000224505,False,3000,none,True,56050,0.892042818911686,0.8815213114726335,14241,10411,0.7310582122041992,41809,11370,0.2719510153316272,,,SEA_A__s116__instance__severe,SEA_A,instance,severe,116.0,no_reset,hellinger,0.05,5,4,complete
60000,58900,48450,2850,1,0.8064390000072308,True,3000,confirmed,True,56050,0.8937198929527208,0.8830790253016763,14241,11790,0.8278912997682747,41809,7049,0.16860006218756726,,,SEA_A__s116__instance__severe,SEA_A,instance,severe,116.0,confirmed,hellinger,0.01,5,4,complete
60000,57000,49400,0,0,0.9036246670002583,False,3000,confirmed,True,56050,0.8874219446922391,0.8763503167858626,14241,12352,0.8673548205884418,41809,5711,0.13659738333851562,,,SEA_A__s116__instance__severe,SEA_A,instance,severe,116.0,confirmed,hellinger,0.05,1,0,complete
60000,58900,54150,0,0,0.9297812500153668,False,3000,confirmed,True,56050,0.8907404103479036,0.8800260744344715,14241,13513,0.948879994382417,41809,2122,0.05075462221052884,,,SEA_A__s116__instance__severe,SEA_A,instance,severe,116.0,confirmed,hellinger,0.01,1,0,complete
60000,57000,39900,0,0,0.8238866250030696,False,3000,confirmed,True,56050,0.8976984834968778,0.8862238152765056,14241,9916,0.6962994171757602,41809,12775,0.30555621995264176,,,SEA_A__s116__instance__severe,SEA_A,instance,severe,116.0,confirmed,hellinger,0.02,1,0,complete
60000,58900,48450,2850,1,0.8171137909812387,True,3000,confirmed,True,56050,0.8868688670829616,0.8742380753918317,14241,11826,0.8304192121339794,41809,7085,0.16946112081130857,,,SEA_A__s116__instance__severe,SEA_A,instance,severe,116.0,confirmed,hellinger,0.02,5,4,complete
60000,57000,44650,6650,7,0.7193868329923134,False,3000,rl,True,56050,0.90014272970562,0.8908741151499489,14241,11037,0.7750157994522856,41809,9146,0.21875672702049798,,,SEA_A__s116__instance__severe,SEA_A,instance,severe,116.0,error_rule,hellinger,0.01,1,0,complete
60000,60800,41800,2850,1,0.8227821250038687,True,3000,confirmed,True,56050,0.8940588760035683,0.8830058093295209,14241,10143,0.7122393090372867,41809,12052,0.288263292592504,,,SEA_A__s116__instance__severe,SEA_A,instance,severe,116.0,confirmed,hellinger,0.05,5,4,complete
60000,57000,25650,4750,5,0.7321016659989255,False,3000,rl,True,56050,0.9107047279214987,0.9026036488567999,14241,6320,0.44378905975703953,41809,23429,0.5603817359898586,,,SEA_A__s116__instance__severe,SEA_A,instance,severe,116.0,error_rule,hellinger,0.05,1,0,complete
60000,57000,40850,7600,8,0.7221982090268284,False,3000,rl,True,56050,0.9029794826048171,0.8940642563751495,14241,10186,0.715258759918545,41809,12095,0.2892917792819728,,,SEA_A__s116__instance__severe,SEA_A,instance,severe,116.0,error_rule,hellinger,0.01,5,4,complete
60000,57000,29450,4750,5,0.7173153750190977,False,3000,rl,True,56050,0.9037109723461195,0.8944421098962237,14241,7272,0.5106382978723404,41809,20581,0.4922624315338803,,,SEA_A__s116__instance__severe,SEA_A,instance,severe,116.0,error_rule,hellinger,0.02,1,0,complete
60000,57000,38950,1900,2,0.7657906250096858,False,3000,rl,True,56050,0.8867439785905441,0.8741671792030574,14241,9607,0.6746015027034619,41809,13416,0.3208878471142577,,,SEA_A__s116__instance__severe,SEA_A,instance,severe,116.0,error_rule,hellinger,0.02,5,4,complete
60000,57000,42750,5700,6,0.7285995410056785,False,3000,rl,True,56050,0.9021052631578947,0.8931615608745324,14241,10647,0.7476300821571519,41809,10656,0.2548733526274247,,,SEA_A__s116__instance__severe,SEA_A,instance,severe,116.0,selected_map,hellinger,0.01,1,0,complete
60000,57000,38950,950,1,0.786990374996094,False,3000,rl,True,56050,0.8898483496877788,0.8781246684113485,14241,9630,0.6762165578259953,41809,13439,0.32143796790164797,,,SEA_A__s116__instance__severe,SEA_A,instance,severe,116.0,error_rule,hellinger,0.05,5,4,complete
60000,57000,29450,6650,7,0.7355925829906482,False,3000,rl,True,56050,0.912256913470116,0.9043940326261088,14241,7261,0.5098658802050418,41809,20570,0.49199933028773707,,,SEA_A__s116__instance__severe,SEA_A,instance,severe,116.0,selected_map,hellinger,0.05,1,0,complete
60000,57000,40850,7600,8,0.7171441660029814,False,3000,rl,True,56050,0.9029794826048171,0.8940642563751495,14241,10186,0.715258759918545,41809,12095,0.2892917792819728,,,SEA_A__s116__instance__severe,SEA_A,instance,severe,116.0,selected_map,hellinger,0.01,5,4,complete
60000,57000,32300,5700,6,0.7238165829912759,False,3000,rl,True,56050,0.9082604817127564,0.9000372411604187,14241,7967,0.5594410504880275,41809,18426,0.4407185055849219,,,SEA_A__s116__instance__severe,SEA_A,instance,severe,116.0,selected_map,hellinger,0.02,1,0,complete
60000,57000,32300,3800,4,0.7145352080115117,False,3000,rl,True,56050,0.8891703835860838,0.8782764174011032,14241,7990,0.5610561056105611,41809,18449,0.4412686263723122,,,SEA_A__s116__instance__severe,SEA_A,instance,severe,116.0,selected_map,hellinger,0.02,5,4,complete
60000,57000,30400,3800,4,0.732981374982046,False,3000,rl,True,56050,0.8938983050847458,0.8829091891257812,14241,7412,0.5204690681834141,41809,19771,0.47288861249970104,,,SEA_A__s116__instance__severe,SEA_A,instance,severe,116.0,selected_map,hellinger,0.05,5,4,complete
60000,57000,54150,0,0,0.9129587910138071,False,3000,rl,True,56050,0.8929705619982159,0.8826215115222555,14241,13543,0.9509865880205042,41809,2152,0.051472171063646585,,,SEA_A__s116__instance__severe,SEA_A,instance,severe,116.0,q_alarm_persistence_7,hellinger,0.01,1,0,complete
60000,57000,49400,0,0,0.909648874992854,False,3000,rl,True,56050,0.8874219446922391,0.8763503167858626,14241,12352,0.8673548205884418,41809,5711,0.13659738333851562,,,SEA_A__s116__instance__severe,SEA_A,instance,severe,116.0,q_alarm_persistence_7,hellinger,0.05,1,0,complete
60000,57000,39900,0,0,0.8184124169929419,False,3000,rl,True,56050,0.8976984834968778,0.8862238152765056,14241,9916,0.6962994171757602,41809,12775,0.30555621995264176,,,SEA_A__s116__instance__severe,SEA_A,instance,severe,116.0,q_alarm_persistence_7,hellinger,0.02,1,0,complete
60000,57000,49400,0,0,0.8714390420063864,False,3000,rl,True,56050,0.8948617305976806,0.8845447838425584,14241,12334,0.8660908644055895,41809,5693,0.13616685402664497,,,SEA_A__s116__instance__severe,SEA_A,instance,severe,116.0,q_alarm_persistence_7,hellinger,0.01,5,4,complete
60000,57000,47500,0,0,0.8572817920066882,False,3000,rl,True,56050,0.8961462979482605,0.885837418940856,14241,11873,0.8337195421669826,41809,7132,0.17058528068119305,,,SEA_A__s116__instance__severe,SEA_A,instance,severe,116.0,q_alarm_persistence_7,hellinger,0.02,5,4,complete
60000,57000,41800,0,0,0.8585466249787714,False,3000,rl,True,56050,0.892042818911686,0.8815213114726335,14241,10411,0.7310582122041992,41809,11370,0.2719510153316272,,,SEA_A__s116__instance__severe,SEA_A,instance,severe,116.0,q_alarm_persistence_7,hellinger,0.05,5,4,complete
60000,57000,46550,39900,42,0.6803395420138258,False,3000,rl,True,56050,0.8998929527207851,0.8910685176907591,14241,11601,0.8146197598483252,41809,7810,0.18680188476165419,,,SEA_A__s116__instance__severe,SEA_A,instance,severe,116.0,q_alarm_persistence_17,hellinger,0.01,1,0,complete
60000,57000,30400,24700,26,0.7065712080075173,False,3000,rl,True,56050,0.9110258697591436,0.9027850812515128,14241,7461,0.5239098377922898,41809,19820,0.47406060895979335,,,SEA_A__s116__instance__severe,SEA_A,instance,severe,116.0,q_alarm_persistence_17,hellinger,0.05,1,0,complete
60000,57000,32300,28500,30,0.6820277500082739,False,3000,rl,True,56050,0.9031043710972346,0.893992235982644,14241,7923,0.556351379818833,41809,18382,0.4396661006003492,,,SEA_A__s116__instance__severe,SEA_A,instance,severe,116.0,q_alarm_persistence_17,hellinger,0.01,5,4,complete
60000,57000,39900,33250,35,0.6810258749756031,False,3000,rl,True,56050,0.904834968777877,0.8961652061416914,14241,9933,0.6974931535706762,41809,12792,0.3059628309694085,,,SEA_A__s116__instance__severe,SEA_A,instance,severe,116.0,q_alarm_persistence_17,hellinger,0.02,1,0,complete
60000,57000,28500,23750,25,0.6905274169985205,False,3000,rl,True,56050,0.9031400535236396,0.8941472403937655,14241,6952,0.4881679657327435,41809,21211,0.507330957449353,,,SEA_A__s116__instance__severe,SEA_A,instance,severe,116.0,q_alarm_persistence_17,hellinger,0.02,5,4,complete
60000,57000,46550,39900,42,0.6887034999963362,False,3000,rl,True,56050,0.8998929527207851,0.8910685176907591,14241,11601,0.8146197598483252,41809,7810,0.18680188476165419,,,SEA_A__s116__instance__severe,SEA_A,instance,severe,116.0,q_alarm_persistence_27,hellinger,0.01,1,0,complete
60000,57000,23750,19950,21,0.6996549580071587,False,3000,rl,True,56050,0.9072256913470116,0.8983269532362758,14241,5716,0.40137630784355033,41809,24725,0.5913798464445454,,,SEA_A__s116__instance__severe,SEA_A,instance,severe,116.0,q_alarm_persistence_17,hellinger,0.05,5,4,complete
60000,57000,30400,24700,26,0.7066922500089277,False,3000,rl,True,56050,0.9110258697591436,0.9027850812515128,14241,7461,0.5239098377922898,41809,19820,0.47406060895979335,,,SEA_A__s116__instance__severe,SEA_A,instance,severe,116.0,q_alarm_persistence_27,hellinger,0.05,1,0,complete
60000,57000,32300,28500,30,0.6832448749919422,False,3000,rl,True,56050,0.9031043710972346,0.893992235982644,14241,7923,0.556351379818833,41809,18382,0.4396661006003492,,,SEA_A__s116__instance__severe,SEA_A,instance,severe,116.0,q_alarm_persistence_27,hellinger,0.01,5,4,complete
60000,57000,39900,33250,35,0.6893736249767244,False,3000,rl,True,56050,0.904834968777877,0.8961652061416914,14241,9933,0.6974931535706762,41809,12792,0.3059628309694085,,,SEA_A__s116__instance__severe,SEA_A,instance,severe,116.0,q_alarm_persistence_27,hellinger,0.02,1,0,complete
60000,57000,28500,22800,24,0.6855030000151601,False,3000,rl,True,56050,0.903728813559322,0.8948038108243666,14241,6937,0.48711466891369987,41809,21196,0.5069721830227941,,,SEA_A__s116__instance__severe,SEA_A,instance,severe,116.0,q_alarm_persistence_27,hellinger,0.02,5,4,complete
60000,57000,23750,19950,21,0.6973070840176661,False,3000,rl,True,56050,0.9072256913470116,0.8983269532362758,14241,5716,0.40137630784355033,41809,24725,0.5913798464445454,,,SEA_A__s116__instance__severe,SEA_A,instance,severe,116.0,q_alarm_persistence_27,hellinger,0.05,5,4,complete
60000,57000,54150,0,0,0.8997477499942761,False,3000,none,True,56050,0.8929705619982159,0.8826215115222555,14241,13543,0.9509865880205042,41809,2152,0.051472171063646585,,,SEA_A__s116__instance__severe,SEA_A,instance,severe,116.0,no_reset,d3_oof,0.01,1,0,complete
60000,57000,49400,0,0,0.8966051250026794,False,3000,none,True,56050,0.8874219446922391,0.8763503167858626,14241,12352,0.8673548205884418,41809,5711,0.13659738333851562,,,SEA_A__s116__instance__severe,SEA_A,instance,severe,116.0,no_reset,d3_oof,0.05,1,0,complete
60000,57000,49400,0,0,0.8641332080005668,False,3000,none,True,56050,0.8948617305976806,0.8845447838425584,14241,12334,0.8660908644055895,41809,5693,0.13616685402664497,,,SEA_A__s116__instance__severe,SEA_A,instance,severe,116.0,no_reset,d3_oof,0.01,5,4,complete
60000,57000,39900,0,0,0.8111302909965161,False,3000,none,True,56050,0.8976984834968778,0.8862238152765056,14241,9916,0.6962994171757602,41809,12775,0.30555621995264176,,,SEA_A__s116__instance__severe,SEA_A,instance,severe,116.0,no_reset,d3_oof,0.02,1,0,complete
60000,57000,47500,0,0,0.8540487079881132,False,3000,none,True,56050,0.8961462979482605,0.885837418940856,14241,11873,0.8337195421669826,41809,7132,0.17058528068119305,,,SEA_A__s116__instance__severe,SEA_A,instance,severe,116.0,no_reset,d3_oof,0.02,5,4,complete
60000,57000,41800,0,0,0.8391520409786608,False,3000,none,True,56050,0.892042818911686,0.8815213114726335,14241,10411,0.7310582122041992,41809,11370,0.2719510153316272,,,SEA_A__s116__instance__severe,SEA_A,instance,severe,116.0,no_reset,d3_oof,0.05,5,4,complete
60000,57000,54150,0,0,1.0085446250159293,False,3000,confirmed,True,56050,0.8929705619982159,0.8826215115222555,14241,13543,0.9509865880205042,41809,2152,0.051472171063646585,,,SEA_A__s116__instance__severe,SEA_A,instance,severe,116.0,confirmed,d3_oof,0.01,1,0,complete
60000,57000,49400,0,0,0.9971219589933753,False,3000,confirmed,True,56050,0.8874219446922391,0.8763503167858626,14241,12352,0.8673548205884418,41809,5711,0.13659738333851562,,,SEA_A__s116__instance__severe,SEA_A,instance,severe,116.0,confirmed,d3_oof,0.05,1,0,complete
60000,57000,49400,0,0,0.9734409999800846,False,3000,confirmed,True,56050,0.8948617305976806,0.8845447838425584,14241,12334,0.8660908644055895,41809,5693,0.13616685402664497,,,SEA_A__s116__instance__severe,SEA_A,instance,severe,116.0,confirmed,d3_oof,0.01,5,4,complete
60000,57000,39900,0,0,0.9242754580045585,False,3000,confirmed,True,56050,0.8976984834968778,0.8862238152765056,14241,9916,0.6962994171757602,41809,12775,0.30555621995264176,,,SEA_A__s116__instance__severe,SEA_A,instance,severe,116.0,confirmed,d3_oof,0.02,1,0,complete
60000,57000,47500,0,0,0.9622024169948418,False,3000,confirmed,True,56050,0.8961462979482605,0.885837418940856,14241,11873,0.8337195421669826,41809,7132,0.17058528068119305,,,SEA_A__s116__instance__severe,SEA_A,instance,severe,116.0,confirmed,d3_oof,0.02,5,4,complete
60000,57000,44650,6650,7,0.7576561250025406,False,3000,rl,True,56050,0.90014272970562,0.8908741151499489,14241,11037,0.7750157994522856,41809,9146,0.21875672702049798,,,SEA_A__s116__instance__severe,SEA_A,instance,severe,116.0,error_rule,d3_oof,0.01,1,0,complete
60000,57000,40850,7600,8,0.7574006250069942,False,3000,rl,True,56050,0.9029794826048171,0.8940642563751495,14241,10186,0.715258759918545,41809,12095,0.2892917792819728,,,SEA_A__s116__instance__severe,SEA_A,instance,severe,116.0,error_rule,d3_oof,0.01,5,4,complete
60000,57000,25650,4750,5,0.7933359169983305,False,3000,rl,True,56050,0.9107047279214987,0.9026036488567999,14241,6320,0.44378905975703953,41809,23429,0.5603817359898586,,,SEA_A__s116__instance__severe,SEA_A,instance,severe,116.0,error_rule,d3_oof,0.05,1,0,complete
60000,57000,41800,0,0,0.9456216669932473,False,3000,confirmed,True,56050,0.892042818911686,0.8815213114726335,14241,10411,0.7310582122041992,41809,11370,0.2719510153316272,,,SEA_A__s116__instance__severe,SEA_A,instance,severe,116.0,confirmed,d3_oof,0.05,5,4,complete
60000,57000,29450,4750,5,0.7656505840132013,False,3000,rl,True,56050,0.9037109723461195,0.8944421098962237,14241,7272,0.5106382978723404,41809,20581,0.4922624315338803,,,SEA_A__s116__instance__severe,SEA_A,instance,severe,116.0,error_rule,d3_oof,0.02,1,0,complete
60000,57000,44650,6650,7,0.7619896670221351,False,3000,rl,True,56050,0.90014272970562,0.8908741151499489,14241,11037,0.7750157994522856,41809,9146,0.21875672702049798,,,SEA_A__s116__instance__severe,SEA_A,instance,severe,116.0,selected_map,d3_oof,0.01,1,0,complete
60000,57000,38950,1900,2,0.8462674589827657,False,3000,rl,True,56050,0.8867439785905441,0.8741671792030574,14241,9607,0.6746015027034619,41809,13416,0.3208878471142577,,,SEA_A__s116__instance__severe,SEA_A,instance,severe,116.0,error_rule,d3_oof,0.02,5,4,complete
60000,57000,38950,950,1,0.8708040410128888,False,3000,rl,True,56050,0.8898483496877788,0.8781246684113485,14241,9630,0.6762165578259953,41809,13439,0.32143796790164797,,,SEA_A__s116__instance__severe,SEA_A,instance,severe,116.0,error_rule,d3_oof,0.05,5,4,complete
60000,57000,25650,4750,5,0.7975842919986462,False,3000,rl,True,56050,0.9107047279214987,0.9026036488567999,14241,6320,0.44378905975703953,41809,23429,0.5603817359898586,,,SEA_A__s116__instance__severe,SEA_A,instance,severe,116.0,selected_map,d3_oof,0.05,1,0,complete
60000,57000,40850,7600,8,0.7581365840160288,False,3000,rl,True,56050,0.9029794826048171,0.8940642563751495,14241,10186,0.715258759918545,41809,12095,0.2892917792819728,,,SEA_A__s116__instance__severe,SEA_A,instance,severe,116.0,selected_map,d3_oof,0.01,5,4,complete
60000,57000,29450,4750,5,0.7720579159795307,False,3000,rl,True,56050,0.9037109723461195,0.8944421098962237,14241,7272,0.5106382978723404,41809,20581,0.4922624315338803,,,SEA_A__s116__instance__severe,SEA_A,instance,severe,116.0,selected_map,d3_oof,0.02,1,0,complete
60000,57000,38950,1900,2,0.8457905420218594,False,3000,rl,True,56050,0.8867439785905441,0.8741671792030574,14241,9607,0.6746015027034619,41809,13416,0.3208878471142577,,,SEA_A__s116__instance__severe,SEA_A,instance,severe,116.0,selected_map,d3_oof,0.02,5,4,complete
60000,57000,38950,950,1,0.8727530410105828,False,3000,rl,True,56050,0.8898483496877788,0.8781246684113485,14241,9630,0.6762165578259953,41809,13439,0.32143796790164797,,,SEA_A__s116__instance__severe,SEA_A,instance,severe,116.0,selected_map,d3_oof,0.05,5,4,complete
60000,57000,54150,0,0,0.9966064580075908,False,3000,rl,True,56050,0.8929705619982159,0.8826215115222555,14241,13543,0.9509865880205042,41809,2152,0.051472171063646585,,,SEA_A__s116__instance__severe,SEA_A,instance,severe,116.0,q_alarm_persistence_7,d3_oof,0.01,1,0,complete
60000,57000,49400,0,0,1.0023587500036228,False,3000,rl,True,56050,0.8874219446922391,0.8763503167858626,14241,12352,0.8673548205884418,41809,5711,0.13659738333851562,,,SEA_A__s116__instance__severe,SEA_A,instance,severe,116.0,q_alarm_persistence_7,d3_oof,0.05,1,0,complete
60000,57000,49400,0,0,0.9552032499923371,False,3000,rl,True,56050,0.8948617305976806,0.8845447838425584,14241,12334,0.8660908644055895,41809,5693,0.13616685402664497,,,SEA_A__s116__instance__severe,SEA_A,instance,severe,116.0,q_alarm_persistence_7,d3_oof,0.01,5,4,complete
60000,57000,39900,0,0,0.9061234160035383,False,3000,rl,True,56050,0.8976984834968778,0.8862238152765056,14241,9916,0.6962994171757602,41809,12775,0.30555621995264176,,,SEA_A__s116__instance__severe,SEA_A,instance,severe,116.0,q_alarm_persistence_7,d3_oof,0.02,1,0,complete
60000,57000,47500,0,0,0.9452975830063224,False,3000,rl,True,56050,0.8961462979482605,0.885837418940856,14241,11873,0.8337195421669826,41809,7132,0.17058528068119305,,,SEA_A__s116__instance__severe,SEA_A,instance,severe,116.0,q_alarm_persistence_7,d3_oof,0.02,5,4,complete
60000,57000,41800,0,0,0.9371560830040835,False,3000,rl,True,56050,0.892042818911686,0.8815213114726335,14241,10411,0.7310582122041992,41809,11370,0.2719510153316272,,,SEA_A__s116__instance__severe,SEA_A,instance,severe,116.0,q_alarm_persistence_7,d3_oof,0.05,5,4,complete
60000,57000,54150,0,0,0.9957417080004234,False,3000,rl,True,56050,0.8929705619982159,0.8826215115222555,14241,13543,0.9509865880205042,41809,2152,0.051472171063646585,,,SEA_A__s116__instance__severe,SEA_A,instance,severe,116.0,q_alarm_persistence_17,d3_oof,0.01,1,0,complete
60000,57000,49400,0,0,0.9949692499940284,False,3000,rl,True,56050,0.8874219446922391,0.8763503167858626,14241,12352,0.8673548205884418,41809,5711,0.13659738333851562,,,SEA_A__s116__instance__severe,SEA_A,instance,severe,116.0,q_alarm_persistence_17,d3_oof,0.05,1,0,complete
60000,57000,49400,0,0,0.9593602500099223,False,3000,rl,True,56050,0.8948617305976806,0.8845447838425584,14241,12334,0.8660908644055895,41809,5693,0.13616685402664497,,,SEA_A__s116__instance__severe,SEA_A,instance,severe,116.0,q_alarm_persistence_17,d3_oof,0.01,5,4,complete
60000,57000,39900,0,0,0.9090649590070825,False,3000,rl,True,56050,0.8976984834968778,0.8862238152765056,14241,9916,0.6962994171757602,41809,12775,0.30555621995264176,,,SEA_A__s116__instance__severe,SEA_A,instance,severe,116.0,q_alarm_persistence_17,d3_oof,0.02,1,0,complete
60000,57000,47500,0,0,0.9385347079951316,False,3000,rl,True,56050,0.8961462979482605,0.885837418940856,14241,11873,0.8337195421669826,41809,7132,0.17058528068119305,,,SEA_A__s116__instance__severe,SEA_A,instance,severe,116.0,q_alarm_persistence_17,d3_oof,0.02,5,4,complete
60000,57000,46550,39900,42,0.6731327089946717,False,3000,rl,True,56050,0.8998929527207851,0.8910685176907591,14241,11601,0.8146197598483252,41809,7810,0.18680188476165419,,,SEA_A__s116__instance__severe,SEA_A,instance,severe,116.0,q_alarm_persistence_27,d3_oof,0.01,1,0,complete
60000,57000,32300,28500,30,0.6690731669950765,False,3000,rl,True,56050,0.9031043710972346,0.893992235982644,14241,7923,0.556351379818833,41809,18382,0.4396661006003492,,,SEA_A__s116__instance__severe,SEA_A,instance,severe,116.0,q_alarm_persistence_27,d3_oof,0.01,5,4,complete
60000,57000,30400,24700,26,0.7061954999953741,False,3000,rl,True,56050,0.9110258697591436,0.9027850812515128,14241,7461,0.5239098377922898,41809,19820,0.47406060895979335,,,SEA_A__s116__instance__severe,SEA_A,instance,severe,116.0,q_alarm_persistence_27,d3_oof,0.05,1,0,complete
60000,57000,41800,0,0,0.9492798749997746,False,3000,rl,True,56050,0.892042818911686,0.8815213114726335,14241,10411,0.7310582122041992,41809,11370,0.2719510153316272,,,SEA_A__s116__instance__severe,SEA_A,instance,severe,116.0,q_alarm_persistence_17,d3_oof,0.05,5,4,complete
60000,57000,39900,33250,35,0.6720661250001285,False,3000,rl,True,56050,0.904834968777877,0.8961652061416914,14241,9933,0.6974931535706762,41809,12792,0.3059628309694085,,,SEA_A__s116__instance__severe,SEA_A,instance,severe,116.0,q_alarm_persistence_27,d3_oof,0.02,1,0,complete
60000,57000,28500,23750,25,0.6879470830026548,False,3000,rl,True,56050,0.9031400535236396,0.8941472403937655,14241,6952,0.4881679657327435,41809,21211,0.507330957449353,,,SEA_A__s116__instance__severe,SEA_A,instance,severe,116.0,q_alarm_persistence_27,d3_oof,0.02,5,4,complete
60000,57000,23750,19950,21,0.7004467500082683,False,3000,rl,True,56050,0.9072256913470116,0.8983269532362758,14241,5716,0.40137630784355033,41809,24725,0.5913798464445454,,,SEA_A__s116__instance__severe,SEA_A,instance,severe,116.0,q_alarm_persistence_27,d3_oof,0.05,5,4,complete
60000,57000,53200,0,0,0.9312951249885373,False,3000,none,True,56050,0.8898840321141838,0.8781492238669206,0,0,,56050,3800,0.06779661016949153,,,SEA_A__s117__clean__none,SEA_A,clean,none,117.0,no_reset,adwin,0.01,1,0,complete
60000,57000,43700,0,0,0.906914749997668,False,3000,none,True,56050,0.9093309545049063,0.9005996193617851,0,0,,56050,13300,0.23728813559322035,,,SEA_A__s117__clean__none,SEA_A,clean,none,117.0,no_reset,adwin,0.05,1,0,complete
60000,57000,53200,0,0,0.9180352079856675,False,3000,none,True,56050,0.8961819803746655,0.8855944258499127,0,0,,56050,3800,0.06779661016949153,,,SEA_A__s117__clean__none,SEA_A,clean,none,117.0,no_reset,adwin,0.01,5,4,complete
60000,57000,50350,0,0,0.9269132500048727,False,3000,none,True,56050,0.8914719000892061,0.8799048357054708,0,0,,56050,6650,0.11864406779661017,,,SEA_A__s117__clean__none,SEA_A,clean,none,117.0,no_reset,adwin,0.02,1,0,complete
60000,57000,48450,0,0,0.9125596660014708,False,3000,none,True,56050,0.8995004460303301,0.8894775634337555,0,0,,56050,8550,0.15254237288135594,,,SEA_A__s117__clean__none,SEA_A,clean,none,117.0,no_reset,adwin,0.02,5,4,complete
60000,57000,40850,0,0,0.8771207079989836,False,3000,none,True,56050,0.89971454058876,0.889349168603869,0,0,,56050,16150,0.288135593220339,,,SEA_A__s117__clean__none,SEA_A,clean,none,117.0,no_reset,adwin,0.05,5,4,complete
60000,58900,56050,2850,1,0.8388871250208467,False,3000,confirmed,True,56050,0.908135593220339,0.9001958557959353,0,0,,56050,1900,0.03389830508474576,,,SEA_A__s117__clean__none,SEA_A,clean,none,117.0,confirmed,adwin,0.01,1,0,complete
60000,58900,32300,2850,1,0.7969900000025518,False,3000,confirmed,True,56050,0.911650312221231,0.9034925377698229,0,0,,56050,26600,0.4745762711864407,,,SEA_A__s117__clean__none,SEA_A,clean,none,117.0,confirmed,adwin,0.05,1,0,complete
60000,58900,54150,2850,1,0.8482113749778364,False,3000,confirmed,True,56050,0.9079036574487065,0.8999164942785116,0,0,,56050,3800,0.06779661016949153,,,SEA_A__s117__clean__none,SEA_A,clean,none,117.0,confirmed,adwin,0.02,1,0,complete
60000,58900,51300,0,0,0.9441648329957388,False,3000,confirmed,True,56050,0.8956289027653881,0.8848037361526075,0,0,,56050,5700,0.1016949152542373,,,SEA_A__s117__clean__none,SEA_A,clean,none,117.0,confirmed,adwin,0.01,5,4,complete
60000,58900,48450,0,0,0.9312724580231588,True,3000,confirmed,True,56050,0.8995004460303301,0.8894775634337555,0,0,,56050,8550,0.15254237288135594,,,SEA_A__s117__clean__none,SEA_A,clean,none,117.0,confirmed,adwin,0.02,5,4,complete
60000,58900,40850,0,0,0.8913535829924513,False,3000,confirmed,True,56050,0.89971454058876,0.889349168603869,0,0,,56050,16150,0.288135593220339,,,SEA_A__s117__clean__none,SEA_A,clean,none,117.0,confirmed,adwin,0.05,5,4,complete
60000,57000,49400,7600,8,0.7301408330095001,False,3000,rl,True,56050,0.9051382694023193,0.8961602731008562,0,0,,56050,7600,0.13559322033898305,,,SEA_A__s117__clean__none,SEA_A,clean,none,117.0,error_rule,adwin,0.01,5,4,complete
60000,57000,33250,5700,6,0.7460927920037648,False,3000,rl,True,56050,0.907743086529884,0.8987091279500303,0,0,,56050,23750,0.423728813559322,,,SEA_A__s117__clean__none,SEA_A,clean,none,117.0,error_rule,adwin,0.05,1,0,complete
60000,57000,53200,2850,3,0.7738049580075312,False,3000,rl,True,56050,0.9094915254237288,0.9015023158646025,0,0,,56050,3800,0.06779661016949153,,,SEA_A__s117__clean__none,SEA_A,clean,none,117.0,error_rule,adwin,0.01,1,0,complete
60000,57000,46550,5700,6,0.7461804170161486,False,3000,rl,True,56050,0.9068688670829617,0.8981747390511957,0,0,,56050,10450,0.1864406779661017,,,SEA_A__s117__clean__none,SEA_A,clean,none,117.0,error_rule,adwin,0.02,1,0,complete
60000,57000,40850,6650,7,0.7493471250054426,False,3000,rl,True,56050,0.9053523639607494,0.8962751397431041,0,0,,56050,16150,0.288135593220339,,,SEA_A__s117__clean__none,SEA_A,clean,none,117.0,error_rule,adwin,0.02,5,4,complete
60000,57000,25650,2850,3,0.7402250840095803,False,3000,rl,True,56050,0.900035682426405,0.8899802037644842,0,0,,56050,31350,0.559322033898305,,,SEA_A__s117__clean__none,SEA_A,clean,none,117.0,error_rule,adwin,0.05,5,4,complete
60000,57000,51300,4750,5,0.7608254999795463,False,3000,rl,True,56050,0.9090633363068689,0.9005955881924683,0,0,,56050,5700,0.1016949152542373,,,SEA_A__s117__clean__none,SEA_A,clean,none,117.0,selected_map,adwin,0.01,1,0,complete
60000,57000,33250,6650,7,0.7577598329953616,False,3000,rl,True,56050,0.9084210526315789,0.899519205633151,0,0,,56050,23750,0.423728813559322,,,SEA_A__s117__clean__none,SEA_A,clean,none,117.0,selected_map,adwin,0.05,1,0,complete
60000,57000,49400,9500,10,0.7297200839966536,False,3000,rl,True,56050,0.9035682426404995,0.8943857789296572,0,0,,56050,7600,0.13559322033898305,,,SEA_A__s117__clean__none,SEA_A,clean,none,117.0,selected_map,adwin,0.01,5,4,complete
60000,57000,46550,6650,7,0.7272892910114024,False,3000,rl,True,56050,0.9051917930419269,0.8961219878980226,0,0,,56050,10450,0.1864406779661017,,,SEA_A__s117__clean__none,SEA_A,clean,none,117.0,selected_map,adwin,0.02,1,0,complete
60000,57000,40850,6650,7,0.7478946250048466,False,3000,rl,True,56050,0.9053523639607494,0.8962751397431041,0,0,,56050,16150,0.288135593220339,,,SEA_A__s117__clean__none,SEA_A,clean,none,117.0,selected_map,adwin,0.02,5,4,complete
60000,57000,24700,2850,3,0.7329147499985993,False,3000,rl,True,56050,0.9002140945584299,0.8901869901674787,0,0,,56050,32300,0.576271186440678,,,SEA_A__s117__clean__none,SEA_A,clean,none,117.0,selected_map,adwin,0.05,5,4,complete
60000,57000,53200,0,0,0.9374126250040717,False,3000,rl,True,56050,0.8898840321141838,0.8781492238669206,0,0,,56050,3800,0.06779661016949153,,,SEA_A__s117__clean__none,SEA_A,clean,none,117.0,q_alarm_persistence_7,adwin,0.01,1,0,complete
60000,57000,43700,0,0,0.9190262080082903,False,3000,rl,True,56050,0.9093309545049063,0.9005996193617851,0,0,,56050,13300,0.23728813559322035,,,SEA_A__s117__clean__none,SEA_A,clean,none,117.0,q_alarm_persistence_7,adwin,0.05,1,0,complete
60000,57000,53200,0,0,0.928314999997383,False,3000,rl,True,56050,0.8961819803746655,0.8855944258499127,0,0,,56050,3800,0.06779661016949153,,,SEA_A__s117__clean__none,SEA_A,clean,none,117.0,q_alarm_persistence_7,adwin,0.01,5,4,complete
60000,57000,48450,0,0,0.9229592090123333,False,3000,rl,True,56050,0.8995004460303301,0.8894775634337555,0,0,,56050,8550,0.15254237288135594,,,SEA_A__s117__clean__none,SEA_A,clean,none,117.0,q_alarm_persistence_7,adwin,0.02,5,4,complete
60000,57000,50350,0,0,0.9386594999814406,False,3000,rl,True,56050,0.8914719000892061,0.8799048357054708,0,0,,56050,6650,0.11864406779661017,,,SEA_A__s117__clean__none,SEA_A,clean,none,117.0,q_alarm_persistence_7,adwin,0.02,1,0,complete
60000,57000,55100,1900,2,0.7957869170058984,False,3000,rl,True,56050,0.9060660124888492,0.897213560282508,0,0,,56050,1900,0.03389830508474576,,,SEA_A__s117__clean__none,SEA_A,clean,none,117.0,q_alarm_persistence_17,adwin,0.01,1,0,complete
60000,57000,40850,0,0,0.8860912079981063,False,3000,rl,True,56050,0.89971454058876,0.889349168603869,0,0,,56050,16150,0.288135593220339,,,SEA_A__s117__clean__none,SEA_A,clean,none,117.0,q_alarm_persistence_7,adwin,0.05,5,4,complete
60000,57000,43700,0,0,0.905582958002924,False,3000,rl,True,56050,0.9092239072256914,0.9004406643858407,0,0,,56050,13300,0.23728813559322035,,,SEA_A__s117__clean__none,SEA_A,clean,none,117.0,q_alarm_persistence_17,adwin,0.05,1,0,complete
60000,57000,48450,2850,3,0.753312041022582,False,3000,rl,True,56050,0.9063871543264942,0.8979492757981131,0,0,,56050,8550,0.15254237288135594,,,SEA_A__s117__clean__none,SEA_A,clean,none,117.0,q_alarm_persistence_17,adwin,0.01,5,4,complete
60000,57000,53200,950,1,0.8274615419795737,False,3000,rl,True,56050,0.9110972346119536,0.9034430038298993,0,0,,56050,3800,0.06779661016949153,,,SEA_A__s117__clean__none,SEA_A,clean,none,117.0,q_alarm_persistence_17,adwin,0.02,1,0,complete
60000,57000,29450,2850,3,0.7562861669866834,False,3000,rl,True,56050,0.9003925066904549,0.8901949102097202,0,0,,56050,27550,0.4915254237288136,,,SEA_A__s117__clean__none,SEA_A,clean,none,117.0,q_alarm_persistence_17,adwin,0.05,5,4,complete
60000,57000,42750,1900,2,0.7754479580034968,False,3000,rl,True,56050,0.9052809991079394,0.8968652938525443,0,0,,56050,14250,0.2542372881355932,,,SEA_A__s117__clean__none,SEA_A,clean,none,117.0,q_alarm_persistence_17,adwin,0.02,5,4,complete
60000,57000,51300,47500,50,0.6795917919953354,False,3000,rl,True,56050,0.9096520963425513,0.90037738250907,0,0,,56050,5700,0.1016949152542373,,,SEA_A__s117__clean__none,SEA_A,clean,none,117.0,q_alarm_persistence_27,adwin,0.01,1,0,complete
60000,57000,40850,37050,39,0.7007421250018524,False,3000,rl,True,56050,0.9128099910793934,0.9040645306373368,0,0,,56050,16150,0.288135593220339,,,SEA_A__s117__clean__none,SEA_A,clean,none,117.0,q_alarm_persistence_27,adwin,0.05,1,0,complete
60000,57000,46550,43700,46,0.684350416995585,False,3000,rl,True,56050,0.9088314005352364,0.8993415168749875,0,0,,56050,10450,0.1864406779661017,,,SEA_A__s117__clean__none,SEA_A,clean,none,117.0,q_alarm_persistence_27,adwin,0.01,5,4,complete
60000,57000,48450,43700,46,0.6937869999965187,False,3000,rl,True,56050,0.908528099910794,0.8991101254482057,0,0,,56050,8550,0.15254237288135594,,,SEA_A__s117__clean__none,SEA_A,clean,none,117.0,q_alarm_persistence_27,adwin,0.02,1,0,complete
60000,57000,40850,37050,39,0.6854635409836192,False,3000,rl,True,56050,0.9063871543264942,0.8966065439677207,0,0,,56050,16150,0.288135593220339,,,SEA_A__s117__clean__none,SEA_A,clean,none,117.0,q_alarm_persistence_27,adwin,0.02,5,4,complete
60000,57000,34200,32300,34,0.7014539999945555,False,3000,rl,True,56050,0.9037644959857271,0.8935662083095706,0,0,,56050,22800,0.4067796610169492,,,SEA_A__s117__clean__none,SEA_A,clean,none,117.0,q_alarm_persistence_27,adwin,0.05,5,4,complete
60000,57000,53200,0,0,0.9394205840071663,False,3000,none,True,56050,0.8898840321141838,0.8781492238669206,0,0,,56050,3800,0.06779661016949153,,,SEA_A__s117__clean__none,SEA_A,clean,none,117.0,no_reset,hddm_w,0.01,1,0,complete
60000,57000,43700,0,0,0.9111554999981308,False,3000,none,True,56050,0.9093309545049063,0.9005996193617851,0,0,,56050,13300,0.23728813559322035,,,SEA_A__s117__clean__none,SEA_A,clean,none,117.0,no_reset,hddm_w,0.05,1,0,complete
60000,57000,53200,0,0,0.920002458995441,False,3000,none,True,56050,0.8961819803746655,0.8855944258499127,0,0,,56050,3800,0.06779661016949153,,,SEA_A__s117__clean__none,SEA_A,clean,none,117.0,no_reset,hddm_w,0.01,5,4,complete
60000,57000,50350,0,0,0.9188049170188606,False,3000,none,True,56050,0.8914719000892061,0.8799048357054708,0,0,,56050,6650,0.11864406779661017,,,SEA_A__s117__clean__none,SEA_A,clean,none,117.0,no_reset,hddm_w,0.02,1,0,complete
60000,57000,48450,0,0,0.9145974589919206,False,3000,none,True,56050,0.8995004460303301,0.8894775634337555,0,0,,56050,8550,0.15254237288135594,,,SEA_A__s117__clean__none,SEA_A,clean,none,117.0,no_reset,hddm_w,0.02,5,4,complete
60000,57000,40850,0,0,0.8860156250011642,False,3000,none,True,56050,0.89971454058876,0.889349168603869,0,0,,56050,16150,0.288135593220339,,,SEA_A__s117__clean__none,SEA_A,clean,none,117.0,no_reset,hddm_w,0.05,5,4,complete
60000,57000,53200,0,0,0.976230125001166,False,3000,confirmed,True,56050,0.8961819803746655,0.8855944258499127,0,0,,56050,3800,0.06779661016949153,,,SEA_A__s117__clean__none,SEA_A,clean,none,117.0,confirmed,hddm_w,0.01,5,4,complete
60000,57000,43700,0,0,0.995248334002099,False,3000,confirmed,True,56050,0.9093309545049063,0.9005996193617851,0,0,,56050,13300,0.23728813559322035,,,SEA_A__s117__clean__none,SEA_A,clean,none,117.0,confirmed,hddm_w,0.05,1,0,complete
60000,57000,53200,0,0,1.0125155000132509,False,3000,confirmed,True,56050,0.8898840321141838,0.8781492238669206,0,0,,56050,3800,0.06779661016949153,,,SEA_A__s117__clean__none,SEA_A,clean,none,117.0,confirmed,hddm_w,0.01,1,0,complete
60000,57000,50350,0,0,0.9917923329921905,False,3000,confirmed,True,56050,0.8914719000892061,0.8799048357054708,0,0,,56050,6650,0.11864406779661017,,,SEA_A__s117__clean__none,SEA_A,clean,none,117.0,confirmed,hddm_w,0.02,1,0,complete
60000,57000,48450,0,0,0.9977887920103967,False,3000,confirmed,True,56050,0.8995004460303301,0.8894775634337555,0,0,,56050,8550,0.15254237288135594,,,SEA_A__s117__clean__none,SEA_A,clean,none,117.0,confirmed,hddm_w,0.02,5,4,complete
60000,57000,53200,2850,3,0.8258368750102818,False,3000,rl,True,56050,0.9094915254237288,0.9015023158646025,0,0,,56050,3800,0.06779661016949153,,,SEA_A__s117__clean__none,SEA_A,clean,none,117.0,error_rule,hddm_w,0.01,1,0,complete
60000,57000,40850,0,0,0.9340084580180701,False,3000,confirmed,True,56050,0.89971454058876,0.889349168603869,0,0,,56050,16150,0.288135593220339,,,SEA_A__s117__clean__none,SEA_A,clean,none,117.0,confirmed,hddm_w,0.05,5,4,complete
60000,57000,33250,5700,6,0.7938722089893417,False,3000,rl,True,56050,0.907743086529884,0.8987091279500303,0,0,,56050,23750,0.423728813559322,,,SEA_A__s117__clean__none,SEA_A,clean,none,117.0,error_rule,hddm_w,0.05,1,0,complete
60000,57000,49400,7600,8,0.7831284170097206,False,3000,rl,True,56050,0.9051382694023193,0.8961602731008562,0,0,,56050,7600,0.13559322033898305,,,SEA_A__s117__clean__none,SEA_A,clean,none,117.0,error_rule,hddm_w,0.01,5,4,complete
60000,57000,46550,5700,6,0.7892326249857433,False,3000,rl,True,56050,0.9068688670829617,0.8981747390511957,0,0,,56050,10450,0.1864406779661017,,,SEA_A__s117__clean__none,SEA_A,clean,none,117.0,error_rule,hddm_w,0.02,1,0,complete
60000,57000,40850,6650,7,0.8065000000060536,False,3000,rl,True,56050,0.9053523639607494,0.8962751397431041,0,0,,56050,16150,0.288135593220339,,,SEA_A__s117__clean__none,SEA_A,clean,none,117.0,error_rule,hddm_w,0.02,5,4,complete
60000,57000,51300,50350,53,0.7687175829778425,False,3000,rl,True,56050,0.9128099910793934,0.9041212744883997,0,0,,56050,5700,0.1016949152542373,,,SEA_A__s117__clean__none,SEA_A,clean,none,117.0,selected_map,hddm_w,0.01,1,0,complete
60000,57000,25650,2850,3,0.7837562079948839,False,3000,rl,True,56050,0.900035682426405,0.8899802037644842,0,0,,56050,31350,0.559322033898305,,,SEA_A__s117__clean__none,SEA_A,clean,none,117.0,error_rule,hddm_w,0.05,5,4,complete
60000,57000,40850,39900,42,0.7753885419951985,False,3000,rl,True,56050,0.9131132917038358,0.9044446387453224,0,0,,56050,16150,0.288135593220339,,,SEA_A__s117__clean__none,SEA_A,clean,none,117.0,selected_map,hddm_w,0.05,1,0,complete
60000,57000,48450,47500,50,0.7660577910137363,False,3000,rl,True,56050,0.9135057983942908,0.9048763056750151,0,0,,56050,8550,0.15254237288135594,,,SEA_A__s117__clean__none,SEA_A,clean,none,117.0,selected_map,hddm_w,0.01,5,4,complete
60000,57000,48450,47500,50,0.7757414589868858,False,3000,rl,True,56050,0.9104192685102587,0.9013778150068738,0,0,,56050,8550,0.15254237288135594,,,SEA_A__s117__clean__none,SEA_A,clean,none,117.0,selected_map,hddm_w,0.02,1,0,complete
60000,57000,44650,43700,46,0.7676274999976158,False,3000,rl,True,56050,0.9128456735057984,0.904271005346432,0,0,,56050,12350,0.22033898305084745,,,SEA_A__s117__clean__none,SEA_A,clean,none,117.0,selected_map,hddm_w,0.02,5,4,complete
60000,57000,33250,32300,34,0.7688962919928599,False,3000,rl,True,56050,0.9026583407671722,0.8922531533416436,0,0,,56050,23750,0.423728813559322,,,SEA_A__s117__clean__none,SEA_A,clean,none,117.0,selected_map,hddm_w,0.05,5,4,complete
60000,57000,52250,950,1,0.8743429589958396,False,3000,rl,True,56050,0.9004460303300624,0.8913910816285642,0,0,,56050,4750,0.0847457627118644,,,SEA_A__s117__clean__none,SEA_A,clean,none,117.0,q_alarm_persistence_7,hddm_w,0.01,1,0,complete
60000,57000,43700,0,0,0.959957665996626,False,3000,rl,True,56050,0.9093309545049063,0.9005996193617851,0,0,,56050,13300,0.23728813559322035,,,SEA_A__s117__clean__none,SEA_A,clean,none,117.0,q_alarm_persistence_7,hddm_w,0.05,1,0,complete
60000,57000,53200,0,0,0.987201667012414,False,3000,rl,True,56050,0.8961819803746655,0.8855944258499127,0,0,,56050,3800,0.06779661016949153,,,SEA_A__s117__clean__none,SEA_A,clean,none,117.0,q_alarm_persistence_7,hddm_w,0.01,5,4,complete
60000,57000,48450,0,0,0.9661413329886273,False,3000,rl,True,56050,0.8995004460303301,0.8894775634337555,0,0,,56050,8550,0.15254237288135594,,,SEA_A__s117__clean__none,SEA_A,clean,none,117.0,q_alarm_persistence_7,hddm_w,0.02,5,4,complete
60000,57000,50350,0,0,0.9869862500054296,False,3000,rl,True,56050,0.8914719000892061,0.8799048357054708,0,0,,56050,6650,0.11864406779661017,,,SEA_A__s117__clean__none,SEA_A,clean,none,117.0,q_alarm_persistence_7,hddm_w,0.02,1,0,complete
60000,57000,40850,0,0,0.9393029579950962,False,3000,rl,True,56050,0.89971454058876,0.889349168603869,0,0,,56050,16150,0.288135593220339,,,SEA_A__s117__clean__none,SEA_A,clean,none,117.0,q_alarm_persistence_7,hddm_w,0.05,5,4,complete
60000,57000,51300,47500,50,0.7703524999960791,False,3000,rl,True,56050,0.9096520963425513,0.90037738250907,0,0,,56050,5700,0.1016949152542373,,,SEA_A__s117__clean__none,SEA_A,clean,none,117.0,q_alarm_persistence_17,hddm_w,0.01,1,0,complete
60000,57000,40850,37050,39,0.7780281250015832,False,3000,rl,True,56050,0.9128099910793934,0.9040645306373368,0,0,,56050,16150,0.288135593220339,,,SEA_A__s117__clean__none,SEA_A,clean,none,117.0,q_alarm_persistence_17,hddm_w,0.05,1,0,complete
60000,57000,46550,43700,46,0.7590043339878321,False,3000,rl,True,56050,0.9088314005352364,0.8993415168749875,0,0,,56050,10450,0.1864406779661017,,,SEA_A__s117__clean__none,SEA_A,clean,none,117.0,q_alarm_persistence_17,hddm_w,0.01,5,4,complete
60000,57000,48450,43700,46,0.773904958012281,False,3000,rl,True,56050,0.908528099910794,0.8991101254482057,0,0,,56050,8550,0.15254237288135594,,,SEA_A__s117__clean__none,SEA_A,clean,none,117.0,q_alarm_persistence_17,hddm_w,0.02,1,0,complete
60000,57000,40850,37050,39,0.7627098750090227,False,3000,rl,True,56050,0.9063871543264942,0.8966065439677207,0,0,,56050,16150,0.288135593220339,,,SEA_A__s117__clean__none,SEA_A,clean,none,117.0,q_alarm_persistence_17,hddm_w,0.02,5,4,complete
60000,57000,34200,32300,34,0.779096957994625,False,3000,rl,True,56050,0.9037644959857271,0.8935662083095706,0,0,,56050,22800,0.4067796610169492,,,SEA_A__s117__clean__none,SEA_A,clean,none,117.0,q_alarm_persistence_17,hddm_w,0.05,5,4,complete
60000,57000,51300,47500,50,0.7644827920012176,False,3000,rl,True,56050,0.9096520963425513,0.90037738250907,0,0,,56050,5700,0.1016949152542373,,,SEA_A__s117__clean__none,SEA_A,clean,none,117.0,q_alarm_persistence_27,hddm_w,0.01,1,0,complete
60000,57000,40850,37050,39,0.7731222909933422,False,3000,rl,True,56050,0.9128099910793934,0.9040645306373368,0,0,,56050,16150,0.288135593220339,,,SEA_A__s117__clean__none,SEA_A,clean,none,117.0,q_alarm_persistence_27,hddm_w,0.05,1,0,complete
60000,57000,46550,43700,46,0.7706579579971731,False,3000,rl,True,56050,0.9088314005352364,0.8993415168749875,0,0,,56050,10450,0.1864406779661017,,,SEA_A__s117__clean__none,SEA_A,clean,none,117.0,q_alarm_persistence_27,hddm_w,0.01,5,4,complete
60000,57000,48450,43700,46,0.7811379169870634,False,3000,rl,True,56050,0.908528099910794,0.8991101254482057,0,0,,56050,8550,0.15254237288135594,,,SEA_A__s117__clean__none,SEA_A,clean,none,117.0,q_alarm_persistence_27,hddm_w,0.02,1,0,complete
60000,57000,40850,37050,39,0.768279292009538,False,3000,rl,True,56050,0.9063871543264942,0.8966065439677207,0,0,,56050,16150,0.288135593220339,,,SEA_A__s117__clean__none,SEA_A,clean,none,117.0,q_alarm_persistence_27,hddm_w,0.02,5,4,complete
60000,57000,34200,32300,34,0.7712354999966919,False,3000,rl,True,56050,0.9037644959857271,0.8935662083095706,0,0,,56050,22800,0.4067796610169492,,,SEA_A__s117__clean__none,SEA_A,clean,none,117.0,q_alarm_persistence_27,hddm_w,0.05,5,4,complete
60000,57000,53200,0,0,0.9429795830219518,False,3000,none,True,56050,0.8898840321141838,0.8781492238669206,0,0,,56050,3800,0.06779661016949153,,,SEA_A__s117__clean__none,SEA_A,clean,none,117.0,no_reset,hellinger,0.01,1,0,complete
60000,57000,43700,0,0,0.9000538340042112,False,3000,none,True,56050,0.9093309545049063,0.9005996193617851,0,0,,56050,13300,0.23728813559322035,,,SEA_A__s117__clean__none,SEA_A,clean,none,117.0,no_reset,hellinger,0.05,1,0,complete
60000,57000,53200,0,0,0.9317156250181142,False,3000,none,True,56050,0.8961819803746655,0.8855944258499127,0,0,,56050,3800,0.06779661016949153,,,SEA_A__s117__clean__none,SEA_A,clean,none,117.0,no_reset,hellinger,0.01,5,4,complete
60000,57000,48450,0,0,0.9027137919911183,False,3000,none,True,56050,0.8995004460303301,0.8894775634337555,0,0,,56050,8550,0.15254237288135594,,,SEA_A__s117__clean__none,SEA_A,clean,none,117.0,no_reset,hellinger,0.02,5,4,complete
60000,57000,50350,0,0,0.9233425410056952,False,3000,none,True,56050,0.8914719000892061,0.8799048357054708,0,0,,56050,6650,0.11864406779661017,,,SEA_A__s117__clean__none,SEA_A,clean,none,117.0,no_reset,hellinger,0.02,1,0,complete
60000,57000,40850,0,0,0.8707486249913927,False,3000,none,True,56050,0.89971454058876,0.889349168603869,0,0,,56050,16150,0.288135593220339,,,SEA_A__s117__clean__none,SEA_A,clean,none,117.0,no_reset,hellinger,0.05,5,4,complete
60000,58900,54150,2850,1,0.8352300410042517,False,3000,confirmed,True,56050,0.9017841213202498,0.8928448557966497,0,0,,56050,3800,0.06779661016949153,,,SEA_A__s117__clean__none,SEA_A,clean,none,117.0,confirmed,hellinger,0.01,1,0,complete
60000,57000,43700,0,0,0.9059867079922697,False,3000,confirmed,True,56050,0.9093309545049063,0.9005996193617851,0,0,,56050,13300,0.23728813559322035,,,SEA_A__s117__clean__none,SEA_A,clean,none,117.0,confirmed,hellinger,0.05,1,0,complete
60000,58900,50350,2850,1,0.8320219580200501,False,3000,confirmed,True,56050,0.9019268510258698,0.8929185289234338,0,0,,56050,8550,0.15254237288135594,,,SEA_A__s117__clean__none,SEA_A,clean,none,117.0,confirmed,hellinger,0.02,1,0,complete
60000,57000,53200,0,0,0.9255989999801386,False,3000,confirmed,True,56050,0.8961819803746655,0.8855944258499127,0,0,,56050,3800,0.06779661016949153,,,SEA_A__s117__clean__none,SEA_A,clean,none,117.0,confirmed,hellinger,0.01,5,4,complete
60000,57000,48450,0,0,0.9273987920023501,False,3000,confirmed,True,56050,0.8995004460303301,0.8894775634337555,0,0,,56050,8550,0.15254237288135594,,,SEA_A__s117__clean__none,SEA_A,clean,none,117.0,confirmed,hellinger,0.02,5,4,complete
60000,58900,34200,2850,1,0.8191848749993369,False,3000,confirmed,True,56050,0.8966458519179304,0.8860373429886425,0,0,,56050,23750,0.423728813559322,,,SEA_A__s117__clean__none,SEA_A,clean,none,117.0,confirmed,hellinger,0.05,5,4,complete
60000,57000,53200,2850,3,0.7684420419973321,False,3000,rl,True,56050,0.9094915254237288,0.9015023158646025,0,0,,56050,3800,0.06779661016949153,,,SEA_A__s117__clean__none,SEA_A,clean,none,117.0,error_rule,hellinger,0.01,1,0,complete
60000,57000,33250,5700,6,0.7292990000132704,False,3000,rl,True,56050,0.907743086529884,0.8987091279500303,0,0,,56050,23750,0.423728813559322,,,SEA_A__s117__clean__none,SEA_A,clean,none,117.0,error_rule,hellinger,0.05,1,0,complete
60000,57000,49400,7600,8,0.7228064580122009,False,3000,rl,True,56050,0.9051382694023193,0.8961602731008562,0,0,,56050,7600,0.13559322033898305,,,SEA_A__s117__clean__none,SEA_A,clean,none,117.0,error_rule,hellinger,0.01,5,4,complete
60000,57000,46550,5700,6,0.736004457983654,False,3000,rl,True,56050,0.9068688670829617,0.8981747390511957,0,0,,56050,10450,0.1864406779661017,,,SEA_A__s117__clean__none,SEA_A,clean,none,117.0,error_rule,hellinger,0.02,1,0,complete
60000,57000,40850,6650,7,0.7486317079747096,False,3000,rl,True,56050,0.9053523639607494,0.8962751397431041,0,0,,56050,16150,0.288135593220339,,,SEA_A__s117__clean__none,SEA_A,clean,none,117.0,error_rule,hellinger,0.02,5,4,complete
60000,57000,25650,2850,3,0.730845916987164,False,3000,rl,True,56050,0.900035682426405,0.8899802037644842,0,0,,56050,31350,0.559322033898305,,,SEA_A__s117__clean__none,SEA_A,clean,none,117.0,error_rule,hellinger,0.05,5,4,complete
60000,57000,47500,4750,5,0.7248576669953763,False,3000,rl,True,56050,0.9114897413024086,0.9033728982006731,0,0,,56050,9500,0.1694915254237288,,,SEA_A__s117__clean__none,SEA_A,clean,none,117.0,selected_map,hellinger,0.01,1,0,complete
60000,57000,36100,5700,6,0.7285357500077225,False,3000,rl,True,56050,0.9076003568242641,0.8984834143828146,0,0,,56050,20900,0.3728813559322034,,,SEA_A__s117__clean__none,SEA_A,clean,none,117.0,selected_map,hellinger,0.05,1,0,complete
60000,57000,47500,9500,10,0.7141469999914989,False,3000,rl,True,56050,0.9044781445138269,0.8949206244719334,0,0,,56050,9500,0.1694915254237288,,,SEA_A__s117__clean__none,SEA_A,clean,none,117.0,selected_map,hellinger,0.01,5,4,complete
60000,57000,44650,8550,9,0.7159790830046404,False,3000,rl,True,56050,0.9057091882247993,0.8965485584804608,0,0,,56050,12350,0.22033898305084745,,,SEA_A__s117__clean__none,SEA_A,clean,none,117.0,selected_map,hellinger,0.02,1,0,complete
60000,57000,44650,8550,9,0.7151824169850443,False,3000,rl,True,56050,0.908206958073149,0.8994058322204741,0,0,,56050,12350,0.22033898305084745,,,SEA_A__s117__clean__none,SEA_A,clean,none,117.0,selected_map,hellinger,0.02,5,4,complete
60000,57000,29450,3800,4,0.7289485830115154,False,3000,rl,True,56050,0.9024264049955397,0.8925577683216168,0,0,,56050,27550,0.4915254237288136,,,SEA_A__s117__clean__none,SEA_A,clean,none,117.0,selected_map,hellinger,0.05,5,4,complete
60000,57000,53200,0,0,0.9342857080046088,False,3000,rl,True,56050,0.8898840321141838,0.8781492238669206,0,0,,56050,3800,0.06779661016949153,,,SEA_A__s117__clean__none,SEA_A,clean,none,117.0,q_alarm_persistence_7,hellinger,0.01,1,0,complete
60000,57000,43700,0,0,0.9310259159974521,False,3000,rl,True,56050,0.9093309545049063,0.9005996193617851,0,0,,56050,13300,0.23728813559322035,,,SEA_A__s117__clean__none,SEA_A,clean,none,117.0,q_alarm_persistence_7,hellinger,0.05,1,0,complete
60000,57000,53200,0,0,0.9308132080186624,False,3000,rl,True,56050,0.8961819803746655,0.8855944258499127,0,0,,56050,3800,0.06779661016949153,,,SEA_A__s117__clean__none,SEA_A,clean,none,117.0,q_alarm_persistence_7,hellinger,0.01,5,4,complete
60000,57000,50350,0,0,0.9371906669985037,False,3000,rl,True,56050,0.8914719000892061,0.8799048357054708,0,0,,56050,6650,0.11864406779661017,,,SEA_A__s117__clean__none,SEA_A,clean,none,117.0,q_alarm_persistence_7,hellinger,0.02,1,0,complete
60000,57000,48450,0,0,0.9167927080125082,False,3000,rl,True,56050,0.8995004460303301,0.8894775634337555,0,0,,56050,8550,0.15254237288135594,,,SEA_A__s117__clean__none,SEA_A,clean,none,117.0,q_alarm_persistence_7,hellinger,0.02,5,4,complete
60000,57000,40850,0,0,0.8957697910082061,False,3000,rl,True,56050,0.89971454058876,0.889349168603869,0,0,,56050,16150,0.288135593220339,,,SEA_A__s117__clean__none,SEA_A,clean,none,117.0,q_alarm_persistence_7,hellinger,0.05,5,4,complete
60000,57000,51300,47500,50,0.6839511670114007,False,3000,rl,True,56050,0.9096520963425513,0.90037738250907,0,0,,56050,5700,0.1016949152542373,,,SEA_A__s117__clean__none,SEA_A,clean,none,117.0,q_alarm_persistence_17,hellinger,0.01,1,0,complete
60000,57000,40850,37050,39,0.7038587499991991,False,3000,rl,True,56050,0.9128099910793934,0.9040645306373368,0,0,,56050,16150,0.288135593220339,,,SEA_A__s117__clean__none,SEA_A,clean,none,117.0,q_alarm_persistence_17,hellinger,0.05,1,0,complete
60000,57000,46550,43700,46,0.6875358750112355,False,3000,rl,True,56050,0.9088314005352364,0.8993415168749875,0,0,,56050,10450,0.1864406779661017,,,SEA_A__s117__clean__none,SEA_A,clean,none,117.0,q_alarm_persistence_17,hellinger,0.01,5,4,complete
60000,57000,48450,43700,46,0.6864904579997528,False,3000,rl,True,56050,0.908528099910794,0.8991101254482057,0,0,,56050,8550,0.15254237288135594,,,SEA_A__s117__clean__none,SEA_A,clean,none,117.0,q_alarm_persistence_17,hellinger,0.02,1,0,complete
60000,57000,40850,37050,39,0.7136350419896189,False,3000,rl,True,56050,0.9063871543264942,0.8966065439677207,0,0,,56050,16150,0.288135593220339,,,SEA_A__s117__clean__none,SEA_A,clean,none,117.0,q_alarm_persistence_17,hellinger,0.02,5,4,complete
60000,57000,34200,32300,34,0.7100460410001688,False,3000,rl,True,56050,0.9037644959857271,0.8935662083095706,0,0,,56050,22800,0.4067796610169492,,,SEA_A__s117__clean__none,SEA_A,clean,none,117.0,q_alarm_persistence_17,hellinger,0.05,5,4,complete
60000,57000,51300,47500,50,0.6876483750238549,False,3000,rl,True,56050,0.9096520963425513,0.90037738250907,0,0,,56050,5700,0.1016949152542373,,,SEA_A__s117__clean__none,SEA_A,clean,none,117.0,q_alarm_persistence_27,hellinger,0.01,1,0,complete
60000,57000,40850,37050,39,0.7009525839966955,False,3000,rl,True,56050,0.9128099910793934,0.9040645306373368,0,0,,56050,16150,0.288135593220339,,,SEA_A__s117__clean__none,SEA_A,clean,none,117.0,q_alarm_persistence_27,hellinger,0.05,1,0,complete
60000,57000,46550,43700,46,0.6732457079924643,False,3000,rl,True,56050,0.9088314005352364,0.8993415168749875,0,0,,56050,10450,0.1864406779661017,,,SEA_A__s117__clean__none,SEA_A,clean,none,117.0,q_alarm_persistence_27,hellinger,0.01,5,4,complete
60000,57000,48450,43700,46,0.6844307910068892,False,3000,rl,True,56050,0.908528099910794,0.8991101254482057,0,0,,56050,8550,0.15254237288135594,,,SEA_A__s117__clean__none,SEA_A,clean,none,117.0,q_alarm_persistence_27,hellinger,0.02,1,0,complete
60000,57000,40850,36100,38,0.6883729579858482,False,3000,rl,True,56050,0.9057627118644068,0.8958599820583022,0,0,,56050,16150,0.288135593220339,,,SEA_A__s117__clean__none,SEA_A,clean,none,117.0,q_alarm_persistence_27,hellinger,0.02,5,4,complete
60000,57000,34200,31350,33,0.6993760410114191,False,3000,rl,True,56050,0.9024264049955397,0.8919579362841255,0,0,,56050,22800,0.4067796610169492,,,SEA_A__s117__clean__none,SEA_A,clean,none,117.0,q_alarm_persistence_27,hellinger,0.05,5,4,complete
60000,57000,53200,0,0,0.9285715000005439,False,3000,none,True,56050,0.8898840321141838,0.8781492238669206,0,0,,56050,3800,0.06779661016949153,,,SEA_A__s117__clean__none,SEA_A,clean,none,117.0,no_reset,d3_oof,0.01,1,0,complete
60000,57000,43700,0,0,0.9074796659988351,False,3000,none,True,56050,0.9093309545049063,0.9005996193617851,0,0,,56050,13300,0.23728813559322035,,,SEA_A__s117__clean__none,SEA_A,clean,none,117.0,no_reset,d3_oof,0.05,1,0,complete
60000,57000,53200,0,0,0.9246973339759279,False,3000,none,True,56050,0.8961819803746655,0.8855944258499127,0,0,,56050,3800,0.06779661016949153,,,SEA_A__s117__clean__none,SEA_A,clean,none,117.0,no_reset,d3_oof,0.01,5,4,complete
60000,57000,50350,0,0,0.9316962919838261,False,3000,none,True,56050,0.8914719000892061,0.8799048357054708,0,0,,56050,6650,0.11864406779661017,,,SEA_A__s117__clean__none,SEA_A,clean,none,117.0,no_reset,d3_oof,0.02,1,0,complete
60000,57000,48450,0,0,0.9153246670030057,False,3000,none,True,56050,0.8995004460303301,0.8894775634337555,0,0,,56050,8550,0.15254237288135594,,,SEA_A__s117__clean__none,SEA_A,clean,none,117.0,no_reset,d3_oof,0.02,5,4,complete
60000,57000,40850,0,0,0.8689008330111392,False,3000,none,True,56050,0.89971454058876,0.889349168603869,0,0,,56050,16150,0.288135593220339,,,SEA_A__s117__clean__none,SEA_A,clean,none,117.0,no_reset,d3_oof,0.05,5,4,complete
60000,57000,53200,0,0,1.022862832993269,False,3000,confirmed,True,56050,0.8898840321141838,0.8781492238669206,0,0,,56050,3800,0.06779661016949153,,,SEA_A__s117__clean__none,SEA_A,clean,none,117.0,confirmed,d3_oof,0.01,1,0,complete
60000,57000,43700,0,0,0.999451791998581,False,3000,confirmed,True,56050,0.9093309545049063,0.9005996193617851,0,0,,56050,13300,0.23728813559322035,,,SEA_A__s117__clean__none,SEA_A,clean,none,117.0,confirmed,d3_oof,0.05,1,0,complete
60000,57000,53200,0,0,1.0200142090034205,False,3000,confirmed,True,56050,0.8961819803746655,0.8855944258499127,0,0,,56050,3800,0.06779661016949153,,,SEA_A__s117__clean__none,SEA_A,clean,none,117.0,confirmed,d3_oof,0.01,5,4,complete
60000,57000,50350,0,0,1.020289292006055,False,3000,confirmed,True,56050,0.8914719000892061,0.8799048357054708,0,0,,56050,6650,0.11864406779661017,,,SEA_A__s117__clean__none,SEA_A,clean,none,117.0,confirmed,d3_oof,0.02,1,0,complete
60000,57000,48450,0,0,1.0023414169845637,False,3000,confirmed,True,56050,0.8995004460303301,0.8894775634337555,0,0,,56050,8550,0.15254237288135594,,,SEA_A__s117__clean__none,SEA_A,clean,none,117.0,confirmed,d3_oof,0.02,5,4,complete
60000,57000,53200,2850,3,0.8328775829868391,False,3000,rl,True,56050,0.9094915254237288,0.9015023158646025,0,0,,56050,3800,0.06779661016949153,,,SEA_A__s117__clean__none,SEA_A,clean,none,117.0,error_rule,d3_oof,0.01,1,0,complete
60000,57000,40850,0,0,0.9795298750104848,False,3000,confirmed,True,56050,0.89971454058876,0.889349168603869,0,0,,56050,16150,0.288135593220339,,,SEA_A__s117__clean__none,SEA_A,clean,none,117.0,confirmed,d3_oof,0.05,5,4,complete
60000,57000,33250,5700,6,0.7833527080074418,False,3000,rl,True,56050,0.907743086529884,0.8987091279500303,0,0,,56050,23750,0.423728813559322,,,SEA_A__s117__clean__none,SEA_A,clean,none,117.0,error_rule,d3_oof,0.05,1,0,complete
60000,57000,49400,7600,8,0.7769010000047274,False,3000,rl,True,56050,0.9051382694023193,0.8961602731008562,0,0,,56050,7600,0.13559322033898305,,,SEA_A__s117__clean__none,SEA_A,clean,none,117.0,error_rule,d3_oof,0.01,5,4,complete
60000,57000,46550,5700,6,0.780162165989168,False,3000,rl,True,56050,0.9068688670829617,0.8981747390511957,0,0,,56050,10450,0.1864406779661017,,,SEA_A__s117__clean__none,SEA_A,clean,none,117.0,error_rule,d3_oof,0.02,1,0,complete
60000,57000,40850,6650,7,0.7915020420041401,False,3000,rl,True,56050,0.9053523639607494,0.8962751397431041,0,0,,56050,16150,0.288135593220339,,,SEA_A__s117__clean__none,SEA_A,clean,none,117.0,error_rule,d3_oof,0.02,5,4,complete
60000,57000,25650,2850,3,0.7959706250112504,False,3000,rl,True,56050,0.900035682426405,0.8899802037644842,0,0,,56050,31350,0.559322033898305,,,SEA_A__s117__clean__none,SEA_A,clean,none,117.0,error_rule,d3_oof,0.05,5,4,complete
60000,57000,53200,2850,3,0.8409859579987824,False,3000,rl,True,56050,0.9094915254237288,0.9015023158646025,0,0,,56050,3800,0.06779661016949153,,,SEA_A__s117__clean__none,SEA_A,clean,none,117.0,selected_map,d3_oof,0.01,1,0,complete
60000,57000,33250,5700,6,0.7782306250010151,False,3000,rl,True,56050,0.907743086529884,0.8987091279500303,0,0,,56050,23750,0.423728813559322,,,SEA_A__s117__clean__none,SEA_A,clean,none,117.0,selected_map,d3_oof,0.05,1,0,complete
60000,57000,49400,7600,8,0.7745902080205269,False,3000,rl,True,56050,0.9051382694023193,0.8961602731008562,0,0,,56050,7600,0.13559322033898305,,,SEA_A__s117__clean__none,SEA_A,clean,none,117.0,selected_map,d3_oof,0.01,5,4,complete
60000,57000,46550,5700,6,0.7945178750087507,False,3000,rl,True,56050,0.9068688670829617,0.8981747390511957,0,0,,56050,10450,0.1864406779661017,,,SEA_A__s117__clean__none,SEA_A,clean,none,117.0,selected_map,d3_oof,0.02,1,0,complete
60000,57000,40850,6650,7,0.7870929579949006,False,3000,rl,True,56050,0.9053523639607494,0.8962751397431041,0,0,,56050,16150,0.288135593220339,,,SEA_A__s117__clean__none,SEA_A,clean,none,117.0,selected_map,d3_oof,0.02,5,4,complete
60000,57000,25650,2850,3,0.7912532920017838,False,3000,rl,True,56050,0.900035682426405,0.8899802037644842,0,0,,56050,31350,0.559322033898305,,,SEA_A__s117__clean__none,SEA_A,clean,none,117.0,selected_map,d3_oof,0.05,5,4,complete
60000,57000,53200,0,0,1.02854495801148,False,3000,rl,True,56050,0.8898840321141838,0.8781492238669206,0,0,,56050,3800,0.06779661016949153,,,SEA_A__s117__clean__none,SEA_A,clean,none,117.0,q_alarm_persistence_7,d3_oof,0.01,1,0,complete
60000,57000,43700,0,0,1.0060674169944832,False,3000,rl,True,56050,0.9093309545049063,0.9005996193617851,0,0,,56050,13300,0.23728813559322035,,,SEA_A__s117__clean__none,SEA_A,clean,none,117.0,q_alarm_persistence_7,d3_oof,0.05,1,0,complete
60000,57000,53200,0,0,1.0265070839959662,False,3000,rl,True,56050,0.8961819803746655,0.8855944258499127,0,0,,56050,3800,0.06779661016949153,,,SEA_A__s117__clean__none,SEA_A,clean,none,117.0,q_alarm_persistence_7,d3_oof,0.01,5,4,complete
60000,57000,50350,0,0,1.0278762500092853,False,3000,rl,True,56050,0.8914719000892061,0.8799048357054708,0,0,,56050,6650,0.11864406779661017,,,SEA_A__s117__clean__none,SEA_A,clean,none,117.0,q_alarm_persistence_7,d3_oof,0.02,1,0,complete
60000,57000,48450,0,0,1.011144999996759,False,3000,rl,True,56050,0.8995004460303301,0.8894775634337555,0,0,,56050,8550,0.15254237288135594,,,SEA_A__s117__clean__none,SEA_A,clean,none,117.0,q_alarm_persistence_7,d3_oof,0.02,5,4,complete
60000,57000,40850,0,0,0.9774785829940811,False,3000,rl,True,56050,0.89971454058876,0.889349168603869,0,0,,56050,16150,0.288135593220339,,,SEA_A__s117__clean__none,SEA_A,clean,none,117.0,q_alarm_persistence_7,d3_oof,0.05,5,4,complete
60000,57000,53200,0,0,1.0463007089856546,False,3000,rl,True,56050,0.8898840321141838,0.8781492238669206,0,0,,56050,3800,0.06779661016949153,,,SEA_A__s117__clean__none,SEA_A,clean,none,117.0,q_alarm_persistence_17,d3_oof,0.01,1,0,complete
60000,57000,43700,0,0,1.0087099999946076,False,3000,rl,True,56050,0.9093309545049063,0.9005996193617851,0,0,,56050,13300,0.23728813559322035,,,SEA_A__s117__clean__none,SEA_A,clean,none,117.0,q_alarm_persistence_17,d3_oof,0.05,1,0,complete
60000,57000,53200,0,0,1.0409389580017887,False,3000,rl,True,56050,0.8961819803746655,0.8855944258499127,0,0,,56050,3800,0.06779661016949153,,,SEA_A__s117__clean__none,SEA_A,clean,none,117.0,q_alarm_persistence_17,d3_oof,0.01,5,4,complete
60000,57000,50350,0,0,1.0462603749765549,False,3000,rl,True,56050,0.8914719000892061,0.8799048357054708,0,0,,56050,6650,0.11864406779661017,,,SEA_A__s117__clean__none,SEA_A,clean,none,117.0,q_alarm_persistence_17,d3_oof,0.02,1,0,complete
60000,57000,48450,0,0,1.02382737500011,False,3000,rl,True,56050,0.8995004460303301,0.8894775634337555,0,0,,56050,8550,0.15254237288135594,,,SEA_A__s117__clean__none,SEA_A,clean,none,117.0,q_alarm_persistence_17,d3_oof,0.02,5,4,complete
60000,57000,51300,47500,50,0.6805412920075469,False,3000,rl,True,56050,0.9096520963425513,0.90037738250907,0,0,,56050,5700,0.1016949152542373,,,SEA_A__s117__clean__none,SEA_A,clean,none,117.0,q_alarm_persistence_27,d3_oof,0.01,1,0,complete
60000,57000,46550,43700,46,0.6854823329776991,False,3000,rl,True,56050,0.9088314005352364,0.8993415168749875,0,0,,56050,10450,0.1864406779661017,,,SEA_A__s117__clean__none,SEA_A,clean,none,117.0,q_alarm_persistence_27,d3_oof,0.01,5,4,complete
60000,57000,40850,37050,39,0.6954589590022806,False,3000,rl,True,56050,0.9128099910793934,0.9040645306373368,0,0,,56050,16150,0.288135593220339,,,SEA_A__s117__clean__none,SEA_A,clean,none,117.0,q_alarm_persistence_27,d3_oof,0.05,1,0,complete
60000,57000,40850,0,0,1.003291541012004,False,3000,rl,True,56050,0.89971454058876,0.889349168603869,0,0,,56050,16150,0.288135593220339,,,SEA_A__s117__clean__none,SEA_A,clean,none,117.0,q_alarm_persistence_17,d3_oof,0.05,5,4,complete
60000,57000,48450,43700,46,0.679435124999145,False,3000,rl,True,56050,0.908528099910794,0.8991101254482057,0,0,,56050,8550,0.15254237288135594,,,SEA_A__s117__clean__none,SEA_A,clean,none,117.0,q_alarm_persistence_27,d3_oof,0.02,1,0,complete
60000,57000,40850,37050,39,0.6842720829881728,False,3000,rl,True,56050,0.9063871543264942,0.8966065439677207,0,0,,56050,16150,0.288135593220339,,,SEA_A__s117__clean__none,SEA_A,clean,none,117.0,q_alarm_persistence_27,d3_oof,0.02,5,4,complete
60000,57000,34200,32300,34,0.6953297910222318,False,3000,rl,True,56050,0.9037644959857271,0.8935662083095706,0,0,,56050,22800,0.4067796610169492,,,SEA_A__s117__clean__none,SEA_A,clean,none,117.0,q_alarm_persistence_27,d3_oof,0.05,5,4,complete
60000,57000,53200,0,0,0.892771459009964,False,3000,none,True,56050,0.8944335414808207,0.884136919852482,14234,13285,0.9333286497119573,41816,2851,0.06817964415534723,,,SEA_A__s117__instance__severe,SEA_A,instance,severe,117.0,no_reset,adwin,0.01,1,0,complete
60000,57000,36100,0,0,0.8298290420061676,False,3000,none,True,56050,0.8945941123996431,0.8832695362813365,14234,8772,0.6162709006603906,41816,15438,0.3691888272431605,,,SEA_A__s117__instance__severe,SEA_A,instance,severe,117.0,no_reset,adwin,0.05,1,0,complete
60000,57000,50350,0,0,0.8593400420213584,False,3000,none,True,56050,0.8904727921498662,0.8799407419508167,14234,12491,0.8775467191232261,41816,4907,0.117347426822269,,,SEA_A__s117__instance__severe,SEA_A,instance,severe,117.0,no_reset,adwin,0.01,5,4,complete
60000,57000,51300,0,0,0.8669115410011727,False,3000,none,True,56050,0.8930597680642284,0.8832303783901342,14234,12761,0.8965153856962204,41816,4227,0.10108570881959059,,,SEA_A__s117__instance__severe,SEA_A,instance,severe,117.0,no_reset,adwin,0.02,1,0,complete
60000,57000,46550,0,0,0.8644917919882573,False,3000,none,True,56050,0.8927564674397859,0.8818816614118572,14234,11573,0.8130532527750457,41816,7789,0.1862684140042089,,,SEA_A__s117__instance__severe,SEA_A,instance,severe,117.0,no_reset,adwin,0.02,5,4,complete
60000,57000,46550,0,0,0.8822379579942208,False,3000,none,True,56050,0.8895450490633363,0.8788900908069843,14234,11571,0.8129127441337642,41816,7787,0.1862205854218481,,,SEA_A__s117__instance__severe,SEA_A,instance,severe,117.0,no_reset,adwin,0.05,5,4,complete
60000,57000,53200,0,0,0.8930075410171412,False,3000,confirmed,True,56050,0.8944335414808207,0.884136919852482,14234,13285,0.9333286497119573,41816,2851,0.06817964415534723,,,SEA_A__s117__instance__severe,SEA_A,instance,severe,117.0,confirmed,adwin,0.01,1,0,complete
60000,57000,36100,0,0,0.8440560419985559,False,3000,confirmed,True,56050,0.8945941123996431,0.8832695362813365,14234,8772,0.6162709006603906,41816,15438,0.3691888272431605,,,SEA_A__s117__instance__severe,SEA_A,instance,severe,117.0,confirmed,adwin,0.05,1,0,complete
60000,57000,50350,0,0,0.872632207989227,False,3000,confirmed,True,56050,0.8904727921498662,0.8799407419508167,14234,12491,0.8775467191232261,41816,4907,0.117347426822269,,,SEA_A__s117__instance__severe,SEA_A,instance,severe,117.0,confirmed,adwin,0.01,5,4,complete
60000,57000,51300,0,0,0.8703876670042519,False,3000,confirmed,True,56050,0.8930597680642284,0.8832303783901342,14234,12761,0.8965153856962204,41816,4227,0.10108570881959059,,,SEA_A__s117__instance__severe,SEA_A,instance,severe,117.0,confirmed,adwin,0.02,1,0,complete
60000,57000,46550,0,0,0.8638986670121085,False,3000,confirmed,True,56050,0.8927564674397859,0.8818816614118572,14234,11573,0.8130532527750457,41816,7789,0.1862684140042089,,,SEA_A__s117__instance__severe,SEA_A,instance,severe,117.0,confirmed,adwin,0.02,5,4,complete
60000,57000,46550,0,0,0.8760949170100503,False,3000,confirmed,True,56050,0.8895450490633363,0.8788900908069843,14234,11571,0.8129127441337642,41816,7787,0.1862205854218481,,,SEA_A__s117__instance__severe,SEA_A,instance,severe,117.0,confirmed,adwin,0.05,5,4,complete
60000,57000,50350,2850,3,0.7276731670135632,False,3000,rl,True,56050,0.8984478144513827,0.8898064370722749,14234,12589,0.8844316425460166,41816,5005,0.1196910273579491,,,SEA_A__s117__instance__severe,SEA_A,instance,severe,117.0,error_rule,adwin,0.01,1,0,complete
60000,57000,27550,2850,3,0.7484595840069233,False,3000,rl,True,56050,0.9097234611953613,0.9017883628780359,14234,6629,0.46571589152732895,41816,21845,0.5224076908360437,,,SEA_A__s117__instance__severe,SEA_A,instance,severe,117.0,error_rule,adwin,0.05,1,0,complete
60000,57000,50350,2850,3,0.7634113329986576,False,3000,rl,True,56050,0.9032649420160571,0.894284925491238,14234,12575,0.8834480820570465,41816,4991,0.11935622728142338,,,SEA_A__s117__instance__severe,SEA_A,instance,severe,117.0,error_rule,adwin,0.01,5,4,complete
60000,57000,38950,7600,8,0.7228759170102421,False,3000,rl,True,56050,0.9057091882247993,0.8975888296213728,14234,9685,0.6804130954053674,41816,13501,0.3228668452267075,,,SEA_A__s117__instance__severe,SEA_A,instance,severe,117.0,error_rule,adwin,0.02,1,0,complete
60000,57000,29450,3800,4,0.7145990419958252,False,3000,rl,True,56050,0.9026404995539696,0.8927551705836483,14234,7332,0.5151046789377547,41816,20648,0.49378228429309357,,,SEA_A__s117__instance__severe,SEA_A,instance,severe,117.0,error_rule,adwin,0.02,5,4,complete
60000,57000,21850,2850,3,0.7231027910020202,False,3000,rl,True,56050,0.895735950044603,0.8860570093269633,14234,5317,0.3735422228467051,41816,26233,0.6273436005356802,,,SEA_A__s117__instance__severe,SEA_A,instance,severe,117.0,error_rule,adwin,0.05,5,4,complete
60000,57000,50350,2850,3,0.7316964170022402,False,3000,rl,True,56050,0.8984478144513827,0.8898064370722749,14234,12589,0.8844316425460166,41816,5005,0.1196910273579491,,,SEA_A__s117__instance__severe,SEA_A,instance,severe,117.0,selected_map,adwin,0.01,1,0,complete
60000,57000,27550,2850,3,0.7472428750043036,False,3000,rl,True,56050,0.9097234611953613,0.9017883628780359,14234,6629,0.46571589152732895,41816,21845,0.5224076908360437,,,SEA_A__s117__instance__severe,SEA_A,instance,severe,117.0,selected_map,adwin,0.05,1,0,complete
60000,57000,50350,2850,3,0.7600982089934405,False,3000,rl,True,56050,0.9032649420160571,0.894284925491238,14234,12575,0.8834480820570465,41816,4991,0.11935622728142338,,,SEA_A__s117__instance__severe,SEA_A,instance,severe,117.0,selected_map,adwin,0.01,5,4,complete
60000,57000,38950,7600,8,0.7067102500004694,False,3000,rl,True,56050,0.9057091882247993,0.8975888296213728,14234,9685,0.6804130954053674,41816,13501,0.3228668452267075,,,SEA_A__s117__instance__severe,SEA_A,instance,severe,117.0,selected_map,adwin,0.02,1,0,complete
60000,57000,29450,3800,4,0.7141401249973569,False,3000,rl,True,56050,0.9026404995539696,0.8927551705836483,14234,7332,0.5151046789377547,41816,20648,0.49378228429309357,,,SEA_A__s117__instance__severe,SEA_A,instance,severe,117.0,selected_map,adwin,0.02,5,4,complete
60000,57000,21850,2850,3,0.7244234580139164,False,3000,rl,True,56050,0.895735950044603,0.8860570093269633,14234,5317,0.3735422228467051,41816,26233,0.6273436005356802,,,SEA_A__s117__instance__severe,SEA_A,instance,severe,117.0,selected_map,adwin,0.05,5,4,complete
60000,57000,53200,0,0,0.890721499978099,False,3000,rl,True,56050,0.8944335414808207,0.884136919852482,14234,13285,0.9333286497119573,41816,2851,0.06817964415534723,,,SEA_A__s117__instance__severe,SEA_A,instance,severe,117.0,q_alarm_persistence_7,adwin,0.01,1,0,complete
60000,57000,36100,0,0,0.8396080829988932,False,3000,rl,True,56050,0.8945941123996431,0.8832695362813365,14234,8772,0.6162709006603906,41816,15438,0.3691888272431605,,,SEA_A__s117__instance__severe,SEA_A,instance,severe,117.0,q_alarm_persistence_7,adwin,0.05,1,0,complete
60000,57000,50350,0,0,0.887077124993084,False,3000,rl,True,56050,0.8904727921498662,0.8799407419508167,14234,12491,0.8775467191232261,41816,4907,0.117347426822269,,,SEA_A__s117__instance__severe,SEA_A,instance,severe,117.0,q_alarm_persistence_7,adwin,0.01,5,4,complete
60000,57000,51300,0,0,0.8702162909903564,False,3000,rl,True,56050,0.8930597680642284,0.8832303783901342,14234,12761,0.8965153856962204,41816,4227,0.10108570881959059,,,SEA_A__s117__instance__severe,SEA_A,instance,severe,117.0,q_alarm_persistence_7,adwin,0.02,1,0,complete
60000,57000,46550,0,0,0.8634287499880884,False,3000,rl,True,56050,0.8927564674397859,0.8818816614118572,14234,11573,0.8130532527750457,41816,7789,0.1862684140042089,,,SEA_A__s117__instance__severe,SEA_A,instance,severe,117.0,q_alarm_persistence_7,adwin,0.02,5,4,complete
60000,57000,46550,0,0,0.8757379169983324,False,3000,rl,True,56050,0.8895450490633363,0.8788900908069843,14234,11571,0.8129127441337642,41816,7787,0.1862205854218481,,,SEA_A__s117__instance__severe,SEA_A,instance,severe,117.0,q_alarm_persistence_7,adwin,0.05,5,4,complete
60000,57000,53200,0,0,0.8761972500069533,False,3000,rl,True,56050,0.8944335414808207,0.884136919852482,14234,13285,0.9333286497119573,41816,2851,0.06817964415534723,,,SEA_A__s117__instance__severe,SEA_A,instance,severe,117.0,q_alarm_persistence_17,adwin,0.01,1,0,complete
60000,57000,36100,0,0,0.8462700420059264,False,3000,rl,True,56050,0.8945941123996431,0.8832695362813365,14234,8772,0.6162709006603906,41816,15438,0.3691888272431605,,,SEA_A__s117__instance__severe,SEA_A,instance,severe,117.0,q_alarm_persistence_17,adwin,0.05,1,0,complete
60000,57000,50350,0,0,0.8620632910169661,False,3000,rl,True,56050,0.8904727921498662,0.8799407419508167,14234,12491,0.8775467191232261,41816,4907,0.117347426822269,,,SEA_A__s117__instance__severe,SEA_A,instance,severe,117.0,q_alarm_persistence_17,adwin,0.01,5,4,complete
60000,57000,51300,0,0,0.870006375014782,False,3000,rl,True,56050,0.8930597680642284,0.8832303783901342,14234,12761,0.8965153856962204,41816,4227,0.10108570881959059,,,SEA_A__s117__instance__severe,SEA_A,instance,severe,117.0,q_alarm_persistence_17,adwin,0.02,1,0,complete
60000,57000,46550,0,0,0.8707224579993635,False,3000,rl,True,56050,0.8927564674397859,0.8818816614118572,14234,11573,0.8130532527750457,41816,7789,0.1862684140042089,,,SEA_A__s117__instance__severe,SEA_A,instance,severe,117.0,q_alarm_persistence_17,adwin,0.02,5,4,complete
60000,57000,47500,42750,45,0.679981041001156,False,3000,rl,True,56050,0.9068510258697592,0.8992396752185576,14234,11794,0.8285794576366446,41816,7060,0.16883489573369045,,,SEA_A__s117__instance__severe,SEA_A,instance,severe,117.0,q_alarm_persistence_27,adwin,0.01,1,0,complete
60000,57000,46550,0,0,0.8813096250232775,False,3000,rl,True,56050,0.8895450490633363,0.8788900908069843,14234,11571,0.8129127441337642,41816,7787,0.1862205854218481,,,SEA_A__s117__instance__severe,SEA_A,instance,severe,117.0,q_alarm_persistence_17,adwin,0.05,5,4,complete
60000,57000,39900,34200,36,0.70298504200764,False,3000,rl,True,56050,0.9106690454950936,0.90305393838421,14234,9908,0.6960798089082478,41816,12774,0.3054811555385498,,,SEA_A__s117__instance__severe,SEA_A,instance,severe,117.0,q_alarm_persistence_27,adwin,0.05,1,0,complete
60000,57000,46550,41800,44,0.6811374580138363,False,3000,rl,True,56050,0.9073862622658341,0.8996150624182204,14234,11614,0.8159336799213152,41816,7830,0.1872488999426057,,,SEA_A__s117__instance__severe,SEA_A,instance,severe,117.0,q_alarm_persistence_27,adwin,0.01,5,4,complete
60000,57000,42750,38950,41,0.6899365409917664,False,3000,rl,True,56050,0.9093131132917038,0.9019237389500554,14234,10639,0.7474357172966137,41816,10655,0.2548067725272623,,,SEA_A__s117__instance__severe,SEA_A,instance,severe,117.0,q_alarm_persistence_27,adwin,0.02,1,0,complete
60000,57000,37050,32300,34,0.6953260410227813,False,3000,rl,True,56050,0.9092417484388938,0.9015284654529704,14234,9155,0.6431783054657861,41816,14871,0.3556294241438684,,,SEA_A__s117__instance__severe,SEA_A,instance,severe,117.0,q_alarm_persistence_27,adwin,0.02,5,4,complete
60000,57000,26600,21850,23,0.6999294580018613,False,3000,rl,True,56050,0.9053880463871543,0.8962758106729047,14234,6532,0.45890122242517917,41816,22698,0.5428065812129329,,,SEA_A__s117__instance__severe,SEA_A,instance,severe,117.0,q_alarm_persistence_27,adwin,0.05,5,4,complete
60000,57000,53200,0,0,0.8916995420004241,False,3000,none,True,56050,0.8944335414808207,0.884136919852482,14234,13285,0.9333286497119573,41816,2851,0.06817964415534723,,,SEA_A__s117__instance__severe,SEA_A,instance,severe,117.0,no_reset,hddm_w,0.01,1,0,complete
60000,57000,36100,0,0,0.8346146659896476,False,3000,none,True,56050,0.8945941123996431,0.8832695362813365,14234,8772,0.6162709006603906,41816,15438,0.3691888272431605,,,SEA_A__s117__instance__severe,SEA_A,instance,severe,117.0,no_reset,hddm_w,0.05,1,0,complete
60000,57000,50350,0,0,0.8681693329999689,False,3000,none,True,56050,0.8904727921498662,0.8799407419508167,14234,12491,0.8775467191232261,41816,4907,0.117347426822269,,,SEA_A__s117__instance__severe,SEA_A,instance,severe,117.0,no_reset,hddm_w,0.01,5,4,complete
60000,57000,51300,0,0,0.8662808749941178,False,3000,none,True,56050,0.8930597680642284,0.8832303783901342,14234,12761,0.8965153856962204,41816,4227,0.10108570881959059,,,SEA_A__s117__instance__severe,SEA_A,instance,severe,117.0,no_reset,hddm_w,0.02,1,0,complete
60000,57000,46550,0,0,0.8544452919741161,False,3000,none,True,56050,0.8927564674397859,0.8818816614118572,14234,11573,0.8130532527750457,41816,7789,0.1862684140042089,,,SEA_A__s117__instance__severe,SEA_A,instance,severe,117.0,no_reset,hddm_w,0.02,5,4,complete
60000,57000,46550,0,0,0.8816945000144187,False,3000,none,True,56050,0.8895450490633363,0.8788900908069843,14234,11571,0.8129127441337642,41816,7787,0.1862205854218481,,,SEA_A__s117__instance__severe,SEA_A,instance,severe,117.0,no_reset,hddm_w,0.05,5,4,complete
60000,58900,50350,2850,1,0.8807467919832561,True,3000,confirmed,True,56050,0.9012845673505798,0.89279485445528,14234,12072,0.8481101587747647,41816,6388,0.15276449206045534,,,SEA_A__s117__instance__severe,SEA_A,instance,severe,117.0,confirmed,hddm_w,0.01,1,0,complete
60000,62700,28500,8550,3,0.8550862499978393,True,3000,confirmed,True,56050,0.9047279214986619,0.8957242580464988,14234,5933,0.4168188843613882,41816,23999,0.5739190740386455,,,SEA_A__s117__instance__severe,SEA_A,instance,severe,117.0,confirmed,hddm_w,0.05,1,0,complete
60000,60800,52250,2850,1,0.8874906249984633,True,3000,confirmed,True,56050,0.8909545049063337,0.8810362528519327,14234,12528,0.8801461289869327,41816,4944,0.11823225559594414,,,SEA_A__s117__instance__severe,SEA_A,instance,severe,117.0,confirmed,hddm_w,0.01,5,4,complete
60000,62700,55100,8550,3,0.8569937080028467,False,3000,confirmed,True,56050,0.8989116859946477,0.8900432361003265,14234,12300,0.8641281438808487,41816,5666,0.13549837382819974,,,SEA_A__s117__instance__severe,SEA_A,instance,severe,117.0,confirmed,hddm_w,0.02,1,0,complete
60000,64600,46550,8550,3,0.8765989590028767,False,3000,confirmed,True,56050,0.8947011596788582,0.8837404369072752,14234,10654,0.7484895321062245,41816,10670,0.25516548689496843,,,SEA_A__s117__instance__severe,SEA_A,instance,severe,117.0,confirmed,hddm_w,0.02,5,4,complete
60000,57000,50350,2850,3,0.8022594579961151,False,3000,rl,True,56050,0.8984478144513827,0.8898064370722749,14234,12589,0.8844316425460166,41816,5005,0.1196910273579491,,,SEA_A__s117__instance__severe,SEA_A,instance,severe,117.0,error_rule,hddm_w,0.01,1,0,complete
60000,58900,44650,0,0,0.9625677090079989,True,3000,confirmed,True,56050,0.8869223907225692,0.875678857601077,14234,11104,0.7801039763945483,41816,9220,0.22048976468337478,,,SEA_A__s117__instance__severe,SEA_A,instance,severe,117.0,confirmed,hddm_w,0.05,5,4,complete
60000,57000,27550,2850,3,0.8124725410016254,False,3000,rl,True,56050,0.9097234611953613,0.9017883628780359,14234,6629,0.46571589152732895,41816,21845,0.5224076908360437,,,SEA_A__s117__instance__severe,SEA_A,instance,severe,117.0,error_rule,hddm_w,0.05,1,0,complete
60000,57000,50350,2850,3,0.823164875007933,False,3000,rl,True,56050,0.9032649420160571,0.894284925491238,14234,12575,0.8834480820570465,41816,4991,0.11935622728142338,,,SEA_A__s117__instance__severe,SEA_A,instance,severe,117.0,error_rule,hddm_w,0.01,5,4,complete
60000,57000,38950,7600,8,0.7847279580018949,False,3000,rl,True,56050,0.9057091882247993,0.8975888296213728,14234,9685,0.6804130954053674,41816,13501,0.3228668452267075,,,SEA_A__s117__instance__severe,SEA_A,instance,severe,117.0,error_rule,hddm_w,0.02,1,0,complete
60000,57000,29450,3800,4,0.793137625005329,False,3000,rl,True,56050,0.9026404995539696,0.8927551705836483,14234,7332,0.5151046789377547,41816,20648,0.49378228429309357,,,SEA_A__s117__instance__severe,SEA_A,instance,severe,117.0,error_rule,hddm_w,0.02,5,4,complete
60000,57000,48450,38000,40,0.7607307079888415,False,3000,rl,True,56050,0.9067975022301517,0.8991378500630189,14234,12054,0.8468455810032317,41816,6370,0.15233403481920796,,,SEA_A__s117__instance__severe,SEA_A,instance,severe,117.0,selected_map,hddm_w,0.01,1,0,complete
60000,57000,21850,2850,3,0.8039193339936901,False,3000,rl,True,56050,0.895735950044603,0.8860570093269633,14234,5317,0.3735422228467051,41816,26233,0.6273436005356802,,,SEA_A__s117__instance__severe,SEA_A,instance,severe,117.0,error_rule,hddm_w,0.05,5,4,complete
60000,57000,34200,20900,22,0.7811685420019785,False,3000,rl,True,56050,0.9161462979482605,0.908967446847456,14234,8397,0.5899255304201209,41816,16963,0.4056581212932849,,,SEA_A__s117__instance__severe,SEA_A,instance,severe,117.0,selected_map,hddm_w,0.05,1,0,complete
60000,57000,45600,32300,34,0.7736117079912219,False,3000,rl,True,56050,0.9092774308652989,0.9017387704988857,14234,11364,0.7983700997611353,41816,8530,0.20398890376889228,,,SEA_A__s117__instance__severe,SEA_A,instance,severe,117.0,selected_map,hddm_w,0.01,5,4,complete
60000,57000,44650,33250,35,0.7719792919815518,False,3000,rl,True,56050,0.912007136485281,0.9048039658127616,14234,11103,0.7800337220739075,41816,9219,0.22046585039219438,,,SEA_A__s117__instance__severe,SEA_A,instance,severe,117.0,selected_map,hddm_w,0.02,1,0,complete
60000,57000,35150,27550,29,0.7651332910172641,False,3000,rl,True,56050,0.9106333630686887,0.9031387955909281,14234,8699,0.611142335253618,41816,16315,0.3901616606083796,,,SEA_A__s117__instance__severe,SEA_A,instance,severe,117.0,selected_map,hddm_w,0.02,5,4,complete
60000,57000,27550,16150,17,0.7863165000162553,False,3000,rl,True,56050,0.9032827832292596,0.8935564600204267,14234,6738,0.47337361247716736,41816,21954,0.5250143485747083,,,SEA_A__s117__instance__severe,SEA_A,instance,severe,117.0,selected_map,hddm_w,0.05,5,4,complete
60000,57000,47500,1900,2,0.8416748750023544,False,3000,rl,True,56050,0.8983586083853702,0.8896365038815066,14234,11895,0.8356751440213573,41816,7161,0.1712502391429118,,,SEA_A__s117__instance__severe,SEA_A,instance,severe,117.0,q_alarm_persistence_7,hddm_w,0.01,1,0,complete
60000,57000,33250,1900,2,0.8296450419875327,False,3000,rl,True,56050,0.9088492417484388,0.9006710203337658,14234,8098,0.5689194885485457,41816,17614,0.4212263248517314,,,SEA_A__s117__instance__severe,SEA_A,instance,severe,117.0,q_alarm_persistence_7,hddm_w,0.05,1,0,complete
60000,57000,51300,1900,2,0.8435917079914361,False,3000,rl,True,56050,0.9023193577163247,0.893373578261172,14234,12782,0.8979907264296755,41816,4248,0.10158790893437919,,,SEA_A__s117__instance__severe,SEA_A,instance,severe,117.0,q_alarm_persistence_7,hddm_w,0.01,5,4,complete
60000,57000,43700,2850,3,0.8180852080113254,False,3000,rl,True,56050,0.9011953612845673,0.8923819814917265,14234,10890,0.7650695517774343,41816,9956,0.2380906829921561,,,SEA_A__s117__instance__severe,SEA_A,instance,severe,117.0,q_alarm_persistence_7,hddm_w,0.02,1,0,complete
60000,57000,44650,950,1,0.8781371249933727,False,3000,rl,True,56050,0.8949687778768957,0.8835190405501865,14234,11126,0.7816495714486441,41816,9242,0.22101587908934378,,,SEA_A__s117__instance__severe,SEA_A,instance,severe,117.0,q_alarm_persistence_7,hddm_w,0.02,5,4,complete
60000,57000,21850,1900,2,0.8079589999979362,False,3000,rl,True,56050,0.8953077609277431,0.8855186952152378,14234,5329,0.3743852746943937,41816,26245,0.6276305720298451,,,SEA_A__s117__instance__severe,SEA_A,instance,severe,117.0,q_alarm_persistence_7,hddm_w,0.05,5,4,complete
60000,57000,46550,41800,44,0.7623282089771237,False,3000,rl,True,56050,0.9073862622658341,0.8996150624182204,14234,11614,0.8159336799213152,41816,7830,0.1872488999426057,,,SEA_A__s117__instance__severe,SEA_A,instance,severe,117.0,q_alarm_persistence_17,hddm_w,0.01,5,4,complete
60000,57000,39900,34200,36,0.7835043340019183,False,3000,rl,True,56050,0.9106690454950936,0.90305393838421,14234,9908,0.6960798089082478,41816,12774,0.3054811555385498,,,SEA_A__s117__instance__severe,SEA_A,instance,severe,117.0,q_alarm_persistence_17,hddm_w,0.05,1,0,complete
60000,57000,47500,42750,45,0.7699374170042574,False,3000,rl,True,56050,0.9068510258697592,0.8992396752185576,14234,11794,0.8285794576366446,41816,7060,0.16883489573369045,,,SEA_A__s117__instance__severe,SEA_A,instance,severe,117.0,q_alarm_persistence_17,hddm_w,0.01,1,0,complete
60000,57000,42750,38950,41,0.7718514169973787,False,3000,rl,True,56050,0.9093131132917038,0.9019237389500554,14234,10639,0.7474357172966137,41816,10655,0.2548067725272623,,,SEA_A__s117__instance__severe,SEA_A,instance,severe,117.0,q_alarm_persistence_17,hddm_w,0.02,1,0,complete
60000,57000,37050,32300,34,0.765420208015712,False,3000,rl,True,56050,0.9092417484388938,0.9015284654529704,14234,9155,0.6431783054657861,41816,14871,0.3556294241438684,,,SEA_A__s117__instance__severe,SEA_A,instance,severe,117.0,q_alarm_persistence_17,hddm_w,0.02,5,4,complete
60000,57000,26600,21850,23,0.7746254579978995,False,3000,rl,True,56050,0.9053880463871543,0.8962758106729047,14234,6532,0.45890122242517917,41816,22698,0.5428065812129329,,,SEA_A__s117__instance__severe,SEA_A,instance,severe,117.0,q_alarm_persistence_17,hddm_w,0.05,5,4,complete
60000,57000,48450,35150,37,0.7704563750012312,False,3000,rl,True,56050,0.9071008028545942,0.8994457337396666,14234,12054,0.8468455810032317,41816,6370,0.15233403481920796,,,SEA_A__s117__instance__severe,SEA_A,instance,severe,117.0,q_alarm_persistence_27,hddm_w,0.01,1,0,complete
60000,57000,37050,19950,21,0.7801338749995921,False,3000,rl,True,56050,0.9143978590544157,0.9069392153850375,14234,9143,0.6423352536180975,41816,14859,0.3553424526497035,,,SEA_A__s117__instance__severe,SEA_A,instance,severe,117.0,q_alarm_persistence_27,hddm_w,0.05,1,0,complete
60000,57000,45600,30400,32,0.7753916250076145,False,3000,rl,True,56050,0.9091703835860838,0.9016963242359374,14234,11395,0.8005479837009976,41816,8561,0.204730246795485,,,SEA_A__s117__instance__severe,SEA_A,instance,severe,117.0,q_alarm_persistence_27,hddm_w,0.01,5,4,complete
60000,57000,44650,31350,33,0.7765810830169357,False,3000,rl,True,56050,0.912042818911686,0.9048223425435951,14234,11103,0.7800337220739075,41816,9219,0.22046585039219438,,,SEA_A__s117__instance__severe,SEA_A,instance,severe,117.0,q_alarm_persistence_27,hddm_w,0.02,1,0,complete
60000,57000,37050,25650,27,0.7628647089877632,False,3000,rl,True,56050,0.9116681534344335,0.9043486172894867,14234,9170,0.6442321202753969,41816,14886,0.3559881385115745,,,SEA_A__s117__instance__severe,SEA_A,instance,severe,117.0,q_alarm_persistence_27,hddm_w,0.02,5,4,complete
60000,57000,26600,15200,16,0.7890900420024991,False,3000,rl,True,56050,0.9053702051739518,0.8959560646361345,14234,6499,0.4565828298440354,41816,22665,0.5420174096039794,,,SEA_A__s117__instance__severe,SEA_A,instance,severe,117.0,q_alarm_persistence_27,hddm_w,0.05,5,4,complete
60000,57000,53200,0,0,0.9050586249795742,False,3000,none,True,56050,0.8944335414808207,0.884136919852482,14234,13285,0.9333286497119573,41816,2851,0.06817964415534723,,,SEA_A__s117__instance__severe,SEA_A,instance,severe,117.0,no_reset,hellinger,0.01,1,0,complete
60000,57000,36100,0,0,0.8396384170046076,False,3000,none,True,56050,0.8945941123996431,0.8832695362813365,14234,8772,0.6162709006603906,41816,15438,0.3691888272431605,,,SEA_A__s117__instance__severe,SEA_A,instance,severe,117.0,no_reset,hellinger,0.05,1,0,complete
60000,57000,50350,0,0,0.87055487500038,False,3000,none,True,56050,0.8904727921498662,0.8799407419508167,14234,12491,0.8775467191232261,41816,4907,0.117347426822269,,,SEA_A__s117__instance__severe,SEA_A,instance,severe,117.0,no_reset,hellinger,0.01,5,4,complete
60000,57000,51300,0,0,0.8706065420119558,False,3000,none,True,56050,0.8930597680642284,0.8832303783901342,14234,12761,0.8965153856962204,41816,4227,0.10108570881959059,,,SEA_A__s117__instance__severe,SEA_A,instance,severe,117.0,no_reset,hellinger,0.02,1,0,complete
60000,57000,46550,0,0,0.8686403330066241,False,3000,none,True,56050,0.8927564674397859,0.8818816614118572,14234,11573,0.8130532527750457,41816,7789,0.1862684140042089,,,SEA_A__s117__instance__severe,SEA_A,instance,severe,117.0,no_reset,hellinger,0.02,5,4,complete
60000,57000,46550,0,0,0.8853990830248222,False,3000,none,True,56050,0.8895450490633363,0.8788900908069843,14234,11571,0.8129127441337642,41816,7787,0.1862205854218481,,,SEA_A__s117__instance__severe,SEA_A,instance,severe,117.0,no_reset,hellinger,0.05,5,4,complete
60000,58900,54150,2850,1,0.8106409579922911,False,3000,confirmed,True,56050,0.8989295272078501,0.8900323151827387,14234,13028,0.9152732893072923,41816,3544,0.08475224794337095,,,SEA_A__s117__instance__severe,SEA_A,instance,severe,117.0,confirmed,hellinger,0.01,1,0,complete
60000,58900,32300,2850,1,0.7912053750042105,False,3000,confirmed,True,56050,0.9022123104371097,0.8930846947881803,14234,7381,0.51854714064915,41816,19747,0.47223550793954466,,,SEA_A__s117__instance__severe,SEA_A,instance,severe,117.0,confirmed,hellinger,0.05,1,0,complete
60000,58900,52250,2850,1,0.8431090000085533,False,3000,confirmed,True,56050,0.8981801962533452,0.887723784181023,14234,12541,0.8810594351552621,41816,4957,0.11854314138128946,,,SEA_A__s117__instance__severe,SEA_A,instance,severe,117.0,confirmed,hellinger,0.01,5,4,complete
60000,58900,51300,0,0,0.8824669579917099,False,3000,confirmed,True,56050,0.8921855486173059,0.8822478341117677,14234,12731,0.8944077560769987,41816,4197,0.10036828008417831,,,SEA_A__s117__instance__severe,SEA_A,instance,severe,117.0,confirmed,hellinger,0.02,1,0,complete
60000,58900,41800,2850,1,0.8284339999954682,False,3000,confirmed,True,56050,0.8946833184656556,0.8838147205221893,14234,10108,0.7101306730363918,41816,12024,0.28754543715324277,,,SEA_A__s117__instance__severe,SEA_A,instance,severe,117.0,confirmed,hellinger,0.02,5,4,complete
60000,58900,41800,2850,1,0.8226632909791078,False,3000,confirmed,True,56050,0.8876717216770741,0.8754836119945841,14234,9879,0.694042433609667,41816,12745,0.30478764109431794,,,SEA_A__s117__instance__severe,SEA_A,instance,severe,117.0,confirmed,hellinger,0.05,5,4,complete
60000,57000,50350,2850,3,0.7168680829927325,False,3000,rl,True,56050,0.8984478144513827,0.8898064370722749,14234,12589,0.8844316425460166,41816,5005,0.1196910273579491,,,SEA_A__s117__instance__severe,SEA_A,instance,severe,117.0,error_rule,hellinger,0.01,1,0,complete
60000,57000,27550,2850,3,0.748688374995254,False,3000,rl,True,56050,0.9097234611953613,0.9017883628780359,14234,6629,0.46571589152732895,41816,21845,0.5224076908360437,,,SEA_A__s117__instance__severe,SEA_A,instance,severe,117.0,error_rule,hellinger,0.05,1,0,complete
60000,57000,50350,2850,3,0.7588874999783002,False,3000,rl,True,56050,0.9032649420160571,0.894284925491238,14234,12575,0.8834480820570465,41816,4991,0.11935622728142338,,,SEA_A__s117__instance__severe,SEA_A,instance,severe,117.0,error_rule,hellinger,0.01,5,4,complete
60000,57000,38950,7600,8,0.7160246669955086,False,3000,rl,True,56050,0.9057091882247993,0.8975888296213728,14234,9685,0.6804130954053674,41816,13501,0.3228668452267075,,,SEA_A__s117__instance__severe,SEA_A,instance,severe,117.0,error_rule,hellinger,0.02,1,0,complete
60000,57000,29450,3800,4,0.7166792080097366,False,3000,rl,True,56050,0.9026404995539696,0.8927551705836483,14234,7332,0.5151046789377547,41816,20648,0.49378228429309357,,,SEA_A__s117__instance__severe,SEA_A,instance,severe,117.0,error_rule,hellinger,0.02,5,4,complete
60000,57000,21850,2850,3,0.7259267920162529,False,3000,rl,True,56050,0.895735950044603,0.8860570093269633,14234,5317,0.3735422228467051,41816,26233,0.6273436005356802,,,SEA_A__s117__instance__severe,SEA_A,instance,severe,117.0,error_rule,hellinger,0.05,5,4,complete
60000,57000,48450,3800,4,0.7261861659935676,False,3000,rl,True,56050,0.9006779661016949,0.8917400102294004,14234,12104,0.8503582970352677,41816,6420,0.15352974937822844,,,SEA_A__s117__instance__severe,SEA_A,instance,severe,117.0,selected_map,hellinger,0.01,1,0,complete
60000,57000,30400,4750,5,0.7486030000000028,False,3000,rl,True,56050,0.9175022301516503,0.9103416203891871,14234,7472,0.5249402838274554,41816,19838,0.47441170843696195,,,SEA_A__s117__instance__severe,SEA_A,instance,severe,117.0,selected_map,hellinger,0.05,1,0,complete
60000,57000,44650,4750,5,0.7239490830106661,False,3000,rl,True,56050,0.9041748438893845,0.8956399975918385,14234,11092,0.7792609245468596,41816,9208,0.22020279318920988,,,SEA_A__s117__instance__severe,SEA_A,instance,severe,117.0,selected_map,hellinger,0.01,5,4,complete
60000,57000,40850,7600,8,0.7213367499934975,False,3000,rl,True,56050,0.9104727921498662,0.9028039932215297,14234,10185,0.7155402557257271,41816,12101,0.2893868375741343,,,SEA_A__s117__instance__severe,SEA_A,instance,severe,117.0,selected_map,hellinger,0.02,1,0,complete
60000,57000,35150,7600,8,0.7017282919841819,False,3000,rl,True,56050,0.9055129348795719,0.8970365223582404,14234,8730,0.6133202191934805,41816,16346,0.39090300363497227,,,SEA_A__s117__instance__severe,SEA_A,instance,severe,117.0,selected_map,hellinger,0.02,5,4,complete
60000,57000,23750,5700,6,0.715729082992766,False,3000,rl,True,56050,0.9012310437109724,0.891792332382566,14234,5790,0.40677251650976537,41816,24806,0.5932179070212359,,,SEA_A__s117__instance__severe,SEA_A,instance,severe,117.0,selected_map,hellinger,0.05,5,4,complete
60000,57000,53200,0,0,0.8929862919903826,False,3000,rl,True,56050,0.8944335414808207,0.884136919852482,14234,13285,0.9333286497119573,41816,2851,0.06817964415534723,,,SEA_A__s117__instance__severe,SEA_A,instance,severe,117.0,q_alarm_persistence_7,hellinger,0.01,1,0,complete
60000,57000,36100,0,0,0.8411137090006378,False,3000,rl,True,56050,0.8945941123996431,0.8832695362813365,14234,8772,0.6162709006603906,41816,15438,0.3691888272431605,,,SEA_A__s117__instance__severe,SEA_A,instance,severe,117.0,q_alarm_persistence_7,hellinger,0.05,1,0,complete
60000,57000,50350,0,0,0.8667001250141766,False,3000,rl,True,56050,0.8904727921498662,0.8799407419508167,14234,12491,0.8775467191232261,41816,4907,0.117347426822269,,,SEA_A__s117__instance__severe,SEA_A,instance,severe,117.0,q_alarm_persistence_7,hellinger,0.01,5,4,complete
60000,57000,51300,0,0,0.8646291670156643,False,3000,rl,True,56050,0.8930597680642284,0.8832303783901342,14234,12761,0.8965153856962204,41816,4227,0.10108570881959059,,,SEA_A__s117__instance__severe,SEA_A,instance,severe,117.0,q_alarm_persistence_7,hellinger,0.02,1,0,complete
60000,57000,46550,0,0,0.8616190830070991,False,3000,rl,True,56050,0.8927564674397859,0.8818816614118572,14234,11573,0.8130532527750457,41816,7789,0.1862684140042089,,,SEA_A__s117__instance__severe,SEA_A,instance,severe,117.0,q_alarm_persistence_7,hellinger,0.02,5,4,complete
60000,57000,47500,42750,45,0.679296542017255,False,3000,rl,True,56050,0.9068510258697592,0.8992396752185576,14234,11794,0.8285794576366446,41816,7060,0.16883489573369045,,,SEA_A__s117__instance__severe,SEA_A,instance,severe,117.0,q_alarm_persistence_17,hellinger,0.01,1,0,complete
60000,57000,46550,0,0,0.8849685419991147,False,3000,rl,True,56050,0.8895450490633363,0.8788900908069843,14234,11571,0.8129127441337642,41816,7787,0.1862205854218481,,,SEA_A__s117__instance__severe,SEA_A,instance,severe,117.0,q_alarm_persistence_7,hellinger,0.05,5,4,complete
60000,57000,39900,34200,36,0.702191791991936,False,3000,rl,True,56050,0.9106690454950936,0.90305393838421,14234,9908,0.6960798089082478,41816,12774,0.3054811555385498,,,SEA_A__s117__instance__severe,SEA_A,instance,severe,117.0,q_alarm_persistence_17,hellinger,0.05,1,0,complete
60000,57000,46550,41800,44,0.669690124981571,False,3000,rl,True,56050,0.9073862622658341,0.8996150624182204,14234,11614,0.8159336799213152,41816,7830,0.1872488999426057,,,SEA_A__s117__instance__severe,SEA_A,instance,severe,117.0,q_alarm_persistence_17,hellinger,0.01,5,4,complete
60000,57000,42750,38950,41,0.6852239579893649,False,3000,rl,True,56050,0.9093131132917038,0.9019237389500554,14234,10639,0.7474357172966137,41816,10655,0.2548067725272623,,,SEA_A__s117__instance__severe,SEA_A,instance,severe,117.0,q_alarm_persistence_17,hellinger,0.02,1,0,complete
60000,57000,37050,32300,34,0.6950135419901926,False,3000,rl,True,56050,0.9092417484388938,0.9015284654529704,14234,9155,0.6431783054657861,41816,14871,0.3556294241438684,,,SEA_A__s117__instance__severe,SEA_A,instance,severe,117.0,q_alarm_persistence_17,hellinger,0.02,5,4,complete
60000,57000,26600,21850,23,0.705993582989322,False,3000,rl,True,56050,0.9053880463871543,0.8962758106729047,14234,6532,0.45890122242517917,41816,22698,0.5428065812129329,,,SEA_A__s117__instance__severe,SEA_A,instance,severe,117.0,q_alarm_persistence_17,hellinger,0.05,5,4,complete
60000,57000,47500,42750,45,0.6767246669915039,False,3000,rl,True,56050,0.9068510258697592,0.8992396752185576,14234,11794,0.8285794576366446,41816,7060,0.16883489573369045,,,SEA_A__s117__instance__severe,SEA_A,instance,severe,117.0,q_alarm_persistence_27,hellinger,0.01,1,0,complete
60000,57000,39900,34200,36,0.701118166995002,False,3000,rl,True,56050,0.9106690454950936,0.90305393838421,14234,9908,0.6960798089082478,41816,12774,0.3054811555385498,,,SEA_A__s117__instance__severe,SEA_A,instance,severe,117.0,q_alarm_persistence_27,hellinger,0.05,1,0,complete
60000,57000,46550,41800,44,0.6846972919884138,False,3000,rl,True,56050,0.9073862622658341,0.8996150624182204,14234,11614,0.8159336799213152,41816,7830,0.1872488999426057,,,SEA_A__s117__instance__severe,SEA_A,instance,severe,117.0,q_alarm_persistence_27,hellinger,0.01,5,4,complete
60000,57000,42750,38950,41,0.6863335839880165,False,3000,rl,True,56050,0.9093131132917038,0.9019237389500554,14234,10639,0.7474357172966137,41816,10655,0.2548067725272623,,,SEA_A__s117__instance__severe,SEA_A,instance,severe,117.0,q_alarm_persistence_27,hellinger,0.02,1,0,complete
60000,57000,37050,32300,34,0.6888147919962648,False,3000,rl,True,56050,0.9092417484388938,0.9015284654529704,14234,9155,0.6431783054657861,41816,14871,0.3556294241438684,,,SEA_A__s117__instance__severe,SEA_A,instance,severe,117.0,q_alarm_persistence_27,hellinger,0.02,5,4,complete
60000,57000,26600,20900,22,0.6927813749935012,False,3000,rl,True,56050,0.9058519179304193,0.896695524732122,14234,6550,0.4601658001967121,41816,22716,0.5432370384541803,,,SEA_A__s117__instance__severe,SEA_A,instance,severe,117.0,q_alarm_persistence_27,hellinger,0.05,5,4,complete
60000,57000,53200,0,0,0.8885159170022234,False,3000,none,True,56050,0.8944335414808207,0.884136919852482,14234,13285,0.9333286497119573,41816,2851,0.06817964415534723,,,SEA_A__s117__instance__severe,SEA_A,instance,severe,117.0,no_reset,d3_oof,0.01,1,0,complete
60000,57000,36100,0,0,0.8327155000006314,False,3000,none,True,56050,0.8945941123996431,0.8832695362813365,14234,8772,0.6162709006603906,41816,15438,0.3691888272431605,,,SEA_A__s117__instance__severe,SEA_A,instance,severe,117.0,no_reset,d3_oof,0.05,1,0,complete
60000,57000,50350,0,0,0.8625107909901999,False,3000,none,True,56050,0.8904727921498662,0.8799407419508167,14234,12491,0.8775467191232261,41816,4907,0.117347426822269,,,SEA_A__s117__instance__severe,SEA_A,instance,severe,117.0,no_reset,d3_oof,0.01,5,4,complete
60000,57000,51300,0,0,0.864397208992159,False,3000,none,True,56050,0.8930597680642284,0.8832303783901342,14234,12761,0.8965153856962204,41816,4227,0.10108570881959059,,,SEA_A__s117__instance__severe,SEA_A,instance,severe,117.0,no_reset,d3_oof,0.02,1,0,complete
60000,57000,46550,0,0,0.8487880000029691,False,3000,none,True,56050,0.8927564674397859,0.8818816614118572,14234,11573,0.8130532527750457,41816,7789,0.1862684140042089,,,SEA_A__s117__instance__severe,SEA_A,instance,severe,117.0,no_reset,d3_oof,0.02,5,4,complete
60000,57000,46550,0,0,0.8806955000036396,False,3000,none,True,56050,0.8895450490633363,0.8788900908069843,14234,11571,0.8129127441337642,41816,7787,0.1862205854218481,,,SEA_A__s117__instance__severe,SEA_A,instance,severe,117.0,no_reset,d3_oof,0.05,5,4,complete
60000,57000,53200,0,0,0.9982223749975674,False,3000,confirmed,True,56050,0.8944335414808207,0.884136919852482,14234,13285,0.9333286497119573,41816,2851,0.06817964415534723,,,SEA_A__s117__instance__severe,SEA_A,instance,severe,117.0,confirmed,d3_oof,0.01,1,0,complete
60000,57000,36100,0,0,0.944896000000881,False,3000,confirmed,True,56050,0.8945941123996431,0.8832695362813365,14234,8772,0.6162709006603906,41816,15438,0.3691888272431605,,,SEA_A__s117__instance__severe,SEA_A,instance,severe,117.0,confirmed,d3_oof,0.05,1,0,complete
60000,57000,50350,0,0,0.978207249980187,False,3000,confirmed,True,56050,0.8904727921498662,0.8799407419508167,14234,12491,0.8775467191232261,41816,4907,0.117347426822269,,,SEA_A__s117__instance__severe,SEA_A,instance,severe,117.0,confirmed,d3_oof,0.01,5,4,complete
60000,57000,51300,0,0,0.9663964169740211,False,3000,confirmed,True,56050,0.8930597680642284,0.8832303783901342,14234,12761,0.8965153856962204,41816,4227,0.10108570881959059,,,SEA_A__s117__instance__severe,SEA_A,instance,severe,117.0,confirmed,d3_oof,0.02,1,0,complete
60000,57000,46550,0,0,0.9728096250037197,False,3000,confirmed,True,56050,0.8927564674397859,0.8818816614118572,14234,11573,0.8130532527750457,41816,7789,0.1862684140042089,,,SEA_A__s117__instance__severe,SEA_A,instance,severe,117.0,confirmed,d3_oof,0.02,5,4,complete
60000,57000,50350,2850,3,0.7975460419838782,False,3000,rl,True,56050,0.8984478144513827,0.8898064370722749,14234,12589,0.8844316425460166,41816,5005,0.1196910273579491,,,SEA_A__s117__instance__severe,SEA_A,instance,severe,117.0,error_rule,d3_oof,0.01,1,0,complete
60000,57000,46550,0,0,1.0148615420039278,False,3000,confirmed,True,56050,0.8895450490633363,0.8788900908069843,14234,11571,0.8129127441337642,41816,7787,0.1862205854218481,,,SEA_A__s117__instance__severe,SEA_A,instance,severe,117.0,confirmed,d3_oof,0.05,5,4,complete
60000,57000,27550,2850,3,0.8205212920001941,False,3000,rl,True,56050,0.9097234611953613,0.9017883628780359,14234,6629,0.46571589152732895,41816,21845,0.5224076908360437,,,SEA_A__s117__instance__severe,SEA_A,instance,severe,117.0,error_rule,d3_oof,0.05,1,0,complete
60000,57000,50350,2850,3,0.8180734160123393,False,3000,rl,True,56050,0.9032649420160571,0.894284925491238,14234,12575,0.8834480820570465,41816,4991,0.11935622728142338,,,SEA_A__s117__instance__severe,SEA_A,instance,severe,117.0,error_rule,d3_oof,0.01,5,4,complete
60000,57000,38950,7600,8,0.7511195410043001,False,3000,rl,True,56050,0.9057091882247993,0.8975888296213728,14234,9685,0.6804130954053674,41816,13501,0.3228668452267075,,,SEA_A__s117__instance__severe,SEA_A,instance,severe,117.0,error_rule,d3_oof,0.02,1,0,complete
60000,57000,29450,3800,4,0.7790045829897281,False,3000,rl,True,56050,0.9026404995539696,0.8927551705836483,14234,7332,0.5151046789377547,41816,20648,0.49378228429309357,,,SEA_A__s117__instance__severe,SEA_A,instance,severe,117.0,error_rule,d3_oof,0.02,5,4,complete
60000,57000,21850,2850,3,0.7915099159872625,False,3000,rl,True,56050,0.895735950044603,0.8860570093269633,14234,5317,0.3735422228467051,41816,26233,0.6273436005356802,,,SEA_A__s117__instance__severe,SEA_A,instance,severe,117.0,error_rule,d3_oof,0.05,5,4,complete
60000,57000,50350,2850,3,0.7946425419941079,False,3000,rl,True,56050,0.8984478144513827,0.8898064370722749,14234,12589,0.8844316425460166,41816,5005,0.1196910273579491,,,SEA_A__s117__instance__severe,SEA_A,instance,severe,117.0,selected_map,d3_oof,0.01,1,0,complete
60000,57000,27550,2850,3,0.8173287919926224,False,3000,rl,True,56050,0.9097234611953613,0.9017883628780359,14234,6629,0.46571589152732895,41816,21845,0.5224076908360437,,,SEA_A__s117__instance__severe,SEA_A,instance,severe,117.0,selected_map,d3_oof,0.05,1,0,complete
60000,57000,50350,2850,3,0.8308412090118509,False,3000,rl,True,56050,0.9032649420160571,0.894284925491238,14234,12575,0.8834480820570465,41816,4991,0.11935622728142338,,,SEA_A__s117__instance__severe,SEA_A,instance,severe,117.0,selected_map,d3_oof,0.01,5,4,complete
60000,57000,38950,7600,8,0.7535859579802491,False,3000,rl,True,56050,0.9057091882247993,0.8975888296213728,14234,9685,0.6804130954053674,41816,13501,0.3228668452267075,,,SEA_A__s117__instance__severe,SEA_A,instance,severe,117.0,selected_map,d3_oof,0.02,1,0,complete
60000,57000,29450,3800,4,0.7774550830072258,False,3000,rl,True,56050,0.9026404995539696,0.8927551705836483,14234,7332,0.5151046789377547,41816,20648,0.49378228429309357,,,SEA_A__s117__instance__severe,SEA_A,instance,severe,117.0,selected_map,d3_oof,0.02,5,4,complete
60000,57000,21850,2850,3,0.7805197079724167,False,3000,rl,True,56050,0.895735950044603,0.8860570093269633,14234,5317,0.3735422228467051,41816,26233,0.6273436005356802,,,SEA_A__s117__instance__severe,SEA_A,instance,severe,117.0,selected_map,d3_oof,0.05,5,4,complete
60000,57000,53200,0,0,0.9960647089756094,False,3000,rl,True,56050,0.8944335414808207,0.884136919852482,14234,13285,0.9333286497119573,41816,2851,0.06817964415534723,,,SEA_A__s117__instance__severe,SEA_A,instance,severe,117.0,q_alarm_persistence_7,d3_oof,0.01,1,0,complete
60000,57000,36100,0,0,0.9459766249929089,False,3000,rl,True,56050,0.8945941123996431,0.8832695362813365,14234,8772,0.6162709006603906,41816,15438,0.3691888272431605,,,SEA_A__s117__instance__severe,SEA_A,instance,severe,117.0,q_alarm_persistence_7,d3_oof,0.05,1,0,complete
60000,57000,50350,0,0,0.9761947500228416,False,3000,rl,True,56050,0.8904727921498662,0.8799407419508167,14234,12491,0.8775467191232261,41816,4907,0.117347426822269,,,SEA_A__s117__instance__severe,SEA_A,instance,severe,117.0,q_alarm_persistence_7,d3_oof,0.01,5,4,complete
60000,57000,51300,0,0,0.9721050410007592,False,3000,rl,True,56050,0.8930597680642284,0.8832303783901342,14234,12761,0.8965153856962204,41816,4227,0.10108570881959059,,,SEA_A__s117__instance__severe,SEA_A,instance,severe,117.0,q_alarm_persistence_7,d3_oof,0.02,1,0,complete
60000,57000,46550,0,0,0.9575161669927184,False,3000,rl,True,56050,0.8927564674397859,0.8818816614118572,14234,11573,0.8130532527750457,41816,7789,0.1862684140042089,,,SEA_A__s117__instance__severe,SEA_A,instance,severe,117.0,q_alarm_persistence_7,d3_oof,0.02,5,4,complete
60000,57000,46550,0,0,1.0055753749911673,False,3000,rl,True,56050,0.8895450490633363,0.8788900908069843,14234,11571,0.8129127441337642,41816,7787,0.1862205854218481,,,SEA_A__s117__instance__severe,SEA_A,instance,severe,117.0,q_alarm_persistence_7,d3_oof,0.05,5,4,complete
60000,57000,53200,0,0,0.9886473749938887,False,3000,rl,True,56050,0.8944335414808207,0.884136919852482,14234,13285,0.9333286497119573,41816,2851,0.06817964415534723,,,SEA_A__s117__instance__severe,SEA_A,instance,severe,117.0,q_alarm_persistence_17,d3_oof,0.01,1,0,complete
60000,57000,36100,0,0,0.9477412080013892,False,3000,rl,True,56050,0.8945941123996431,0.8832695362813365,14234,8772,0.6162709006603906,41816,15438,0.3691888272431605,,,SEA_A__s117__instance__severe,SEA_A,instance,severe,117.0,q_alarm_persistence_17,d3_oof,0.05,1,0,complete
60000,57000,50350,0,0,0.9669153339928016,False,3000,rl,True,56050,0.8904727921498662,0.8799407419508167,14234,12491,0.8775467191232261,41816,4907,0.117347426822269,,,SEA_A__s117__instance__severe,SEA_A,instance,severe,117.0,q_alarm_persistence_17,d3_oof,0.01,5,4,complete
60000,57000,51300,0,0,0.9623903339961544,False,3000,rl,True,56050,0.8930597680642284,0.8832303783901342,14234,12761,0.8965153856962204,41816,4227,0.10108570881959059,,,SEA_A__s117__instance__severe,SEA_A,instance,severe,117.0,q_alarm_persistence_17,d3_oof,0.02,1,0,complete
60000,57000,46550,0,0,0.9596902499906719,False,3000,rl,True,56050,0.8927564674397859,0.8818816614118572,14234,11573,0.8130532527750457,41816,7789,0.1862684140042089,,,SEA_A__s117__instance__severe,SEA_A,instance,severe,117.0,q_alarm_persistence_17,d3_oof,0.02,5,4,complete
60000,57000,47500,42750,45,0.6621506669907831,False,3000,rl,True,56050,0.9068510258697592,0.8992396752185576,14234,11794,0.8285794576366446,41816,7060,0.16883489573369045,,,SEA_A__s117__instance__severe,SEA_A,instance,severe,117.0,q_alarm_persistence_27,d3_oof,0.01,1,0,complete
60000,57000,46550,41800,44,0.65525345900096,False,3000,rl,True,56050,0.9073862622658341,0.8996150624182204,14234,11614,0.8159336799213152,41816,7830,0.1872488999426057,,,SEA_A__s117__instance__severe,SEA_A,instance,severe,117.0,q_alarm_persistence_27,d3_oof,0.01,5,4,complete
60000,57000,39900,34200,36,0.691304374995525,False,3000,rl,True,56050,0.9106690454950936,0.90305393838421,14234,9908,0.6960798089082478,41816,12774,0.3054811555385498,,,SEA_A__s117__instance__severe,SEA_A,instance,severe,117.0,q_alarm_persistence_27,d3_oof,0.05,1,0,complete
60000,57000,46550,0,0,0.9826309159980156,False,3000,rl,True,56050,0.8895450490633363,0.8788900908069843,14234,11571,0.8129127441337642,41816,7787,0.1862205854218481,,,SEA_A__s117__instance__severe,SEA_A,instance,severe,117.0,q_alarm_persistence_17,d3_oof,0.05,5,4,complete
60000,57000,42750,38950,41,0.6728098750172649,False,3000,rl,True,56050,0.9093131132917038,0.9019237389500554,14234,10639,0.7474357172966137,41816,10655,0.2548067725272623,,,SEA_A__s117__instance__severe,SEA_A,instance,severe,117.0,q_alarm_persistence_27,d3_oof,0.02,1,0,complete
60000,57000,37050,32300,34,0.6800361250061542,False,3000,rl,True,56050,0.9092417484388938,0.9015284654529704,14234,9155,0.6431783054657861,41816,14871,0.3556294241438684,,,SEA_A__s117__instance__severe,SEA_A,instance,severe,117.0,q_alarm_persistence_27,d3_oof,0.02,5,4,complete
60000,57000,26600,21850,23,0.6953896249760874,False,3000,rl,True,56050,0.9053880463871543,0.8962758106729047,14234,6532,0.45890122242517917,41816,22698,0.5428065812129329,,,SEA_A__s117__instance__severe,SEA_A,instance,severe,117.0,q_alarm_persistence_27,d3_oof,0.05,5,4,complete
60000,57000,50350,0,0,2.8503466669935733,False,3000,none,True,56050,0.5623728813559322,0.5575391369875846,0,0,,56050,6650,0.11864406779661017,,,RBF_I__s115__clean__none,RBF_I,clean,none,115.0,no_reset,adwin,0.01,1,0,complete
60000,57000,46550,0,0,3.088423042005161,False,3000,none,True,56050,0.5694736842105264,0.5657780650090587,0,0,,56050,10450,0.1864406779661017,,,RBF_I__s115__clean__none,RBF_I,clean,none,115.0,no_reset,adwin,0.05,1,0,complete
60000,57000,41800,0,0,2.8232460409926716,False,3000,none,True,56050,0.5774665477252453,0.5756326896897679,0,0,,56050,15200,0.2711864406779661,,,RBF_I__s115__clean__none,RBF_I,clean,none,115.0,no_reset,adwin,0.01,5,4,complete
60000,57000,40850,0,0,2.79702470797929,False,3000,none,True,56050,0.5895628902765389,0.5863496939386209,0,0,,56050,16150,0.288135593220339,,,RBF_I__s115__clean__none,RBF_I,clean,none,115.0,no_reset,adwin,0.02,5,4,complete
60000,57000,47500,0,0,2.9232343330222648,False,3000,none,True,56050,0.5640677966101695,0.5606228061531493,0,0,,56050,9500,0.1694915254237288,,,RBF_I__s115__clean__none,RBF_I,clean,none,115.0,no_reset,adwin,0.02,1,0,complete
60000,57000,41800,0,0,2.8937302919803187,False,3000,none,True,56050,0.5251739518287244,0.5215295103902161,0,0,,56050,15200,0.2711864406779661,,,RBF_I__s115__clean__none,RBF_I,clean,none,115.0,no_reset,adwin,0.05,5,4,complete
60000,64600,52250,8550,3,2.762479541997891,False,3000,confirmed,True,56050,0.5623193577163247,0.5549271976741277,0,0,,56050,8550,0.15254237288135594,,,RBF_I__s115__clean__none,RBF_I,clean,none,115.0,confirmed,adwin,0.01,1,0,complete
60000,62700,47500,8550,3,2.7622217500029365,True,3000,confirmed,True,56050,0.5564317573595005,0.5486748741386835,0,0,,56050,12350,0.22033898305084745,,,RBF_I__s115__clean__none,RBF_I,clean,none,115.0,confirmed,adwin,0.05,1,0,complete
60000,62700,46550,5700,2,2.729739292000886,False,3000,confirmed,True,56050,0.5705263157894737,0.5653322500287888,0,0,,56050,14250,0.2542372881355932,,,RBF_I__s115__clean__none,RBF_I,clean,none,115.0,confirmed,adwin,0.01,5,4,complete
60000,62700,50350,5700,2,2.828729333996307,False,3000,confirmed,True,56050,0.5846922390722569,0.579914259397834,0,0,,56050,10450,0.1864406779661017,,,RBF_I__s115__clean__none,RBF_I,clean,none,115.0,confirmed,adwin,0.02,1,0,complete
60000,62700,51300,8550,3,2.774667874997249,True,3000,confirmed,True,56050,0.5616592328278323,0.5546039579735781,0,0,,56050,8550,0.15254237288135594,,,RBF_I__s115__clean__none,RBF_I,clean,none,115.0,confirmed,adwin,0.02,5,4,complete
60000,57000,47500,13300,14,2.4718524159980007,False,3000,rl,True,56050,0.5794112399643175,0.5727550398841634,0,0,,56050,9500,0.1694915254237288,,,RBF_I__s115__clean__none,RBF_I,clean,none,115.0,error_rule,adwin,0.01,1,0,complete
60000,57000,40850,7600,8,2.5401056249975227,False,3000,rl,True,56050,0.5752542372881356,0.5701526843928802,0,0,,56050,16150,0.288135593220339,,,RBF_I__s115__clean__none,RBF_I,clean,none,115.0,error_rule,adwin,0.01,5,4,complete
60000,57000,37050,9500,10,2.5944682080007624,False,3000,rl,True,56050,0.5737020517395183,0.5672661622154667,0,0,,56050,19950,0.3559322033898305,,,RBF_I__s115__clean__none,RBF_I,clean,none,115.0,error_rule,adwin,0.05,1,0,complete
60000,64600,46550,2850,1,2.9889652080019005,False,3000,confirmed,True,56050,0.5719892952720785,0.5686635020087358,0,0,,56050,12350,0.22033898305084745,,,RBF_I__s115__clean__none,RBF_I,clean,none,115.0,confirmed,adwin,0.05,5,4,complete
60000,57000,35150,8550,9,2.498123500001384,False,3000,rl,True,56050,0.5718822479928635,0.5668520991989521,0,0,,56050,21850,0.3898305084745763,,,RBF_I__s115__clean__none,RBF_I,clean,none,115.0,error_rule,adwin,0.02,5,4,complete
60000,57000,44650,13300,14,2.5706357499875594,False,3000,rl,True,56050,0.5780731489741302,0.5714854380613216,0,0,,56050,12350,0.22033898305084745,,,RBF_I__s115__clean__none,RBF_I,clean,none,115.0,error_rule,adwin,0.02,1,0,complete
60000,57000,33250,6650,7,2.6004493329965044,False,3000,rl,True,56050,0.56014272970562,0.555530192502585,0,0,,56050,23750,0.423728813559322,,,RBF_I__s115__clean__none,RBF_I,clean,none,115.0,error_rule,adwin,0.05,5,4,complete
60000,57000,50350,0,0,2.880991583020659,False,3000,rl,True,56050,0.5623728813559322,0.5575391369875846,0,0,,56050,6650,0.11864406779661017,,,RBF_I__s115__clean__none,RBF_I,clean,none,115.0,selected_map,adwin,0.01,1,0,complete
60000,57000,46550,0,0,3.0765977499977453,False,3000,rl,True,56050,0.5694736842105264,0.5657780650090587,0,0,,56050,10450,0.1864406779661017,,,RBF_I__s115__clean__none,RBF_I,clean,none,115.0,selected_map,adwin,0.05,1,0,complete
60000,57000,41800,0,0,2.7793552910152357,False,3000,rl,True,56050,0.5774665477252453,0.5756326896897679,0,0,,56050,15200,0.2711864406779661,,,RBF_I__s115__clean__none,RBF_I,clean,none,115.0,selected_map,adwin,0.01,5,4,complete
60000,57000,47500,0,0,2.9508382079948206,False,3000,rl,True,56050,0.5640677966101695,0.5606228061531493,0,0,,56050,9500,0.1694915254237288,,,RBF_I__s115__clean__none,RBF_I,clean,none,115.0,selected_map,adwin,0.02,1,0,complete
60000,57000,40850,0,0,2.8753809169866145,False,3000,rl,True,56050,0.5895628902765389,0.5863496939386209,0,0,,56050,16150,0.288135593220339,,,RBF_I__s115__clean__none,RBF_I,clean,none,115.0,selected_map,adwin,0.02,5,4,complete
60000,57000,41800,0,0,2.8897399160196073,False,3000,rl,True,56050,0.5251739518287244,0.5215295103902161,0,0,,56050,15200,0.2711864406779661,,,RBF_I__s115__clean__none,RBF_I,clean,none,115.0,selected_map,adwin,0.05,5,4,complete
60000,57000,39900,25650,27,2.416349541017553,False,3000,rl,True,56050,0.5747546833184657,0.5698212004866369,0,0,,56050,17100,0.3050847457627119,,,RBF_I__s115__clean__none,RBF_I,clean,none,115.0,q_alarm_persistence_7,adwin,0.01,1,0,complete
60000,57000,32300,18050,19,2.5038172920030775,False,3000,rl,True,56050,0.5803746654772525,0.5749806286029191,0,0,,56050,24700,0.4406779661016949,,,RBF_I__s115__clean__none,RBF_I,clean,none,115.0,q_alarm_persistence_7,adwin,0.05,1,0,complete
60000,57000,38000,26600,28,2.4770394589868374,False,3000,rl,True,56050,0.5616592328278323,0.5571221545301044,0,0,,56050,19000,0.3389830508474576,,,RBF_I__s115__clean__none,RBF_I,clean,none,115.0,q_alarm_persistence_7,adwin,0.01,5,4,complete
60000,57000,32300,16150,17,2.5025248329911847,False,3000,rl,True,56050,0.5669937555753791,0.5624014968000766,0,0,,56050,24700,0.4406779661016949,,,RBF_I__s115__clean__none,RBF_I,clean,none,115.0,q_alarm_persistence_7,adwin,0.02,1,0,complete
60000,57000,36100,23750,25,2.5020197910198476,False,3000,rl,True,56050,0.5589116859946477,0.554587958008774,0,0,,56050,20900,0.3728813559322034,,,RBF_I__s115__clean__none,RBF_I,clean,none,115.0,q_alarm_persistence_7,adwin,0.02,5,4,complete
60000,57000,26600,19000,20,2.4921752919908613,False,3000,rl,True,56050,0.5605709188224799,0.5560442625614015,0,0,,56050,30400,0.5423728813559322,,,RBF_I__s115__clean__none,RBF_I,clean,none,115.0,q_alarm_persistence_7,adwin,0.05,5,4,complete
60000,57000,46550,11400,12,2.5509216250211466,False,3000,rl,True,56050,0.5805709188224799,0.5739636606648394,0,0,,56050,10450,0.1864406779661017,,,RBF_I__s115__clean__none,RBF_I,clean,none,115.0,q_alarm_persistence_17,adwin,0.01,1,0,complete
60000,57000,38950,8550,9,2.6157616669952404,False,3000,rl,True,56050,0.5758965209634255,0.5696791274095765,0,0,,56050,18050,0.3220338983050847,,,RBF_I__s115__clean__none,RBF_I,clean,none,115.0,q_alarm_persistence_17,adwin,0.05,1,0,complete
60000,57000,40850,6650,7,2.536619291000534,False,3000,rl,True,56050,0.5722747546833185,0.5668845700608329,0,0,,56050,16150,0.288135593220339,,,RBF_I__s115__clean__none,RBF_I,clean,none,115.0,q_alarm_persistence_17,adwin,0.01,5,4,complete
60000,57000,44650,12350,13,2.569981375010684,False,3000,rl,True,56050,0.5784299732381802,0.5717898110676797,0,0,,56050,12350,0.22033898305084745,,,RBF_I__s115__clean__none,RBF_I,clean,none,115.0,q_alarm_persistence_17,adwin,0.02,1,0,complete
60000,57000,35150,7600,8,2.4961655420192983,False,3000,rl,True,56050,0.5737734165923283,0.5689291642056189,0,0,,56050,21850,0.3898305084745763,,,RBF_I__s115__clean__none,RBF_I,clean,none,115.0,q_alarm_persistence_17,adwin,0.02,5,4,complete
60000,57000,29450,5700,6,2.6258950420015026,False,3000,rl,True,56050,0.5504549509366637,0.5459274754349299,0,0,,56050,27550,0.4915254237288136,,,RBF_I__s115__clean__none,RBF_I,clean,none,115.0,q_alarm_persistence_17,adwin,0.05,5,4,complete
60000,57000,50350,0,0,2.884828624984948,False,3000,rl,True,56050,0.5623728813559322,0.5575391369875846,0,0,,56050,6650,0.11864406779661017,,,RBF_I__s115__clean__none,RBF_I,clean,none,115.0,q_alarm_persistence_27,adwin,0.01,1,0,complete
60000,57000,46550,0,0,3.043753707999713,False,3000,rl,True,56050,0.5694736842105264,0.5657780650090587,0,0,,56050,10450,0.1864406779661017,,,RBF_I__s115__clean__none,RBF_I,clean,none,115.0,q_alarm_persistence_27,adwin,0.05,1,0,complete
60000,57000,41800,0,0,2.847254874999635,False,3000,rl,True,56050,0.5774665477252453,0.5756326896897679,0,0,,56050,15200,0.2711864406779661,,,RBF_I__s115__clean__none,RBF_I,clean,none,115.0,q_alarm_persistence_27,adwin,0.01,5,4,complete
60000,57000,47500,0,0,2.8793725419964176,False,3000,rl,True,56050,0.5640677966101695,0.5606228061531493,0,0,,56050,9500,0.1694915254237288,,,RBF_I__s115__clean__none,RBF_I,clean,none,115.0,q_alarm_persistence_27,adwin,0.02,1,0,complete
60000,57000,40850,0,0,2.8849351670069154,False,3000,rl,True,56050,0.5895628902765389,0.5863496939386209,0,0,,56050,16150,0.288135593220339,,,RBF_I__s115__clean__none,RBF_I,clean,none,115.0,q_alarm_persistence_27,adwin,0.02,5,4,complete
60000,57000,41800,0,0,2.8606497080181725,False,3000,rl,True,56050,0.5251739518287244,0.5215295103902161,0,0,,56050,15200,0.2711864406779661,,,RBF_I__s115__clean__none,RBF_I,clean,none,115.0,q_alarm_persistence_27,adwin,0.05,5,4,complete
60000,57000,50350,0,0,2.8586758750025183,False,3000,none,True,56050,0.5623728813559322,0.5575391369875846,0,0,,56050,6650,0.11864406779661017,,,RBF_I__s115__clean__none,RBF_I,clean,none,115.0,no_reset,hddm_w,0.01,1,0,complete
60000,57000,46550,0,0,3.0756787919963244,False,3000,none,True,56050,0.5694736842105264,0.5657780650090587,0,0,,56050,10450,0.1864406779661017,,,RBF_I__s115__clean__none,RBF_I,clean,none,115.0,no_reset,hddm_w,0.05,1,0,complete
60000,57000,41800,0,0,2.768526917003328,False,3000,none,True,56050,0.5774665477252453,0.5756326896897679,0,0,,56050,15200,0.2711864406779661,,,RBF_I__s115__clean__none,RBF_I,clean,none,115.0,no_reset,hddm_w,0.01,5,4,complete
60000,57000,47500,0,0,2.941957083006855,False,3000,none,True,56050,0.5640677966101695,0.5606228061531493,0,0,,56050,9500,0.1694915254237288,,,RBF_I__s115__clean__none,RBF_I,clean,none,115.0,no_reset,hddm_w,0.02,1,0,complete
60000,57000,40850,0,0,2.8829143329930957,False,3000,none,True,56050,0.5895628902765389,0.5863496939386209,0,0,,56050,16150,0.288135593220339,,,RBF_I__s115__clean__none,RBF_I,clean,none,115.0,no_reset,hddm_w,0.02,5,4,complete
60000,57000,41800,0,0,2.8944531659944914,False,3000,none,True,56050,0.5251739518287244,0.5215295103902161,0,0,,56050,15200,0.2711864406779661,,,RBF_I__s115__clean__none,RBF_I,clean,none,115.0,no_reset,hddm_w,0.05,5,4,complete
60000,70300,50350,5700,2,2.970675874996232,True,3000,confirmed,True,56050,0.5765566458519179,0.5714748451990995,0,0,,56050,9500,0.1694915254237288,,,RBF_I__s115__clean__none,RBF_I,clean,none,115.0,confirmed,hddm_w,0.01,1,0,complete
60000,64600,46550,5700,2,2.9303432919987245,False,3000,confirmed,True,56050,0.5823193577163247,0.5773888549656139,0,0,,56050,12350,0.22033898305084745,,,RBF_I__s115__clean__none,RBF_I,clean,none,115.0,confirmed,hddm_w,0.05,1,0,complete
60000,66500,49400,8550,3,2.9012442080129404,False,3000,confirmed,True,56050,0.556592328278323,0.5498596370164606,0,0,,56050,12350,0.22033898305084745,,,RBF_I__s115__clean__none,RBF_I,clean,none,115.0,confirmed,hddm_w,0.01,5,4,complete
60000,68400,53200,11400,4,2.969823124993127,True,3000,confirmed,True,56050,0.552149866190901,0.5448067973088098,0,0,,56050,10450,0.1864406779661017,,,RBF_I__s115__clean__none,RBF_I,clean,none,115.0,confirmed,hddm_w,0.02,1,0,complete
60000,62700,47500,5700,2,2.8941280000144616,True,3000,confirmed,True,56050,0.5685994647636039,0.564705787376709,0,0,,56050,13300,0.23728813559322035,,,RBF_I__s115__clean__none,RBF_I,clean,none,115.0,confirmed,hddm_w,0.02,5,4,complete
60000,68400,41800,5700,2,2.9407312920084223,False,3000,confirmed,True,56050,0.5622836752899197,0.5586099664014056,0,0,,56050,18050,0.3220338983050847,,,RBF_I__s115__clean__none,RBF_I,clean,none,115.0,confirmed,hddm_w,0.05,5,4,complete
60000,57000,47500,13300,14,2.6618818749848288,False,3000,rl,True,56050,0.5794112399643175,0.5727550398841634,0,0,,56050,9500,0.1694915254237288,,,RBF_I__s115__clean__none,RBF_I,clean,none,115.0,error_rule,hddm_w,0.01,1,0,complete
60000,57000,37050,9500,10,2.6949912499985658,False,3000,rl,True,56050,0.5737020517395183,0.5672661622154667,0,0,,56050,19950,0.3559322033898305,,,RBF_I__s115__clean__none,RBF_I,clean,none,115.0,error_rule,hddm_w,0.05,1,0,complete
60000,57000,40850,7600,8,2.6220307089970447,False,3000,rl,True,56050,0.5752542372881356,0.5701526843928802,0,0,,56050,16150,0.288135593220339,,,RBF_I__s115__clean__none,RBF_I,clean,none,115.0,error_rule,hddm_w,0.01,5,4,complete
60000,57000,44650,13300,14,2.648642000014661,False,3000,rl,True,56050,0.5780731489741302,0.5714854380613216,0,0,,56050,12350,0.22033898305084745,,,RBF_I__s115__clean__none,RBF_I,clean,none,115.0,error_rule,hddm_w,0.02,1,0,complete
60000,57000,35150,8550,9,2.5756189589737915,False,3000,rl,True,56050,0.5718822479928635,0.5668520991989521,0,0,,56050,21850,0.3898305084745763,,,RBF_I__s115__clean__none,RBF_I,clean,none,115.0,error_rule,hddm_w,0.02,5,4,complete
60000,57000,33250,6650,7,2.67555962500046,False,3000,rl,True,56050,0.56014272970562,0.555530192502585,0,0,,56050,23750,0.423728813559322,,,RBF_I__s115__clean__none,RBF_I,clean,none,115.0,error_rule,hddm_w,0.05,5,4,complete
60000,57000,50350,0,0,2.9544889999961015,False,3000,rl,True,56050,0.5623728813559322,0.5575391369875846,0,0,,56050,6650,0.11864406779661017,,,RBF_I__s115__clean__none,RBF_I,clean,none,115.0,selected_map,hddm_w,0.01,1,0,complete
60000,57000,46550,0,0,3.134530250012176,False,3000,rl,True,56050,0.5694736842105264,0.5657780650090587,0,0,,56050,10450,0.1864406779661017,,,RBF_I__s115__clean__none,RBF_I,clean,none,115.0,selected_map,hddm_w,0.05,1,0,complete
60000,57000,41800,0,0,2.9071697919862345,False,3000,rl,True,56050,0.5774665477252453,0.5756326896897679,0,0,,56050,15200,0.2711864406779661,,,RBF_I__s115__clean__none,RBF_I,clean,none,115.0,selected_map,hddm_w,0.01,5,4,complete
60000,57000,47500,0,0,2.9440669169998728,False,3000,rl,True,56050,0.5640677966101695,0.5606228061531493,0,0,,56050,9500,0.1694915254237288,,,RBF_I__s115__clean__none,RBF_I,clean,none,115.0,selected_map,hddm_w,0.02,1,0,complete
60000,57000,40850,0,0,2.9476127499947324,False,3000,rl,True,56050,0.5895628902765389,0.5863496939386209,0,0,,56050,16150,0.288135593220339,,,RBF_I__s115__clean__none,RBF_I,clean,none,115.0,selected_map,hddm_w,0.02,5,4,complete
60000,57000,41800,0,0,2.958057167008519,False,3000,rl,True,56050,0.5251739518287244,0.5215295103902161,0,0,,56050,15200,0.2711864406779661,,,RBF_I__s115__clean__none,RBF_I,clean,none,115.0,selected_map,hddm_w,0.05,5,4,complete
60000,57000,50350,0,0,2.9594633329834323,False,3000,rl,True,56050,0.5623728813559322,0.5575391369875846,0,0,,56050,6650,0.11864406779661017,,,RBF_I__s115__clean__none,RBF_I,clean,none,115.0,q_alarm_persistence_7,hddm_w,0.01,1,0,complete
60000,57000,46550,0,0,3.149947666999651,False,3000,rl,True,56050,0.5694736842105264,0.5657780650090587,0,0,,56050,10450,0.1864406779661017,,,RBF_I__s115__clean__none,RBF_I,clean,none,115.0,q_alarm_persistence_7,hddm_w,0.05,1,0,complete
60000,57000,41800,0,0,2.86794033399201,False,3000,rl,True,56050,0.5774665477252453,0.5756326896897679,0,0,,56050,15200,0.2711864406779661,,,RBF_I__s115__clean__none,RBF_I,clean,none,115.0,q_alarm_persistence_7,hddm_w,0.01,5,4,complete
60000,57000,47500,0,0,3.0426685829879716,False,3000,rl,True,56050,0.5640677966101695,0.5606228061531493,0,0,,56050,9500,0.1694915254237288,,,RBF_I__s115__clean__none,RBF_I,clean,none,115.0,q_alarm_persistence_7,hddm_w,0.02,1,0,complete
60000,57000,40850,0,0,2.980392083991319,False,3000,rl,True,56050,0.5895628902765389,0.5863496939386209,0,0,,56050,16150,0.288135593220339,,,RBF_I__s115__clean__none,RBF_I,clean,none,115.0,q_alarm_persistence_7,hddm_w,0.02,5,4,complete
60000,57000,41800,0,0,2.962363499973435,False,3000,rl,True,56050,0.5251739518287244,0.5215295103902161,0,0,,56050,15200,0.2711864406779661,,,RBF_I__s115__clean__none,RBF_I,clean,none,115.0,q_alarm_persistence_7,hddm_w,0.05,5,4,complete
60000,57000,49400,6650,7,2.5545910410000943,False,3000,rl,True,56050,0.5776092774308653,0.5702485663422194,0,0,,56050,7600,0.13559322033898305,,,RBF_I__s115__clean__none,RBF_I,clean,none,115.0,q_alarm_persistence_17,hddm_w,0.01,1,0,complete
60000,57000,42750,5700,6,2.6622889999998733,False,3000,rl,True,56050,0.5650490633363069,0.5576816274528676,0,0,,56050,14250,0.2542372881355932,,,RBF_I__s115__clean__none,RBF_I,clean,none,115.0,q_alarm_persistence_17,hddm_w,0.05,1,0,complete
60000,57000,43700,6650,7,2.6416127500124276,False,3000,rl,True,56050,0.5713826940231935,0.5658434298928806,0,0,,56050,13300,0.23728813559322035,,,RBF_I__s115__clean__none,RBF_I,clean,none,115.0,q_alarm_persistence_17,hddm_w,0.01,5,4,complete
60000,57000,47500,8550,9,2.6377723339828663,False,3000,rl,True,56050,0.5743443354148082,0.5664837445838775,0,0,,56050,9500,0.1694915254237288,,,RBF_I__s115__clean__none,RBF_I,clean,none,115.0,q_alarm_persistence_17,hddm_w,0.02,1,0,complete
60000,57000,37050,6650,7,2.632462707988452,False,3000,rl,True,56050,0.5687421944692239,0.5631778600124673,0,0,,56050,19950,0.3559322033898305,,,RBF_I__s115__clean__none,RBF_I,clean,none,115.0,q_alarm_persistence_17,hddm_w,0.02,5,4,complete
60000,57000,33250,2850,3,2.6418732079910114,False,3000,rl,True,56050,0.5589830508474576,0.5554175755631614,0,0,,56050,23750,0.423728813559322,,,RBF_I__s115__clean__none,RBF_I,clean,none,115.0,q_alarm_persistence_17,hddm_w,0.05,5,4,complete
60000,57000,50350,0,0,2.9535795419942588,False,3000,rl,True,56050,0.5623728813559322,0.5575391369875846,0,0,,56050,6650,0.11864406779661017,,,RBF_I__s115__clean__none,RBF_I,clean,none,115.0,q_alarm_persistence_27,hddm_w,0.01,1,0,complete
60000,57000,46550,0,0,3.159879832994193,False,3000,rl,True,56050,0.5694736842105264,0.5657780650090587,0,0,,56050,10450,0.1864406779661017,,,RBF_I__s115__clean__none,RBF_I,clean,none,115.0,q_alarm_persistence_27,hddm_w,0.05,1,0,complete
60000,57000,41800,0,0,2.9251912079926115,False,3000,rl,True,56050,0.5774665477252453,0.5756326896897679,0,0,,56050,15200,0.2711864406779661,,,RBF_I__s115__clean__none,RBF_I,clean,none,115.0,q_alarm_persistence_27,hddm_w,0.01,5,4,complete
60000,57000,47500,0,0,3.011850457987748,False,3000,rl,True,56050,0.5640677966101695,0.5606228061531493,0,0,,56050,9500,0.1694915254237288,,,RBF_I__s115__clean__none,RBF_I,clean,none,115.0,q_alarm_persistence_27,hddm_w,0.02,1,0,complete
60000,57000,40850,0,0,2.8904702920117415,False,3000,rl,True,56050,0.5895628902765389,0.5863496939386209,0,0,,56050,16150,0.288135593220339,,,RBF_I__s115__clean__none,RBF_I,clean,none,115.0,q_alarm_persistence_27,hddm_w,0.02,5,4,complete
60000,57000,41800,0,0,2.9819621669885237,False,3000,rl,True,56050,0.5251739518287244,0.5215295103902161,0,0,,56050,15200,0.2711864406779661,,,RBF_I__s115__clean__none,RBF_I,clean,none,115.0,q_alarm_persistence_27,hddm_w,0.05,5,4,complete
60000,57000,50350,0,0,2.8908013330074027,False,3000,none,True,56050,0.5623728813559322,0.5575391369875846,0,0,,56050,6650,0.11864406779661017,,,RBF_I__s115__clean__none,RBF_I,clean,none,115.0,no_reset,hellinger,0.01,1,0,complete
60000,57000,46550,0,0,3.0847576249943813,False,3000,none,True,56050,0.5694736842105264,0.5657780650090587,0,0,,56050,10450,0.1864406779661017,,,RBF_I__s115__clean__none,RBF_I,clean,none,115.0,no_reset,hellinger,0.05,1,0,complete
60000,57000,41800,0,0,2.844158416992286,False,3000,none,True,56050,0.5774665477252453,0.5756326896897679,0,0,,56050,15200,0.2711864406779661,,,RBF_I__s115__clean__none,RBF_I,clean,none,115.0,no_reset,hellinger,0.01,5,4,complete
60000,57000,47500,0,0,2.868789875006769,False,3000,none,True,56050,0.5640677966101695,0.5606228061531493,0,0,,56050,9500,0.1694915254237288,,,RBF_I__s115__clean__none,RBF_I,clean,none,115.0,no_reset,hellinger,0.02,1,0,complete
60000,57000,40850,0,0,2.853181292011868,False,3000,none,True,56050,0.5895628902765389,0.5863496939386209,0,0,,56050,16150,0.288135593220339,,,RBF_I__s115__clean__none,RBF_I,clean,none,115.0,no_reset,hellinger,0.02,5,4,complete
60000,57000,41800,0,0,2.8542170000146143,False,3000,none,True,56050,0.5251739518287244,0.5215295103902161,0,0,,56050,15200,0.2711864406779661,,,RBF_I__s115__clean__none,RBF_I,clean,none,115.0,no_reset,hellinger,0.05,5,4,complete
60000,60800,50350,0,0,3.014328250021208,True,3000,confirmed,True,56050,0.5622479928635147,0.5576568102377645,0,0,,56050,6650,0.11864406779661017,,,RBF_I__s115__clean__none,RBF_I,clean,none,115.0,confirmed,hellinger,0.01,1,0,complete
60000,62700,44650,5700,2,2.826952915987931,True,3000,confirmed,True,56050,0.5735414808206958,0.5685779165668049,0,0,,56050,15200,0.2711864406779661,,,RBF_I__s115__clean__none,RBF_I,clean,none,115.0,confirmed,hellinger,0.05,1,0,complete
60000,62700,45600,2850,1,2.727360958000645,False,3000,confirmed,True,56050,0.5817305976806423,0.5787181888789492,0,0,,56050,13300,0.23728813559322035,,,RBF_I__s115__clean__none,RBF_I,clean,none,115.0,confirmed,hellinger,0.01,5,4,complete
60000,60800,45600,0,0,3.0338090830191504,True,3000,confirmed,True,56050,0.5873684210526315,0.5845038830412012,0,0,,56050,11400,0.2033898305084746,,,RBF_I__s115__clean__none,RBF_I,clean,none,115.0,confirmed,hellinger,0.02,1,0,complete
60000,60800,43700,0,0,2.9741983329877257,True,3000,confirmed,True,56050,0.5511150758251561,0.5467255983161811,0,0,,56050,13300,0.23728813559322035,,,RBF_I__s115__clean__none,RBF_I,clean,none,115.0,confirmed,hellinger,0.02,5,4,complete
60000,62700,42750,2850,1,2.934289875003742,False,3000,confirmed,True,56050,0.5505619982158787,0.547238571956477,0,0,,56050,16150,0.288135593220339,,,RBF_I__s115__clean__none,RBF_I,clean,none,115.0,confirmed,hellinger,0.05,5,4,complete
60000,57000,47500,13300,14,2.4770822080026846,False,3000,rl,True,56050,0.5794112399643175,0.5727550398841634,0,0,,56050,9500,0.1694915254237288,,,RBF_I__s115__clean__none,RBF_I,clean,none,115.0,error_rule,hellinger,0.01,1,0,complete
60000,57000,37050,9500,10,2.591436791990418,False,3000,rl,True,56050,0.5737020517395183,0.5672661622154667,0,0,,56050,19950,0.3559322033898305,,,RBF_I__s115__clean__none,RBF_I,clean,none,115.0,error_rule,hellinger,0.05,1,0,complete
60000,57000,40850,7600,8,2.5616852499952074,False,3000,rl,True,56050,0.5752542372881356,0.5701526843928802,0,0,,56050,16150,0.288135593220339,,,RBF_I__s115__clean__none,RBF_I,clean,none,115.0,error_rule,hellinger,0.01,5,4,complete
60000,57000,44650,13300,14,2.565152500028489,False,3000,rl,True,56050,0.5780731489741302,0.5714854380613216,0,0,,56050,12350,0.22033898305084745,,,RBF_I__s115__clean__none,RBF_I,clean,none,115.0,error_rule,hellinger,0.02,1,0,complete
60000,57000,35150,8550,9,2.558653417014284,False,3000,rl,True,56050,0.5718822479928635,0.5668520991989521,0,0,,56050,21850,0.3898305084745763,,,RBF_I__s115__clean__none,RBF_I,clean,none,115.0,error_rule,hellinger,0.02,5,4,complete
60000,57000,33250,6650,7,2.551400290976744,False,3000,rl,True,56050,0.56014272970562,0.555530192502585,0,0,,56050,23750,0.423728813559322,,,RBF_I__s115__clean__none,RBF_I,clean,none,115.0,error_rule,hellinger,0.05,5,4,complete
60000,57000,50350,0,0,2.919319082982838,False,3000,rl,True,56050,0.5623728813559322,0.5575391369875846,0,0,,56050,6650,0.11864406779661017,,,RBF_I__s115__clean__none,RBF_I,clean,none,115.0,selected_map,hellinger,0.01,1,0,complete
60000,57000,46550,0,0,3.1125474169966765,False,3000,rl,True,56050,0.5694736842105264,0.5657780650090587,0,0,,56050,10450,0.1864406779661017,,,RBF_I__s115__clean__none,RBF_I,clean,none,115.0,selected_map,hellinger,0.05,1,0,complete
60000,57000,41800,0,0,2.8482147920003626,False,3000,rl,True,56050,0.5774665477252453,0.5756326896897679,0,0,,56050,15200,0.2711864406779661,,,RBF_I__s115__clean__none,RBF_I,clean,none,115.0,selected_map,hellinger,0.01,5,4,complete
60000,57000,40850,0,0,2.8153585410036612,False,3000,rl,True,56050,0.5895628902765389,0.5863496939386209,0,0,,56050,16150,0.288135593220339,,,RBF_I__s115__clean__none,RBF_I,clean,none,115.0,selected_map,hellinger,0.02,5,4,complete
60000,57000,47500,0,0,2.933371040999191,False,3000,rl,True,56050,0.5640677966101695,0.5606228061531493,0,0,,56050,9500,0.1694915254237288,,,RBF_I__s115__clean__none,RBF_I,clean,none,115.0,selected_map,hellinger,0.02,1,0,complete
60000,57000,41800,0,0,2.8916300419950858,False,3000,rl,True,56050,0.5251739518287244,0.5215295103902161,0,0,,56050,15200,0.2711864406779661,,,RBF_I__s115__clean__none,RBF_I,clean,none,115.0,selected_map,hellinger,0.05,5,4,complete
60000,57000,47500,3800,4,2.6692848750099074,False,3000,rl,True,56050,0.5630686886708296,0.5583760433812475,0,0,,56050,9500,0.1694915254237288,,,RBF_I__s115__clean__none,RBF_I,clean,none,115.0,q_alarm_persistence_7,hellinger,0.01,1,0,complete
60000,57000,42750,950,1,2.74657683300029,False,3000,rl,True,56050,0.5710793933987511,0.5664967825061131,0,0,,56050,14250,0.2542372881355932,,,RBF_I__s115__clean__none,RBF_I,clean,none,115.0,q_alarm_persistence_7,hellinger,0.05,1,0,complete
60000,57000,44650,1900,2,2.5839745410194155,False,3000,rl,True,56050,0.564228367528992,0.5606143384890223,0,0,,56050,12350,0.22033898305084745,,,RBF_I__s115__clean__none,RBF_I,clean,none,115.0,q_alarm_persistence_7,hellinger,0.01,5,4,complete
60000,57000,43700,1900,2,2.645636500004912,False,3000,rl,True,56050,0.5625691347011597,0.5579573511148066,0,0,,56050,13300,0.23728813559322035,,,RBF_I__s115__clean__none,RBF_I,clean,none,115.0,q_alarm_persistence_7,hellinger,0.02,1,0,complete
60000,57000,38000,1900,2,2.7031294160115067,False,3000,rl,True,56050,0.5642462087421944,0.5607598143611954,0,0,,56050,19000,0.3389830508474576,,,RBF_I__s115__clean__none,RBF_I,clean,none,115.0,q_alarm_persistence_7,hellinger,0.02,5,4,complete
60000,57000,29450,950,1,2.769378875003895,False,3000,rl,True,56050,0.5542729705619982,0.5513446756352245,0,0,,56050,27550,0.4915254237288136,,,RBF_I__s115__clean__none,RBF_I,clean,none,115.0,q_alarm_persistence_7,hellinger,0.05,5,4,complete
60000,57000,47500,13300,14,2.481481665978208,False,3000,rl,True,56050,0.5794112399643175,0.5727550398841634,0,0,,56050,9500,0.1694915254237288,,,RBF_I__s115__clean__none,RBF_I,clean,none,115.0,q_alarm_persistence_17,hellinger,0.01,1,0,complete
60000,57000,37050,9500,10,2.618916375009576,False,3000,rl,True,56050,0.5737020517395183,0.5672661622154667,0,0,,56050,19950,0.3559322033898305,,,RBF_I__s115__clean__none,RBF_I,clean,none,115.0,q_alarm_persistence_17,hellinger,0.05,1,0,complete
60000,57000,41800,7600,8,2.5444260830117855,False,3000,rl,True,56050,0.5751828724353256,0.570059730123486,0,0,,56050,15200,0.2711864406779661,,,RBF_I__s115__clean__none,RBF_I,clean,none,115.0,q_alarm_persistence_17,hellinger,0.01,5,4,complete
60000,57000,44650,13300,14,2.5766871249943506,False,3000,rl,True,56050,0.5780731489741302,0.5714854380613216,0,0,,56050,12350,0.22033898305084745,,,RBF_I__s115__clean__none,RBF_I,clean,none,115.0,q_alarm_persistence_17,hellinger,0.02,1,0,complete
60000,57000,35150,8550,9,2.558540500001982,False,3000,rl,True,56050,0.5718822479928635,0.5668520991989521,0,0,,56050,21850,0.3898305084745763,,,RBF_I__s115__clean__none,RBF_I,clean,none,115.0,q_alarm_persistence_17,hellinger,0.02,5,4,complete
60000,57000,33250,6650,7,2.5380465000052936,False,3000,rl,True,56050,0.56014272970562,0.555530192502585,0,0,,56050,23750,0.423728813559322,,,RBF_I__s115__clean__none,RBF_I,clean,none,115.0,q_alarm_persistence_17,hellinger,0.05,5,4,complete
60000,57000,50350,0,0,2.8944844159996137,False,3000,rl,True,56050,0.5623728813559322,0.5575391369875846,0,0,,56050,6650,0.11864406779661017,,,RBF_I__s115__clean__none,RBF_I,clean,none,115.0,q_alarm_persistence_27,hellinger,0.01,1,0,complete
60000,57000,46550,0,0,3.049487541997223,False,3000,rl,True,56050,0.5694736842105264,0.5657780650090587,0,0,,56050,10450,0.1864406779661017,,,RBF_I__s115__clean__none,RBF_I,clean,none,115.0,q_alarm_persistence_27,hellinger,0.05,1,0,complete
60000,57000,41800,0,0,2.8599838340014685,False,3000,rl,True,56050,0.5774665477252453,0.5756326896897679,0,0,,56050,15200,0.2711864406779661,,,RBF_I__s115__clean__none,RBF_I,clean,none,115.0,q_alarm_persistence_27,hellinger,0.01,5,4,complete
60000,57000,47500,0,0,2.945512750011403,False,3000,rl,True,56050,0.5640677966101695,0.5606228061531493,0,0,,56050,9500,0.1694915254237288,,,RBF_I__s115__clean__none,RBF_I,clean,none,115.0,q_alarm_persistence_27,hellinger,0.02,1,0,complete
60000,57000,40850,0,0,2.81060883300961,False,3000,rl,True,56050,0.5895628902765389,0.5863496939386209,0,0,,56050,16150,0.288135593220339,,,RBF_I__s115__clean__none,RBF_I,clean,none,115.0,q_alarm_persistence_27,hellinger,0.02,5,4,complete
60000,57000,41800,0,0,2.885556875000475,False,3000,rl,True,56050,0.5251739518287244,0.5215295103902161,0,0,,56050,15200,0.2711864406779661,,,RBF_I__s115__clean__none,RBF_I,clean,none,115.0,q_alarm_persistence_27,hellinger,0.05,5,4,complete
60000,57000,50350,0,0,2.867538541991962,False,3000,none,True,56050,0.5623728813559322,0.5575391369875846,0,0,,56050,6650,0.11864406779661017,,,RBF_I__s115__clean__none,RBF_I,clean,none,115.0,no_reset,d3_oof,0.01,1,0,complete
60000,57000,46550,0,0,3.0848129999940284,False,3000,none,True,56050,0.5694736842105264,0.5657780650090587,0,0,,56050,10450,0.1864406779661017,,,RBF_I__s115__clean__none,RBF_I,clean,none,115.0,no_reset,d3_oof,0.05,1,0,complete
60000,57000,41800,0,0,2.832157917000586,False,3000,none,True,56050,0.5774665477252453,0.5756326896897679,0,0,,56050,15200,0.2711864406779661,,,RBF_I__s115__clean__none,RBF_I,clean,none,115.0,no_reset,d3_oof,0.01,5,4,complete
60000,57000,47500,0,0,2.8628254159993958,False,3000,none,True,56050,0.5640677966101695,0.5606228061531493,0,0,,56050,9500,0.1694915254237288,,,RBF_I__s115__clean__none,RBF_I,clean,none,115.0,no_reset,d3_oof,0.02,1,0,complete
60000,57000,40850,0,0,2.8591747079917695,False,3000,none,True,56050,0.5895628902765389,0.5863496939386209,0,0,,56050,16150,0.288135593220339,,,RBF_I__s115__clean__none,RBF_I,clean,none,115.0,no_reset,d3_oof,0.02,5,4,complete
60000,57000,41800,0,0,2.8976287500117905,False,3000,none,True,56050,0.5251739518287244,0.5215295103902161,0,0,,56050,15200,0.2711864406779661,,,RBF_I__s115__clean__none,RBF_I,clean,none,115.0,no_reset,d3_oof,0.05,5,4,complete
60000,60800,48450,5700,2,2.7356220000074245,False,3000,confirmed,True,56050,0.5764852809991079,0.5732282833852297,0,0,,56050,11400,0.2033898305084746,,,RBF_I__s115__clean__none,RBF_I,clean,none,115.0,confirmed,d3_oof,0.01,5,4,complete
60000,58900,43700,2850,1,2.902875250001671,False,3000,confirmed,True,56050,0.5903479036574487,0.587426708626134,0,0,,56050,15200,0.2711864406779661,,,RBF_I__s115__clean__none,RBF_I,clean,none,115.0,confirmed,d3_oof,0.05,1,0,complete
60000,58900,51300,2850,1,2.8789928749902174,False,3000,confirmed,True,56050,0.5926672613737735,0.5896498589569782,0,0,,56050,7600,0.13559322033898305,,,RBF_I__s115__clean__none,RBF_I,clean,none,115.0,confirmed,d3_oof,0.01,1,0,complete
60000,60800,50350,2850,1,2.915473959001247,False,3000,confirmed,True,56050,0.5915789473684211,0.5887336371494376,0,0,,56050,7600,0.13559322033898305,,,RBF_I__s115__clean__none,RBF_I,clean,none,115.0,confirmed,d3_oof,0.02,1,0,complete
60000,57000,47500,13300,14,2.573813291004626,False,3000,rl,True,56050,0.5794112399643175,0.5727550398841634,0,0,,56050,9500,0.1694915254237288,,,RBF_I__s115__clean__none,RBF_I,clean,none,115.0,error_rule,d3_oof,0.01,1,0,complete
60000,60800,38950,2850,1,2.940083624998806,False,3000,confirmed,True,56050,0.5793577163247101,0.5768758273128495,0,0,,56050,19950,0.3559322033898305,,,RBF_I__s115__clean__none,RBF_I,clean,none,115.0,confirmed,d3_oof,0.02,5,4,complete
60000,60800,41800,2850,1,2.912356582994107,False,3000,confirmed,True,56050,0.5862801070472792,0.5838106643139861,0,0,,56050,16150,0.288135593220339,,,RBF_I__s115__clean__none,RBF_I,clean,none,115.0,confirmed,d3_oof,0.05,5,4,complete
60000,57000,37050,9500,10,2.6792437919939402,False,3000,rl,True,56050,0.5737020517395183,0.5672661622154667,0,0,,56050,19950,0.3559322033898305,,,RBF_I__s115__clean__none,RBF_I,clean,none,115.0,error_rule,d3_oof,0.05,1,0,complete
60000,57000,40850,7600,8,2.582355958002154,False,3000,rl,True,56050,0.5752542372881356,0.5701526843928802,0,0,,56050,16150,0.288135593220339,,,RBF_I__s115__clean__none,RBF_I,clean,none,115.0,error_rule,d3_oof,0.01,5,4,complete
60000,57000,44650,13300,14,2.6026207499962766,False,3000,rl,True,56050,0.5780731489741302,0.5714854380613216,0,0,,56050,12350,0.22033898305084745,,,RBF_I__s115__clean__none,RBF_I,clean,none,115.0,error_rule,d3_oof,0.02,1,0,complete
60000,57000,35150,8550,9,2.604475000000093,False,3000,rl,True,56050,0.5718822479928635,0.5668520991989521,0,0,,56050,21850,0.3898305084745763,,,RBF_I__s115__clean__none,RBF_I,clean,none,115.0,error_rule,d3_oof,0.02,5,4,complete
60000,57000,33250,6650,7,2.6016760829952545,False,3000,rl,True,56050,0.56014272970562,0.555530192502585,0,0,,56050,23750,0.423728813559322,,,RBF_I__s115__clean__none,RBF_I,clean,none,115.0,error_rule,d3_oof,0.05,5,4,complete
60000,57000,50350,0,0,2.9895672499842476,False,3000,rl,True,56050,0.5623728813559322,0.5575391369875846,0,0,,56050,6650,0.11864406779661017,,,RBF_I__s115__clean__none,RBF_I,clean,none,115.0,selected_map,d3_oof,0.01,1,0,complete
60000,57000,46550,0,0,3.138833374992828,False,3000,rl,True,56050,0.5694736842105264,0.5657780650090587,0,0,,56050,10450,0.1864406779661017,,,RBF_I__s115__clean__none,RBF_I,clean,none,115.0,selected_map,d3_oof,0.05,1,0,complete
60000,57000,41800,0,0,2.9336855839937925,False,3000,rl,True,56050,0.5774665477252453,0.5756326896897679,0,0,,56050,15200,0.2711864406779661,,,RBF_I__s115__clean__none,RBF_I,clean,none,115.0,selected_map,d3_oof,0.01,5,4,complete
60000,57000,47500,0,0,3.045328417007113,False,3000,rl,True,56050,0.5640677966101695,0.5606228061531493,0,0,,56050,9500,0.1694915254237288,,,RBF_I__s115__clean__none,RBF_I,clean,none,115.0,selected_map,d3_oof,0.02,1,0,complete
60000,57000,40850,0,0,2.9062762089888565,False,3000,rl,True,56050,0.5895628902765389,0.5863496939386209,0,0,,56050,16150,0.288135593220339,,,RBF_I__s115__clean__none,RBF_I,clean,none,115.0,selected_map,d3_oof,0.02,5,4,complete
60000,57000,41800,0,0,2.9728355839906726,False,3000,rl,True,56050,0.5251739518287244,0.5215295103902161,0,0,,56050,15200,0.2711864406779661,,,RBF_I__s115__clean__none,RBF_I,clean,none,115.0,selected_map,d3_oof,0.05,5,4,complete
60000,57000,50350,0,0,2.9796507919963915,False,3000,rl,True,56050,0.5623728813559322,0.5575391369875846,0,0,,56050,6650,0.11864406779661017,,,RBF_I__s115__clean__none,RBF_I,clean,none,115.0,q_alarm_persistence_7,d3_oof,0.01,1,0,complete
60000,57000,46550,0,0,3.1539644580043387,False,3000,rl,True,56050,0.5694736842105264,0.5657780650090587,0,0,,56050,10450,0.1864406779661017,,,RBF_I__s115__clean__none,RBF_I,clean,none,115.0,q_alarm_persistence_7,d3_oof,0.05,1,0,complete
60000,57000,41800,0,0,2.9553078330063727,False,3000,rl,True,56050,0.5774665477252453,0.5756326896897679,0,0,,56050,15200,0.2711864406779661,,,RBF_I__s115__clean__none,RBF_I,clean,none,115.0,q_alarm_persistence_7,d3_oof,0.01,5,4,complete
60000,57000,44650,0,0,2.954287666012533,False,3000,rl,True,56050,0.5577876895628903,0.5541383912266316,0,0,,56050,12350,0.22033898305084745,,,RBF_I__s115__clean__none,RBF_I,clean,none,115.0,q_alarm_persistence_7,d3_oof,0.02,1,0,complete
60000,57000,37050,950,1,2.741643290995853,False,3000,rl,True,56050,0.535450490633363,0.5301272997062763,0,0,,56050,19950,0.3559322033898305,,,RBF_I__s115__clean__none,RBF_I,clean,none,115.0,q_alarm_persistence_7,d3_oof,0.02,5,4,complete
60000,57000,47500,13300,14,2.5917478750052396,False,3000,rl,True,56050,0.5794112399643175,0.5727550398841634,0,0,,56050,9500,0.1694915254237288,,,RBF_I__s115__clean__none,RBF_I,clean,none,115.0,q_alarm_persistence_17,d3_oof,0.01,1,0,complete
60000,57000,41800,7600,8,2.5280422079958953,False,3000,rl,True,56050,0.575307760927743,0.5701786739992196,0,0,,56050,15200,0.2711864406779661,,,RBF_I__s115__clean__none,RBF_I,clean,none,115.0,q_alarm_persistence_17,d3_oof,0.01,5,4,complete
60000,57000,37050,9500,10,2.64446791599039,False,3000,rl,True,56050,0.5737020517395183,0.5672661622154667,0,0,,56050,19950,0.3559322033898305,,,RBF_I__s115__clean__none,RBF_I,clean,none,115.0,q_alarm_persistence_17,d3_oof,0.05,1,0,complete
60000,57000,41800,0,0,3.000068542023655,False,3000,rl,True,56050,0.5251739518287244,0.5215295103902161,0,0,,56050,15200,0.2711864406779661,,,RBF_I__s115__clean__none,RBF_I,clean,none,115.0,q_alarm_persistence_7,d3_oof,0.05,5,4,complete
60000,57000,44650,13300,14,2.5923390419920906,False,3000,rl,True,56050,0.5780731489741302,0.5714854380613216,0,0,,56050,12350,0.22033898305084745,,,RBF_I__s115__clean__none,RBF_I,clean,none,115.0,q_alarm_persistence_17,d3_oof,0.02,1,0,complete
60000,57000,35150,8550,9,2.6097472079854924,False,3000,rl,True,56050,0.5718822479928635,0.5668520991989521,0,0,,56050,21850,0.3898305084745763,,,RBF_I__s115__clean__none,RBF_I,clean,none,115.0,q_alarm_persistence_17,d3_oof,0.02,5,4,complete
60000,57000,29450,5700,6,2.6004774590255693,False,3000,rl,True,56050,0.5505798394290812,0.5460585588939799,0,0,,56050,27550,0.4915254237288136,,,RBF_I__s115__clean__none,RBF_I,clean,none,115.0,q_alarm_persistence_17,d3_oof,0.05,5,4,complete
60000,57000,41800,19950,21,2.5342835829942487,False,3000,rl,True,56050,0.5528099910793934,0.5472585380085981,0,0,,56050,15200,0.2711864406779661,,,RBF_I__s115__clean__none,RBF_I,clean,none,115.0,q_alarm_persistence_27,d3_oof,0.01,1,0,complete
60000,57000,30400,12350,13,2.6066626249958063,False,3000,rl,True,56050,0.5592863514719001,0.5534666387971983,0,0,,56050,26600,0.4745762711864407,,,RBF_I__s115__clean__none,RBF_I,clean,none,115.0,q_alarm_persistence_27,d3_oof,0.05,1,0,complete
60000,57000,38950,24700,26,2.5209972910233773,False,3000,rl,True,56050,0.5566101694915254,0.5521045032141378,0,0,,56050,18050,0.3220338983050847,,,RBF_I__s115__clean__none,RBF_I,clean,none,115.0,q_alarm_persistence_27,d3_oof,0.01,5,4,complete
60000,57000,37050,22800,24,2.4527219999872614,False,3000,rl,True,56050,0.5570561998215878,0.552653148943391,0,0,,56050,19950,0.3559322033898305,,,RBF_I__s115__clean__none,RBF_I,clean,none,115.0,q_alarm_persistence_27,d3_oof,0.02,5,4,complete
60000,57000,35150,15200,16,2.5669591250189114,False,3000,rl,True,56050,0.5540410347903657,0.5484407342067763,0,0,,56050,21850,0.3898305084745763,,,RBF_I__s115__clean__none,RBF_I,clean,none,115.0,q_alarm_persistence_27,d3_oof,0.02,1,0,complete
60000,57000,29450,19000,20,2.573267499974463,False,3000,rl,True,56050,0.559821587867975,0.555009751642235,0,0,,56050,27550,0.4915254237288136,,,RBF_I__s115__clean__none,RBF_I,clean,none,115.0,q_alarm_persistence_27,d3_oof,0.05,5,4,complete
60000,57000,51300,0,0,2.923905540985288,False,3000,none,True,56050,0.5326315789473685,0.5304053482658276,14252,12807,0.8986107213022734,41798,4255,0.10179912914493516,,,RBF_I__s115__instance__severe,RBF_I,instance,severe,115.0,no_reset,adwin,0.01,1,0,complete
60000,57000,46550,0,0,2.8296128749934724,False,3000,none,True,56050,0.5314897413024086,0.5267755857854688,14252,11698,0.8207970811114229,41798,7896,0.18890856021819225,,,RBF_I__s115__instance__severe,RBF_I,instance,severe,115.0,no_reset,adwin,0.05,1,0,complete
60000,57000,43700,0,0,2.7168077079986688,False,3000,none,True,56050,0.4933630686886708,0.48907788725597356,14252,10878,0.7632612966601179,41798,9926,0.23747547729556437,,,RBF_I__s115__instance__severe,RBF_I,instance,severe,115.0,no_reset,adwin,0.01,5,4,complete
60000,57000,49400,0,0,2.905429334001383,False,3000,none,True,56050,0.5131668153434433,0.5101165452817442,14252,12327,0.8649312377210217,41798,5675,0.13577204650940236,,,RBF_I__s115__instance__severe,RBF_I,instance,severe,115.0,no_reset,adwin,0.02,1,0,complete
60000,57000,41800,0,0,2.7928484580188524,False,3000,none,True,56050,0.5304014272970562,0.5256901838962758,14252,10411,0.7304939657591917,41798,11359,0.27175941432604434,,,RBF_I__s115__instance__severe,RBF_I,instance,severe,115.0,no_reset,adwin,0.02,5,4,complete
60000,57000,43700,0,0,2.8745835419977084,False,3000,none,True,56050,0.5134522747546834,0.5102400225301584,14252,10868,0.7625596407521751,41798,9916,0.2372362313986315,,,RBF_I__s115__instance__severe,RBF_I,instance,severe,115.0,no_reset,adwin,0.05,5,4,complete
60000,62700,49400,2850,1,2.769146708014887,False,3000,confirmed,True,56050,0.5784656556645852,0.5746350532964266,14252,11818,0.8292169520067358,41798,7066,0.16905115077276425,,,RBF_I__s115__instance__severe,RBF_I,instance,severe,115.0,confirmed,adwin,0.01,1,0,complete
60000,60800,41800,5700,2,2.6957449999899836,False,3000,confirmed,True,56050,0.551935771632471,0.5480370402039694,14252,9719,0.6819393769295538,41798,13517,0.3233886788841571,,,RBF_I__s115__instance__severe,RBF_I,instance,severe,115.0,confirmed,adwin,0.05,1,0,complete
60000,58900,43700,2850,1,2.777444125007605,False,3000,confirmed,True,56050,0.5689206066012489,0.5650072686308938,14252,10402,0.7298624754420432,41798,11350,0.2715440930188047,,,RBF_I__s115__instance__severe,RBF_I,instance,severe,115.0,confirmed,adwin,0.01,5,4,complete
60000,60800,47500,5700,2,2.7250289999938104,False,3000,confirmed,True,56050,0.5530419268510258,0.5490104704673489,14252,11126,0.7806623631770979,41798,9224,0.22068041533087707,,,RBF_I__s115__instance__severe,RBF_I,instance,severe,115.0,confirmed,adwin,0.02,1,0,complete
60000,58900,42750,2850,1,2.805075249983929,False,3000,confirmed,True,56050,0.5801962533452275,0.5772072559913847,14252,10155,0.7125315745158575,41798,12053,0.2883630795731853,,,RBF_I__s115__instance__severe,RBF_I,instance,severe,115.0,confirmed,adwin,0.02,5,4,complete
60000,62700,39900,8550,3,2.6858205829921644,False,3000,confirmed,True,56050,0.5513291703835861,0.5449001166687266,14252,9184,0.6444007858546169,41798,14882,0.3560457438154936,,,RBF_I__s115__instance__severe,RBF_I,instance,severe,115.0,confirmed,adwin,0.05,5,4,complete
60000,57000,43700,8550,9,2.5454603340185713,False,3000,rl,True,56050,0.5630686886708296,0.556868464075951,14252,10825,0.7595425203480213,41798,9873,0.2362074740418202,,,RBF_I__s115__instance__severe,RBF_I,instance,severe,115.0,error_rule,adwin,0.01,1,0,complete
60000,57000,37050,7600,8,2.53983925000648,False,3000,rl,True,56050,0.5602676181980375,0.5542495988607536,14252,9204,0.6458040976705024,41798,14902,0.3565242356093593,,,RBF_I__s115__instance__severe,RBF_I,instance,severe,115.0,error_rule,adwin,0.05,1,0,complete
60000,57000,38950,9500,10,2.5116200420015957,False,3000,rl,True,56050,0.559464763603925,0.5537293440701757,14252,9588,0.6727476845355038,41798,13386,0.3202545576343366,,,RBF_I__s115__instance__severe,RBF_I,instance,severe,115.0,error_rule,adwin,0.01,5,4,complete
60000,57000,38000,7600,8,2.5526410409947857,False,3000,rl,True,56050,0.5557894736842105,0.5501037971531877,14252,9449,0.6629946674150996,41798,14197,0.3396573998755921,,,RBF_I__s115__instance__severe,RBF_I,instance,severe,115.0,error_rule,adwin,0.02,1,0,complete
60000,57000,29450,7600,8,2.4872096669860184,False,3000,rl,True,56050,0.544442462087422,0.5387966787761025,14252,7192,0.5046309289924221,41798,20490,0.4902148428154457,,,RBF_I__s115__instance__severe,RBF_I,instance,severe,115.0,error_rule,adwin,0.02,5,4,complete
60000,57000,28500,5700,6,2.6210629169945605,False,3000,rl,True,56050,0.552471008028546,0.5470014625060554,14252,6944,0.48722986247544203,41798,21192,0.507009904780133,,,RBF_I__s115__instance__severe,RBF_I,instance,severe,115.0,error_rule,adwin,0.05,5,4,complete
60000,57000,51300,0,0,2.915759083989542,False,3000,rl,True,56050,0.5326315789473685,0.5304053482658276,14252,12807,0.8986107213022734,41798,4255,0.10179912914493516,,,RBF_I__s115__instance__severe,RBF_I,instance,severe,115.0,selected_map,adwin,0.01,1,0,complete
60000,57000,46550,0,0,2.8732993750018068,False,3000,rl,True,56050,0.5314897413024086,0.5267755857854688,14252,11698,0.8207970811114229,41798,7896,0.18890856021819225,,,RBF_I__s115__instance__severe,RBF_I,instance,severe,115.0,selected_map,adwin,0.05,1,0,complete
60000,57000,43700,0,0,2.793403708987171,False,3000,rl,True,56050,0.4933630686886708,0.48907788725597356,14252,10878,0.7632612966601179,41798,9926,0.23747547729556437,,,RBF_I__s115__instance__severe,RBF_I,instance,severe,115.0,selected_map,adwin,0.01,5,4,complete
60000,57000,49400,0,0,2.7992878750083037,False,3000,rl,True,56050,0.5131668153434433,0.5101165452817442,14252,12327,0.8649312377210217,41798,5675,0.13577204650940236,,,RBF_I__s115__instance__severe,RBF_I,instance,severe,115.0,selected_map,adwin,0.02,1,0,complete
60000,57000,41800,0,0,2.819505333987763,False,3000,rl,True,56050,0.5304014272970562,0.5256901838962758,14252,10411,0.7304939657591917,41798,11359,0.27175941432604434,,,RBF_I__s115__instance__severe,RBF_I,instance,severe,115.0,selected_map,adwin,0.02,5,4,complete
60000,57000,43700,0,0,2.8846249999769498,False,3000,rl,True,56050,0.5134522747546834,0.5102400225301584,14252,10868,0.7625596407521751,41798,9916,0.2372362313986315,,,RBF_I__s115__instance__severe,RBF_I,instance,severe,115.0,selected_map,adwin,0.05,5,4,complete
60000,57000,35150,23750,25,2.481198042019969,False,3000,rl,True,56050,0.53971454058876,0.5350264953372537,14252,8717,0.6116334549536907,41798,16315,0.39032968084597347,,,RBF_I__s115__instance__severe,RBF_I,instance,severe,115.0,q_alarm_persistence_7,adwin,0.01,1,0,complete
60000,57000,31350,17100,18,2.5670522500004154,False,3000,rl,True,56050,0.5429438001784122,0.5380189294117967,14252,7704,0.5405557114790907,41798,19102,0.4570075123211637,,,RBF_I__s115__instance__severe,RBF_I,instance,severe,115.0,q_alarm_persistence_7,adwin,0.05,1,0,complete
60000,57000,35150,24700,26,2.4366812919906806,False,3000,rl,True,56050,0.5334165923282783,0.5284037078497865,14252,8588,0.6025820937412293,41798,16186,0.3872434087755395,,,RBF_I__s115__instance__severe,RBF_I,instance,severe,115.0,q_alarm_persistence_7,adwin,0.01,5,4,complete
60000,57000,34200,19000,20,2.5356778749846853,False,3000,rl,True,56050,0.5375379125780553,0.5332252917375763,14252,8473,0.5945130507998877,41798,17021,0.40722044116943396,,,RBF_I__s115__instance__severe,RBF_I,instance,severe,115.0,q_alarm_persistence_7,adwin,0.02,1,0,complete
60000,57000,34200,20900,22,2.49377000000095,False,3000,rl,True,56050,0.5297234611953613,0.5250694785259655,14252,8354,0.5861633454953691,41798,16902,0.4043734149959328,,,RBF_I__s115__instance__severe,RBF_I,instance,severe,115.0,q_alarm_persistence_7,adwin,0.02,5,4,complete
60000,57000,28500,18050,19,2.5426047920191195,False,3000,rl,True,56050,0.5349330954504906,0.5307990032210574,14252,6963,0.48856300870053326,41798,21211,0.5074644719843054,,,RBF_I__s115__instance__severe,RBF_I,instance,severe,115.0,q_alarm_persistence_7,adwin,0.05,5,4,complete
60000,57000,45600,7600,8,2.4906520830118097,False,3000,rl,True,56050,0.560677966101695,0.5553739090771099,14252,11340,0.7956777996070727,41798,8488,0.20307191731661803,,,RBF_I__s115__instance__severe,RBF_I,instance,severe,115.0,q_alarm_persistence_17,adwin,0.01,1,0,complete
60000,57000,37050,6650,7,2.6093655839940766,False,3000,rl,True,56050,0.5612132024977698,0.5552933811632501,14252,9204,0.6458040976705024,41798,14902,0.3565242356093593,,,RBF_I__s115__instance__severe,RBF_I,instance,severe,115.0,q_alarm_persistence_17,adwin,0.05,1,0,complete
60000,57000,39900,9500,10,2.553474667016417,False,3000,rl,True,56050,0.5595004460303301,0.5537669109236092,14252,9836,0.6901487510524839,41798,12684,0.30345949566964925,,,RBF_I__s115__instance__severe,RBF_I,instance,severe,115.0,q_alarm_persistence_17,adwin,0.01,5,4,complete
60000,57000,38950,7600,8,2.5691418329952285,False,3000,rl,True,56050,0.5556645851917931,0.5499492353831749,14252,9657,0.6775891103003088,41798,13455,0.32190535432317335,,,RBF_I__s115__instance__severe,RBF_I,instance,severe,115.0,q_alarm_persistence_17,adwin,0.02,1,0,complete
60000,57000,30400,7600,8,2.5623300839797594,False,3000,rl,True,56050,0.5443175735950044,0.5386574162496818,14252,7440,0.5220319955094022,41798,19788,0.4734197808507584,,,RBF_I__s115__instance__severe,RBF_I,instance,severe,115.0,q_alarm_persistence_17,adwin,0.02,5,4,complete
60000,57000,31350,5700,6,2.532776999985799,False,3000,rl,True,56050,0.5446387154326494,0.5395434749850706,14252,7667,0.5379595846197025,41798,19065,0.45612230250251207,,,RBF_I__s115__instance__severe,RBF_I,instance,severe,115.0,q_alarm_persistence_17,adwin,0.05,5,4,complete
60000,57000,51300,0,0,2.9146416670118924,False,3000,rl,True,56050,0.5326315789473685,0.5304053482658276,14252,12807,0.8986107213022734,41798,4255,0.10179912914493516,,,RBF_I__s115__instance__severe,RBF_I,instance,severe,115.0,q_alarm_persistence_27,adwin,0.01,1,0,complete
60000,57000,46550,0,0,2.873431250001886,False,3000,rl,True,56050,0.5314897413024086,0.5267755857854688,14252,11698,0.8207970811114229,41798,7896,0.18890856021819225,,,RBF_I__s115__instance__severe,RBF_I,instance,severe,115.0,q_alarm_persistence_27,adwin,0.05,1,0,complete
60000,57000,43700,0,0,2.796168625005521,False,3000,rl,True,56050,0.4933630686886708,0.48907788725597356,14252,10878,0.7632612966601179,41798,9926,0.23747547729556437,,,RBF_I__s115__instance__severe,RBF_I,instance,severe,115.0,q_alarm_persistence_27,adwin,0.01,5,4,complete
60000,57000,49400,0,0,2.8721490830066614,False,3000,rl,True,56050,0.5131668153434433,0.5101165452817442,14252,12327,0.8649312377210217,41798,5675,0.13577204650940236,,,RBF_I__s115__instance__severe,RBF_I,instance,severe,115.0,q_alarm_persistence_27,adwin,0.02,1,0,complete
60000,57000,41800,0,0,2.71557870900142,False,3000,rl,True,56050,0.5304014272970562,0.5256901838962758,14252,10411,0.7304939657591917,41798,11359,0.27175941432604434,,,RBF_I__s115__instance__severe,RBF_I,instance,severe,115.0,q_alarm_persistence_27,adwin,0.02,5,4,complete
60000,57000,43700,0,0,2.87585820897948,False,3000,rl,True,56050,0.5134522747546834,0.5102400225301584,14252,10868,0.7625596407521751,41798,9916,0.2372362313986315,,,RBF_I__s115__instance__severe,RBF_I,instance,severe,115.0,q_alarm_persistence_27,adwin,0.05,5,4,complete
60000,57000,51300,0,0,2.8849858330213465,False,3000,none,True,56050,0.5326315789473685,0.5304053482658276,14252,12807,0.8986107213022734,41798,4255,0.10179912914493516,,,RBF_I__s115__instance__severe,RBF_I,instance,severe,115.0,no_reset,hddm_w,0.01,1,0,complete
60000,57000,46550,0,0,2.894979541990324,False,3000,none,True,56050,0.5314897413024086,0.5267755857854688,14252,11698,0.8207970811114229,41798,7896,0.18890856021819225,,,RBF_I__s115__instance__severe,RBF_I,instance,severe,115.0,no_reset,hddm_w,0.05,1,0,complete
60000,57000,43700,0,0,2.763037416996667,False,3000,none,True,56050,0.4933630686886708,0.48907788725597356,14252,10878,0.7632612966601179,41798,9926,0.23747547729556437,,,RBF_I__s115__instance__severe,RBF_I,instance,severe,115.0,no_reset,hddm_w,0.01,5,4,complete
60000,57000,49400,0,0,2.7828175830072723,False,3000,none,True,56050,0.5131668153434433,0.5101165452817442,14252,12327,0.8649312377210217,41798,5675,0.13577204650940236,,,RBF_I__s115__instance__severe,RBF_I,instance,severe,115.0,no_reset,hddm_w,0.02,1,0,complete
60000,57000,41800,0,0,2.7982015419984236,False,3000,none,True,56050,0.5304014272970562,0.5256901838962758,14252,10411,0.7304939657591917,41798,11359,0.27175941432604434,,,RBF_I__s115__instance__severe,RBF_I,instance,severe,115.0,no_reset,hddm_w,0.02,5,4,complete
60000,57000,43700,0,0,2.873787375021493,False,3000,none,True,56050,0.5134522747546834,0.5102400225301584,14252,10868,0.7625596407521751,41798,9916,0.2372362313986315,,,RBF_I__s115__instance__severe,RBF_I,instance,severe,115.0,no_reset,hddm_w,0.05,5,4,complete
60000,66500,51300,5700,2,2.9224937499966472,False,3000,confirmed,True,56050,0.5636039250669046,0.559591623058969,14252,11799,0.8278838057816447,41798,7047,0.1685965835685918,,,RBF_I__s115__instance__severe,RBF_I,instance,severe,115.0,confirmed,hddm_w,0.01,1,0,complete
60000,66500,39900,2850,1,3.095106249995297,True,3000,confirmed,True,56050,0.5608028545941124,0.558418448416171,14252,9680,0.6792029188885771,41798,13478,0.3224556198861189,,,RBF_I__s115__instance__severe,RBF_I,instance,severe,115.0,confirmed,hddm_w,0.05,1,0,complete
60000,64600,43700,8550,3,2.7273363750136923,False,3000,confirmed,True,56050,0.5395182872435326,0.5323247318331159,14252,10165,0.7132332304238002,41798,12063,0.2886023254701182,,,RBF_I__s115__instance__severe,RBF_I,instance,severe,115.0,confirmed,hddm_w,0.01,5,4,complete
60000,66500,50350,8550,3,2.8903078750008717,True,3000,confirmed,True,56050,0.5395004460303301,0.5320235623119123,14252,11353,0.7965899522873983,41798,8501,0.20338293698263074,,,RBF_I__s115__instance__severe,RBF_I,instance,severe,115.0,confirmed,hddm_w,0.02,1,0,complete
60000,66500,44650,5700,2,3.0150418330158573,False,3000,confirmed,True,56050,0.5453702051739518,0.5400453555675326,14252,10176,0.7140050519225372,41798,12074,0.2888654959567443,,,RBF_I__s115__instance__severe,RBF_I,instance,severe,115.0,confirmed,hddm_w,0.02,5,4,complete
60000,66500,38950,8550,3,2.9258044580055866,False,3000,confirmed,True,56050,0.5396253345227475,0.533086585538531,14252,8930,0.6265787257928712,41798,15578,0.37269725824202116,,,RBF_I__s115__instance__severe,RBF_I,instance,severe,115.0,confirmed,hddm_w,0.05,5,4,complete
60000,57000,43700,8550,9,2.5476037499902304,False,3000,rl,True,56050,0.5630686886708296,0.556868464075951,14252,10825,0.7595425203480213,41798,9873,0.2362074740418202,,,RBF_I__s115__instance__severe,RBF_I,instance,severe,115.0,error_rule,hddm_w,0.01,1,0,complete
60000,57000,37050,7600,8,2.676952458001324,False,3000,rl,True,56050,0.5602676181980375,0.5542495988607536,14252,9204,0.6458040976705024,41798,14902,0.3565242356093593,,,RBF_I__s115__instance__severe,RBF_I,instance,severe,115.0,error_rule,hddm_w,0.05,1,0,complete
60000,57000,38950,9500,10,2.6286337499914225,False,3000,rl,True,56050,0.559464763603925,0.5537293440701757,14252,9588,0.6727476845355038,41798,13386,0.3202545576343366,,,RBF_I__s115__instance__severe,RBF_I,instance,severe,115.0,error_rule,hddm_w,0.01,5,4,complete
60000,57000,38000,7600,8,2.636608166998485,False,3000,rl,True,56050,0.5557894736842105,0.5501037971531877,14252,9449,0.6629946674150996,41798,14197,0.3396573998755921,,,RBF_I__s115__instance__severe,RBF_I,instance,severe,115.0,error_rule,hddm_w,0.02,1,0,complete
60000,57000,29450,7600,8,2.6380749580275733,False,3000,rl,True,56050,0.544442462087422,0.5387966787761025,14252,7192,0.5046309289924221,41798,20490,0.4902148428154457,,,RBF_I__s115__instance__severe,RBF_I,instance,severe,115.0,error_rule,hddm_w,0.02,5,4,complete
60000,57000,28500,5700,6,2.608791917009512,False,3000,rl,True,56050,0.552471008028546,0.5470014625060554,14252,6944,0.48722986247544203,41798,21192,0.507009904780133,,,RBF_I__s115__instance__severe,RBF_I,instance,severe,115.0,error_rule,hddm_w,0.05,5,4,complete
60000,57000,51300,0,0,3.0073549580120016,False,3000,rl,True,56050,0.5326315789473685,0.5304053482658276,14252,12807,0.8986107213022734,41798,4255,0.10179912914493516,,,RBF_I__s115__instance__severe,RBF_I,instance,severe,115.0,selected_map,hddm_w,0.01,1,0,complete
60000,57000,46550,0,0,2.930789083999116,False,3000,rl,True,56050,0.5314897413024086,0.5267755857854688,14252,11698,0.8207970811114229,41798,7896,0.18890856021819225,,,RBF_I__s115__instance__severe,RBF_I,instance,severe,115.0,selected_map,hddm_w,0.05,1,0,complete
60000,57000,43700,0,0,2.851807083003223,False,3000,rl,True,56050,0.4933630686886708,0.48907788725597356,14252,10878,0.7632612966601179,41798,9926,0.23747547729556437,,,RBF_I__s115__instance__severe,RBF_I,instance,severe,115.0,selected_map,hddm_w,0.01,5,4,complete
60000,57000,49400,0,0,2.9380772079748567,False,3000,rl,True,56050,0.5131668153434433,0.5101165452817442,14252,12327,0.8649312377210217,41798,5675,0.13577204650940236,,,RBF_I__s115__instance__severe,RBF_I,instance,severe,115.0,selected_map,hddm_w,0.02,1,0,complete
60000,57000,41800,0,0,2.7785850419895723,False,3000,rl,True,56050,0.5304014272970562,0.5256901838962758,14252,10411,0.7304939657591917,41798,11359,0.27175941432604434,,,RBF_I__s115__instance__severe,RBF_I,instance,severe,115.0,selected_map,hddm_w,0.02,5,4,complete
60000,57000,43700,0,0,2.9500267500116024,False,3000,rl,True,56050,0.5134522747546834,0.5102400225301584,14252,10868,0.7625596407521751,41798,9916,0.2372362313986315,,,RBF_I__s115__instance__severe,RBF_I,instance,severe,115.0,selected_map,hddm_w,0.05,5,4,complete
60000,57000,51300,0,0,2.9692119589890353,False,3000,rl,True,56050,0.5326315789473685,0.5304053482658276,14252,12807,0.8986107213022734,41798,4255,0.10179912914493516,,,RBF_I__s115__instance__severe,RBF_I,instance,severe,115.0,q_alarm_persistence_7,hddm_w,0.01,1,0,complete
60000,57000,46550,0,0,2.9783269580075284,False,3000,rl,True,56050,0.5314897413024086,0.5267755857854688,14252,11698,0.8207970811114229,41798,7896,0.18890856021819225,,,RBF_I__s115__instance__severe,RBF_I,instance,severe,115.0,q_alarm_persistence_7,hddm_w,0.05,1,0,complete
60000,57000,43700,0,0,2.8501954580133315,False,3000,rl,True,56050,0.4933630686886708,0.48907788725597356,14252,10878,0.7632612966601179,41798,9926,0.23747547729556437,,,RBF_I__s115__instance__severe,RBF_I,instance,severe,115.0,q_alarm_persistence_7,hddm_w,0.01,5,4,complete
60000,57000,49400,0,0,2.8648727920081,False,3000,rl,True,56050,0.5131668153434433,0.5101165452817442,14252,12327,0.8649312377210217,41798,5675,0.13577204650940236,,,RBF_I__s115__instance__severe,RBF_I,instance,severe,115.0,q_alarm_persistence_7,hddm_w,0.02,1,0,complete
60000,57000,41800,0,0,2.8660474159987643,False,3000,rl,True,56050,0.5304014272970562,0.5256901838962758,14252,10411,0.7304939657591917,41798,11359,0.27175941432604434,,,RBF_I__s115__instance__severe,RBF_I,instance,severe,115.0,q_alarm_persistence_7,hddm_w,0.02,5,4,complete
60000,57000,43700,0,0,2.9412272500048857,False,3000,rl,True,56050,0.5134522747546834,0.5102400225301584,14252,10868,0.7625596407521751,41798,9916,0.2372362313986315,,,RBF_I__s115__instance__severe,RBF_I,instance,severe,115.0,q_alarm_persistence_7,hddm_w,0.05,5,4,complete
60000,57000,42750,4750,5,2.6141882500087377,False,3000,rl,True,56050,0.5522390722569135,0.546436213814262,14252,10540,0.7395453269716531,41798,10538,0.2521173261878559,,,RBF_I__s115__instance__severe,RBF_I,instance,severe,115.0,q_alarm_persistence_17,hddm_w,0.01,1,0,complete
60000,57000,35150,4750,5,2.6461407090100693,False,3000,rl,True,56050,0.556485280999108,0.5508084579675813,14252,8703,0.6106511366825709,41798,16301,0.38999473659026745,,,RBF_I__s115__instance__severe,RBF_I,instance,severe,115.0,q_alarm_persistence_17,hddm_w,0.05,1,0,complete
60000,57000,40850,5700,6,2.559943458007183,False,3000,rl,True,56050,0.5533809099018733,0.5483475762732861,14252,10090,0.7079708111142295,41798,11988,0.2868079812431217,,,RBF_I__s115__instance__severe,RBF_I,instance,severe,115.0,q_alarm_persistence_17,hddm_w,0.01,5,4,complete
60000,57000,43700,5700,6,2.674101459007943,False,3000,rl,True,56050,0.5614094558429973,0.5557943514348608,14252,10843,0.7608055009823183,41798,9891,0.23663811665629936,,,RBF_I__s115__instance__severe,RBF_I,instance,severe,115.0,q_alarm_persistence_17,hddm_w,0.02,1,0,complete
60000,57000,34200,5700,6,2.6426152079948224,False,3000,rl,True,56050,0.5446743978590545,0.5398056586191329,14252,8403,0.5896014594442885,41798,16951,0.4055457198909039,,,RBF_I__s115__instance__severe,RBF_I,instance,severe,115.0,q_alarm_persistence_17,hddm_w,0.02,5,4,complete
60000,57000,30400,2850,3,2.684670749993529,False,3000,rl,True,56050,0.5552363960749331,0.5498651533845633,14252,7444,0.5223126578725793,41798,19792,0.4735154792095316,,,RBF_I__s115__instance__severe,RBF_I,instance,severe,115.0,q_alarm_persistence_17,hddm_w,0.05,5,4,complete
60000,57000,51300,0,0,2.92071420798311,False,3000,rl,True,56050,0.5326315789473685,0.5304053482658276,14252,12807,0.8986107213022734,41798,4255,0.10179912914493516,,,RBF_I__s115__instance__severe,RBF_I,instance,severe,115.0,q_alarm_persistence_27,hddm_w,0.01,1,0,complete
60000,57000,46550,0,0,2.9615462919900892,False,3000,rl,True,56050,0.5314897413024086,0.5267755857854688,14252,11698,0.8207970811114229,41798,7896,0.18890856021819225,,,RBF_I__s115__instance__severe,RBF_I,instance,severe,115.0,q_alarm_persistence_27,hddm_w,0.05,1,0,complete
60000,57000,43700,0,0,2.872117332997732,False,3000,rl,True,56050,0.4933630686886708,0.48907788725597356,14252,10878,0.7632612966601179,41798,9926,0.23747547729556437,,,RBF_I__s115__instance__severe,RBF_I,instance,severe,115.0,q_alarm_persistence_27,hddm_w,0.01,5,4,complete
60000,57000,49400,0,0,2.9674241250031628,False,3000,rl,True,56050,0.5131668153434433,0.5101165452817442,14252,12327,0.8649312377210217,41798,5675,0.13577204650940236,,,RBF_I__s115__instance__severe,RBF_I,instance,severe,115.0,q_alarm_persistence_27,hddm_w,0.02,1,0,complete
60000,57000,41800,0,0,2.83953141598613,False,3000,rl,True,56050,0.5304014272970562,0.5256901838962758,14252,10411,0.7304939657591917,41798,11359,0.27175941432604434,,,RBF_I__s115__instance__severe,RBF_I,instance,severe,115.0,q_alarm_persistence_27,hddm_w,0.02,5,4,complete
60000,57000,43700,0,0,2.8679615420114715,False,3000,rl,True,56050,0.5134522747546834,0.5102400225301584,14252,10868,0.7625596407521751,41798,9916,0.2372362313986315,,,RBF_I__s115__instance__severe,RBF_I,instance,severe,115.0,q_alarm_persistence_27,hddm_w,0.05,5,4,complete
60000,57000,51300,0,0,2.9348017500014976,False,3000,none,True,56050,0.5326315789473685,0.5304053482658276,14252,12807,0.8986107213022734,41798,4255,0.10179912914493516,,,RBF_I__s115__instance__severe,RBF_I,instance,severe,115.0,no_reset,hellinger,0.01,1,0,complete
60000,57000,46550,0,0,2.900507166996249,False,3000,none,True,56050,0.5314897413024086,0.5267755857854688,14252,11698,0.8207970811114229,41798,7896,0.18890856021819225,,,RBF_I__s115__instance__severe,RBF_I,instance,severe,115.0,no_reset,hellinger,0.05,1,0,complete
60000,57000,43700,0,0,2.7851749580004252,False,3000,none,True,56050,0.4933630686886708,0.48907788725597356,14252,10878,0.7632612966601179,41798,9926,0.23747547729556437,,,RBF_I__s115__instance__severe,RBF_I,instance,severe,115.0,no_reset,hellinger,0.01,5,4,complete
60000,57000,49400,0,0,2.879456875001779,False,3000,none,True,56050,0.5131668153434433,0.5101165452817442,14252,12327,0.8649312377210217,41798,5675,0.13577204650940236,,,RBF_I__s115__instance__severe,RBF_I,instance,severe,115.0,no_reset,hellinger,0.02,1,0,complete
60000,57000,41800,0,0,2.729671666980721,False,3000,none,True,56050,0.5304014272970562,0.5256901838962758,14252,10411,0.7304939657591917,41798,11359,0.27175941432604434,,,RBF_I__s115__instance__severe,RBF_I,instance,severe,115.0,no_reset,hellinger,0.02,5,4,complete
60000,57000,43700,0,0,2.912818665994564,False,3000,none,True,56050,0.5134522747546834,0.5102400225301584,14252,10868,0.7625596407521751,41798,9916,0.2372362313986315,,,RBF_I__s115__instance__severe,RBF_I,instance,severe,115.0,no_reset,hellinger,0.05,5,4,complete
60000,62700,51300,8550,3,2.7299784169881605,True,3000,confirmed,True,56050,0.5595361284567351,0.5540850924238074,14252,12051,0.8455655346618018,41798,6349,0.15189721996267763,,,RBF_I__s115__instance__severe,RBF_I,instance,severe,115.0,confirmed,hellinger,0.01,1,0,complete
60000,62700,46550,8550,3,2.789318999988609,True,3000,confirmed,True,56050,0.5578055307760927,0.5520572349739097,14252,10189,0.7149172046028628,41798,12087,0.2891765156227571,,,RBF_I__s115__instance__severe,RBF_I,instance,severe,115.0,confirmed,hellinger,0.05,1,0,complete
60000,62700,48450,8550,3,2.694520457996987,True,3000,confirmed,True,56050,0.5531668153434434,0.5463719717449105,14252,11102,0.7789783889980354,41798,9200,0.2201062251782382,,,RBF_I__s115__instance__severe,RBF_I,instance,severe,115.0,confirmed,hellinger,0.01,5,4,complete
60000,60800,49400,2850,1,2.810719708999386,False,3000,confirmed,True,56050,0.5848884924174844,0.5819545767913017,14252,12054,0.8457760314341847,41798,6352,0.1519689937317575,,,RBF_I__s115__instance__severe,RBF_I,instance,severe,115.0,confirmed,hellinger,0.02,1,0,complete
60000,57000,43700,8550,9,2.5320636249962263,False,3000,rl,True,56050,0.5630686886708296,0.556868464075951,14252,10825,0.7595425203480213,41798,9873,0.2362074740418202,,,RBF_I__s115__instance__severe,RBF_I,instance,severe,115.0,error_rule,hellinger,0.01,1,0,complete
60000,60800,38000,0,0,2.8669183750171214,True,3000,confirmed,True,56050,0.5267082961641392,0.5222280934931312,14252,9416,0.6606792029188886,41798,14164,0.3388678884157137,,,RBF_I__s115__instance__severe,RBF_I,instance,severe,115.0,confirmed,hellinger,0.02,5,4,complete
60000,62700,39900,0,0,2.9582911250181496,True,3000,confirmed,True,56050,0.5081891168599465,0.5033657077678582,14252,9891,0.694007858546169,41798,12739,0.30477534810278006,,,RBF_I__s115__instance__severe,RBF_I,instance,severe,115.0,confirmed,hellinger,0.05,5,4,complete
60000,57000,37050,7600,8,2.6424311669979943,False,3000,rl,True,56050,0.5602676181980375,0.5542495988607536,14252,9204,0.6458040976705024,41798,14902,0.3565242356093593,,,RBF_I__s115__instance__severe,RBF_I,instance,severe,115.0,error_rule,hellinger,0.05,1,0,complete
60000,57000,38950,9500,10,2.464528083015466,False,3000,rl,True,56050,0.559464763603925,0.5537293440701757,14252,9588,0.6727476845355038,41798,13386,0.3202545576343366,,,RBF_I__s115__instance__severe,RBF_I,instance,severe,115.0,error_rule,hellinger,0.01,5,4,complete
60000,57000,38000,7600,8,2.559255749976728,False,3000,rl,True,56050,0.5557894736842105,0.5501037971531877,14252,9449,0.6629946674150996,41798,14197,0.3396573998755921,,,RBF_I__s115__instance__severe,RBF_I,instance,severe,115.0,error_rule,hellinger,0.02,1,0,complete
60000,57000,29450,7600,8,2.5599902079848107,False,3000,rl,True,56050,0.544442462087422,0.5387966787761025,14252,7192,0.5046309289924221,41798,20490,0.4902148428154457,,,RBF_I__s115__instance__severe,RBF_I,instance,severe,115.0,error_rule,hellinger,0.02,5,4,complete
60000,57000,28500,5700,6,2.582035875006113,False,3000,rl,True,56050,0.552471008028546,0.5470014625060554,14252,6944,0.48722986247544203,41798,21192,0.507009904780133,,,RBF_I__s115__instance__severe,RBF_I,instance,severe,115.0,error_rule,hellinger,0.05,5,4,complete
60000,57000,51300,0,0,2.848475958016934,False,3000,rl,True,56050,0.5326315789473685,0.5304053482658276,14252,12807,0.8986107213022734,41798,4255,0.10179912914493516,,,RBF_I__s115__instance__severe,RBF_I,instance,severe,115.0,selected_map,hellinger,0.01,1,0,complete
60000,57000,46550,0,0,2.9453982499981066,False,3000,rl,True,56050,0.5314897413024086,0.5267755857854688,14252,11698,0.8207970811114229,41798,7896,0.18890856021819225,,,RBF_I__s115__instance__severe,RBF_I,instance,severe,115.0,selected_map,hellinger,0.05,1,0,complete
60000,57000,43700,0,0,2.815050250006607,False,3000,rl,True,56050,0.4933630686886708,0.48907788725597356,14252,10878,0.7632612966601179,41798,9926,0.23747547729556437,,,RBF_I__s115__instance__severe,RBF_I,instance,severe,115.0,selected_map,hellinger,0.01,5,4,complete
60000,57000,49400,0,0,2.9151650000130758,False,3000,rl,True,56050,0.5131668153434433,0.5101165452817442,14252,12327,0.8649312377210217,41798,5675,0.13577204650940236,,,RBF_I__s115__instance__severe,RBF_I,instance,severe,115.0,selected_map,hellinger,0.02,1,0,complete
60000,57000,41800,0,0,2.829039999982342,False,3000,rl,True,56050,0.5304014272970562,0.5256901838962758,14252,10411,0.7304939657591917,41798,11359,0.27175941432604434,,,RBF_I__s115__instance__severe,RBF_I,instance,severe,115.0,selected_map,hellinger,0.02,5,4,complete
60000,57000,43700,0,0,2.85000691600726,False,3000,rl,True,56050,0.5134522747546834,0.5102400225301584,14252,10868,0.7625596407521751,41798,9916,0.2372362313986315,,,RBF_I__s115__instance__severe,RBF_I,instance,severe,115.0,selected_map,hellinger,0.05,5,4,complete
60000,57000,44650,950,1,2.6903781660075765,False,3000,rl,True,56050,0.5479036574487065,0.542998326141749,14252,11197,0.7856441201234914,41798,9295,0.22237906119910045,,,RBF_I__s115__instance__severe,RBF_I,instance,severe,115.0,q_alarm_persistence_7,hellinger,0.01,1,0,complete
60000,57000,40850,1900,2,2.6391392910009017,False,3000,rl,True,56050,0.5450669045495093,0.5411147182230522,14252,10190,0.714987370193657,41798,12088,0.28920044021245034,,,RBF_I__s115__instance__severe,RBF_I,instance,severe,115.0,q_alarm_persistence_7,hellinger,0.05,1,0,complete
60000,57000,42750,950,1,2.664525332977064,False,3000,rl,True,56050,0.5487600356824264,0.5459726593639691,14252,10656,0.747684535503789,41798,10654,0.25489257859227715,,,RBF_I__s115__instance__severe,RBF_I,instance,severe,115.0,q_alarm_persistence_7,hellinger,0.01,5,4,complete
60000,57000,38950,1900,2,2.6238342500000726,False,3000,rl,True,56050,0.5505619982158787,0.5470869527826235,14252,9637,0.6761857984844233,41798,13435,0.32142686252930763,,,RBF_I__s115__instance__severe,RBF_I,instance,severe,115.0,q_alarm_persistence_7,hellinger,0.02,1,0,complete
60000,57000,35150,0,0,2.698088082979666,False,3000,rl,True,56050,0.5456199821587868,0.5414878440967272,14252,8623,0.6050378894190289,41798,16221,0.3880807694148045,,,RBF_I__s115__instance__severe,RBF_I,instance,severe,115.0,q_alarm_persistence_7,hellinger,0.02,5,4,complete
60000,57000,42750,6650,7,2.5454359159921296,False,3000,rl,True,56050,0.5631043710972347,0.5569032773088006,14252,10591,0.7431237721021611,41798,10589,0.2533374802622135,,,RBF_I__s115__instance__severe,RBF_I,instance,severe,115.0,q_alarm_persistence_17,hellinger,0.01,1,0,complete
60000,57000,36100,0,0,2.8080189999891445,False,3000,rl,True,56050,0.5378055307760927,0.5332284849867702,14252,8921,0.6259472354757227,41798,15569,0.37248193693478154,,,RBF_I__s115__instance__severe,RBF_I,instance,severe,115.0,q_alarm_persistence_7,hellinger,0.05,5,4,complete
60000,57000,37050,7600,8,2.615464749993407,False,3000,rl,True,56050,0.5602676181980375,0.5542495988607536,14252,9204,0.6458040976705024,41798,14902,0.3565242356093593,,,RBF_I__s115__instance__severe,RBF_I,instance,severe,115.0,q_alarm_persistence_17,hellinger,0.05,1,0,complete
60000,57000,38950,9500,10,2.516730874980567,False,3000,rl,True,56050,0.559464763603925,0.5537293440701757,14252,9588,0.6727476845355038,41798,13386,0.3202545576343366,,,RBF_I__s115__instance__severe,RBF_I,instance,severe,115.0,q_alarm_persistence_17,hellinger,0.01,5,4,complete
60000,57000,38000,7600,8,2.490386249992298,False,3000,rl,True,56050,0.5557894736842105,0.5501037971531877,14252,9449,0.6629946674150996,41798,14197,0.3396573998755921,,,RBF_I__s115__instance__severe,RBF_I,instance,severe,115.0,q_alarm_persistence_17,hellinger,0.02,1,0,complete
60000,57000,30400,7600,8,2.5696694159996696,False,3000,rl,True,56050,0.5450669045495093,0.5395075859034931,14252,7428,0.5211900084198708,41798,19776,0.47313268577443895,,,RBF_I__s115__instance__severe,RBF_I,instance,severe,115.0,q_alarm_persistence_17,hellinger,0.02,5,4,complete
60000,57000,29450,5700,6,2.592940375005128,False,3000,rl,True,56050,0.5529170383586084,0.5474024814250449,14252,7193,0.5047010945832164,41798,20491,0.490238767405139,,,RBF_I__s115__instance__severe,RBF_I,instance,severe,115.0,q_alarm_persistence_17,hellinger,0.05,5,4,complete
60000,57000,51300,0,0,2.920053750014631,False,3000,rl,True,56050,0.5326315789473685,0.5304053482658276,14252,12807,0.8986107213022734,41798,4255,0.10179912914493516,,,RBF_I__s115__instance__severe,RBF_I,instance,severe,115.0,q_alarm_persistence_27,hellinger,0.01,1,0,complete
60000,57000,46550,0,0,2.881947083005798,False,3000,rl,True,56050,0.5314897413024086,0.5267755857854688,14252,11698,0.8207970811114229,41798,7896,0.18890856021819225,,,RBF_I__s115__instance__severe,RBF_I,instance,severe,115.0,q_alarm_persistence_27,hellinger,0.05,1,0,complete
60000,57000,43700,0,0,2.7271283749723807,False,3000,rl,True,56050,0.4933630686886708,0.48907788725597356,14252,10878,0.7632612966601179,41798,9926,0.23747547729556437,,,RBF_I__s115__instance__severe,RBF_I,instance,severe,115.0,q_alarm_persistence_27,hellinger,0.01,5,4,complete
60000,57000,49400,0,0,2.9164232090115547,False,3000,rl,True,56050,0.5131668153434433,0.5101165452817442,14252,12327,0.8649312377210217,41798,5675,0.13577204650940236,,,RBF_I__s115__instance__severe,RBF_I,instance,severe,115.0,q_alarm_persistence_27,hellinger,0.02,1,0,complete
60000,57000,41800,0,0,2.7877508329984266,False,3000,rl,True,56050,0.5304014272970562,0.5256901838962758,14252,10411,0.7304939657591917,41798,11359,0.27175941432604434,,,RBF_I__s115__instance__severe,RBF_I,instance,severe,115.0,q_alarm_persistence_27,hellinger,0.02,5,4,complete
60000,57000,43700,0,0,2.871177833992988,False,3000,rl,True,56050,0.5134522747546834,0.5102400225301584,14252,10868,0.7625596407521751,41798,9916,0.2372362313986315,,,RBF_I__s115__instance__severe,RBF_I,instance,severe,115.0,q_alarm_persistence_27,hellinger,0.05,5,4,complete
60000,57000,51300,0,0,2.8254237919754814,False,3000,none,True,56050,0.5326315789473685,0.5304053482658276,14252,12807,0.8986107213022734,41798,4255,0.10179912914493516,,,RBF_I__s115__instance__severe,RBF_I,instance,severe,115.0,no_reset,d3_oof,0.01,1,0,complete
60000,57000,46550,0,0,2.894390500005102,False,3000,none,True,56050,0.5314897413024086,0.5267755857854688,14252,11698,0.8207970811114229,41798,7896,0.18890856021819225,,,RBF_I__s115__instance__severe,RBF_I,instance,severe,115.0,no_reset,d3_oof,0.05,1,0,complete
60000,57000,43700,0,0,2.773638916987693,False,3000,none,True,56050,0.4933630686886708,0.48907788725597356,14252,10878,0.7632612966601179,41798,9926,0.23747547729556437,,,RBF_I__s115__instance__severe,RBF_I,instance,severe,115.0,no_reset,d3_oof,0.01,5,4,complete
60000,57000,49400,0,0,2.842612000007648,False,3000,none,True,56050,0.5131668153434433,0.5101165452817442,14252,12327,0.8649312377210217,41798,5675,0.13577204650940236,,,RBF_I__s115__instance__severe,RBF_I,instance,severe,115.0,no_reset,d3_oof,0.02,1,0,complete
60000,57000,41800,0,0,2.752750624989858,False,3000,none,True,56050,0.5304014272970562,0.5256901838962758,14252,10411,0.7304939657591917,41798,11359,0.27175941432604434,,,RBF_I__s115__instance__severe,RBF_I,instance,severe,115.0,no_reset,d3_oof,0.02,5,4,complete
60000,57000,43700,0,0,2.784626708016731,False,3000,none,True,56050,0.5134522747546834,0.5102400225301584,14252,10868,0.7625596407521751,41798,9916,0.2372362313986315,,,RBF_I__s115__instance__severe,RBF_I,instance,severe,115.0,no_reset,d3_oof,0.05,5,4,complete
60000,58900,53200,2850,1,2.9116944999841508,False,3000,confirmed,True,56050,0.5467796610169492,0.5428114609473423,14252,12828,0.9000841987089532,41798,4276,0.10230154552849419,,,RBF_I__s115__instance__severe,RBF_I,instance,severe,115.0,confirmed,d3_oof,0.01,1,0,complete
60000,58900,45600,2850,1,2.922568042005878,False,3000,confirmed,True,56050,0.5367528991971454,0.5317680647139716,14252,10952,0.7684535503788942,41798,10000,0.2392458969328676,,,RBF_I__s115__instance__severe,RBF_I,instance,severe,115.0,confirmed,d3_oof,0.05,1,0,complete
60000,58900,46550,2850,1,2.8467925419972744,False,3000,confirmed,True,56050,0.5336842105263158,0.5287660109301724,14252,11349,0.7963092899242211,41798,8497,0.2032872386238576,,,RBF_I__s115__instance__severe,RBF_I,instance,severe,115.0,confirmed,d3_oof,0.01,5,4,complete
60000,58900,49400,2850,1,2.904254667024361,False,3000,confirmed,True,56050,0.54049955396967,0.5363727038046388,14252,11813,0.8288661240527645,41798,7061,0.16893152782429782,,,RBF_I__s115__instance__severe,RBF_I,instance,severe,115.0,confirmed,d3_oof,0.02,1,0,complete
60000,58900,38950,0,0,2.877612083015265,False,3000,confirmed,True,56050,0.5257270294380018,0.5208386145114726,14252,9697,0.6803957339320797,41798,13495,0.32286233791090485,,,RBF_I__s115__instance__severe,RBF_I,instance,severe,115.0,confirmed,d3_oof,0.02,5,4,complete
60000,57000,43700,8550,9,2.600613083981443,False,3000,rl,True,56050,0.5630686886708296,0.556868464075951,14252,10825,0.7595425203480213,41798,9873,0.2362074740418202,,,RBF_I__s115__instance__severe,RBF_I,instance,severe,115.0,error_rule,d3_oof,0.01,1,0,complete
60000,58900,41800,2850,1,2.9599612909951247,False,3000,confirmed,True,56050,0.5279750223015165,0.5234561242880819,14252,10357,0.7267050238563009,41798,11305,0.2704674864826068,,,RBF_I__s115__instance__severe,RBF_I,instance,severe,115.0,confirmed,d3_oof,0.05,5,4,complete
60000,57000,37050,7600,8,2.680147416991531,False,3000,rl,True,56050,0.5602676181980375,0.5542495988607536,14252,9204,0.6458040976705024,41798,14902,0.3565242356093593,,,RBF_I__s115__instance__severe,RBF_I,instance,severe,115.0,error_rule,d3_oof,0.05,1,0,complete
60000,57000,38950,9500,10,2.607256082992535,False,3000,rl,True,56050,0.559464763603925,0.5537293440701757,14252,9588,0.6727476845355038,41798,13386,0.3202545576343366,,,RBF_I__s115__instance__severe,RBF_I,instance,severe,115.0,error_rule,d3_oof,0.01,5,4,complete
60000,57000,38000,7600,8,2.5341757090063766,False,3000,rl,True,56050,0.5557894736842105,0.5501037971531877,14252,9449,0.6629946674150996,41798,14197,0.3396573998755921,,,RBF_I__s115__instance__severe,RBF_I,instance,severe,115.0,error_rule,d3_oof,0.02,1,0,complete
60000,57000,29450,7600,8,2.620351874997141,False,3000,rl,True,56050,0.544442462087422,0.5387966787761025,14252,7192,0.5046309289924221,41798,20490,0.4902148428154457,,,RBF_I__s115__instance__severe,RBF_I,instance,severe,115.0,error_rule,d3_oof,0.02,5,4,complete
60000,57000,28500,5700,6,2.6838965000060853,False,3000,rl,True,56050,0.552471008028546,0.5470014625060554,14252,6944,0.48722986247544203,41798,21192,0.507009904780133,,,RBF_I__s115__instance__severe,RBF_I,instance,severe,115.0,error_rule,d3_oof,0.05,5,4,complete
60000,57000,43700,0,0,2.823971874982817,False,3000,rl,True,56050,0.4933630686886708,0.48907788725597356,14252,10878,0.7632612966601179,41798,9926,0.23747547729556437,,,RBF_I__s115__instance__severe,RBF_I,instance,severe,115.0,selected_map,d3_oof,0.01,5,4,complete
60000,57000,46550,0,0,2.9970544169918867,False,3000,rl,True,56050,0.5314897413024086,0.5267755857854688,14252,11698,0.8207970811114229,41798,7896,0.18890856021819225,,,RBF_I__s115__instance__severe,RBF_I,instance,severe,115.0,selected_map,d3_oof,0.05,1,0,complete
60000,57000,51300,0,0,3.011413625004934,False,3000,rl,True,56050,0.5326315789473685,0.5304053482658276,14252,12807,0.8986107213022734,41798,4255,0.10179912914493516,,,RBF_I__s115__instance__severe,RBF_I,instance,severe,115.0,selected_map,d3_oof,0.01,1,0,complete
60000,57000,49400,0,0,2.9644031669886317,False,3000,rl,True,56050,0.5131668153434433,0.5101165452817442,14252,12327,0.8649312377210217,41798,5675,0.13577204650940236,,,RBF_I__s115__instance__severe,RBF_I,instance,severe,115.0,selected_map,d3_oof,0.02,1,0,complete
60000,57000,41800,0,0,2.8996416249719914,False,3000,rl,True,56050,0.5304014272970562,0.5256901838962758,14252,10411,0.7304939657591917,41798,11359,0.27175941432604434,,,RBF_I__s115__instance__severe,RBF_I,instance,severe,115.0,selected_map,d3_oof,0.02,5,4,complete
60000,57000,43700,0,0,2.9053858749975916,False,3000,rl,True,56050,0.5134522747546834,0.5102400225301584,14252,10868,0.7625596407521751,41798,9916,0.2372362313986315,,,RBF_I__s115__instance__severe,RBF_I,instance,severe,115.0,selected_map,d3_oof,0.05,5,4,complete
60000,57000,51300,0,0,2.9995368749951012,False,3000,rl,True,56050,0.5326315789473685,0.5304053482658276,14252,12807,0.8986107213022734,41798,4255,0.10179912914493516,,,RBF_I__s115__instance__severe,RBF_I,instance,severe,115.0,q_alarm_persistence_7,d3_oof,0.01,1,0,complete
60000,57000,43700,950,1,2.865830916998675,False,3000,rl,True,56050,0.5362890276538804,0.5311604964263259,14252,10952,0.7684535503788942,41798,10000,0.2392458969328676,,,RBF_I__s115__instance__severe,RBF_I,instance,severe,115.0,q_alarm_persistence_7,d3_oof,0.05,1,0,complete
60000,57000,43700,0,0,2.878704083006596,False,3000,rl,True,56050,0.4933630686886708,0.48907788725597356,14252,10878,0.7632612966601179,41798,9926,0.23747547729556437,,,RBF_I__s115__instance__severe,RBF_I,instance,severe,115.0,q_alarm_persistence_7,d3_oof,0.01,5,4,complete
60000,57000,49400,0,0,2.9886982499738224,False,3000,rl,True,56050,0.5131668153434433,0.5101165452817442,14252,12327,0.8649312377210217,41798,5675,0.13577204650940236,,,RBF_I__s115__instance__severe,RBF_I,instance,severe,115.0,q_alarm_persistence_7,d3_oof,0.02,1,0,complete
60000,57000,41800,0,0,2.822746208985336,False,3000,rl,True,56050,0.5304014272970562,0.5256901838962758,14252,10411,0.7304939657591917,41798,11359,0.27175941432604434,,,RBF_I__s115__instance__severe,RBF_I,instance,severe,115.0,q_alarm_persistence_7,d3_oof,0.02,5,4,complete
60000,57000,43700,0,0,2.967327916994691,False,3000,rl,True,56050,0.5134522747546834,0.5102400225301584,14252,10868,0.7625596407521751,41798,9916,0.2372362313986315,,,RBF_I__s115__instance__severe,RBF_I,instance,severe,115.0,q_alarm_persistence_7,d3_oof,0.05,5,4,complete
60000,57000,43700,8550,9,2.5913200420036446,False,3000,rl,True,56050,0.5630686886708296,0.556868464075951,14252,10825,0.7595425203480213,41798,9873,0.2362074740418202,,,RBF_I__s115__instance__severe,RBF_I,instance,severe,115.0,q_alarm_persistence_17,d3_oof,0.01,1,0,complete
60000,57000,37050,7600,8,2.659846209004172,False,3000,rl,True,56050,0.5602676181980375,0.5542495988607536,14252,9204,0.6458040976705024,41798,14902,0.3565242356093593,,,RBF_I__s115__instance__severe,RBF_I,instance,severe,115.0,q_alarm_persistence_17,d3_oof,0.05,1,0,complete
60000,57000,38950,9500,10,2.5965407920011785,False,3000,rl,True,56050,0.559464763603925,0.5537293440701757,14252,9588,0.6727476845355038,41798,13386,0.3202545576343366,,,RBF_I__s115__instance__severe,RBF_I,instance,severe,115.0,q_alarm_persistence_17,d3_oof,0.01,5,4,complete
60000,57000,38000,7600,8,2.535617290996015,False,3000,rl,True,56050,0.5557894736842105,0.5501037971531877,14252,9449,0.6629946674150996,41798,14197,0.3396573998755921,,,RBF_I__s115__instance__severe,RBF_I,instance,severe,115.0,q_alarm_persistence_17,d3_oof,0.02,1,0,complete
60000,57000,29450,7600,8,2.606319791986607,False,3000,rl,True,56050,0.544442462087422,0.5387966787761025,14252,7192,0.5046309289924221,41798,20490,0.4902148428154457,,,RBF_I__s115__instance__severe,RBF_I,instance,severe,115.0,q_alarm_persistence_17,d3_oof,0.02,5,4,complete
60000,57000,28500,5700,6,2.65897895800299,False,3000,rl,True,56050,0.552471008028546,0.5470014625060554,14252,6944,0.48722986247544203,41798,21192,0.507009904780133,,,RBF_I__s115__instance__severe,RBF_I,instance,severe,115.0,q_alarm_persistence_17,d3_oof,0.05,5,4,complete
60000,57000,35150,23750,25,2.4910619579895865,False,3000,rl,True,56050,0.5397680642283675,0.5351280285330987,14252,8725,0.6121947796800449,41798,16323,0.3905210775635198,,,RBF_I__s115__instance__severe,RBF_I,instance,severe,115.0,q_alarm_persistence_27,d3_oof,0.01,1,0,complete
60000,57000,32300,16150,17,2.6024716660031117,False,3000,rl,True,56050,0.5390544157002676,0.5339895080786545,14252,7962,0.5586584339040135,41798,18410,0.44045169625340924,,,RBF_I__s115__instance__severe,RBF_I,instance,severe,115.0,q_alarm_persistence_27,d3_oof,0.05,1,0,complete
60000,57000,36100,22800,24,2.4335247919952963,False,3000,rl,True,56050,0.5281534344335415,0.5233500221883776,14252,8850,0.6209654785293293,41798,15498,0.3707832910665582,,,RBF_I__s115__instance__severe,RBF_I,instance,severe,115.0,q_alarm_persistence_27,d3_oof,0.01,5,4,complete
60000,57000,34200,19950,21,2.513366875005886,False,3000,rl,True,56050,0.5384834968777877,0.5341831054175656,14252,8481,0.595074375526242,41798,17029,0.40741183788698027,,,RBF_I__s115__instance__severe,RBF_I,instance,severe,115.0,q_alarm_persistence_27,d3_oof,0.02,1,0,complete
60000,57000,35150,19950,21,2.504009917000076,False,3000,rl,True,56050,0.5324888492417484,0.5279350605287361,14252,8604,0.6037047431939377,41798,16202,0.3876262022106321,,,RBF_I__s115__instance__severe,RBF_I,instance,severe,115.0,q_alarm_persistence_27,d3_oof,0.02,5,4,complete
60000,57000,24700,11400,12,2.590346374985529,False,3000,rl,True,56050,0.5105263157894737,0.5035210270741638,14252,6005,0.4213443727196183,41798,24053,0.5754581558926264,,,RBF_I__s115__instance__severe,RBF_I,instance,severe,115.0,q_alarm_persistence_27,d3_oof,0.05,5,4,complete
60000,57000,49400,0,0,2.8337543339875992,False,3000,none,True,56050,0.5841391614629795,0.577811443056815,0,0,,56050,7600,0.13559322033898305,,,RBF_I__s116__clean__none,RBF_I,clean,none,116.0,no_reset,adwin,0.01,1,0,complete
60000,57000,46550,0,0,2.9127172080043238,False,3000,none,True,56050,0.5739696699375557,0.5679550152776619,0,0,,56050,10450,0.1864406779661017,,,RBF_I__s116__clean__none,RBF_I,clean,none,116.0,no_reset,adwin,0.05,1,0,complete
60000,57000,51300,0,0,2.8955593330028933,False,3000,none,True,56050,0.5712399643175736,0.5676824550338431,0,0,,56050,5700,0.1016949152542373,,,RBF_I__s116__clean__none,RBF_I,clean,none,116.0,no_reset,adwin,0.01,5,4,complete
60000,57000,50350,0,0,2.914579666015925,False,3000,none,True,56050,0.5888492417484389,0.5827859994403798,0,0,,56050,6650,0.11864406779661017,,,RBF_I__s116__clean__none,RBF_I,clean,none,116.0,no_reset,adwin,0.02,1,0,complete
60000,57000,40850,0,0,2.801848874980351,False,3000,none,True,56050,0.5344335414808207,0.5287522281767043,0,0,,56050,16150,0.288135593220339,,,RBF_I__s116__clean__none,RBF_I,clean,none,116.0,no_reset,adwin,0.02,5,4,complete
60000,57000,37050,0,0,2.755114791012602,False,3000,none,True,56050,0.5334344335414808,0.5258383273464919,0,0,,56050,19950,0.3559322033898305,,,RBF_I__s116__clean__none,RBF_I,clean,none,116.0,no_reset,adwin,0.05,5,4,complete
60000,60800,54150,5700,2,2.784835792001104,False,3000,confirmed,True,56050,0.5583586083853702,0.5536918252926128,0,0,,56050,6650,0.11864406779661017,,,RBF_I__s116__clean__none,RBF_I,clean,none,116.0,confirmed,adwin,0.01,1,0,complete
60000,64600,45600,8550,3,2.773178250005003,False,3000,confirmed,True,56050,0.5183050847457628,0.5104367969826074,0,0,,56050,16150,0.288135593220339,,,RBF_I__s116__clean__none,RBF_I,clean,none,116.0,confirmed,adwin,0.05,1,0,complete
60000,60800,50350,5700,2,2.775108583999099,True,3000,confirmed,True,56050,0.5580553077609277,0.5533102188471318,0,0,,56050,10450,0.1864406779661017,,,RBF_I__s116__clean__none,RBF_I,clean,none,116.0,confirmed,adwin,0.01,5,4,complete
60000,60800,52250,5700,2,2.7884651249914896,True,3000,confirmed,True,56050,0.5469937555753791,0.5422357257501353,0,0,,56050,8550,0.15254237288135594,,,RBF_I__s116__clean__none,RBF_I,clean,none,116.0,confirmed,adwin,0.02,1,0,complete
60000,62700,43700,0,0,2.8822202919982374,False,3000,confirmed,True,56050,0.5497234611953613,0.539893146956939,0,0,,56050,13300,0.23728813559322035,,,RBF_I__s116__clean__none,RBF_I,clean,none,116.0,confirmed,adwin,0.02,5,4,complete
60000,62700,36100,0,0,2.9463443330023438,True,3000,confirmed,True,56050,0.5286173059768065,0.5207460115182007,0,0,,56050,20900,0.3728813559322034,,,RBF_I__s116__clean__none,RBF_I,clean,none,116.0,confirmed,adwin,0.05,5,4,complete
60000,57000,50350,14250,15,2.539187166985357,False,3000,rl,True,56050,0.5531489741302409,0.5469754602822822,0,0,,56050,6650,0.11864406779661017,,,RBF_I__s116__clean__none,RBF_I,clean,none,116.0,error_rule,adwin,0.01,1,0,complete
60000,57000,36100,7600,8,2.5896542910049902,False,3000,rl,True,56050,0.5528635147190009,0.5465007313629126,0,0,,56050,20900,0.3728813559322034,,,RBF_I__s116__clean__none,RBF_I,clean,none,116.0,error_rule,adwin,0.05,1,0,complete
60000,57000,40850,8550,9,2.524721458001295,False,3000,rl,True,56050,0.5414451382694023,0.5360220592774733,0,0,,56050,16150,0.288135593220339,,,RBF_I__s116__clean__none,RBF_I,clean,none,116.0,error_rule,adwin,0.01,5,4,complete
60000,57000,40850,11400,12,2.493828458013013,False,3000,rl,True,56050,0.5459411239964318,0.5395152148074207,0,0,,56050,16150,0.288135593220339,,,RBF_I__s116__clean__none,RBF_I,clean,none,116.0,error_rule,adwin,0.02,1,0,complete
60000,57000,38950,8550,9,2.5606697910116054,False,3000,rl,True,56050,0.540178412132025,0.5344041402661002,0,0,,56050,18050,0.3220338983050847,,,RBF_I__s116__clean__none,RBF_I,clean,none,116.0,error_rule,adwin,0.02,5,4,complete
60000,57000,29450,6650,7,2.5965143330104183,False,3000,rl,True,56050,0.5413737734165923,0.5351196098313384,0,0,,56050,27550,0.4915254237288136,,,RBF_I__s116__clean__none,RBF_I,clean,none,116.0,error_rule,adwin,0.05,5,4,complete
60000,57000,49400,0,0,2.9258459160046186,False,3000,rl,True,56050,0.5841391614629795,0.577811443056815,0,0,,56050,7600,0.13559322033898305,,,RBF_I__s116__clean__none,RBF_I,clean,none,116.0,selected_map,adwin,0.01,1,0,complete
60000,57000,46550,0,0,2.9456924999976764,False,3000,rl,True,56050,0.5739696699375557,0.5679550152776619,0,0,,56050,10450,0.1864406779661017,,,RBF_I__s116__clean__none,RBF_I,clean,none,116.0,selected_map,adwin,0.05,1,0,complete
60000,57000,51300,0,0,2.8376242499798536,False,3000,rl,True,56050,0.5712399643175736,0.5676824550338431,0,0,,56050,5700,0.1016949152542373,,,RBF_I__s116__clean__none,RBF_I,clean,none,116.0,selected_map,adwin,0.01,5,4,complete
60000,57000,50350,0,0,2.9511036250041798,False,3000,rl,True,56050,0.5888492417484389,0.5827859994403798,0,0,,56050,6650,0.11864406779661017,,,RBF_I__s116__clean__none,RBF_I,clean,none,116.0,selected_map,adwin,0.02,1,0,complete
60000,57000,40850,0,0,2.7947439580166247,False,3000,rl,True,56050,0.5344335414808207,0.5287522281767043,0,0,,56050,16150,0.288135593220339,,,RBF_I__s116__clean__none,RBF_I,clean,none,116.0,selected_map,adwin,0.02,5,4,complete
60000,57000,44650,27550,29,2.4022974999970756,False,3000,rl,True,56050,0.5452988403211418,0.5405673417869201,0,0,,56050,12350,0.22033898305084745,,,RBF_I__s116__clean__none,RBF_I,clean,none,116.0,q_alarm_persistence_7,adwin,0.01,1,0,complete
60000,57000,37050,0,0,2.8291069160040934,False,3000,rl,True,56050,0.5334344335414808,0.5258383273464919,0,0,,56050,19950,0.3559322033898305,,,RBF_I__s116__clean__none,RBF_I,clean,none,116.0,selected_map,adwin,0.05,5,4,complete
60000,57000,36100,17100,18,2.5693382079916773,False,3000,rl,True,56050,0.5432292595896521,0.5368359981254325,0,0,,56050,20900,0.3728813559322034,,,RBF_I__s116__clean__none,RBF_I,clean,none,116.0,q_alarm_persistence_7,adwin,0.05,1,0,complete
60000,57000,37050,21850,23,2.454879416996846,False,3000,rl,True,56050,0.5355040142729706,0.5304584377907529,0,0,,56050,19950,0.3559322033898305,,,RBF_I__s116__clean__none,RBF_I,clean,none,116.0,q_alarm_persistence_7,adwin,0.01,5,4,complete
60000,57000,40850,26600,28,2.48663633398246,False,3000,rl,True,56050,0.5390722569134702,0.5328837780279091,0,0,,56050,16150,0.288135593220339,,,RBF_I__s116__clean__none,RBF_I,clean,none,116.0,q_alarm_persistence_7,adwin,0.02,1,0,complete
60000,57000,34200,17100,18,2.4331277500023134,False,3000,rl,True,56050,0.5330240856378233,0.5266086599919397,0,0,,56050,22800,0.4067796610169492,,,RBF_I__s116__clean__none,RBF_I,clean,none,116.0,q_alarm_persistence_7,adwin,0.02,5,4,complete
60000,57000,31350,15200,16,2.5547862079984043,False,3000,rl,True,56050,0.5352542372881356,0.5303391295498195,0,0,,56050,25650,0.4576271186440678,,,RBF_I__s116__clean__none,RBF_I,clean,none,116.0,q_alarm_persistence_7,adwin,0.05,5,4,complete
60000,57000,50350,14250,15,2.546323874994414,False,3000,rl,True,56050,0.5531489741302409,0.5469754602822822,0,0,,56050,6650,0.11864406779661017,,,RBF_I__s116__clean__none,RBF_I,clean,none,116.0,q_alarm_persistence_17,adwin,0.01,1,0,complete
60000,57000,38950,8550,9,2.600073333000182,False,3000,rl,True,56050,0.5536842105263158,0.5468248756551936,0,0,,56050,18050,0.3220338983050847,,,RBF_I__s116__clean__none,RBF_I,clean,none,116.0,q_alarm_persistence_17,adwin,0.05,1,0,complete
60000,57000,40850,7600,8,2.540074124990497,False,3000,rl,True,56050,0.5410883140053524,0.5357131708505474,0,0,,56050,16150,0.288135593220339,,,RBF_I__s116__clean__none,RBF_I,clean,none,116.0,q_alarm_persistence_17,adwin,0.01,5,4,complete
60000,57000,40850,11400,12,2.49995291599771,False,3000,rl,True,56050,0.5459411239964318,0.5395152148074207,0,0,,56050,16150,0.288135593220339,,,RBF_I__s116__clean__none,RBF_I,clean,none,116.0,q_alarm_persistence_17,adwin,0.02,1,0,complete
60000,57000,38950,8550,9,2.567274458007887,False,3000,rl,True,56050,0.540178412132025,0.5344041402661002,0,0,,56050,18050,0.3220338983050847,,,RBF_I__s116__clean__none,RBF_I,clean,none,116.0,q_alarm_persistence_17,adwin,0.02,5,4,complete
60000,57000,30400,7600,8,2.6026733749895357,False,3000,rl,True,56050,0.5421944692239072,0.535305685148469,0,0,,56050,26600,0.4745762711864407,,,RBF_I__s116__clean__none,RBF_I,clean,none,116.0,q_alarm_persistence_17,adwin,0.05,5,4,complete
60000,57000,49400,0,0,2.9102357090159785,False,3000,rl,True,56050,0.5841391614629795,0.577811443056815,0,0,,56050,7600,0.13559322033898305,,,RBF_I__s116__clean__none,RBF_I,clean,none,116.0,q_alarm_persistence_27,adwin,0.01,1,0,complete
60000,57000,46550,0,0,2.8875942500017118,False,3000,rl,True,56050,0.5739696699375557,0.5679550152776619,0,0,,56050,10450,0.1864406779661017,,,RBF_I__s116__clean__none,RBF_I,clean,none,116.0,q_alarm_persistence_27,adwin,0.05,1,0,complete
60000,57000,51300,0,0,2.833578750025481,False,3000,rl,True,56050,0.5712399643175736,0.5676824550338431,0,0,,56050,5700,0.1016949152542373,,,RBF_I__s116__clean__none,RBF_I,clean,none,116.0,q_alarm_persistence_27,adwin,0.01,5,4,complete
60000,57000,50350,0,0,2.960074667003937,False,3000,rl,True,56050,0.5888492417484389,0.5827859994403798,0,0,,56050,6650,0.11864406779661017,,,RBF_I__s116__clean__none,RBF_I,clean,none,116.0,q_alarm_persistence_27,adwin,0.02,1,0,complete
60000,57000,40850,0,0,2.813525583012961,False,3000,rl,True,56050,0.5344335414808207,0.5287522281767043,0,0,,56050,16150,0.288135593220339,,,RBF_I__s116__clean__none,RBF_I,clean,none,116.0,q_alarm_persistence_27,adwin,0.02,5,4,complete
60000,57000,37050,0,0,2.830613833008101,False,3000,rl,True,56050,0.5334344335414808,0.5258383273464919,0,0,,56050,19950,0.3559322033898305,,,RBF_I__s116__clean__none,RBF_I,clean,none,116.0,q_alarm_persistence_27,adwin,0.05,5,4,complete
60000,57000,49400,0,0,2.8398417090065777,False,3000,none,True,56050,0.5841391614629795,0.577811443056815,0,0,,56050,7600,0.13559322033898305,,,RBF_I__s116__clean__none,RBF_I,clean,none,116.0,no_reset,hddm_w,0.01,1,0,complete
60000,57000,46550,0,0,2.9042295410035877,False,3000,none,True,56050,0.5739696699375557,0.5679550152776619,0,0,,56050,10450,0.1864406779661017,,,RBF_I__s116__clean__none,RBF_I,clean,none,116.0,no_reset,hddm_w,0.05,1,0,complete
60000,57000,51300,0,0,2.88638270899537,False,3000,none,True,56050,0.5712399643175736,0.5676824550338431,0,0,,56050,5700,0.1016949152542373,,,RBF_I__s116__clean__none,RBF_I,clean,none,116.0,no_reset,hddm_w,0.01,5,4,complete
60000,57000,50350,0,0,2.9205703749903478,False,3000,none,True,56050,0.5888492417484389,0.5827859994403798,0,0,,56050,6650,0.11864406779661017,,,RBF_I__s116__clean__none,RBF_I,clean,none,116.0,no_reset,hddm_w,0.02,1,0,complete
60000,57000,40850,0,0,2.819045374984853,False,3000,none,True,56050,0.5344335414808207,0.5287522281767043,0,0,,56050,16150,0.288135593220339,,,RBF_I__s116__clean__none,RBF_I,clean,none,116.0,no_reset,hddm_w,0.02,5,4,complete
60000,57000,37050,0,0,2.7738452500198036,False,3000,none,True,56050,0.5334344335414808,0.5258383273464919,0,0,,56050,19950,0.3559322033898305,,,RBF_I__s116__clean__none,RBF_I,clean,none,116.0,no_reset,hddm_w,0.05,5,4,complete
60000,64600,54150,5700,2,2.930558916996233,False,3000,confirmed,True,56050,0.5513291703835861,0.5456291394483191,0,0,,56050,6650,0.11864406779661017,,,RBF_I__s116__clean__none,RBF_I,clean,none,116.0,confirmed,hddm_w,0.01,1,0,complete
60000,66500,47500,11400,4,2.9300276249996386,False,3000,confirmed,True,56050,0.5254950936663693,0.5173675208622115,0,0,,56050,16150,0.288135593220339,,,RBF_I__s116__clean__none,RBF_I,clean,none,116.0,confirmed,hddm_w,0.05,1,0,complete
60000,66500,54150,11400,4,2.858793291990878,True,3000,confirmed,True,56050,0.5404103479036575,0.5350936678502384,0,0,,56050,9500,0.1694915254237288,,,RBF_I__s116__clean__none,RBF_I,clean,none,116.0,confirmed,hddm_w,0.01,5,4,complete
60000,64600,55100,11400,4,2.843995333998464,True,3000,confirmed,True,56050,0.5336663693131133,0.5256747191158857,0,0,,56050,8550,0.15254237288135594,,,RBF_I__s116__clean__none,RBF_I,clean,none,116.0,confirmed,hddm_w,0.02,1,0,complete
60000,66500,43700,2850,1,2.954819124977803,True,3000,confirmed,True,56050,0.5693309545049063,0.5622193560973147,0,0,,56050,15200,0.2711864406779661,,,RBF_I__s116__clean__none,RBF_I,clean,none,116.0,confirmed,hddm_w,0.02,5,4,complete
60000,68400,36100,8550,3,3.017668832995696,True,3000,confirmed,True,56050,0.5147190008920607,0.5057854230018382,0,0,,56050,22800,0.4067796610169492,,,RBF_I__s116__clean__none,RBF_I,clean,none,116.0,confirmed,hddm_w,0.05,5,4,complete
60000,57000,50350,14250,15,2.6188107499910984,False,3000,rl,True,56050,0.5531489741302409,0.5469754602822822,0,0,,56050,6650,0.11864406779661017,,,RBF_I__s116__clean__none,RBF_I,clean,none,116.0,error_rule,hddm_w,0.01,1,0,complete
60000,57000,36100,7600,8,2.651791416006745,False,3000,rl,True,56050,0.5528635147190009,0.5465007313629126,0,0,,56050,20900,0.3728813559322034,,,RBF_I__s116__clean__none,RBF_I,clean,none,116.0,error_rule,hddm_w,0.05,1,0,complete
60000,57000,40850,8550,9,2.6081067500053905,False,3000,rl,True,56050,0.5414451382694023,0.5360220592774733,0,0,,56050,16150,0.288135593220339,,,RBF_I__s116__clean__none,RBF_I,clean,none,116.0,error_rule,hddm_w,0.01,5,4,complete
60000,57000,40850,11400,12,2.582605417002924,False,3000,rl,True,56050,0.5459411239964318,0.5395152148074207,0,0,,56050,16150,0.288135593220339,,,RBF_I__s116__clean__none,RBF_I,clean,none,116.0,error_rule,hddm_w,0.02,1,0,complete
60000,57000,38950,8550,9,2.6839064169907942,False,3000,rl,True,56050,0.540178412132025,0.5344041402661002,0,0,,56050,18050,0.3220338983050847,,,RBF_I__s116__clean__none,RBF_I,clean,none,116.0,error_rule,hddm_w,0.02,5,4,complete
60000,57000,29450,6650,7,2.6638148330093827,False,3000,rl,True,56050,0.5413737734165923,0.5351196098313384,0,0,,56050,27550,0.4915254237288136,,,RBF_I__s116__clean__none,RBF_I,clean,none,116.0,error_rule,hddm_w,0.05,5,4,complete
60000,57000,49400,0,0,2.9800072079815436,False,3000,rl,True,56050,0.5841391614629795,0.577811443056815,0,0,,56050,7600,0.13559322033898305,,,RBF_I__s116__clean__none,RBF_I,clean,none,116.0,selected_map,hddm_w,0.01,1,0,complete
60000,57000,46550,0,0,2.979713125008857,False,3000,rl,True,56050,0.5739696699375557,0.5679550152776619,0,0,,56050,10450,0.1864406779661017,,,RBF_I__s116__clean__none,RBF_I,clean,none,116.0,selected_map,hddm_w,0.05,1,0,complete
60000,57000,51300,0,0,2.908820792014012,False,3000,rl,True,56050,0.5712399643175736,0.5676824550338431,0,0,,56050,5700,0.1016949152542373,,,RBF_I__s116__clean__none,RBF_I,clean,none,116.0,selected_map,hddm_w,0.01,5,4,complete
60000,57000,40850,0,0,2.8715107910102233,False,3000,rl,True,56050,0.5344335414808207,0.5287522281767043,0,0,,56050,16150,0.288135593220339,,,RBF_I__s116__clean__none,RBF_I,clean,none,116.0,selected_map,hddm_w,0.02,5,4,complete
60000,57000,50350,0,0,3.003673124971101,False,3000,rl,True,56050,0.5888492417484389,0.5827859994403798,0,0,,56050,6650,0.11864406779661017,,,RBF_I__s116__clean__none,RBF_I,clean,none,116.0,selected_map,hddm_w,0.02,1,0,complete
60000,57000,37050,0,0,2.904605250019813,False,3000,rl,True,56050,0.5334344335414808,0.5258383273464919,0,0,,56050,19950,0.3559322033898305,,,RBF_I__s116__clean__none,RBF_I,clean,none,116.0,selected_map,hddm_w,0.05,5,4,complete
60000,57000,49400,0,0,2.903613792004762,False,3000,rl,True,56050,0.5841391614629795,0.577811443056815,0,0,,56050,7600,0.13559322033898305,,,RBF_I__s116__clean__none,RBF_I,clean,none,116.0,q_alarm_persistence_7,hddm_w,0.01,1,0,complete
60000,57000,46550,0,0,2.9770717919891467,False,3000,rl,True,56050,0.5739696699375557,0.5679550152776619,0,0,,56050,10450,0.1864406779661017,,,RBF_I__s116__clean__none,RBF_I,clean,none,116.0,q_alarm_persistence_7,hddm_w,0.05,1,0,complete
60000,57000,51300,0,0,2.9631437089992687,False,3000,rl,True,56050,0.5712399643175736,0.5676824550338431,0,0,,56050,5700,0.1016949152542373,,,RBF_I__s116__clean__none,RBF_I,clean,none,116.0,q_alarm_persistence_7,hddm_w,0.01,5,4,complete
60000,57000,50350,0,0,3.0207109579932876,False,3000,rl,True,56050,0.5888492417484389,0.5827859994403798,0,0,,56050,6650,0.11864406779661017,,,RBF_I__s116__clean__none,RBF_I,clean,none,116.0,q_alarm_persistence_7,hddm_w,0.02,1,0,complete
60000,57000,40850,0,0,2.8646784590091556,False,3000,rl,True,56050,0.5344335414808207,0.5287522281767043,0,0,,56050,16150,0.288135593220339,,,RBF_I__s116__clean__none,RBF_I,clean,none,116.0,q_alarm_persistence_7,hddm_w,0.02,5,4,complete
60000,57000,37050,0,0,2.8311734159942716,False,3000,rl,True,56050,0.5334344335414808,0.5258383273464919,0,0,,56050,19950,0.3559322033898305,,,RBF_I__s116__clean__none,RBF_I,clean,none,116.0,q_alarm_persistence_7,hddm_w,0.05,5,4,complete
60000,57000,50350,7600,8,2.6137198340147734,False,3000,rl,True,56050,0.5503122212310437,0.5439204071352451,0,0,,56050,6650,0.11864406779661017,,,RBF_I__s116__clean__none,RBF_I,clean,none,116.0,q_alarm_persistence_17,hddm_w,0.01,1,0,complete
60000,57000,38000,6650,7,2.6999792919959873,False,3000,rl,True,56050,0.5546654772524532,0.5484460146980596,0,0,,56050,19000,0.3389830508474576,,,RBF_I__s116__clean__none,RBF_I,clean,none,116.0,q_alarm_persistence_17,hddm_w,0.05,1,0,complete
60000,57000,42750,5700,6,2.5954933750035707,False,3000,rl,True,56050,0.5139161462979482,0.5073514564075052,0,0,,56050,14250,0.2542372881355932,,,RBF_I__s116__clean__none,RBF_I,clean,none,116.0,q_alarm_persistence_17,hddm_w,0.01,5,4,complete
60000,57000,45600,8550,9,2.639039625006262,False,3000,rl,True,56050,0.5490811775200714,0.5429053207868578,0,0,,56050,11400,0.2033898305084746,,,RBF_I__s116__clean__none,RBF_I,clean,none,116.0,q_alarm_persistence_17,hddm_w,0.02,1,0,complete
60000,57000,39900,6650,7,2.58259841700783,False,3000,rl,True,56050,0.5435860838537021,0.5375267471067103,0,0,,56050,17100,0.3050847457627119,,,RBF_I__s116__clean__none,RBF_I,clean,none,116.0,q_alarm_persistence_17,hddm_w,0.02,5,4,complete
60000,57000,30400,3800,4,2.682765625009779,False,3000,rl,True,56050,0.5225512934879571,0.5165089683565416,0,0,,56050,26600,0.4745762711864407,,,RBF_I__s116__clean__none,RBF_I,clean,none,116.0,q_alarm_persistence_17,hddm_w,0.05,5,4,complete
60000,57000,49400,0,0,2.9792779580166098,False,3000,rl,True,56050,0.5841391614629795,0.577811443056815,0,0,,56050,7600,0.13559322033898305,,,RBF_I__s116__clean__none,RBF_I,clean,none,116.0,q_alarm_persistence_27,hddm_w,0.01,1,0,complete
60000,57000,46550,0,0,2.9489786670019384,False,3000,rl,True,56050,0.5739696699375557,0.5679550152776619,0,0,,56050,10450,0.1864406779661017,,,RBF_I__s116__clean__none,RBF_I,clean,none,116.0,q_alarm_persistence_27,hddm_w,0.05,1,0,complete
60000,57000,51300,0,0,2.97257366598933,False,3000,rl,True,56050,0.5712399643175736,0.5676824550338431,0,0,,56050,5700,0.1016949152542373,,,RBF_I__s116__clean__none,RBF_I,clean,none,116.0,q_alarm_persistence_27,hddm_w,0.01,5,4,complete
60000,57000,50350,0,0,2.9469645410135854,False,3000,rl,True,56050,0.5888492417484389,0.5827859994403798,0,0,,56050,6650,0.11864406779661017,,,RBF_I__s116__clean__none,RBF_I,clean,none,116.0,q_alarm_persistence_27,hddm_w,0.02,1,0,complete
60000,57000,40850,0,0,2.879622250009561,False,3000,rl,True,56050,0.5344335414808207,0.5287522281767043,0,0,,56050,16150,0.288135593220339,,,RBF_I__s116__clean__none,RBF_I,clean,none,116.0,q_alarm_persistence_27,hddm_w,0.02,5,4,complete
60000,57000,37050,0,0,2.938239999988582,False,3000,rl,True,56050,0.5334344335414808,0.5258383273464919,0,0,,56050,19950,0.3559322033898305,,,RBF_I__s116__clean__none,RBF_I,clean,none,116.0,q_alarm_persistence_27,hddm_w,0.05,5,4,complete
60000,57000,49400,0,0,2.886503958987305,False,3000,none,True,56050,0.5841391614629795,0.577811443056815,0,0,,56050,7600,0.13559322033898305,,,RBF_I__s116__clean__none,RBF_I,clean,none,116.0,no_reset,hellinger,0.01,1,0,complete
60000,57000,46550,0,0,2.9158711250056513,False,3000,none,True,56050,0.5739696699375557,0.5679550152776619,0,0,,56050,10450,0.1864406779661017,,,RBF_I__s116__clean__none,RBF_I,clean,none,116.0,no_reset,hellinger,0.05,1,0,complete
60000,57000,51300,0,0,2.8135829999810085,False,3000,none,True,56050,0.5712399643175736,0.5676824550338431,0,0,,56050,5700,0.1016949152542373,,,RBF_I__s116__clean__none,RBF_I,clean,none,116.0,no_reset,hellinger,0.01,5,4,complete
60000,57000,50350,0,0,2.9250029169779737,False,3000,none,True,56050,0.5888492417484389,0.5827859994403798,0,0,,56050,6650,0.11864406779661017,,,RBF_I__s116__clean__none,RBF_I,clean,none,116.0,no_reset,hellinger,0.02,1,0,complete
60000,57000,40850,0,0,2.800443665997591,False,3000,none,True,56050,0.5344335414808207,0.5287522281767043,0,0,,56050,16150,0.288135593220339,,,RBF_I__s116__clean__none,RBF_I,clean,none,116.0,no_reset,hellinger,0.02,5,4,complete
60000,57000,37050,0,0,2.833978999988176,False,3000,none,True,56050,0.5334344335414808,0.5258383273464919,0,0,,56050,19950,0.3559322033898305,,,RBF_I__s116__clean__none,RBF_I,clean,none,116.0,no_reset,hellinger,0.05,5,4,complete
60000,58900,53200,2850,1,2.8007013339956757,False,3000,confirmed,True,56050,0.5572524531668154,0.5519478320796022,0,0,,56050,5700,0.1016949152542373,,,RBF_I__s116__clean__none,RBF_I,clean,none,116.0,confirmed,hellinger,0.01,1,0,complete
60000,64600,44650,8550,3,2.8389712079952005,False,3000,confirmed,True,56050,0.5331846565566458,0.5251104533802231,0,0,,56050,16150,0.288135593220339,,,RBF_I__s116__clean__none,RBF_I,clean,none,116.0,confirmed,hellinger,0.05,1,0,complete
60000,64600,47500,0,0,3.0797726250020787,False,3000,confirmed,True,56050,0.5636217662801071,0.5602237696512856,0,0,,56050,9500,0.1694915254237288,,,RBF_I__s116__clean__none,RBF_I,clean,none,116.0,confirmed,hellinger,0.01,5,4,complete
60000,58900,47500,2850,1,2.866447459004121,False,3000,confirmed,True,56050,0.5571454058876003,0.5496732716765549,0,0,,56050,11400,0.2033898305084746,,,RBF_I__s116__clean__none,RBF_I,clean,none,116.0,confirmed,hellinger,0.02,1,0,complete
60000,64600,36100,0,0,2.935853875009343,False,3000,confirmed,True,56050,0.5272078501338091,0.5193831828534291,0,0,,56050,20900,0.3728813559322034,,,RBF_I__s116__clean__none,RBF_I,clean,none,116.0,confirmed,hellinger,0.05,5,4,complete
60000,64600,43700,0,0,2.990845457999967,False,3000,confirmed,True,56050,0.5504371097234612,0.5406148923489804,0,0,,56050,13300,0.23728813559322035,,,RBF_I__s116__clean__none,RBF_I,clean,none,116.0,confirmed,hellinger,0.02,5,4,complete
60000,57000,50350,14250,15,2.5346318329975475,False,3000,rl,True,56050,0.5531489741302409,0.5469754602822822,0,0,,56050,6650,0.11864406779661017,,,RBF_I__s116__clean__none,RBF_I,clean,none,116.0,error_rule,hellinger,0.01,1,0,complete
60000,57000,36100,7600,8,2.591726041995571,False,3000,rl,True,56050,0.5528635147190009,0.5465007313629126,0,0,,56050,20900,0.3728813559322034,,,RBF_I__s116__clean__none,RBF_I,clean,none,116.0,error_rule,hellinger,0.05,1,0,complete
60000,57000,40850,8550,9,2.5545471670047846,False,3000,rl,True,56050,0.5414451382694023,0.5360220592774733,0,0,,56050,16150,0.288135593220339,,,RBF_I__s116__clean__none,RBF_I,clean,none,116.0,error_rule,hellinger,0.01,5,4,complete
60000,57000,40850,11400,12,2.5130104580020998,False,3000,rl,True,56050,0.5459411239964318,0.5395152148074207,0,0,,56050,16150,0.288135593220339,,,RBF_I__s116__clean__none,RBF_I,clean,none,116.0,error_rule,hellinger,0.02,1,0,complete
60000,57000,38950,8550,9,2.567623625014676,False,3000,rl,True,56050,0.540178412132025,0.5344041402661002,0,0,,56050,18050,0.3220338983050847,,,RBF_I__s116__clean__none,RBF_I,clean,none,116.0,error_rule,hellinger,0.02,5,4,complete
60000,57000,29450,6650,7,2.6075974160048645,False,3000,rl,True,56050,0.5413737734165923,0.5351196098313384,0,0,,56050,27550,0.4915254237288136,,,RBF_I__s116__clean__none,RBF_I,clean,none,116.0,error_rule,hellinger,0.05,5,4,complete
60000,57000,49400,0,0,2.9611440419976134,False,3000,rl,True,56050,0.5841391614629795,0.577811443056815,0,0,,56050,7600,0.13559322033898305,,,RBF_I__s116__clean__none,RBF_I,clean,none,116.0,selected_map,hellinger,0.01,1,0,complete
60000,57000,46550,0,0,2.9416080829978455,False,3000,rl,True,56050,0.5739696699375557,0.5679550152776619,0,0,,56050,10450,0.1864406779661017,,,RBF_I__s116__clean__none,RBF_I,clean,none,116.0,selected_map,hellinger,0.05,1,0,complete
60000,57000,51300,0,0,2.880488624999998,False,3000,rl,True,56050,0.5712399643175736,0.5676824550338431,0,0,,56050,5700,0.1016949152542373,,,RBF_I__s116__clean__none,RBF_I,clean,none,116.0,selected_map,hellinger,0.01,5,4,complete
60000,57000,50350,0,0,2.9925300420145504,False,3000,rl,True,56050,0.5888492417484389,0.5827859994403798,0,0,,56050,6650,0.11864406779661017,,,RBF_I__s116__clean__none,RBF_I,clean,none,116.0,selected_map,hellinger,0.02,1,0,complete
60000,57000,40850,0,0,2.8300144169770647,False,3000,rl,True,56050,0.5344335414808207,0.5287522281767043,0,0,,56050,16150,0.288135593220339,,,RBF_I__s116__clean__none,RBF_I,clean,none,116.0,selected_map,hellinger,0.02,5,4,complete
60000,57000,37050,0,0,2.8581159170134924,False,3000,rl,True,56050,0.5334344335414808,0.5258383273464919,0,0,,56050,19950,0.3559322033898305,,,RBF_I__s116__clean__none,RBF_I,clean,none,116.0,selected_map,hellinger,0.05,5,4,complete
60000,57000,48450,1900,2,2.700930499995593,False,3000,rl,True,56050,0.5780553077609277,0.5725764916964999,0,0,,56050,8550,0.15254237288135594,,,RBF_I__s116__clean__none,RBF_I,clean,none,116.0,q_alarm_persistence_7,hellinger,0.01,1,0,complete
60000,57000,40850,950,1,2.6840508749883156,False,3000,rl,True,56050,0.5502230151650312,0.5451180883358857,0,0,,56050,16150,0.288135593220339,,,RBF_I__s116__clean__none,RBF_I,clean,none,116.0,q_alarm_persistence_7,hellinger,0.05,1,0,complete
60000,57000,47500,950,1,2.7149392499995884,False,3000,rl,True,56050,0.5602319357716324,0.5555613048003307,0,0,,56050,9500,0.1694915254237288,,,RBF_I__s116__clean__none,RBF_I,clean,none,116.0,q_alarm_persistence_7,hellinger,0.01,5,4,complete
60000,57000,47500,1900,2,2.7532138749957085,False,3000,rl,True,56050,0.5739161462979483,0.5689260164921578,0,0,,56050,9500,0.1694915254237288,,,RBF_I__s116__clean__none,RBF_I,clean,none,116.0,q_alarm_persistence_7,hellinger,0.02,1,0,complete
60000,57000,40850,0,0,2.8047101669944823,False,3000,rl,True,56050,0.5344335414808207,0.5287522281767043,0,0,,56050,16150,0.288135593220339,,,RBF_I__s116__clean__none,RBF_I,clean,none,116.0,q_alarm_persistence_7,hellinger,0.02,5,4,complete
60000,57000,50350,14250,15,2.533038583002053,False,3000,rl,True,56050,0.5531489741302409,0.5469754602822822,0,0,,56050,6650,0.11864406779661017,,,RBF_I__s116__clean__none,RBF_I,clean,none,116.0,q_alarm_persistence_17,hellinger,0.01,1,0,complete
60000,57000,37050,0,0,2.774662207986694,False,3000,rl,True,56050,0.5313291703835861,0.5235697994553239,0,0,,56050,19950,0.3559322033898305,,,RBF_I__s116__clean__none,RBF_I,clean,none,116.0,q_alarm_persistence_7,hellinger,0.05,5,4,complete
60000,57000,37050,8550,9,2.5895996670005843,False,3000,rl,True,56050,0.5540945584299732,0.5472509077930744,0,0,,56050,19950,0.3559322033898305,,,RBF_I__s116__clean__none,RBF_I,clean,none,116.0,q_alarm_persistence_17,hellinger,0.05,1,0,complete
60000,57000,40850,8550,9,2.5362565830000676,False,3000,rl,True,56050,0.5414451382694023,0.5360220592774733,0,0,,56050,16150,0.288135593220339,,,RBF_I__s116__clean__none,RBF_I,clean,none,116.0,q_alarm_persistence_17,hellinger,0.01,5,4,complete
60000,57000,40850,11400,12,2.5908738340076525,False,3000,rl,True,56050,0.5459411239964318,0.5395152148074207,0,0,,56050,16150,0.288135593220339,,,RBF_I__s116__clean__none,RBF_I,clean,none,116.0,q_alarm_persistence_17,hellinger,0.02,1,0,complete
60000,57000,38950,8550,9,2.567249375017127,False,3000,rl,True,56050,0.540178412132025,0.5344041402661002,0,0,,56050,18050,0.3220338983050847,,,RBF_I__s116__clean__none,RBF_I,clean,none,116.0,q_alarm_persistence_17,hellinger,0.02,5,4,complete
60000,57000,30400,6650,7,2.5505826249718666,False,3000,rl,True,56050,0.5408920606601249,0.5345693401615093,0,0,,56050,26600,0.4745762711864407,,,RBF_I__s116__clean__none,RBF_I,clean,none,116.0,q_alarm_persistence_17,hellinger,0.05,5,4,complete
60000,57000,49400,0,0,2.922646999999415,False,3000,rl,True,56050,0.5841391614629795,0.577811443056815,0,0,,56050,7600,0.13559322033898305,,,RBF_I__s116__clean__none,RBF_I,clean,none,116.0,q_alarm_persistence_27,hellinger,0.01,1,0,complete
60000,57000,46550,0,0,2.9159784999937983,False,3000,rl,True,56050,0.5739696699375557,0.5679550152776619,0,0,,56050,10450,0.1864406779661017,,,RBF_I__s116__clean__none,RBF_I,clean,none,116.0,q_alarm_persistence_27,hellinger,0.05,1,0,complete
60000,57000,51300,0,0,2.9296317909902427,False,3000,rl,True,56050,0.5712399643175736,0.5676824550338431,0,0,,56050,5700,0.1016949152542373,,,RBF_I__s116__clean__none,RBF_I,clean,none,116.0,q_alarm_persistence_27,hellinger,0.01,5,4,complete
60000,57000,40850,0,0,2.754943208012264,False,3000,rl,True,56050,0.5344335414808207,0.5287522281767043,0,0,,56050,16150,0.288135593220339,,,RBF_I__s116__clean__none,RBF_I,clean,none,116.0,q_alarm_persistence_27,hellinger,0.02,5,4,complete
60000,57000,50350,0,0,2.9897897909977473,False,3000,rl,True,56050,0.5888492417484389,0.5827859994403798,0,0,,56050,6650,0.11864406779661017,,,RBF_I__s116__clean__none,RBF_I,clean,none,116.0,q_alarm_persistence_27,hellinger,0.02,1,0,complete
60000,57000,37050,0,0,2.846170584001811,False,3000,rl,True,56050,0.5334344335414808,0.5258383273464919,0,0,,56050,19950,0.3559322033898305,,,RBF_I__s116__clean__none,RBF_I,clean,none,116.0,q_alarm_persistence_27,hellinger,0.05,5,4,complete
60000,57000,49400,0,0,2.9025689999980386,False,3000,none,True,56050,0.5841391614629795,0.577811443056815,0,0,,56050,7600,0.13559322033898305,,,RBF_I__s116__clean__none,RBF_I,clean,none,116.0,no_reset,d3_oof,0.01,1,0,complete
60000,57000,46550,0,0,2.9195993750035996,False,3000,none,True,56050,0.5739696699375557,0.5679550152776619,0,0,,56050,10450,0.1864406779661017,,,RBF_I__s116__clean__none,RBF_I,clean,none,116.0,no_reset,d3_oof,0.05,1,0,complete
60000,57000,51300,0,0,2.7971072500222363,False,3000,none,True,56050,0.5712399643175736,0.5676824550338431,0,0,,56050,5700,0.1016949152542373,,,RBF_I__s116__clean__none,RBF_I,clean,none,116.0,no_reset,d3_oof,0.01,5,4,complete
60000,57000,50350,0,0,2.91280516597908,False,3000,none,True,56050,0.5888492417484389,0.5827859994403798,0,0,,56050,6650,0.11864406779661017,,,RBF_I__s116__clean__none,RBF_I,clean,none,116.0,no_reset,d3_oof,0.02,1,0,complete
60000,57000,40850,0,0,2.778628333006054,False,3000,none,True,56050,0.5344335414808207,0.5287522281767043,0,0,,56050,16150,0.288135593220339,,,RBF_I__s116__clean__none,RBF_I,clean,none,116.0,no_reset,d3_oof,0.02,5,4,complete
60000,57000,37050,0,0,2.824997040996095,False,3000,none,True,56050,0.5334344335414808,0.5258383273464919,0,0,,56050,19950,0.3559322033898305,,,RBF_I__s116__clean__none,RBF_I,clean,none,116.0,no_reset,d3_oof,0.05,5,4,complete
60000,57000,49400,0,0,2.953781792020891,False,3000,confirmed,True,56050,0.5841391614629795,0.577811443056815,0,0,,56050,7600,0.13559322033898305,,,RBF_I__s116__clean__none,RBF_I,clean,none,116.0,confirmed,d3_oof,0.01,1,0,complete
60000,57000,46550,0,0,3.0423639999935403,False,3000,confirmed,True,56050,0.5739696699375557,0.5679550152776619,0,0,,56050,10450,0.1864406779661017,,,RBF_I__s116__clean__none,RBF_I,clean,none,116.0,confirmed,d3_oof,0.05,1,0,complete
60000,57000,51300,0,0,3.0156801660195924,False,3000,confirmed,True,56050,0.5712399643175736,0.5676824550338431,0,0,,56050,5700,0.1016949152542373,,,RBF_I__s116__clean__none,RBF_I,clean,none,116.0,confirmed,d3_oof,0.01,5,4,complete
60000,57000,50350,0,0,3.0563295840111095,False,3000,confirmed,True,56050,0.5888492417484389,0.5827859994403798,0,0,,56050,6650,0.11864406779661017,,,RBF_I__s116__clean__none,RBF_I,clean,none,116.0,confirmed,d3_oof,0.02,1,0,complete
60000,57000,40850,0,0,2.9397828340006527,False,3000,confirmed,True,56050,0.5344335414808207,0.5287522281767043,0,0,,56050,16150,0.288135593220339,,,RBF_I__s116__clean__none,RBF_I,clean,none,116.0,confirmed,d3_oof,0.02,5,4,complete
60000,57000,37050,0,0,2.891345292009646,False,3000,confirmed,True,56050,0.5334344335414808,0.5258383273464919,0,0,,56050,19950,0.3559322033898305,,,RBF_I__s116__clean__none,RBF_I,clean,none,116.0,confirmed,d3_oof,0.05,5,4,complete
60000,57000,50350,14250,15,2.5653095839952584,False,3000,rl,True,56050,0.5531489741302409,0.5469754602822822,0,0,,56050,6650,0.11864406779661017,,,RBF_I__s116__clean__none,RBF_I,clean,none,116.0,error_rule,d3_oof,0.01,1,0,complete
60000,57000,36100,7600,8,2.6155742919945624,False,3000,rl,True,56050,0.5528635147190009,0.5465007313629126,0,0,,56050,20900,0.3728813559322034,,,RBF_I__s116__clean__none,RBF_I,clean,none,116.0,error_rule,d3_oof,0.05,1,0,complete
60000,57000,40850,8550,9,2.5771938750112895,False,3000,rl,True,56050,0.5414451382694023,0.5360220592774733,0,0,,56050,16150,0.288135593220339,,,RBF_I__s116__clean__none,RBF_I,clean,none,116.0,error_rule,d3_oof,0.01,5,4,complete
60000,57000,40850,11400,12,2.635388916998636,False,3000,rl,True,56050,0.5459411239964318,0.5395152148074207,0,0,,56050,16150,0.288135593220339,,,RBF_I__s116__clean__none,RBF_I,clean,none,116.0,error_rule,d3_oof,0.02,1,0,complete
60000,57000,38950,8550,9,2.5601080839987844,False,3000,rl,True,56050,0.540178412132025,0.5344041402661002,0,0,,56050,18050,0.3220338983050847,,,RBF_I__s116__clean__none,RBF_I,clean,none,116.0,error_rule,d3_oof,0.02,5,4,complete
60000,57000,29450,6650,7,2.665451041975757,False,3000,rl,True,56050,0.5413737734165923,0.5351196098313384,0,0,,56050,27550,0.4915254237288136,,,RBF_I__s116__clean__none,RBF_I,clean,none,116.0,error_rule,d3_oof,0.05,5,4,complete
60000,57000,49400,0,0,3.042206084006466,False,3000,rl,True,56050,0.5841391614629795,0.577811443056815,0,0,,56050,7600,0.13559322033898305,,,RBF_I__s116__clean__none,RBF_I,clean,none,116.0,selected_map,d3_oof,0.01,1,0,complete
60000,57000,46550,0,0,3.043483790999744,False,3000,rl,True,56050,0.5739696699375557,0.5679550152776619,0,0,,56050,10450,0.1864406779661017,,,RBF_I__s116__clean__none,RBF_I,clean,none,116.0,selected_map,d3_oof,0.05,1,0,complete
60000,57000,51300,0,0,3.0412746249930933,False,3000,rl,True,56050,0.5712399643175736,0.5676824550338431,0,0,,56050,5700,0.1016949152542373,,,RBF_I__s116__clean__none,RBF_I,clean,none,116.0,selected_map,d3_oof,0.01,5,4,complete
60000,57000,50350,0,0,2.9905256670026574,False,3000,rl,True,56050,0.5888492417484389,0.5827859994403798,0,0,,56050,6650,0.11864406779661017,,,RBF_I__s116__clean__none,RBF_I,clean,none,116.0,selected_map,d3_oof,0.02,1,0,complete
60000,57000,40850,0,0,2.9283204590028618,False,3000,rl,True,56050,0.5344335414808207,0.5287522281767043,0,0,,56050,16150,0.288135593220339,,,RBF_I__s116__clean__none,RBF_I,clean,none,116.0,selected_map,d3_oof,0.02,5,4,complete
60000,57000,37050,0,0,2.9564464580034837,False,3000,rl,True,56050,0.5334344335414808,0.5258383273464919,0,0,,56050,19950,0.3559322033898305,,,RBF_I__s116__clean__none,RBF_I,clean,none,116.0,selected_map,d3_oof,0.05,5,4,complete
60000,57000,49400,0,0,3.028099042014219,False,3000,rl,True,56050,0.5841391614629795,0.577811443056815,0,0,,56050,7600,0.13559322033898305,,,RBF_I__s116__clean__none,RBF_I,clean,none,116.0,q_alarm_persistence_7,d3_oof,0.01,1,0,complete
60000,57000,46550,0,0,3.0433703750022687,False,3000,rl,True,56050,0.5739696699375557,0.5679550152776619,0,0,,56050,10450,0.1864406779661017,,,RBF_I__s116__clean__none,RBF_I,clean,none,116.0,q_alarm_persistence_7,d3_oof,0.05,1,0,complete
60000,57000,51300,0,0,2.9304067500052042,False,3000,rl,True,56050,0.5712399643175736,0.5676824550338431,0,0,,56050,5700,0.1016949152542373,,,RBF_I__s116__clean__none,RBF_I,clean,none,116.0,q_alarm_persistence_7,d3_oof,0.01,5,4,complete
60000,57000,50350,0,0,3.051360832992941,False,3000,rl,True,56050,0.5888492417484389,0.5827859994403798,0,0,,56050,6650,0.11864406779661017,,,RBF_I__s116__clean__none,RBF_I,clean,none,116.0,q_alarm_persistence_7,d3_oof,0.02,1,0,complete
60000,57000,40850,0,0,2.9307383749983273,False,3000,rl,True,56050,0.5344335414808207,0.5287522281767043,0,0,,56050,16150,0.288135593220339,,,RBF_I__s116__clean__none,RBF_I,clean,none,116.0,q_alarm_persistence_7,d3_oof,0.02,5,4,complete
60000,57000,37050,0,0,2.948341042007087,False,3000,rl,True,56050,0.5334344335414808,0.5258383273464919,0,0,,56050,19950,0.3559322033898305,,,RBF_I__s116__clean__none,RBF_I,clean,none,116.0,q_alarm_persistence_7,d3_oof,0.05,5,4,complete
60000,57000,50350,14250,15,2.5018744159897324,False,3000,rl,True,56050,0.5531489741302409,0.5469754602822822,0,0,,56050,6650,0.11864406779661017,,,RBF_I__s116__clean__none,RBF_I,clean,none,116.0,q_alarm_persistence_17,d3_oof,0.01,1,0,complete
60000,57000,36100,7600,8,2.632431624995661,False,3000,rl,True,56050,0.5528635147190009,0.5465007313629126,0,0,,56050,20900,0.3728813559322034,,,RBF_I__s116__clean__none,RBF_I,clean,none,116.0,q_alarm_persistence_17,d3_oof,0.05,1,0,complete
60000,57000,40850,8550,9,2.5791683749994263,False,3000,rl,True,56050,0.5414451382694023,0.5360220592774733,0,0,,56050,16150,0.288135593220339,,,RBF_I__s116__clean__none,RBF_I,clean,none,116.0,q_alarm_persistence_17,d3_oof,0.01,5,4,complete
60000,57000,40850,11400,12,2.604556833015522,False,3000,rl,True,56050,0.5459411239964318,0.5395152148074207,0,0,,56050,16150,0.288135593220339,,,RBF_I__s116__clean__none,RBF_I,clean,none,116.0,q_alarm_persistence_17,d3_oof,0.02,1,0,complete
60000,57000,38950,8550,9,2.61686679100967,False,3000,rl,True,56050,0.540178412132025,0.5344041402661002,0,0,,56050,18050,0.3220338983050847,,,RBF_I__s116__clean__none,RBF_I,clean,none,116.0,q_alarm_persistence_17,d3_oof,0.02,5,4,complete
60000,57000,29450,6650,7,2.588265624974156,False,3000,rl,True,56050,0.5413737734165923,0.5351196098313384,0,0,,56050,27550,0.4915254237288136,,,RBF_I__s116__clean__none,RBF_I,clean,none,116.0,q_alarm_persistence_17,d3_oof,0.05,5,4,complete
60000,57000,48450,23750,25,2.514662290981505,False,3000,rl,True,56050,0.5346297948260482,0.5286298317177716,0,0,,56050,8550,0.15254237288135594,,,RBF_I__s116__clean__none,RBF_I,clean,none,116.0,q_alarm_persistence_27,d3_oof,0.01,1,0,complete
60000,57000,39900,16150,17,2.6641287910024403,False,3000,rl,True,56050,0.5371632471008029,0.5307020884234357,0,0,,56050,17100,0.3050847457627119,,,RBF_I__s116__clean__none,RBF_I,clean,none,116.0,q_alarm_persistence_27,d3_oof,0.05,1,0,complete
60000,57000,38950,18050,19,2.5089851660013665,False,3000,rl,True,56050,0.5295985727029437,0.5231448983306856,0,0,,56050,18050,0.3220338983050847,,,RBF_I__s116__clean__none,RBF_I,clean,none,116.0,q_alarm_persistence_27,d3_oof,0.01,5,4,complete
60000,57000,43700,24700,26,2.5429420830041636,False,3000,rl,True,56050,0.5328456735057984,0.5266304810836988,0,0,,56050,13300,0.23728813559322035,,,RBF_I__s116__clean__none,RBF_I,clean,none,116.0,q_alarm_persistence_27,d3_oof,0.02,1,0,complete
60000,57000,35150,17100,18,2.467587207996985,False,3000,rl,True,56050,0.5343086529884032,0.5277561798084357,0,0,,56050,21850,0.3898305084745763,,,RBF_I__s116__clean__none,RBF_I,clean,none,116.0,q_alarm_persistence_27,d3_oof,0.02,5,4,complete
60000,57000,31350,13300,14,2.593706999992719,False,3000,rl,True,56050,0.5311685994647636,0.5252397637749479,0,0,,56050,25650,0.4576271186440678,,,RBF_I__s116__clean__none,RBF_I,clean,none,116.0,q_alarm_persistence_27,d3_oof,0.05,5,4,complete
60000,57000,46550,0,0,2.851205207989551,False,3000,none,True,56050,0.5344335414808207,0.5267256386073526,14248,11565,0.811692869174621,41802,7767,0.18580450696138942,,,RBF_I__s116__instance__severe,RBF_I,instance,severe,116.0,no_reset,adwin,0.01,1,0,complete
60000,57000,44650,0,0,2.888424415999907,False,3000,none,True,56050,0.5074576271186441,0.4977877621123201,14248,11071,0.7770213363279057,41802,9173,0.2194392612793646,,,RBF_I__s116__instance__severe,RBF_I,instance,severe,116.0,no_reset,adwin,0.05,1,0,complete
60000,57000,42750,0,0,2.9185881659795996,False,3000,none,True,56050,0.5267261373773416,0.5125516082891141,14248,10630,0.74606962380685,41802,10632,0.2543418975168652,,,RBF_I__s116__instance__severe,RBF_I,instance,severe,116.0,no_reset,adwin,0.01,5,4,complete
60000,57000,42750,0,0,2.8016612499777693,False,3000,none,True,56050,0.515985727029438,0.49882434176386586,14248,10582,0.7427007299270073,41802,10584,0.25319362709918186,,,RBF_I__s116__instance__severe,RBF_I,instance,severe,116.0,no_reset,adwin,0.02,1,0,complete
60000,57000,39900,0,0,2.8522521250124555,False,3000,none,True,56050,0.5162890276538805,0.5002995188156141,14248,9929,0.6968697361033127,41802,12781,0.30575092100856416,,,RBF_I__s116__instance__severe,RBF_I,instance,severe,116.0,no_reset,adwin,0.02,5,4,complete
60000,57000,37050,0,0,2.892734583001584,False,3000,none,True,56050,0.5135236396074933,0.4986376460590536,14248,9193,0.6452133632790568,41802,14895,0.356322663987369,,,RBF_I__s116__instance__severe,RBF_I,instance,severe,116.0,no_reset,adwin,0.05,5,4,complete
60000,60800,45600,2850,1,2.806579625001177,False,3000,confirmed,True,56050,0.5017484388938448,0.4949999407669117,14248,11042,0.7749859629421674,41802,9144,0.21874551456868094,,,RBF_I__s116__instance__severe,RBF_I,instance,severe,116.0,confirmed,adwin,0.01,1,0,complete
60000,60800,44650,0,0,2.913364291001926,True,3000,confirmed,True,56050,0.5074576271186441,0.4977877621123201,14248,11071,0.7770213363279057,41802,9173,0.2194392612793646,,,RBF_I__s116__instance__severe,RBF_I,instance,severe,116.0,confirmed,adwin,0.05,1,0,complete
60000,58900,47500,2850,1,2.680865000002086,False,3000,confirmed,True,56050,0.5161462979482605,0.5059232149174252,14248,11397,0.7999017405951713,41802,8549,0.2045117458494809,,,RBF_I__s116__instance__severe,RBF_I,instance,severe,116.0,confirmed,adwin,0.01,5,4,complete
60000,58900,45600,2850,1,2.7672251669864636,True,3000,confirmed,True,56050,0.5115967885816235,0.5033626617271394,14248,11069,0.7768809657495789,41802,9171,0.21939141667862783,,,RBF_I__s116__instance__severe,RBF_I,instance,severe,116.0,confirmed,adwin,0.02,1,0,complete
60000,60800,39900,5700,2,2.6846108750032727,False,3000,confirmed,True,56050,0.47320249776984835,0.4599731385021639,14248,9086,0.6377035373385739,41802,14788,0.35376297784794986,,,RBF_I__s116__instance__severe,RBF_I,instance,severe,116.0,confirmed,adwin,0.02,5,4,complete
60000,57000,38950,7600,8,2.428767625009641,False,3000,rl,True,56050,0.48597680642283675,0.4722244762030436,14248,9631,0.6759545199326221,41802,13433,0.3213482608487632,,,RBF_I__s116__instance__severe,RBF_I,instance,severe,116.0,error_rule,adwin,0.01,1,0,complete
60000,60800,38000,0,0,2.9338315409841016,False,3000,confirmed,True,56050,0.5076003568242641,0.4913049121221482,14248,9438,0.6624087591240876,41802,14190,0.3394574422276446,,,RBF_I__s116__instance__severe,RBF_I,instance,severe,116.0,confirmed,adwin,0.05,5,4,complete
60000,57000,32300,3800,4,2.574496415996691,False,3000,rl,True,56050,0.4820517395182872,0.46699784169987835,14248,7817,0.5486384053902302,41802,18269,0.4370365054303622,,,RBF_I__s116__instance__severe,RBF_I,instance,severe,116.0,error_rule,adwin,0.05,1,0,complete
60000,57000,42750,6650,7,2.509017500007758,False,3000,rl,True,56050,0.47892952720785015,0.4635620256458571,14248,10618,0.7452274003368894,41802,10620,0.2540548299124444,,,RBF_I__s116__instance__severe,RBF_I,instance,severe,116.0,error_rule,adwin,0.01,5,4,complete
60000,57000,34200,4750,5,2.562267458997667,False,3000,rl,True,56050,0.49095450490633363,0.476904723404747,14248,8399,0.589486243683324,41802,16951,0.40550691354480645,,,RBF_I__s116__instance__severe,RBF_I,instance,severe,116.0,error_rule,adwin,0.02,1,0,complete
60000,57000,38950,7600,8,2.508608333009761,False,3000,rl,True,56050,0.4700802854594112,0.45761498644600185,14248,9688,0.6799550814149354,41802,13490,0.3227118319697622,,,RBF_I__s116__instance__severe,RBF_I,instance,severe,116.0,error_rule,adwin,0.02,5,4,complete
60000,57000,29450,3800,4,2.5964916659868322,False,3000,rl,True,56050,0.4766101694915254,0.45974124932708493,14248,7266,0.5099663110612016,41802,20568,0.4920338739773217,,,RBF_I__s116__instance__severe,RBF_I,instance,severe,116.0,error_rule,adwin,0.05,5,4,complete
60000,57000,46550,0,0,2.871146667021094,False,3000,rl,True,56050,0.5344335414808207,0.5267256386073526,14248,11565,0.811692869174621,41802,7767,0.18580450696138942,,,RBF_I__s116__instance__severe,RBF_I,instance,severe,116.0,selected_map,adwin,0.01,1,0,complete
60000,57000,44650,0,0,2.865856749995146,False,3000,rl,True,56050,0.5074576271186441,0.4977877621123201,14248,11071,0.7770213363279057,41802,9173,0.2194392612793646,,,RBF_I__s116__instance__severe,RBF_I,instance,severe,116.0,selected_map,adwin,0.05,1,0,complete
60000,57000,42750,0,0,2.8583209159842227,False,3000,rl,True,56050,0.5267261373773416,0.5125516082891141,14248,10630,0.74606962380685,41802,10632,0.2543418975168652,,,RBF_I__s116__instance__severe,RBF_I,instance,severe,116.0,selected_map,adwin,0.01,5,4,complete
60000,57000,42750,0,0,2.74991250000312,False,3000,rl,True,56050,0.515985727029438,0.49882434176386586,14248,10582,0.7427007299270073,41802,10584,0.25319362709918186,,,RBF_I__s116__instance__severe,RBF_I,instance,severe,116.0,selected_map,adwin,0.02,1,0,complete
60000,57000,39900,0,0,2.8221569579909556,False,3000,rl,True,56050,0.5162890276538805,0.5002995188156141,14248,9929,0.6968697361033127,41802,12781,0.30575092100856416,,,RBF_I__s116__instance__severe,RBF_I,instance,severe,116.0,selected_map,adwin,0.02,5,4,complete
60000,57000,37050,0,0,2.8574977079988457,False,3000,rl,True,56050,0.5135236396074933,0.4986376460590536,14248,9193,0.6452133632790568,41802,14895,0.356322663987369,,,RBF_I__s116__instance__severe,RBF_I,instance,severe,116.0,selected_map,adwin,0.05,5,4,complete
60000,57000,38000,26600,28,2.4566340830060653,False,3000,rl,True,56050,0.47825156110615524,0.4650488078824476,14248,9330,0.6548287478944413,41802,14082,0.336873833787857,,,RBF_I__s116__instance__severe,RBF_I,instance,severe,116.0,q_alarm_persistence_7,adwin,0.01,1,0,complete
60000,57000,31350,22800,24,2.491232000000309,False,3000,rl,True,56050,0.487707404103479,0.4757994094766276,14248,7625,0.5351628298708591,41802,19027,0.45516960910961196,,,RBF_I__s116__instance__severe,RBF_I,instance,severe,116.0,q_alarm_persistence_7,adwin,0.05,1,0,complete
60000,57000,36100,23750,25,2.3888897910073865,False,3000,rl,True,56050,0.48032114183764496,0.4670601395813629,14248,8843,0.6206485120718698,41802,15495,0.3706760442084111,,,RBF_I__s116__instance__severe,RBF_I,instance,severe,116.0,q_alarm_persistence_7,adwin,0.01,5,4,complete
60000,57000,29450,19950,21,2.4750775420106947,False,3000,rl,True,56050,0.48194469223907227,0.46820391271452444,14248,7155,0.5021757439640652,41802,20457,0.4893784986364289,,,RBF_I__s116__instance__severe,RBF_I,instance,severe,116.0,q_alarm_persistence_7,adwin,0.02,1,0,complete
60000,57000,30400,23750,25,2.3424066249863245,False,3000,rl,True,56050,0.4753256021409456,0.463897462509263,14248,7423,0.5209854014598541,41802,19775,0.47306348978517776,,,RBF_I__s116__instance__severe,RBF_I,instance,severe,116.0,q_alarm_persistence_7,adwin,0.02,5,4,complete
60000,57000,21850,13300,14,2.4662755000172183,False,3000,rl,True,56050,0.4822658340767172,0.47123068546236657,14248,5244,0.3680516563728243,41802,26146,0.625472465432276,,,RBF_I__s116__instance__severe,RBF_I,instance,severe,116.0,q_alarm_persistence_7,adwin,0.05,5,4,complete
60000,57000,38950,7600,8,2.4338945829949807,False,3000,rl,True,56050,0.48597680642283675,0.4722244762030436,14248,9631,0.6759545199326221,41802,13433,0.3213482608487632,,,RBF_I__s116__instance__severe,RBF_I,instance,severe,116.0,q_alarm_persistence_17,adwin,0.01,1,0,complete
60000,57000,32300,3800,4,2.6078647499962244,False,3000,rl,True,56050,0.4820517395182872,0.46699784169987835,14248,7817,0.5486384053902302,41802,18269,0.4370365054303622,,,RBF_I__s116__instance__severe,RBF_I,instance,severe,116.0,q_alarm_persistence_17,adwin,0.05,1,0,complete
60000,57000,42750,6650,7,2.5157210839970503,False,3000,rl,True,56050,0.47892952720785015,0.4635620256458571,14248,10618,0.7452274003368894,41802,10620,0.2540548299124444,,,RBF_I__s116__instance__severe,RBF_I,instance,severe,116.0,q_alarm_persistence_17,adwin,0.01,5,4,complete
60000,57000,34200,4750,5,2.549806875002105,False,3000,rl,True,56050,0.49095450490633363,0.476904723404747,14248,8399,0.589486243683324,41802,16951,0.40550691354480645,,,RBF_I__s116__instance__severe,RBF_I,instance,severe,116.0,q_alarm_persistence_17,adwin,0.02,1,0,complete
60000,57000,38000,5700,6,2.544061624997994,False,3000,rl,True,56050,0.46997323818019626,0.45798925659905526,14248,9453,0.6634615384615384,41802,14205,0.33981627673317066,,,RBF_I__s116__instance__severe,RBF_I,instance,severe,116.0,q_alarm_persistence_17,adwin,0.02,5,4,complete
60000,57000,28500,1900,2,2.54632845899323,False,3000,rl,True,56050,0.455878679750223,0.43261988288590847,14248,6933,0.48659460976979224,41802,21185,0.5067939333046265,,,RBF_I__s116__instance__severe,RBF_I,instance,severe,116.0,q_alarm_persistence_17,adwin,0.05,5,4,complete
60000,57000,46550,0,0,2.9074048749753274,False,3000,rl,True,56050,0.5344335414808207,0.5267256386073526,14248,11565,0.811692869174621,41802,7767,0.18580450696138942,,,RBF_I__s116__instance__severe,RBF_I,instance,severe,116.0,q_alarm_persistence_27,adwin,0.01,1,0,complete
60000,57000,44650,0,0,2.8709318329929374,False,3000,rl,True,56050,0.5074576271186441,0.4977877621123201,14248,11071,0.7770213363279057,41802,9173,0.2194392612793646,,,RBF_I__s116__instance__severe,RBF_I,instance,severe,116.0,q_alarm_persistence_27,adwin,0.05,1,0,complete
60000,57000,42750,0,0,2.890313000010792,False,3000,rl,True,56050,0.5267261373773416,0.5125516082891141,14248,10630,0.74606962380685,41802,10632,0.2543418975168652,,,RBF_I__s116__instance__severe,RBF_I,instance,severe,116.0,q_alarm_persistence_27,adwin,0.01,5,4,complete
60000,57000,42750,0,0,2.8095970829890575,False,3000,rl,True,56050,0.515985727029438,0.49882434176386586,14248,10582,0.7427007299270073,41802,10584,0.25319362709918186,,,RBF_I__s116__instance__severe,RBF_I,instance,severe,116.0,q_alarm_persistence_27,adwin,0.02,1,0,complete
60000,57000,39900,0,0,2.736676708009327,False,3000,rl,True,56050,0.5162890276538805,0.5002995188156141,14248,9929,0.6968697361033127,41802,12781,0.30575092100856416,,,RBF_I__s116__instance__severe,RBF_I,instance,severe,116.0,q_alarm_persistence_27,adwin,0.02,5,4,complete
60000,57000,37050,0,0,2.8774354999768548,False,3000,rl,True,56050,0.5135236396074933,0.4986376460590536,14248,9193,0.6452133632790568,41802,14895,0.356322663987369,,,RBF_I__s116__instance__severe,RBF_I,instance,severe,116.0,q_alarm_persistence_27,adwin,0.05,5,4,complete
60000,57000,46550,0,0,2.84561470799963,False,3000,none,True,56050,0.5344335414808207,0.5267256386073526,14248,11565,0.811692869174621,41802,7767,0.18580450696138942,,,RBF_I__s116__instance__severe,RBF_I,instance,severe,116.0,no_reset,hddm_w,0.01,1,0,complete
60000,57000,44650,0,0,2.855358208005782,False,3000,none,True,56050,0.5074576271186441,0.4977877621123201,14248,11071,0.7770213363279057,41802,9173,0.2194392612793646,,,RBF_I__s116__instance__severe,RBF_I,instance,severe,116.0,no_reset,hddm_w,0.05,1,0,complete
60000,57000,42750,0,0,2.8412086660100613,False,3000,none,True,56050,0.5267261373773416,0.5125516082891141,14248,10630,0.74606962380685,41802,10632,0.2543418975168652,,,RBF_I__s116__instance__severe,RBF_I,instance,severe,116.0,no_reset,hddm_w,0.01,5,4,complete
60000,57000,42750,0,0,2.731583665998187,False,3000,none,True,56050,0.515985727029438,0.49882434176386586,14248,10582,0.7427007299270073,41802,10584,0.25319362709918186,,,RBF_I__s116__instance__severe,RBF_I,instance,severe,116.0,no_reset,hddm_w,0.02,1,0,complete
60000,57000,39900,0,0,2.796310417004861,False,3000,none,True,56050,0.5162890276538805,0.5002995188156141,14248,9929,0.6968697361033127,41802,12781,0.30575092100856416,,,RBF_I__s116__instance__severe,RBF_I,instance,severe,116.0,no_reset,hddm_w,0.02,5,4,complete
60000,57000,37050,0,0,2.8211570420244243,False,3000,none,True,56050,0.5135236396074933,0.4986376460590536,14248,9193,0.6452133632790568,41802,14895,0.356322663987369,,,RBF_I__s116__instance__severe,RBF_I,instance,severe,116.0,no_reset,hddm_w,0.05,5,4,complete
60000,64600,50350,11400,4,2.807762582990108,True,3000,confirmed,True,56050,0.4704727921498662,0.45405828616810745,14248,11107,0.7795480067377878,41802,9209,0.22030046409262716,,,RBF_I__s116__instance__severe,RBF_I,instance,severe,116.0,confirmed,hddm_w,0.01,1,0,complete
60000,62700,42750,8550,3,2.8111294580012327,False,3000,confirmed,True,56050,0.44988403211418376,0.4275894504262195,14248,9665,0.6783408197641775,41802,13467,0.32216161906128893,,,RBF_I__s116__instance__severe,RBF_I,instance,severe,116.0,confirmed,hddm_w,0.05,1,0,complete
60000,64600,43700,2850,1,2.8655080830212682,True,3000,confirmed,True,56050,0.507636039250669,0.49531363525231176,14248,10400,0.7299270072992701,41802,11352,0.2715659537821157,,,RBF_I__s116__instance__severe,RBF_I,instance,severe,116.0,confirmed,hddm_w,0.01,5,4,complete
60000,62700,40850,2850,1,2.943110666994471,True,3000,confirmed,True,56050,0.5047100802854594,0.4938677946359814,14248,9885,0.6937815833801235,41802,12737,0.30469833979235444,,,RBF_I__s116__instance__severe,RBF_I,instance,severe,116.0,confirmed,hddm_w,0.02,1,0,complete
60000,66500,37050,2850,1,2.9857024170050863,True,3000,confirmed,True,56050,0.5045495093666369,0.4936440160064791,14248,8667,0.6082959011791128,41802,16269,0.38919190469355536,,,RBF_I__s116__instance__severe,RBF_I,instance,severe,116.0,confirmed,hddm_w,0.02,5,4,complete
60000,57000,38950,7600,8,2.5109803749946877,False,3000,rl,True,56050,0.48597680642283675,0.4722244762030436,14248,9631,0.6759545199326221,41802,13433,0.3213482608487632,,,RBF_I__s116__instance__severe,RBF_I,instance,severe,116.0,error_rule,hddm_w,0.01,1,0,complete
60000,66500,31350,5700,2,2.9374280000047293,True,3000,confirmed,True,56050,0.464228367528992,0.44246068645766157,14248,7302,0.5124929814710837,41802,20604,0.4928950767905842,,,RBF_I__s116__instance__severe,RBF_I,instance,severe,116.0,confirmed,hddm_w,0.05,5,4,complete
60000,57000,32300,3800,4,2.6857688749878434,False,3000,rl,True,56050,0.4820517395182872,0.46699784169987835,14248,7817,0.5486384053902302,41802,18269,0.4370365054303622,,,RBF_I__s116__instance__severe,RBF_I,instance,severe,116.0,error_rule,hddm_w,0.05,1,0,complete
60000,57000,42750,6650,7,2.576969708985416,False,3000,rl,True,56050,0.47892952720785015,0.4635620256458571,14248,10618,0.7452274003368894,41802,10620,0.2540548299124444,,,RBF_I__s116__instance__severe,RBF_I,instance,severe,116.0,error_rule,hddm_w,0.01,5,4,complete
60000,57000,34200,4750,5,2.6311460829747375,False,3000,rl,True,56050,0.49095450490633363,0.476904723404747,14248,8399,0.589486243683324,41802,16951,0.40550691354480645,,,RBF_I__s116__instance__severe,RBF_I,instance,severe,116.0,error_rule,hddm_w,0.02,1,0,complete
60000,57000,38950,7600,8,2.5449026669957675,False,3000,rl,True,56050,0.4700802854594112,0.45761498644600185,14248,9688,0.6799550814149354,41802,13490,0.3227118319697622,,,RBF_I__s116__instance__severe,RBF_I,instance,severe,116.0,error_rule,hddm_w,0.02,5,4,complete
60000,57000,29450,3800,4,2.6677704169997014,False,3000,rl,True,56050,0.4766101694915254,0.45974124932708493,14248,7266,0.5099663110612016,41802,20568,0.4920338739773217,,,RBF_I__s116__instance__severe,RBF_I,instance,severe,116.0,error_rule,hddm_w,0.05,5,4,complete
60000,57000,46550,0,0,2.944067415985046,False,3000,rl,True,56050,0.5344335414808207,0.5267256386073526,14248,11565,0.811692869174621,41802,7767,0.18580450696138942,,,RBF_I__s116__instance__severe,RBF_I,instance,severe,116.0,selected_map,hddm_w,0.01,1,0,complete
60000,57000,44650,0,0,2.9419458330085035,False,3000,rl,True,56050,0.5074576271186441,0.4977877621123201,14248,11071,0.7770213363279057,41802,9173,0.2194392612793646,,,RBF_I__s116__instance__severe,RBF_I,instance,severe,116.0,selected_map,hddm_w,0.05,1,0,complete
60000,57000,42750,0,0,2.9192482079961337,False,3000,rl,True,56050,0.5267261373773416,0.5125516082891141,14248,10630,0.74606962380685,41802,10632,0.2543418975168652,,,RBF_I__s116__instance__severe,RBF_I,instance,severe,116.0,selected_map,hddm_w,0.01,5,4,complete
60000,57000,42750,0,0,2.805065624997951,False,3000,rl,True,56050,0.515985727029438,0.49882434176386586,14248,10582,0.7427007299270073,41802,10584,0.25319362709918186,,,RBF_I__s116__instance__severe,RBF_I,instance,severe,116.0,selected_map,hddm_w,0.02,1,0,complete
60000,57000,39900,0,0,2.8579494160076138,False,3000,rl,True,56050,0.5162890276538805,0.5002995188156141,14248,9929,0.6968697361033127,41802,12781,0.30575092100856416,,,RBF_I__s116__instance__severe,RBF_I,instance,severe,116.0,selected_map,hddm_w,0.02,5,4,complete
60000,57000,37050,0,0,2.9092342920193914,False,3000,rl,True,56050,0.5135236396074933,0.4986376460590536,14248,9193,0.6452133632790568,41802,14895,0.356322663987369,,,RBF_I__s116__instance__severe,RBF_I,instance,severe,116.0,selected_map,hddm_w,0.05,5,4,complete
60000,57000,46550,0,0,2.9081313339993358,False,3000,rl,True,56050,0.5344335414808207,0.5267256386073526,14248,11565,0.811692869174621,41802,7767,0.18580450696138942,,,RBF_I__s116__instance__severe,RBF_I,instance,severe,116.0,q_alarm_persistence_7,hddm_w,0.01,1,0,complete
60000,57000,44650,0,0,2.963944499992067,False,3000,rl,True,56050,0.5074576271186441,0.4977877621123201,14248,11071,0.7770213363279057,41802,9173,0.2194392612793646,,,RBF_I__s116__instance__severe,RBF_I,instance,severe,116.0,q_alarm_persistence_7,hddm_w,0.05,1,0,complete
60000,57000,42750,0,0,2.845925665984396,False,3000,rl,True,56050,0.5267261373773416,0.5125516082891141,14248,10630,0.74606962380685,41802,10632,0.2543418975168652,,,RBF_I__s116__instance__severe,RBF_I,instance,severe,116.0,q_alarm_persistence_7,hddm_w,0.01,5,4,complete
60000,57000,42750,0,0,2.8871336659940425,False,3000,rl,True,56050,0.515985727029438,0.49882434176386586,14248,10582,0.7427007299270073,41802,10584,0.25319362709918186,,,RBF_I__s116__instance__severe,RBF_I,instance,severe,116.0,q_alarm_persistence_7,hddm_w,0.02,1,0,complete
60000,57000,39900,0,0,2.8841140829899814,False,3000,rl,True,56050,0.5162890276538805,0.5002995188156141,14248,9929,0.6968697361033127,41802,12781,0.30575092100856416,,,RBF_I__s116__instance__severe,RBF_I,instance,severe,116.0,q_alarm_persistence_7,hddm_w,0.02,5,4,complete
60000,57000,37050,0,0,2.9202086250006687,False,3000,rl,True,56050,0.5135236396074933,0.4986376460590536,14248,9193,0.6452133632790568,41802,14895,0.356322663987369,,,RBF_I__s116__instance__severe,RBF_I,instance,severe,116.0,q_alarm_persistence_7,hddm_w,0.05,5,4,complete
60000,57000,38000,5700,6,2.524776165984804,False,3000,rl,True,56050,0.4855129348795718,0.47060086713884985,14248,9350,0.6562324536777091,41802,14102,0.3373522797952251,,,RBF_I__s116__instance__severe,RBF_I,instance,severe,116.0,q_alarm_persistence_17,hddm_w,0.01,1,0,complete
60000,57000,34200,2850,3,2.6557038750033826,False,3000,rl,True,56050,0.4851204281891169,0.4700631210108166,14248,8327,0.5844329028635598,41802,16879,0.4037845079182814,,,RBF_I__s116__instance__severe,RBF_I,instance,severe,116.0,q_alarm_persistence_17,hddm_w,0.05,1,0,complete
60000,57000,38000,2850,3,2.6114512080093846,False,3000,rl,True,56050,0.467921498661909,0.455045564949799,14248,9482,0.6654969118472768,41802,14234,0.34051002344385434,,,RBF_I__s116__instance__severe,RBF_I,instance,severe,116.0,q_alarm_persistence_17,hddm_w,0.01,5,4,complete
60000,57000,34200,4750,5,2.6842117909982335,False,3000,rl,True,56050,0.48610169491525423,0.4713927506037266,14248,8383,0.5883632790567097,41802,16935,0.405124156738912,,,RBF_I__s116__instance__severe,RBF_I,instance,severe,116.0,q_alarm_persistence_17,hddm_w,0.02,1,0,complete
60000,57000,38000,3800,4,2.654705291992286,False,3000,rl,True,56050,0.47734165923282784,0.4624751444228189,14248,9458,0.6638124649073555,41802,14210,0.3399358882350127,,,RBF_I__s116__instance__severe,RBF_I,instance,severe,116.0,q_alarm_persistence_17,hddm_w,0.02,5,4,complete
60000,57000,35150,2850,3,2.6477313340001274,False,3000,rl,True,56050,0.47794826048171274,0.4618487322724594,14248,8712,0.6114542391914655,41802,16314,0.3902684082101335,,,RBF_I__s116__instance__severe,RBF_I,instance,severe,116.0,q_alarm_persistence_17,hddm_w,0.05,5,4,complete
60000,57000,46550,0,0,2.9545250830124132,False,3000,rl,True,56050,0.5344335414808207,0.5267256386073526,14248,11565,0.811692869174621,41802,7767,0.18580450696138942,,,RBF_I__s116__instance__severe,RBF_I,instance,severe,116.0,q_alarm_persistence_27,hddm_w,0.01,1,0,complete
60000,57000,44650,0,0,2.952229166010511,False,3000,rl,True,56050,0.5074576271186441,0.4977877621123201,14248,11071,0.7770213363279057,41802,9173,0.2194392612793646,,,RBF_I__s116__instance__severe,RBF_I,instance,severe,116.0,q_alarm_persistence_27,hddm_w,0.05,1,0,complete
60000,57000,42750,0,0,2.9400005000061356,False,3000,rl,True,56050,0.5267261373773416,0.5125516082891141,14248,10630,0.74606962380685,41802,10632,0.2543418975168652,,,RBF_I__s116__instance__severe,RBF_I,instance,severe,116.0,q_alarm_persistence_27,hddm_w,0.01,5,4,complete
60000,57000,42750,0,0,2.880515249999007,False,3000,rl,True,56050,0.515985727029438,0.49882434176386586,14248,10582,0.7427007299270073,41802,10584,0.25319362709918186,,,RBF_I__s116__instance__severe,RBF_I,instance,severe,116.0,q_alarm_persistence_27,hddm_w,0.02,1,0,complete
60000,57000,39900,0,0,2.796089707990177,False,3000,rl,True,56050,0.5162890276538805,0.5002995188156141,14248,9929,0.6968697361033127,41802,12781,0.30575092100856416,,,RBF_I__s116__instance__severe,RBF_I,instance,severe,116.0,q_alarm_persistence_27,hddm_w,0.02,5,4,complete
60000,57000,37050,0,0,2.9241422079794575,False,3000,rl,True,56050,0.5135236396074933,0.4986376460590536,14248,9193,0.6452133632790568,41802,14895,0.356322663987369,,,RBF_I__s116__instance__severe,RBF_I,instance,severe,116.0,q_alarm_persistence_27,hddm_w,0.05,5,4,complete
60000,57000,46550,0,0,2.8523962080071215,False,3000,none,True,56050,0.5344335414808207,0.5267256386073526,14248,11565,0.811692869174621,41802,7767,0.18580450696138942,,,RBF_I__s116__instance__severe,RBF_I,instance,severe,116.0,no_reset,hellinger,0.01,1,0,complete
60000,57000,44650,0,0,2.8594893340050476,False,3000,none,True,56050,0.5074576271186441,0.4977877621123201,14248,11071,0.7770213363279057,41802,9173,0.2194392612793646,,,RBF_I__s116__instance__severe,RBF_I,instance,severe,116.0,no_reset,hellinger,0.05,1,0,complete
60000,57000,42750,0,0,2.7303810000012163,False,3000,none,True,56050,0.515985727029438,0.49882434176386586,14248,10582,0.7427007299270073,41802,10584,0.25319362709918186,,,RBF_I__s116__instance__severe,RBF_I,instance,severe,116.0,no_reset,hellinger,0.02,1,0,complete
60000,57000,42750,0,0,2.833384042023681,False,3000,none,True,56050,0.5267261373773416,0.5125516082891141,14248,10630,0.74606962380685,41802,10632,0.2543418975168652,,,RBF_I__s116__instance__severe,RBF_I,instance,severe,116.0,no_reset,hellinger,0.01,5,4,complete
60000,57000,39900,0,0,2.7787012079788838,False,3000,none,True,56050,0.5162890276538805,0.5002995188156141,14248,9929,0.6968697361033127,41802,12781,0.30575092100856416,,,RBF_I__s116__instance__severe,RBF_I,instance,severe,116.0,no_reset,hellinger,0.02,5,4,complete
60000,57000,37050,0,0,2.8554605829995126,False,3000,none,True,56050,0.5135236396074933,0.4986376460590536,14248,9193,0.6452133632790568,41802,14895,0.356322663987369,,,RBF_I__s116__instance__severe,RBF_I,instance,severe,116.0,no_reset,hellinger,0.05,5,4,complete
60000,60800,44650,2850,1,2.7217417919891886,False,3000,confirmed,True,56050,0.5179661016949153,0.5075497828557701,14248,10565,0.7415075800112296,41802,10567,0.252786947992919,,,RBF_I__s116__instance__severe,RBF_I,instance,severe,116.0,confirmed,hellinger,0.01,1,0,complete
60000,60800,40850,2850,1,2.8223953749984503,False,3000,confirmed,True,56050,0.5142729705619982,0.505598505177965,14248,9545,0.6699185850645705,41802,13347,0.3192909430170805,,,RBF_I__s116__instance__severe,RBF_I,instance,severe,116.0,confirmed,hellinger,0.05,1,0,complete
60000,62700,40850,2850,1,2.8145980830013286,False,3000,confirmed,True,56050,0.4897056199821588,0.4731530006436146,14248,9806,0.6882369455362156,41802,13608,0.32553466341323384,,,RBF_I__s116__instance__severe,RBF_I,instance,severe,116.0,confirmed,hellinger,0.01,5,4,complete
60000,62700,41800,5700,2,2.7572084169951268,False,3000,confirmed,True,56050,0.4703479036574487,0.4596701636427147,14248,9967,0.6995367770915216,41802,12819,0.3066599684225635,,,RBF_I__s116__instance__severe,RBF_I,instance,severe,116.0,confirmed,hellinger,0.02,1,0,complete
60000,57000,38950,7600,8,2.5005848330038134,False,3000,rl,True,56050,0.48597680642283675,0.4722244762030436,14248,9631,0.6759545199326221,41802,13433,0.3213482608487632,,,RBF_I__s116__instance__severe,RBF_I,instance,severe,116.0,error_rule,hellinger,0.01,1,0,complete
60000,62700,39900,0,0,2.9470969999965746,False,3000,confirmed,True,56050,0.5131846565566458,0.49640357020796055,14248,9959,0.6989752947782145,41802,12811,0.3064685900196163,,,RBF_I__s116__instance__severe,RBF_I,instance,severe,116.0,confirmed,hellinger,0.02,5,4,complete
60000,62700,35150,0,0,2.907481582980836,False,3000,confirmed,True,56050,0.5084924174843889,0.49244465483867395,14248,8768,0.6153846153846154,41802,16370,0.39160805703076407,,,RBF_I__s116__instance__severe,RBF_I,instance,severe,116.0,confirmed,hellinger,0.05,5,4,complete
60000,57000,32300,3800,4,2.6220582090027165,False,3000,rl,True,56050,0.4820517395182872,0.46699784169987835,14248,7817,0.5486384053902302,41802,18269,0.4370365054303622,,,RBF_I__s116__instance__severe,RBF_I,instance,severe,116.0,error_rule,hellinger,0.05,1,0,complete
60000,57000,42750,6650,7,2.525052833982045,False,3000,rl,True,56050,0.47892952720785015,0.4635620256458571,14248,10618,0.7452274003368894,41802,10620,0.2540548299124444,,,RBF_I__s116__instance__severe,RBF_I,instance,severe,116.0,error_rule,hellinger,0.01,5,4,complete
60000,57000,34200,4750,5,2.556351540988544,False,3000,rl,True,56050,0.49095450490633363,0.476904723404747,14248,8399,0.589486243683324,41802,16951,0.40550691354480645,,,RBF_I__s116__instance__severe,RBF_I,instance,severe,116.0,error_rule,hellinger,0.02,1,0,complete
60000,57000,38950,7600,8,2.5449704579950776,False,3000,rl,True,56050,0.4700802854594112,0.45761498644600185,14248,9688,0.6799550814149354,41802,13490,0.3227118319697622,,,RBF_I__s116__instance__severe,RBF_I,instance,severe,116.0,error_rule,hellinger,0.02,5,4,complete
60000,57000,29450,3800,4,2.541365290991962,False,3000,rl,True,56050,0.4766101694915254,0.45974124932708493,14248,7266,0.5099663110612016,41802,20568,0.4920338739773217,,,RBF_I__s116__instance__severe,RBF_I,instance,severe,116.0,error_rule,hellinger,0.05,5,4,complete
60000,57000,46550,0,0,2.872517332987627,False,3000,rl,True,56050,0.5344335414808207,0.5267256386073526,14248,11565,0.811692869174621,41802,7767,0.18580450696138942,,,RBF_I__s116__instance__severe,RBF_I,instance,severe,116.0,selected_map,hellinger,0.01,1,0,complete
60000,57000,44650,0,0,2.8775534159940435,False,3000,rl,True,56050,0.5074576271186441,0.4977877621123201,14248,11071,0.7770213363279057,41802,9173,0.2194392612793646,,,RBF_I__s116__instance__severe,RBF_I,instance,severe,116.0,selected_map,hellinger,0.05,1,0,complete
60000,57000,42750,0,0,2.869468208984472,False,3000,rl,True,56050,0.5267261373773416,0.5125516082891141,14248,10630,0.74606962380685,41802,10632,0.2543418975168652,,,RBF_I__s116__instance__severe,RBF_I,instance,severe,116.0,selected_map,hellinger,0.01,5,4,complete
60000,57000,39900,0,0,2.72208004098502,False,3000,rl,True,56050,0.5162890276538805,0.5002995188156141,14248,9929,0.6968697361033127,41802,12781,0.30575092100856416,,,RBF_I__s116__instance__severe,RBF_I,instance,severe,116.0,selected_map,hellinger,0.02,5,4,complete
60000,57000,42750,0,0,2.850255333003588,False,3000,rl,True,56050,0.515985727029438,0.49882434176386586,14248,10582,0.7427007299270073,41802,10584,0.25319362709918186,,,RBF_I__s116__instance__severe,RBF_I,instance,severe,116.0,selected_map,hellinger,0.02,1,0,complete
60000,57000,37050,0,0,2.8423673340003006,False,3000,rl,True,56050,0.5135236396074933,0.4986376460590536,14248,9193,0.6452133632790568,41802,14895,0.356322663987369,,,RBF_I__s116__instance__severe,RBF_I,instance,severe,116.0,selected_map,hellinger,0.05,5,4,complete
60000,57000,44650,1900,2,2.6105358340137172,False,3000,rl,True,56050,0.5091703835860839,0.4963086734998965,14248,11103,0.7792672655811342,41802,9205,0.22020477489115353,,,RBF_I__s116__instance__severe,RBF_I,instance,severe,116.0,q_alarm_persistence_7,hellinger,0.01,1,0,complete
60000,57000,38950,1900,2,2.655669082989334,False,3000,rl,True,56050,0.4983229259589652,0.48414357791801144,14248,9611,0.6745508141493542,41802,13413,0.32086981484139515,,,RBF_I__s116__instance__severe,RBF_I,instance,severe,116.0,q_alarm_persistence_7,hellinger,0.05,1,0,complete
60000,57000,40850,1900,2,2.5421109999879263,False,3000,rl,True,56050,0.4794647636039251,0.4634881602641906,14248,10101,0.708941605839416,41802,12003,0.28713937132194634,,,RBF_I__s116__instance__severe,RBF_I,instance,severe,116.0,q_alarm_persistence_7,hellinger,0.01,5,4,complete
60000,57000,42750,1900,2,2.6336607089906465,False,3000,rl,True,56050,0.49803746654772524,0.48232880405285605,14248,10624,0.7456485120718698,41802,10626,0.2541983637146548,,,RBF_I__s116__instance__severe,RBF_I,instance,severe,116.0,q_alarm_persistence_7,hellinger,0.02,1,0,complete
60000,57000,38000,2850,3,2.553771707986016,False,3000,rl,True,56050,0.47539696699375555,0.45602291467072137,14248,9339,0.6554604154969118,41802,14091,0.33708913449117267,,,RBF_I__s116__instance__severe,RBF_I,instance,severe,116.0,q_alarm_persistence_7,hellinger,0.02,5,4,complete
60000,57000,39900,7600,8,2.417849165998632,False,3000,rl,True,56050,0.48215878679750224,0.46814144271960406,14248,9871,0.692798989331836,41802,12723,0.3043634275871968,,,RBF_I__s116__instance__severe,RBF_I,instance,severe,116.0,q_alarm_persistence_17,hellinger,0.01,1,0,complete
60000,57000,42750,6650,7,2.5228728750080336,False,3000,rl,True,56050,0.47892952720785015,0.4635620256458571,14248,10618,0.7452274003368894,41802,10620,0.2540548299124444,,,RBF_I__s116__instance__severe,RBF_I,instance,severe,116.0,q_alarm_persistence_17,hellinger,0.01,5,4,complete
60000,57000,33250,3800,4,2.601764999999432,False,3000,rl,True,56050,0.4817841213202498,0.46679035392278423,14248,8066,0.5661145423919146,41802,17568,0.4202669728721114,,,RBF_I__s116__instance__severe,RBF_I,instance,severe,116.0,q_alarm_persistence_17,hellinger,0.05,1,0,complete
60000,57000,34200,0,0,2.8166367920057382,False,3000,rl,True,56050,0.4934879571810883,0.4812669900406086,14248,8455,0.5934166198764739,41802,17007,0.40684656236543704,,,RBF_I__s116__instance__severe,RBF_I,instance,severe,116.0,q_alarm_persistence_7,hellinger,0.05,5,4,complete
60000,57000,36100,6650,7,2.5628107090014964,False,3000,rl,True,56050,0.48123104371097236,0.4661919387287845,14248,8873,0.6227540707467715,41802,15525,0.3713937132194632,,,RBF_I__s116__instance__severe,RBF_I,instance,severe,116.0,q_alarm_persistence_17,hellinger,0.02,1,0,complete
60000,57000,39900,7600,8,2.4847808749764226,False,3000,rl,True,56050,0.46533452274754683,0.45222619814366477,14248,9933,0.6971504772599663,41802,12785,0.3058466102100378,,,RBF_I__s116__instance__severe,RBF_I,instance,severe,116.0,q_alarm_persistence_17,hellinger,0.02,5,4,complete
60000,57000,28500,950,1,2.6830422499915585,False,3000,rl,True,56050,0.4752899197145406,0.45777276477502504,14248,7042,0.4942448062886019,41802,21294,0.5094014640447826,,,RBF_I__s116__instance__severe,RBF_I,instance,severe,116.0,q_alarm_persistence_17,hellinger,0.05,5,4,complete
60000,57000,46550,0,0,2.8709196250129025,False,3000,rl,True,56050,0.5344335414808207,0.5267256386073526,14248,11565,0.811692869174621,41802,7767,0.18580450696138942,,,RBF_I__s116__instance__severe,RBF_I,instance,severe,116.0,q_alarm_persistence_27,hellinger,0.01,1,0,complete
60000,57000,44650,0,0,2.834118957995088,False,3000,rl,True,56050,0.5074576271186441,0.4977877621123201,14248,11071,0.7770213363279057,41802,9173,0.2194392612793646,,,RBF_I__s116__instance__severe,RBF_I,instance,severe,116.0,q_alarm_persistence_27,hellinger,0.05,1,0,complete
60000,57000,42750,0,0,2.8749197500001173,False,3000,rl,True,56050,0.5267261373773416,0.5125516082891141,14248,10630,0.74606962380685,41802,10632,0.2543418975168652,,,RBF_I__s116__instance__severe,RBF_I,instance,severe,116.0,q_alarm_persistence_27,hellinger,0.01,5,4,complete
60000,57000,42750,0,0,2.7819492499984335,False,3000,rl,True,56050,0.515985727029438,0.49882434176386586,14248,10582,0.7427007299270073,41802,10584,0.25319362709918186,,,RBF_I__s116__instance__severe,RBF_I,instance,severe,116.0,q_alarm_persistence_27,hellinger,0.02,1,0,complete
60000,57000,39900,0,0,2.847939540981315,False,3000,rl,True,56050,0.5162890276538805,0.5002995188156141,14248,9929,0.6968697361033127,41802,12781,0.30575092100856416,,,RBF_I__s116__instance__severe,RBF_I,instance,severe,116.0,q_alarm_persistence_27,hellinger,0.02,5,4,complete
60000,57000,37050,0,0,2.889301167015219,False,3000,rl,True,56050,0.5135236396074933,0.4986376460590536,14248,9193,0.6452133632790568,41802,14895,0.356322663987369,,,RBF_I__s116__instance__severe,RBF_I,instance,severe,116.0,q_alarm_persistence_27,hellinger,0.05,5,4,complete
60000,57000,46550,0,0,2.8614840420195833,False,3000,none,True,56050,0.5344335414808207,0.5267256386073526,14248,11565,0.811692869174621,41802,7767,0.18580450696138942,,,RBF_I__s116__instance__severe,RBF_I,instance,severe,116.0,no_reset,d3_oof,0.01,1,0,complete
60000,57000,44650,0,0,2.8674380839947844,False,3000,none,True,56050,0.5074576271186441,0.4977877621123201,14248,11071,0.7770213363279057,41802,9173,0.2194392612793646,,,RBF_I__s116__instance__severe,RBF_I,instance,severe,116.0,no_reset,d3_oof,0.05,1,0,complete
60000,57000,42750,0,0,2.7692171669914387,False,3000,none,True,56050,0.5267261373773416,0.5125516082891141,14248,10630,0.74606962380685,41802,10632,0.2543418975168652,,,RBF_I__s116__instance__severe,RBF_I,instance,severe,116.0,no_reset,d3_oof,0.01,5,4,complete
60000,57000,42750,0,0,2.8148123330029193,False,3000,none,True,56050,0.515985727029438,0.49882434176386586,14248,10582,0.7427007299270073,41802,10584,0.25319362709918186,,,RBF_I__s116__instance__severe,RBF_I,instance,severe,116.0,no_reset,d3_oof,0.02,1,0,complete
60000,57000,39900,0,0,2.7605537500057835,False,3000,none,True,56050,0.5162890276538805,0.5002995188156141,14248,9929,0.6968697361033127,41802,12781,0.30575092100856416,,,RBF_I__s116__instance__severe,RBF_I,instance,severe,116.0,no_reset,d3_oof,0.02,5,4,complete
60000,57000,37050,0,0,2.8023074160155375,False,3000,none,True,56050,0.5135236396074933,0.4986376460590536,14248,9193,0.6452133632790568,41802,14895,0.356322663987369,,,RBF_I__s116__instance__severe,RBF_I,instance,severe,116.0,no_reset,d3_oof,0.05,5,4,complete
60000,60800,48450,5700,2,2.6929447920119856,False,3000,confirmed,True,56050,0.4903835860838537,0.4783210053016601,14248,11362,0.7974452554744526,41802,8514,0.20367446533658676,,,RBF_I__s116__instance__severe,RBF_I,instance,severe,116.0,confirmed,d3_oof,0.01,1,0,complete
60000,58900,43700,2850,1,2.910432541000773,False,3000,confirmed,True,56050,0.5042818911685994,0.4940604969031638,14248,10352,0.7265581134194273,41802,11304,0.27041768336443234,,,RBF_I__s116__instance__severe,RBF_I,instance,severe,116.0,confirmed,d3_oof,0.05,1,0,complete
60000,60800,47500,5700,2,2.789637500012759,False,3000,confirmed,True,56050,0.49623550401427297,0.48508791528090056,14248,11117,0.7802498596294217,41802,9219,0.2205396870963112,,,RBF_I__s116__instance__severe,RBF_I,instance,severe,116.0,confirmed,d3_oof,0.01,5,4,complete
60000,60800,42750,0,0,2.9948117909953,False,3000,confirmed,True,56050,0.5143621766280108,0.4971734821752717,14248,10614,0.7449466591802358,41802,10616,0.25395914071097075,,,RBF_I__s116__instance__severe,RBF_I,instance,severe,116.0,confirmed,d3_oof,0.02,1,0,complete
60000,60800,39900,2850,1,2.8903471670055296,False,3000,confirmed,True,56050,0.512363960749331,0.504350782788982,14248,9598,0.6736384053902302,41802,13400,0.3205588249366059,,,RBF_I__s116__instance__severe,RBF_I,instance,severe,116.0,confirmed,d3_oof,0.02,5,4,complete
60000,58900,38000,2850,1,2.789349750004476,False,3000,confirmed,True,56050,0.4814094558429973,0.4697978280198633,14248,9189,0.6449326221224031,41802,14891,0.35622697478589543,,,RBF_I__s116__instance__severe,RBF_I,instance,severe,116.0,confirmed,d3_oof,0.05,5,4,complete
60000,57000,38950,7600,8,2.563804874982452,False,3000,rl,True,56050,0.48597680642283675,0.4722244762030436,14248,9631,0.6759545199326221,41802,13433,0.3213482608487632,,,RBF_I__s116__instance__severe,RBF_I,instance,severe,116.0,error_rule,d3_oof,0.01,1,0,complete
60000,57000,32300,3800,4,2.652216165995924,False,3000,rl,True,56050,0.4820517395182872,0.46699784169987835,14248,7817,0.5486384053902302,41802,18269,0.4370365054303622,,,RBF_I__s116__instance__severe,RBF_I,instance,severe,116.0,error_rule,d3_oof,0.05,1,0,complete
60000,57000,42750,6650,7,2.574111249996349,False,3000,rl,True,56050,0.47892952720785015,0.4635620256458571,14248,10618,0.7452274003368894,41802,10620,0.2540548299124444,,,RBF_I__s116__instance__severe,RBF_I,instance,severe,116.0,error_rule,d3_oof,0.01,5,4,complete
60000,57000,34200,4750,5,2.60652679100167,False,3000,rl,True,56050,0.49095450490633363,0.476904723404747,14248,8399,0.589486243683324,41802,16951,0.40550691354480645,,,RBF_I__s116__instance__severe,RBF_I,instance,severe,116.0,error_rule,d3_oof,0.02,1,0,complete
60000,57000,38950,7600,8,2.5311466669954825,False,3000,rl,True,56050,0.4700802854594112,0.45761498644600185,14248,9688,0.6799550814149354,41802,13490,0.3227118319697622,,,RBF_I__s116__instance__severe,RBF_I,instance,severe,116.0,error_rule,d3_oof,0.02,5,4,complete
60000,57000,29450,3800,4,2.6793389999947976,False,3000,rl,True,56050,0.4766101694915254,0.45974124932708493,14248,7266,0.5099663110612016,41802,20568,0.4920338739773217,,,RBF_I__s116__instance__severe,RBF_I,instance,severe,116.0,error_rule,d3_oof,0.05,5,4,complete
60000,57000,46550,0,0,2.970291959005408,False,3000,rl,True,56050,0.5344335414808207,0.5267256386073526,14248,11565,0.811692869174621,41802,7767,0.18580450696138942,,,RBF_I__s116__instance__severe,RBF_I,instance,severe,116.0,selected_map,d3_oof,0.01,1,0,complete
60000,57000,44650,0,0,2.939872832997935,False,3000,rl,True,56050,0.5074576271186441,0.4977877621123201,14248,11071,0.7770213363279057,41802,9173,0.2194392612793646,,,RBF_I__s116__instance__severe,RBF_I,instance,severe,116.0,selected_map,d3_oof,0.05,1,0,complete
60000,57000,42750,0,0,2.968545499985339,False,3000,rl,True,56050,0.5267261373773416,0.5125516082891141,14248,10630,0.74606962380685,41802,10632,0.2543418975168652,,,RBF_I__s116__instance__severe,RBF_I,instance,severe,116.0,selected_map,d3_oof,0.01,5,4,complete
60000,57000,42750,0,0,2.85988925001584,False,3000,rl,True,56050,0.515985727029438,0.49882434176386586,14248,10582,0.7427007299270073,41802,10584,0.25319362709918186,,,RBF_I__s116__instance__severe,RBF_I,instance,severe,116.0,selected_map,d3_oof,0.02,1,0,complete
60000,57000,39900,0,0,2.917446708015632,False,3000,rl,True,56050,0.5162890276538805,0.5002995188156141,14248,9929,0.6968697361033127,41802,12781,0.30575092100856416,,,RBF_I__s116__instance__severe,RBF_I,instance,severe,116.0,selected_map,d3_oof,0.02,5,4,complete
60000,57000,37050,0,0,2.9403435830026865,False,3000,rl,True,56050,0.5135236396074933,0.4986376460590536,14248,9193,0.6452133632790568,41802,14895,0.356322663987369,,,RBF_I__s116__instance__severe,RBF_I,instance,severe,116.0,selected_map,d3_oof,0.05,5,4,complete
60000,57000,43700,1900,2,2.6753642080002464,False,3000,rl,True,56050,0.4965388046387154,0.4842846524685405,14248,10827,0.7598961257720381,41802,9879,0.23632840533945745,,,RBF_I__s116__instance__severe,RBF_I,instance,severe,116.0,q_alarm_persistence_7,d3_oof,0.01,1,0,complete
60000,57000,37050,1900,2,2.729435041997931,False,3000,rl,True,56050,0.49782337198929527,0.4861937603122305,14248,9110,0.6393879842784952,41802,14812,0.35433711305679155,,,RBF_I__s116__instance__severe,RBF_I,instance,severe,116.0,q_alarm_persistence_7,d3_oof,0.05,1,0,complete
60000,57000,39900,0,0,2.8088367499876767,False,3000,rl,True,56050,0.5067796610169492,0.49258824614284447,14248,9981,0.7005193711398091,41802,12833,0.3069948806277212,,,RBF_I__s116__instance__severe,RBF_I,instance,severe,116.0,q_alarm_persistence_7,d3_oof,0.01,5,4,complete
60000,57000,39900,1900,2,2.7193844169960357,False,3000,rl,True,56050,0.49714540588760037,0.4864048460354715,14248,9835,0.690272318921954,41802,12687,0.30350222477393424,,,RBF_I__s116__instance__severe,RBF_I,instance,severe,116.0,q_alarm_persistence_7,d3_oof,0.02,1,0,complete
60000,57000,40850,0,0,2.882357083988609,False,3000,rl,True,56050,0.5105263157894737,0.49321546468536215,14248,10158,0.7129421673217293,41802,12060,0.28850294244294533,,,RBF_I__s116__instance__severe,RBF_I,instance,severe,116.0,q_alarm_persistence_7,d3_oof,0.02,5,4,complete
60000,57000,35150,0,0,2.9313839159731288,False,3000,rl,True,56050,0.499892952720785,0.48852030793711265,14248,8818,0.618893879842785,41802,16420,0.3928041720491843,,,RBF_I__s116__instance__severe,RBF_I,instance,severe,116.0,q_alarm_persistence_7,d3_oof,0.05,5,4,complete
60000,57000,38950,7600,8,2.4890065409999806,False,3000,rl,True,56050,0.48597680642283675,0.4722244762030436,14248,9631,0.6759545199326221,41802,13433,0.3213482608487632,,,RBF_I__s116__instance__severe,RBF_I,instance,severe,116.0,q_alarm_persistence_17,d3_oof,0.01,1,0,complete
60000,57000,32300,3800,4,2.6489235420012847,False,3000,rl,True,56050,0.4820517395182872,0.46699784169987835,14248,7817,0.5486384053902302,41802,18269,0.4370365054303622,,,RBF_I__s116__instance__severe,RBF_I,instance,severe,116.0,q_alarm_persistence_17,d3_oof,0.05,1,0,complete
60000,57000,42750,6650,7,2.5684595000057016,False,3000,rl,True,56050,0.47892952720785015,0.4635620256458571,14248,10618,0.7452274003368894,41802,10620,0.2540548299124444,,,RBF_I__s116__instance__severe,RBF_I,instance,severe,116.0,q_alarm_persistence_17,d3_oof,0.01,5,4,complete
60000,57000,34200,4750,5,2.6173871670034714,False,3000,rl,True,56050,0.49095450490633363,0.476904723404747,14248,8399,0.589486243683324,41802,16951,0.40550691354480645,,,RBF_I__s116__instance__severe,RBF_I,instance,severe,116.0,q_alarm_persistence_17,d3_oof,0.02,1,0,complete
60000,57000,38950,7600,8,2.5978019589965697,False,3000,rl,True,56050,0.4700802854594112,0.45761498644600185,14248,9688,0.6799550814149354,41802,13490,0.3227118319697622,,,RBF_I__s116__instance__severe,RBF_I,instance,severe,116.0,q_alarm_persistence_17,d3_oof,0.02,5,4,complete
60000,57000,26600,1900,2,2.643980875000125,False,3000,rl,True,56050,0.45955396966993756,0.43642368316389507,14248,6487,0.4552919708029197,41802,22639,0.5415769580402852,,,RBF_I__s116__instance__severe,RBF_I,instance,severe,116.0,q_alarm_persistence_17,d3_oof,0.05,5,4,complete
60000,57000,38000,26600,28,2.4963036669942085,False,3000,rl,True,56050,0.47825156110615524,0.4650488078824476,14248,9330,0.6548287478944413,41802,14082,0.336873833787857,,,RBF_I__s116__instance__severe,RBF_I,instance,severe,116.0,q_alarm_persistence_27,d3_oof,0.01,1,0,complete
60000,57000,31350,22800,24,2.5391833750036312,False,3000,rl,True,56050,0.487707404103479,0.4757994094766276,14248,7625,0.5351628298708591,41802,19027,0.45516960910961196,,,RBF_I__s116__instance__severe,RBF_I,instance,severe,116.0,q_alarm_persistence_27,d3_oof,0.05,1,0,complete
60000,57000,36100,23750,25,2.4832348749914672,False,3000,rl,True,56050,0.48032114183764496,0.4670601395813629,14248,8843,0.6206485120718698,41802,15495,0.3706760442084111,,,RBF_I__s116__instance__severe,RBF_I,instance,severe,116.0,q_alarm_persistence_27,d3_oof,0.01,5,4,complete
60000,57000,29450,19950,21,2.516103458998259,False,3000,rl,True,56050,0.48194469223907227,0.46820391271452444,14248,7155,0.5021757439640652,41802,20457,0.4893784986364289,,,RBF_I__s116__instance__severe,RBF_I,instance,severe,116.0,q_alarm_persistence_27,d3_oof,0.02,1,0,complete
60000,57000,30400,22800,24,2.3265855829813518,False,3000,rl,True,56050,0.47236396074933096,0.4609665752588628,14248,7423,0.5209854014598541,41802,19775,0.47306348978517776,,,RBF_I__s116__instance__severe,RBF_I,instance,severe,116.0,q_alarm_persistence_27,d3_oof,0.02,5,4,complete
60000,57000,24700,12350,13,2.543342124990886,False,3000,rl,True,56050,0.4791971454058876,0.46926120525802906,14248,5943,0.41711117349803484,41802,23995,0.5740155973398402,,,RBF_I__s116__instance__severe,RBF_I,instance,severe,116.0,q_alarm_persistence_27,d3_oof,0.05,5,4,complete
60000,57000,55100,0,0,3.101563542004442,False,3000,none,True,56050,0.5816057091882249,0.5801847546117795,0,0,,56050,1900,0.03389830508474576,,,RBF_I__s117__clean__none,RBF_I,clean,none,117.0,no_reset,adwin,0.01,1,0,complete
60000,57000,48450,0,0,2.952136583000538,False,3000,none,True,56050,0.5548795718108831,0.554738844604854,0,0,,56050,8550,0.15254237288135594,,,RBF_I__s117__clean__none,RBF_I,clean,none,117.0,no_reset,adwin,0.05,1,0,complete
60000,57000,48450,0,0,3.0047022920043673,False,3000,none,True,56050,0.5690811775200714,0.5688167734917507,0,0,,56050,8550,0.15254237288135594,,,RBF_I__s117__clean__none,RBF_I,clean,none,117.0,no_reset,adwin,0.01,5,4,complete
60000,57000,51300,0,0,2.952459166990593,False,3000,none,True,56050,0.5993041926851026,0.5986765038061654,0,0,,56050,5700,0.1016949152542373,,,RBF_I__s117__clean__none,RBF_I,clean,none,117.0,no_reset,adwin,0.02,1,0,complete
60000,57000,44650,0,0,3.0914417919993866,False,3000,none,True,56050,0.5812845673505799,0.5812191072311583,0,0,,56050,12350,0.22033898305084745,,,RBF_I__s117__clean__none,RBF_I,clean,none,117.0,no_reset,adwin,0.02,5,4,complete
60000,57000,36100,0,0,2.9477214590006042,False,3000,none,True,56050,0.5414808206958073,0.5400843780457794,0,0,,56050,20900,0.3728813559322034,,,RBF_I__s117__clean__none,RBF_I,clean,none,117.0,no_reset,adwin,0.05,5,4,complete
60000,62700,53200,5700,2,2.9177392080018762,False,3000,confirmed,True,56050,0.551436217662801,0.5478914756753127,0,0,,56050,7600,0.13559322033898305,,,RBF_I__s117__clean__none,RBF_I,clean,none,117.0,confirmed,adwin,0.01,1,0,complete
60000,64600,49400,5700,2,2.9180061249935534,True,3000,confirmed,True,56050,0.5626048171275647,0.5597707629123767,0,0,,56050,10450,0.1864406779661017,,,RBF_I__s117__clean__none,RBF_I,clean,none,117.0,confirmed,adwin,0.05,1,0,complete
60000,62700,50350,8550,3,2.80835587499314,True,3000,confirmed,True,56050,0.5260481712756467,0.5208535636688116,0,0,,56050,11400,0.2033898305084746,,,RBF_I__s117__clean__none,RBF_I,clean,none,117.0,confirmed,adwin,0.01,5,4,complete
60000,64600,45600,2850,1,2.967543457983993,False,3000,confirmed,True,56050,0.5600535236396075,0.5567275880185473,0,0,,56050,12350,0.22033898305084745,,,RBF_I__s117__clean__none,RBF_I,clean,none,117.0,confirmed,adwin,0.02,1,0,complete
60000,60800,47500,5700,2,2.7751687499985565,False,3000,confirmed,True,56050,0.5407850133809099,0.535752055019033,0,0,,56050,13300,0.23728813559322035,,,RBF_I__s117__clean__none,RBF_I,clean,none,117.0,confirmed,adwin,0.02,5,4,complete
60000,57000,40850,10450,11,2.448398707987508,False,3000,rl,True,56050,0.5380731489741303,0.5339531930510535,0,0,,56050,16150,0.288135593220339,,,RBF_I__s117__clean__none,RBF_I,clean,none,117.0,error_rule,adwin,0.01,1,0,complete
60000,60800,40850,0,0,2.907492333004484,False,3000,confirmed,True,56050,0.5427297056199821,0.541112451963161,0,0,,56050,16150,0.288135593220339,,,RBF_I__s117__clean__none,RBF_I,clean,none,117.0,confirmed,adwin,0.05,5,4,complete
60000,57000,42750,8550,9,2.5884657920105383,False,3000,rl,True,56050,0.5399464763603925,0.5351636399474955,0,0,,56050,14250,0.2542372881355932,,,RBF_I__s117__clean__none,RBF_I,clean,none,117.0,error_rule,adwin,0.05,1,0,complete
60000,57000,42750,8550,9,2.5319741249841172,False,3000,rl,True,56050,0.5374308652988403,0.5325538516166348,0,0,,56050,14250,0.2542372881355932,,,RBF_I__s117__clean__none,RBF_I,clean,none,117.0,error_rule,adwin,0.01,5,4,complete
60000,57000,38950,11400,12,2.5570224580005743,False,3000,rl,True,56050,0.5401248884924175,0.5362529255051928,0,0,,56050,18050,0.3220338983050847,,,RBF_I__s117__clean__none,RBF_I,clean,none,117.0,error_rule,adwin,0.02,1,0,complete
60000,57000,37050,6650,7,2.494182082999032,False,3000,rl,True,56050,0.5383586083853702,0.5331732333453609,0,0,,56050,19950,0.3559322033898305,,,RBF_I__s117__clean__none,RBF_I,clean,none,117.0,error_rule,adwin,0.02,5,4,complete
60000,57000,28500,4750,5,2.6061874589941,False,3000,rl,True,56050,0.5413559322033898,0.5368305858278575,0,0,,56050,28500,0.5084745762711864,,,RBF_I__s117__clean__none,RBF_I,clean,none,117.0,error_rule,adwin,0.05,5,4,complete
60000,57000,55100,0,0,3.198229583009379,False,3000,rl,True,56050,0.5816057091882249,0.5801847546117795,0,0,,56050,1900,0.03389830508474576,,,RBF_I__s117__clean__none,RBF_I,clean,none,117.0,selected_map,adwin,0.01,1,0,complete
60000,57000,48450,0,0,3.023500832990976,False,3000,rl,True,56050,0.5548795718108831,0.554738844604854,0,0,,56050,8550,0.15254237288135594,,,RBF_I__s117__clean__none,RBF_I,clean,none,117.0,selected_map,adwin,0.05,1,0,complete
60000,57000,48450,0,0,3.036551333992975,False,3000,rl,True,56050,0.5690811775200714,0.5688167734917507,0,0,,56050,8550,0.15254237288135594,,,RBF_I__s117__clean__none,RBF_I,clean,none,117.0,selected_map,adwin,0.01,5,4,complete
60000,57000,51300,0,0,3.0279260000097565,False,3000,rl,True,56050,0.5993041926851026,0.5986765038061654,0,0,,56050,5700,0.1016949152542373,,,RBF_I__s117__clean__none,RBF_I,clean,none,117.0,selected_map,adwin,0.02,1,0,complete
60000,57000,44650,0,0,3.04524933398352,False,3000,rl,True,56050,0.5812845673505799,0.5812191072311583,0,0,,56050,12350,0.22033898305084745,,,RBF_I__s117__clean__none,RBF_I,clean,none,117.0,selected_map,adwin,0.02,5,4,complete
60000,57000,36100,0,0,2.852867333975155,False,3000,rl,True,56050,0.5414808206958073,0.5400843780457794,0,0,,56050,20900,0.3728813559322034,,,RBF_I__s117__clean__none,RBF_I,clean,none,117.0,selected_map,adwin,0.05,5,4,complete
60000,57000,45600,26600,28,2.4752974169969093,False,3000,rl,True,56050,0.5361462979482605,0.5334408651033473,0,0,,56050,11400,0.2033898305084746,,,RBF_I__s117__clean__none,RBF_I,clean,none,117.0,q_alarm_persistence_7,adwin,0.01,1,0,complete
60000,57000,38000,19000,20,2.5119761249952717,False,3000,rl,True,56050,0.5382694023193577,0.5350863689841221,0,0,,56050,19000,0.3389830508474576,,,RBF_I__s117__clean__none,RBF_I,clean,none,117.0,q_alarm_persistence_7,adwin,0.05,1,0,complete
60000,57000,38950,22800,24,2.4034104160091374,False,3000,rl,True,56050,0.5210169491525424,0.516295431202735,0,0,,56050,18050,0.3220338983050847,,,RBF_I__s117__clean__none,RBF_I,clean,none,117.0,q_alarm_persistence_7,adwin,0.01,5,4,complete
60000,57000,42750,27550,29,2.4727713330066763,False,3000,rl,True,56050,0.5228724353256021,0.5198916729388212,0,0,,56050,14250,0.2542372881355932,,,RBF_I__s117__clean__none,RBF_I,clean,none,117.0,q_alarm_persistence_7,adwin,0.02,1,0,complete
60000,57000,35150,22800,24,2.48620512499474,False,3000,rl,True,56050,0.5345584299732382,0.5309798729462054,0,0,,56050,21850,0.3898305084745763,,,RBF_I__s117__clean__none,RBF_I,clean,none,117.0,q_alarm_persistence_7,adwin,0.02,5,4,complete
60000,57000,23750,10450,11,2.5324072079965845,False,3000,rl,True,56050,0.5333630686886708,0.529592238041807,0,0,,56050,33250,0.5932203389830508,,,RBF_I__s117__clean__none,RBF_I,clean,none,117.0,q_alarm_persistence_7,adwin,0.05,5,4,complete
60000,57000,40850,10450,11,2.468404708983144,False,3000,rl,True,56050,0.5380731489741303,0.5339531930510535,0,0,,56050,16150,0.288135593220339,,,RBF_I__s117__clean__none,RBF_I,clean,none,117.0,q_alarm_persistence_17,adwin,0.01,1,0,complete
60000,57000,42750,8550,9,2.6292003330017906,False,3000,rl,True,56050,0.5399464763603925,0.5351636399474955,0,0,,56050,14250,0.2542372881355932,,,RBF_I__s117__clean__none,RBF_I,clean,none,117.0,q_alarm_persistence_17,adwin,0.05,1,0,complete
60000,57000,42750,8550,9,2.529384416004177,False,3000,rl,True,56050,0.5374308652988403,0.5325538516166348,0,0,,56050,14250,0.2542372881355932,,,RBF_I__s117__clean__none,RBF_I,clean,none,117.0,q_alarm_persistence_17,adwin,0.01,5,4,complete
60000,57000,38950,11400,12,2.563271374994656,False,3000,rl,True,56050,0.5401248884924175,0.5362529255051928,0,0,,56050,18050,0.3220338983050847,,,RBF_I__s117__clean__none,RBF_I,clean,none,117.0,q_alarm_persistence_17,adwin,0.02,1,0,complete
60000,57000,29450,4750,5,2.5459414579963777,False,3000,rl,True,56050,0.5411953612845674,0.5366988019591454,0,0,,56050,27550,0.4915254237288136,,,RBF_I__s117__clean__none,RBF_I,clean,none,117.0,q_alarm_persistence_17,adwin,0.05,5,4,complete
60000,57000,37050,3800,4,2.5556666250049602,False,3000,rl,True,56050,0.5331668153434433,0.5284423684884043,0,0,,56050,19950,0.3559322033898305,,,RBF_I__s117__clean__none,RBF_I,clean,none,117.0,q_alarm_persistence_17,adwin,0.02,5,4,complete
60000,57000,55100,0,0,3.143592666980112,False,3000,rl,True,56050,0.5816057091882249,0.5801847546117795,0,0,,56050,1900,0.03389830508474576,,,RBF_I__s117__clean__none,RBF_I,clean,none,117.0,q_alarm_persistence_27,adwin,0.01,1,0,complete
60000,57000,48450,0,0,2.9742822499974864,False,3000,rl,True,56050,0.5548795718108831,0.554738844604854,0,0,,56050,8550,0.15254237288135594,,,RBF_I__s117__clean__none,RBF_I,clean,none,117.0,q_alarm_persistence_27,adwin,0.05,1,0,complete
60000,57000,48450,0,0,3.0158767079992685,False,3000,rl,True,56050,0.5690811775200714,0.5688167734917507,0,0,,56050,8550,0.15254237288135594,,,RBF_I__s117__clean__none,RBF_I,clean,none,117.0,q_alarm_persistence_27,adwin,0.01,5,4,complete
60000,57000,51300,0,0,2.995633957994869,False,3000,rl,True,56050,0.5993041926851026,0.5986765038061654,0,0,,56050,5700,0.1016949152542373,,,RBF_I__s117__clean__none,RBF_I,clean,none,117.0,q_alarm_persistence_27,adwin,0.02,1,0,complete
60000,57000,44650,0,0,3.0373701250064187,False,3000,rl,True,56050,0.5812845673505799,0.5812191072311583,0,0,,56050,12350,0.22033898305084745,,,RBF_I__s117__clean__none,RBF_I,clean,none,117.0,q_alarm_persistence_27,adwin,0.02,5,4,complete
60000,57000,36100,0,0,2.826010042015696,False,3000,rl,True,56050,0.5414808206958073,0.5400843780457794,0,0,,56050,20900,0.3728813559322034,,,RBF_I__s117__clean__none,RBF_I,clean,none,117.0,q_alarm_persistence_27,adwin,0.05,5,4,complete
60000,57000,55100,0,0,3.0935281249985565,False,3000,none,True,56050,0.5816057091882249,0.5801847546117795,0,0,,56050,1900,0.03389830508474576,,,RBF_I__s117__clean__none,RBF_I,clean,none,117.0,no_reset,hddm_w,0.01,1,0,complete
60000,57000,48450,0,0,3.003012375003891,False,3000,none,True,56050,0.5548795718108831,0.554738844604854,0,0,,56050,8550,0.15254237288135594,,,RBF_I__s117__clean__none,RBF_I,clean,none,117.0,no_reset,hddm_w,0.05,1,0,complete
60000,57000,48450,0,0,2.9119050840090495,False,3000,none,True,56050,0.5690811775200714,0.5688167734917507,0,0,,56050,8550,0.15254237288135594,,,RBF_I__s117__clean__none,RBF_I,clean,none,117.0,no_reset,hddm_w,0.01,5,4,complete
60000,57000,51300,0,0,3.026924499979941,False,3000,none,True,56050,0.5993041926851026,0.5986765038061654,0,0,,56050,5700,0.1016949152542373,,,RBF_I__s117__clean__none,RBF_I,clean,none,117.0,no_reset,hddm_w,0.02,1,0,complete
60000,57000,44650,0,0,2.9992260840081144,False,3000,none,True,56050,0.5812845673505799,0.5812191072311583,0,0,,56050,12350,0.22033898305084745,,,RBF_I__s117__clean__none,RBF_I,clean,none,117.0,no_reset,hddm_w,0.02,5,4,complete
60000,57000,36100,0,0,2.8230107500276063,False,3000,none,True,56050,0.5414808206958073,0.5400843780457794,0,0,,56050,20900,0.3728813559322034,,,RBF_I__s117__clean__none,RBF_I,clean,none,117.0,no_reset,hddm_w,0.05,5,4,complete
60000,64600,57950,8550,3,2.8674733329971787,True,3000,confirmed,True,56050,0.5550401427297056,0.5505196363339027,0,0,,56050,4750,0.0847457627118644,,,RBF_I__s117__clean__none,RBF_I,clean,none,117.0,confirmed,hddm_w,0.01,1,0,complete
60000,60800,47500,5700,2,2.9247270000050776,False,3000,confirmed,True,56050,0.564371097234612,0.5614956627311563,0,0,,56050,12350,0.22033898305084745,,,RBF_I__s117__clean__none,RBF_I,clean,none,117.0,confirmed,hddm_w,0.05,1,0,complete
60000,66500,43700,2850,1,3.0416249580157455,True,3000,confirmed,True,56050,0.5384834968777877,0.5360877435916069,0,0,,56050,15200,0.2711864406779661,,,RBF_I__s117__clean__none,RBF_I,clean,none,117.0,confirmed,hddm_w,0.01,5,4,complete
60000,64600,43700,2850,1,3.0383512919943314,True,3000,confirmed,True,56050,0.5652809991079394,0.5629269360646634,0,0,,56050,14250,0.2542372881355932,,,RBF_I__s117__clean__none,RBF_I,clean,none,117.0,confirmed,hddm_w,0.02,1,0,complete
60000,64600,45600,5700,2,2.9857027079851832,False,3000,confirmed,True,56050,0.5521677074041035,0.5502757735361372,0,0,,56050,14250,0.2542372881355932,,,RBF_I__s117__clean__none,RBF_I,clean,none,117.0,confirmed,hddm_w,0.02,5,4,complete
60000,66500,38950,8550,3,2.890415709000081,True,3000,confirmed,True,56050,0.5171275646743979,0.5122477586391025,0,0,,56050,19950,0.3559322033898305,,,RBF_I__s117__clean__none,RBF_I,clean,none,117.0,confirmed,hddm_w,0.05,5,4,complete
60000,57000,40850,10450,11,2.6296078329905868,False,3000,rl,True,56050,0.5380731489741303,0.5339531930510535,0,0,,56050,16150,0.288135593220339,,,RBF_I__s117__clean__none,RBF_I,clean,none,117.0,error_rule,hddm_w,0.01,1,0,complete
60000,57000,42750,8550,9,2.671196917013731,False,3000,rl,True,56050,0.5399464763603925,0.5351636399474955,0,0,,56050,14250,0.2542372881355932,,,RBF_I__s117__clean__none,RBF_I,clean,none,117.0,error_rule,hddm_w,0.05,1,0,complete
60000,57000,42750,8550,9,2.657611500006169,False,3000,rl,True,56050,0.5374308652988403,0.5325538516166348,0,0,,56050,14250,0.2542372881355932,,,RBF_I__s117__clean__none,RBF_I,clean,none,117.0,error_rule,hddm_w,0.01,5,4,complete
60000,57000,38950,11400,12,2.6620815419883,False,3000,rl,True,56050,0.5401248884924175,0.5362529255051928,0,0,,56050,18050,0.3220338983050847,,,RBF_I__s117__clean__none,RBF_I,clean,none,117.0,error_rule,hddm_w,0.02,1,0,complete
60000,57000,37050,6650,7,2.5808517090044916,False,3000,rl,True,56050,0.5383586083853702,0.5331732333453609,0,0,,56050,19950,0.3559322033898305,,,RBF_I__s117__clean__none,RBF_I,clean,none,117.0,error_rule,hddm_w,0.02,5,4,complete
60000,57000,28500,4750,5,2.6851873749983497,False,3000,rl,True,56050,0.5413559322033898,0.5368305858278575,0,0,,56050,28500,0.5084745762711864,,,RBF_I__s117__clean__none,RBF_I,clean,none,117.0,error_rule,hddm_w,0.05,5,4,complete
60000,57000,55100,0,0,3.1701391249953303,False,3000,rl,True,56050,0.5816057091882249,0.5801847546117795,0,0,,56050,1900,0.03389830508474576,,,RBF_I__s117__clean__none,RBF_I,clean,none,117.0,selected_map,hddm_w,0.01,1,0,complete
60000,57000,48450,0,0,3.0296171249938197,False,3000,rl,True,56050,0.5548795718108831,0.554738844604854,0,0,,56050,8550,0.15254237288135594,,,RBF_I__s117__clean__none,RBF_I,clean,none,117.0,selected_map,hddm_w,0.05,1,0,complete
60000,57000,48450,0,0,3.0609869160107337,False,3000,rl,True,56050,0.5690811775200714,0.5688167734917507,0,0,,56050,8550,0.15254237288135594,,,RBF_I__s117__clean__none,RBF_I,clean,none,117.0,selected_map,hddm_w,0.01,5,4,complete
60000,57000,51300,0,0,3.016459209000459,False,3000,rl,True,56050,0.5993041926851026,0.5986765038061654,0,0,,56050,5700,0.1016949152542373,,,RBF_I__s117__clean__none,RBF_I,clean,none,117.0,selected_map,hddm_w,0.02,1,0,complete
60000,57000,44650,0,0,3.0917732079979032,False,3000,rl,True,56050,0.5812845673505799,0.5812191072311583,0,0,,56050,12350,0.22033898305084745,,,RBF_I__s117__clean__none,RBF_I,clean,none,117.0,selected_map,hddm_w,0.02,5,4,complete
60000,57000,36100,0,0,2.8783134579716716,False,3000,rl,True,56050,0.5414808206958073,0.5400843780457794,0,0,,56050,20900,0.3728813559322034,,,RBF_I__s117__clean__none,RBF_I,clean,none,117.0,selected_map,hddm_w,0.05,5,4,complete
60000,57000,55100,0,0,3.208413082989864,False,3000,rl,True,56050,0.5816057091882249,0.5801847546117795,0,0,,56050,1900,0.03389830508474576,,,RBF_I__s117__clean__none,RBF_I,clean,none,117.0,q_alarm_persistence_7,hddm_w,0.01,1,0,complete
60000,57000,48450,0,0,3.0966430000116816,False,3000,rl,True,56050,0.5548795718108831,0.554738844604854,0,0,,56050,8550,0.15254237288135594,,,RBF_I__s117__clean__none,RBF_I,clean,none,117.0,q_alarm_persistence_7,hddm_w,0.05,1,0,complete
60000,57000,48450,0,0,3.027045916998759,False,3000,rl,True,56050,0.5690811775200714,0.5688167734917507,0,0,,56050,8550,0.15254237288135594,,,RBF_I__s117__clean__none,RBF_I,clean,none,117.0,q_alarm_persistence_7,hddm_w,0.01,5,4,complete
60000,57000,51300,0,0,3.1195012500102166,False,3000,rl,True,56050,0.5993041926851026,0.5986765038061654,0,0,,56050,5700,0.1016949152542373,,,RBF_I__s117__clean__none,RBF_I,clean,none,117.0,q_alarm_persistence_7,hddm_w,0.02,1,0,complete
60000,57000,44650,0,0,3.1010489159962162,False,3000,rl,True,56050,0.5812845673505799,0.5812191072311583,0,0,,56050,12350,0.22033898305084745,,,RBF_I__s117__clean__none,RBF_I,clean,none,117.0,q_alarm_persistence_7,hddm_w,0.02,5,4,complete
60000,57000,51300,6650,7,2.5587607089837547,False,3000,rl,True,56050,0.5374487065120428,0.5320929549772386,0,0,,56050,5700,0.1016949152542373,,,RBF_I__s117__clean__none,RBF_I,clean,none,117.0,q_alarm_persistence_17,hddm_w,0.01,1,0,complete
60000,57000,36100,0,0,2.909148250008002,False,3000,rl,True,56050,0.5414808206958073,0.5400843780457794,0,0,,56050,20900,0.3728813559322034,,,RBF_I__s117__clean__none,RBF_I,clean,none,117.0,q_alarm_persistence_7,hddm_w,0.05,5,4,complete
60000,57000,47500,7600,8,2.698067125005764,False,3000,rl,True,56050,0.5366101694915254,0.5317420015704563,0,0,,56050,9500,0.1694915254237288,,,RBF_I__s117__clean__none,RBF_I,clean,none,117.0,q_alarm_persistence_17,hddm_w,0.05,1,0,complete
60000,57000,41800,7600,8,2.619344708014978,False,3000,rl,True,56050,0.5381088314005352,0.5332181287037444,0,0,,56050,15200,0.2711864406779661,,,RBF_I__s117__clean__none,RBF_I,clean,none,117.0,q_alarm_persistence_17,hddm_w,0.01,5,4,complete
60000,57000,44650,5700,6,2.660135167010594,False,3000,rl,True,56050,0.5366993755575379,0.5318961980191813,0,0,,56050,12350,0.22033898305084745,,,RBF_I__s117__clean__none,RBF_I,clean,none,117.0,q_alarm_persistence_17,hddm_w,0.02,1,0,complete
60000,57000,39900,5700,6,2.582342250010697,False,3000,rl,True,56050,0.5409277430865299,0.5355437233784974,0,0,,56050,17100,0.3050847457627119,,,RBF_I__s117__clean__none,RBF_I,clean,none,117.0,q_alarm_persistence_17,hddm_w,0.02,5,4,complete
60000,57000,32300,3800,4,2.6846813749871217,False,3000,rl,True,56050,0.5371632471008029,0.5319225216467405,0,0,,56050,24700,0.4406779661016949,,,RBF_I__s117__clean__none,RBF_I,clean,none,117.0,q_alarm_persistence_17,hddm_w,0.05,5,4,complete
60000,57000,55100,0,0,3.189561834005872,False,3000,rl,True,56050,0.5816057091882249,0.5801847546117795,0,0,,56050,1900,0.03389830508474576,,,RBF_I__s117__clean__none,RBF_I,clean,none,117.0,q_alarm_persistence_27,hddm_w,0.01,1,0,complete
60000,57000,48450,0,0,3.040780833005556,False,3000,rl,True,56050,0.5548795718108831,0.554738844604854,0,0,,56050,8550,0.15254237288135594,,,RBF_I__s117__clean__none,RBF_I,clean,none,117.0,q_alarm_persistence_27,hddm_w,0.05,1,0,complete
60000,57000,48450,0,0,3.0807294590049423,False,3000,rl,True,56050,0.5690811775200714,0.5688167734917507,0,0,,56050,8550,0.15254237288135594,,,RBF_I__s117__clean__none,RBF_I,clean,none,117.0,q_alarm_persistence_27,hddm_w,0.01,5,4,complete
60000,57000,51300,0,0,3.04833404198871,False,3000,rl,True,56050,0.5993041926851026,0.5986765038061654,0,0,,56050,5700,0.1016949152542373,,,RBF_I__s117__clean__none,RBF_I,clean,none,117.0,q_alarm_persistence_27,hddm_w,0.02,1,0,complete
60000,57000,44650,0,0,3.1219742500106804,False,3000,rl,True,56050,0.5812845673505799,0.5812191072311583,0,0,,56050,12350,0.22033898305084745,,,RBF_I__s117__clean__none,RBF_I,clean,none,117.0,q_alarm_persistence_27,hddm_w,0.02,5,4,complete
60000,57000,36100,0,0,2.8873461250041146,False,3000,rl,True,56050,0.5414808206958073,0.5400843780457794,0,0,,56050,20900,0.3728813559322034,,,RBF_I__s117__clean__none,RBF_I,clean,none,117.0,q_alarm_persistence_27,hddm_w,0.05,5,4,complete
60000,57000,55100,0,0,3.112087874993449,False,3000,none,True,56050,0.5816057091882249,0.5801847546117795,0,0,,56050,1900,0.03389830508474576,,,RBF_I__s117__clean__none,RBF_I,clean,none,117.0,no_reset,hellinger,0.01,1,0,complete
60000,57000,48450,0,0,3.0000843750021886,False,3000,none,True,56050,0.5548795718108831,0.554738844604854,0,0,,56050,8550,0.15254237288135594,,,RBF_I__s117__clean__none,RBF_I,clean,none,117.0,no_reset,hellinger,0.05,1,0,complete
60000,57000,48450,0,0,2.9159502089896705,False,3000,none,True,56050,0.5690811775200714,0.5688167734917507,0,0,,56050,8550,0.15254237288135594,,,RBF_I__s117__clean__none,RBF_I,clean,none,117.0,no_reset,hellinger,0.01,5,4,complete
60000,57000,51300,0,0,3.0481531669793185,False,3000,none,True,56050,0.5993041926851026,0.5986765038061654,0,0,,56050,5700,0.1016949152542373,,,RBF_I__s117__clean__none,RBF_I,clean,none,117.0,no_reset,hellinger,0.02,1,0,complete
60000,57000,44650,0,0,3.022330375009915,False,3000,none,True,56050,0.5812845673505799,0.5812191072311583,0,0,,56050,12350,0.22033898305084745,,,RBF_I__s117__clean__none,RBF_I,clean,none,117.0,no_reset,hellinger,0.02,5,4,complete
60000,57000,36100,0,0,2.8206506659917068,False,3000,none,True,56050,0.5414808206958073,0.5400843780457794,0,0,,56050,20900,0.3728813559322034,,,RBF_I__s117__clean__none,RBF_I,clean,none,117.0,no_reset,hellinger,0.05,5,4,complete
60000,62700,54150,2850,1,2.952748874988174,False,3000,confirmed,True,56050,0.576520963425513,0.5749556089571021,0,0,,56050,4750,0.0847457627118644,,,RBF_I__s117__clean__none,RBF_I,clean,none,117.0,confirmed,hellinger,0.01,1,0,complete
60000,62700,50350,2850,1,2.990369457998895,False,3000,confirmed,True,56050,0.567600356824264,0.5679888511397455,0,0,,56050,8550,0.15254237288135594,,,RBF_I__s117__clean__none,RBF_I,clean,none,117.0,confirmed,hellinger,0.05,1,0,complete
60000,58900,43700,2850,1,2.830954249977367,False,3000,confirmed,True,56050,0.5565031222123105,0.55262861308091,0,0,,56050,15200,0.2711864406779661,,,RBF_I__s117__clean__none,RBF_I,clean,none,117.0,confirmed,hellinger,0.01,5,4,complete
60000,62700,54150,8550,3,2.7618854999891482,False,3000,confirmed,True,56050,0.5418198037466547,0.5378001636556672,0,0,,56050,7600,0.13559322033898305,,,RBF_I__s117__clean__none,RBF_I,clean,none,117.0,confirmed,hellinger,0.02,1,0,complete
60000,60800,45600,2850,1,2.887345416005701,False,3000,confirmed,True,56050,0.5525245316681534,0.5480128484963491,0,0,,56050,13300,0.23728813559322035,,,RBF_I__s117__clean__none,RBF_I,clean,none,117.0,confirmed,hellinger,0.02,5,4,complete
60000,60800,36100,2850,1,2.8229318330122624,False,3000,confirmed,True,56050,0.5520606601248885,0.5490555495999061,0,0,,56050,21850,0.3898305084745763,,,RBF_I__s117__clean__none,RBF_I,clean,none,117.0,confirmed,hellinger,0.05,5,4,complete
60000,57000,40850,10450,11,2.5616185420076363,False,3000,rl,True,56050,0.5380731489741303,0.5339531930510535,0,0,,56050,16150,0.288135593220339,,,RBF_I__s117__clean__none,RBF_I,clean,none,117.0,error_rule,hellinger,0.01,1,0,complete
60000,57000,42750,8550,9,2.637649959011469,False,3000,rl,True,56050,0.5399464763603925,0.5351636399474955,0,0,,56050,14250,0.2542372881355932,,,RBF_I__s117__clean__none,RBF_I,clean,none,117.0,error_rule,hellinger,0.05,1,0,complete
60000,57000,42750,8550,9,2.535156583006028,False,3000,rl,True,56050,0.5374308652988403,0.5325538516166348,0,0,,56050,14250,0.2542372881355932,,,RBF_I__s117__clean__none,RBF_I,clean,none,117.0,error_rule,hellinger,0.01,5,4,complete
60000,57000,38950,11400,12,2.5700190420029685,False,3000,rl,True,56050,0.5401248884924175,0.5362529255051928,0,0,,56050,18050,0.3220338983050847,,,RBF_I__s117__clean__none,RBF_I,clean,none,117.0,error_rule,hellinger,0.02,1,0,complete
60000,57000,37050,6650,7,2.4867957920068875,False,3000,rl,True,56050,0.5383586083853702,0.5331732333453609,0,0,,56050,19950,0.3559322033898305,,,RBF_I__s117__clean__none,RBF_I,clean,none,117.0,error_rule,hellinger,0.02,5,4,complete
60000,57000,28500,4750,5,2.6149911250104196,False,3000,rl,True,56050,0.5413559322033898,0.5368305858278575,0,0,,56050,28500,0.5084745762711864,,,RBF_I__s117__clean__none,RBF_I,clean,none,117.0,error_rule,hellinger,0.05,5,4,complete
60000,57000,55100,0,0,3.161204792006174,False,3000,rl,True,56050,0.5816057091882249,0.5801847546117795,0,0,,56050,1900,0.03389830508474576,,,RBF_I__s117__clean__none,RBF_I,clean,none,117.0,selected_map,hellinger,0.01,1,0,complete
60000,57000,48450,0,0,2.973291499991319,False,3000,rl,True,56050,0.5548795718108831,0.554738844604854,0,0,,56050,8550,0.15254237288135594,,,RBF_I__s117__clean__none,RBF_I,clean,none,117.0,selected_map,hellinger,0.05,1,0,complete
60000,57000,48450,0,0,3.0091937910183333,False,3000,rl,True,56050,0.5690811775200714,0.5688167734917507,0,0,,56050,8550,0.15254237288135594,,,RBF_I__s117__clean__none,RBF_I,clean,none,117.0,selected_map,hellinger,0.01,5,4,complete
60000,57000,51300,0,0,3.005531875009183,False,3000,rl,True,56050,0.5993041926851026,0.5986765038061654,0,0,,56050,5700,0.1016949152542373,,,RBF_I__s117__clean__none,RBF_I,clean,none,117.0,selected_map,hellinger,0.02,1,0,complete
60000,57000,44650,0,0,3.045648583007278,False,3000,rl,True,56050,0.5812845673505799,0.5812191072311583,0,0,,56050,12350,0.22033898305084745,,,RBF_I__s117__clean__none,RBF_I,clean,none,117.0,selected_map,hellinger,0.02,5,4,complete
60000,57000,36100,0,0,2.826628292008536,False,3000,rl,True,56050,0.5414808206958073,0.5400843780457794,0,0,,56050,20900,0.3728813559322034,,,RBF_I__s117__clean__none,RBF_I,clean,none,117.0,selected_map,hellinger,0.05,5,4,complete
60000,57000,55100,2850,3,2.617176791012753,False,3000,rl,True,56050,0.5485994647636039,0.5463364125936823,0,0,,56050,1900,0.03389830508474576,,,RBF_I__s117__clean__none,RBF_I,clean,none,117.0,q_alarm_persistence_7,hellinger,0.01,1,0,complete
60000,57000,42750,2850,3,2.646264583003358,False,3000,rl,True,56050,0.5321677074041035,0.5307985132605505,0,0,,56050,14250,0.2542372881355932,,,RBF_I__s117__clean__none,RBF_I,clean,none,117.0,q_alarm_persistence_7,hellinger,0.05,1,0,complete
60000,57000,43700,2850,3,2.6604799579945393,False,3000,rl,True,56050,0.5383942908117753,0.5371782871592585,0,0,,56050,13300,0.23728813559322035,,,RBF_I__s117__clean__none,RBF_I,clean,none,117.0,q_alarm_persistence_7,hellinger,0.02,1,0,complete
60000,57000,44650,0,0,3.005702624999685,False,3000,rl,True,56050,0.5790544157002676,0.5790901065415337,0,0,,56050,12350,0.22033898305084745,,,RBF_I__s117__clean__none,RBF_I,clean,none,117.0,q_alarm_persistence_7,hellinger,0.01,5,4,complete
60000,57000,42750,0,0,3.0281237089948263,False,3000,rl,True,56050,0.579250669045495,0.5792871084602538,0,0,,56050,14250,0.2542372881355932,,,RBF_I__s117__clean__none,RBF_I,clean,none,117.0,q_alarm_persistence_7,hellinger,0.02,5,4,complete
60000,57000,31350,2850,3,2.6600429999816697,False,3000,rl,True,56050,0.5006958073148974,0.4973288510873445,0,0,,56050,25650,0.4576271186440678,,,RBF_I__s117__clean__none,RBF_I,clean,none,117.0,q_alarm_persistence_7,hellinger,0.05,5,4,complete
60000,57000,41800,10450,11,2.6323647499957588,False,3000,rl,True,56050,0.5384656556645852,0.5344504714874737,0,0,,56050,15200,0.2711864406779661,,,RBF_I__s117__clean__none,RBF_I,clean,none,117.0,q_alarm_persistence_17,hellinger,0.01,1,0,complete
60000,57000,41800,6650,7,2.626589250008692,False,3000,rl,True,56050,0.5393755575379126,0.534711274717355,0,0,,56050,15200,0.2711864406779661,,,RBF_I__s117__clean__none,RBF_I,clean,none,117.0,q_alarm_persistence_17,hellinger,0.05,1,0,complete
60000,57000,42750,8550,9,2.5473169999895617,False,3000,rl,True,56050,0.5374308652988403,0.5325538516166348,0,0,,56050,14250,0.2542372881355932,,,RBF_I__s117__clean__none,RBF_I,clean,none,117.0,q_alarm_persistence_17,hellinger,0.01,5,4,complete
60000,57000,39900,12350,13,2.6130748750001658,False,3000,rl,True,56050,0.5379482604817127,0.53386622863674,0,0,,56050,17100,0.3050847457627119,,,RBF_I__s117__clean__none,RBF_I,clean,none,117.0,q_alarm_persistence_17,hellinger,0.02,1,0,complete
60000,57000,37050,5700,6,2.5662729169998784,False,3000,rl,True,56050,0.5385370205173952,0.5334118724265771,0,0,,56050,19950,0.3559322033898305,,,RBF_I__s117__clean__none,RBF_I,clean,none,117.0,q_alarm_persistence_17,hellinger,0.02,5,4,complete
60000,57000,28500,4750,5,2.6020261659868993,False,3000,rl,True,56050,0.5413559322033898,0.5368305858278575,0,0,,56050,28500,0.5084745762711864,,,RBF_I__s117__clean__none,RBF_I,clean,none,117.0,q_alarm_persistence_17,hellinger,0.05,5,4,complete
60000,57000,55100,0,0,3.0310882079938892,False,3000,rl,True,56050,0.5816057091882249,0.5801847546117795,0,0,,56050,1900,0.03389830508474576,,,RBF_I__s117__clean__none,RBF_I,clean,none,117.0,q_alarm_persistence_27,hellinger,0.01,1,0,complete
60000,57000,48450,0,0,3.009532665993902,False,3000,rl,True,56050,0.5548795718108831,0.554738844604854,0,0,,56050,8550,0.15254237288135594,,,RBF_I__s117__clean__none,RBF_I,clean,none,117.0,q_alarm_persistence_27,hellinger,0.05,1,0,complete
60000,57000,48450,0,0,2.9771902909851633,False,3000,rl,True,56050,0.5690811775200714,0.5688167734917507,0,0,,56050,8550,0.15254237288135594,,,RBF_I__s117__clean__none,RBF_I,clean,none,117.0,q_alarm_persistence_27,hellinger,0.01,5,4,complete
60000,57000,51300,0,0,3.0375790830003098,False,3000,rl,True,56050,0.5993041926851026,0.5986765038061654,0,0,,56050,5700,0.1016949152542373,,,RBF_I__s117__clean__none,RBF_I,clean,none,117.0,q_alarm_persistence_27,hellinger,0.02,1,0,complete
60000,57000,44650,0,0,3.050580999988597,False,3000,rl,True,56050,0.5812845673505799,0.5812191072311583,0,0,,56050,12350,0.22033898305084745,,,RBF_I__s117__clean__none,RBF_I,clean,none,117.0,q_alarm_persistence_27,hellinger,0.02,5,4,complete
60000,57000,36100,0,0,2.759498250001343,False,3000,rl,True,56050,0.5414808206958073,0.5400843780457794,0,0,,56050,20900,0.3728813559322034,,,RBF_I__s117__clean__none,RBF_I,clean,none,117.0,q_alarm_persistence_27,hellinger,0.05,5,4,complete
60000,57000,55100,0,0,3.1080765000078827,False,3000,none,True,56050,0.5816057091882249,0.5801847546117795,0,0,,56050,1900,0.03389830508474576,,,RBF_I__s117__clean__none,RBF_I,clean,none,117.0,no_reset,d3_oof,0.01,1,0,complete
60000,57000,48450,0,0,3.006447167004808,False,3000,none,True,56050,0.5548795718108831,0.554738844604854,0,0,,56050,8550,0.15254237288135594,,,RBF_I__s117__clean__none,RBF_I,clean,none,117.0,no_reset,d3_oof,0.05,1,0,complete
60000,57000,48450,0,0,2.999376708001364,False,3000,none,True,56050,0.5690811775200714,0.5688167734917507,0,0,,56050,8550,0.15254237288135594,,,RBF_I__s117__clean__none,RBF_I,clean,none,117.0,no_reset,d3_oof,0.01,5,4,complete
60000,57000,51300,0,0,3.0497961659857538,False,3000,none,True,56050,0.5993041926851026,0.5986765038061654,0,0,,56050,5700,0.1016949152542373,,,RBF_I__s117__clean__none,RBF_I,clean,none,117.0,no_reset,d3_oof,0.02,1,0,complete
60000,57000,44650,0,0,2.946341000002576,False,3000,none,True,56050,0.5812845673505799,0.5812191072311583,0,0,,56050,12350,0.22033898305084745,,,RBF_I__s117__clean__none,RBF_I,clean,none,117.0,no_reset,d3_oof,0.02,5,4,complete
60000,57000,36100,0,0,2.820241832989268,False,3000,none,True,56050,0.5414808206958073,0.5400843780457794,0,0,,56050,20900,0.3728813559322034,,,RBF_I__s117__clean__none,RBF_I,clean,none,117.0,no_reset,d3_oof,0.05,5,4,complete
60000,58900,52250,0,0,3.2838197920063976,False,3000,confirmed,True,56050,0.5748617305976806,0.5734992918047384,0,0,,56050,4750,0.0847457627118644,,,RBF_I__s117__clean__none,RBF_I,clean,none,117.0,confirmed,d3_oof,0.01,1,0,complete
60000,58900,47500,0,0,3.1166800840001088,False,3000,confirmed,True,56050,0.5568242640499554,0.5566475634882815,0,0,,56050,9500,0.1694915254237288,,,RBF_I__s117__clean__none,RBF_I,clean,none,117.0,confirmed,d3_oof,0.05,1,0,complete
60000,58900,49400,2850,1,2.931010458007222,False,3000,confirmed,True,56050,0.564121320249777,0.5621393707211746,0,0,,56050,8550,0.15254237288135594,,,RBF_I__s117__clean__none,RBF_I,clean,none,117.0,confirmed,d3_oof,0.01,5,4,complete
60000,58900,49400,0,0,3.133225333003793,False,3000,confirmed,True,56050,0.5987332738626227,0.5980675632272536,0,0,,56050,7600,0.13559322033898305,,,RBF_I__s117__clean__none,RBF_I,clean,none,117.0,confirmed,d3_oof,0.02,1,0,complete
60000,58900,47500,0,0,3.2021229160018265,False,3000,confirmed,True,56050,0.5840677966101695,0.5839393151430031,0,0,,56050,9500,0.1694915254237288,,,RBF_I__s117__clean__none,RBF_I,clean,none,117.0,confirmed,d3_oof,0.02,5,4,complete
60000,57000,36100,0,0,2.9441004170221277,False,3000,confirmed,True,56050,0.5414808206958073,0.5400843780457794,0,0,,56050,20900,0.3728813559322034,,,RBF_I__s117__clean__none,RBF_I,clean,none,117.0,confirmed,d3_oof,0.05,5,4,complete
60000,57000,40850,10450,11,2.6015081249934155,False,3000,rl,True,56050,0.5380731489741303,0.5339531930510535,0,0,,56050,16150,0.288135593220339,,,RBF_I__s117__clean__none,RBF_I,clean,none,117.0,error_rule,d3_oof,0.01,1,0,complete
60000,57000,42750,8550,9,2.6522302919911454,False,3000,rl,True,56050,0.5399464763603925,0.5351636399474955,0,0,,56050,14250,0.2542372881355932,,,RBF_I__s117__clean__none,RBF_I,clean,none,117.0,error_rule,d3_oof,0.05,1,0,complete
60000,57000,42750,8550,9,2.533026915974915,False,3000,rl,True,56050,0.5374308652988403,0.5325538516166348,0,0,,56050,14250,0.2542372881355932,,,RBF_I__s117__clean__none,RBF_I,clean,none,117.0,error_rule,d3_oof,0.01,5,4,complete
60000,57000,38950,11400,12,2.600374917004956,False,3000,rl,True,56050,0.5401248884924175,0.5362529255051928,0,0,,56050,18050,0.3220338983050847,,,RBF_I__s117__clean__none,RBF_I,clean,none,117.0,error_rule,d3_oof,0.02,1,0,complete
60000,57000,37050,6650,7,2.6028219999861903,False,3000,rl,True,56050,0.5383586083853702,0.5331732333453609,0,0,,56050,19950,0.3559322033898305,,,RBF_I__s117__clean__none,RBF_I,clean,none,117.0,error_rule,d3_oof,0.02,5,4,complete
60000,57000,28500,4750,5,2.6911741670046467,False,3000,rl,True,56050,0.5413559322033898,0.5368305858278575,0,0,,56050,28500,0.5084745762711864,,,RBF_I__s117__clean__none,RBF_I,clean,none,117.0,error_rule,d3_oof,0.05,5,4,complete
60000,57000,55100,0,0,3.1585999589879066,False,3000,rl,True,56050,0.5816057091882249,0.5801847546117795,0,0,,56050,1900,0.03389830508474576,,,RBF_I__s117__clean__none,RBF_I,clean,none,117.0,selected_map,d3_oof,0.01,1,0,complete
60000,57000,48450,0,0,3.108208999998169,False,3000,rl,True,56050,0.5548795718108831,0.554738844604854,0,0,,56050,8550,0.15254237288135594,,,RBF_I__s117__clean__none,RBF_I,clean,none,117.0,selected_map,d3_oof,0.05,1,0,complete
60000,57000,48450,0,0,3.0990571250149515,False,3000,rl,True,56050,0.5690811775200714,0.5688167734917507,0,0,,56050,8550,0.15254237288135594,,,RBF_I__s117__clean__none,RBF_I,clean,none,117.0,selected_map,d3_oof,0.01,5,4,complete
60000,57000,51300,0,0,3.149825417000102,False,3000,rl,True,56050,0.5993041926851026,0.5986765038061654,0,0,,56050,5700,0.1016949152542373,,,RBF_I__s117__clean__none,RBF_I,clean,none,117.0,selected_map,d3_oof,0.02,1,0,complete
60000,57000,44650,0,0,3.1522809579910245,False,3000,rl,True,56050,0.5812845673505799,0.5812191072311583,0,0,,56050,12350,0.22033898305084745,,,RBF_I__s117__clean__none,RBF_I,clean,none,117.0,selected_map,d3_oof,0.02,5,4,complete
60000,57000,36100,0,0,2.855606458004331,False,3000,rl,True,56050,0.5414808206958073,0.5400843780457794,0,0,,56050,20900,0.3728813559322034,,,RBF_I__s117__clean__none,RBF_I,clean,none,117.0,selected_map,d3_oof,0.05,5,4,complete
60000,57000,55100,0,0,3.211894708016189,False,3000,rl,True,56050,0.5816057091882249,0.5801847546117795,0,0,,56050,1900,0.03389830508474576,,,RBF_I__s117__clean__none,RBF_I,clean,none,117.0,q_alarm_persistence_7,d3_oof,0.01,1,0,complete
60000,57000,48450,0,0,3.130340042000171,False,3000,rl,True,56050,0.5548795718108831,0.554738844604854,0,0,,56050,8550,0.15254237288135594,,,RBF_I__s117__clean__none,RBF_I,clean,none,117.0,q_alarm_persistence_7,d3_oof,0.05,1,0,complete
60000,57000,48450,0,0,3.086228542000754,False,3000,rl,True,56050,0.5690811775200714,0.5688167734917507,0,0,,56050,8550,0.15254237288135594,,,RBF_I__s117__clean__none,RBF_I,clean,none,117.0,q_alarm_persistence_7,d3_oof,0.01,5,4,complete
60000,57000,51300,0,0,3.1753661670081783,False,3000,rl,True,56050,0.5993041926851026,0.5986765038061654,0,0,,56050,5700,0.1016949152542373,,,RBF_I__s117__clean__none,RBF_I,clean,none,117.0,q_alarm_persistence_7,d3_oof,0.02,1,0,complete
60000,57000,45600,0,0,3.0575420419918373,False,3000,rl,True,56050,0.5825334522747547,0.5824778466050669,0,0,,56050,11400,0.2033898305084746,,,RBF_I__s117__clean__none,RBF_I,clean,none,117.0,q_alarm_persistence_7,d3_oof,0.02,5,4,complete
60000,57000,34200,0,0,2.919941000000108,False,3000,rl,True,56050,0.5448349687778768,0.5433075043367306,0,0,,56050,22800,0.4067796610169492,,,RBF_I__s117__clean__none,RBF_I,clean,none,117.0,q_alarm_persistence_7,d3_oof,0.05,5,4,complete
60000,57000,40850,10450,11,2.5645858340139966,False,3000,rl,True,56050,0.5380731489741303,0.5339531930510535,0,0,,56050,16150,0.288135593220339,,,RBF_I__s117__clean__none,RBF_I,clean,none,117.0,q_alarm_persistence_17,d3_oof,0.01,1,0,complete
60000,57000,42750,8550,9,2.656648625008529,False,3000,rl,True,56050,0.5399464763603925,0.5351636399474955,0,0,,56050,14250,0.2542372881355932,,,RBF_I__s117__clean__none,RBF_I,clean,none,117.0,q_alarm_persistence_17,d3_oof,0.05,1,0,complete
60000,57000,42750,8550,9,2.5999742920103017,False,3000,rl,True,56050,0.5374308652988403,0.5325538516166348,0,0,,56050,14250,0.2542372881355932,,,RBF_I__s117__clean__none,RBF_I,clean,none,117.0,q_alarm_persistence_17,d3_oof,0.01,5,4,complete
60000,57000,38950,11400,12,2.5391452079929877,False,3000,rl,True,56050,0.5401248884924175,0.5362529255051928,0,0,,56050,18050,0.3220338983050847,,,RBF_I__s117__clean__none,RBF_I,clean,none,117.0,q_alarm_persistence_17,d3_oof,0.02,1,0,complete
60000,57000,37050,6650,7,2.60278250000556,False,3000,rl,True,56050,0.5383586083853702,0.5331732333453609,0,0,,56050,19950,0.3559322033898305,,,RBF_I__s117__clean__none,RBF_I,clean,none,117.0,q_alarm_persistence_17,d3_oof,0.02,5,4,complete
60000,57000,28500,4750,5,2.6646268329932354,False,3000,rl,True,56050,0.5413559322033898,0.5368305858278575,0,0,,56050,28500,0.5084745762711864,,,RBF_I__s117__clean__none,RBF_I,clean,none,117.0,q_alarm_persistence_17,d3_oof,0.05,5,4,complete
60000,57000,46550,25650,27,2.5206330420041922,False,3000,rl,True,56050,0.532078501338091,0.529178260460848,0,0,,56050,10450,0.1864406779661017,,,RBF_I__s117__clean__none,RBF_I,clean,none,117.0,q_alarm_persistence_27,d3_oof,0.01,1,0,complete
60000,57000,38950,18050,19,2.5834137499914505,False,3000,rl,True,56050,0.5341659232827832,0.5307986683871356,0,0,,56050,18050,0.3220338983050847,,,RBF_I__s117__clean__none,RBF_I,clean,none,117.0,q_alarm_persistence_27,d3_oof,0.05,1,0,complete
60000,57000,40850,21850,23,2.432857707986841,False,3000,rl,True,56050,0.5276181980374666,0.523558419738502,0,0,,56050,16150,0.288135593220339,,,RBF_I__s117__clean__none,RBF_I,clean,none,117.0,q_alarm_persistence_27,d3_oof,0.01,5,4,complete
60000,57000,44650,26600,28,2.506049624993466,False,3000,rl,True,56050,0.5317930419268511,0.529142878046811,0,0,,56050,12350,0.22033898305084745,,,RBF_I__s117__clean__none,RBF_I,clean,none,117.0,q_alarm_persistence_27,d3_oof,0.02,1,0,complete
60000,57000,35150,20900,22,2.5229124579927884,False,3000,rl,True,56050,0.5223193577163248,0.5183416524455211,0,0,,56050,21850,0.3898305084745763,,,RBF_I__s117__clean__none,RBF_I,clean,none,117.0,q_alarm_persistence_27,d3_oof,0.02,5,4,complete
60000,57000,28500,14250,15,2.597720332996687,False,3000,rl,True,56050,0.5274397859054416,0.523977173776207,0,0,,56050,28500,0.5084745762711864,,,RBF_I__s117__clean__none,RBF_I,clean,none,117.0,q_alarm_persistence_27,d3_oof,0.05,5,4,complete
60000,57000,52250,0,0,2.798742500017397,False,3000,none,True,56050,0.5015343443354148,0.49948433273444,14283,13060,0.9143737310088917,41767,3527,0.08444465726530515,,,RBF_I__s117__instance__severe,RBF_I,instance,severe,117.0,no_reset,adwin,0.01,1,0,complete
60000,57000,40850,0,0,2.825169207993895,False,3000,none,True,56050,0.4855307760927743,0.4822927451578255,14283,10252,0.7177763775117272,41767,12119,0.29015730121866545,,,RBF_I__s117__instance__severe,RBF_I,instance,severe,117.0,no_reset,adwin,0.05,1,0,complete
60000,57000,42750,0,0,2.831183417001739,False,3000,none,True,56050,0.5165031222123104,0.5124961117528093,14283,10689,0.7483721907162361,41767,10656,0.2551296478080782,,,RBF_I__s117__instance__severe,RBF_I,instance,severe,117.0,no_reset,adwin,0.01,5,4,complete
60000,57000,43700,0,0,2.8162518339813687,False,3000,none,True,56050,0.48911685994647636,0.48399724482613127,14283,10887,0.7622348246166771,41767,9904,0.23712500299279335,,,RBF_I__s117__instance__severe,RBF_I,instance,severe,117.0,no_reset,adwin,0.02,1,0,complete
60000,57000,38000,0,0,2.8121942909783684,False,3000,none,True,56050,0.49942908117752005,0.49555667104352813,14283,9410,0.6588251767835889,41767,14127,0.3382335336509685,,,RBF_I__s117__instance__severe,RBF_I,instance,severe,117.0,no_reset,adwin,0.02,5,4,complete
60000,57000,38950,0,0,2.795542750012828,False,3000,none,True,56050,0.5113470115967886,0.5085578768029251,14283,9693,0.6786389413988658,41767,13460,0.32226398831613473,,,RBF_I__s117__instance__severe,RBF_I,instance,severe,117.0,no_reset,adwin,0.05,5,4,complete
60000,60800,51300,5700,2,2.757390040991595,False,3000,confirmed,True,56050,0.5228367528991972,0.5185301236352823,14283,12109,0.847791080305258,41767,6376,0.15265640338065936,,,RBF_I__s117__instance__severe,RBF_I,instance,severe,117.0,confirmed,adwin,0.01,1,0,complete
60000,62700,39900,5700,2,2.8261757500004023,False,3000,confirmed,True,56050,0.5101873327386263,0.5066566165478391,14283,9417,0.6593152699012812,41767,14134,0.3384011300787703,,,RBF_I__s117__instance__severe,RBF_I,instance,severe,117.0,confirmed,adwin,0.05,1,0,complete
60000,60800,45600,0,0,2.897616707981797,False,3000,confirmed,True,56050,0.5213202497769849,0.5187733927676277,14283,11393,0.7976615556955822,41767,8510,0.20374937151339576,,,RBF_I__s117__instance__severe,RBF_I,instance,severe,117.0,confirmed,adwin,0.01,5,4,complete
60000,60800,51300,5700,2,2.7743795000133105,False,3000,confirmed,True,56050,0.511757359500446,0.5077218970936094,14283,12117,0.8483511867254778,41767,6384,0.15284794215529007,,,RBF_I__s117__instance__severe,RBF_I,instance,severe,117.0,confirmed,adwin,0.02,1,0,complete
60000,60800,35150,0,0,2.7673238750139717,False,3000,confirmed,True,56050,0.5042283675289919,0.5017470390981398,14283,8625,0.6038647342995169,41767,16192,0.38767447985251513,,,RBF_I__s117__instance__severe,RBF_I,instance,severe,117.0,confirmed,adwin,0.02,5,4,complete
60000,60800,32300,0,0,2.907092041015858,False,3000,confirmed,True,56050,0.507386262265834,0.5044111559086166,14283,7934,0.555485542253028,41767,18351,0.4393660066559724,,,RBF_I__s117__instance__severe,RBF_I,instance,severe,117.0,confirmed,adwin,0.05,5,4,complete
60000,57000,47500,8550,9,2.5767418750037905,False,3000,rl,True,56050,0.5036396074933095,0.501573728035545,14283,11864,0.8306378211860254,41767,7081,0.16953575789498887,,,RBF_I__s117__instance__severe,RBF_I,instance,severe,117.0,error_rule,adwin,0.01,1,0,complete
60000,57000,33250,6650,7,2.58824533400184,False,3000,rl,True,56050,0.5062087421944692,0.5034007614471747,14283,8184,0.5729888678848981,41767,17651,0.4226063638757871,,,RBF_I__s117__instance__severe,RBF_I,instance,severe,117.0,error_rule,adwin,0.05,1,0,complete
60000,57000,39900,6650,7,2.575162791996263,False,3000,rl,True,56050,0.5061373773416592,0.5029466760294174,14283,9959,0.6972624798711755,41767,12776,0.30588742308521083,,,RBF_I__s117__instance__severe,RBF_I,instance,severe,117.0,error_rule,adwin,0.01,5,4,complete
60000,57000,45600,7600,8,2.5088869579776656,False,3000,rl,True,56050,0.507564674397859,0.5054488698031295,14283,11326,0.792970664426241,41767,8443,0.20214523427586373,,,RBF_I__s117__instance__severe,RBF_I,instance,severe,117.0,error_rule,adwin,0.02,1,0,complete
60000,57000,33250,7600,8,2.5616299170069396,False,3000,rl,True,56050,0.5008563782337199,0.4981009675763881,14283,8249,0.5775397325491843,41767,17716,0.42416261641966146,,,RBF_I__s117__instance__severe,RBF_I,instance,severe,117.0,error_rule,adwin,0.02,5,4,complete
60000,57000,35150,8550,9,2.6118009579950012,False,3000,rl,True,56050,0.49461195361284566,0.49221594194811324,14283,8737,0.6117062241825947,41767,16304,0.3903560226973448,,,RBF_I__s117__instance__severe,RBF_I,instance,severe,117.0,error_rule,adwin,0.05,5,4,complete
60000,57000,52250,0,0,2.897753750003176,False,3000,rl,True,56050,0.5015343443354148,0.49948433273444,14283,13060,0.9143737310088917,41767,3527,0.08444465726530515,,,RBF_I__s117__instance__severe,RBF_I,instance,severe,117.0,selected_map,adwin,0.01,1,0,complete
60000,57000,40850,0,0,2.8841137499985052,False,3000,rl,True,56050,0.4855307760927743,0.4822927451578255,14283,10252,0.7177763775117272,41767,12119,0.29015730121866545,,,RBF_I__s117__instance__severe,RBF_I,instance,severe,117.0,selected_map,adwin,0.05,1,0,complete
60000,57000,42750,0,0,2.763620667014038,False,3000,rl,True,56050,0.5165031222123104,0.5124961117528093,14283,10689,0.7483721907162361,41767,10656,0.2551296478080782,,,RBF_I__s117__instance__severe,RBF_I,instance,severe,117.0,selected_map,adwin,0.01,5,4,complete
60000,57000,43700,0,0,2.833175042003859,False,3000,rl,True,56050,0.48911685994647636,0.48399724482613127,14283,10887,0.7622348246166771,41767,9904,0.23712500299279335,,,RBF_I__s117__instance__severe,RBF_I,instance,severe,117.0,selected_map,adwin,0.02,1,0,complete
60000,57000,38000,0,0,2.8098402499745134,False,3000,rl,True,56050,0.49942908117752005,0.49555667104352813,14283,9410,0.6588251767835889,41767,14127,0.3382335336509685,,,RBF_I__s117__instance__severe,RBF_I,instance,severe,117.0,selected_map,adwin,0.02,5,4,complete
60000,57000,42750,25650,27,2.4032791249919683,False,3000,rl,True,56050,0.4839964317573595,0.48384851501362164,14283,10683,0.7479521109010712,41767,10650,0.2549859937271051,,,RBF_I__s117__instance__severe,RBF_I,instance,severe,117.0,q_alarm_persistence_7,adwin,0.01,1,0,complete
60000,57000,38950,0,0,2.882211291027488,False,3000,rl,True,56050,0.5113470115967886,0.5085578768029251,14283,9693,0.6786389413988658,41767,13460,0.32226398831613473,,,RBF_I__s117__instance__severe,RBF_I,instance,severe,117.0,selected_map,adwin,0.05,5,4,complete
60000,57000,33250,21850,23,2.497338999994099,False,3000,rl,True,56050,0.5024085637823372,0.500727093792161,14283,8232,0.5763495064062172,41767,17699,0.42375559652357125,,,RBF_I__s117__instance__severe,RBF_I,instance,severe,117.0,q_alarm_persistence_7,adwin,0.05,1,0,complete
60000,57000,36100,26600,28,2.5192295830056537,False,3000,rl,True,56050,0.4953791257805531,0.49460960621435446,14283,8965,0.6276692571588602,41767,15582,0.37306964828692507,,,RBF_I__s117__instance__severe,RBF_I,instance,severe,117.0,q_alarm_persistence_7,adwin,0.01,5,4,complete
60000,57000,36100,24700,26,2.555730374995619,False,3000,rl,True,56050,0.4926315789473684,0.4924158562012281,14283,8900,0.623118392494574,41767,15517,0.37151339574305076,,,RBF_I__s117__instance__severe,RBF_I,instance,severe,117.0,q_alarm_persistence_7,adwin,0.02,1,0,complete
60000,57000,36100,21850,23,2.5127789999824017,False,3000,rl,True,56050,0.4846922390722569,0.48431823641298166,14283,8951,0.6266890709234755,41767,15568,0.3727344554313214,,,RBF_I__s117__instance__severe,RBF_I,instance,severe,117.0,q_alarm_persistence_7,adwin,0.02,5,4,complete
60000,57000,25650,16150,17,2.60722624999471,False,3000,rl,True,56050,0.49156110615521853,0.4916836411035561,14283,6298,0.44094377931807044,41767,23365,0.559412933655757,,,RBF_I__s117__instance__severe,RBF_I,instance,severe,117.0,q_alarm_persistence_7,adwin,0.05,5,4,complete
60000,57000,47500,8550,9,2.579311042005429,False,3000,rl,True,56050,0.5036396074933095,0.501573728035545,14283,11864,0.8306378211860254,41767,7081,0.16953575789498887,,,RBF_I__s117__instance__severe,RBF_I,instance,severe,117.0,q_alarm_persistence_17,adwin,0.01,1,0,complete
60000,57000,32300,5700,6,2.631436375013436,False,3000,rl,True,56050,0.5051739518287244,0.502393620786313,14283,7968,0.5578659945389624,41767,18385,0.44018004644815284,,,RBF_I__s117__instance__severe,RBF_I,instance,severe,117.0,q_alarm_persistence_17,adwin,0.05,1,0,complete
60000,57000,39900,6650,7,2.56501354201464,False,3000,rl,True,56050,0.5061373773416592,0.5029466760294174,14283,9959,0.6972624798711755,41767,12776,0.30588742308521083,,,RBF_I__s117__instance__severe,RBF_I,instance,severe,117.0,q_alarm_persistence_17,adwin,0.01,5,4,complete
60000,57000,45600,7600,8,2.53034258398111,False,3000,rl,True,56050,0.507564674397859,0.5054488698031295,14283,11326,0.792970664426241,41767,8443,0.20214523427586373,,,RBF_I__s117__instance__severe,RBF_I,instance,severe,117.0,q_alarm_persistence_17,adwin,0.02,1,0,complete
60000,57000,33250,7600,8,2.5888433750078548,False,3000,rl,True,56050,0.5008563782337199,0.4981009675763881,14283,8249,0.5775397325491843,41767,17716,0.42416261641966146,,,RBF_I__s117__instance__severe,RBF_I,instance,severe,117.0,q_alarm_persistence_17,adwin,0.02,5,4,complete
60000,57000,35150,8550,9,2.6049309160152916,False,3000,rl,True,56050,0.49461195361284566,0.49221594194811324,14283,8737,0.6117062241825947,41767,16304,0.3903560226973448,,,RBF_I__s117__instance__severe,RBF_I,instance,severe,117.0,q_alarm_persistence_17,adwin,0.05,5,4,complete
60000,57000,52250,0,0,2.8736381670169067,False,3000,rl,True,56050,0.5015343443354148,0.49948433273444,14283,13060,0.9143737310088917,41767,3527,0.08444465726530515,,,RBF_I__s117__instance__severe,RBF_I,instance,severe,117.0,q_alarm_persistence_27,adwin,0.01,1,0,complete
60000,57000,40850,0,0,2.844228125002701,False,3000,rl,True,56050,0.4855307760927743,0.4822927451578255,14283,10252,0.7177763775117272,41767,12119,0.29015730121866545,,,RBF_I__s117__instance__severe,RBF_I,instance,severe,117.0,q_alarm_persistence_27,adwin,0.05,1,0,complete
60000,57000,42750,0,0,2.7800068329961505,False,3000,rl,True,56050,0.5165031222123104,0.5124961117528093,14283,10689,0.7483721907162361,41767,10656,0.2551296478080782,,,RBF_I__s117__instance__severe,RBF_I,instance,severe,117.0,q_alarm_persistence_27,adwin,0.01,5,4,complete
60000,57000,43700,0,0,2.8215134579804726,False,3000,rl,True,56050,0.48911685994647636,0.48399724482613127,14283,10887,0.7622348246166771,41767,9904,0.23712500299279335,,,RBF_I__s117__instance__severe,RBF_I,instance,severe,117.0,q_alarm_persistence_27,adwin,0.02,1,0,complete
60000,57000,38000,0,0,2.7973796659789514,False,3000,rl,True,56050,0.49942908117752005,0.49555667104352813,14283,9410,0.6588251767835889,41767,14127,0.3382335336509685,,,RBF_I__s117__instance__severe,RBF_I,instance,severe,117.0,q_alarm_persistence_27,adwin,0.02,5,4,complete
60000,57000,38950,0,0,2.8543654159875587,False,3000,rl,True,56050,0.5113470115967886,0.5085578768029251,14283,9693,0.6786389413988658,41767,13460,0.32226398831613473,,,RBF_I__s117__instance__severe,RBF_I,instance,severe,117.0,q_alarm_persistence_27,adwin,0.05,5,4,complete
60000,57000,52250,0,0,2.7847185829887167,False,3000,none,True,56050,0.5015343443354148,0.49948433273444,14283,13060,0.9143737310088917,41767,3527,0.08444465726530515,,,RBF_I__s117__instance__severe,RBF_I,instance,severe,117.0,no_reset,hddm_w,0.01,1,0,complete
60000,57000,40850,0,0,2.8641627920005703,False,3000,none,True,56050,0.4855307760927743,0.4822927451578255,14283,10252,0.7177763775117272,41767,12119,0.29015730121866545,,,RBF_I__s117__instance__severe,RBF_I,instance,severe,117.0,no_reset,hddm_w,0.05,1,0,complete
60000,57000,42750,0,0,2.8222268749959767,False,3000,none,True,56050,0.5165031222123104,0.5124961117528093,14283,10689,0.7483721907162361,41767,10656,0.2551296478080782,,,RBF_I__s117__instance__severe,RBF_I,instance,severe,117.0,no_reset,hddm_w,0.01,5,4,complete
60000,57000,43700,0,0,2.841722207987914,False,3000,none,True,56050,0.48911685994647636,0.48399724482613127,14283,10887,0.7622348246166771,41767,9904,0.23712500299279335,,,RBF_I__s117__instance__severe,RBF_I,instance,severe,117.0,no_reset,hddm_w,0.02,1,0,complete
60000,57000,38000,0,0,2.8266805830062367,False,3000,none,True,56050,0.49942908117752005,0.49555667104352813,14283,9410,0.6588251767835889,41767,14127,0.3382335336509685,,,RBF_I__s117__instance__severe,RBF_I,instance,severe,117.0,no_reset,hddm_w,0.02,5,4,complete
60000,57000,38950,0,0,2.815641958004562,False,3000,none,True,56050,0.5113470115967886,0.5085578768029251,14283,9693,0.6786389413988658,41767,13460,0.32226398831613473,,,RBF_I__s117__instance__severe,RBF_I,instance,severe,117.0,no_reset,hddm_w,0.05,5,4,complete
60000,64600,50350,5700,2,2.933820583013585,True,3000,confirmed,True,56050,0.5188403211418376,0.5164896350786286,14283,11558,0.8092137506126164,41767,7725,0.18495462925275935,,,RBF_I__s117__instance__severe,RBF_I,instance,severe,117.0,confirmed,hddm_w,0.01,1,0,complete
60000,68400,39900,8550,3,2.9927259589894675,True,3000,confirmed,True,56050,0.5038537020517395,0.49968923904021106,14283,9174,0.6423020373871036,41767,14841,0.3553283692867575,,,RBF_I__s117__instance__severe,RBF_I,instance,severe,117.0,confirmed,hddm_w,0.05,1,0,complete
60000,64600,40850,2850,1,2.931080040987581,True,3000,confirmed,True,56050,0.5049241748438894,0.5042212799319037,14283,9710,0.679829167541833,41767,13477,0.32267100821222494,,,RBF_I__s117__instance__severe,RBF_I,instance,severe,117.0,confirmed,hddm_w,0.01,5,4,complete
60000,66500,35150,2850,1,2.898157249990618,True,3000,confirmed,True,56050,0.5015343443354148,0.500111985292605,14283,8420,0.5895120072813834,41767,16937,0.4055115282399981,,,RBF_I__s117__instance__severe,RBF_I,instance,severe,117.0,confirmed,hddm_w,0.02,5,4,complete
60000,64600,51300,5700,2,2.935582832986256,True,3000,confirmed,True,56050,0.5228189116859947,0.5201812666079351,14283,12060,0.8443604284814115,41767,6327,0.1514832283860464,,,RBF_I__s117__instance__severe,RBF_I,instance,severe,117.0,confirmed,hddm_w,0.02,1,0,complete
60000,68400,37050,5700,2,3.0376697090105154,False,3000,confirmed,True,56050,0.5020517395182873,0.49788945494302206,14283,8985,0.6290695232094098,41767,15602,0.3735484952235018,,,RBF_I__s117__instance__severe,RBF_I,instance,severe,117.0,confirmed,hddm_w,0.05,5,4,complete
60000,57000,47500,8550,9,2.618104791996302,False,3000,rl,True,56050,0.5036396074933095,0.501573728035545,14283,11864,0.8306378211860254,41767,7081,0.16953575789498887,,,RBF_I__s117__instance__severe,RBF_I,instance,severe,117.0,error_rule,hddm_w,0.01,1,0,complete
60000,57000,33250,6650,7,2.666276125004515,False,3000,rl,True,56050,0.5062087421944692,0.5034007614471747,14283,8184,0.5729888678848981,41767,17651,0.4226063638757871,,,RBF_I__s117__instance__severe,RBF_I,instance,severe,117.0,error_rule,hddm_w,0.05,1,0,complete
60000,57000,39900,6650,7,2.5629937920020893,False,3000,rl,True,56050,0.5061373773416592,0.5029466760294174,14283,9959,0.6972624798711755,41767,12776,0.30588742308521083,,,RBF_I__s117__instance__severe,RBF_I,instance,severe,117.0,error_rule,hddm_w,0.01,5,4,complete
60000,57000,45600,7600,8,2.654950791009469,False,3000,rl,True,56050,0.507564674397859,0.5054488698031295,14283,11326,0.792970664426241,41767,8443,0.20214523427586373,,,RBF_I__s117__instance__severe,RBF_I,instance,severe,117.0,error_rule,hddm_w,0.02,1,0,complete
60000,57000,33250,7600,8,2.664611332991626,False,3000,rl,True,56050,0.5008563782337199,0.4981009675763881,14283,8249,0.5775397325491843,41767,17716,0.42416261641966146,,,RBF_I__s117__instance__severe,RBF_I,instance,severe,117.0,error_rule,hddm_w,0.02,5,4,complete
60000,57000,35150,8550,9,2.7012535000103526,False,3000,rl,True,56050,0.49461195361284566,0.49221594194811324,14283,8737,0.6117062241825947,41767,16304,0.3903560226973448,,,RBF_I__s117__instance__severe,RBF_I,instance,severe,117.0,error_rule,hddm_w,0.05,5,4,complete
60000,57000,52250,0,0,2.89138641700265,False,3000,rl,True,56050,0.5015343443354148,0.49948433273444,14283,13060,0.9143737310088917,41767,3527,0.08444465726530515,,,RBF_I__s117__instance__severe,RBF_I,instance,severe,117.0,selected_map,hddm_w,0.01,1,0,complete
60000,57000,40850,0,0,2.8936021249974146,False,3000,rl,True,56050,0.4855307760927743,0.4822927451578255,14283,10252,0.7177763775117272,41767,12119,0.29015730121866545,,,RBF_I__s117__instance__severe,RBF_I,instance,severe,117.0,selected_map,hddm_w,0.05,1,0,complete
60000,57000,42750,0,0,2.9335077500145417,False,3000,rl,True,56050,0.5165031222123104,0.5124961117528093,14283,10689,0.7483721907162361,41767,10656,0.2551296478080782,,,RBF_I__s117__instance__severe,RBF_I,instance,severe,117.0,selected_map,hddm_w,0.01,5,4,complete
60000,57000,43700,0,0,2.9241920420026872,False,3000,rl,True,56050,0.48911685994647636,0.48399724482613127,14283,10887,0.7622348246166771,41767,9904,0.23712500299279335,,,RBF_I__s117__instance__severe,RBF_I,instance,severe,117.0,selected_map,hddm_w,0.02,1,0,complete
60000,57000,38000,0,0,2.8744908750231843,False,3000,rl,True,56050,0.49942908117752005,0.49555667104352813,14283,9410,0.6588251767835889,41767,14127,0.3382335336509685,,,RBF_I__s117__instance__severe,RBF_I,instance,severe,117.0,selected_map,hddm_w,0.02,5,4,complete
60000,57000,38950,0,0,2.8459902910108212,False,3000,rl,True,56050,0.5113470115967886,0.5085578768029251,14283,9693,0.6786389413988658,41767,13460,0.32226398831613473,,,RBF_I__s117__instance__severe,RBF_I,instance,severe,117.0,selected_map,hddm_w,0.05,5,4,complete
60000,57000,52250,0,0,2.918672500003595,False,3000,rl,True,56050,0.5015343443354148,0.49948433273444,14283,13060,0.9143737310088917,41767,3527,0.08444465726530515,,,RBF_I__s117__instance__severe,RBF_I,instance,severe,117.0,q_alarm_persistence_7,hddm_w,0.01,1,0,complete
60000,57000,40850,0,0,2.931260707991896,False,3000,rl,True,56050,0.4855307760927743,0.4822927451578255,14283,10252,0.7177763775117272,41767,12119,0.29015730121866545,,,RBF_I__s117__instance__severe,RBF_I,instance,severe,117.0,q_alarm_persistence_7,hddm_w,0.05,1,0,complete
60000,57000,42750,0,0,2.8990176250226796,False,3000,rl,True,56050,0.5165031222123104,0.5124961117528093,14283,10689,0.7483721907162361,41767,10656,0.2551296478080782,,,RBF_I__s117__instance__severe,RBF_I,instance,severe,117.0,q_alarm_persistence_7,hddm_w,0.01,5,4,complete
60000,57000,43700,0,0,2.893509207991883,False,3000,rl,True,56050,0.48911685994647636,0.48399724482613127,14283,10887,0.7622348246166771,41767,9904,0.23712500299279335,,,RBF_I__s117__instance__severe,RBF_I,instance,severe,117.0,q_alarm_persistence_7,hddm_w,0.02,1,0,complete
60000,57000,38000,0,0,2.81909341699793,False,3000,rl,True,56050,0.49942908117752005,0.49555667104352813,14283,9410,0.6588251767835889,41767,14127,0.3382335336509685,,,RBF_I__s117__instance__severe,RBF_I,instance,severe,117.0,q_alarm_persistence_7,hddm_w,0.02,5,4,complete
60000,57000,38950,0,0,2.9327144589915406,False,3000,rl,True,56050,0.5113470115967886,0.5085578768029251,14283,9693,0.6786389413988658,41767,13460,0.32226398831613473,,,RBF_I__s117__instance__severe,RBF_I,instance,severe,117.0,q_alarm_persistence_7,hddm_w,0.05,5,4,complete
60000,57000,50350,5700,6,2.663362415973097,False,3000,rl,True,56050,0.5048528099910794,0.5024478545925939,14283,12624,0.8838479311069103,41767,4991,0.1194962530227213,,,RBF_I__s117__instance__severe,RBF_I,instance,severe,117.0,q_alarm_persistence_17,hddm_w,0.01,1,0,complete
60000,57000,35150,3800,4,2.6437416249973467,False,3000,rl,True,56050,0.5050490633363068,0.5015938977062107,14283,8688,0.6082755723587482,41767,16255,0.3891828477027318,,,RBF_I__s117__instance__severe,RBF_I,instance,severe,117.0,q_alarm_persistence_17,hddm_w,0.05,1,0,complete
60000,57000,38000,4750,5,2.6255886669969186,False,3000,rl,True,56050,0.5046208742194469,0.5013429160043467,14283,9476,0.6634460547504025,41767,14193,0.33981372854167163,,,RBF_I__s117__instance__severe,RBF_I,instance,severe,117.0,q_alarm_persistence_17,hddm_w,0.01,5,4,complete
60000,57000,46550,6650,7,2.612079083977733,False,3000,rl,True,56050,0.5031935771632471,0.5009784984903041,14283,11602,0.8122943359238255,41767,7769,0.18600809251322814,,,RBF_I__s117__instance__severe,RBF_I,instance,severe,117.0,q_alarm_persistence_17,hddm_w,0.02,1,0,complete
60000,57000,38950,3800,4,2.6591619169921614,False,3000,rl,True,56050,0.4816235504014273,0.4801195171092836,14283,9695,0.6787789680039208,41767,13462,0.3223118730097924,,,RBF_I__s117__instance__severe,RBF_I,instance,severe,117.0,q_alarm_persistence_17,hddm_w,0.02,5,4,complete
60000,57000,33250,2850,3,2.764686000009533,False,3000,rl,True,56050,0.49141837644959857,0.48754153415674567,14283,8195,0.5737590142127004,41767,17662,0.4228697296909043,,,RBF_I__s117__instance__severe,RBF_I,instance,severe,117.0,q_alarm_persistence_17,hddm_w,0.05,5,4,complete
60000,57000,52250,0,0,2.9446413749828935,False,3000,rl,True,56050,0.5015343443354148,0.49948433273444,14283,13060,0.9143737310088917,41767,3527,0.08444465726530515,,,RBF_I__s117__instance__severe,RBF_I,instance,severe,117.0,q_alarm_persistence_27,hddm_w,0.01,1,0,complete
60000,57000,40850,0,0,2.9346793750009965,False,3000,rl,True,56050,0.4855307760927743,0.4822927451578255,14283,10252,0.7177763775117272,41767,12119,0.29015730121866545,,,RBF_I__s117__instance__severe,RBF_I,instance,severe,117.0,q_alarm_persistence_27,hddm_w,0.05,1,0,complete
60000,57000,42750,0,0,2.848220082989428,False,3000,rl,True,56050,0.5165031222123104,0.5124961117528093,14283,10689,0.7483721907162361,41767,10656,0.2551296478080782,,,RBF_I__s117__instance__severe,RBF_I,instance,severe,117.0,q_alarm_persistence_27,hddm_w,0.01,5,4,complete
60000,57000,43700,0,0,2.9020122079818975,False,3000,rl,True,56050,0.48911685994647636,0.48399724482613127,14283,10887,0.7622348246166771,41767,9904,0.23712500299279335,,,RBF_I__s117__instance__severe,RBF_I,instance,severe,117.0,q_alarm_persistence_27,hddm_w,0.02,1,0,complete
60000,57000,38000,0,0,2.900781125004869,False,3000,rl,True,56050,0.49942908117752005,0.49555667104352813,14283,9410,0.6588251767835889,41767,14127,0.3382335336509685,,,RBF_I__s117__instance__severe,RBF_I,instance,severe,117.0,q_alarm_persistence_27,hddm_w,0.02,5,4,complete
60000,57000,38950,0,0,2.9275791670079343,False,3000,rl,True,56050,0.5113470115967886,0.5085578768029251,14283,9693,0.6786389413988658,41767,13460,0.32226398831613473,,,RBF_I__s117__instance__severe,RBF_I,instance,severe,117.0,q_alarm_persistence_27,hddm_w,0.05,5,4,complete
60000,57000,52250,0,0,2.787892207998084,False,3000,none,True,56050,0.5015343443354148,0.49948433273444,14283,13060,0.9143737310088917,41767,3527,0.08444465726530515,,,RBF_I__s117__instance__severe,RBF_I,instance,severe,117.0,no_reset,hellinger,0.01,1,0,complete
60000,57000,40850,0,0,2.876083541996195,False,3000,none,True,56050,0.4855307760927743,0.4822927451578255,14283,10252,0.7177763775117272,41767,12119,0.29015730121866545,,,RBF_I__s117__instance__severe,RBF_I,instance,severe,117.0,no_reset,hellinger,0.05,1,0,complete
60000,57000,42750,0,0,2.805978332995437,False,3000,none,True,56050,0.5165031222123104,0.5124961117528093,14283,10689,0.7483721907162361,41767,10656,0.2551296478080782,,,RBF_I__s117__instance__severe,RBF_I,instance,severe,117.0,no_reset,hellinger,0.01,5,4,complete
60000,57000,43700,0,0,2.853097124985652,False,3000,none,True,56050,0.48911685994647636,0.48399724482613127,14283,10887,0.7622348246166771,41767,9904,0.23712500299279335,,,RBF_I__s117__instance__severe,RBF_I,instance,severe,117.0,no_reset,hellinger,0.02,1,0,complete
60000,57000,38000,0,0,2.7919037499814294,False,3000,none,True,56050,0.49942908117752005,0.49555667104352813,14283,9410,0.6588251767835889,41767,14127,0.3382335336509685,,,RBF_I__s117__instance__severe,RBF_I,instance,severe,117.0,no_reset,hellinger,0.02,5,4,complete
60000,57000,38950,0,0,2.7749592500040308,False,3000,none,True,56050,0.5113470115967886,0.5085578768029251,14283,9693,0.6786389413988658,41767,13460,0.32226398831613473,,,RBF_I__s117__instance__severe,RBF_I,instance,severe,117.0,no_reset,hellinger,0.05,5,4,complete
60000,60800,54150,5700,2,2.766520583012607,False,3000,confirmed,True,56050,0.5246030330062444,0.5220965277861582,14283,12557,0.8791570398375691,41767,4924,0.11789211578518927,,,RBF_I__s117__instance__severe,RBF_I,instance,severe,117.0,confirmed,hellinger,0.01,1,0,complete
60000,62700,40850,8550,3,2.7448029160004808,False,3000,confirmed,True,56050,0.500321141837645,0.49627736813944784,14283,9438,0.6607855492543583,41767,14155,0.3389039193621759,,,RBF_I__s117__instance__severe,RBF_I,instance,severe,117.0,confirmed,hellinger,0.05,1,0,complete
60000,60800,42750,0,0,2.9246696660120506,False,3000,confirmed,True,56050,0.5145762711864407,0.5128794620915752,14283,10676,0.7474620177833788,41767,10643,0.2548183972993033,,,RBF_I__s117__instance__severe,RBF_I,instance,severe,117.0,confirmed,hellinger,0.01,5,4,complete
60000,60800,51300,5700,2,2.7808942910050973,False,3000,confirmed,True,56050,0.5228189116859947,0.5201812666079351,14283,12060,0.8443604284814115,41767,6327,0.1514832283860464,,,RBF_I__s117__instance__severe,RBF_I,instance,severe,117.0,confirmed,hellinger,0.02,1,0,complete
60000,60800,38000,0,0,2.833537292026449,False,3000,confirmed,True,56050,0.4893309545049063,0.48642740735011913,14283,9450,0.6616257088846881,41767,14167,0.3391912275241219,,,RBF_I__s117__instance__severe,RBF_I,instance,severe,117.0,confirmed,hellinger,0.02,5,4,complete
60000,60800,32300,0,0,2.91044029200566,False,3000,confirmed,True,56050,0.5028724353256021,0.5006557317928604,14283,7998,0.5599663936147868,41767,18415,0.44089831685301795,,,RBF_I__s117__instance__severe,RBF_I,instance,severe,117.0,confirmed,hellinger,0.05,5,4,complete
60000,57000,47500,8550,9,2.5906788330175914,False,3000,rl,True,56050,0.5036396074933095,0.501573728035545,14283,11864,0.8306378211860254,41767,7081,0.16953575789498887,,,RBF_I__s117__instance__severe,RBF_I,instance,severe,117.0,error_rule,hellinger,0.01,1,0,complete
60000,57000,33250,6650,7,2.6054580839991104,False,3000,rl,True,56050,0.5062087421944692,0.5034007614471747,14283,8184,0.5729888678848981,41767,17651,0.4226063638757871,,,RBF_I__s117__instance__severe,RBF_I,instance,severe,117.0,error_rule,hellinger,0.05,1,0,complete
60000,57000,39900,6650,7,2.5511470409983303,False,3000,rl,True,56050,0.5061373773416592,0.5029466760294174,14283,9959,0.6972624798711755,41767,12776,0.30588742308521083,,,RBF_I__s117__instance__severe,RBF_I,instance,severe,117.0,error_rule,hellinger,0.01,5,4,complete
60000,57000,45600,7600,8,2.5129137909971178,False,3000,rl,True,56050,0.507564674397859,0.5054488698031295,14283,11326,0.792970664426241,41767,8443,0.20214523427586373,,,RBF_I__s117__instance__severe,RBF_I,instance,severe,117.0,error_rule,hellinger,0.02,1,0,complete
60000,57000,33250,7600,8,2.559219374990789,False,3000,rl,True,56050,0.5008563782337199,0.4981009675763881,14283,8249,0.5775397325491843,41767,17716,0.42416261641966146,,,RBF_I__s117__instance__severe,RBF_I,instance,severe,117.0,error_rule,hellinger,0.02,5,4,complete
60000,57000,35150,8550,9,2.6472744999919087,False,3000,rl,True,56050,0.49461195361284566,0.49221594194811324,14283,8737,0.6117062241825947,41767,16304,0.3903560226973448,,,RBF_I__s117__instance__severe,RBF_I,instance,severe,117.0,error_rule,hellinger,0.05,5,4,complete
60000,57000,52250,0,0,2.912124416005099,False,3000,rl,True,56050,0.5015343443354148,0.49948433273444,14283,13060,0.9143737310088917,41767,3527,0.08444465726530515,,,RBF_I__s117__instance__severe,RBF_I,instance,severe,117.0,selected_map,hellinger,0.01,1,0,complete
60000,57000,40850,0,0,2.8987923329987098,False,3000,rl,True,56050,0.4855307760927743,0.4822927451578255,14283,10252,0.7177763775117272,41767,12119,0.29015730121866545,,,RBF_I__s117__instance__severe,RBF_I,instance,severe,117.0,selected_map,hellinger,0.05,1,0,complete
60000,57000,42750,0,0,2.840338666981552,False,3000,rl,True,56050,0.5165031222123104,0.5124961117528093,14283,10689,0.7483721907162361,41767,10656,0.2551296478080782,,,RBF_I__s117__instance__severe,RBF_I,instance,severe,117.0,selected_map,hellinger,0.01,5,4,complete
60000,57000,43700,0,0,2.874791542009916,False,3000,rl,True,56050,0.48911685994647636,0.48399724482613127,14283,10887,0.7622348246166771,41767,9904,0.23712500299279335,,,RBF_I__s117__instance__severe,RBF_I,instance,severe,117.0,selected_map,hellinger,0.02,1,0,complete
60000,57000,38000,0,0,2.829977457993664,False,3000,rl,True,56050,0.49942908117752005,0.49555667104352813,14283,9410,0.6588251767835889,41767,14127,0.3382335336509685,,,RBF_I__s117__instance__severe,RBF_I,instance,severe,117.0,selected_map,hellinger,0.02,5,4,complete
60000,57000,47500,2850,3,2.4871109999949113,False,3000,rl,True,56050,0.491721677074041,0.4899661155730439,14283,11803,0.8263670097318491,41767,7020,0.16807527473842987,,,RBF_I__s117__instance__severe,RBF_I,instance,severe,117.0,q_alarm_persistence_7,hellinger,0.01,1,0,complete
60000,57000,38950,0,0,2.865544750005938,False,3000,rl,True,56050,0.5113470115967886,0.5085578768029251,14283,9693,0.6786389413988658,41767,13460,0.32226398831613473,,,RBF_I__s117__instance__severe,RBF_I,instance,severe,117.0,selected_map,hellinger,0.05,5,4,complete
60000,57000,38950,0,0,2.8814289160072803,False,3000,rl,True,56050,0.5093309545049063,0.5060578564850564,14283,9722,0.6806693271721627,41767,13489,0.322958316374171,,,RBF_I__s117__instance__severe,RBF_I,instance,severe,117.0,q_alarm_persistence_7,hellinger,0.05,1,0,complete
60000,57000,43700,0,0,2.8098259169782978,False,3000,rl,True,56050,0.5162711864406779,0.5137594158784311,14283,10884,0.7620247847090947,41767,9901,0.23705317595230685,,,RBF_I__s117__instance__severe,RBF_I,instance,severe,117.0,q_alarm_persistence_7,hellinger,0.01,5,4,complete
60000,57000,45600,0,0,2.8507042079872917,False,3000,rl,True,56050,0.49735950044603033,0.49237937011642174,14283,11340,0.7939508506616257,41767,8457,0.20248042713146744,,,RBF_I__s117__instance__severe,RBF_I,instance,severe,117.0,q_alarm_persistence_7,hellinger,0.02,1,0,complete
60000,57000,37050,950,1,2.6125825839990284,False,3000,rl,True,56050,0.49165031222123107,0.4863588546422884,14283,9144,0.6402016383112792,41767,14811,0.3546100988818924,,,RBF_I__s117__instance__severe,RBF_I,instance,severe,117.0,q_alarm_persistence_7,hellinger,0.02,5,4,complete
60000,57000,38950,0,0,2.870009125006618,False,3000,rl,True,56050,0.5113470115967886,0.5085578768029251,14283,9693,0.6786389413988658,41767,13460,0.32226398831613473,,,RBF_I__s117__instance__severe,RBF_I,instance,severe,117.0,q_alarm_persistence_7,hellinger,0.05,5,4,complete
60000,57000,47500,8550,9,2.562610458000563,False,3000,rl,True,56050,0.5036396074933095,0.501573728035545,14283,11864,0.8306378211860254,41767,7081,0.16953575789498887,,,RBF_I__s117__instance__severe,RBF_I,instance,severe,117.0,q_alarm_persistence_17,hellinger,0.01,1,0,complete
60000,57000,34200,4750,5,2.6360589999967488,False,3000,rl,True,56050,0.5080107047279215,0.5033606247375818,14283,8420,0.5895120072813834,41767,16937,0.4055115282399981,,,RBF_I__s117__instance__severe,RBF_I,instance,severe,117.0,q_alarm_persistence_17,hellinger,0.05,1,0,complete
60000,57000,38000,6650,7,2.5647510410053656,False,3000,rl,True,56050,0.5056021409455843,0.5031907494998978,14283,9499,0.6650563607085346,41767,14216,0.3403644025187349,,,RBF_I__s117__instance__severe,RBF_I,instance,severe,117.0,q_alarm_persistence_17,hellinger,0.01,5,4,complete
60000,57000,45600,7600,8,2.5142348330118693,False,3000,rl,True,56050,0.507564674397859,0.5054488698031295,14283,11326,0.792970664426241,41767,8443,0.20214523427586373,,,RBF_I__s117__instance__severe,RBF_I,instance,severe,117.0,q_alarm_persistence_17,hellinger,0.02,1,0,complete
60000,57000,37050,6650,7,2.5782462079951074,False,3000,rl,True,56050,0.48406779661016947,0.48157634273395694,14283,9228,0.6460827557235875,41767,14895,0.35662125601551464,,,RBF_I__s117__instance__severe,RBF_I,instance,severe,117.0,q_alarm_persistence_17,hellinger,0.02,5,4,complete
60000,57000,36100,6650,7,2.6071902080147993,False,3000,rl,True,56050,0.48749330954504905,0.48519996786986347,14283,8989,0.6293495764195197,41767,15606,0.3736442646108172,,,RBF_I__s117__instance__severe,RBF_I,instance,severe,117.0,q_alarm_persistence_17,hellinger,0.05,5,4,complete
60000,57000,52250,0,0,2.8853307910030708,False,3000,rl,True,56050,0.5015343443354148,0.49948433273444,14283,13060,0.9143737310088917,41767,3527,0.08444465726530515,,,RBF_I__s117__instance__severe,RBF_I,instance,severe,117.0,q_alarm_persistence_27,hellinger,0.01,1,0,complete
60000,57000,40850,0,0,2.8784865000052378,False,3000,rl,True,56050,0.4855307760927743,0.4822927451578255,14283,10252,0.7177763775117272,41767,12119,0.29015730121866545,,,RBF_I__s117__instance__severe,RBF_I,instance,severe,117.0,q_alarm_persistence_27,hellinger,0.05,1,0,complete
60000,57000,42750,0,0,2.7724745410087053,False,3000,rl,True,56050,0.5165031222123104,0.5124961117528093,14283,10689,0.7483721907162361,41767,10656,0.2551296478080782,,,RBF_I__s117__instance__severe,RBF_I,instance,severe,117.0,q_alarm_persistence_27,hellinger,0.01,5,4,complete
60000,57000,43700,0,0,2.8533184999832883,False,3000,rl,True,56050,0.48911685994647636,0.48399724482613127,14283,10887,0.7622348246166771,41767,9904,0.23712500299279335,,,RBF_I__s117__instance__severe,RBF_I,instance,severe,117.0,q_alarm_persistence_27,hellinger,0.02,1,0,complete
60000,57000,38000,0,0,2.8065722080064006,False,3000,rl,True,56050,0.49942908117752005,0.49555667104352813,14283,9410,0.6588251767835889,41767,14127,0.3382335336509685,,,RBF_I__s117__instance__severe,RBF_I,instance,severe,117.0,q_alarm_persistence_27,hellinger,0.02,5,4,complete
60000,57000,38950,0,0,2.851196290983353,False,3000,rl,True,56050,0.5113470115967886,0.5085578768029251,14283,9693,0.6786389413988658,41767,13460,0.32226398831613473,,,RBF_I__s117__instance__severe,RBF_I,instance,severe,117.0,q_alarm_persistence_27,hellinger,0.05,5,4,complete
60000,57000,52250,0,0,2.801925583014963,False,3000,none,True,56050,0.5015343443354148,0.49948433273444,14283,13060,0.9143737310088917,41767,3527,0.08444465726530515,,,RBF_I__s117__instance__severe,RBF_I,instance,severe,117.0,no_reset,d3_oof,0.01,1,0,complete
60000,57000,40850,0,0,2.834206500003347,False,3000,none,True,56050,0.4855307760927743,0.4822927451578255,14283,10252,0.7177763775117272,41767,12119,0.29015730121866545,,,RBF_I__s117__instance__severe,RBF_I,instance,severe,117.0,no_reset,d3_oof,0.05,1,0,complete
60000,57000,42750,0,0,2.833823584020138,False,3000,none,True,56050,0.5165031222123104,0.5124961117528093,14283,10689,0.7483721907162361,41767,10656,0.2551296478080782,,,RBF_I__s117__instance__severe,RBF_I,instance,severe,117.0,no_reset,d3_oof,0.01,5,4,complete
60000,57000,43700,0,0,2.8343018330051564,False,3000,none,True,56050,0.48911685994647636,0.48399724482613127,14283,10887,0.7622348246166771,41767,9904,0.23712500299279335,,,RBF_I__s117__instance__severe,RBF_I,instance,severe,117.0,no_reset,d3_oof,0.02,1,0,complete
60000,57000,38000,0,0,2.837668666994432,False,3000,none,True,56050,0.49942908117752005,0.49555667104352813,14283,9410,0.6588251767835889,41767,14127,0.3382335336509685,,,RBF_I__s117__instance__severe,RBF_I,instance,severe,117.0,no_reset,d3_oof,0.02,5,4,complete
60000,57000,38950,0,0,2.7877492920088116,False,3000,none,True,56050,0.5113470115967886,0.5085578768029251,14283,9693,0.6786389413988658,41767,13460,0.32226398831613473,,,RBF_I__s117__instance__severe,RBF_I,instance,severe,117.0,no_reset,d3_oof,0.05,5,4,complete
60000,58900,50350,2850,1,2.873643541999627,False,3000,confirmed,True,56050,0.5435147190008921,0.5401100309655378,14283,12095,0.8468108940698733,41767,6362,0.15232121052505568,,,RBF_I__s117__instance__severe,RBF_I,instance,severe,117.0,confirmed,d3_oof,0.01,1,0,complete
60000,58900,40850,0,0,3.0290799170034006,False,3000,confirmed,True,56050,0.4855307760927743,0.4822927451578255,14283,10252,0.7177763775117272,41767,12119,0.29015730121866545,,,RBF_I__s117__instance__severe,RBF_I,instance,severe,117.0,confirmed,d3_oof,0.05,1,0,complete
60000,58900,43700,2850,1,2.826058959006332,False,3000,confirmed,True,56050,0.5250133809099019,0.5221022268878777,14283,10920,0.764545263600084,41767,9937,0.23791510043814496,,,RBF_I__s117__instance__severe,RBF_I,instance,severe,117.0,confirmed,d3_oof,0.01,5,4,complete
60000,58900,47500,0,0,2.978686958027538,False,3000,confirmed,True,56050,0.49425512934879573,0.4892406242460598,14283,11843,0.8291675418329483,41767,7060,0.16903296861158332,,,RBF_I__s117__instance__severe,RBF_I,instance,severe,117.0,confirmed,d3_oof,0.02,1,0,complete
60000,58900,41800,2850,1,2.7548664159839973,False,3000,confirmed,True,56050,0.4982872435325602,0.49500829225130993,14283,10182,0.7128754463348036,41767,12049,0.2884813369406469,,,RBF_I__s117__instance__severe,RBF_I,instance,severe,117.0,confirmed,d3_oof,0.02,5,4,complete
60000,58900,41800,2850,1,2.9007131250109524,False,3000,confirmed,True,56050,0.5198751115075825,0.5172925142750565,14283,10353,0.7248477210670027,41767,11270,0.26983024876098355,,,RBF_I__s117__instance__severe,RBF_I,instance,severe,117.0,confirmed,d3_oof,0.05,5,4,complete
60000,57000,47500,8550,9,2.6172402090160176,False,3000,rl,True,56050,0.5036396074933095,0.501573728035545,14283,11864,0.8306378211860254,41767,7081,0.16953575789498887,,,RBF_I__s117__instance__severe,RBF_I,instance,severe,117.0,error_rule,d3_oof,0.01,1,0,complete
60000,57000,33250,6650,7,2.698523375001969,False,3000,rl,True,56050,0.5062087421944692,0.5034007614471747,14283,8184,0.5729888678848981,41767,17651,0.4226063638757871,,,RBF_I__s117__instance__severe,RBF_I,instance,severe,117.0,error_rule,d3_oof,0.05,1,0,complete
60000,57000,39900,6650,7,2.637595207983395,False,3000,rl,True,56050,0.5061373773416592,0.5029466760294174,14283,9959,0.6972624798711755,41767,12776,0.30588742308521083,,,RBF_I__s117__instance__severe,RBF_I,instance,severe,117.0,error_rule,d3_oof,0.01,5,4,complete
60000,57000,45600,7600,8,2.5634292499744333,False,3000,rl,True,56050,0.507564674397859,0.5054488698031295,14283,11326,0.792970664426241,41767,8443,0.20214523427586373,,,RBF_I__s117__instance__severe,RBF_I,instance,severe,117.0,error_rule,d3_oof,0.02,1,0,complete
60000,57000,33250,7600,8,2.6149421250156593,False,3000,rl,True,56050,0.5008563782337199,0.4981009675763881,14283,8249,0.5775397325491843,41767,17716,0.42416261641966146,,,RBF_I__s117__instance__severe,RBF_I,instance,severe,117.0,error_rule,d3_oof,0.02,5,4,complete
60000,57000,35150,8550,9,2.6563655409845524,False,3000,rl,True,56050,0.49461195361284566,0.49221594194811324,14283,8737,0.6117062241825947,41767,16304,0.3903560226973448,,,RBF_I__s117__instance__severe,RBF_I,instance,severe,117.0,error_rule,d3_oof,0.05,5,4,complete
60000,57000,52250,0,0,3.013438291993225,False,3000,rl,True,56050,0.5015343443354148,0.49948433273444,14283,13060,0.9143737310088917,41767,3527,0.08444465726530515,,,RBF_I__s117__instance__severe,RBF_I,instance,severe,117.0,selected_map,d3_oof,0.01,1,0,complete
60000,57000,40850,0,0,2.977199708009721,False,3000,rl,True,56050,0.4855307760927743,0.4822927451578255,14283,10252,0.7177763775117272,41767,12119,0.29015730121866545,,,RBF_I__s117__instance__severe,RBF_I,instance,severe,117.0,selected_map,d3_oof,0.05,1,0,complete
60000,57000,42750,0,0,2.885702625004342,False,3000,rl,True,56050,0.5165031222123104,0.5124961117528093,14283,10689,0.7483721907162361,41767,10656,0.2551296478080782,,,RBF_I__s117__instance__severe,RBF_I,instance,severe,117.0,selected_map,d3_oof,0.01,5,4,complete
60000,57000,43700,0,0,2.95216258300934,False,3000,rl,True,56050,0.48911685994647636,0.48399724482613127,14283,10887,0.7622348246166771,41767,9904,0.23712500299279335,,,RBF_I__s117__instance__severe,RBF_I,instance,severe,117.0,selected_map,d3_oof,0.02,1,0,complete
60000,57000,38000,0,0,2.9359769579896238,False,3000,rl,True,56050,0.49942908117752005,0.49555667104352813,14283,9410,0.6588251767835889,41767,14127,0.3382335336509685,,,RBF_I__s117__instance__severe,RBF_I,instance,severe,117.0,selected_map,d3_oof,0.02,5,4,complete
60000,57000,38950,0,0,2.9996926659950987,False,3000,rl,True,56050,0.5113470115967886,0.5085578768029251,14283,9693,0.6786389413988658,41767,13460,0.32226398831613473,,,RBF_I__s117__instance__severe,RBF_I,instance,severe,117.0,selected_map,d3_oof,0.05,5,4,complete
60000,57000,52250,0,0,2.9121145410172176,False,3000,rl,True,56050,0.5015343443354148,0.49948433273444,14283,13060,0.9143737310088917,41767,3527,0.08444465726530515,,,RBF_I__s117__instance__severe,RBF_I,instance,severe,117.0,q_alarm_persistence_7,d3_oof,0.01,1,0,complete
60000,57000,42750,0,0,2.977291957999114,False,3000,rl,True,56050,0.5006244424620874,0.4971654055024556,14283,10698,0.7490023104389834,41767,10665,0.25534512892953765,,,RBF_I__s117__instance__severe,RBF_I,instance,severe,117.0,q_alarm_persistence_7,d3_oof,0.05,1,0,complete
60000,57000,42750,0,0,2.926313542004209,False,3000,rl,True,56050,0.5165031222123104,0.5124961117528093,14283,10689,0.7483721907162361,41767,10656,0.2551296478080782,,,RBF_I__s117__instance__severe,RBF_I,instance,severe,117.0,q_alarm_persistence_7,d3_oof,0.01,5,4,complete
60000,57000,43700,0,0,2.9169571249803994,False,3000,rl,True,56050,0.48911685994647636,0.48399724482613127,14283,10887,0.7622348246166771,41767,9904,0.23712500299279335,,,RBF_I__s117__instance__severe,RBF_I,instance,severe,117.0,q_alarm_persistence_7,d3_oof,0.02,1,0,complete
60000,57000,38000,0,0,2.9380964590236545,False,3000,rl,True,56050,0.49942908117752005,0.49555667104352813,14283,9410,0.6588251767835889,41767,14127,0.3382335336509685,,,RBF_I__s117__instance__severe,RBF_I,instance,severe,117.0,q_alarm_persistence_7,d3_oof,0.02,5,4,complete
60000,57000,38950,0,0,2.891251958993962,False,3000,rl,True,56050,0.5113470115967886,0.5085578768029251,14283,9693,0.6786389413988658,41767,13460,0.32226398831613473,,,RBF_I__s117__instance__severe,RBF_I,instance,severe,117.0,q_alarm_persistence_7,d3_oof,0.05,5,4,complete
60000,57000,47500,8550,9,2.5990592500020284,False,3000,rl,True,56050,0.5036396074933095,0.501573728035545,14283,11864,0.8306378211860254,41767,7081,0.16953575789498887,,,RBF_I__s117__instance__severe,RBF_I,instance,severe,117.0,q_alarm_persistence_17,d3_oof,0.01,1,0,complete
60000,57000,33250,6650,7,2.647969000012381,False,3000,rl,True,56050,0.5062087421944692,0.5034007614471747,14283,8184,0.5729888678848981,41767,17651,0.4226063638757871,,,RBF_I__s117__instance__severe,RBF_I,instance,severe,117.0,q_alarm_persistence_17,d3_oof,0.05,1,0,complete
60000,57000,39900,6650,7,2.608458957984112,False,3000,rl,True,56050,0.5061373773416592,0.5029466760294174,14283,9959,0.6972624798711755,41767,12776,0.30588742308521083,,,RBF_I__s117__instance__severe,RBF_I,instance,severe,117.0,q_alarm_persistence_17,d3_oof,0.01,5,4,complete
60000,57000,45600,7600,8,2.6652577909990214,False,3000,rl,True,56050,0.507564674397859,0.5054488698031295,14283,11326,0.792970664426241,41767,8443,0.20214523427586373,,,RBF_I__s117__instance__severe,RBF_I,instance,severe,117.0,q_alarm_persistence_17,d3_oof,0.02,1,0,complete
60000,57000,33250,7600,8,2.5534279579878785,False,3000,rl,True,56050,0.5008563782337199,0.4981009675763881,14283,8249,0.5775397325491843,41767,17716,0.42416261641966146,,,RBF_I__s117__instance__severe,RBF_I,instance,severe,117.0,q_alarm_persistence_17,d3_oof,0.02,5,4,complete
60000,57000,40850,26600,28,2.464061207982013,False,3000,rl,True,56050,0.4887421944692239,0.48849924795463684,14283,10215,0.7151858853182105,41767,12082,0.2892714343859985,,,RBF_I__s117__instance__severe,RBF_I,instance,severe,117.0,q_alarm_persistence_27,d3_oof,0.01,1,0,complete
60000,57000,35150,8550,9,2.668998958019074,False,3000,rl,True,56050,0.49461195361284566,0.49221594194811324,14283,8737,0.6117062241825947,41767,16304,0.3903560226973448,,,RBF_I__s117__instance__severe,RBF_I,instance,severe,117.0,q_alarm_persistence_17,d3_oof,0.05,5,4,complete
60000,57000,35150,21850,23,2.57966087499517,False,3000,rl,True,56050,0.4888670829616414,0.4876536186608265,14283,8759,0.6132465168381993,41767,16326,0.3908827543275792,,,RBF_I__s117__instance__severe,RBF_I,instance,severe,117.0,q_alarm_persistence_27,d3_oof,0.05,1,0,complete
60000,57000,36100,26600,28,2.4691026250075083,False,3000,rl,True,56050,0.4953791257805531,0.49460960621435446,14283,8965,0.6276692571588602,41767,15582,0.37306964828692507,,,RBF_I__s117__instance__severe,RBF_I,instance,severe,117.0,q_alarm_persistence_27,d3_oof,0.01,5,4,complete
60000,57000,36100,24700,26,2.447647249995498,False,3000,rl,True,56050,0.4926315789473684,0.4924158562012281,14283,8900,0.623118392494574,41767,15517,0.37151339574305076,,,RBF_I__s117__instance__severe,RBF_I,instance,severe,117.0,q_alarm_persistence_27,d3_oof,0.02,1,0,complete
60000,57000,36100,21850,23,2.5218625419947784,False,3000,rl,True,56050,0.4846922390722569,0.48431823641298166,14283,8951,0.6266890709234755,41767,15568,0.3727344554313214,,,RBF_I__s117__instance__severe,RBF_I,instance,severe,117.0,q_alarm_persistence_27,d3_oof,0.02,5,4,complete
60000,57000,25650,16150,17,2.5967114589875564,False,3000,rl,True,56050,0.49156110615521853,0.4916836411035561,14283,6298,0.44094377931807044,41767,23365,0.559412933655757,,,RBF_I__s117__instance__severe,RBF_I,instance,severe,117.0,q_alarm_persistence_27,d3_oof,0.05,5,4,complete
144753,137515,129915,0,0,47.48890337499324,False,7238,none,True,136565,0.6628418701717131,0.5019406877775326,0,0,,136565,7600,0.05565115512759492,0.7697509945484013,0.10488390712570056,radar__evaluation__clean__none__aNone,radar,clean,none,,no_reset,adwin,0.01,5,4,complete
144753,137515,117565,0,0,45.78205145899847,False,7238,none,True,136565,0.6631420935085857,0.46119576139415674,0,0,,136565,19950,0.14608428220993666,0.8432149697951967,0.09377683965354101,radar__evaluation__clean__none__aNone,radar,clean,none,,no_reset,adwin,0.05,1,0,complete
144753,137515,113765,0,0,46.97082004099502,False,7238,none,True,136565,0.6544209716984586,0.4525471095189354,0,0,,136565,23750,0.17390985977373413,0.7759245616620009,0.11051750491302133,radar__evaluation__clean__none__aNone,radar,clean,none,,no_reset,adwin,0.02,1,0,complete
144753,137515,124215,0,0,47.69908449999639,False,7238,none,True,136565,0.6113499066378647,0.38936175652723426,0,0,,136565,13300,0.09738952147329111,0.7321939001031383,0.10795545527330956,radar__evaluation__clean__none__aNone,radar,clean,none,,no_reset,adwin,0.02,5,4,complete
144753,137515,125165,0,0,51.171538249996956,False,7238,none,True,136565,0.6843774027020101,0.5371036348088086,0,0,,136565,12350,0.09043312708234175,0.7524974215411817,0.09978892204672829,radar__evaluation__clean__none__aNone,radar,clean,none,,no_reset,adwin,0.01,1,0,complete
144753,162215,128965,19950,7,25.317910333018517,False,7238,confirmed,True,136565,0.6348039395159814,0.44428176361913746,0,0,,136565,19000,0.1391278878189873,0.6455134816561072,0.19935948759007205,radar__evaluation__clean__none__aNone,radar,clean,none,,confirmed,adwin,0.01,1,0,complete
144753,166015,129915,28500,10,25.411866083013592,False,7238,confirmed,True,136565,0.6746823856771501,0.5521083904119246,0,0,,136565,19000,0.1391278878189873,0.771725357300722,0.17216682436858577,radar__evaluation__clean__none__aNone,radar,clean,none,,confirmed,adwin,0.02,1,0,complete
144753,166015,113765,17100,6,27.85131533400272,False,7238,confirmed,True,136565,0.5942664665177754,0.47201380477497645,0,0,,136565,32300,0.2365174092922784,0.7586267865036098,0.26397845549166604,radar__evaluation__clean__none__aNone,radar,clean,none,,confirmed,adwin,0.05,1,0,complete
144753,160315,119465,8550,3,30.879281667002942,False,7238,confirmed,True,136565,0.6269249075531798,0.42218012273460126,0,0,,136565,22800,0.16695346538278474,0.650390452335347,0.16953198922774584,radar__evaluation__clean__none__aNone,radar,clean,none,,confirmed,adwin,0.01,5,4,complete
144753,137515,95715,30400,32,13.40383345799637,False,7238,rl,True,136565,0.6114670669644492,0.4922343486601541,0,0,,136565,41800,0.30608135320177204,0.7382643288640047,0.25110997889220465,radar__evaluation__clean__none__aNone,radar,clean,none,,error_rule,adwin,0.01,1,0,complete
144753,137515,120415,0,0,51.938098375016125,False,7238,none,True,136565,0.6540768132391169,0.4544688836295717,0,0,,136565,17100,0.12521509903708858,0.8101222926182408,0.10795545527330956,radar__evaluation__clean__none__aNone,radar,clean,none,,no_reset,adwin,0.05,5,4,complete
144753,164115,116615,11400,4,32.29014120798092,False,7238,confirmed,True,136565,0.5918866473840296,0.40508345802695145,0,0,,136565,26600,0.19477904294658221,0.6784146161779874,0.23448577043452945,radar__evaluation__clean__none__aNone,radar,clean,none,,confirmed,adwin,0.02,5,4,complete
144753,167915,99515,5700,2,29.71216708299471,True,7238,confirmed,True,136565,0.5213780983414491,0.29101114895372526,0,0,,136565,39900,0.2921685644198733,0.6676734934433476,0.24087633743358322,radar__evaluation__clean__none__aNone,radar,clean,none,,confirmed,adwin,0.05,5,4,complete
144753,137515,85265,31350,33,12.679773750001914,False,7238,rl,True,136565,0.5965657379269945,0.47079077252134,0,0,,136565,52250,0.38260169150221507,0.7530131133048475,0.28282990028386346,radar__evaluation__clean__none__aNone,radar,clean,none,,error_rule,adwin,0.05,1,0,complete
144753,137515,71015,19950,21,14.368254792003427,False,7238,rl,True,136565,0.527770658660711,0.30247686539556257,0,0,,136565,66500,0.48694760736645554,0.45902460586415206,0.18382706164931945,radar__evaluation__clean__none__aNone,radar,clean,none,,error_rule,adwin,0.01,5,4,complete
144753,137515,91915,30400,32,12.571771666989662,False,7238,rl,True,136565,0.5975616007029619,0.4838421144461371,0,0,,136565,45600,0.3339069307655695,0.7422425224694268,0.2691898973724434,radar__evaluation__clean__none__aNone,radar,clean,none,,error_rule,adwin,0.02,1,0,complete
144753,137515,69115,15200,16,16.097300749999704,False,7238,rl,True,136565,0.5430966938820342,0.333532020487943,0,0,,136565,68400,0.5008603961483543,0.6289524090172388,0.224092000873426,radar__evaluation__clean__none__aNone,radar,clean,none,,error_rule,adwin,0.02,5,4,complete
144753,137515,66265,16150,17,16.611652166990098,False,7238,rl,True,136565,0.5336726101124006,0.33026759478547363,0,0,,136565,71250,0.5217295793212023,0.6168115514955061,0.24403522818254603,radar__evaluation__clean__none__aNone,radar,clean,none,,error_rule,adwin,0.05,5,4,complete
144753,137515,112815,12350,13,21.667964332998963,False,7238,rl,True,136565,0.649119466920514,0.5241030306654961,0,0,,136565,24700,0.1808662541646835,0.8119198467658759,0.23141422228692043,radar__evaluation__clean__none__aNone,radar,clean,none,,selected_map,adwin,0.01,1,0,complete
144753,137515,97615,14250,15,18.75735962500039,False,7238,rl,True,136565,0.6292461465236334,0.4891657095695468,0,0,,136565,39900,0.2921685644198733,0.7878149403270959,0.2241647863745542,radar__evaluation__clean__none__aNone,radar,clean,none,,selected_map,adwin,0.05,1,0,complete
144753,137515,110915,1900,2,37.849116875004256,False,7238,rl,True,136565,0.5655768315454179,0.431456228922685,0,0,,136565,26600,0.19477904294658221,0.6479003978193606,0.1979620059684111,radar__evaluation__clean__none__aNone,radar,clean,none,,selected_map,adwin,0.01,5,4,complete
144753,137515,114715,5700,6,30.401142582995817,False,7238,rl,True,136565,0.6706183868487533,0.5379490202057486,0,0,,136565,22800,0.16695346538278474,0.8017533519964638,0.18547201397481622,radar__evaluation__clean__none__aNone,radar,clean,none,,selected_map,adwin,0.02,1,0,complete
144753,137515,104265,6650,7,29.58859229198424,False,7238,rl,True,136565,0.556452971112657,0.4347308641124079,0,0,,136565,33250,0.24347380368322777,0.7739059967585089,0.26990319528349954,radar__evaluation__clean__none__aNone,radar,clean,none,,selected_map,adwin,0.02,5,4,complete
144753,137515,90015,3800,4,26.041603541991208,False,7238,rl,True,136565,0.605264892175887,0.3797087770683461,0,0,,136565,47500,0.34781971954746826,0.677751583910417,0.1370405415241284,radar__evaluation__clean__none__aNone,radar,clean,none,,selected_map,adwin,0.05,5,4,complete
144753,137515,104265,25415,27,17.637422041996615,False,7238,rl,True,136565,0.6233515175923553,0.5186228985582664,0,0,,136565,33250,0.24347380368322777,0.7805805215853838,0.2371642768760463,radar__evaluation__clean__none__aNone,radar,clean,none,,q_alarm_persistence_7,adwin,0.01,1,0,complete
144753,137515,94765,22565,24,20.51577866599837,False,7238,rl,True,136565,0.5887526086478966,0.4533848451464864,0,0,,136565,42750,0.3130377475927214,0.7865183438927361,0.2318946065943664,radar__evaluation__clean__none__aNone,radar,clean,none,,q_alarm_persistence_7,adwin,0.05,1,0,complete
144753,137515,99515,23515,25,19.925152624986367,False,7238,rl,True,136565,0.6097316296269176,0.47533444481385534,0,0,,136565,38000,0.2782557756379746,0.7917636658317372,0.2058956255913822,radar__evaluation__clean__none__aNone,radar,clean,none,,q_alarm_persistence_7,adwin,0.02,1,0,complete
144753,137515,95715,18765,20,27.6064250000054,False,7238,rl,True,136565,0.5695822502105224,0.4225634774545223,0,0,,136565,41800,0.30608135320177204,0.5807573301900693,0.18311376373826332,radar__evaluation__clean__none__aNone,radar,clean,none,,q_alarm_persistence_7,adwin,0.01,5,4,complete
144753,137515,94765,16865,18,27.291988457989646,False,7238,rl,True,136565,0.5925163841394208,0.4310048371362887,0,0,,136565,42750,0.3130377475927214,0.5933844113746869,0.14960331901885143,radar__evaluation__clean__none__aNone,radar,clean,none,,q_alarm_persistence_7,adwin,0.02,5,4,complete
144753,137515,104265,25415,27,18.25388579099672,False,7238,rl,True,136565,0.6233515175923553,0.5186228985582664,0,0,,136565,33250,0.24347380368322777,0.7805805215853838,0.2371642768760463,radar__evaluation__clean__none__aNone,radar,clean,none,,q_alarm_persistence_17,adwin,0.01,1,0,complete
144753,137515,90965,19715,21,25.214372041024035,False,7238,rl,True,136565,0.5620546992274741,0.4010897221738981,0,0,,136565,46550,0.34086332515651885,0.6229998526594961,0.21480457092947086,radar__evaluation__clean__none__aNone,radar,clean,none,,q_alarm_persistence_7,adwin,0.05,5,4,complete
144753,137515,94765,22565,24,20.899534957992728,False,7238,rl,True,136565,0.5887526086478966,0.4533848451464864,0,0,,136565,42750,0.3130377475927214,0.7865183438927361,0.2318946065943664,radar__evaluation__clean__none__aNone,radar,clean,none,,q_alarm_persistence_17,adwin,0.05,1,0,complete
144753,137515,99515,23515,25,19.55618787498679,False,7238,rl,True,136565,0.6097316296269176,0.47533444481385534,0,0,,136565,38000,0.2782557756379746,0.7917636658317372,0.2058956255913822,radar__evaluation__clean__none__aNone,radar,clean,none,,q_alarm_persistence_17,adwin,0.02,1,0,complete
144753,137515,95715,18765,20,27.75444358299137,False,7238,rl,True,136565,0.5695822502105224,0.4225634774545223,0,0,,136565,41800,0.30608135320177204,0.5807573301900693,0.18311376373826332,radar__evaluation__clean__none__aNone,radar,clean,none,,q_alarm_persistence_17,adwin,0.01,5,4,complete
144753,137515,95715,30400,32,13.50122912498773,False,7238,rl,True,136565,0.6114670669644492,0.4922343486601541,0,0,,136565,41800,0.30608135320177204,0.7382643288640047,0.25110997889220465,radar__evaluation__clean__none__aNone,radar,clean,none,,q_alarm_persistence_27,adwin,0.01,1,0,complete
144753,137515,90965,19715,21,25.188835708016995,False,7238,rl,True,136565,0.5620546992274741,0.4010897221738981,0,0,,136565,46550,0.34086332515651885,0.6229998526594961,0.21480457092947086,radar__evaluation__clean__none__aNone,radar,clean,none,,q_alarm_persistence_17,adwin,0.05,5,4,complete
144753,137515,94765,16865,18,28.09829254099168,False,7238,rl,True,136565,0.5925163841394208,0.4310048371362887,0,0,,136565,42750,0.3130377475927214,0.5933844113746869,0.14960331901885143,radar__evaluation__clean__none__aNone,radar,clean,none,,q_alarm_persistence_17,adwin,0.02,5,4,complete
144753,137515,85265,31350,33,12.748064832994714,False,7238,rl,True,136565,0.5965657379269945,0.47079077252134,0,0,,136565,52250,0.38260169150221507,0.7530131133048475,0.28282990028386346,radar__evaluation__clean__none__aNone,radar,clean,none,,q_alarm_persistence_27,adwin,0.05,1,0,complete
144753,137515,71015,19950,21,14.712571209005546,False,7238,rl,True,136565,0.527770658660711,0.30247686539556257,0,0,,136565,66500,0.48694760736645554,0.45902460586415206,0.18382706164931945,radar__evaluation__clean__none__aNone,radar,clean,none,,q_alarm_persistence_27,adwin,0.01,5,4,complete
144753,137515,91915,30400,32,12.694382582994876,False,7238,rl,True,136565,0.5975616007029619,0.4838421144461371,0,0,,136565,45600,0.3339069307655695,0.7422425224694268,0.2691898973724434,radar__evaluation__clean__none__aNone,radar,clean,none,,q_alarm_persistence_27,adwin,0.02,1,0,complete
144753,137515,69115,15200,16,15.822426291997544,False,7238,rl,True,136565,0.5430966938820342,0.333532020487943,0,0,,136565,68400,0.5008603961483543,0.6289524090172388,0.224092000873426,radar__evaluation__clean__none__aNone,radar,clean,none,,q_alarm_persistence_27,adwin,0.02,5,4,complete
144753,137515,66265,16150,17,16.59728441698826,False,7238,rl,True,136565,0.5336726101124006,0.33026759478547363,0,0,,136565,71250,0.5217295793212023,0.6168115514955061,0.24403522818254603,radar__evaluation__clean__none__aNone,radar,clean,none,,q_alarm_persistence_27,adwin,0.05,5,4,complete
144753,137515,125165,0,0,50.08781666701543,False,7238,none,True,136565,0.6843774027020101,0.5371036348088086,0,0,,136565,12350,0.09043312708234175,0.7524974215411817,0.09978892204672829,radar__evaluation__clean__none__aNone,radar,clean,none,,no_reset,hddm_w,0.01,1,0,complete
144753,137515,117565,0,0,45.90362966700923,False,7238,none,True,136565,0.6631420935085857,0.46119576139415674,0,0,,136565,19950,0.14608428220993666,0.8432149697951967,0.09377683965354101,radar__evaluation__clean__none__aNone,radar,clean,none,,no_reset,hddm_w,0.05,1,0,complete
144753,137515,129915,0,0,48.089011000003666,False,7238,none,True,136565,0.6628418701717131,0.5019406877775326,0,0,,136565,7600,0.05565115512759492,0.7697509945484013,0.10488390712570056,radar__evaluation__clean__none__aNone,radar,clean,none,,no_reset,hddm_w,0.01,5,4,complete
144753,137515,113765,0,0,46.262668458977714,False,7238,none,True,136565,0.6544209716984586,0.4525471095189354,0,0,,136565,23750,0.17390985977373413,0.7759245616620009,0.11051750491302133,radar__evaluation__clean__none__aNone,radar,clean,none,,no_reset,hddm_w,0.02,1,0,complete
144753,137515,124215,0,0,49.199087999993935,False,7238,none,True,136565,0.6113499066378647,0.38936175652723426,0,0,,136565,13300,0.09738952147329111,0.7321939001031383,0.10795545527330956,radar__evaluation__clean__none__aNone,radar,clean,none,,no_reset,hddm_w,0.02,5,4,complete
144753,162215,128965,19950,7,25.52730725001311,False,7238,confirmed,True,136565,0.6348039395159814,0.44428176361913746,0,0,,136565,19000,0.1391278878189873,0.6455134816561072,0.19935948759007205,radar__evaluation__clean__none__aNone,radar,clean,none,,confirmed,hddm_w,0.01,1,0,complete
144753,160315,116615,8550,3,28.751219333003974,False,7238,confirmed,True,136565,0.6384359096400981,0.44883114769864585,0,0,,136565,24700,0.1808662541646835,0.6178724031236187,0.17053642914331466,radar__evaluation__clean__none__aNone,radar,clean,none,,confirmed,hddm_w,0.01,5,4,complete
144753,166015,109965,17100,6,27.18756708300498,False,7238,confirmed,True,136565,0.6043861897265038,0.4617783336586496,0,0,,136565,35150,0.2573865924651265,0.7712980698393989,0.21267923429652813,radar__evaluation__clean__none__aNone,radar,clean,none,,confirmed,hddm_w,0.05,1,0,complete
144753,166015,125165,19950,7,26.025227083999198,False,7238,confirmed,True,136565,0.636121993190056,0.5217636266376539,0,0,,136565,19950,0.14608428220993666,0.7723883895682924,0.23145789358759736,radar__evaluation__clean__none__aNone,radar,clean,none,,confirmed,hddm_w,0.02,1,0,complete
144753,137515,120415,0,0,52.787220124999294,False,7238,none,True,136565,0.6540768132391169,0.4544688836295717,0,0,,136565,17100,0.12521509903708858,0.8101222926182408,0.10795545527330956,radar__evaluation__clean__none__aNone,radar,clean,none,,no_reset,hddm_w,0.05,5,4,complete
144753,137515,95715,30400,32,14.210114209010499,False,7238,rl,True,136565,0.6114670669644492,0.4922343486601541,0,0,,136565,41800,0.30608135320177204,0.7382643288640047,0.25110997889220465,radar__evaluation__clean__none__aNone,radar,clean,none,,error_rule,hddm_w,0.01,1,0,complete
144753,164115,109965,8550,3,32.179941083013546,False,7238,confirmed,True,136565,0.5563431333064841,0.3716386271708411,0,0,,136565,31350,0.22956101490132905,0.6050685133343155,0.2657835359196448,radar__evaluation__clean__none__aNone,radar,clean,none,,confirmed,hddm_w,0.02,5,4,complete
144753,137515,91915,30400,32,13.292491917003645,False,7238,rl,True,136565,0.5975616007029619,0.4838421144461371,0,0,,136565,45600,0.3339069307655695,0.7422425224694268,0.2691898973724434,radar__evaluation__clean__none__aNone,radar,clean,none,,error_rule,hddm_w,0.02,1,0,complete
144753,137515,85265,31350,33,13.22442758300167,False,7238,rl,True,136565,0.5965657379269945,0.47079077252134,0,0,,136565,52250,0.38260169150221507,0.7530131133048475,0.28282990028386346,radar__evaluation__clean__none__aNone,radar,clean,none,,error_rule,hddm_w,0.05,1,0,complete
144753,137515,71015,19950,21,14.888256417005323,False,7238,rl,True,136565,0.527770658660711,0.30247686539556257,0,0,,136565,66500,0.48694760736645554,0.45902460586415206,0.18382706164931945,radar__evaluation__clean__none__aNone,radar,clean,none,,error_rule,hddm_w,0.01,5,4,complete
144753,171715,101415,2850,1,33.39983133299393,False,7238,confirmed,True,136565,0.5548346941017098,0.3273848252602996,0,0,,136565,38000,0.2782557756379746,0.649152792102549,0.17775675085522963,radar__evaluation__clean__none__aNone,radar,clean,none,,confirmed,hddm_w,0.05,5,4,complete
144753,137515,69115,15200,16,16.246962916018674,False,7238,rl,True,136565,0.5430966938820342,0.333532020487943,0,0,,136565,68400,0.5008603961483543,0.6289524090172388,0.224092000873426,radar__evaluation__clean__none__aNone,radar,clean,none,,error_rule,hddm_w,0.02,5,4,complete
144753,137515,66265,16150,17,16.94174220901914,False,7238,rl,True,136565,0.5336726101124006,0.33026759478547363,0,0,,136565,71250,0.5217295793212023,0.6168115514955061,0.24403522818254603,radar__evaluation__clean__none__aNone,radar,clean,none,,error_rule,hddm_w,0.05,5,4,complete
144753,137515,107115,19000,20,18.531928582990076,False,7238,rl,True,136565,0.6514260608501447,0.5308100123292412,0,0,,136565,30400,0.22260462051037969,0.7997495211433623,0.24198267705073148,radar__evaluation__clean__none__aNone,radar,clean,none,,selected_map,hddm_w,0.01,1,0,complete
144753,137515,87165,24700,26,14.682857791005517,False,7238,rl,True,136565,0.6115915498114451,0.46849736288626026,0,0,,136565,50350,0.36868890272031635,0.7225283630470016,0.22946357085668534,radar__evaluation__clean__none__aNone,radar,clean,none,,selected_map,hddm_w,0.05,1,0,complete
144753,137515,80515,13300,14,19.45279287500307,False,7238,rl,True,136565,0.5305605389375023,0.3322679084047767,0,0,,136565,57000,0.4173836634569619,0.6249447473110358,0.2484605866511391,radar__evaluation__clean__none__aNone,radar,clean,none,,selected_map,hddm_w,0.01,5,4,complete
144753,137515,101415,19950,21,16.596584124985384,False,7238,rl,True,136565,0.6442939259693187,0.5219815160474223,0,0,,136565,36100,0.2643429868560759,0.8104611757772212,0.23576679525438532,radar__evaluation__clean__none__aNone,radar,clean,none,,selected_map,hddm_w,0.02,1,0,complete
144753,137515,80515,13300,14,20.384941333002644,False,7238,rl,True,136565,0.5491304507011313,0.3464110932557824,0,0,,136565,57000,0.4173836634569619,0.7391483718874319,0.2562631923720795,radar__evaluation__clean__none__aNone,radar,clean,none,,selected_map,hddm_w,0.02,5,4,complete
144753,137515,77665,12350,13,20.616156917007174,False,7238,rl,True,136565,0.5664115988723318,0.3541248952115622,0,0,,136565,59850,0.43825284662980996,0.7383674672167378,0.22192299293980638,radar__evaluation__clean__none__aNone,radar,clean,none,,selected_map,hddm_w,0.05,5,4,complete
144753,137515,96665,14250,15,18.01593358401442,False,7238,rl,True,136565,0.6276498370739209,0.5083647841655932,0,0,,136565,40850,0.2991249588108227,0.7466332694857817,0.24131305044035228,radar__evaluation__clean__none__aNone,radar,clean,none,,q_alarm_persistence_7,hddm_w,0.01,1,0,complete
144753,137515,93815,13300,14,19.971898082992993,False,7238,rl,True,136565,0.5994361659283125,0.46958670352709536,0,0,,136565,43700,0.31999414198367077,0.7261824075438338,0.2228837615546983,radar__evaluation__clean__none__aNone,radar,clean,none,,q_alarm_persistence_7,hddm_w,0.05,1,0,complete
144753,137515,82415,10450,11,18.327536625001812,False,7238,rl,True,136565,0.5863727895141507,0.3928723953479053,0,0,,136565,55100,0.40347087467506315,0.5736113157506999,0.13092655942936168,radar__evaluation__clean__none__aNone,radar,clean,none,,q_alarm_persistence_7,hddm_w,0.01,5,4,complete
144753,137515,95715,11400,12,19.05427433300065,False,7238,rl,True,136565,0.6059751766558049,0.49767221107978116,0,0,,136565,41800,0.30608135320177204,0.7400618830116399,0.2541378557391368,radar__evaluation__clean__none__aNone,radar,clean,none,,q_alarm_persistence_7,hddm_w,0.02,1,0,complete
144753,137515,63650,10450,11,18.475704874988878,False,7238,rl,True,136565,0.5427232453410464,0.32739789148359755,0,0,,136565,73865,0.540877970197342,0.47359658170030944,0.12434675012737463,radar__evaluation__clean__none__aNone,radar,clean,none,,q_alarm_persistence_7,hddm_w,0.05,5,4,complete
144753,137515,81465,9500,10,22.144888041977538,False,7238,rl,True,136565,0.562164537033647,0.41607478077863436,0,0,,136565,56050,0.4104272690660125,0.6142625607779578,0.200160128102482,radar__evaluation__clean__none__aNone,radar,clean,none,,q_alarm_persistence_7,hddm_w,0.02,5,4,complete
144753,137515,107115,19000,20,18.352210084005492,False,7238,rl,True,136565,0.6514260608501447,0.5308100123292412,0,0,,136565,30400,0.22260462051037969,0.7997495211433623,0.24198267705073148,radar__evaluation__clean__none__aNone,radar,clean,none,,q_alarm_persistence_17,hddm_w,0.01,1,0,complete
144753,137515,87165,24700,26,14.484248624998145,False,7238,rl,True,136565,0.6115915498114451,0.46849736288626026,0,0,,136565,50350,0.36868890272031635,0.7225283630470016,0.22946357085668534,radar__evaluation__clean__none__aNone,radar,clean,none,,q_alarm_persistence_17,hddm_w,0.05,1,0,complete
144753,137515,101415,19950,21,16.621528499992564,False,7238,rl,True,136565,0.6442939259693187,0.5219815160474223,0,0,,136565,36100,0.2643429868560759,0.8104611757772212,0.23576679525438532,radar__evaluation__clean__none__aNone,radar,clean,none,,q_alarm_persistence_17,hddm_w,0.02,1,0,complete
144753,137515,80515,13300,14,20.302167332993122,False,7238,rl,True,136565,0.5305605389375023,0.3322679084047767,0,0,,136565,57000,0.4173836634569619,0.6249447473110358,0.2484605866511391,radar__evaluation__clean__none__aNone,radar,clean,none,,q_alarm_persistence_17,hddm_w,0.01,5,4,complete
144753,137515,80515,13300,14,20.151654249988496,False,7238,rl,True,136565,0.5491304507011313,0.3464110932557824,0,0,,136565,57000,0.4173836634569619,0.7391483718874319,0.2562631923720795,radar__evaluation__clean__none__aNone,radar,clean,none,,q_alarm_persistence_17,hddm_w,0.02,5,4,complete
144753,137515,77665,12350,13,20.466435250011273,False,7238,rl,True,136565,0.5664115988723318,0.3541248952115622,0,0,,136565,59850,0.43825284662980996,0.7383674672167378,0.22192299293980638,radar__evaluation__clean__none__aNone,radar,clean,none,,q_alarm_persistence_17,hddm_w,0.05,5,4,complete
144753,137515,80515,79565,84,11.101008458004799,False,7238,rl,True,136565,0.5796726833376048,0.4636617888657184,0,0,,136565,57000,0.4173836634569619,0.5974657433328422,0.2623771744668462,radar__evaluation__clean__none__aNone,radar,clean,none,,q_alarm_persistence_27,hddm_w,0.01,1,0,complete
144753,137515,75765,74815,79,11.134747499992955,False,7238,rl,True,136565,0.5782521143777688,0.46529058898186504,0,0,,136565,61750,0.45216563541170873,0.6711359952851039,0.30986243540286773,radar__evaluation__clean__none__aNone,radar,clean,none,,q_alarm_persistence_27,hddm_w,0.05,1,0,complete
144753,137515,64365,63415,67,11.485401125013595,False,7238,rl,True,136565,0.5047266869256398,0.29727999586768306,0,0,,136565,73150,0.5356423681031011,0.47101812288198025,0.24142950724215737,radar__evaluation__clean__none__aNone,radar,clean,none,,q_alarm_persistence_27,hddm_w,0.01,5,4,complete
144753,137515,77665,76715,81,10.86601850000443,False,7238,rl,True,136565,0.5717790063339802,0.4534064696428741,0,0,,136565,59850,0.43825284662980996,0.6591130101664948,0.297168644006114,radar__evaluation__clean__none__aNone,radar,clean,none,,q_alarm_persistence_27,hddm_w,0.02,1,0,complete
144753,137515,58665,57715,61,11.16171895901789,False,7238,rl,True,136565,0.504785267088932,0.29072682648447157,0,0,,136565,78850,0.5773807344487972,0.45355827316929426,0.2250818836887692,radar__evaluation__clean__none__aNone,radar,clean,none,,q_alarm_persistence_27,hddm_w,0.02,5,4,complete
144753,137515,59615,58665,62,11.3001938330126,False,7238,rl,True,136565,0.5117416614798814,0.2931298072805125,0,0,,136565,77900,0.5704243400578479,0.45355827316929426,0.2112526384744159,radar__evaluation__clean__none__aNone,radar,clean,none,,q_alarm_persistence_27,hddm_w,0.05,5,4,complete
144753,137515,125165,0,0,51.357694499980425,False,7238,none,True,136565,0.6843774027020101,0.5371036348088086,0,0,,136565,12350,0.09043312708234175,0.7524974215411817,0.09978892204672829,radar__evaluation__clean__none__aNone,radar,clean,none,,no_reset,hellinger,0.01,1,0,complete
144753,137515,117565,0,0,45.66309420799371,False,7238,none,True,136565,0.6631420935085857,0.46119576139415674,0,0,,136565,19950,0.14608428220993666,0.8432149697951967,0.09377683965354101,radar__evaluation__clean__none__aNone,radar,clean,none,,no_reset,hellinger,0.05,1,0,complete
144753,137515,129915,0,0,48.68533466698136,False,7238,none,True,136565,0.6628418701717131,0.5019406877775326,0,0,,136565,7600,0.05565115512759492,0.7697509945484013,0.10488390712570056,radar__evaluation__clean__none__aNone,radar,clean,none,,no_reset,hellinger,0.01,5,4,complete
144753,137515,113765,0,0,46.75580995800556,False,7238,none,True,136565,0.6544209716984586,0.4525471095189354,0,0,,136565,23750,0.17390985977373413,0.7759245616620009,0.11051750491302133,radar__evaluation__clean__none__aNone,radar,clean,none,,no_reset,hellinger,0.02,1,0,complete
144753,137515,124215,0,0,47.227139041002374,False,7238,none,True,136565,0.6113499066378647,0.38936175652723426,0,0,,136565,13300,0.09738952147329111,0.7321939001031383,0.10795545527330956,radar__evaluation__clean__none__aNone,radar,clean,none,,no_reset,hellinger,0.02,5,4,complete
144753,147015,126115,11400,4,30.772959416994127,False,7238,confirmed,True,136565,0.6300443012484898,0.4382349137679747,0,0,,136565,17100,0.12521509903708858,0.6437601296596435,0.18120678360870515,radar__evaluation__clean__none__aNone,radar,clean,none,,confirmed,hellinger,0.01,1,0,complete
144753,145115,120415,8550,3,31.484596082998905,False,7238,confirmed,True,136565,0.6104199465456009,0.4956822260699811,0,0,,136565,20900,0.15304067660088602,0.6374981582437012,0.19975252929616422,radar__evaluation__clean__none__aNone,radar,clean,none,,confirmed,hellinger,0.02,1,0,complete
144753,141315,113765,5700,2,34.99608112500573,False,7238,confirmed,True,136565,0.6215941126935891,0.521195681655464,0,0,,136565,26600,0.19477904294658221,0.650847207897451,0.22177742193755004,radar__evaluation__clean__none__aNone,radar,clean,none,,confirmed,hellinger,0.05,1,0,complete
144753,147015,121365,5700,2,37.76830749999499,False,7238,confirmed,True,136565,0.552608647896606,0.38265387984589017,0,0,,136565,19950,0.14608428220993666,0.609871813761603,0.25962588252420116,radar__evaluation__clean__none__aNone,radar,clean,none,,confirmed,hellinger,0.01,5,4,complete
144753,137515,120415,0,0,53.81650979098049,False,7238,none,True,136565,0.6540768132391169,0.4544688836295717,0,0,,136565,17100,0.12521509903708858,0.8101222926182408,0.10795545527330956,radar__evaluation__clean__none__aNone,radar,clean,none,,no_reset,hellinger,0.05,5,4,complete
144753,137515,95715,30400,32,13.574252791993786,False,7238,rl,True,136565,0.6114670669644492,0.4922343486601541,0,0,,136565,41800,0.30608135320177204,0.7382643288640047,0.25110997889220465,radar__evaluation__clean__none__aNone,radar,clean,none,,error_rule,hellinger,0.01,1,0,complete
144753,137515,91915,30400,32,12.672261916013667,False,7238,rl,True,136565,0.5975616007029619,0.4838421144461371,0,0,,136565,45600,0.3339069307655695,0.7422425224694268,0.2691898973724434,radar__evaluation__clean__none__aNone,radar,clean,none,,error_rule,hellinger,0.02,1,0,complete
144753,137515,71015,19950,21,14.844104999996489,False,7238,rl,True,136565,0.527770658660711,0.30247686539556257,0,0,,136565,66500,0.48694760736645554,0.45902460586415206,0.18382706164931945,radar__evaluation__clean__none__aNone,radar,clean,none,,error_rule,hellinger,0.01,5,4,complete
144753,137515,85265,31350,33,12.944062208000105,False,7238,rl,True,136565,0.5965657379269945,0.47079077252134,0,0,,136565,52250,0.38260169150221507,0.7530131133048475,0.28282990028386346,radar__evaluation__clean__none__aNone,radar,clean,none,,error_rule,hellinger,0.05,1,0,complete
144753,147015,120415,5700,2,38.10536954199779,False,7238,confirmed,True,136565,0.5619155713396551,0.3857908685563852,0,0,,136565,19950,0.14608428220993666,0.6069250036835125,0.22867748744450106,radar__evaluation__clean__none__aNone,radar,clean,none,,confirmed,hellinger,0.02,5,4,complete
144753,145115,115665,5700,2,37.541729124990525,False,7238,confirmed,True,136565,0.5711126569765314,0.3936641349589302,0,0,,136565,24700,0.1808662541646835,0.5938559009871813,0.2132906325060048,radar__evaluation__clean__none__aNone,radar,clean,none,,confirmed,hellinger,0.05,5,4,complete
144753,137515,69115,15200,16,16.07906033299514,False,7238,rl,True,136565,0.5430966938820342,0.333532020487943,0,0,,136565,68400,0.5008603961483543,0.6289524090172388,0.224092000873426,radar__evaluation__clean__none__aNone,radar,clean,none,,error_rule,hellinger,0.02,5,4,complete
144753,137515,66265,16150,17,16.722861124988412,False,7238,rl,True,136565,0.5336726101124006,0.33026759478547363,0,0,,136565,71250,0.5217295793212023,0.6168115514955061,0.24403522818254603,radar__evaluation__clean__none__aNone,radar,clean,none,,error_rule,hellinger,0.05,5,4,complete
144753,137515,94765,29450,31,13.763381249998929,False,7238,rl,True,136565,0.6193387764068392,0.49681686506348666,0,0,,136565,42750,0.3130377475927214,0.7647119493148666,0.2522308756095786,radar__evaluation__clean__none__aNone,radar,clean,none,,selected_map,hellinger,0.01,1,0,complete
144753,137515,87165,29450,31,12.831430541991722,False,7238,rl,True,136565,0.6114304543623915,0.48478532957114095,0,0,,136565,50350,0.36868890272031635,0.779608074259614,0.28386345439988353,radar__evaluation__clean__none__aNone,radar,clean,none,,selected_map,hellinger,0.05,1,0,complete
144753,137515,74815,20900,22,14.082304916984867,False,7238,rl,True,136565,0.5572071907150441,0.34992994455779836,0,0,,136565,62700,0.4591220298026581,0.5303963459555031,0.20296964844602955,radar__evaluation__clean__none__aNone,radar,clean,none,,selected_map,hellinger,0.01,5,4,complete
144753,137515,93815,28500,30,12.849992790987017,False,7238,rl,True,136565,0.612426317138359,0.497818834158963,0,0,,136565,43700,0.31999414198367077,0.7688374834241933,0.2702234514884635,radar__evaluation__clean__none__aNone,radar,clean,none,,selected_map,hellinger,0.02,1,0,complete
144753,137515,71015,14250,15,16.694209958979627,False,7238,rl,True,136565,0.6052209570534178,0.47978689133292346,0,0,,136565,66500,0.48694760736645554,0.7056136731987623,0.23038066817090036,radar__evaluation__clean__none__aNone,radar,clean,none,,selected_map,hellinger,0.02,5,4,complete
144753,137515,68165,14250,15,16.78619008298847,False,7238,rl,True,136565,0.5908688170468275,0.4716276998781601,0,0,,136565,69350,0.5078167905393036,0.7183733608368941,0.26012082393187275,radar__evaluation__clean__none__aNone,radar,clean,none,,selected_map,hellinger,0.05,5,4,complete
144753,137515,125165,0,0,49.700363500014646,False,7238,rl,True,136565,0.6843774027020101,0.5371036348088086,0,0,,136565,12350,0.09043312708234175,0.7524974215411817,0.09978892204672829,radar__evaluation__clean__none__aNone,radar,clean,none,,q_alarm_persistence_7,hellinger,0.01,1,0,complete
144753,137515,117565,0,0,45.5044401250052,False,7238,rl,True,136565,0.6631420935085857,0.46119576139415674,0,0,,136565,19950,0.14608428220993666,0.8432149697951967,0.09377683965354101,radar__evaluation__clean__none__aNone,radar,clean,none,,q_alarm_persistence_7,hellinger,0.05,1,0,complete
144753,137515,129915,0,0,48.36781254201196,False,7238,rl,True,136565,0.6628418701717131,0.5019406877775326,0,0,,136565,7600,0.05565115512759492,0.7697509945484013,0.10488390712570056,radar__evaluation__clean__none__aNone,radar,clean,none,,q_alarm_persistence_7,hellinger,0.01,5,4,complete
144753,137515,113765,0,0,48.06224587498582,False,7238,rl,True,136565,0.6544209716984586,0.4525471095189354,0,0,,136565,23750,0.17390985977373413,0.7759245616620009,0.11051750491302133,radar__evaluation__clean__none__aNone,radar,clean,none,,q_alarm_persistence_7,hellinger,0.02,1,0,complete
144753,137515,124215,0,0,48.25151341597666,False,7238,rl,True,136565,0.6113499066378647,0.38936175652723426,0,0,,136565,13300,0.09738952147329111,0.7321939001031383,0.10795545527330956,radar__evaluation__clean__none__aNone,radar,clean,none,,q_alarm_persistence_7,hellinger,0.02,5,4,complete
144753,137515,120415,0,0,51.85233120797784,False,7238,rl,True,136565,0.6540768132391169,0.4544688836295717,0,0,,136565,17100,0.12521509903708858,0.8101222926182408,0.10795545527330956,radar__evaluation__clean__none__aNone,radar,clean,none,,q_alarm_persistence_7,hellinger,0.05,5,4,complete
144753,137515,125165,0,0,49.719626209000126,False,7238,rl,True,136565,0.6843774027020101,0.5371036348088086,0,0,,136565,12350,0.09043312708234175,0.7524974215411817,0.09978892204672829,radar__evaluation__clean__none__aNone,radar,clean,none,,q_alarm_persistence_17,hellinger,0.01,1,0,complete
144753,137515,117565,0,0,45.82023066599504,False,7238,rl,True,136565,0.6631420935085857,0.46119576139415674,0,0,,136565,19950,0.14608428220993666,0.8432149697951967,0.09377683965354101,radar__evaluation__clean__none__aNone,radar,clean,none,,q_alarm_persistence_17,hellinger,0.05,1,0,complete
144753,137515,113765,0,0,46.978541000018595,False,7238,rl,True,136565,0.6544209716984586,0.4525471095189354,0,0,,136565,23750,0.17390985977373413,0.7759245616620009,0.11051750491302133,radar__evaluation__clean__none__aNone,radar,clean,none,,q_alarm_persistence_17,hellinger,0.02,1,0,complete
144753,137515,129915,0,0,49.662107209005626,False,7238,rl,True,136565,0.6628418701717131,0.5019406877775326,0,0,,136565,7600,0.05565115512759492,0.7697509945484013,0.10488390712570056,radar__evaluation__clean__none__aNone,radar,clean,none,,q_alarm_persistence_17,hellinger,0.01,5,4,complete
144753,137515,96665,28500,30,13.82121624998399,False,7238,rl,True,136565,0.6197561600702962,0.4984592812184471,0,0,,136565,40850,0.2991249588108227,0.7653013113304847,0.25295873062086033,radar__evaluation__clean__none__aNone,radar,clean,none,,q_alarm_persistence_27,hellinger,0.01,1,0,complete
144753,137515,74815,20900,22,14.48949987499509,False,7238,rl,True,136565,0.5572071907150441,0.34992994455779836,0,0,,136565,62700,0.4591220298026581,0.5303963459555031,0.20296964844602955,radar__evaluation__clean__none__aNone,radar,clean,none,,q_alarm_persistence_27,hellinger,0.01,5,4,complete
144753,137515,93815,27550,29,12.878546917025233,False,7238,rl,True,136565,0.6127777981181123,0.4994236600724019,0,0,,136565,43700,0.31999414198367077,0.7694268454398114,0.27103864910109904,radar__evaluation__clean__none__aNone,radar,clean,none,,q_alarm_persistence_27,hellinger,0.02,1,0,complete
144753,137515,87165,28500,30,13.0720655000041,False,7238,rl,True,136565,0.6117819353421448,0.4862264172179744,0,0,,136565,50350,0.36868890272031635,0.7801974362752321,0.28467865201251913,radar__evaluation__clean__none__aNone,radar,clean,none,,q_alarm_persistence_27,hellinger,0.05,1,0,complete
144753,137515,72915,14250,15,16.55011904099956,False,7238,rl,True,136565,0.605418665104529,0.47992526610197067,0,0,,136565,64600,0.4730348185845568,0.7053926624429055,0.22998762646480822,radar__evaluation__clean__none__aNone,radar,clean,none,,q_alarm_persistence_27,hellinger,0.02,5,4,complete
144753,137515,124215,0,0,47.549007416993845,False,7238,rl,True,136565,0.6113499066378647,0.38936175652723426,0,0,,136565,13300,0.09738952147329111,0.7321939001031383,0.10795545527330956,radar__evaluation__clean__none__aNone,radar,clean,none,,q_alarm_persistence_17,hellinger,0.02,5,4,complete
144753,137515,69115,14250,15,16.544313582999166,False,7238,rl,True,136565,0.5910884926591733,0.47176000526411627,0,0,,136565,68400,0.5008603961483543,0.7181376160306469,0.25968411092510374,radar__evaluation__clean__none__aNone,radar,clean,none,,q_alarm_persistence_27,hellinger,0.05,5,4,complete
144753,137515,120415,0,0,52.43725149999955,False,7238,rl,True,136565,0.6540768132391169,0.4544688836295717,0,0,,136565,17100,0.12521509903708858,0.8101222926182408,0.10795545527330956,radar__evaluation__clean__none__aNone,radar,clean,none,,q_alarm_persistence_17,hellinger,0.05,5,4,complete
144753,137515,125165,0,0,51.0566812499892,False,7238,none,True,136565,0.6843774027020101,0.5371036348088086,0,0,,136565,12350,0.09043312708234175,0.7524974215411817,0.09978892204672829,radar__evaluation__clean__none__aNone,radar,clean,none,,no_reset,d3_oof,0.01,1,0,complete
144753,137515,117565,0,0,45.68668766600604,False,7238,none,True,136565,0.6631420935085857,0.46119576139415674,0,0,,136565,19950,0.14608428220993666,0.8432149697951967,0.09377683965354101,radar__evaluation__clean__none__aNone,radar,clean,none,,no_reset,d3_oof,0.05,1,0,complete
144753,137515,129915,0,0,47.51914895797381,False,7238,none,True,136565,0.6628418701717131,0.5019406877775326,0,0,,136565,7600,0.05565115512759492,0.7697509945484013,0.10488390712570056,radar__evaluation__clean__none__aNone,radar,clean,none,,no_reset,d3_oof,0.01,5,4,complete
144753,137515,113765,0,0,46.85231862499495,False,7238,none,True,136565,0.6544209716984586,0.4525471095189354,0,0,,136565,23750,0.17390985977373413,0.7759245616620009,0.11051750491302133,radar__evaluation__clean__none__aNone,radar,clean,none,,no_reset,d3_oof,0.02,1,0,complete
144753,137515,124215,0,0,47.61979995798902,False,7238,none,True,136565,0.6113499066378647,0.38936175652723426,0,0,,136565,13300,0.09738952147329111,0.7321939001031383,0.10795545527330956,radar__evaluation__clean__none__aNone,radar,clean,none,,no_reset,d3_oof,0.02,5,4,complete
144753,143215,119465,5700,2,40.59288066599402,False,7238,confirmed,True,136565,0.5585472119503533,0.36717053109123454,0,0,,136565,20900,0.15304067660088602,0.5956534551348166,0.20746779241575078,radar__evaluation__clean__none__aNone,radar,clean,none,,confirmed,d3_oof,0.01,5,4,complete
144753,143215,124215,5700,2,45.95944587502163,False,7238,confirmed,True,136565,0.6232563248270054,0.40061131145136386,0,0,,136565,14250,0.10434591586424047,0.647163695299838,0.13046073222214136,radar__evaluation__clean__none__aNone,radar,clean,none,,confirmed,d3_oof,0.01,1,0,complete
144753,141315,116615,0,0,49.154395458012004,False,7238,confirmed,True,136565,0.6774136857906491,0.4811846772472663,0,0,,136565,20900,0.15304067660088602,0.8459849712686017,0.09607686148919135,radar__evaluation__clean__none__aNone,radar,clean,none,,confirmed,d3_oof,0.05,1,0,complete
144753,137515,120415,0,0,53.7916992919927,False,7238,none,True,136565,0.6540768132391169,0.4544688836295717,0,0,,136565,17100,0.12521509903708858,0.8101222926182408,0.10795545527330956,radar__evaluation__clean__none__aNone,radar,clean,none,,no_reset,d3_oof,0.05,5,4,complete
144753,143215,110915,2850,1,40.70766575000016,False,7238,confirmed,True,136565,0.6719803756452971,0.5076872116608724,0,0,,136565,26600,0.19477904294658221,0.7766317960807426,0.16500473105757332,radar__evaluation__clean__none__aNone,radar,clean,none,,confirmed,d3_oof,0.02,1,0,complete
144753,137515,95715,30400,32,14.731812167010503,False,7238,rl,True,136565,0.6114670669644492,0.4922343486601541,0,0,,136565,41800,0.30608135320177204,0.7382643288640047,0.25110997889220465,radar__evaluation__clean__none__aNone,radar,clean,none,,error_rule,d3_oof,0.01,1,0,complete
144753,137515,71015,19950,21,16.043817957979627,False,7238,rl,True,136565,0.527770658660711,0.30247686539556257,0,0,,136565,66500,0.48694760736645554,0.45902460586415206,0.18382706164931945,radar__evaluation__clean__none__aNone,radar,clean,none,,error_rule,d3_oof,0.01,5,4,complete
144753,137515,91915,30400,32,13.620806666993303,False,7238,rl,True,136565,0.5975616007029619,0.4838421144461371,0,0,,136565,45600,0.3339069307655695,0.7422425224694268,0.2691898973724434,radar__evaluation__clean__none__aNone,radar,clean,none,,error_rule,d3_oof,0.02,1,0,complete
144753,137515,85265,31350,33,13.346947750003892,False,7238,rl,True,136565,0.5965657379269945,0.47079077252134,0,0,,136565,52250,0.38260169150221507,0.7530131133048475,0.28282990028386346,radar__evaluation__clean__none__aNone,radar,clean,none,,error_rule,d3_oof,0.05,1,0,complete
144753,143215,118515,5700,2,40.98952254100004,False,7238,confirmed,True,136565,0.5560062973675539,0.3688654273261974,0,0,,136565,20900,0.15304067660088602,0.5792986592014144,0.21394570201615837,radar__evaluation__clean__none__aNone,radar,clean,none,,confirmed,d3_oof,0.02,5,4,complete
144753,137515,69115,15200,16,17.850954416004242,False,7238,rl,True,136565,0.5430966938820342,0.333532020487943,0,0,,136565,68400,0.5008603961483543,0.6289524090172388,0.224092000873426,radar__evaluation__clean__none__aNone,radar,clean,none,,error_rule,d3_oof,0.02,5,4,complete
144753,143215,110915,5700,2,39.34004524999182,False,7238,confirmed,True,136565,0.624127704755977,0.39282181099085356,0,0,,136565,28500,0.20869183172848094,0.5596434359805511,0.10286047019433729,radar__evaluation__clean__none__aNone,radar,clean,none,,confirmed,d3_oof,0.05,5,4,complete
144753,137515,66265,16150,17,18.518856250011595,False,7238,rl,True,136565,0.5336726101124006,0.33026759478547363,0,0,,136565,71250,0.5217295793212023,0.6168115514955061,0.24403522818254603,radar__evaluation__clean__none__aNone,radar,clean,none,,error_rule,d3_oof,0.05,5,4,complete
144753,137515,95715,30400,32,14.513263417000417,False,7238,rl,True,136565,0.6114670669644492,0.4922343486601541,0,0,,136565,41800,0.30608135320177204,0.7382643288640047,0.25110997889220465,radar__evaluation__clean__none__aNone,radar,clean,none,,selected_map,d3_oof,0.01,1,0,complete
144753,137515,85265,31350,33,13.42841516599583,False,7238,rl,True,136565,0.5965657379269945,0.47079077252134,0,0,,136565,52250,0.38260169150221507,0.7530131133048475,0.28282990028386346,radar__evaluation__clean__none__aNone,radar,clean,none,,selected_map,d3_oof,0.05,1,0,complete
144753,137515,91915,30400,32,13.21192520900513,False,7238,rl,True,136565,0.5975616007029619,0.4838421144461371,0,0,,136565,45600,0.3339069307655695,0.7422425224694268,0.2691898973724434,radar__evaluation__clean__none__aNone,radar,clean,none,,selected_map,d3_oof,0.02,1,0,complete
144753,137515,71015,19950,21,16.096388500009198,False,7238,rl,True,136565,0.527770658660711,0.30247686539556257,0,0,,136565,66500,0.48694760736645554,0.45902460586415206,0.18382706164931945,radar__evaluation__clean__none__aNone,radar,clean,none,,selected_map,d3_oof,0.01,5,4,complete
144753,137515,90965,46315,49,15.757810250011971,False,7238,rl,True,136565,0.6288287628601765,0.539072717819878,0,0,,136565,46550,0.34086332515651885,0.7368793281273022,0.2524492321129631,radar__evaluation__clean__none__aNone,radar,clean,none,,q_alarm_persistence_7,d3_oof,0.01,1,0,complete
144753,137515,69115,15200,16,18.3652863749885,False,7238,rl,True,136565,0.5430966938820342,0.333532020487943,0,0,,136565,68400,0.5008603961483543,0.6289524090172388,0.224092000873426,radar__evaluation__clean__none__aNone,radar,clean,none,,selected_map,d3_oof,0.02,5,4,complete
144753,137515,66265,16150,17,18.29107216600096,False,7238,rl,True,136565,0.5336726101124006,0.33026759478547363,0,0,,136565,71250,0.5217295793212023,0.6168115514955061,0.24403522818254603,radar__evaluation__clean__none__aNone,radar,clean,none,,selected_map,d3_oof,0.05,5,4,complete
144753,137515,83365,40615,43,16.66501470899675,False,7238,rl,True,136565,0.611994288434079,0.5137788041326985,0,0,,136565,54150,0.3965144802841138,0.756578753499337,0.2792342965281316,radar__evaluation__clean__none__aNone,radar,clean,none,,q_alarm_persistence_7,d3_oof,0.05,1,0,complete
144753,137515,69115,35865,38,17.043273500021314,False,7238,rl,True,136565,0.5420642185040091,0.3792358532706675,0,0,,136565,68400,0.5008603961483543,0.44408427876823336,0.15522235970594658,radar__evaluation__clean__none__aNone,radar,clean,none,,q_alarm_persistence_7,d3_oof,0.01,5,4,complete
144753,137515,85265,42515,45,16.262590582977282,False,7238,rl,True,136565,0.5988357192545675,0.516184412134696,0,0,,136565,52250,0.38260169150221507,0.7490496537498158,0.3020452725817017,radar__evaluation__clean__none__aNone,radar,clean,none,,q_alarm_persistence_7,d3_oof,0.02,1,0,complete
144753,137515,68165,37765,40,16.764373749989318,False,7238,rl,True,136565,0.534192509061619,0.37016461730844086,0,0,,136565,69350,0.5078167905393036,0.41155149550611464,0.16065215809010844,radar__evaluation__clean__none__aNone,radar,clean,none,,q_alarm_persistence_7,d3_oof,0.02,5,4,complete
144753,137515,69115,38715,41,16.763067332998617,False,7238,rl,True,136565,0.5353201772049939,0.3704566585413723,0,0,,136565,68400,0.5008603961483543,0.41155149550611464,0.15841036465536065,radar__evaluation__clean__none__aNone,radar,clean,none,,q_alarm_persistence_7,d3_oof,0.05,5,4,complete
144753,137515,90965,46315,49,15.82411754198256,False,7238,rl,True,136565,0.6288287628601765,0.539072717819878,0,0,,136565,46550,0.34086332515651885,0.7368793281273022,0.2524492321129631,radar__evaluation__clean__none__aNone,radar,clean,none,,q_alarm_persistence_17,d3_oof,0.01,1,0,complete
144753,137515,83365,40615,43,16.5709477920027,False,7238,rl,True,136565,0.611994288434079,0.5137788041326985,0,0,,136565,54150,0.3965144802841138,0.756578753499337,0.2792342965281316,radar__evaluation__clean__none__aNone,radar,clean,none,,q_alarm_persistence_17,d3_oof,0.05,1,0,complete
144753,137515,69115,35865,38,16.780248292023316,False,7238,rl,True,136565,0.5420642185040091,0.3792358532706675,0,0,,136565,68400,0.5008603961483543,0.44408427876823336,0.15522235970594658,radar__evaluation__clean__none__aNone,radar,clean,none,,q_alarm_persistence_17,d3_oof,0.01,5,4,complete
144753,137515,85265,42515,45,16.747922625014326,False,7238,rl,True,136565,0.5988357192545675,0.516184412134696,0,0,,136565,52250,0.38260169150221507,0.7490496537498158,0.3020452725817017,radar__evaluation__clean__none__aNone,radar,clean,none,,q_alarm_persistence_17,d3_oof,0.02,1,0,complete
144753,137515,68165,37765,40,16.54950458399253,False,7238,rl,True,136565,0.534192509061619,0.37016461730844086,0,0,,136565,69350,0.5078167905393036,0.41155149550611464,0.16065215809010844,radar__evaluation__clean__none__aNone,radar,clean,none,,q_alarm_persistence_17,d3_oof,0.02,5,4,complete
144753,137515,69115,38715,41,16.588797083008103,False,7238,rl,True,136565,0.5353201772049939,0.3704566585413723,0,0,,136565,68400,0.5008603961483543,0.41155149550611464,0.15841036465536065,radar__evaluation__clean__none__aNone,radar,clean,none,,q_alarm_persistence_17,d3_oof,0.05,5,4,complete
144753,137515,80515,79565,84,10.51744983298704,False,7238,rl,True,136565,0.5796726833376048,0.4636617888657184,0,0,,136565,57000,0.4173836634569619,0.5974657433328422,0.2623771744668462,radar__evaluation__clean__none__aNone,radar,clean,none,,q_alarm_persistence_27,d3_oof,0.01,1,0,complete
144753,137515,75765,74815,79,10.687686334000318,False,7238,rl,True,136565,0.5782521143777688,0.46529058898186504,0,0,,136565,61750,0.45216563541170873,0.6711359952851039,0.30986243540286773,radar__evaluation__clean__none__aNone,radar,clean,none,,q_alarm_persistence_27,d3_oof,0.05,1,0,complete
144753,137515,77665,76715,81,10.285785874992143,False,7238,rl,True,136565,0.5717790063339802,0.4534064696428741,0,0,,136565,59850,0.43825284662980996,0.6591130101664948,0.297168644006114,radar__evaluation__clean__none__aNone,radar,clean,none,,q_alarm_persistence_27,d3_oof,0.02,1,0,complete
144753,137515,64365,63415,67,11.367448749981122,False,7238,rl,True,136565,0.5047266869256398,0.29727999586768306,0,0,,136565,73150,0.5356423681031011,0.47101812288198025,0.24142950724215737,radar__evaluation__clean__none__aNone,radar,clean,none,,q_alarm_persistence_27,d3_oof,0.01,5,4,complete
144753,137515,58665,57715,61,11.015754833002575,False,7238,rl,True,136565,0.504785267088932,0.29072682648447157,0,0,,136565,78850,0.5773807344487972,0.45355827316929426,0.2250818836887692,radar__evaluation__clean__none__aNone,radar,clean,none,,q_alarm_persistence_27,d3_oof,0.02,5,4,complete
144753,137515,59615,58665,62,11.02444262499921,False,7238,rl,True,136565,0.5117416614798814,0.2931298072805125,0,0,,136565,77900,0.5704243400578479,0.45355827316929426,0.2112526384744159,radar__evaluation__clean__none__aNone,radar,clean,none,,q_alarm_persistence_27,d3_oof,0.05,5,4,complete
144753,137515,126115,0,0,46.45636350000859,False,7238,none,True,136565,0.6072419726869989,0.36707821971301013,34366,31565,0.918495024151778,102199,8599,0.08413976653391912,0.5782820097244733,0.0829317999854429,radar__evaluation__instance__severe__a0,radar,instance,severe,,no_reset,adwin,0.01,5,4,complete
144753,137515,122315,0,0,49.11452299999655,False,7238,none,True,136565,0.6009226375718523,0.35897068637746704,34366,30479,0.8868940231624279,102199,11313,0.11069579937181381,0.5980551053484603,0.12095494577480166,radar__evaluation__instance__severe__a0,radar,instance,severe,,no_reset,adwin,0.05,1,0,complete
144753,137515,122315,0,0,48.84394374999101,False,7238,none,True,136565,0.5978178889173653,0.38288873708532767,34366,30566,0.8894255950648897,102199,11400,0.11154707971702267,0.5511124208044792,0.13785573913676397,radar__evaluation__instance__severe__a0,radar,instance,severe,,no_reset,adwin,0.02,1,0,complete
144753,137515,129915,0,0,51.08921258299961,False,7238,none,True,136565,0.6032804891443635,0.418893258644101,34366,32445,0.9441017284525403,102199,5679,0.05556805839587472,0.5819360542213055,0.14104374408617804,radar__evaluation__instance__severe__a0,radar,instance,severe,,no_reset,adwin,0.01,1,0,complete
144753,137515,124215,0,0,46.25442079102504,False,7238,none,True,136565,0.6006590268370373,0.3400297765348577,34366,31068,0.90403305592737,102199,10002,0.0978678852043562,0.5840135553263592,0.08303369968702234,radar__evaluation__instance__severe__a0,radar,instance,severe,,no_reset,adwin,0.02,5,4,complete
144753,167915,126115,22800,8,30.10789049998857,False,7238,confirmed,True,136565,0.5760773258155457,0.4531950676071892,34366,28100,0.8176686259675261,102199,18434,0.18037358486873648,0.6294681007809046,0.2290705291505932,radar__evaluation__instance__severe__a0,radar,instance,severe,,confirmed,adwin,0.01,1,0,complete
144753,171715,116615,22800,8,30.766460540995467,True,7238,confirmed,True,136565,0.49169992311353566,0.26160302807349184,34366,26670,0.7760577314787872,102199,22704,0.22215481560484937,0.3837630764697215,0.22853191644224471,radar__evaluation__instance__severe__a0,radar,instance,severe,,confirmed,adwin,0.01,5,4,complete
144753,162215,113765,19950,7,33.162119666987564,False,7238,confirmed,True,136565,0.5287958115183246,0.36204914137794514,34366,26285,0.7648547983472036,102199,24219,0.23697883540934842,0.5145130396345956,0.24209913385253656,radar__evaluation__instance__severe__a0,radar,instance,severe,,confirmed,adwin,0.05,1,0,complete
144753,164115,133715,31350,11,28.759429458004888,True,7238,confirmed,True,136565,0.5861750814630395,0.40590796993685346,34366,29292,0.8523540708840133,102199,14876,0.14555915419916046,0.5466038013850008,0.15293689497052187,radar__evaluation__instance__severe__a0,radar,instance,severe,,confirmed,adwin,0.02,1,0,complete
144753,137515,115665,0,0,48.97084624998388,False,7238,none,True,136565,0.5894775381686377,0.3361091938990142,34366,28837,0.8391142408194145,102199,16321,0.1596982357948708,0.5925003683512597,0.09396608195647427,radar__evaluation__instance__severe__a0,radar,instance,severe,,no_reset,adwin,0.05,5,4,complete
144753,137515,102365,35150,37,16.991008333017817,False,7238,rl,True,136565,0.5397283344927324,0.43594029201597717,34366,25438,0.7402083454577199,102199,26222,0.2565778530122604,0.6382348607632238,0.34225198340490576,radar__evaluation__instance__severe__a0,radar,instance,severe,,error_rule,adwin,0.01,1,0,complete
144753,171715,116615,22800,8,30.46976058400469,True,7238,confirmed,True,136565,0.49169992311353566,0.26160302807349184,34366,26670,0.7760577314787872,102199,22704,0.22215481560484937,0.3837630764697215,0.22853191644224471,radar__evaluation__instance__severe__a0,radar,instance,severe,,confirmed,adwin,0.02,5,4,complete
144753,169815,108065,19950,7,31.978359625005396,False,7238,confirmed,True,136565,0.513938417603339,0.271913421931381,34366,25178,0.7326427282779492,102199,26912,0.2633293867846065,0.38295270369824663,0.18994104374408619,radar__evaluation__instance__severe__a0,radar,instance,severe,,confirmed,adwin,0.05,5,4,complete
144753,137515,89065,27550,29,18.59555620800529,False,7238,rl,True,136565,0.5340533811738,0.41989391482806004,34366,22119,0.6436303323051854,102199,36203,0.35424025675397997,0.6416384264034183,0.3226290123007497,radar__evaluation__instance__severe__a0,radar,instance,severe,,error_rule,adwin,0.05,1,0,complete
144753,137515,75765,16150,17,20.623465083015617,False,7238,rl,True,136565,0.5182440596053162,0.3266960061672972,34366,18702,0.5442006634464296,102199,46086,0.45094374700339535,0.656740828053632,0.27817162821166025,radar__evaluation__instance__severe__a0,radar,instance,severe,,error_rule,adwin,0.01,5,4,complete
144753,137515,97615,32300,34,17.839140041003702,False,7238,rl,True,136565,0.557024127704756,0.4375615727909512,34366,24243,0.7054356049583891,102199,29777,0.29136292918717405,0.6386326801237661,0.3009534900647791,radar__evaluation__instance__severe__a0,radar,instance,severe,,error_rule,adwin,0.02,1,0,complete
144753,137515,75765,21850,23,19.587167333986145,False,7238,rl,True,136565,0.5068428953245707,0.3122745624400038,34366,18752,0.5456555898271548,102199,46136,0.4514329885811016,0.5654633858847797,0.2825096440788995,radar__evaluation__instance__severe__a0,radar,instance,severe,,error_rule,adwin,0.02,5,4,complete
144753,137515,69115,18050,19,19.95890500000678,False,7238,rl,True,136565,0.4848826566104053,0.2691805571513637,34366,17070,0.4967118663795612,102199,51104,0.5000440317419935,0.5688522174745838,0.2570638328844894,radar__evaluation__instance__severe__a0,radar,instance,severe,,error_rule,adwin,0.05,5,4,complete
144753,137515,108065,11400,12,28.918074540997623,False,7238,rl,True,136565,0.586013986013986,0.4567881828760906,34366,26828,0.7806552988418786,102199,21912,0.2144052290139825,0.6217474583763076,0.2305699104738336,radar__evaluation__instance__severe__a0,radar,instance,severe,,selected_map,adwin,0.01,1,0,complete
144753,137515,96665,19000,20,20.612419291996048,False,7238,rl,True,136565,0.5387178266759418,0.386490401599097,34366,24085,0.7008380375952977,102199,30569,0.2991125157780409,0.5680271106527184,0.2721449887182473,radar__evaluation__instance__severe__a0,radar,instance,severe,,selected_map,adwin,0.05,1,0,complete
144753,137515,100465,2850,3,36.42874704199494,False,7238,rl,True,136565,0.5104821879690989,0.2920053033808985,34366,24945,0.72586277134377,102199,27629,0.270345111008914,0.5555915721231767,0.21023364145862145,radar__evaluation__instance__severe__a0,radar,instance,severe,,selected_map,adwin,0.01,5,4,complete
144753,137515,101415,10450,11,28.042331333010225,False,7238,rl,True,136565,0.5624208252480504,0.42448233841326266,34366,25211,0.7336029796892277,102199,26945,0.2636522862258926,0.5770296154412848,0.23466045563723706,radar__evaluation__instance__severe__a0,radar,instance,severe,,selected_map,adwin,0.02,1,0,complete
144753,137515,94765,3800,4,31.050310416991124,False,7238,rl,True,136565,0.480225533628675,0.2680175304978905,34366,23594,0.6865506605365769,102199,31978,0.31289934343780273,0.4901134521880065,0.2601644952325497,radar__evaluation__instance__severe__a0,radar,instance,severe,,selected_map,adwin,0.02,5,4,complete
144753,137515,105215,33015,35,20.337615832977463,False,7238,rl,True,136565,0.6286603448907114,0.5296943287086029,34366,26214,0.7627888028865739,102199,24148,0.23628411236900557,0.6644467364078385,0.23534463934784192,radar__evaluation__instance__severe__a0,radar,instance,severe,,q_alarm_persistence_7,adwin,0.01,1,0,complete
144753,137515,90965,2850,3,33.86605033301748,False,7238,rl,True,136565,0.5211803902903379,0.2987758803168134,34366,22696,0.6604201827387535,102199,34880,0.34129492460787286,0.5190511271548549,0.22302933255695465,radar__evaluation__instance__severe__a0,radar,instance,severe,,selected_map,adwin,0.05,5,4,complete
144753,137515,103315,30165,32,21.98347845900571,False,7238,rl,True,136565,0.5680445209241021,0.43309768472983107,34366,25689,0.7475120758889601,102199,25523,0.24973825575592717,0.5766907322823044,0.24924667006332338,radar__evaluation__instance__severe__a0,radar,instance,severe,,q_alarm_persistence_7,adwin,0.05,1,0,complete
144753,137515,84315,14965,16,26.376055625005392,False,7238,rl,True,136565,0.5231428257606268,0.3811106116735353,34366,21009,0.6113309666530874,102199,39843,0.3898570436109942,0.5872550464122587,0.26243540286774875,radar__evaluation__instance__severe__a0,radar,instance,severe,,q_alarm_persistence_7,adwin,0.01,5,4,complete
144753,137515,107115,34915,37,20.56398862498463,False,7238,rl,True,136565,0.5799362940724198,0.44527206428594457,34366,26674,0.7761741255892451,102199,22708,0.22219395493106586,0.5793281273021954,0.25486571075041853,radar__evaluation__instance__severe__a0,radar,instance,severe,,q_alarm_persistence_7,adwin,0.02,1,0,complete
144753,137515,84315,15915,17,25.056435208010953,False,7238,rl,True,136565,0.5198550140958518,0.3727153315348956,34366,21026,0.6118256416225339,102199,39860,0.39002338574741435,0.523972299985266,0.24358395807555136,radar__evaluation__instance__severe__a0,radar,instance,severe,,q_alarm_persistence_7,adwin,0.02,5,4,complete
144753,137515,105215,33015,35,20.714501375012333,False,7238,rl,True,136565,0.6286603448907114,0.5296943287086029,34366,26214,0.7627888028865739,102199,24148,0.23628411236900557,0.6644467364078385,0.23534463934784192,radar__evaluation__instance__severe__a0,radar,instance,severe,,q_alarm_persistence_17,adwin,0.01,1,0,complete
144753,137515,82415,14965,16,27.67333870800212,False,7238,rl,True,136565,0.49672317211584227,0.34722524548356953,34366,20557,0.5981784321713322,102199,41291,0.40402547970136693,0.6035803742448799,0.3250746051386564,radar__evaluation__instance__severe__a0,radar,instance,severe,,q_alarm_persistence_7,adwin,0.05,5,4,complete
144753,137515,103315,30165,32,22.111521250000806,False,7238,rl,True,136565,0.5680445209241021,0.43309768472983107,34366,25689,0.7475120758889601,102199,25523,0.24973825575592717,0.5766907322823044,0.24924667006332338,radar__evaluation__instance__severe__a0,radar,instance,severe,,q_alarm_persistence_17,adwin,0.05,1,0,complete
144753,137515,84315,14965,16,26.751770457980456,False,7238,rl,True,136565,0.5231428257606268,0.3811106116735353,34366,21009,0.6113309666530874,102199,39843,0.3898570436109942,0.5872550464122587,0.26243540286774875,radar__evaluation__instance__severe__a0,radar,instance,severe,,q_alarm_persistence_17,adwin,0.01,5,4,complete
144753,137515,107115,34915,37,20.16056837499491,False,7238,rl,True,136565,0.5799362940724198,0.44527206428594457,34366,26674,0.7761741255892451,102199,22708,0.22219395493106586,0.5793281273021954,0.25486571075041853,radar__evaluation__instance__severe__a0,radar,instance,severe,,q_alarm_persistence_17,adwin,0.02,1,0,complete
144753,137515,102365,35150,37,17.413253875012742,False,7238,rl,True,136565,0.5397283344927324,0.43594029201597717,34366,25438,0.7402083454577199,102199,26222,0.2565778530122604,0.6382348607632238,0.34225198340490576,radar__evaluation__instance__severe__a0,radar,instance,severe,,q_alarm_persistence_27,adwin,0.01,1,0,complete
144753,137515,84315,15915,17,25.303465666016564,False,7238,rl,True,136565,0.5198550140958518,0.3727153315348956,34366,21026,0.6118256416225339,102199,39860,0.39002338574741435,0.523972299985266,0.24358395807555136,radar__evaluation__instance__severe__a0,radar,instance,severe,,q_alarm_persistence_17,adwin,0.02,5,4,complete
144753,137515,82415,14965,16,27.608237167005427,False,7238,rl,True,136565,0.49672317211584227,0.34722524548356953,34366,20557,0.5981784321713322,102199,41291,0.40402547970136693,0.6035803742448799,0.3250746051386564,radar__evaluation__instance__severe__a0,radar,instance,severe,,q_alarm_persistence_17,adwin,0.05,5,4,complete
144753,137515,89065,27550,29,18.61442654200073,False,7238,rl,True,136565,0.5340533811738,0.41989391482806004,34366,22119,0.6436303323051854,102199,36203,0.35424025675397997,0.6416384264034183,0.3226290123007497,radar__evaluation__instance__severe__a0,radar,instance,severe,,q_alarm_persistence_27,adwin,0.05,1,0,complete
144753,137515,75765,16150,17,19.869368499988923,False,7238,rl,True,136565,0.5182440596053162,0.3266960061672972,34366,18702,0.5442006634464296,102199,46086,0.45094374700339535,0.656740828053632,0.27817162821166025,radar__evaluation__instance__severe__a0,radar,instance,severe,,q_alarm_persistence_27,adwin,0.01,5,4,complete
144753,137515,97615,32300,34,18.145550541987177,False,7238,rl,True,136565,0.557024127704756,0.4375615727909512,34366,24243,0.7054356049583891,102199,29777,0.29136292918717405,0.6386326801237661,0.3009534900647791,radar__evaluation__instance__severe__a0,radar,instance,severe,,q_alarm_persistence_27,adwin,0.02,1,0,complete
144753,137515,75765,21850,23,19.564390375016956,False,7238,rl,True,136565,0.5068428953245707,0.3122745624400038,34366,18752,0.5456555898271548,102199,46136,0.4514329885811016,0.5654633858847797,0.2825096440788995,radar__evaluation__instance__severe__a0,radar,instance,severe,,q_alarm_persistence_27,adwin,0.02,5,4,complete
144753,137515,69115,18050,19,20.28405908300192,False,7238,rl,True,136565,0.4848826566104053,0.2691805571513637,34366,17070,0.4967118663795612,102199,51104,0.5000440317419935,0.5688522174745838,0.2570638328844894,radar__evaluation__instance__severe__a0,radar,instance,severe,,q_alarm_persistence_27,adwin,0.05,5,4,complete
144753,137515,129915,0,0,50.2787711659912,False,7238,none,True,136565,0.6032804891443635,0.418893258644101,34366,32445,0.9441017284525403,102199,5679,0.05556805839587472,0.5819360542213055,0.14104374408617804,radar__evaluation__instance__severe__a0,radar,instance,severe,,no_reset,hddm_w,0.01,1,0,complete
144753,137515,122315,0,0,49.3422341250116,False,7238,none,True,136565,0.6009226375718523,0.35897068637746704,34366,30479,0.8868940231624279,102199,11313,0.11069579937181381,0.5980551053484603,0.12095494577480166,radar__evaluation__instance__severe__a0,radar,instance,severe,,no_reset,hddm_w,0.05,1,0,complete
144753,137515,126115,0,0,45.45877720898716,False,7238,none,True,136565,0.6072419726869989,0.36707821971301013,34366,31565,0.918495024151778,102199,8599,0.08413976653391912,0.5782820097244733,0.0829317999854429,radar__evaluation__instance__severe__a0,radar,instance,severe,,no_reset,hddm_w,0.01,5,4,complete
144753,137515,122315,0,0,48.706230875017354,False,7238,none,True,136565,0.5978178889173653,0.38288873708532767,34366,30566,0.8894255950648897,102199,11400,0.11154707971702267,0.5511124208044792,0.13785573913676397,radar__evaluation__instance__severe__a0,radar,instance,severe,,no_reset,hddm_w,0.02,1,0,complete
144753,137515,124215,0,0,48.13618020800641,False,7238,none,True,136565,0.6006590268370373,0.3400297765348577,34366,31068,0.90403305592737,102199,10002,0.0978678852043562,0.5840135553263592,0.08303369968702234,radar__evaluation__instance__severe__a0,radar,instance,severe,,no_reset,hddm_w,0.02,5,4,complete
144753,164115,128015,28500,10,29.21341733299778,False,7238,confirmed,True,136565,0.6066927836561344,0.48070858386909743,34366,28540,0.8304719781179072,102199,16974,0.16608773079971428,0.5906733461028437,0.17893587597350608,radar__evaluation__instance__severe__a0,radar,instance,severe,,confirmed,hddm_w,0.01,1,0,complete
144753,164115,118750,17100,6,34.2073038329836,False,7238,confirmed,True,136565,0.5368286164097682,0.37550149529783067,34366,27246,0.7928184833847407,102199,21145,0.2069002632119688,0.5500221010755857,0.25322075842492175,radar__evaluation__instance__severe__a0,radar,instance,severe,,confirmed,hddm_w,0.01,5,4,complete
144753,164115,120415,25650,9,28.790440416007186,False,7238,confirmed,True,136565,0.5237213048731373,0.38826652933073014,34366,27427,0.7980853168829657,102199,20611,0.20167516316206616,0.4868130249005452,0.2523910037120606,radar__evaluation__instance__severe__a0,radar,instance,severe,,confirmed,hddm_w,0.05,1,0,complete
144753,166015,116615,25650,9,30.81137724997825,False,7238,confirmed,True,136565,0.5704829202211401,0.42502499575677677,34366,26959,0.7844672059593785,102199,22043,0.21568704194757288,0.5119935170178282,0.17750928015139383,radar__evaluation__instance__severe__a0,radar,instance,severe,,confirmed,hddm_w,0.02,1,0,complete
144753,137515,115665,0,0,46.8054359999951,False,7238,none,True,136565,0.5894775381686377,0.3361091938990142,34366,28837,0.8391142408194145,102199,16321,0.1596982357948708,0.5925003683512597,0.09396608195647427,radar__evaluation__instance__severe__a0,radar,instance,severe,,no_reset,hddm_w,0.05,5,4,complete
144753,137515,102365,35150,37,17.79119166600867,False,7238,rl,True,136565,0.5397283344927324,0.43594029201597717,34366,25438,0.7402083454577199,102199,26222,0.2565778530122604,0.6382348607632238,0.34225198340490576,radar__evaluation__instance__severe__a0,radar,instance,severe,,error_rule,hddm_w,0.01,1,0,complete
144753,137515,75765,16150,17,20.099282625014894,False,7238,rl,True,136565,0.5182440596053162,0.3266960061672972,34366,18702,0.5442006634464296,102199,46086,0.45094374700339535,0.656740828053632,0.27817162821166025,radar__evaluation__instance__severe__a0,radar,instance,severe,,error_rule,hddm_w,0.01,5,4,complete
144753,164115,109965,11400,4,36.019918667007005,False,7238,confirmed,True,136565,0.5280928495588182,0.35218774254801455,34366,26001,0.7565908165046848,102199,24885,0.24349553322439554,0.5562398703403566,0.2553606521580901,radar__evaluation__instance__severe__a0,radar,instance,severe,,confirmed,hddm_w,0.02,5,4,complete
144753,137515,89065,27550,29,18.95027454099909,False,7238,rl,True,136565,0.5340533811738,0.41989391482806004,34366,22119,0.6436303323051854,102199,36203,0.35424025675397997,0.6416384264034183,0.3226290123007497,radar__evaluation__instance__severe__a0,radar,instance,severe,,error_rule,hddm_w,0.05,1,0,complete
144753,137515,97615,32300,34,18.582627042022068,False,7238,rl,True,136565,0.557024127704756,0.4375615727909512,34366,24243,0.7054356049583891,102199,29777,0.29136292918717405,0.6386326801237661,0.3009534900647791,radar__evaluation__instance__severe__a0,radar,instance,severe,,error_rule,hddm_w,0.02,1,0,complete
144753,160315,112815,5700,2,39.64219874999253,False,7238,confirmed,True,136565,0.5455058030974261,0.3951931269239505,34366,27441,0.7984926962695688,102199,20625,0.20181215080382392,0.4936938264328864,0.2224324914477036,radar__evaluation__instance__severe__a0,radar,instance,severe,,confirmed,hddm_w,0.05,5,4,complete
144753,137515,75765,21850,23,19.429789084009826,False,7238,rl,True,136565,0.5068428953245707,0.3122745624400038,34366,18752,0.5456555898271548,102199,46136,0.4514329885811016,0.5654633858847797,0.2825096440788995,radar__evaluation__instance__severe__a0,radar,instance,severe,,error_rule,hddm_w,0.02,5,4,complete
144753,137515,69115,18050,19,20.09280304197455,False,7238,rl,True,136565,0.4848826566104053,0.2691805571513637,34366,17070,0.4967118663795612,102199,51104,0.5000440317419935,0.5688522174745838,0.2570638328844894,radar__evaluation__instance__severe__a0,radar,instance,severe,,error_rule,hddm_w,0.05,5,4,complete
144753,137515,108065,15200,16,24.42729970801156,False,7238,rl,True,136565,0.5472705305166038,0.3968952996532329,34366,26818,0.7803643135657335,102199,21902,0.21430738069844127,0.5410343303374098,0.2747798238590873,radar__evaluation__instance__severe__a0,radar,instance,severe,,selected_map,hddm_w,0.01,1,0,complete
144753,137515,88115,19000,20,22.32848433298932,False,7238,rl,True,136565,0.5572584483579248,0.44428287974630226,34366,21886,0.6368503753710062,102199,36920,0.3612559809782875,0.6766023279799617,0.31107067472159544,radar__evaluation__instance__severe__a0,radar,instance,severe,,selected_map,hddm_w,0.05,1,0,complete
144753,137515,98565,17100,18,21.57784025001456,False,7238,rl,True,136565,0.5674147841687108,0.46193564957579086,34366,24507,0.7131176162486178,102199,29091,0.28465053474104446,0.6581405628407249,0.2990901812358978,radar__evaluation__instance__severe__a0,radar,instance,severe,,selected_map,hddm_w,0.02,1,0,complete
144753,137515,97615,4750,5,30.830577332992107,False,7238,rl,True,136565,0.5507853403141362,0.3688163015658992,34366,24305,0.7072397136704883,102199,29839,0.2919695887435298,0.6459849712686018,0.2507897226872407,radar__evaluation__instance__severe__a0,radar,instance,severe,,selected_map,hddm_w,0.01,5,4,complete
144753,137515,88115,7600,8,29.97880758298561,False,7238,rl,True,136565,0.5582030534910116,0.34513331033329064,34366,21911,0.6375778385613688,102199,36945,0.3615006017671406,0.555311625165758,0.21851663148700778,radar__evaluation__instance__severe__a0,radar,instance,severe,,selected_map,hddm_w,0.02,5,4,complete
144753,137515,106165,17100,18,21.417167292005615,False,7238,rl,True,136565,0.540350748727712,0.3666204132127483,34366,26406,0.7683757201885585,102199,23390,0.22886721005097896,0.46135258582584354,0.16363636363636364,radar__evaluation__instance__severe__a0,radar,instance,severe,,q_alarm_persistence_7,hddm_w,0.01,1,0,complete
144753,137515,96665,18050,19,21.39118195901392,False,7238,rl,True,136565,0.5406582945849961,0.36786039393490044,34366,24003,0.6984519583309085,102199,30487,0.29831015959060264,0.44434949167526155,0.1653249872625373,radar__evaluation__instance__severe__a0,radar,instance,severe,,q_alarm_persistence_7,hddm_w,0.01,5,4,complete
144753,137515,97615,19950,21,21.98573133299942,False,7238,rl,True,136565,0.5070918610185626,0.31460071380093024,34366,24258,0.7058720828726066,102199,29792,0.2915097016604859,0.4223810225430971,0.1850498580682728,radar__evaluation__instance__severe__a0,radar,instance,severe,,q_alarm_persistence_7,hddm_w,0.05,1,0,complete
144753,137515,88115,3800,4,35.867581417027395,False,7238,rl,True,136565,0.5466847288836818,0.3199972847790693,34366,21910,0.6375487400337543,102199,36944,0.36149081693558643,0.544526300279947,0.19579299803479147,radar__evaluation__instance__severe__a0,radar,instance,severe,,selected_map,hddm_w,0.05,5,4,complete
144753,137515,105215,20900,22,21.49902862502495,False,7238,rl,True,136565,0.5469776297001427,0.38616757972991955,34366,26156,0.7611010882849328,102199,24090,0.23571659213886634,0.47275674082805363,0.17202125336632942,radar__evaluation__instance__severe__a0,radar,instance,severe,,q_alarm_persistence_7,hddm_w,0.02,1,0,complete
144753,137515,92865,15200,16,23.549109541985672,False,7238,rl,True,136565,0.5418884780141324,0.36256461508540666,34366,23102,0.6722341849502416,102199,33386,0.3266763862660104,0.4577132753794018,0.1600844311813087,radar__evaluation__instance__severe__a0,radar,instance,severe,,q_alarm_persistence_7,hddm_w,0.02,5,4,complete
144753,137515,92865,13300,14,25.747087041992927,False,7238,rl,True,136565,0.5418884780141324,0.3843140802902615,34366,23125,0.6729034510853751,102199,33409,0.3269014373917553,0.5257403860321203,0.22522745469102554,radar__evaluation__instance__severe__a0,radar,instance,severe,,q_alarm_persistence_7,hddm_w,0.05,5,4,complete
144753,137515,108065,15200,16,24.53512212500209,False,7238,rl,True,136565,0.5472705305166038,0.3968952996532329,34366,26818,0.7803643135657335,102199,21902,0.21430738069844127,0.5410343303374098,0.2747798238590873,radar__evaluation__instance__severe__a0,radar,instance,severe,,q_alarm_persistence_17,hddm_w,0.01,1,0,complete
144753,137515,88115,19000,20,22.741482334007742,False,7238,rl,True,136565,0.5572584483579248,0.44428287974630226,34366,21886,0.6368503753710062,102199,36920,0.3612559809782875,0.6766023279799617,0.31107067472159544,radar__evaluation__instance__severe__a0,radar,instance,severe,,q_alarm_persistence_17,hddm_w,0.05,1,0,complete
144753,137515,97615,4750,5,31.09085079099168,False,7238,rl,True,136565,0.5507853403141362,0.3688163015658992,34366,24305,0.7072397136704883,102199,29839,0.2919695887435298,0.6459849712686018,0.2507897226872407,radar__evaluation__instance__severe__a0,radar,instance,severe,,q_alarm_persistence_17,hddm_w,0.01,5,4,complete
144753,137515,98565,17100,18,21.561309499986237,False,7238,rl,True,136565,0.5674147841687108,0.46193564957579086,34366,24507,0.7131176162486178,102199,29091,0.28465053474104446,0.6581405628407249,0.2990901812358978,radar__evaluation__instance__severe__a0,radar,instance,severe,,q_alarm_persistence_17,hddm_w,0.02,1,0,complete
144753,137515,90015,89065,94,13.768298917013453,False,7238,rl,True,136565,0.5458060264342987,0.428856643047976,34366,22395,0.651661525926788,102199,35529,0.3476452802864999,0.6316045380875203,0.31705364291433147,radar__evaluation__instance__severe__a0,radar,instance,severe,,q_alarm_persistence_27,hddm_w,0.01,1,0,complete
144753,137515,88115,7600,8,29.69218012498459,False,7238,rl,True,136565,0.5582030534910116,0.34513331033329064,34366,21911,0.6375778385613688,102199,36945,0.3615006017671406,0.555311625165758,0.21851663148700778,radar__evaluation__instance__severe__a0,radar,instance,severe,,q_alarm_persistence_17,hddm_w,0.02,5,4,complete
144753,137515,76715,75765,80,14.21272258402314,False,7238,rl,True,136565,0.4897008750411892,0.2933049327313344,34366,19040,0.5540359657801315,102199,45474,0.44495543009227095,0.4618535435391189,0.2835140839944683,radar__evaluation__instance__severe__a0,radar,instance,severe,,q_alarm_persistence_27,hddm_w,0.01,5,4,complete
144753,137515,82415,81465,86,14.14672091700777,False,7238,rl,True,136565,0.5417200600446673,0.41585263600595346,34366,20472,0.5957050573240994,102199,41206,0.40319376901926635,0.6101812288198025,0.3071984860615765,radar__evaluation__instance__severe__a0,radar,instance,severe,,q_alarm_persistence_27,hddm_w,0.05,1,0,complete
144753,137515,87165,86215,91,13.579271875001723,False,7238,rl,True,136565,0.5454984805770146,0.42471136076128935,34366,21647,0.6298958272711401,102199,37631,0.3682129962132702,0.6365257109179313,0.32245432709804206,radar__evaluation__instance__severe__a0,radar,instance,severe,,q_alarm_persistence_27,hddm_w,0.02,1,0,complete
144753,137515,88115,3800,4,35.851336124993395,False,7238,rl,True,136565,0.5466847288836818,0.3199972847790693,34366,21910,0.6375487400337543,102199,36944,0.36149081693558643,0.544526300279947,0.19579299803479147,radar__evaluation__instance__severe__a0,radar,instance,severe,,q_alarm_persistence_17,hddm_w,0.05,5,4,complete
144753,137515,75765,74815,79,14.395091124984901,False,7238,rl,True,136565,0.48874162486727935,0.28981753019552026,34366,18772,0.5462375603794448,102199,46156,0.4516286852121841,0.4425666715780168,0.27585704927578425,radar__evaluation__instance__severe__a0,radar,instance,severe,,q_alarm_persistence_27,hddm_w,0.02,5,4,complete
144753,137515,75765,74815,79,14.407196499989368,False,7238,rl,True,136565,0.4940065170431663,0.29072976881457524,34366,18785,0.5466158412384333,102199,46169,0.4517558880223877,0.43683512597613083,0.26202780406143095,radar__evaluation__instance__severe__a0,radar,instance,severe,,q_alarm_persistence_27,hddm_w,0.05,5,4,complete
144753,137515,126115,0,0,46.51963845800492,False,7238,none,True,136565,0.6072419726869989,0.36707821971301013,34366,31565,0.918495024151778,102199,8599,0.08413976653391912,0.5782820097244733,0.0829317999854429,radar__evaluation__instance__severe__a0,radar,instance,severe,,no_reset,hellinger,0.01,5,4,complete
144753,137515,122315,0,0,48.83284716599155,False,7238,none,True,136565,0.6009226375718523,0.35897068637746704,34366,30479,0.8868940231624279,102199,11313,0.11069579937181381,0.5980551053484603,0.12095494577480166,radar__evaluation__instance__severe__a0,radar,instance,severe,,no_reset,hellinger,0.05,1,0,complete
144753,137515,129915,0,0,51.06059649999952,False,7238,none,True,136565,0.6032804891443635,0.418893258644101,34366,32445,0.9441017284525403,102199,5679,0.05556805839587472,0.5819360542213055,0.14104374408617804,radar__evaluation__instance__severe__a0,radar,instance,severe,,no_reset,hellinger,0.01,1,0,complete
144753,137515,124215,0,0,46.288306000002194,False,7238,none,True,136565,0.6006590268370373,0.3400297765348577,34366,31068,0.90403305592737,102199,10002,0.0978678852043562,0.5840135553263592,0.08303369968702234,radar__evaluation__instance__severe__a0,radar,instance,severe,,no_reset,hellinger,0.02,5,4,complete
144753,137515,122315,0,0,48.673784500017064,False,7238,none,True,136565,0.5978178889173653,0.38288873708532767,34366,30566,0.8894255950648897,102199,11400,0.11154707971702267,0.5511124208044792,0.13785573913676397,radar__evaluation__instance__severe__a0,radar,instance,severe,,no_reset,hellinger,0.02,1,0,complete
144753,145115,113765,8550,3,38.237343458022224,False,7238,confirmed,True,136565,0.584857027788965,0.40320008454581263,34366,27000,0.7856602455915731,102199,22084,0.216088220041292,0.642213054368646,0.17780042215590655,radar__evaluation__instance__severe__a0,radar,instance,severe,,confirmed,hellinger,0.02,1,0,complete
144753,141315,113765,5700,2,42.69705541699659,False,7238,confirmed,True,136565,0.5798557463478929,0.3813050355615536,34366,27447,0.7986672874352557,102199,20631,0.20187085979314867,0.5957123913363783,0.15800276584904288,radar__evaluation__instance__severe__a0,radar,instance,severe,,confirmed,hellinger,0.01,1,0,complete
144753,145115,110915,8550,3,34.026868584012846,False,7238,confirmed,True,136565,0.5861238238201589,0.4079550781366801,34366,26450,0.7696560554035966,102199,23434,0.22929774263936045,0.5873434507146015,0.17845549166606012,radar__evaluation__instance__severe__a0,radar,instance,severe,,confirmed,hellinger,0.05,1,0,complete
144753,150815,114715,2850,1,41.637401707994286,False,7238,confirmed,True,136565,0.6158093215684839,0.40383939485371534,34366,28442,0.8276203224116859,102199,17826,0.1744244072838286,0.568763813172241,0.1099643351044472,radar__evaluation__instance__severe__a0,radar,instance,severe,,confirmed,hellinger,0.01,5,4,complete
144753,137515,115665,0,0,48.63635308400262,False,7238,none,True,136565,0.5894775381686377,0.3361091938990142,34366,28837,0.8391142408194145,102199,16321,0.1596982357948708,0.5925003683512597,0.09396608195647427,radar__evaluation__instance__severe__a0,radar,instance,severe,,no_reset,hellinger,0.05,5,4,complete
144753,137515,102365,35150,37,17.092254375020275,False,7238,rl,True,136565,0.5397283344927324,0.43594029201597717,34366,25438,0.7402083454577199,102199,26222,0.2565778530122604,0.6382348607632238,0.34225198340490576,radar__evaluation__instance__severe__a0,radar,instance,severe,,error_rule,hellinger,0.01,1,0,complete
144753,137515,75765,16150,17,20.596286082989536,False,7238,rl,True,136565,0.5182440596053162,0.3266960061672972,34366,18702,0.5442006634464296,102199,46086,0.45094374700339535,0.656740828053632,0.27817162821166025,radar__evaluation__instance__severe__a0,radar,instance,severe,,error_rule,hellinger,0.01,5,4,complete
144753,137515,97615,32300,34,17.895834832976107,False,7238,rl,True,136565,0.557024127704756,0.4375615727909512,34366,24243,0.7054356049583891,102199,29777,0.29136292918717405,0.6386326801237661,0.3009534900647791,radar__evaluation__instance__severe__a0,radar,instance,severe,,error_rule,hellinger,0.02,1,0,complete
144753,137515,89065,27550,29,19.171800791998976,False,7238,rl,True,136565,0.5340533811738,0.41989391482806004,34366,22119,0.6436303323051854,102199,36203,0.35424025675397997,0.6416384264034183,0.3226290123007497,radar__evaluation__instance__severe__a0,radar,instance,severe,,error_rule,hellinger,0.05,1,0,complete
144753,150815,117565,2850,1,43.29477479198249,False,7238,confirmed,True,136565,0.6232709698678285,0.4030908782756789,34366,28866,0.8399580981202351,102199,16350,0.15998199590994042,0.60325622513629,0.08984642259261955,radar__evaluation__instance__severe__a0,radar,instance,severe,,confirmed,hellinger,0.02,5,4,complete
144753,148915,108065,2850,1,42.502343332977034,False,7238,confirmed,True,136565,0.5923699337311903,0.3422737856105167,34366,26396,0.7680847349124135,102199,23380,0.22876936173543772,0.5229851186091057,0.11591818909673193,radar__evaluation__instance__severe__a0,radar,instance,severe,,confirmed,hellinger,0.05,5,4,complete
144753,137515,75765,21850,23,20.25140879198443,False,7238,rl,True,136565,0.5068428953245707,0.3122745624400038,34366,18752,0.5456555898271548,102199,46136,0.4514329885811016,0.5654633858847797,0.2825096440788995,radar__evaluation__instance__severe__a0,radar,instance,severe,,error_rule,hellinger,0.02,5,4,complete
144753,137515,69115,18050,19,19.677269833016908,False,7238,rl,True,136565,0.4848826566104053,0.2691805571513637,34366,17070,0.4967118663795612,102199,51104,0.5000440317419935,0.5688522174745838,0.2570638328844894,radar__evaluation__instance__severe__a0,radar,instance,severe,,error_rule,hellinger,0.05,5,4,complete
144753,137515,100465,32300,34,18.00863266698434,False,7238,rl,True,136565,0.5515761725185809,0.44419170540403474,34366,24946,0.7258918698713845,102199,27630,0.2703548958404681,0.6386474141741565,0.3165587015066599,radar__evaluation__instance__severe__a0,radar,instance,severe,,selected_map,hellinger,0.01,1,0,complete
144753,137515,88115,26600,28,19.557049499999266,False,7238,rl,True,136565,0.5276827884157728,0.4106498882000861,34366,21917,0.6377524297270558,102199,36951,0.3615593107564653,0.620583468395462,0.32535119004294344,radar__evaluation__instance__severe__a0,radar,instance,severe,,selected_map,hellinger,0.05,1,0,complete
144753,137515,95715,29450,31,19.253300999989733,False,7238,rl,True,136565,0.5626844359828653,0.43619283409824866,34366,23756,0.6912646220101263,102199,31190,0.30518889617315237,0.6254604390747016,0.27486716646044107,radar__evaluation__instance__severe__a0,radar,instance,severe,,selected_map,hellinger,0.02,1,0,complete
144753,137515,81465,19000,20,21.7854324580112,False,7238,rl,True,136565,0.5161864313696775,0.2866980843176195,34366,20153,0.5864226270150731,102199,41837,0.40936799772991905,0.565242375128923,0.2259116384016304,radar__evaluation__instance__severe__a0,radar,instance,severe,,selected_map,hellinger,0.01,5,4,complete
144753,137515,73865,21850,23,19.298530833999394,False,7238,rl,True,136565,0.507472632079962,0.312376135104036,34366,18245,0.5309026363266018,102199,47529,0.4650632589359974,0.5651687048769707,0.2811412766576898,radar__evaluation__instance__severe__a0,radar,instance,severe,,selected_map,hellinger,0.02,5,4,complete
144753,137515,67215,17100,18,19.777506165992236,False,7238,rl,True,136565,0.4857247464577307,0.2696759633730387,34366,16563,0.4819589128790083,102199,52497,0.5136743020968894,0.5689848239280978,0.2556954654632797,radar__evaluation__instance__severe__a0,radar,instance,severe,,selected_map,hellinger,0.05,5,4,complete
144753,137515,126115,0,0,45.74364129200694,False,7238,rl,True,136565,0.6072419726869989,0.36707821971301013,34366,31565,0.918495024151778,102199,8599,0.08413976653391912,0.5782820097244733,0.0829317999854429,radar__evaluation__instance__severe__a0,radar,instance,severe,,q_alarm_persistence_7,hellinger,0.01,5,4,complete
144753,137515,122315,0,0,48.843931249997695,False,7238,rl,True,136565,0.6009226375718523,0.35897068637746704,34366,30479,0.8868940231624279,102199,11313,0.11069579937181381,0.5980551053484603,0.12095494577480166,radar__evaluation__instance__severe__a0,radar,instance,severe,,q_alarm_persistence_7,hellinger,0.05,1,0,complete
144753,137515,129915,0,0,52.5101550410036,False,7238,rl,True,136565,0.6032804891443635,0.418893258644101,34366,32445,0.9441017284525403,102199,5679,0.05556805839587472,0.5819360542213055,0.14104374408617804,radar__evaluation__instance__severe__a0,radar,instance,severe,,q_alarm_persistence_7,hellinger,0.01,1,0,complete
144753,137515,122315,0,0,48.666914375004126,False,7238,rl,True,136565,0.5978178889173653,0.38288873708532767,34366,30566,0.8894255950648897,102199,11400,0.11154707971702267,0.5511124208044792,0.13785573913676397,radar__evaluation__instance__severe__a0,radar,instance,severe,,q_alarm_persistence_7,hellinger,0.02,1,0,complete
144753,137515,124215,0,0,47.119669542007614,False,7238,rl,True,136565,0.6006590268370373,0.3400297765348577,34366,31068,0.90403305592737,102199,10002,0.0978678852043562,0.5840135553263592,0.08303369968702234,radar__evaluation__instance__severe__a0,radar,instance,severe,,q_alarm_persistence_7,hellinger,0.02,5,4,complete
144753,137515,115665,0,0,47.49180499999784,False,7238,rl,True,136565,0.5894775381686377,0.3361091938990142,34366,28837,0.8391142408194145,102199,16321,0.1596982357948708,0.5925003683512597,0.09396608195647427,radar__evaluation__instance__severe__a0,radar,instance,severe,,q_alarm_persistence_7,hellinger,0.05,5,4,complete
144753,137515,126115,0,0,44.624641041998984,False,7238,rl,True,136565,0.6072419726869989,0.36707821971301013,34366,31565,0.918495024151778,102199,8599,0.08413976653391912,0.5782820097244733,0.0829317999854429,radar__evaluation__instance__severe__a0,radar,instance,severe,,q_alarm_persistence_17,hellinger,0.01,5,4,complete
144753,137515,122315,0,0,48.40388024999993,False,7238,rl,True,136565,0.6009226375718523,0.35897068637746704,34366,30479,0.8868940231624279,102199,11313,0.11069579937181381,0.5980551053484603,0.12095494577480166,radar__evaluation__instance__severe__a0,radar,instance,severe,,q_alarm_persistence_17,hellinger,0.05,1,0,complete
144753,137515,129915,0,0,52.39719458401669,False,7238,rl,True,136565,0.6032804891443635,0.418893258644101,34366,32445,0.9441017284525403,102199,5679,0.05556805839587472,0.5819360542213055,0.14104374408617804,radar__evaluation__instance__severe__a0,radar,instance,severe,,q_alarm_persistence_17,hellinger,0.01,1,0,complete
144753,137515,122315,0,0,48.81238545902306,False,7238,rl,True,136565,0.5978178889173653,0.38288873708532767,34366,30566,0.8894255950648897,102199,11400,0.11154707971702267,0.5511124208044792,0.13785573913676397,radar__evaluation__instance__severe__a0,radar,instance,severe,,q_alarm_persistence_17,hellinger,0.02,1,0,complete
144753,137515,101415,32300,34,18.52352966699982,False,7238,rl,True,136565,0.5500823783546297,0.44362227374055635,34366,25177,0.7326136297503346,102199,26911,0.2633196019530524,0.6386474141741565,0.3195283499526894,radar__evaluation__instance__severe__a0,radar,instance,severe,,q_alarm_persistence_27,hellinger,0.01,1,0,complete
144753,137515,75765,15200,16,20.070086583000375,False,7238,rl,True,136565,0.5185003478197195,0.32712392370778554,34366,18702,0.5442006634464296,102199,46086,0.45094374700339535,0.6572712538676883,0.2781861853118859,radar__evaluation__instance__severe__a0,radar,instance,severe,,q_alarm_persistence_27,hellinger,0.01,5,4,complete
144753,137515,124215,0,0,47.37178112499532,False,7238,rl,True,136565,0.6006590268370373,0.3400297765348577,34366,31068,0.90403305592737,102199,10002,0.0978678852043562,0.5840135553263592,0.08303369968702234,radar__evaluation__instance__severe__a0,radar,instance,severe,,q_alarm_persistence_17,hellinger,0.02,5,4,complete
144753,137515,88115,23750,25,19.71012995899946,False,7238,rl,True,136565,0.5381466700838429,0.4169976555960976,34366,21855,0.6359483210149567,102199,36889,0.3609526512001096,0.6203182554884338,0.29961423684402066,radar__evaluation__instance__severe__a0,radar,instance,severe,,q_alarm_persistence_27,hellinger,0.05,1,0,complete
144753,137515,95715,29450,31,19.169118209014414,False,7238,rl,True,136565,0.562149891992824,0.4359537778580618,34366,23749,0.6910609323168247,102199,31183,0.3051204023522735,0.6259908648887579,0.27592983477691246,radar__evaluation__instance__severe__a0,radar,instance,severe,,q_alarm_persistence_27,hellinger,0.02,1,0,complete
144753,137515,115665,0,0,46.87674312500167,False,7238,rl,True,136565,0.5894775381686377,0.3361091938990142,34366,28837,0.8391142408194145,102199,16321,0.1596982357948708,0.5925003683512597,0.09396608195647427,radar__evaluation__instance__severe__a0,radar,instance,severe,,q_alarm_persistence_17,hellinger,0.05,5,4,complete
144753,137515,75765,21850,23,19.59057549998397,False,7238,rl,True,136565,0.5068428953245707,0.3122745624400038,34366,18752,0.5456555898271548,102199,46136,0.4514329885811016,0.5654633858847797,0.2825096440788995,radar__evaluation__instance__severe__a0,radar,instance,severe,,q_alarm_persistence_27,hellinger,0.02,5,4,complete
144753,137515,69115,17100,18,20.074969957990106,False,7238,rl,True,136565,0.48509500970233954,0.26956551146747865,34366,17070,0.4967118663795612,102199,51104,0.5000440317419935,0.5692795049359068,0.2570638328844894,radar__evaluation__instance__severe__a0,radar,instance,severe,,q_alarm_persistence_27,hellinger,0.05,5,4,complete
144753,137515,129915,0,0,52.287431375007145,False,7238,none,True,136565,0.6032804891443635,0.418893258644101,34366,32445,0.9441017284525403,102199,5679,0.05556805839587472,0.5819360542213055,0.14104374408617804,radar__evaluation__instance__severe__a0,radar,instance,severe,,no_reset,d3_oof,0.01,1,0,complete
144753,137515,122315,0,0,48.704613792011514,False,7238,none,True,136565,0.6009226375718523,0.35897068637746704,34366,30479,0.8868940231624279,102199,11313,0.11069579937181381,0.5980551053484603,0.12095494577480166,radar__evaluation__instance__severe__a0,radar,instance,severe,,no_reset,d3_oof,0.05,1,0,complete
144753,137515,126115,0,0,44.6551582920074,False,7238,none,True,136565,0.6072419726869989,0.36707821971301013,34366,31565,0.918495024151778,102199,8599,0.08413976653391912,0.5782820097244733,0.0829317999854429,radar__evaluation__instance__severe__a0,radar,instance,severe,,no_reset,d3_oof,0.01,5,4,complete
144753,137515,122315,0,0,48.75068020800245,False,7238,none,True,136565,0.5978178889173653,0.38288873708532767,34366,30566,0.8894255950648897,102199,11400,0.11154707971702267,0.5511124208044792,0.13785573913676397,radar__evaluation__instance__severe__a0,radar,instance,severe,,no_reset,d3_oof,0.02,1,0,complete
144753,137515,124215,0,0,47.033632167003816,False,7238,none,True,136565,0.6006590268370373,0.3400297765348577,34366,31068,0.90403305592737,102199,10002,0.0978678852043562,0.5840135553263592,0.08303369968702234,radar__evaluation__instance__severe__a0,radar,instance,severe,,no_reset,d3_oof,0.02,5,4,complete
144753,141315,127065,2850,1,45.272226792003494,False,7238,confirmed,True,136565,0.6161608025482371,0.45012055402582113,34366,31280,0.9102019437816447,102199,9264,0.09064667951741211,0.5883748342419332,0.148264065798093,radar__evaluation__instance__severe__a0,radar,instance,severe,,confirmed,d3_oof,0.01,1,0,complete
144753,145115,116615,5700,2,42.09199100002297,False,7238,confirmed,True,136565,0.5896532786585142,0.3637392629696042,34366,28415,0.8268346621660944,102199,17799,0.17416021683186725,0.5838072786208929,0.1526166387655579,radar__evaluation__instance__severe__a0,radar,instance,severe,,confirmed,d3_oof,0.01,5,4,complete
144753,143215,119465,2850,1,46.39698204099841,False,7238,confirmed,True,136565,0.5789257862556292,0.35634391946982225,34366,29553,0.8599487865913985,102199,14187,0.13881740525836847,0.6176808604685428,0.1778732076570347,radar__evaluation__instance__severe__a0,radar,instance,severe,,confirmed,d3_oof,0.05,1,0,complete
144753,137515,115665,0,0,48.54484320798656,False,7238,none,True,136565,0.5894775381686377,0.3361091938990142,34366,28837,0.8391142408194145,102199,16321,0.1596982357948708,0.5925003683512597,0.09396608195647427,radar__evaluation__instance__severe__a0,radar,instance,severe,,no_reset,d3_oof,0.05,5,4,complete
144753,143215,126115,2850,1,44.79510983300861,False,7238,confirmed,True,136565,0.5937099549664995,0.38145385006813853,34366,31039,0.9031891986265494,102199,9973,0.09758412508928659,0.5853543539118904,0.17331683528641095,radar__evaluation__instance__severe__a0,radar,instance,severe,,confirmed,d3_oof,0.02,1,0,complete
144753,137515,102365,35150,37,18.21508475000155,False,7238,rl,True,136565,0.5397283344927324,0.43594029201597717,34366,25438,0.7402083454577199,102199,26222,0.2565778530122604,0.6382348607632238,0.34225198340490576,radar__evaluation__instance__severe__a0,radar,instance,severe,,error_rule,d3_oof,0.01,1,0,complete
144753,137515,75765,16150,17,22.25042037499952,False,7238,rl,True,136565,0.5182440596053162,0.3266960061672972,34366,18702,0.5442006634464296,102199,46086,0.45094374700339535,0.656740828053632,0.27817162821166025,radar__evaluation__instance__severe__a0,radar,instance,severe,,error_rule,d3_oof,0.01,5,4,complete
144753,137515,97615,32300,34,19.295911749999505,False,7238,rl,True,136565,0.557024127704756,0.4375615727909512,34366,24243,0.7054356049583891,102199,29777,0.29136292918717405,0.6386326801237661,0.3009534900647791,radar__evaluation__instance__severe__a0,radar,instance,severe,,error_rule,d3_oof,0.02,1,0,complete
144753,137515,89065,27550,29,19.755065583987744,False,7238,rl,True,136565,0.5340533811738,0.41989391482806004,34366,22119,0.6436303323051854,102199,36203,0.35424025675397997,0.6416384264034183,0.3226290123007497,radar__evaluation__instance__severe__a0,radar,instance,severe,,error_rule,d3_oof,0.05,1,0,complete
144753,145115,123265,5700,2,41.630646584002534,False,7238,confirmed,True,136565,0.6323655402189433,0.4693036626272968,34366,30325,0.8824128499097945,102199,12109,0.11848452528889715,0.6000736702519522,0.1170245287138802,radar__evaluation__instance__severe__a0,radar,instance,severe,,confirmed,d3_oof,0.02,5,4,complete
144753,143215,110915,5700,2,41.52757441700669,False,7238,confirmed,True,136565,0.5642953904734009,0.3219178359743047,34366,27386,0.7968922772507712,102199,20570,0.20127398506834704,0.4974657433328422,0.14514884634980713,radar__evaluation__instance__severe__a0,radar,instance,severe,,confirmed,d3_oof,0.05,5,4,complete
144753,137515,75765,21850,23,21.536741250019986,False,7238,rl,True,136565,0.5068428953245707,0.3122745624400038,34366,18752,0.5456555898271548,102199,46136,0.4514329885811016,0.5654633858847797,0.2825096440788995,radar__evaluation__instance__severe__a0,radar,instance,severe,,error_rule,d3_oof,0.02,5,4,complete
144753,137515,102365,35150,37,17.643258083990077,False,7238,rl,True,136565,0.5397283344927324,0.43594029201597717,34366,25438,0.7402083454577199,102199,26222,0.2565778530122604,0.6382348607632238,0.34225198340490576,radar__evaluation__instance__severe__a0,radar,instance,severe,,selected_map,d3_oof,0.01,1,0,complete
144753,137515,69115,18050,19,22.205283125018468,False,7238,rl,True,136565,0.4848826566104053,0.2691805571513637,34366,17070,0.4967118663795612,102199,51104,0.5000440317419935,0.5688522174745838,0.2570638328844894,radar__evaluation__instance__severe__a0,radar,instance,severe,,error_rule,d3_oof,0.05,5,4,complete
144753,137515,89065,27550,29,19.37266104199807,False,7238,rl,True,136565,0.5340533811738,0.41989391482806004,34366,22119,0.6436303323051854,102199,36203,0.35424025675397997,0.6416384264034183,0.3226290123007497,radar__evaluation__instance__severe__a0,radar,instance,severe,,selected_map,d3_oof,0.05,1,0,complete
144753,137515,77665,15200,16,22.437169167009415,False,7238,rl,True,136565,0.5132427781642441,0.32573521891085044,34366,19186,0.5582843508118489,102199,44670,0.4370884255227546,0.6619861499926329,0.2879103282626101,radar__evaluation__instance__severe__a0,radar,instance,severe,,selected_map,d3_oof,0.01,5,4,complete
144753,137515,97615,32300,34,18.96334200000274,False,7238,rl,True,136565,0.557024127704756,0.4375615727909512,34366,24243,0.7054356049583891,102199,29777,0.29136292918717405,0.6386326801237661,0.3009534900647791,radar__evaluation__instance__severe__a0,radar,instance,severe,,selected_map,d3_oof,0.02,1,0,complete
144753,137515,75765,21850,23,20.168439582979772,False,7238,rl,True,136565,0.49812177351444364,0.3075838393751309,34366,18752,0.5456555898271548,102199,46136,0.4514329885811016,0.5745837630764697,0.2996870223451488,radar__evaluation__instance__severe__a0,radar,instance,severe,,selected_map,d3_oof,0.02,5,4,complete
144753,137515,100465,57715,61,17.392914083990036,False,7238,rl,True,136565,0.558583824552411,0.407070190931033,34366,25120,0.730955013676308,102199,27804,0.2720574565308858,0.49621334904965375,0.2414003930417061,radar__evaluation__instance__severe__a0,radar,instance,severe,,q_alarm_persistence_7,d3_oof,0.01,1,0,complete
144753,137515,71965,17100,18,22.6798449170019,False,7238,rl,True,136565,0.47998389045509465,0.26840916423192934,34366,17793,0.5177501018448466,102199,48977,0.47923169502637014,0.5742301458670989,0.26680253293543926,radar__evaluation__instance__severe__a0,radar,instance,severe,,selected_map,d3_oof,0.05,5,4,complete
144753,137515,91915,49165,52,18.70655912499933,False,7238,rl,True,136565,0.5571559330721635,0.3931957353522478,34366,22954,0.6679276028632951,102199,34188,0.3345238211724185,0.4791955208486813,0.22369895916733387,radar__evaluation__instance__severe__a0,radar,instance,severe,,q_alarm_persistence_7,d3_oof,0.05,1,0,complete
144753,137515,100465,52965,56,18.895467790978728,False,7238,rl,True,136565,0.5108483139896752,0.31192720962957743,34366,24996,0.7273467962521096,102199,27680,0.27084413741817437,0.4166936790923825,0.20173229492685057,radar__evaluation__instance__severe__a0,radar,instance,severe,,q_alarm_persistence_7,d3_oof,0.01,5,4,complete
144753,137515,95715,53915,57,17.73439587498433,False,7238,rl,True,136565,0.5421374437081243,0.38909220106569714,34366,23883,0.6949601350171681,102199,31317,0.3064315697805262,0.4733019006925004,0.24611689351481186,radar__evaluation__instance__severe__a0,radar,instance,severe,,q_alarm_persistence_7,d3_oof,0.02,1,0,complete
144753,137515,98565,52965,56,18.299855999997817,False,7238,rl,True,136565,0.5164280745432578,0.3228861295134721,34366,24536,0.7139614735494384,102199,29120,0.28493429485611405,0.42439958744658907,0.19454108741538687,radar__evaluation__instance__severe__a0,radar,instance,severe,,q_alarm_persistence_7,d3_oof,0.02,5,4,complete
144753,137515,90965,47265,50,20.203358708007727,False,7238,rl,True,136565,0.4944751583495039,0.3345074165930032,34366,22653,0.6591689460513298,102199,34837,0.3408741768510455,0.49664063651097684,0.2566562340781716,radar__evaluation__instance__severe__a0,radar,instance,severe,,q_alarm_persistence_7,d3_oof,0.05,5,4,complete
144753,137515,100465,57715,61,17.53837475000182,False,7238,rl,True,136565,0.558583824552411,0.407070190931033,34366,25120,0.730955013676308,102199,27804,0.2720574565308858,0.49621334904965375,0.2414003930417061,radar__evaluation__instance__severe__a0,radar,instance,severe,,q_alarm_persistence_17,d3_oof,0.01,1,0,complete
144753,137515,91915,49165,52,18.867909959008102,False,7238,rl,True,136565,0.5571559330721635,0.3931957353522478,34366,22954,0.6679276028632951,102199,34188,0.3345238211724185,0.4791955208486813,0.22369895916733387,radar__evaluation__instance__severe__a0,radar,instance,severe,,q_alarm_persistence_17,d3_oof,0.05,1,0,complete
144753,137515,100465,52965,56,18.45180533299572,False,7238,rl,True,136565,0.5108483139896752,0.31192720962957743,34366,24996,0.7273467962521096,102199,27680,0.27084413741817437,0.4166936790923825,0.20173229492685057,radar__evaluation__instance__severe__a0,radar,instance,severe,,q_alarm_persistence_17,d3_oof,0.01,5,4,complete
144753,137515,95715,53915,57,17.891466041008243,False,7238,rl,True,136565,0.5421374437081243,0.38909220106569714,34366,23883,0.6949601350171681,102199,31317,0.3064315697805262,0.4733019006925004,0.24611689351481186,radar__evaluation__instance__severe__a0,radar,instance,severe,,q_alarm_persistence_17,d3_oof,0.02,1,0,complete
144753,137515,98565,52965,56,18.789589291991433,False,7238,rl,True,136565,0.5164280745432578,0.3228861295134721,34366,24536,0.7139614735494384,102199,29120,0.28493429485611405,0.42439958744658907,0.19454108741538687,radar__evaluation__instance__severe__a0,radar,instance,severe,,q_alarm_persistence_17,d3_oof,0.02,5,4,complete
144753,137515,90015,89065,94,13.292734916991321,False,7238,rl,True,136565,0.5458060264342987,0.428856643047976,34366,22395,0.651661525926788,102199,35529,0.3476452802864999,0.6316045380875203,0.31705364291433147,radar__evaluation__instance__severe__a0,radar,instance,severe,,q_alarm_persistence_27,d3_oof,0.01,1,0,complete
144753,137515,90965,47265,50,19.86245579199749,False,7238,rl,True,136565,0.4944751583495039,0.3345074165930032,34366,22653,0.6591689460513298,102199,34837,0.3408741768510455,0.49664063651097684,0.2566562340781716,radar__evaluation__instance__severe__a0,radar,instance,severe,,q_alarm_persistence_17,d3_oof,0.05,5,4,complete
144753,137515,82415,81465,86,14.094160041990108,False,7238,rl,True,136565,0.5417200600446673,0.41585263600595346,34366,20472,0.5957050573240994,102199,41206,0.40319376901926635,0.6101812288198025,0.3071984860615765,radar__evaluation__instance__severe__a0,radar,instance,severe,,q_alarm_persistence_27,d3_oof,0.05,1,0,complete
144753,137515,76715,75765,80,14.249115790997166,False,7238,rl,True,136565,0.4897008750411892,0.2933049327313344,34366,19040,0.5540359657801315,102199,45474,0.44495543009227095,0.4618535435391189,0.2835140839944683,radar__evaluation__instance__severe__a0,radar,instance,severe,,q_alarm_persistence_27,d3_oof,0.01,5,4,complete
144753,137515,87165,86215,91,13.59163391700713,False,7238,rl,True,136565,0.5454984805770146,0.42471136076128935,34366,21647,0.6298958272711401,102199,37631,0.3682129962132702,0.6365257109179313,0.32245432709804206,radar__evaluation__instance__severe__a0,radar,instance,severe,,q_alarm_persistence_27,d3_oof,0.02,1,0,complete
144753,137515,75765,74815,79,14.190290666010696,False,7238,rl,True,136565,0.48874162486727935,0.28981753019552026,34366,18772,0.5462375603794448,102199,46156,0.4516286852121841,0.4425666715780168,0.27585704927578425,radar__evaluation__instance__severe__a0,radar,instance,severe,,q_alarm_persistence_27,d3_oof,0.02,5,4,complete
144753,137515,75765,74815,79,14.546921208995627,False,7238,rl,True,136565,0.4940065170431663,0.29072976881457524,34366,18785,0.5466158412384333,102199,46169,0.4517558880223877,0.43683512597613083,0.26202780406143095,radar__evaluation__instance__severe__a0,radar,instance,severe,,q_alarm_persistence_27,d3_oof,0.05,5,4,complete
144753,137515,128015,0,0,50.14105733399629,False,7238,none,True,136565,0.5775784424999084,0.3471818893306473,34391,32019,0.9310284667500218,102174,7128,0.06976334488225967,0.4985118609105643,0.12717082757114784,radar__evaluation__instance__severe__a1,radar,instance,severe,,no_reset,adwin,0.01,1,0,complete
144753,137515,125165,0,0,47.05547533300705,False,7238,none,True,136565,0.5776663127448468,0.29391100530796344,34391,31300,0.9101218342008084,102174,9259,0.09061992287666139,0.426742301458671,0.0982167552223597,radar__evaluation__instance__severe__a1,radar,instance,severe,,no_reset,adwin,0.05,1,0,complete
144753,137515,111865,0,0,49.970462958008284,False,7238,none,True,136565,0.5346538278475451,0.2871834742200401,34391,27858,0.810037509813614,102174,19117,0.1871023939554094,0.47769264770885517,0.13159618603974088,radar__evaluation__instance__severe__a1,radar,instance,severe,,no_reset,adwin,0.01,5,4,complete
144753,137515,121365,0,0,47.23315891699167,False,7238,none,True,136565,0.629714787829971,0.42311465968379713,34391,30311,0.8813643104300544,102174,12070,0.11813181435590267,0.6222189479888022,0.10318072639930126,radar__evaluation__instance__severe__a1,radar,instance,severe,,no_reset,adwin,0.02,1,0,complete
144753,137515,124215,0,0,47.765078666008776,False,7238,none,True,136565,0.5302163804781606,0.20971100719791114,34391,31038,0.9025035619784246,102174,9947,0.09735353416720496,0.3317224104906439,0.07197030351553971,radar__evaluation__instance__severe__a1,radar,instance,severe,,no_reset,adwin,0.02,5,4,complete
144753,164115,135615,31350,11,30.737475957983406,False,7238,confirmed,True,136565,0.5624867279317541,0.3864146299647631,34391,30330,0.8819167805530517,102174,12089,0.11831777164444966,0.48317371445410345,0.18574859887910328,radar__evaluation__instance__severe__a1,radar,instance,severe,,confirmed,adwin,0.01,1,0,complete
144753,160315,119465,14250,5,32.045065832993714,False,7238,confirmed,True,136565,0.5302310255189836,0.38495564728730436,34391,28020,0.8147480445465384,102174,19279,0.1886879245209153,0.49328127302195374,0.26504112380813744,radar__evaluation__instance__severe__a1,radar,instance,severe,,confirmed,adwin,0.01,5,4,complete
144753,164115,133715,34200,12,29.53328129199508,False,7238,confirmed,True,136565,0.5697579907003991,0.40995498333371994,34391,30156,0.8768573173213923,102174,12865,0.1259126587977372,0.5019301606011493,0.19423538831064852,radar__evaluation__instance__severe__a1,radar,instance,severe,,confirmed,adwin,0.05,1,0,complete
144753,164115,129915,28500,10,30.760001291986555,False,7238,confirmed,True,136565,0.5629919818401494,0.4004294703999532,34391,29572,0.8598761303829491,102174,14181,0.1387926478360444,0.5366877854722263,0.20803551932455056,radar__evaluation__instance__severe__a1,radar,instance,severe,,confirmed,adwin,0.02,1,0,complete
144753,137515,105215,0,0,46.870264750003116,False,7238,none,True,136565,0.5320323655402189,0.26067249216384236,34391,26176,0.761129365240906,102174,24085,0.23572533129759038,0.5257403860321203,0.14890457820802097,radar__evaluation__instance__severe__a1,radar,instance,severe,,no_reset,adwin,0.05,5,4,complete
144753,137515,103315,35150,37,17.88344879099168,False,7238,rl,True,136565,0.5464211181488668,0.4135664696103025,34391,25681,0.7467360646680817,102174,25490,0.24947638342435452,0.6060114925593045,0.27571147827352793,radar__evaluation__instance__severe__a1,radar,instance,severe,,error_rule,adwin,0.01,1,0,complete
144753,164115,113765,17100,6,35.69707320802263,False,7238,confirmed,True,136565,0.4895983597554278,0.39454182839829666,34391,25992,0.7557791282603007,102174,24851,0.2432223461937479,0.5572270517165169,0.3335905087706529,radar__evaluation__instance__severe__a1,radar,instance,severe,,confirmed,adwin,0.02,5,4,complete
144753,137515,80515,18050,19,23.53107862500474,False,7238,rl,True,136565,0.5250832936696811,0.3062025548985308,34391,20032,0.5824779738885173,102174,42641,0.41733709162800714,0.5940179755414764,0.22115146662784774,radar__evaluation__instance__severe__a1,radar,instance,severe,,error_rule,adwin,0.01,5,4,complete
144753,137515,96665,31350,33,19.24397220800165,False,7238,rl,True,136565,0.5477025592208838,0.42788581868749076,34391,24010,0.6981477712192143,102174,30469,0.29820698024937853,0.6666568439664063,0.307300385763156,radar__evaluation__instance__severe__a1,radar,instance,severe,,error_rule,adwin,0.05,1,0,complete
144753,162215,107115,8550,3,36.25233420799486,False,7238,confirmed,True,136565,0.5032402152821001,0.3321795567057305,34391,25839,0.7513302899014277,102174,25648,0.25102276508700844,0.46170620303521437,0.2357085668534828,radar__evaluation__instance__severe__a1,radar,instance,severe,,confirmed,adwin,0.05,5,4,complete
144753,137515,100465,35150,37,17.454131332982797,False,7238,rl,True,136565,0.540043202870428,0.4117322331055742,34391,24978,0.7262946701171819,102174,27637,0.27048955703016425,0.6380727862089288,0.28904578208020965,radar__evaluation__instance__severe__a1,radar,instance,severe,,error_rule,adwin,0.02,1,0,complete
144753,137515,75765,13300,14,22.161097750009503,False,7238,rl,True,136565,0.4723172115842273,0.25513081664210485,34391,18867,0.5486028321363148,102174,46226,0.4524242958091099,0.5969205834683955,0.29038503530096804,radar__evaluation__instance__severe__a1,radar,instance,severe,,error_rule,adwin,0.02,5,4,complete
144753,137515,74815,12350,13,23.791173000005074,False,7238,rl,True,136565,0.4682898253578882,0.21666225049199322,34391,18479,0.537320810677212,102174,46788,0.4579247166598156,0.5647856195668189,0.23362690152121698,radar__evaluation__instance__severe__a1,radar,instance,severe,,error_rule,adwin,0.05,5,4,complete
144753,137515,110915,15200,16,23.928352417016868,False,7238,rl,True,136565,0.5484567788232709,0.4151826289084371,34391,27655,0.8041348027100114,102174,19864,0.19441345156301995,0.5833799911595697,0.27039813669117113,radar__evaluation__instance__severe__a1,radar,instance,severe,,selected_map,adwin,0.01,1,0,complete
144753,137515,107115,15200,16,24.55531087500276,False,7238,rl,True,136565,0.563028594442207,0.4264326981806478,34391,26739,0.7774999273065628,102174,22748,0.2226398105193102,0.6336231029910122,0.2581119441007351,radar__evaluation__instance__severe__a1,radar,instance,severe,,selected_map,adwin,0.05,1,0,complete
144753,137515,91915,5700,6,30.49741283300682,False,7238,rl,True,136565,0.47113096327756016,0.3269561886206252,34391,22934,0.6668605158326306,102174,34143,0.3341652475189383,0.4436717253573007,0.25196884780551715,radar__evaluation__instance__severe__a1,radar,instance,severe,,selected_map,adwin,0.01,5,4,complete
144753,137515,109015,15200,16,23.487329374998808,False,7238,rl,True,136565,0.552037491304507,0.3945941868868267,34391,27149,0.7894216510133465,102174,21258,0.2080568442069411,0.5807573301900693,0.2333794308173812,radar__evaluation__instance__severe__a1,radar,instance,severe,,selected_map,adwin,0.02,1,0,complete
144753,137515,89300,6650,7,27.082819208997535,False,7238,rl,True,136565,0.47459451543221176,0.3210315212304927,34391,22241,0.6467098950306767,102174,36065,0.3529762953393231,0.4886989833505231,0.27472159545818475,radar__evaluation__instance__severe__a1,radar,instance,severe,,selected_map,adwin,0.02,5,4,complete
144753,137515,97615,7600,8,26.69499133300269,False,7238,rl,True,136565,0.5070259583348589,0.3339744044652192,34391,24319,0.707132680061644,102174,29828,0.2919333685673459,0.3439958744658907,0.1755440716209331,radar__evaluation__instance__severe__a1,radar,instance,severe,,selected_map,adwin,0.05,5,4,complete
144753,137515,109015,34915,37,21.204538082994986,False,7238,rl,True,136565,0.559616299930436,0.43648918561271416,34391,27147,0.7893634962635573,102174,21256,0.2080372697555151,0.5898335052305879,0.27351335613945704,radar__evaluation__instance__severe__a1,radar,instance,severe,,q_alarm_persistence_7,adwin,0.01,1,0,complete
144753,137515,101415,25415,27,22.7222783749894,False,7238,rl,True,136565,0.5402555559623623,0.37718437008969286,34391,25269,0.7347561862115088,102174,26978,0.26403977528529765,0.5047001620745543,0.23448577043452945,radar__evaluation__instance__severe__a1,radar,instance,severe,,q_alarm_persistence_7,adwin,0.05,1,0,complete
144753,137515,93815,16865,18,25.38762558301096,False,7238,rl,True,136565,0.47435287225863143,0.3027845023178899,34391,23321,0.6781134599168387,102174,32630,0.3193571750151702,0.4641815235008104,0.29465026566707914,radar__evaluation__instance__severe__a1,radar,instance,severe,,q_alarm_persistence_7,adwin,0.01,5,4,complete
144753,137515,104265,33965,36,20.91189758401015,False,7238,rl,True,136565,0.5713103650276425,0.42417448991307355,34391,25941,0.7542961821406763,102174,24800,0.24272319768238496,0.5356121997937233,0.21975398500618676,radar__evaluation__instance__severe__a1,radar,instance,severe,,q_alarm_persistence_7,adwin,0.02,1,0,complete
144753,137515,94765,15915,17,24.63865354200243,False,7238,rl,True,136565,0.46642258265294917,0.2894744587484762,34391,23603,0.6863132796371144,102174,31962,0.3128193082388866,0.40387505525268896,0.28383434019943227,radar__evaluation__instance__severe__a1,radar,instance,severe,,q_alarm_persistence_7,adwin,0.02,5,4,complete
144753,137515,87165,14965,16,27.356374833994778,False,7238,rl,True,136565,0.4778310694541061,0.2989273574106288,34391,21674,0.6302230234654416,102174,37633,0.36832266525730617,0.40947399440106086,0.2531916442244705,radar__evaluation__instance__severe__a1,radar,instance,severe,,q_alarm_persistence_7,adwin,0.05,5,4,complete
144753,137515,109015,34915,37,21.854905457992572,False,7238,rl,True,136565,0.559616299930436,0.43648918561271416,34391,27147,0.7893634962635573,102174,21256,0.2080372697555151,0.5898335052305879,0.27351335613945704,radar__evaluation__instance__severe__a1,radar,instance,severe,,q_alarm_persistence_17,adwin,0.01,1,0,complete
144753,137515,101415,25415,27,22.93557633399905,False,7238,rl,True,136565,0.5402555559623623,0.37718437008969286,34391,25269,0.7347561862115088,102174,26978,0.26403977528529765,0.5047001620745543,0.23448577043452945,radar__evaluation__instance__severe__a1,radar,instance,severe,,q_alarm_persistence_17,adwin,0.05,1,0,complete
144753,137515,93815,16865,18,24.739885667018825,False,7238,rl,True,136565,0.47435287225863143,0.3027845023178899,34391,23321,0.6781134599168387,102174,32630,0.3193571750151702,0.4641815235008104,0.29465026566707914,radar__evaluation__instance__severe__a1,radar,instance,severe,,q_alarm_persistence_17,adwin,0.01,5,4,complete
144753,137515,104265,33965,36,20.659058874996845,False,7238,rl,True,136565,0.5713103650276425,0.42417448991307355,34391,25941,0.7542961821406763,102174,24800,0.24272319768238496,0.5356121997937233,0.21975398500618676,radar__evaluation__instance__severe__a1,radar,instance,severe,,q_alarm_persistence_17,adwin,0.02,1,0,complete
144753,137515,94765,15915,17,25.038969165994786,False,7238,rl,True,136565,0.46642258265294917,0.2894744587484762,34391,23603,0.6863132796371144,102174,31962,0.3128193082388866,0.40387505525268896,0.28383434019943227,radar__evaluation__instance__severe__a1,radar,instance,severe,,q_alarm_persistence_17,adwin,0.02,5,4,complete
144753,137515,103315,35150,37,17.705012584017823,False,7238,rl,True,136565,0.5464211181488668,0.4135664696103025,34391,25681,0.7467360646680817,102174,25490,0.24947638342435452,0.6060114925593045,0.27571147827352793,radar__evaluation__instance__severe__a1,radar,instance,severe,,q_alarm_persistence_27,adwin,0.01,1,0,complete
144753,137515,87165,14965,16,27.786786166019738,False,7238,rl,True,136565,0.4778310694541061,0.2989273574106288,34391,21674,0.6302230234654416,102174,37633,0.36832266525730617,0.40947399440106086,0.2531916442244705,radar__evaluation__instance__severe__a1,radar,instance,severe,,q_alarm_persistence_17,adwin,0.05,5,4,complete
144753,137515,96665,31350,33,19.059901291999267,False,7238,rl,True,136565,0.5477025592208838,0.42788581868749076,34391,24010,0.6981477712192143,102174,30469,0.29820698024937853,0.6666568439664063,0.307300385763156,radar__evaluation__instance__severe__a1,radar,instance,severe,,q_alarm_persistence_27,adwin,0.05,1,0,complete
144753,137515,80515,18050,19,23.30102333301329,False,7238,rl,True,136565,0.5250832936696811,0.3062025548985308,34391,20032,0.5824779738885173,102174,42641,0.41733709162800714,0.5940179755414764,0.22115146662784774,radar__evaluation__instance__severe__a1,radar,instance,severe,,q_alarm_persistence_27,adwin,0.01,5,4,complete
144753,137515,100465,35150,37,17.469011166976998,False,7238,rl,True,136565,0.540043202870428,0.4117322331055742,34391,24978,0.7262946701171819,102174,27637,0.27048955703016425,0.6380727862089288,0.28904578208020965,radar__evaluation__instance__severe__a1,radar,instance,severe,,q_alarm_persistence_27,adwin,0.02,1,0,complete
144753,137515,75765,13300,14,21.734379999979865,False,7238,rl,True,136565,0.4723172115842273,0.25513081664210485,34391,18867,0.5486028321363148,102174,46226,0.4524242958091099,0.5969205834683955,0.29038503530096804,radar__evaluation__instance__severe__a1,radar,instance,severe,,q_alarm_persistence_27,adwin,0.02,5,4,complete
144753,137515,74815,12350,13,24.51870741698076,False,7238,rl,True,136565,0.4682898253578882,0.21666225049199322,34391,18479,0.537320810677212,102174,46788,0.4579247166598156,0.5647856195668189,0.23362690152121698,radar__evaluation__instance__severe__a1,radar,instance,severe,,q_alarm_persistence_27,adwin,0.05,5,4,complete
144753,137515,128015,0,0,50.11945304198889,False,7238,none,True,136565,0.5775784424999084,0.3471818893306473,34391,32019,0.9310284667500218,102174,7128,0.06976334488225967,0.4985118609105643,0.12717082757114784,radar__evaluation__instance__severe__a1,radar,instance,severe,,no_reset,hddm_w,0.01,1,0,complete
144753,137515,125165,0,0,46.39304637500027,False,7238,none,True,136565,0.5776663127448468,0.29391100530796344,34391,31300,0.9101218342008084,102174,9259,0.09061992287666139,0.426742301458671,0.0982167552223597,radar__evaluation__instance__severe__a1,radar,instance,severe,,no_reset,hddm_w,0.05,1,0,complete
144753,137515,111865,0,0,49.200143041991396,False,7238,none,True,136565,0.5346538278475451,0.2871834742200401,34391,27858,0.810037509813614,102174,19117,0.1871023939554094,0.47769264770885517,0.13159618603974088,radar__evaluation__instance__severe__a1,radar,instance,severe,,no_reset,hddm_w,0.01,5,4,complete
144753,137515,121365,0,0,47.617275332973804,False,7238,none,True,136565,0.629714787829971,0.42311465968379713,34391,30311,0.8813643104300544,102174,12070,0.11813181435590267,0.6222189479888022,0.10318072639930126,radar__evaluation__instance__severe__a1,radar,instance,severe,,no_reset,hddm_w,0.02,1,0,complete
144753,137515,124215,0,0,48.799477500026114,False,7238,none,True,136565,0.5302163804781606,0.20971100719791114,34391,31038,0.9025035619784246,102174,9947,0.09735353416720496,0.3317224104906439,0.07197030351553971,radar__evaluation__instance__severe__a1,radar,instance,severe,,no_reset,hddm_w,0.02,5,4,complete
144753,164115,138465,31350,11,30.556836666015442,True,7238,confirmed,True,136565,0.5773294768059166,0.4054786738549655,34391,30024,0.8730191038353058,102174,12733,0.12462074500362127,0.5203477235892147,0.1796491738845622,radar__evaluation__instance__severe__a1,radar,instance,severe,,confirmed,hddm_w,0.01,1,0,complete
144753,160315,116615,11400,4,31.386850000009872,True,7238,confirmed,True,136565,0.49658404422802327,0.31927696371276737,34391,27488,0.799278881102614,102174,20647,0.20207684929629846,0.3710181228819803,0.24100735133561393,radar__evaluation__instance__severe__a1,radar,instance,severe,,confirmed,hddm_w,0.01,5,4,complete
144753,164115,138465,37050,13,30.559464874997502,True,7238,confirmed,True,136565,0.5577929923479662,0.3880332101255922,34391,30129,0.8760722281992381,102174,12838,0.1256484037034862,0.5281715043465449,0.20912730184147318,radar__evaluation__instance__severe__a1,radar,instance,severe,,confirmed,hddm_w,0.05,1,0,complete
144753,137515,105215,0,0,46.24067054098123,False,7238,none,True,136565,0.5320323655402189,0.26067249216384236,34391,26176,0.761129365240906,102174,24085,0.23572533129759038,0.5257403860321203,0.14890457820802097,radar__evaluation__instance__severe__a1,radar,instance,severe,,no_reset,hddm_w,0.05,5,4,complete
144753,162215,142265,37050,13,31.384853249997832,True,7238,confirmed,True,136565,0.5615201552374327,0.40601277560783305,34391,31022,0.9020383239801111,102174,9931,0.09719693855579697,0.5446294386326801,0.22596986680253295,radar__evaluation__instance__severe__a1,radar,instance,severe,,confirmed,hddm_w,0.02,1,0,complete
144753,137515,103315,35150,37,17.749157625017688,False,7238,rl,True,136565,0.5464211181488668,0.4135664696103025,34391,25681,0.7467360646680817,102174,25490,0.24947638342435452,0.6060114925593045,0.27571147827352793,radar__evaluation__instance__severe__a1,radar,instance,severe,,error_rule,hddm_w,0.01,1,0,complete
144753,160315,115665,11400,4,31.047340124991024,True,7238,confirmed,True,136565,0.46968110423607806,0.2663129342822262,34391,27215,0.7913407577563898,102174,21324,0.20870280110399905,0.27806099896861647,0.19030497124972706,radar__evaluation__instance__severe__a1,radar,instance,severe,,confirmed,hddm_w,0.02,5,4,complete
144753,137515,80515,18050,19,24.495518957992317,False,7238,rl,True,136565,0.5250832936696811,0.3062025548985308,34391,20032,0.5824779738885173,102174,42641,0.41733709162800714,0.5940179755414764,0.22115146662784774,radar__evaluation__instance__severe__a1,radar,instance,severe,,error_rule,hddm_w,0.01,5,4,complete
144753,137515,96665,31350,33,19.56130362499971,False,7238,rl,True,136565,0.5477025592208838,0.42788581868749076,34391,24010,0.6981477712192143,102174,30469,0.29820698024937853,0.6666568439664063,0.307300385763156,radar__evaluation__instance__severe__a1,radar,instance,severe,,error_rule,hddm_w,0.05,1,0,complete
144753,160315,107115,14250,5,35.189590916997986,False,7238,confirmed,True,136565,0.499798630688683,0.3348794675768166,34391,25242,0.7339710970893548,102174,26951,0.26377552019104666,0.4849565345513482,0.25782080209622243,radar__evaluation__instance__severe__a1,radar,instance,severe,,confirmed,hddm_w,0.05,5,4,complete
144753,137515,100465,35150,37,17.384166667005047,False,7238,rl,True,136565,0.540043202870428,0.4117322331055742,34391,24978,0.7262946701171819,102174,27637,0.27048955703016425,0.6380727862089288,0.28904578208020965,radar__evaluation__instance__severe__a1,radar,instance,severe,,error_rule,hddm_w,0.02,1,0,complete
144753,137515,75765,13300,14,22.151904916012427,False,7238,rl,True,136565,0.4723172115842273,0.25513081664210485,34391,18867,0.5486028321363148,102174,46226,0.4524242958091099,0.5969205834683955,0.29038503530096804,radar__evaluation__instance__severe__a1,radar,instance,severe,,error_rule,hddm_w,0.02,5,4,complete
144753,137515,105215,20900,22,20.734482625004603,False,7238,rl,True,136565,0.5534653827847545,0.43144294737720346,34391,26206,0.7620016864877439,102174,24115,0.23601894806898036,0.6370561367319876,0.3015794453744814,radar__evaluation__instance__severe__a1,radar,instance,severe,,selected_map,hddm_w,0.01,1,0,complete
144753,137515,74815,12350,13,24.540115708019584,False,7238,rl,True,136565,0.4682898253578882,0.21666225049199322,34391,18479,0.537320810677212,102174,46788,0.4579247166598156,0.5647856195668189,0.23362690152121698,radar__evaluation__instance__severe__a1,radar,instance,severe,,error_rule,hddm_w,0.05,5,4,complete
144753,137515,95715,21850,23,20.256983250001213,False,7238,rl,True,136565,0.5560429099696116,0.42741759934228807,34391,23844,0.6933209269867117,102174,31253,0.30588016520837,0.6697509945484014,0.2849552369168062,radar__evaluation__instance__severe__a1,radar,instance,severe,,selected_map,hddm_w,0.05,1,0,complete
144753,137515,86215,7600,8,24.053103832993656,False,7238,rl,True,136565,0.5159740782777432,0.3287656612511357,34391,21508,0.6253961792329389,102174,38417,0.37599585021629767,0.626152939443053,0.2513283353955892,radar__evaluation__instance__severe__a1,radar,instance,severe,,selected_map,hddm_w,0.01,5,4,complete
144753,137515,101415,23750,25,19.72859674997744,False,7238,rl,True,136565,0.5542415699483763,0.42968263797411044,34391,25253,0.7342909482131953,102174,26962,0.26388317967388963,0.6465743332842199,0.29440279496324334,radar__evaluation__instance__severe__a1,radar,instance,severe,,selected_map,hddm_w,0.02,1,0,complete
144753,137515,82415,21850,23,20.137289957987377,False,7238,rl,True,136565,0.4869695749276901,0.3331342128069164,34391,20499,0.596057107964293,102174,41208,0.40331199718127897,0.41454250773537643,0.24110925103719338,radar__evaluation__instance__severe__a1,radar,instance,severe,,q_alarm_persistence_7,hddm_w,0.01,5,4,complete
144753,137515,110915,23750,25,21.30119566700887,False,7238,rl,True,136565,0.5752425584886318,0.4179175920922097,34391,27685,0.8050071239568491,102174,19894,0.19470706833440993,0.449152792102549,0.1639129485406507,radar__evaluation__instance__severe__a1,radar,instance,severe,,q_alarm_persistence_7,hddm_w,0.01,1,0,complete
144753,137515,95715,5700,6,29.447689666994847,False,7238,rl,True,136565,0.5215172262292681,0.2835657533121808,34391,23845,0.6933500043616062,102174,31254,0.305889952434083,0.4992043612789156,0.1798529732877211,radar__evaluation__instance__severe__a1,radar,instance,severe,,selected_map,hddm_w,0.02,5,4,complete
144753,137515,104265,22800,24,21.62831441599701,False,7238,rl,True,136565,0.5507999853549592,0.34363813746565375,34391,25907,0.7533075513942601,102174,24766,0.24239043200814298,0.37773684986002654,0.11537957638838343,radar__evaluation__instance__severe__a1,radar,instance,severe,,q_alarm_persistence_7,hddm_w,0.05,1,0,complete
144753,137515,79565,8550,9,26.624361041991506,False,7238,rl,True,136565,0.47610295463698604,0.22780954339466825,34391,19794,0.5755575586636038,102174,43353,0.42430559633566267,0.6696625902460587,0.20813741902613,radar__evaluation__instance__severe__a1,radar,instance,severe,,selected_map,hddm_w,0.05,5,4,complete
144753,137515,79565,17100,18,21.354438415990444,False,7238,rl,True,136565,0.5104089627649837,0.3549192993300983,34391,19747,0.5741909220435579,102174,43306,0.4238455967271517,0.42880506851333433,0.21331974670645606,radar__evaluation__instance__severe__a1,radar,instance,severe,,q_alarm_persistence_7,hddm_w,0.02,5,4,complete
144753,137515,110915,23750,25,21.8723109170096,False,7238,rl,True,136565,0.5834291363087175,0.4318352105315852,34391,27667,0.8044837312087465,102174,19876,0.19453089827157594,0.4612936496242817,0.1639129485406507,radar__evaluation__instance__severe__a1,radar,instance,severe,,q_alarm_persistence_7,hddm_w,0.02,1,0,complete
144753,137515,105215,20900,22,21.370500499993796,False,7238,rl,True,136565,0.5534653827847545,0.43144294737720346,34391,26206,0.7620016864877439,102174,24115,0.23601894806898036,0.6370561367319876,0.3015794453744814,radar__evaluation__instance__severe__a1,radar,instance,severe,,q_alarm_persistence_17,hddm_w,0.01,1,0,complete
144753,137515,84315,17100,18,22.859614874992985,False,7238,rl,True,136565,0.5434481748617874,0.3849189808202538,34391,20944,0.6089965397923875,102174,39753,0.38907158376886486,0.4389862973331369,0.17931436057937258,radar__evaluation__instance__severe__a1,radar,instance,severe,,q_alarm_persistence_7,hddm_w,0.05,5,4,complete
144753,137515,95715,21850,23,20.219847457992728,False,7238,rl,True,136565,0.5560429099696116,0.42741759934228807,34391,23844,0.6933209269867117,102174,31253,0.30588016520837,0.6697509945484014,0.2849552369168062,radar__evaluation__instance__severe__a1,radar,instance,severe,,q_alarm_persistence_17,hddm_w,0.05,1,0,complete
144753,137515,101415,23750,25,19.73512275001849,False,7238,rl,True,136565,0.5542415699483763,0.42968263797411044,34391,25253,0.7342909482131953,102174,26962,0.26388317967388963,0.6465743332842199,0.29440279496324334,radar__evaluation__instance__severe__a1,radar,instance,severe,,q_alarm_persistence_17,hddm_w,0.02,1,0,complete
144753,137515,86215,7600,8,23.939416207984323,False,7238,rl,True,136565,0.5159740782777432,0.3287656612511357,34391,21508,0.6253961792329389,102174,38417,0.37599585021629767,0.626152939443053,0.2513283353955892,radar__evaluation__instance__severe__a1,radar,instance,severe,,q_alarm_persistence_17,hddm_w,0.01,5,4,complete
144753,137515,79565,8550,9,25.858788958983496,False,7238,rl,True,136565,0.47610295463698604,0.22780954339466825,34391,19794,0.5755575586636038,102174,43353,0.42430559633566267,0.6696625902460587,0.20813741902613,radar__evaluation__instance__severe__a1,radar,instance,severe,,q_alarm_persistence_17,hddm_w,0.05,5,4,complete
144753,137515,95715,5700,6,30.241356124985032,False,7238,rl,True,136565,0.5215172262292681,0.2835657533121808,34391,23845,0.6933500043616062,102174,31254,0.305889952434083,0.4992043612789156,0.1798529732877211,radar__evaluation__instance__severe__a1,radar,instance,severe,,q_alarm_persistence_17,hddm_w,0.02,5,4,complete
144753,137515,90015,89065,94,14.078713708004216,False,7238,rl,True,136565,0.5408486801156959,0.4085944386057352,34391,22373,0.6505481085167631,102174,35482,0.3472703427486445,0.5912332400176809,0.2990756241356722,radar__evaluation__instance__severe__a1,radar,instance,severe,,q_alarm_persistence_27,hddm_w,0.01,1,0,complete
144753,137515,83365,82415,87,14.40086804200837,False,7238,rl,True,136565,0.5434115622597298,0.4150571644670882,34391,20679,0.60129103544532,102174,40438,0.39577583338226946,0.6060114925593045,0.3106048475143751,radar__evaluation__instance__severe__a1,radar,instance,severe,,q_alarm_persistence_27,hddm_w,0.05,1,0,complete
144753,137515,72915,71965,76,14.986397792003118,False,7238,rl,True,136565,0.4901329037454692,0.26922743393668735,34391,18066,0.5253118548457445,102174,48275,0.4724783212950457,0.4547517312509209,0.25982968192736006,radar__evaluation__instance__severe__a1,radar,instance,severe,,q_alarm_persistence_27,hddm_w,0.01,5,4,complete
144753,137515,88115,87165,92,13.911157416005153,False,7238,rl,True,136565,0.5307069893457328,0.40255188621159804,34391,21875,0.636067575819255,102174,36884,0.3609920331982696,0.5890968027110652,0.32048911856758133,radar__evaluation__instance__severe__a1,radar,instance,severe,,q_alarm_persistence_27,hddm_w,0.02,1,0,complete
144753,137515,71965,71015,75,15.564534459001152,False,7238,rl,True,136565,0.48486801156958226,0.26837316179792475,34391,17840,0.5187403681195661,102174,48999,0.4795642727112573,0.4659496095476647,0.2717228328117039,radar__evaluation__instance__severe__a1,radar,instance,severe,,q_alarm_persistence_27,hddm_w,0.02,5,4,complete
144753,137515,71965,71015,75,15.481708875013283,False,7238,rl,True,136565,0.48974481016365834,0.2689328960691435,34391,17808,0.5178098921229392,102174,48967,0.4792510814884413,0.4593045528215707,0.2578935875973506,radar__evaluation__instance__severe__a1,radar,instance,severe,,q_alarm_persistence_27,hddm_w,0.05,5,4,complete
144753,137515,128015,0,0,49.70122541600722,False,7238,none,True,136565,0.5775784424999084,0.3471818893306473,34391,32019,0.9310284667500218,102174,7128,0.06976334488225967,0.4985118609105643,0.12717082757114784,radar__evaluation__instance__severe__a1,radar,instance,severe,,no_reset,hellinger,0.01,1,0,complete
144753,137515,125165,0,0,46.205024709008285,False,7238,none,True,136565,0.5776663127448468,0.29391100530796344,34391,31300,0.9101218342008084,102174,9259,0.09061992287666139,0.426742301458671,0.0982167552223597,radar__evaluation__instance__severe__a1,radar,instance,severe,,no_reset,hellinger,0.05,1,0,complete
144753,137515,111865,0,0,48.505793874996016,False,7238,none,True,136565,0.5346538278475451,0.2871834742200401,34391,27858,0.810037509813614,102174,19117,0.1871023939554094,0.47769264770885517,0.13159618603974088,radar__evaluation__instance__severe__a1,radar,instance,severe,,no_reset,hellinger,0.01,5,4,complete
144753,137515,121365,0,0,48.92882041700068,False,7238,none,True,136565,0.629714787829971,0.42311465968379713,34391,30311,0.8813643104300544,102174,12070,0.11813181435590267,0.6222189479888022,0.10318072639930126,radar__evaluation__instance__severe__a1,radar,instance,severe,,no_reset,hellinger,0.02,1,0,complete
144753,137515,124215,0,0,47.651866750005865,False,7238,none,True,136565,0.5302163804781606,0.20971100719791114,34391,31038,0.9025035619784246,102174,9947,0.09735353416720496,0.3317224104906439,0.07197030351553971,radar__evaluation__instance__severe__a1,radar,instance,severe,,no_reset,hellinger,0.02,5,4,complete
144753,145115,132050,11400,4,39.2166894999973,False,7238,confirmed,True,136565,0.5830117526452605,0.37272709874303683,34391,31071,0.9034631153499462,102174,9745,0.09537651457317908,0.4447325769854133,0.12602081665332265,radar__evaluation__instance__severe__a1,radar,instance,severe,,confirmed,hellinger,0.01,1,0,complete
144753,150815,116615,2850,1,36.61352845901274,False,7238,confirmed,True,136565,0.5265551202723978,0.28925432522244826,34391,28696,0.8344043499752842,102174,17105,0.16741049582085463,0.3744658906733461,0.11759225562267996,radar__evaluation__instance__severe__a1,radar,instance,severe,,confirmed,hellinger,0.01,5,4,complete
144753,145115,119700,11400,4,37.82562004200008,False,7238,confirmed,True,136565,0.5607073554717534,0.300824683328069,34391,28265,0.821872001395714,102174,18339,0.17948793235069588,0.4410195962870193,0.09839144042506733,radar__evaluation__instance__severe__a1,radar,instance,severe,,confirmed,hellinger,0.05,1,0,complete
144753,137515,105215,0,0,46.00996520899935,False,7238,none,True,136565,0.5320323655402189,0.26067249216384236,34391,26176,0.761129365240906,102174,24085,0.23572533129759038,0.5257403860321203,0.14890457820802097,radar__evaluation__instance__severe__a1,radar,instance,severe,,no_reset,hellinger,0.05,5,4,complete
144753,145115,129200,11400,4,38.04194541601464,False,7238,confirmed,True,136565,0.5876249405045216,0.3800370794045672,34391,30570,0.8888953505277544,102174,11144,0.10906884334566523,0.47626344482098126,0.13115947303297182,radar__evaluation__instance__severe__a1,radar,instance,severe,,confirmed,hellinger,0.02,1,0,complete
144753,137515,103315,35150,37,17.656192750000628,False,7238,rl,True,136565,0.5464211181488668,0.4135664696103025,34391,25681,0.7467360646680817,102174,25490,0.24947638342435452,0.6060114925593045,0.27571147827352793,radar__evaluation__instance__severe__a1,radar,instance,severe,,error_rule,hellinger,0.01,1,0,complete
144753,137515,80515,18050,19,23.78213529198547,False,7238,rl,True,136565,0.5250832936696811,0.3062025548985308,34391,20032,0.5824779738885173,102174,42641,0.41733709162800714,0.5940179755414764,0.22115146662784774,radar__evaluation__instance__severe__a1,radar,instance,severe,,error_rule,hellinger,0.01,5,4,complete
144753,150815,117565,2850,1,36.8258327920048,False,7238,confirmed,True,136565,0.5201405923919012,0.2748571190001905,34391,28984,0.8427786339449275,102174,16443,0.160931352398849,0.2949314866656844,0.10731494286338161,radar__evaluation__instance__severe__a1,radar,instance,severe,,confirmed,hellinger,0.02,5,4,complete
144753,137515,96665,31350,33,18.997816707997117,False,7238,rl,True,136565,0.5477025592208838,0.42788581868749076,34391,24010,0.6981477712192143,102174,30469,0.29820698024937853,0.6666568439664063,0.307300385763156,radar__evaluation__instance__severe__a1,radar,instance,severe,,error_rule,hellinger,0.05,1,0,complete
144753,137515,100465,35150,37,17.150599541986594,False,7238,rl,True,136565,0.540043202870428,0.4117322331055742,34391,24978,0.7262946701171819,102174,27637,0.27048955703016425,0.6380727862089288,0.28904578208020965,radar__evaluation__instance__severe__a1,radar,instance,severe,,error_rule,hellinger,0.02,1,0,complete
144753,150815,111865,2850,1,44.96882320800796,False,7238,confirmed,True,136565,0.5879983890455095,0.3966952462225656,34391,27476,0.7989299526038789,102174,20635,0.20195940258774248,0.5076617062030352,0.11382196666424048,radar__evaluation__instance__severe__a1,radar,instance,severe,,confirmed,hellinger,0.05,5,4,complete
144753,137515,75765,13300,14,21.799382875004085,False,7238,rl,True,136565,0.4723172115842273,0.25513081664210485,34391,18867,0.5486028321363148,102174,46226,0.4524242958091099,0.5969205834683955,0.29038503530096804,radar__evaluation__instance__severe__a1,radar,instance,severe,,error_rule,hellinger,0.02,5,4,complete
144753,137515,103315,35150,37,17.39299854100682,False,7238,rl,True,136565,0.529901512100465,0.3794304906684332,34391,25680,0.7467069872931872,102174,25489,0.24946659619864153,0.5509945484013555,0.2640075696921173,radar__evaluation__instance__severe__a1,radar,instance,severe,,selected_map,hellinger,0.01,1,0,complete
144753,137515,74815,12350,13,23.90741062501911,False,7238,rl,True,136565,0.4682898253578882,0.21666225049199322,34391,18479,0.537320810677212,102174,46788,0.4579247166598156,0.5647856195668189,0.23362690152121698,radar__evaluation__instance__severe__a1,radar,instance,severe,,error_rule,hellinger,0.05,5,4,complete
144753,137515,97615,31350,33,19.302053749997867,False,7238,rl,True,136565,0.5519276534983342,0.4281995078980505,34391,24251,0.7051554185688116,102174,29760,0.29126783721886196,0.6632680123766024,0.3046946648227673,radar__evaluation__instance__severe__a1,radar,instance,severe,,selected_map,hellinger,0.05,1,0,complete
144753,137515,102365,33250,35,17.839356292010052,False,7238,rl,True,136565,0.5469117270164391,0.4077466299958119,34391,25457,0.7402227326916926,102174,26216,0.2565819092919921,0.6186238396935317,0.26418225489482494,radar__evaluation__instance__severe__a1,radar,instance,severe,,selected_map,hellinger,0.02,1,0,complete
144753,137515,76715,16150,17,24.849943125009304,False,7238,rl,True,136565,0.49557353641123275,0.2665344176276423,34391,19071,0.554534616614812,102174,45480,0.4451230254272124,0.6117283041108,0.22863381614382414,radar__evaluation__instance__severe__a1,radar,instance,severe,,selected_map,hellinger,0.01,5,4,complete
144753,137515,74815,11400,12,23.233449124993058,False,7238,rl,True,136565,0.47879031962801594,0.2470842249161216,34391,18673,0.5429618214067634,102174,46982,0.4598234384481375,0.6095329306026227,0.23908581410583013,radar__evaluation__instance__severe__a1,radar,instance,severe,,selected_map,hellinger,0.02,5,4,complete
144753,137515,73865,10450,11,24.458195499988506,False,7238,rl,True,136565,0.4783802584849705,0.23144979516414982,34391,18262,0.5310110203250851,102174,47521,0.46509875310744414,0.5320612936496243,0.20920008734260134,radar__evaluation__instance__severe__a1,radar,instance,severe,,selected_map,hellinger,0.05,5,4,complete
144753,137515,128015,0,0,50.59483995800838,False,7238,rl,True,136565,0.5775784424999084,0.3471818893306473,34391,32019,0.9310284667500218,102174,7128,0.06976334488225967,0.4985118609105643,0.12717082757114784,radar__evaluation__instance__severe__a1,radar,instance,severe,,q_alarm_persistence_7,hellinger,0.01,1,0,complete
144753,137515,125165,0,0,46.10274204199959,False,7238,rl,True,136565,0.5776663127448468,0.29391100530796344,34391,31300,0.9101218342008084,102174,9259,0.09061992287666139,0.426742301458671,0.0982167552223597,radar__evaluation__instance__severe__a1,radar,instance,severe,,q_alarm_persistence_7,hellinger,0.05,1,0,complete
144753,137515,111865,0,0,50.058673040999565,False,7238,rl,True,136565,0.5346538278475451,0.2871834742200401,34391,27858,0.810037509813614,102174,19117,0.1871023939554094,0.47769264770885517,0.13159618603974088,radar__evaluation__instance__severe__a1,radar,instance,severe,,q_alarm_persistence_7,hellinger,0.01,5,4,complete
144753,137515,121365,0,0,47.330164833023446,False,7238,rl,True,136565,0.629714787829971,0.42311465968379713,34391,30311,0.8813643104300544,102174,12070,0.11813181435590267,0.6222189479888022,0.10318072639930126,radar__evaluation__instance__severe__a1,radar,instance,severe,,q_alarm_persistence_7,hellinger,0.02,1,0,complete
144753,137515,124215,0,0,47.485725000005914,False,7238,rl,True,136565,0.5302163804781606,0.20971100719791114,34391,31038,0.9025035619784246,102174,9947,0.09735353416720496,0.3317224104906439,0.07197030351553971,radar__evaluation__instance__severe__a1,radar,instance,severe,,q_alarm_persistence_7,hellinger,0.02,5,4,complete
144753,137515,105215,0,0,46.832234875008,False,7238,rl,True,136565,0.5320323655402189,0.26067249216384236,34391,26176,0.761129365240906,102174,24085,0.23572533129759038,0.5257403860321203,0.14890457820802097,radar__evaluation__instance__severe__a1,radar,instance,severe,,q_alarm_persistence_7,hellinger,0.05,5,4,complete
144753,137515,128015,0,0,51.70733879102045,False,7238,rl,True,136565,0.5775784424999084,0.3471818893306473,34391,32019,0.9310284667500218,102174,7128,0.06976334488225967,0.4985118609105643,0.12717082757114784,radar__evaluation__instance__severe__a1,radar,instance,severe,,q_alarm_persistence_17,hellinger,0.01,1,0,complete
144753,137515,125165,0,0,46.64765916598844,False,7238,rl,True,136565,0.5776663127448468,0.29391100530796344,34391,31300,0.9101218342008084,102174,9259,0.09061992287666139,0.426742301458671,0.0982167552223597,radar__evaluation__instance__severe__a1,radar,instance,severe,,q_alarm_persistence_17,hellinger,0.05,1,0,complete
144753,137515,111865,0,0,48.460170042002574,False,7238,rl,True,136565,0.5346538278475451,0.2871834742200401,34391,27858,0.810037509813614,102174,19117,0.1871023939554094,0.47769264770885517,0.13159618603974088,radar__evaluation__instance__severe__a1,radar,instance,severe,,q_alarm_persistence_17,hellinger,0.01,5,4,complete
144753,137515,121365,0,0,47.89308095801971,False,7238,rl,True,136565,0.629714787829971,0.42311465968379713,34391,30311,0.8813643104300544,102174,12070,0.11813181435590267,0.6222189479888022,0.10318072639930126,radar__evaluation__instance__severe__a1,radar,instance,severe,,q_alarm_persistence_17,hellinger,0.02,1,0,complete
144753,137515,105215,32300,34,17.769774208019953,False,7238,rl,True,136565,0.5432431442902647,0.41156896091290146,34391,26161,0.7606932046174871,102174,24070,0.2355785229118954,0.5950640931191985,0.2726836014265958,radar__evaluation__instance__severe__a1,radar,instance,severe,,q_alarm_persistence_27,hellinger,0.01,1,0,complete
144753,137515,85265,15200,16,24.824559125001542,False,7238,rl,True,136565,0.5577563797459085,0.3392978735796491,34391,21172,0.6156261812683551,102174,39031,0.3820052068040793,0.6530131133048475,0.19529805662711988,radar__evaluation__instance__severe__a1,radar,instance,severe,,q_alarm_persistence_27,hellinger,0.01,5,4,complete
144753,137515,103315,32300,34,17.395144459005678,False,7238,rl,True,136565,0.5467945666898546,0.4076539922930472,34391,25710,0.747579308540025,102174,25519,0.2497602129700315,0.6190805952556357,0.264458839799112,radar__evaluation__instance__severe__a1,radar,instance,severe,,q_alarm_persistence_27,hellinger,0.02,1,0,complete
144753,137515,98565,29450,31,19.057540124995285,False,7238,rl,True,136565,0.5526745505803098,0.4322030409321323,34391,24504,0.712511994417144,102174,29063,0.28444614089690134,0.6721968469132165,0.3076060848678943,radar__evaluation__instance__severe__a1,radar,instance,severe,,q_alarm_persistence_27,hellinger,0.05,1,0,complete
144753,137515,124215,0,0,48.16840587501065,False,7238,rl,True,136565,0.5302163804781606,0.20971100719791114,34391,31038,0.9025035619784246,102174,9947,0.09735353416720496,0.3317224104906439,0.07197030351553971,radar__evaluation__instance__severe__a1,radar,instance,severe,,q_alarm_persistence_17,hellinger,0.02,5,4,complete
144753,137515,105215,0,0,48.03011829199386,False,7238,rl,True,136565,0.5320323655402189,0.26067249216384236,34391,26176,0.761129365240906,102174,24085,0.23572533129759038,0.5257403860321203,0.14890457820802097,radar__evaluation__instance__severe__a1,radar,instance,severe,,q_alarm_persistence_17,hellinger,0.05,5,4,complete
144753,137515,85265,8550,9,26.238024624995887,False,7238,rl,True,136565,0.5431259839636803,0.3210902607994062,34391,21188,0.6160914192666687,102174,39047,0.3821618024154873,0.6746869014292028,0.2045272581701725,radar__evaluation__instance__severe__a1,radar,instance,severe,,q_alarm_persistence_27,hellinger,0.02,5,4,complete
144753,137515,82415,8550,9,25.807011958007934,False,7238,rl,True,136565,0.5176509354519826,0.2971465016518687,34391,20495,0.5959407984647146,102174,41204,0.403272848278427,0.600029468100781,0.21327607540577917,radar__evaluation__instance__severe__a1,radar,instance,severe,,q_alarm_persistence_27,hellinger,0.05,5,4,complete
144753,137515,128015,0,0,50.596933875000104,False,7238,none,True,136565,0.5775784424999084,0.3471818893306473,34391,32019,0.9310284667500218,102174,7128,0.06976334488225967,0.4985118609105643,0.12717082757114784,radar__evaluation__instance__severe__a1,radar,instance,severe,,no_reset,d3_oof,0.01,1,0,complete
144753,137515,125165,0,0,46.619310916998074,False,7238,none,True,136565,0.5776663127448468,0.29391100530796344,34391,31300,0.9101218342008084,102174,9259,0.09061992287666139,0.426742301458671,0.0982167552223597,radar__evaluation__instance__severe__a1,radar,instance,severe,,no_reset,d3_oof,0.05,1,0,complete
144753,137515,111865,0,0,50.187442041991744,False,7238,none,True,136565,0.5346538278475451,0.2871834742200401,34391,27858,0.810037509813614,102174,19117,0.1871023939554094,0.47769264770885517,0.13159618603974088,radar__evaluation__instance__severe__a1,radar,instance,severe,,no_reset,d3_oof,0.01,5,4,complete
144753,137515,121365,0,0,47.9072487920057,False,7238,none,True,136565,0.629714787829971,0.42311465968379713,34391,30311,0.8813643104300544,102174,12070,0.11813181435590267,0.6222189479888022,0.10318072639930126,radar__evaluation__instance__severe__a1,radar,instance,severe,,no_reset,d3_oof,0.02,1,0,complete
144753,137515,124215,0,0,47.552503542014165,False,7238,none,True,136565,0.5302163804781606,0.20971100719791114,34391,31038,0.9025035619784246,102174,9947,0.09735353416720496,0.3317224104906439,0.07197030351553971,radar__evaluation__instance__severe__a1,radar,instance,severe,,no_reset,d3_oof,0.02,5,4,complete
144753,137515,105215,0,0,47.222219207993476,False,7238,none,True,136565,0.5320323655402189,0.26067249216384236,34391,26176,0.761129365240906,102174,24085,0.23572533129759038,0.5257403860321203,0.14890457820802097,radar__evaluation__instance__severe__a1,radar,instance,severe,,no_reset,d3_oof,0.05,5,4,complete
144753,143215,126115,5700,2,44.59079062502133,False,7238,confirmed,True,136565,0.6167905393036283,0.4476247162107303,34391,30593,0.88956413015033,102174,11402,0.11159394757961909,0.5982319139531457,0.14557100225635053,radar__evaluation__instance__severe__a1,radar,instance,severe,,confirmed,d3_oof,0.01,1,0,complete
144753,145115,115665,11400,4,35.638282332991366,False,7238,confirmed,True,136565,0.531922527734046,0.3725399502589806,34391,27951,0.8127417056788113,102174,19210,0.18801260594671834,0.584234566082216,0.24987262537302568,radar__evaluation__instance__severe__a1,radar,instance,severe,,confirmed,d3_oof,0.05,1,0,complete
144753,143215,114715,5700,2,41.44691062500351,False,7238,confirmed,True,136565,0.5737707318859151,0.3946128555512382,34391,27697,0.8053560524555843,102174,19906,0.1948245150429659,0.5422277884190364,0.14411529223378702,radar__evaluation__instance__severe__a1,radar,instance,severe,,confirmed,d3_oof,0.01,5,4,complete
144753,139415,121365,0,0,51.34385241699056,False,7238,confirmed,True,136565,0.629714787829971,0.42311465968379713,34391,30311,0.8813643104300544,102174,12070,0.11813181435590267,0.6222189479888022,0.10318072639930126,radar__evaluation__instance__severe__a1,radar,instance,severe,,confirmed,d3_oof,0.02,1,0,complete
144753,137515,103315,35150,37,18.269972540991148,False,7238,rl,True,136565,0.5464211181488668,0.4135664696103025,34391,25681,0.7467360646680817,102174,25490,0.24947638342435452,0.6060114925593045,0.27571147827352793,radar__evaluation__instance__severe__a1,radar,instance,severe,,error_rule,d3_oof,0.01,1,0,complete
144753,145115,119465,8550,3,36.420150375022786,False,7238,confirmed,True,136565,0.5355764654193974,0.3587791980046391,34391,28466,0.8277165537495275,102174,17825,0.1744572983342142,0.3552674230145867,0.16979401703180727,radar__evaluation__instance__severe__a1,radar,instance,severe,,confirmed,d3_oof,0.02,5,4,complete
144753,137515,100465,35150,37,17.982709125004476,False,7238,rl,True,136565,0.540043202870428,0.4117322331055742,34391,24978,0.7262946701171819,102174,27637,0.27048955703016425,0.6380727862089288,0.28904578208020965,radar__evaluation__instance__severe__a1,radar,instance,severe,,error_rule,d3_oof,0.02,1,0,complete
144753,137515,96665,31350,33,19.83902337499603,False,7238,rl,True,136565,0.5477025592208838,0.42788581868749076,34391,24010,0.6981477712192143,102174,30469,0.29820698024937853,0.6666568439664063,0.307300385763156,radar__evaluation__instance__severe__a1,radar,instance,severe,,error_rule,d3_oof,0.05,1,0,complete
144753,145115,109965,8550,3,41.219675542000914,False,7238,confirmed,True,136565,0.5924797715373632,0.4186236701965589,34391,26759,0.7780814748044547,102174,22768,0.2228355550335702,0.5544275821423309,0.14001018997015793,radar__evaluation__instance__severe__a1,radar,instance,severe,,confirmed,d3_oof,0.05,5,4,complete
144753,137515,80515,18050,19,25.16262408401235,False,7238,rl,True,136565,0.5250832936696811,0.3062025548985308,34391,20032,0.5824779738885173,102174,42641,0.41733709162800714,0.5940179755414764,0.22115146662784774,radar__evaluation__instance__severe__a1,radar,instance,severe,,error_rule,d3_oof,0.01,5,4,complete
144753,137515,75765,13300,14,23.939421040995512,False,7238,rl,True,136565,0.4723172115842273,0.25513081664210485,34391,18867,0.5486028321363148,102174,46226,0.4524242958091099,0.5969205834683955,0.29038503530096804,radar__evaluation__instance__severe__a1,radar,instance,severe,,error_rule,d3_oof,0.02,5,4,complete
144753,137515,103315,35150,37,18.965294458001154,False,7238,rl,True,136565,0.5464211181488668,0.4135664696103025,34391,25681,0.7467360646680817,102174,25490,0.24947638342435452,0.6060114925593045,0.27571147827352793,radar__evaluation__instance__severe__a1,radar,instance,severe,,selected_map,d3_oof,0.01,1,0,complete
144753,137515,74815,12350,13,25.95764858298935,False,7238,rl,True,136565,0.4682898253578882,0.21666225049199322,34391,18479,0.537320810677212,102174,46788,0.4579247166598156,0.5647856195668189,0.23362690152121698,radar__evaluation__instance__severe__a1,radar,instance,severe,,error_rule,d3_oof,0.05,5,4,complete
144753,137515,96665,31350,33,20.19417791700107,False,7238,rl,True,136565,0.5477025592208838,0.42788581868749076,34391,24010,0.6981477712192143,102174,30469,0.29820698024937853,0.6666568439664063,0.307300385763156,radar__evaluation__instance__severe__a1,radar,instance,severe,,selected_map,d3_oof,0.05,1,0,complete
144753,137515,84315,17100,18,25.81641408300493,False,7238,rl,True,136565,0.5207922967085271,0.3033250842738109,34391,20929,0.6085603791689687,102174,39738,0.3889247753831699,0.6033151613378518,0.2296964844602955,radar__evaluation__instance__severe__a1,radar,instance,severe,,selected_map,d3_oof,0.01,5,4,complete
144753,137515,100465,35150,37,18.128519749996485,False,7238,rl,True,136565,0.540043202870428,0.4117322331055742,34391,24978,0.7262946701171819,102174,27637,0.27048955703016425,0.6380727862089288,0.28904578208020965,radar__evaluation__instance__severe__a1,radar,instance,severe,,selected_map,d3_oof,0.02,1,0,complete
144753,137515,102365,57715,61,16.55289508300484,False,7238,rl,True,136565,0.5494453190788269,0.33638285379198435,34391,25544,0.7427524643075223,102174,26303,0.25743339792902303,0.34959481361426253,0.14498871824732512,radar__evaluation__instance__severe__a1,radar,instance,severe,,q_alarm_persistence_7,d3_oof,0.01,1,0,complete
144753,137515,83365,11400,12,27.89535999999498,False,7238,rl,True,136565,0.48594442207007654,0.26140217160081447,34391,20670,0.6010293390712687,102174,40429,0.39568774835085246,0.6340356564019449,0.2693209112744741,radar__evaluation__instance__severe__a1,radar,instance,severe,,selected_map,d3_oof,0.02,5,4,complete
144753,137515,87165,49165,52,18.49865866699838,False,7238,rl,True,136565,0.4989272507597115,0.32260988516157535,34391,21615,0.6285074583466604,102174,37574,0.3677452189402392,0.40422867246205985,0.24006113982094768,radar__evaluation__instance__severe__a1,radar,instance,severe,,q_alarm_persistence_7,d3_oof,0.01,5,4,complete
144753,137515,97615,52015,55,18.784042917002807,False,7238,rl,True,136565,0.5580712481236041,0.3344322312356342,34391,24269,0.7056788113169143,102174,29778,0.29144400728169595,0.39102696331221454,0.1284081810903268,radar__evaluation__instance__severe__a1,radar,instance,severe,,q_alarm_persistence_7,d3_oof,0.05,1,0,complete
144753,137515,84315,10450,11,28.951269584009424,False,7238,rl,True,136565,0.5034086332515652,0.27791321112078055,34391,20894,0.6075426710476578,102174,39703,0.3885822224832149,0.6426256077795786,0.23975544071620933,radar__evaluation__instance__severe__a1,radar,instance,severe,,selected_map,d3_oof,0.05,5,4,complete
144753,137515,101415,57715,61,16.926797665975755,False,7238,rl,True,136565,0.5316515944788196,0.3191831764996074,34391,25285,0.7352214242098223,102174,26994,0.2641963708967056,0.3521732724325917,0.17863017686876775,radar__evaluation__instance__severe__a1,radar,instance,severe,,q_alarm_persistence_7,d3_oof,0.02,1,0,complete
144753,137515,86215,47265,50,19.61187391699059,False,7238,rl,True,136565,0.47963973199575294,0.29873817359237975,34391,21373,0.6214707336221685,102174,38282,0.3746745747450428,0.3881538234860763,0.2535992430307883,radar__evaluation__instance__severe__a1,radar,instance,severe,,q_alarm_persistence_7,d3_oof,0.02,5,4,complete
144753,137515,102365,57715,61,16.632368999999017,False,7238,rl,True,136565,0.5494453190788269,0.33638285379198435,34391,25544,0.7427524643075223,102174,26303,0.25743339792902303,0.34959481361426253,0.14498871824732512,radar__evaluation__instance__severe__a1,radar,instance,severe,,q_alarm_persistence_17,d3_oof,0.01,1,0,complete
144753,137515,86215,47265,50,19.353395666985307,False,7238,rl,True,136565,0.4972723611467067,0.30451616692652483,34391,21361,0.6211218051234334,102174,38270,0.3745571280364868,0.3795491380580522,0.2160710386491011,radar__evaluation__instance__severe__a1,radar,instance,severe,,q_alarm_persistence_7,d3_oof,0.05,5,4,complete
144753,137515,97615,52015,55,19.103483958999277,False,7238,rl,True,136565,0.5580712481236041,0.3344322312356342,34391,24269,0.7056788113169143,102174,29778,0.29144400728169595,0.39102696331221454,0.1284081810903268,radar__evaluation__instance__severe__a1,radar,instance,severe,,q_alarm_persistence_17,d3_oof,0.05,1,0,complete
144753,137515,87165,49165,52,18.07235687499633,False,7238,rl,True,136565,0.4989272507597115,0.32260988516157535,34391,21615,0.6285074583466604,102174,37574,0.3677452189402392,0.40422867246205985,0.24006113982094768,radar__evaluation__instance__severe__a1,radar,instance,severe,,q_alarm_persistence_17,d3_oof,0.01,5,4,complete
144753,137515,101415,57715,61,17.545125666976674,False,7238,rl,True,136565,0.5316515944788196,0.3191831764996074,34391,25285,0.7352214242098223,102174,26994,0.2641963708967056,0.3521732724325917,0.17863017686876775,radar__evaluation__instance__severe__a1,radar,instance,severe,,q_alarm_persistence_17,d3_oof,0.02,1,0,complete
144753,137515,86215,47265,50,19.133086416026345,False,7238,rl,True,136565,0.47963973199575294,0.29873817359237975,34391,21373,0.6214707336221685,102174,38282,0.3746745747450428,0.3881538234860763,0.2535992430307883,radar__evaluation__instance__severe__a1,radar,instance,severe,,q_alarm_persistence_17,d3_oof,0.02,5,4,complete
144753,137515,86215,47265,50,19.400698791985633,False,7238,rl,True,136565,0.4972723611467067,0.30451616692652483,34391,21361,0.6211218051234334,102174,38270,0.3745571280364868,0.3795491380580522,0.2160710386491011,radar__evaluation__instance__severe__a1,radar,instance,severe,,q_alarm_persistence_17,d3_oof,0.05,5,4,complete
144753,137515,90015,89065,94,13.559921125008259,False,7238,rl,True,136565,0.5408486801156959,0.4085944386057352,34391,22373,0.6505481085167631,102174,35482,0.3472703427486445,0.5912332400176809,0.2990756241356722,radar__evaluation__instance__severe__a1,radar,instance,severe,,q_alarm_persistence_27,d3_oof,0.01,1,0,complete
144753,137515,83365,82415,87,14.180098167009419,False,7238,rl,True,136565,0.5434115622597298,0.4150571644670882,34391,20679,0.60129103544532,102174,40438,0.39577583338226946,0.6060114925593045,0.3106048475143751,radar__evaluation__instance__severe__a1,radar,instance,severe,,q_alarm_persistence_27,d3_oof,0.05,1,0,complete
144753,137515,72915,71965,76,15.47493420902174,False,7238,rl,True,136565,0.4901329037454692,0.26922743393668735,34391,18066,0.5253118548457445,102174,48275,0.4724783212950457,0.4547517312509209,0.25982968192736006,radar__evaluation__instance__severe__a1,radar,instance,severe,,q_alarm_persistence_27,d3_oof,0.01,5,4,complete
144753,137515,88115,87165,92,13.63435712500359,False,7238,rl,True,136565,0.5307069893457328,0.40255188621159804,34391,21875,0.636067575819255,102174,36884,0.3609920331982696,0.5890968027110652,0.32048911856758133,radar__evaluation__instance__severe__a1,radar,instance,severe,,q_alarm_persistence_27,d3_oof,0.02,1,0,complete
144753,137515,71965,71015,75,15.261369582993211,False,7238,rl,True,136565,0.48486801156958226,0.26837316179792475,34391,17840,0.5187403681195661,102174,48999,0.4795642727112573,0.4659496095476647,0.2717228328117039,radar__evaluation__instance__severe__a1,radar,instance,severe,,q_alarm_persistence_27,d3_oof,0.02,5,4,complete
144753,137515,71965,71015,75,15.039923667005496,False,7238,rl,True,136565,0.48974481016365834,0.2689328960691435,34391,17808,0.5178098921229392,102174,48967,0.4792510814884413,0.4593045528215707,0.2578935875973506,radar__evaluation__instance__severe__a1,radar,instance,severe,,q_alarm_persistence_27,d3_oof,0.05,5,4,complete
144753,137515,129915,0,0,52.22345491699525,False,7238,none,True,136565,0.5998242595101234,0.34786210205119233,34333,32408,0.9439314944805289,102232,5675,0.05551099460051647,0.6135111242080448,0.08201470267122789,radar__evaluation__instance__severe__a2,radar,instance,severe,,no_reset,adwin,0.01,1,0,complete
144753,137515,115665,0,0,50.86172758300381,False,7238,none,True,136565,0.5707758210376012,0.3165723722107404,34333,28854,0.8404159263682172,102232,16371,0.16013576962203616,0.6646530131133048,0.1367493995196157,radar__evaluation__instance__severe__a2,radar,instance,severe,,no_reset,adwin,0.05,1,0,complete
144753,137515,118515,0,0,49.139940499997465,False,7238,none,True,136565,0.6161388349870025,0.42280516580474786,34333,29525,0.8599598054350043,102232,14192,0.1388215040300493,0.6545307204950641,0.08892932527840454,radar__evaluation__instance__severe__a2,radar,instance,severe,,no_reset,adwin,0.01,5,4,complete
144753,137515,121365,0,0,48.78199758299161,False,7238,none,True,136565,0.5681104236078058,0.2972952408231246,34333,30231,0.8805231118748725,102232,12048,0.11784959699507004,0.5917636658317371,0.10028386345439988,radar__evaluation__instance__severe__a2,radar,instance,severe,,no_reset,adwin,0.02,1,0,complete
144753,137515,109965,0,0,46.3246042499959,False,7238,none,True,136565,0.5501629260791564,0.3543802930641419,34333,27417,0.7985611510791367,102232,20634,0.2018350418655607,0.6003978193605423,0.16938641822548947,radar__evaluation__instance__severe__a2,radar,instance,severe,,no_reset,adwin,0.02,5,4,complete
144753,166015,135615,34200,12,28.808392209000885,False,7238,confirmed,True,136565,0.5492183209460696,0.40068996472244206,34333,29439,0.8574549267468616,102232,14106,0.13798028014711636,0.5188301163989981,0.22598442390275858,radar__evaluation__instance__severe__a2,radar,instance,severe,,confirmed,adwin,0.01,1,0,complete
144753,164115,117565,14015,5,29.882997208012966,False,7238,confirmed,True,136565,0.5295939662431809,0.33301041026486744,34333,26951,0.7849882037689686,102232,22068,0.21586196102981453,0.46054221305436865,0.15861416405851955,radar__evaluation__instance__severe__a2,radar,instance,severe,,confirmed,adwin,0.01,5,4,complete
144753,164115,127065,28500,10,30.396903834000113,False,7238,confirmed,True,136565,0.5842858711968659,0.4348724982705581,34333,28010,0.8158331634287711,102232,18377,0.17975780577509978,0.5996169146898482,0.1955600844311813,radar__evaluation__instance__severe__a2,radar,instance,severe,,confirmed,adwin,0.05,1,0,complete
144753,166015,124215,28500,10,30.97898941600579,False,7238,confirmed,True,136565,0.5769340607036942,0.42361451980426224,34333,27781,0.8091631957591822,102232,19098,0.18681039204945613,0.5916457934286136,0.1940607031079409,radar__evaluation__instance__severe__a2,radar,instance,severe,,confirmed,adwin,0.02,1,0,complete
144753,137515,111865,0,0,48.2139425839996,False,7238,none,True,136565,0.5590817559403947,0.2878064625127496,34333,27860,0.8114641889727084,102232,19177,0.18758314422098757,0.5448651834389273,0.10692190115728947,radar__evaluation__instance__severe__a2,radar,instance,severe,,no_reset,adwin,0.05,5,4,complete
144753,137515,94765,33250,35,17.484606709011132,False,7238,rl,True,136565,0.5145022516750265,0.3840378181445247,34333,23618,0.6879095913552559,102232,32035,0.313355896392519,0.5634153528805068,0.311609287429944,radar__evaluation__instance__severe__a2,radar,instance,severe,,error_rule,adwin,0.01,1,0,complete
144753,160315,116615,11400,4,29.86609408300137,False,7238,confirmed,True,136565,0.531475853988943,0.323278494023654,34333,27235,0.793260128739114,102232,21402,0.20934736677361296,0.44756151466038013,0.14245578280806465,radar__evaluation__instance__severe__a2,radar,instance,severe,,confirmed,adwin,0.02,5,4,complete
144753,169815,106165,11400,4,31.956214708974585,False,7238,confirmed,True,136565,0.5557939442756197,0.3371500658676099,34333,25606,0.7458130661462733,102232,26423,0.25846114719461616,0.4687490791218506,0.09106921901157289,radar__evaluation__instance__severe__a2,radar,instance,severe,,confirmed,adwin,0.05,5,4,complete
144753,137515,85265,29450,31,17.02523437498894,False,7238,rl,True,136565,0.5092446820195511,0.3806654634769576,34333,21147,0.6159380188157166,102232,39064,0.38211127631270053,0.5968027110652718,0.33092655942936167,radar__evaluation__instance__severe__a2,radar,instance,severe,,error_rule,adwin,0.05,1,0,complete
144753,137515,72915,17100,18,21.24051091700676,False,7238,rl,True,136565,0.4885658843774027,0.28069483373825876,34333,18155,0.5287915416654531,102232,48422,0.4736481727834729,0.5247974068071313,0.24147317854283426,radar__evaluation__instance__severe__a2,radar,instance,severe,,error_rule,adwin,0.01,5,4,complete
144753,137515,87165,28500,30,16.737678292003693,False,7238,rl,True,136565,0.5101599970709918,0.38217575481959165,34333,21619,0.6296857251041272,102232,37636,0.3681430471867908,0.5828790334462944,0.33092655942936167,radar__evaluation__instance__severe__a2,radar,instance,severe,,error_rule,adwin,0.02,1,0,complete
144753,137515,69115,19950,21,17.45124887500424,False,7238,rl,True,136565,0.46637132501006845,0.32140532105048125,34333,17209,0.5012378760958844,102232,51276,0.5015650676891775,0.44711949314866656,0.2867603173447849,radar__evaluation__instance__severe__a2,radar,instance,severe,,error_rule,adwin,0.02,5,4,complete
144753,137515,71015,17100,18,19.91913208301412,False,7238,rl,True,136565,0.5338556731226888,0.3725725172334036,34333,17774,0.5176943465470538,102232,49941,0.4885065341576023,0.5015470752909975,0.21040832666132905,radar__evaluation__instance__severe__a2,radar,instance,severe,,error_rule,adwin,0.05,5,4,complete
144753,137515,112815,12350,13,26.03957475000061,False,7238,rl,True,136565,0.5670486581481345,0.4096898317229841,34333,28239,0.8225031310983602,102232,18606,0.18199780890523515,0.6409459260350671,0.24323458767013612,radar__evaluation__instance__severe__a2,radar,instance,severe,,selected_map,adwin,0.01,1,0,complete
144753,137515,99515,12350,13,24.78812979099166,False,7238,rl,True,136565,0.5573902537253322,0.4111299148667261,34333,24738,0.7205312672938572,102232,28405,0.27784842319430314,0.713452188006483,0.28106849115656163,radar__evaluation__instance__severe__a2,radar,instance,severe,,selected_map,adwin,0.05,1,0,complete
144753,137515,101415,3800,4,26.814768582989927,False,7238,rl,True,136565,0.5332771940101783,0.36280496572318477,34333,25312,0.7372498762123905,102232,27079,0.26487792472024413,0.5527184322970384,0.20991338525365746,radar__evaluation__instance__severe__a2,radar,instance,severe,,selected_map,adwin,0.01,5,4,complete
144753,137515,109015,9500,10,25.60711383400485,False,7238,rl,True,136565,0.5832826859004869,0.4250552150429263,34333,27121,0.7899397081525064,102232,21288,0.20823225604507395,0.69967585089141,0.23174903559211005,radar__evaluation__instance__severe__a2,radar,instance,severe,,selected_map,adwin,0.02,1,0,complete
144753,137515,98565,4750,5,32.09187429200392,False,7238,rl,True,136565,0.5283930728956907,0.37475426154075503,34333,24653,0.7180555151020883,102232,29270,0.2863095703889193,0.4702814203624576,0.1954290705291506,radar__evaluation__instance__severe__a2,radar,instance,severe,,selected_map,adwin,0.02,5,4,complete
144753,137515,111865,37765,40,22.123144540993962,False,7238,rl,True,136565,0.5481712005272215,0.4063289363644406,34333,27859,0.8114350624763347,102232,19176,0.1875733625479302,0.5648740238691616,0.23685857777130795,radar__evaluation__instance__severe__a2,radar,instance,severe,,q_alarm_persistence_7,adwin,0.01,1,0,complete
144753,137515,99515,4750,5,32.96761012499337,False,7238,rl,True,136565,0.53534946728664,0.37628812992427063,34333,24886,0.7248419887571724,102232,28553,0.2792961108067924,0.4702814203624576,0.1815998253147973,radar__evaluation__instance__severe__a2,radar,instance,severe,,selected_map,adwin,0.05,5,4,complete
144753,137515,112815,33965,36,24.135707417008234,False,7238,rl,True,136565,0.5450298392706769,0.3465144089677742,34333,28336,0.825328401246614,102232,18703,0.18294663119179905,0.4399587446589067,0.14458111944100735,radar__evaluation__instance__severe__a2,radar,instance,severe,,q_alarm_persistence_7,adwin,0.05,1,0,complete
144753,137515,95715,21615,23,25.7091977079981,False,7238,rl,True,136565,0.5572438033171018,0.3493124932351239,34333,23789,0.6928902222351674,102232,31256,0.3057359730808357,0.5141741564756152,0.14022854647354246,radar__evaluation__instance__severe__a2,radar,instance,severe,,q_alarm_persistence_7,adwin,0.01,5,4,complete
144753,137515,114715,33965,36,24.286190833023284,False,7238,rl,True,136565,0.5449932266686194,0.39618479266455975,34333,28653,0.8345615005970932,102232,17120,0.16746224274199858,0.5089730366877855,0.21541596913894753,radar__evaluation__instance__severe__a2,radar,instance,severe,,q_alarm_persistence_7,adwin,0.02,1,0,complete
144753,137515,89065,22565,24,22.5551099589793,False,7238,rl,True,136565,0.5292205177021931,0.3634664569184769,34333,22068,0.6427635219759416,102232,36185,0.35394983958056186,0.49612494474731106,0.22128248052987845,radar__evaluation__instance__severe__a2,radar,instance,severe,,q_alarm_persistence_7,adwin,0.02,5,4,complete
144753,137515,111865,37765,40,22.8099074580241,False,7238,rl,True,136565,0.5481712005272215,0.4063289363644406,34333,27859,0.8114350624763347,102232,19176,0.1875733625479302,0.5648740238691616,0.23685857777130795,radar__evaluation__instance__severe__a2,radar,instance,severe,,q_alarm_persistence_17,adwin,0.01,1,0,complete
144753,137515,89065,18765,20,25.11604720898322,False,7238,rl,True,136565,0.5315417566726467,0.35599212232525523,34333,22027,0.6415693356246177,102232,36144,0.35354879098521014,0.3767496684838662,0.1785719484678652,radar__evaluation__instance__severe__a2,radar,instance,severe,,q_alarm_persistence_7,adwin,0.05,5,4,complete
144753,137515,112815,33965,36,23.669794625006034,False,7238,rl,True,136565,0.5450298392706769,0.3465144089677742,34333,28336,0.825328401246614,102232,18703,0.18294663119179905,0.4399587446589067,0.14458111944100735,radar__evaluation__instance__severe__a2,radar,instance,severe,,q_alarm_persistence_17,adwin,0.05,1,0,complete
144753,137515,114715,33965,36,23.72313766699517,False,7238,rl,True,136565,0.5449932266686194,0.39618479266455975,34333,28653,0.8345615005970932,102232,17120,0.16746224274199858,0.5089730366877855,0.21541596913894753,radar__evaluation__instance__severe__a2,radar,instance,severe,,q_alarm_persistence_17,adwin,0.02,1,0,complete
144753,137515,95715,21615,23,26.363279832992703,False,7238,rl,True,136565,0.5572438033171018,0.3493124932351239,34333,23789,0.6928902222351674,102232,31256,0.3057359730808357,0.5141741564756152,0.14022854647354246,radar__evaluation__instance__severe__a2,radar,instance,severe,,q_alarm_persistence_17,adwin,0.01,5,4,complete
144753,137515,89065,22565,24,22.86245208402397,False,7238,rl,True,136565,0.5292205177021931,0.3634664569184769,34333,22068,0.6427635219759416,102232,36185,0.35394983958056186,0.49612494474731106,0.22128248052987845,radar__evaluation__instance__severe__a2,radar,instance,severe,,q_alarm_persistence_17,adwin,0.02,5,4,complete
144753,137515,89065,18765,20,25.008234582986915,False,7238,rl,True,136565,0.5315417566726467,0.35599212232525523,34333,22027,0.6415693356246177,102232,36144,0.35354879098521014,0.3767496684838662,0.1785719484678652,radar__evaluation__instance__severe__a2,radar,instance,severe,,q_alarm_persistence_17,adwin,0.05,5,4,complete
144753,137515,94765,33250,35,17.611550000001444,False,7238,rl,True,136565,0.5145022516750265,0.3840378181445247,34333,23618,0.6879095913552559,102232,32035,0.313355896392519,0.5634153528805068,0.311609287429944,radar__evaluation__instance__severe__a2,radar,instance,severe,,q_alarm_persistence_27,adwin,0.01,1,0,complete
144753,137515,85265,29450,31,16.911668625005404,False,7238,rl,True,136565,0.5092446820195511,0.3806654634769576,34333,21147,0.6159380188157166,102232,39064,0.38211127631270053,0.5968027110652718,0.33092655942936167,radar__evaluation__instance__severe__a2,radar,instance,severe,,q_alarm_persistence_27,adwin,0.05,1,0,complete
144753,137515,72915,17100,18,21.04217204201268,False,7238,rl,True,136565,0.4885658843774027,0.28069483373825876,34333,18155,0.5287915416654531,102232,48422,0.4736481727834729,0.5247974068071313,0.24147317854283426,radar__evaluation__instance__severe__a2,radar,instance,severe,,q_alarm_persistence_27,adwin,0.01,5,4,complete
144753,137515,87165,28500,30,16.9234946249926,False,7238,rl,True,136565,0.5101599970709918,0.38217575481959165,34333,21619,0.6296857251041272,102232,37636,0.3681430471867908,0.5828790334462944,0.33092655942936167,radar__evaluation__instance__severe__a2,radar,instance,severe,,q_alarm_persistence_27,adwin,0.02,1,0,complete
144753,137515,69115,19950,21,17.957464625011198,False,7238,rl,True,136565,0.46637132501006845,0.32140532105048125,34333,17209,0.5012378760958844,102232,51276,0.5015650676891775,0.44711949314866656,0.2867603173447849,radar__evaluation__instance__severe__a2,radar,instance,severe,,q_alarm_persistence_27,adwin,0.02,5,4,complete
144753,137515,71015,17100,18,19.72230787499575,False,7238,rl,True,136565,0.5338556731226888,0.3725725172334036,34333,17774,0.5176943465470538,102232,49941,0.4885065341576023,0.5015470752909975,0.21040832666132905,radar__evaluation__instance__severe__a2,radar,instance,severe,,q_alarm_persistence_27,adwin,0.05,5,4,complete
144753,137515,129915,0,0,51.34679587499704,False,7238,none,True,136565,0.5998242595101234,0.34786210205119233,34333,32408,0.9439314944805289,102232,5675,0.05551099460051647,0.6135111242080448,0.08201470267122789,radar__evaluation__instance__severe__a2,radar,instance,severe,,no_reset,hddm_w,0.01,1,0,complete
144753,137515,115665,0,0,50.93497895900509,False,7238,none,True,136565,0.5707758210376012,0.3165723722107404,34333,28854,0.8404159263682172,102232,16371,0.16013576962203616,0.6646530131133048,0.1367493995196157,radar__evaluation__instance__severe__a2,radar,instance,severe,,no_reset,hddm_w,0.05,1,0,complete
144753,137515,118515,0,0,49.28968275000807,False,7238,none,True,136565,0.6161388349870025,0.42280516580474786,34333,29525,0.8599598054350043,102232,14192,0.1388215040300493,0.6545307204950641,0.08892932527840454,radar__evaluation__instance__severe__a2,radar,instance,severe,,no_reset,hddm_w,0.01,5,4,complete
144753,137515,121365,0,0,49.856969832995674,False,7238,none,True,136565,0.5681104236078058,0.2972952408231246,34333,30231,0.8805231118748725,102232,12048,0.11784959699507004,0.5917636658317371,0.10028386345439988,radar__evaluation__instance__severe__a2,radar,instance,severe,,no_reset,hddm_w,0.02,1,0,complete
144753,137515,109965,0,0,46.314020084013464,False,7238,none,True,136565,0.5501629260791564,0.3543802930641419,34333,27417,0.7985611510791367,102232,20634,0.2018350418655607,0.6003978193605423,0.16938641822548947,radar__evaluation__instance__severe__a2,radar,instance,severe,,no_reset,hddm_w,0.02,5,4,complete
144753,156515,138465,28500,10,29.966639040998416,False,7238,confirmed,True,136565,0.5359572364807967,0.4375219163221644,34333,30490,0.8880668744356741,102232,11357,0.11109046091243446,0.5338588477972595,0.2844166242084577,radar__evaluation__instance__severe__a2,radar,instance,severe,,confirmed,hddm_w,0.01,1,0,complete
144753,160315,131815,31350,11,29.94545833300799,False,7238,confirmed,True,136565,0.5921356130780214,0.4244581743972913,34333,29026,0.8454256837445023,102232,15593,0.1525256279834103,0.526874907912185,0.1730402503821239,radar__evaluation__instance__severe__a2,radar,instance,severe,,confirmed,hddm_w,0.02,1,0,complete
144753,154615,123265,19950,7,31.52240183299,False,7238,confirmed,True,136565,0.5555596236224508,0.41806760151033534,34333,28487,0.8297265021990505,102232,17904,0.1751310744189686,0.5655075880359511,0.21541596913894753,radar__evaluation__instance__severe__a2,radar,instance,severe,,confirmed,hddm_w,0.05,1,0,complete
144753,171715,107115,11400,4,35.5497207090084,False,7238,confirmed,True,136565,0.5028667667411123,0.3264703808355964,34333,25329,0.7377450266507442,102232,27096,0.26504421316221927,0.3976278178871372,0.18212388092292014,radar__evaluation__instance__severe__a2,radar,instance,severe,,confirmed,hddm_w,0.01,5,4,complete
144753,137515,111865,0,0,47.227600624988554,False,7238,none,True,136565,0.5590817559403947,0.2878064625127496,34333,27860,0.8114641889727084,102232,19177,0.18758314422098757,0.5448651834389273,0.10692190115728947,radar__evaluation__instance__severe__a2,radar,instance,severe,,no_reset,hddm_w,0.05,5,4,complete
144753,137515,94765,33250,35,18.39860424998915,False,7238,rl,True,136565,0.5145022516750265,0.3840378181445247,34333,23618,0.6879095913552559,102232,32035,0.313355896392519,0.5634153528805068,0.311609287429944,radar__evaluation__instance__severe__a2,radar,instance,severe,,error_rule,hddm_w,0.01,1,0,complete
144753,173615,101415,11400,4,35.09307999999146,False,7238,confirmed,True,136565,0.5033573756086845,0.33850327067324726,34333,23941,0.6973174496839775,102232,31408,0.3072227873855544,0.4278473552379549,0.20659436640221268,radar__evaluation__instance__severe__a2,radar,instance,severe,,confirmed,hddm_w,0.02,5,4,complete
144753,137515,72915,17100,18,21.234669124998618,False,7238,rl,True,136565,0.4885658843774027,0.28069483373825876,34333,18155,0.5287915416654531,102232,48422,0.4736481727834729,0.5247974068071313,0.24147317854283426,radar__evaluation__instance__severe__a2,radar,instance,severe,,error_rule,hddm_w,0.01,5,4,complete
144753,137515,85265,29450,31,17.098494582998683,False,7238,rl,True,136565,0.5092446820195511,0.3806654634769576,34333,21147,0.6159380188157166,102232,39064,0.38211127631270053,0.5968027110652718,0.33092655942936167,radar__evaluation__instance__severe__a2,radar,instance,severe,,error_rule,hddm_w,0.05,1,0,complete
144753,173615,92865,8550,3,34.45442749999347,False,7238,confirmed,True,136565,0.5101087394281112,0.32829462351557337,34333,22440,0.653598578626977,102232,35607,0.3482960325534079,0.37794312656549284,0.175747871024092,radar__evaluation__instance__severe__a2,radar,instance,severe,,confirmed,hddm_w,0.05,5,4,complete
144753,137515,87165,28500,30,17.622785166982794,False,7238,rl,True,136565,0.5101599970709918,0.38217575481959165,34333,21619,0.6296857251041272,102232,37636,0.3681430471867908,0.5828790334462944,0.33092655942936167,radar__evaluation__instance__severe__a2,radar,instance,severe,,error_rule,hddm_w,0.02,1,0,complete
144753,137515,69115,19950,21,17.628489416994853,False,7238,rl,True,136565,0.46637132501006845,0.32140532105048125,34333,17209,0.5012378760958844,102232,51276,0.5015650676891775,0.44711949314866656,0.2867603173447849,radar__evaluation__instance__severe__a2,radar,instance,severe,,error_rule,hddm_w,0.02,5,4,complete
144753,137515,71015,17100,18,20.18852704198798,False,7238,rl,True,136565,0.5338556731226888,0.3725725172334036,34333,17774,0.5176943465470538,102232,49941,0.4885065341576023,0.5015470752909975,0.21040832666132905,radar__evaluation__instance__severe__a2,radar,instance,severe,,error_rule,hddm_w,0.05,5,4,complete
144753,137515,108065,17100,18,23.662487749999855,False,7238,rl,True,136565,0.5625819206971039,0.4055737721680497,34333,27052,0.7879299799027175,102232,22169,0.21684991000860787,0.5739796670104612,0.2589708130140476,radar__evaluation__instance__severe__a2,radar,instance,severe,,selected_map,hddm_w,0.01,1,0,complete
144753,137515,95715,20900,22,21.21793699999398,False,7238,rl,True,136565,0.5445245853622817,0.41418553828846233,34333,23816,0.6936766376372586,102232,31283,0.30600007825338443,0.6038603212022985,0.2875464007569692,radar__evaluation__instance__severe__a2,radar,instance,severe,,selected_map,hddm_w,0.05,1,0,complete
144753,137515,87165,11400,12,23.331847624998773,False,7238,rl,True,136565,0.5203529454838355,0.38095725861741897,34333,21773,0.634171205545685,102232,37790,0.36964942483762425,0.5657433328421984,0.23730984787830264,radar__evaluation__instance__severe__a2,radar,instance,severe,,selected_map,hddm_w,0.01,5,4,complete
144753,137515,106165,18050,19,23.29587374997209,False,7238,rl,True,136565,0.5738878922124996,0.4266031137724136,34333,26465,0.7708327265313255,102232,23482,0.22969324673292119,0.5861794607337557,0.25458912584613147,radar__evaluation__instance__severe__a2,radar,instance,severe,,selected_map,hddm_w,0.02,1,0,complete
144753,137515,78615,11400,12,19.6735485829995,False,7238,rl,True,136565,0.5034672134148573,0.3304953118643716,34333,19641,0.5720735152768474,102232,44208,0.432428202519759,0.5331368793281273,0.21818181818181817,radar__evaluation__instance__severe__a2,radar,instance,severe,,selected_map,hddm_w,0.02,5,4,complete
144753,137515,85265,6650,7,25.057299750013044,False,7238,rl,True,136565,0.524065463332479,0.31069551933872086,34333,21214,0.617889494072758,102232,39131,0.38276664840754365,0.39689111536761457,0.12929616420409054,radar__evaluation__instance__severe__a2,radar,instance,severe,,selected_map,hddm_w,0.05,5,4,complete
144753,137515,106165,25650,27,21.398164708021795,False,7238,rl,True,136565,0.5820744700325852,0.42196328703088004,34333,26556,0.7734832377013369,102232,23573,0.23058337898114092,0.5419625755120082,0.19178979547274183,radar__evaluation__instance__severe__a2,radar,instance,severe,,q_alarm_persistence_7,hddm_w,0.01,1,0,complete
144753,137515,93815,19950,21,22.281752541995957,False,7238,rl,True,136565,0.581012704572914,0.406354548757108,34333,23323,0.6793172749249993,102232,32690,0.3197628922450896,0.5556357742743481,0.17253075187422665,radar__evaluation__instance__severe__a2,radar,instance,severe,,q_alarm_persistence_7,hddm_w,0.05,1,0,complete
144753,137515,85265,19950,21,20.119693874992663,False,7238,rl,True,136565,0.569172189067477,0.4399368384743756,34333,21215,0.6179186205691317,102232,39132,0.38277643008060097,0.5311772506261971,0.1789067617730548,radar__evaluation__instance__severe__a2,radar,instance,severe,,q_alarm_persistence_7,hddm_w,0.01,5,4,complete
144753,137515,96665,19950,21,22.522110167017672,False,7238,rl,True,136565,0.5933365064255116,0.4150404521538803,34333,24031,0.6999388343576152,102232,30548,0.2988105485562251,0.5552526889641962,0.14915204891185677,radar__evaluation__instance__severe__a2,radar,instance,severe,,q_alarm_persistence_7,hddm_w,0.02,1,0,complete
144753,137515,77665,14250,15,21.485651875002077,False,7238,rl,True,136565,0.5436678504741332,0.36668440421346427,34333,19403,0.5651414091398945,102232,44920,0.4393927537365991,0.5247090025047886,0.1929834776912439,radar__evaluation__instance__severe__a2,radar,instance,severe,,q_alarm_persistence_7,hddm_w,0.05,5,4,complete
144753,137515,88115,17100,18,24.052125417016214,False,7238,rl,True,136565,0.5331307436019478,0.39469382384298757,34333,21917,0.6383654210235051,102232,36984,0.3617653963533923,0.5050095771327537,0.21963752820438168,radar__evaluation__instance__severe__a2,radar,instance,severe,,q_alarm_persistence_7,hddm_w,0.02,5,4,complete
144753,137515,108065,17100,18,24.005785166984424,False,7238,rl,True,136565,0.5625819206971039,0.4055737721680497,34333,27052,0.7879299799027175,102232,22169,0.21684991000860787,0.5739796670104612,0.2589708130140476,radar__evaluation__instance__severe__a2,radar,instance,severe,,q_alarm_persistence_17,hddm_w,0.01,1,0,complete
144753,137515,95715,20900,22,21.261762541995267,False,7238,rl,True,136565,0.5445245853622817,0.41418553828846233,34333,23816,0.6936766376372586,102232,31283,0.30600007825338443,0.6038603212022985,0.2875464007569692,radar__evaluation__instance__severe__a2,radar,instance,severe,,q_alarm_persistence_17,hddm_w,0.05,1,0,complete
144753,137515,87165,11400,12,22.888839874998666,False,7238,rl,True,136565,0.5203529454838355,0.38095725861741897,34333,21773,0.634171205545685,102232,37790,0.36964942483762425,0.5657433328421984,0.23730984787830264,radar__evaluation__instance__severe__a2,radar,instance,severe,,q_alarm_persistence_17,hddm_w,0.01,5,4,complete
144753,137515,78615,11400,12,19.312493999983417,False,7238,rl,True,136565,0.5034672134148573,0.3304953118643716,34333,19641,0.5720735152768474,102232,44208,0.432428202519759,0.5331368793281273,0.21818181818181817,radar__evaluation__instance__severe__a2,radar,instance,severe,,q_alarm_persistence_17,hddm_w,0.02,5,4,complete
144753,137515,87165,86215,91,13.725434041989502,False,7238,rl,True,136565,0.5096913557646542,0.3912753399364028,34333,21622,0.6297731045932484,102232,37639,0.36817239220596293,0.5488433770443495,0.32942717810612127,radar__evaluation__instance__severe__a2,radar,instance,severe,,q_alarm_persistence_27,hddm_w,0.01,1,0,complete
144753,137515,106165,18050,19,23.914110665995395,False,7238,rl,True,136565,0.5738878922124996,0.4266031137724136,34333,26465,0.7708327265313255,102232,23482,0.22969324673292119,0.5861794607337557,0.25458912584613147,radar__evaluation__instance__severe__a2,radar,instance,severe,,q_alarm_persistence_17,hddm_w,0.02,1,0,complete
144753,137515,85265,6650,7,25.321383624977898,False,7238,rl,True,136565,0.524065463332479,0.31069551933872086,34333,21214,0.617889494072758,102232,39131,0.38276664840754365,0.39689111536761457,0.12929616420409054,radar__evaluation__instance__severe__a2,radar,instance,severe,,q_alarm_persistence_17,hddm_w,0.05,5,4,complete
144753,137515,79565,78615,83,14.01493620799738,False,7238,rl,True,136565,0.5182294145644931,0.4049789152959511,34333,19619,0.5714327323566248,102232,43236,0.4229204163080053,0.5773684986002652,0.33967537666496833,radar__evaluation__instance__severe__a2,radar,instance,severe,,q_alarm_persistence_27,hddm_w,0.05,1,0,complete
144753,137515,69115,68165,72,14.453609541000333,False,7238,rl,True,136565,0.507933950865888,0.29891256381438025,34333,17133,0.49902426237147934,102232,51200,0.5008216605368182,0.48069839398850744,0.25748598879103285,radar__evaluation__instance__severe__a2,radar,instance,severe,,q_alarm_persistence_27,hddm_w,0.01,5,4,complete
144753,137515,80515,79565,84,13.69898300000932,False,7238,rl,True,136565,0.5118881118881119,0.39854683426652737,34333,19870,0.5787434829464364,102232,42537,0.41608302684091086,0.5762339767202004,0.348584322003057,radar__evaluation__instance__severe__a2,radar,instance,severe,,q_alarm_persistence_27,hddm_w,0.02,1,0,complete
144753,137515,71015,70065,74,14.800521666998975,False,7238,rl,True,136565,0.5195181781569216,0.31688087512874585,34333,17711,0.5158593772755076,102232,49878,0.48789028875498863,0.46811551495506115,0.2578499162966737,radar__evaluation__instance__severe__a2,radar,instance,severe,,q_alarm_persistence_27,hddm_w,0.02,5,4,complete
144753,137515,72915,71965,76,14.693040250014747,False,7238,rl,True,136565,0.5315783692747044,0.3263795426298107,34333,18175,0.529374071592928,102232,48442,0.4738438062446201,0.47079711212612346,0.2440206710823204,radar__evaluation__instance__severe__a2,radar,instance,severe,,q_alarm_persistence_27,hddm_w,0.05,5,4,complete
144753,137515,129915,0,0,50.69847208401188,False,7238,none,True,136565,0.5998242595101234,0.34786210205119233,34333,32408,0.9439314944805289,102232,5675,0.05551099460051647,0.6135111242080448,0.08201470267122789,radar__evaluation__instance__severe__a2,radar,instance,severe,,no_reset,hellinger,0.01,1,0,complete
144753,137515,115665,0,0,50.701151500004926,False,7238,none,True,136565,0.5707758210376012,0.3165723722107404,34333,28854,0.8404159263682172,102232,16371,0.16013576962203616,0.6646530131133048,0.1367493995196157,radar__evaluation__instance__severe__a2,radar,instance,severe,,no_reset,hellinger,0.05,1,0,complete
144753,137515,118515,0,0,49.90634187500109,False,7238,none,True,136565,0.6161388349870025,0.42280516580474786,34333,29525,0.8599598054350043,102232,14192,0.1388215040300493,0.6545307204950641,0.08892932527840454,radar__evaluation__instance__severe__a2,radar,instance,severe,,no_reset,hellinger,0.01,5,4,complete
144753,137515,121365,0,0,50.32332899997709,False,7238,none,True,136565,0.5681104236078058,0.2972952408231246,34333,30231,0.8805231118748725,102232,12048,0.11784959699507004,0.5917636658317371,0.10028386345439988,radar__evaluation__instance__severe__a2,radar,instance,severe,,no_reset,hellinger,0.02,1,0,complete
144753,137515,109965,0,0,47.01169954199577,False,7238,none,True,136565,0.5501629260791564,0.3543802930641419,34333,27417,0.7985611510791367,102232,20634,0.2018350418655607,0.6003978193605423,0.16938641822548947,radar__evaluation__instance__severe__a2,radar,instance,severe,,no_reset,hellinger,0.02,5,4,complete
144753,145115,125165,11400,4,35.059033792000264,False,7238,confirmed,True,136565,0.507933950865888,0.34831599450389744,34333,29437,0.8573966737541141,102232,15054,0.1472533062054934,0.487785472226315,0.303908581410583,radar__evaluation__instance__severe__a2,radar,instance,severe,,confirmed,hellinger,0.01,1,0,complete
144753,150815,116615,8550,3,35.980354250001255,False,7238,confirmed,True,136565,0.5292424852634277,0.3960735037940624,34333,27640,0.8050563597704832,102232,19907,0.19472376555286017,0.5153823486076322,0.2509498507897227,radar__evaluation__instance__severe__a2,radar,instance,severe,,confirmed,hellinger,0.01,5,4,complete
144753,145115,110915,8550,3,34.406440582999494,False,7238,confirmed,True,136565,0.5573609636436861,0.3959988039547646,34333,26286,0.7656190836804241,102232,24253,0.23723491666014554,0.5702666863120672,0.2636290850862508,radar__evaluation__instance__severe__a2,radar,instance,severe,,confirmed,hellinger,0.05,1,0,complete
144753,145115,117565,8550,3,34.11967983300565,False,7238,confirmed,True,136565,0.5295353860798887,0.34605918736676866,34333,28066,0.8174642472257012,102232,19383,0.18959816887080366,0.4909385590098718,0.2459713225125555,radar__evaluation__instance__severe__a2,radar,instance,severe,,confirmed,hellinger,0.02,1,0,complete
144753,137515,111865,0,0,46.26810120799928,False,7238,none,True,136565,0.5590817559403947,0.2878064625127496,34333,27860,0.8114641889727084,102232,19177,0.18758314422098757,0.5448651834389273,0.10692190115728947,radar__evaluation__instance__severe__a2,radar,instance,severe,,no_reset,hellinger,0.05,5,4,complete
144753,137515,94765,33250,35,17.72064045901061,False,7238,rl,True,136565,0.5145022516750265,0.3840378181445247,34333,23618,0.6879095913552559,102232,32035,0.313355896392519,0.5634153528805068,0.311609287429944,radar__evaluation__instance__severe__a2,radar,instance,severe,,error_rule,hellinger,0.01,1,0,complete
144753,137515,72915,17100,18,20.57573675000458,False,7238,rl,True,136565,0.4885658843774027,0.28069483373825876,34333,18155,0.5287915416654531,102232,48422,0.4736481727834729,0.5247974068071313,0.24147317854283426,radar__evaluation__instance__severe__a2,radar,instance,severe,,error_rule,hellinger,0.01,5,4,complete
144753,154615,110915,5700,2,37.82455362501787,False,7238,confirmed,True,136565,0.5626697909420423,0.38856124019309823,34333,26707,0.7778813386537733,102232,22774,0.2227678222083105,0.5154265507588036,0.17634471213334305,radar__evaluation__instance__severe__a2,radar,instance,severe,,confirmed,hellinger,0.02,5,4,complete
144753,137515,85265,29450,31,16.847139416990103,False,7238,rl,True,136565,0.5092446820195511,0.3806654634769576,34333,21147,0.6159380188157166,102232,39064,0.38211127631270053,0.5968027110652718,0.33092655942936167,radar__evaluation__instance__severe__a2,radar,instance,severe,,error_rule,hellinger,0.05,1,0,complete
144753,137515,87165,28500,30,16.944599583017407,False,7238,rl,True,136565,0.5101599970709918,0.38217575481959165,34333,21619,0.6296857251041272,102232,37636,0.3681430471867908,0.5828790334462944,0.33092655942936167,radar__evaluation__instance__severe__a2,radar,instance,severe,,error_rule,hellinger,0.02,1,0,complete
144753,152715,109965,2850,1,37.945708916988224,False,7238,confirmed,True,136565,0.5967780910189288,0.40324348773792484,34333,26921,0.7841144088777561,102232,22038,0.21556851083809375,0.4762339767202004,0.09993449304898465,radar__evaluation__instance__severe__a2,radar,instance,severe,,confirmed,hellinger,0.05,5,4,complete
144753,137515,69115,19950,21,17.29600508400472,False,7238,rl,True,136565,0.46637132501006845,0.32140532105048125,34333,17209,0.5012378760958844,102232,51276,0.5015650676891775,0.44711949314866656,0.2867603173447849,radar__evaluation__instance__severe__a2,radar,instance,severe,,error_rule,hellinger,0.02,5,4,complete
144753,137515,71015,17100,18,20.035163207998266,False,7238,rl,True,136565,0.5338556731226888,0.3725725172334036,34333,17774,0.5176943465470538,102232,49941,0.4885065341576023,0.5015470752909975,0.21040832666132905,radar__evaluation__instance__severe__a2,radar,instance,severe,,error_rule,hellinger,0.05,5,4,complete
144753,137515,92865,31350,33,18.03465604200028,False,7238,rl,True,136565,0.5164573646249039,0.38551325514671864,34333,23109,0.6730842047010165,102232,33426,0.32696220361530637,0.5488139089435686,0.30363199650629596,radar__evaluation__instance__severe__a2,radar,instance,severe,,selected_map,hellinger,0.01,1,0,complete
144753,137515,89065,29450,31,17.87177483299456,False,7238,rl,True,136565,0.5340899937758576,0.3982064000626929,34333,22109,0.6439577083272653,102232,36226,0.3543508881759136,0.5806394577869456,0.29099643351044474,radar__evaluation__instance__severe__a2,radar,instance,severe,,selected_map,hellinger,0.05,1,0,complete
144753,137515,72915,17100,18,21.320763958006864,False,7238,rl,True,136565,0.48903452568374034,0.28110597721470526,34333,18164,0.5290536801328168,102232,48431,0.47373620784098913,0.5250036835125976,0.24105102263629086,radar__evaluation__instance__severe__a2,radar,instance,severe,,selected_map,hellinger,0.01,5,4,complete
144753,137515,89065,29450,31,17.474613166006748,False,7238,rl,True,136565,0.527199502068612,0.3922434406160624,34333,22073,0.6429091544578103,102232,36190,0.3539987479458487,0.5528510387505525,0.29099643351044474,radar__evaluation__instance__severe__a2,radar,instance,severe,,selected_map,hellinger,0.02,1,0,complete
144753,137515,82415,19000,20,18.781441833009012,False,7238,rl,True,136565,0.49414564493098523,0.33727182669895817,34333,20564,0.5989572714298197,102232,41331,0.404286329133735,0.4292470900250479,0.22963825605939298,radar__evaluation__instance__severe__a2,radar,instance,severe,,selected_map,hellinger,0.02,5,4,complete
144753,137515,83365,19000,20,18.938813707994996,False,7238,rl,True,136565,0.5011020393219346,0.3389408643120586,34333,20797,0.6057437450849037,102232,40614,0.3972728695516081,0.4292470900250479,0.21580901084503967,radar__evaluation__instance__severe__a2,radar,instance,severe,,selected_map,hellinger,0.05,5,4,complete
144753,137515,129915,0,0,52.490129958983744,False,7238,rl,True,136565,0.5998242595101234,0.34786210205119233,34333,32408,0.9439314944805289,102232,5675,0.05551099460051647,0.6135111242080448,0.08201470267122789,radar__evaluation__instance__severe__a2,radar,instance,severe,,q_alarm_persistence_7,hellinger,0.01,1,0,complete
144753,137515,115665,0,0,50.76026737499342,False,7238,rl,True,136565,0.5707758210376012,0.3165723722107404,34333,28854,0.8404159263682172,102232,16371,0.16013576962203616,0.6646530131133048,0.1367493995196157,radar__evaluation__instance__severe__a2,radar,instance,severe,,q_alarm_persistence_7,hellinger,0.05,1,0,complete
144753,137515,118515,0,0,49.035471749986755,False,7238,rl,True,136565,0.6161388349870025,0.42280516580474786,34333,29525,0.8599598054350043,102232,14192,0.1388215040300493,0.6545307204950641,0.08892932527840454,radar__evaluation__instance__severe__a2,radar,instance,severe,,q_alarm_persistence_7,hellinger,0.01,5,4,complete
144753,137515,109965,0,0,46.95906870800536,False,7238,rl,True,136565,0.5501629260791564,0.3543802930641419,34333,27417,0.7985611510791367,102232,20634,0.2018350418655607,0.6003978193605423,0.16938641822548947,radar__evaluation__instance__severe__a2,radar,instance,severe,,q_alarm_persistence_7,hellinger,0.02,5,4,complete
144753,137515,121365,0,0,48.93925629099249,False,7238,rl,True,136565,0.5681104236078058,0.2972952408231246,34333,30231,0.8805231118748725,102232,12048,0.11784959699507004,0.5917636658317371,0.10028386345439988,radar__evaluation__instance__severe__a2,radar,instance,severe,,q_alarm_persistence_7,hellinger,0.02,1,0,complete
144753,137515,111865,0,0,47.970999750017654,False,7238,rl,True,136565,0.5590817559403947,0.2878064625127496,34333,27860,0.8114641889727084,102232,19177,0.18758314422098757,0.5448651834389273,0.10692190115728947,radar__evaluation__instance__severe__a2,radar,instance,severe,,q_alarm_persistence_7,hellinger,0.05,5,4,complete
144753,137515,129915,0,0,50.37397612500354,False,7238,rl,True,136565,0.5998242595101234,0.34786210205119233,34333,32408,0.9439314944805289,102232,5675,0.05551099460051647,0.6135111242080448,0.08201470267122789,radar__evaluation__instance__severe__a2,radar,instance,severe,,q_alarm_persistence_17,hellinger,0.01,1,0,complete
144753,137515,115665,0,0,50.46849066700088,False,7238,rl,True,136565,0.5707758210376012,0.3165723722107404,34333,28854,0.8404159263682172,102232,16371,0.16013576962203616,0.6646530131133048,0.1367493995196157,radar__evaluation__instance__severe__a2,radar,instance,severe,,q_alarm_persistence_17,hellinger,0.05,1,0,complete
144753,137515,118515,0,0,49.28529179102043,False,7238,rl,True,136565,0.6161388349870025,0.42280516580474786,34333,29525,0.8599598054350043,102232,14192,0.1388215040300493,0.6545307204950641,0.08892932527840454,radar__evaluation__instance__severe__a2,radar,instance,severe,,q_alarm_persistence_17,hellinger,0.01,5,4,complete
144753,137515,121365,0,0,48.889110832998995,False,7238,rl,True,136565,0.5681104236078058,0.2972952408231246,34333,30231,0.8805231118748725,102232,12048,0.11784959699507004,0.5917636658317371,0.10028386345439988,radar__evaluation__instance__severe__a2,radar,instance,severe,,q_alarm_persistence_17,hellinger,0.02,1,0,complete
144753,137515,93815,30400,32,18.315806833998067,False,7238,rl,True,136565,0.5164646871453155,0.38528260656518176,34333,23354,0.6802201963125856,102232,32721,0.32006612410986773,0.5663621629585973,0.3057282189387874,radar__evaluation__instance__severe__a2,radar,instance,severe,,q_alarm_persistence_27,hellinger,0.01,1,0,complete
144753,137515,73865,16150,17,21.14999129201169,False,7238,rl,True,136565,0.4885951744590488,0.2807319824811929,34333,18389,0.5356071418169108,102232,47706,0.4666444948744033,0.5248416089583027,0.24145862144260863,radar__evaluation__instance__severe__a2,radar,instance,severe,,q_alarm_persistence_27,hellinger,0.01,5,4,complete
144753,137515,90965,28500,30,17.635414624994155,False,7238,rl,True,136565,0.5280342693955259,0.39253346195231736,34333,22562,0.6571520111845746,102232,34779,0.3401968072619141,0.5667599823191395,0.2911565616129267,radar__evaluation__instance__severe__a2,radar,instance,severe,,q_alarm_persistence_27,hellinger,0.02,1,0,complete
144753,137515,90015,28500,30,17.654199833996245,False,7238,rl,True,136565,0.5340094460513308,0.3981624148909144,34333,22344,0.6508024349750968,102232,35511,0.3473569919399014,0.580683659938117,0.2911565616129267,radar__evaluation__instance__severe__a2,radar,instance,severe,,q_alarm_persistence_27,hellinger,0.05,1,0,complete
144753,137515,109965,0,0,48.38876583302044,False,7238,rl,True,136565,0.5501629260791564,0.3543802930641419,34333,27417,0.7985611510791367,102232,20634,0.2018350418655607,0.6003978193605423,0.16938641822548947,radar__evaluation__instance__severe__a2,radar,instance,severe,,q_alarm_persistence_17,hellinger,0.02,5,4,complete
144753,137515,111865,0,0,46.3590840830002,False,7238,rl,True,136565,0.5590817559403947,0.2878064625127496,34333,27860,0.8114641889727084,102232,19177,0.18758314422098757,0.5448651834389273,0.10692190115728947,radar__evaluation__instance__severe__a2,radar,instance,severe,,q_alarm_persistence_17,hellinger,0.05,5,4,complete
144753,137515,82415,19000,20,18.523602624976775,False,7238,rl,True,136565,0.49414564493098523,0.33727182669895817,34333,20564,0.5989572714298197,102232,41331,0.404286329133735,0.4292470900250479,0.22963825605939298,radar__evaluation__instance__severe__a2,radar,instance,severe,,q_alarm_persistence_27,hellinger,0.02,5,4,complete
144753,137515,83365,19000,20,18.856222624977818,False,7238,rl,True,136565,0.5011020393219346,0.3389408643120586,34333,20797,0.6057437450849037,102232,40614,0.3972728695516081,0.4292470900250479,0.21580901084503967,radar__evaluation__instance__severe__a2,radar,instance,severe,,q_alarm_persistence_27,hellinger,0.05,5,4,complete
144753,137515,118515,0,0,48.77645379200112,False,7238,none,True,136565,0.6161388349870025,0.42280516580474786,34333,29525,0.8599598054350043,102232,14192,0.1388215040300493,0.6545307204950641,0.08892932527840454,radar__evaluation__instance__severe__a2,radar,instance,severe,,no_reset,d3_oof,0.01,5,4,complete
144753,137515,115665,0,0,51.53522562500439,False,7238,none,True,136565,0.5707758210376012,0.3165723722107404,34333,28854,0.8404159263682172,102232,16371,0.16013576962203616,0.6646530131133048,0.1367493995196157,radar__evaluation__instance__severe__a2,radar,instance,severe,,no_reset,d3_oof,0.05,1,0,complete
144753,137515,121365,0,0,48.65313716698438,False,7238,none,True,136565,0.5681104236078058,0.2972952408231246,34333,30231,0.8805231118748725,102232,12048,0.11784959699507004,0.5917636658317371,0.10028386345439988,radar__evaluation__instance__severe__a2,radar,instance,severe,,no_reset,d3_oof,0.02,1,0,complete
144753,137515,129915,0,0,52.21628975000931,False,7238,none,True,136565,0.5998242595101234,0.34786210205119233,34333,32408,0.9439314944805289,102232,5675,0.05551099460051647,0.6135111242080448,0.08201470267122789,radar__evaluation__instance__severe__a2,radar,instance,severe,,no_reset,d3_oof,0.01,1,0,complete
144753,137515,109965,0,0,46.75779745800537,False,7238,none,True,136565,0.5501629260791564,0.3543802930641419,34333,27417,0.7985611510791367,102232,20634,0.2018350418655607,0.6003978193605423,0.16938641822548947,radar__evaluation__instance__severe__a2,radar,instance,severe,,no_reset,d3_oof,0.02,5,4,complete
144753,143215,122315,8550,3,40.95215191700845,False,7238,confirmed,True,136565,0.5694284772818804,0.3941933262368199,34333,29857,0.8696298022310897,102232,13574,0.132776430080601,0.5796670104611757,0.18344857704345294,radar__evaluation__instance__severe__a2,radar,instance,severe,,confirmed,d3_oof,0.01,5,4,complete
144753,143215,128965,8550,3,41.71187566698063,False,7238,confirmed,True,136565,0.6110277157397577,0.4537151810356661,34333,30790,0.8968048233477995,102232,10707,0.10473237342515064,0.6086930897303668,0.15584831501564889,radar__evaluation__instance__severe__a2,radar,instance,severe,,confirmed,d3_oof,0.01,1,0,complete
144753,141315,112815,5700,2,39.05805474999943,False,7238,confirmed,True,136565,0.6272837110533446,0.4615091596044787,34333,27641,0.8050854862668569,102232,19908,0.1947335472259175,0.6632827464269928,0.12887400829754714,radar__evaluation__instance__severe__a2,radar,instance,severe,,confirmed,d3_oof,0.05,1,0,complete
144753,137515,111865,0,0,46.63982512502116,False,7238,none,True,136565,0.5590817559403947,0.2878064625127496,34333,27860,0.8114641889727084,102232,19177,0.18758314422098757,0.5448651834389273,0.10692190115728947,radar__evaluation__instance__severe__a2,radar,instance,severe,,no_reset,d3_oof,0.05,5,4,complete
144753,143215,123265,8550,3,39.730668749980396,False,7238,confirmed,True,136565,0.6215062424486508,0.449889755522043,34333,30087,0.8763288963970524,102232,12854,0.12573362547930197,0.6623692353027847,0.13414367857922702,radar__evaluation__instance__severe__a2,radar,instance,severe,,confirmed,d3_oof,0.02,1,0,complete
144753,137515,94765,33250,35,18.22265187499579,False,7238,rl,True,136565,0.5145022516750265,0.3840378181445247,34333,23618,0.6879095913552559,102232,32035,0.313355896392519,0.5634153528805068,0.311609287429944,radar__evaluation__instance__severe__a2,radar,instance,severe,,error_rule,d3_oof,0.01,1,0,complete
144753,137515,72915,17100,18,23.045600916986587,False,7238,rl,True,136565,0.4885658843774027,0.28069483373825876,34333,18155,0.5287915416654531,102232,48422,0.4736481727834729,0.5247974068071313,0.24147317854283426,radar__evaluation__instance__severe__a2,radar,instance,severe,,error_rule,d3_oof,0.01,5,4,complete
144753,137515,87165,28500,30,17.7742900000012,False,7238,rl,True,136565,0.5101599970709918,0.38217575481959165,34333,21619,0.6296857251041272,102232,37636,0.3681430471867908,0.5828790334462944,0.33092655942936167,radar__evaluation__instance__severe__a2,radar,instance,severe,,error_rule,d3_oof,0.02,1,0,complete
144753,137515,85265,29450,31,17.70824837499822,False,7238,rl,True,136565,0.5092446820195511,0.3806654634769576,34333,21147,0.6159380188157166,102232,39064,0.38211127631270053,0.5968027110652718,0.33092655942936167,radar__evaluation__instance__severe__a2,radar,instance,severe,,error_rule,d3_oof,0.05,1,0,complete
144753,143215,119465,8550,3,40.788657958008116,False,7238,confirmed,True,136565,0.595987258814484,0.4262740869627436,34333,29107,0.8477849299507763,102232,15674,0.15331794350105643,0.5959776042434065,0.16692626828735715,radar__evaluation__instance__severe__a2,radar,instance,severe,,confirmed,d3_oof,0.02,5,4,complete
144753,143215,109965,5700,2,40.67254250001861,False,7238,confirmed,True,136565,0.5800461318785927,0.39143430585006955,34333,26886,0.7830949815046748,102232,22003,0.21522615228108616,0.5208486813024901,0.14341655142295653,radar__evaluation__instance__severe__a2,radar,instance,severe,,confirmed,d3_oof,0.05,5,4,complete
144753,137515,69115,19950,21,19.37921745798667,False,7238,rl,True,136565,0.46637132501006845,0.32140532105048125,34333,17209,0.5012378760958844,102232,51276,0.5015650676891775,0.44711949314866656,0.2867603173447849,radar__evaluation__instance__severe__a2,radar,instance,severe,,error_rule,d3_oof,0.02,5,4,complete
144753,137515,94765,33250,35,18.86455683299573,False,7238,rl,True,136565,0.5145022516750265,0.3840378181445247,34333,23618,0.6879095913552559,102232,32035,0.313355896392519,0.5634153528805068,0.311609287429944,radar__evaluation__instance__severe__a2,radar,instance,severe,,selected_map,d3_oof,0.01,1,0,complete
144753,137515,71015,17100,18,21.82975770899793,False,7238,rl,True,136565,0.5338556731226888,0.3725725172334036,34333,17774,0.5176943465470538,102232,49941,0.4885065341576023,0.5015470752909975,0.21040832666132905,radar__evaluation__instance__severe__a2,radar,instance,severe,,error_rule,d3_oof,0.05,5,4,complete
144753,137515,85265,29450,31,17.601058000000194,False,7238,rl,True,136565,0.5092446820195511,0.3806654634769576,34333,21147,0.6159380188157166,102232,39064,0.38211127631270053,0.5968027110652718,0.33092655942936167,radar__evaluation__instance__severe__a2,radar,instance,severe,,selected_map,d3_oof,0.05,1,0,complete
144753,137515,72915,17100,18,23.060332583001582,False,7238,rl,True,136565,0.4885658843774027,0.28069483373825876,34333,18155,0.5287915416654531,102232,48422,0.4736481727834729,0.5247974068071313,0.24147317854283426,radar__evaluation__instance__severe__a2,radar,instance,severe,,selected_map,d3_oof,0.01,5,4,complete
144753,137515,87165,28500,30,17.763008540990995,False,7238,rl,True,136565,0.5101599970709918,0.38217575481959165,34333,21619,0.6296857251041272,102232,37636,0.3681430471867908,0.5828790334462944,0.33092655942936167,radar__evaluation__instance__severe__a2,radar,instance,severe,,selected_map,d3_oof,0.02,1,0,complete
144753,137515,69115,19950,21,19.765613208001014,False,7238,rl,True,136565,0.46637132501006845,0.32140532105048125,34333,17209,0.5012378760958844,102232,51276,0.5015650676891775,0.44711949314866656,0.2867603173447849,radar__evaluation__instance__severe__a2,radar,instance,severe,,selected_map,d3_oof,0.02,5,4,complete
144753,137515,73865,19000,20,21.765738541987957,False,7238,rl,True,136565,0.5356350455826896,0.37909111855293687,34333,18495,0.5386945504325285,102232,47812,0.46768135221848345,0.48118461765139237,0.21838561758497707,radar__evaluation__instance__severe__a2,radar,instance,severe,,selected_map,d3_oof,0.05,5,4,complete
144753,137515,101415,52965,56,18.7061547919875,False,7238,rl,True,136565,0.5448907113828579,0.4104172006372156,34333,25327,0.7376867736579967,102232,27094,0.2650246498161046,0.5260792691911006,0.2671664604410801,radar__evaluation__instance__severe__a2,radar,instance,severe,,q_alarm_persistence_7,d3_oof,0.01,1,0,complete
144753,137515,90965,49165,52,21.033859332994325,False,7238,rl,True,136565,0.5669388203419617,0.4141057137980393,34333,22632,0.6591908659307372,102232,34849,0.3408815243759293,0.5765286577280094,0.24519979620059684,radar__evaluation__instance__severe__a2,radar,instance,severe,,q_alarm_persistence_7,d3_oof,0.05,1,0,complete
144753,137515,81465,49165,52,17.905414458015002,False,7238,rl,True,136565,0.5150514407058909,0.35638892771328856,34333,20226,0.5891125156554918,102232,41943,0.4102727130448392,0.48933254751731253,0.2534973433292088,radar__evaluation__instance__severe__a2,radar,instance,severe,,q_alarm_persistence_7,d3_oof,0.01,5,4,complete
144753,137515,91915,52015,55,20.134230665978976,False,7238,rl,True,136565,0.5584959543074727,0.41281911107594116,34333,22838,0.6651909241837299,102232,34105,0.3336039596212536,0.5660380138500074,0.2543125409418444,radar__evaluation__instance__severe__a2,radar,instance,severe,,q_alarm_persistence_7,d3_oof,0.02,1,0,complete
144753,137515,82415,48215,51,17.258465249993606,False,7238,rl,True,136565,0.516208398930912,0.35590091583665484,34333,20612,0.6003553432557598,102232,41379,0.4047558494404883,0.4382053926624429,0.25642332047456146,radar__evaluation__instance__severe__a2,radar,instance,severe,,q_alarm_persistence_7,d3_oof,0.02,5,4,complete
144753,137515,83365,48215,51,18.756653207994532,False,7238,rl,True,136565,0.5352323069600556,0.3987750525959136,34333,20844,0.60711269041447,102232,40661,0.39773260818530404,0.4532488581110947,0.25272581701725017,radar__evaluation__instance__severe__a2,radar,instance,severe,,q_alarm_persistence_7,d3_oof,0.05,5,4,complete
144753,137515,101415,52965,56,18.557569291006075,False,7238,rl,True,136565,0.5448907113828579,0.4104172006372156,34333,25327,0.7376867736579967,102232,27094,0.2650246498161046,0.5260792691911006,0.2671664604410801,radar__evaluation__instance__severe__a2,radar,instance,severe,,q_alarm_persistence_17,d3_oof,0.01,1,0,complete
144753,137515,90965,49165,52,21.096225040993886,False,7238,rl,True,136565,0.5669388203419617,0.4141057137980393,34333,22632,0.6591908659307372,102232,34849,0.3408815243759293,0.5765286577280094,0.24519979620059684,radar__evaluation__instance__severe__a2,radar,instance,severe,,q_alarm_persistence_17,d3_oof,0.05,1,0,complete
144753,137515,81465,49165,52,18.319784666004125,False,7238,rl,True,136565,0.5150514407058909,0.35638892771328856,34333,20226,0.5891125156554918,102232,41943,0.4102727130448392,0.48933254751731253,0.2534973433292088,radar__evaluation__instance__severe__a2,radar,instance,severe,,q_alarm_persistence_17,d3_oof,0.01,5,4,complete
144753,137515,82415,48215,51,17.521597790997475,False,7238,rl,True,136565,0.516208398930912,0.35590091583665484,34333,20612,0.6003553432557598,102232,41379,0.4047558494404883,0.4382053926624429,0.25642332047456146,radar__evaluation__instance__severe__a2,radar,instance,severe,,q_alarm_persistence_17,d3_oof,0.02,5,4,complete
144753,137515,91915,52015,55,19.460194999992382,False,7238,rl,True,136565,0.5584959543074727,0.41281911107594116,34333,22838,0.6651909241837299,102232,34105,0.3336039596212536,0.5660380138500074,0.2543125409418444,radar__evaluation__instance__severe__a2,radar,instance,severe,,q_alarm_persistence_17,d3_oof,0.02,1,0,complete
144753,137515,83365,48215,51,18.522037457994884,False,7238,rl,True,136565,0.5352323069600556,0.3987750525959136,34333,20844,0.60711269041447,102232,40661,0.39773260818530404,0.4532488581110947,0.25272581701725017,radar__evaluation__instance__severe__a2,radar,instance,severe,,q_alarm_persistence_17,d3_oof,0.05,5,4,complete
144753,137515,87165,86215,91,13.63645233400166,False,7238,rl,True,136565,0.5096913557646542,0.3912753399364028,34333,21622,0.6297731045932484,102232,37639,0.36817239220596293,0.5488433770443495,0.32942717810612127,radar__evaluation__instance__severe__a2,radar,instance,severe,,q_alarm_persistence_27,d3_oof,0.01,1,0,complete
144753,137515,79565,78615,83,13.742062500008615,False,7238,rl,True,136565,0.5182294145644931,0.4049789152959511,34333,19619,0.5714327323566248,102232,43236,0.4229204163080053,0.5773684986002652,0.33967537666496833,radar__evaluation__instance__severe__a2,radar,instance,severe,,q_alarm_persistence_27,d3_oof,0.05,1,0,complete
144753,137515,80515,79565,84,13.22768412498408,False,7238,rl,True,136565,0.5118881118881119,0.39854683426652737,34333,19870,0.5787434829464364,102232,42537,0.41608302684091086,0.5762339767202004,0.348584322003057,radar__evaluation__instance__severe__a2,radar,instance,severe,,q_alarm_persistence_27,d3_oof,0.02,1,0,complete
144753,137515,69115,68165,72,14.74443579101353,False,7238,rl,True,136565,0.507933950865888,0.29891256381438025,34333,17133,0.49902426237147934,102232,51200,0.5008216605368182,0.48069839398850744,0.25748598879103285,radar__evaluation__instance__severe__a2,radar,instance,severe,,q_alarm_persistence_27,d3_oof,0.01,5,4,complete
144753,137515,71015,70065,74,13.834954040998127,False,7238,rl,True,136565,0.5195181781569216,0.31688087512874585,34333,17711,0.5158593772755076,102232,49878,0.48789028875498863,0.46811551495506115,0.2578499162966737,radar__evaluation__instance__severe__a2,radar,instance,severe,,q_alarm_persistence_27,d3_oof,0.02,5,4,complete
144753,137515,72915,71965,76,14.375169708015164,False,7238,rl,True,136565,0.5315783692747044,0.3263795426298107,34333,18175,0.529374071592928,102232,48442,0.4738438062446201,0.47079711212612346,0.2440206710823204,radar__evaluation__instance__severe__a2,radar,instance,severe,,q_alarm_persistence_27,d3_oof,0.05,5,4,complete
