stream,mode,level,base_seed,attack_seed,attack_assignment,base_key,condition,alarm_rate,alarm_blocks,monitored_blocks,poison_exposed_blocks,poison_alarm_blocks,poison_alarm_rate,unexposed_blocks,unexposed_alarm_blocks,unexposed_alarm_rate,event_recall,detected_events,scheduled_events,detection_delay,seconds_per_100k,detector,learner_resets,status,folder
RBF_I,clean,none,115.0,,,RBF_I__s115,RBF_I__s115__clean__none,0.15254237288135594,9,59,0,0,,8,0,0.0,1.0,3.0,3.0,4.666666666666667,0.013254929945105689,adwin,0,complete,results/per_dataset_study/passive_detectors/runs/RBF_I/adwin/RBF_I__s115__clean__none
RBF_I,concept,moderate,115.0,816888935.0,,RBF_I__s115,RBF_I__s115__concept__moderate,0.4576271186440678,27,59,26,23,0.8846153846153846,0,0,,1.0,3.0,3.0,4.0,0.013207710144342855,adwin,0,complete,results/per_dataset_study/passive_detectors/runs/RBF_I/adwin/RBF_I__s115__concept__moderate
RBF_I,concept,severe,115.0,1773327730.0,,RBF_I__s115,RBF_I__s115__concept__severe,0.4576271186440678,27,59,29,24,0.8275862068965517,0,0,,1.0,3.0,3.0,4.333333333333333,0.01326597678901938,adwin,0,complete,results/per_dataset_study/passive_detectors/runs/RBF_I/adwin/RBF_I__s115__concept__severe
RBF_I,instance,moderate,115.0,2781123431.0,,RBF_I__s115,RBF_I__s115__instance__moderate,0.11864406779661017,7,59,59,7,0.11864406779661017,0,0,,1.0,3.0,3.0,3.6666666666666665,0.013274924955718841,adwin,0,complete,results/per_dataset_study/passive_detectors/runs/RBF_I/adwin/RBF_I__s115__instance__moderate
RBF_I,instance,severe,115.0,2375605529.0,,RBF_I__s115,RBF_I__s115__instance__severe,0.0847457627118644,5,59,59,5,0.0847457627118644,0,0,,1.0,3.0,3.0,4.333333333333333,0.01309930817418111,adwin,0,complete,results/per_dataset_study/passive_detectors/runs/RBF_I/adwin/RBF_I__s115__instance__severe
RBF_I,splice,moderate,115.0,1439472368.0,,RBF_I__s115,RBF_I__s115__splice__moderate,0.4406779661016949,26,59,28,21,0.75,0,0,,1.0,3.0,3.0,4.333333333333333,0.01317797830173125,adwin,0,complete,results/per_dataset_study/passive_detectors/runs/RBF_I/adwin/RBF_I__s115__splice__moderate
RBF_I,splice,severe,115.0,1488950345.0,,RBF_I__s115,RBF_I__s115__splice__severe,0.3220338983050847,19,59,29,17,0.5862068965517241,0,0,,1.0,3.0,3.0,3.0,0.013406804985910034,adwin,0,complete,results/per_dataset_study/passive_detectors/runs/RBF_I/adwin/RBF_I__s115__splice__severe
RBF_I,clean,none,116.0,,,RBF_I__s116,RBF_I__s116__clean__none,0.15254237288135594,9,59,0,0,,8,0,0.0,1.0,3.0,3.0,3.6666666666666665,0.013685423182323575,adwin,0,complete,results/per_dataset_study/passive_detectors/runs/RBF_I/adwin/RBF_I__s116__clean__none
RBF_I,concept,moderate,116.0,3612327157.0,,RBF_I__s116,RBF_I__s116__concept__moderate,0.4745762711864407,28,59,26,23,0.8846153846153846,0,0,,1.0,3.0,3.0,5.0,0.013587018086885413,adwin,0,complete,results/per_dataset_study/passive_detectors/runs/RBF_I/adwin/RBF_I__s116__concept__moderate
RBF_I,concept,severe,116.0,87307388.0,,RBF_I__s116,RBF_I__s116__concept__severe,0.4915254237288136,29,59,29,24,0.8275862068965517,0,0,,1.0,3.0,3.0,2.6666666666666665,0.013708961826826757,adwin,0,complete,results/per_dataset_study/passive_detectors/runs/RBF_I/adwin/RBF_I__s116__concept__severe
RBF_I,instance,moderate,116.0,2934809029.0,,RBF_I__s116,RBF_I__s116__instance__moderate,0.11864406779661017,7,59,59,7,0.11864406779661017,0,0,,1.0,3.0,3.0,5.333333333333333,0.014688746693233648,adwin,0,complete,results/per_dataset_study/passive_detectors/runs/RBF_I/adwin/RBF_I__s116__instance__moderate
RBF_I,instance,severe,116.0,1132950715.0,,RBF_I__s116,RBF_I__s116__instance__severe,0.0847457627118644,5,59,59,5,0.0847457627118644,0,0,,1.0,3.0,3.0,8.666666666666666,0.01339680481275233,adwin,0,complete,results/per_dataset_study/passive_detectors/runs/RBF_I/adwin/RBF_I__s116__instance__severe
RBF_I,splice,moderate,116.0,2889189400.0,,RBF_I__s116,RBF_I__s116__splice__moderate,0.3898305084745763,23,59,27,18,0.6666666666666666,0,0,,1.0,3.0,3.0,4.333333333333333,0.0140436085833547,adwin,0,complete,results/per_dataset_study/passive_detectors/runs/RBF_I/adwin/RBF_I__s116__splice__moderate
RBF_I,splice,severe,116.0,51810913.0,,RBF_I__s116,RBF_I__s116__splice__severe,0.3728813559322034,22,59,29,19,0.6551724137931034,0,0,,1.0,3.0,3.0,2.6666666666666665,0.013424448407022282,adwin,0,complete,results/per_dataset_study/passive_detectors/runs/RBF_I/adwin/RBF_I__s116__splice__severe
RBF_I,clean,none,117.0,,,RBF_I__s117,RBF_I__s117__clean__none,0.13559322033898305,8,59,0,0,,8,0,0.0,1.0,3.0,3.0,2.0,0.01609222497791052,adwin,0,complete,results/per_dataset_study/passive_detectors/runs/RBF_I/adwin/RBF_I__s117__clean__none
RBF_I,concept,moderate,117.0,1695553040.0,,RBF_I__s117,RBF_I__s117__concept__moderate,0.559322033898305,33,59,27,26,0.9629629629629629,0,0,,1.0,3.0,3.0,2.3333333333333335,0.013767985365120694,adwin,0,complete,results/per_dataset_study/passive_detectors/runs/RBF_I/adwin/RBF_I__s117__concept__moderate
RBF_I,concept,severe,117.0,4269849707.0,,RBF_I__s117,RBF_I__s117__concept__severe,0.4576271186440678,27,59,29,22,0.7586206896551724,0,0,,1.0,3.0,3.0,4.333333333333333,0.013998750170382362,adwin,0,complete,results/per_dataset_study/passive_detectors/runs/RBF_I/adwin/RBF_I__s117__concept__severe
RBF_I,instance,moderate,117.0,670137400.0,,RBF_I__s117,RBF_I__s117__instance__moderate,0.13559322033898305,8,59,59,8,0.13559322033898305,0,0,,1.0,3.0,3.0,2.6666666666666665,0.01488707673464281,adwin,0,complete,results/per_dataset_study/passive_detectors/runs/RBF_I/adwin/RBF_I__s117__instance__moderate
RBF_I,instance,severe,117.0,2977372565.0,,RBF_I__s117,RBF_I__s117__instance__severe,0.1016949152542373,6,59,59,6,0.1016949152542373,0,0,,1.0,3.0,3.0,3.0,0.014011455059517173,adwin,0,complete,results/per_dataset_study/passive_detectors/runs/RBF_I/adwin/RBF_I__s117__instance__severe
RBF_I,splice,moderate,117.0,559821452.0,,RBF_I__s117,RBF_I__s117__splice__moderate,0.3389830508474576,20,59,28,15,0.5357142857142857,0,0,,1.0,3.0,3.0,5.333333333333333,0.013836379803251475,adwin,0,complete,results/per_dataset_study/passive_detectors/runs/RBF_I/adwin/RBF_I__s117__splice__moderate
RBF_I,splice,severe,117.0,3664738830.0,,RBF_I__s117,RBF_I__s117__splice__severe,0.2711864406779661,16,59,29,11,0.3793103448275862,0,0,,1.0,3.0,3.0,7.333333333333333,0.014706733394026136,adwin,0,complete,results/per_dataset_study/passive_detectors/runs/RBF_I/adwin/RBF_I__s117__splice__severe
RBF_I,clean,none,118.0,,,RBF_I__s118,RBF_I__s118__clean__none,0.13559322033898305,8,59,0,0,,8,1,0.125,1.0,3.0,3.0,4.333333333333333,0.014886876500289267,adwin,0,complete,results/per_dataset_study/passive_detectors/runs/RBF_I/adwin/RBF_I__s118__clean__none
RBF_I,concept,moderate,118.0,3840731115.0,,RBF_I__s118,RBF_I__s118__concept__moderate,0.4915254237288136,29,59,28,25,0.8928571428571429,0,0,,1.0,3.0,3.0,2.6666666666666665,0.01407465329975821,adwin,0,complete,results/per_dataset_study/passive_detectors/runs/RBF_I/adwin/RBF_I__s118__concept__moderate
RBF_I,concept,severe,118.0,3811301496.0,,RBF_I__s118,RBF_I__s118__concept__severe,0.4915254237288136,29,59,29,24,0.8275862068965517,0,0,,1.0,3.0,3.0,1.0,0.013527081609936431,adwin,0,complete,results/per_dataset_study/passive_detectors/runs/RBF_I/adwin/RBF_I__s118__concept__severe
RBF_I,instance,moderate,118.0,2809264908.0,,RBF_I__s118,RBF_I__s118__instance__moderate,0.13559322033898305,8,59,59,8,0.13559322033898305,0,0,,1.0,3.0,3.0,3.0,0.017514369925872113,adwin,0,complete,results/per_dataset_study/passive_detectors/runs/RBF_I/adwin/RBF_I__s118__instance__moderate
RBF_I,instance,severe,118.0,217127006.0,,RBF_I__s118,RBF_I__s118__instance__severe,0.11864406779661017,7,59,59,7,0.11864406779661017,0,0,,1.0,3.0,3.0,4.666666666666667,0.013460484963919347,adwin,0,complete,results/per_dataset_study/passive_detectors/runs/RBF_I/adwin/RBF_I__s118__instance__severe
RBF_I,splice,moderate,118.0,2850602314.0,,RBF_I__s118,RBF_I__s118__splice__moderate,0.3220338983050847,19,59,29,16,0.5517241379310345,0,0,,1.0,3.0,3.0,4.666666666666667,0.013793686715265116,adwin,0,complete,results/per_dataset_study/passive_detectors/runs/RBF_I/adwin/RBF_I__s118__splice__moderate
RBF_I,splice,severe,118.0,3587607091.0,,RBF_I__s118,RBF_I__s118__splice__severe,0.423728813559322,25,59,29,19,0.6551724137931034,0,0,,1.0,3.0,3.0,2.6666666666666665,0.013982923264848068,adwin,0,complete,results/per_dataset_study/passive_detectors/runs/RBF_I/adwin/RBF_I__s118__splice__severe
RBF_I,clean,none,119.0,,,RBF_I__s119,RBF_I__s119__clean__none,0.11864406779661017,7,59,0,0,,8,0,0.0,1.0,3.0,3.0,4.333333333333333,0.015001460124040022,adwin,0,complete,results/per_dataset_study/passive_detectors/runs/RBF_I/adwin/RBF_I__s119__clean__none
RBF_I,concept,moderate,119.0,1226255551.0,,RBF_I__s119,RBF_I__s119__concept__moderate,0.5254237288135594,31,59,28,25,0.8928571428571429,0,0,,1.0,3.0,3.0,4.0,0.013819033241209885,adwin,0,complete,results/per_dataset_study/passive_detectors/runs/RBF_I/adwin/RBF_I__s119__concept__moderate
RBF_I,concept,severe,119.0,1687454488.0,,RBF_I__s119,RBF_I__s119__concept__severe,0.423728813559322,25,59,29,22,0.7586206896551724,0,0,,1.0,3.0,3.0,4.666666666666667,0.01356909813087744,adwin,0,complete,results/per_dataset_study/passive_detectors/runs/RBF_I/adwin/RBF_I__s119__concept__severe
RBF_I,instance,moderate,119.0,1785768086.0,,RBF_I__s119,RBF_I__s119__instance__moderate,0.11864406779661017,7,59,59,7,0.11864406779661017,0,0,,1.0,3.0,3.0,4.333333333333333,0.01351153191838724,adwin,0,complete,results/per_dataset_study/passive_detectors/runs/RBF_I/adwin/RBF_I__s119__instance__moderate
RBF_I,instance,severe,119.0,80988754.0,,RBF_I__s119,RBF_I__s119__instance__severe,0.1016949152542373,6,59,59,6,0.1016949152542373,0,0,,1.0,3.0,3.0,6.0,0.013430274945373336,adwin,0,complete,results/per_dataset_study/passive_detectors/runs/RBF_I/adwin/RBF_I__s119__instance__severe
RBF_I,splice,moderate,119.0,1925764227.0,,RBF_I__s119,RBF_I__s119__splice__moderate,0.3898305084745763,23,59,28,18,0.6428571428571429,0,0,,1.0,3.0,3.0,2.6666666666666665,0.013796871644444765,adwin,0,complete,results/per_dataset_study/passive_detectors/runs/RBF_I/adwin/RBF_I__s119__splice__moderate
RBF_I,splice,severe,119.0,3024123001.0,,RBF_I__s119,RBF_I__s119__splice__severe,0.3220338983050847,19,59,29,14,0.4827586206896552,0,0,,1.0,3.0,3.0,3.3333333333333335,0.013348405191209167,adwin,0,complete,results/per_dataset_study/passive_detectors/runs/RBF_I/adwin/RBF_I__s119__splice__severe
RBF_I,clean,none,115.0,,,RBF_I__s115,RBF_I__s115__clean__none,0.05084745762711865,3,59,0,0,,8,0,0.0,1.0,3.0,3.0,7.666666666666667,0.15230646158064093,d3_oof,0,complete,results/per_dataset_study/passive_detectors/runs/RBF_I/d3_oof/RBF_I__s115__clean__none
RBF_I,concept,moderate,115.0,816888935.0,,RBF_I__s115,RBF_I__s115__concept__moderate,0.01694915254237288,1,59,26,1,0.038461538461538464,0,0,,0.3333333333333333,1.0,3.0,7.0,0.16428124838663885,d3_oof,0,complete,results/per_dataset_study/passive_detectors/runs/RBF_I/d3_oof/RBF_I__s115__concept__moderate
RBF_I,concept,severe,115.0,1773327730.0,,RBF_I__s115,RBF_I__s115__concept__severe,0.0,0,59,29,0,0.0,0,0,,0.0,0.0,3.0,,0.1804234748124145,d3_oof,0,complete,results/per_dataset_study/passive_detectors/runs/RBF_I/d3_oof/RBF_I__s115__concept__severe
RBF_I,instance,moderate,115.0,2781123431.0,,RBF_I__s115,RBF_I__s115__instance__moderate,0.0,0,59,59,0,0.0,0,0,,0.0,0.0,3.0,,0.17804590116914673,d3_oof,0,complete,results/per_dataset_study/passive_detectors/runs/RBF_I/d3_oof/RBF_I__s115__instance__moderate
RBF_I,instance,severe,115.0,2375605529.0,,RBF_I__s115,RBF_I__s115__instance__severe,0.01694915254237288,1,59,59,1,0.01694915254237288,0,0,,0.3333333333333333,1.0,3.0,20.0,0.16587770670109117,d3_oof,0,complete,results/per_dataset_study/passive_detectors/runs/RBF_I/d3_oof/RBF_I__s115__instance__severe
RBF_I,splice,moderate,115.0,1439472368.0,,RBF_I__s115,RBF_I__s115__splice__moderate,0.01694915254237288,1,59,28,1,0.03571428571428571,0,0,,0.3333333333333333,1.0,3.0,7.0,0.17047895996559723,d3_oof,0,complete,results/per_dataset_study/passive_detectors/runs/RBF_I/d3_oof/RBF_I__s115__splice__moderate
RBF_I,splice,severe,115.0,1488950345.0,,RBF_I__s115,RBF_I__s115__splice__severe,0.01694915254237288,1,59,29,1,0.034482758620689655,0,0,,0.3333333333333333,1.0,3.0,7.0,0.18676756696853167,d3_oof,0,complete,results/per_dataset_study/passive_detectors/runs/RBF_I/d3_oof/RBF_I__s115__splice__severe
RBF_I,clean,none,116.0,,,RBF_I__s116,RBF_I__s116__clean__none,0.0,0,59,0,0,,8,0,0.0,0.0,0.0,3.0,,0.22130542172817513,d3_oof,0,complete,results/per_dataset_study/passive_detectors/runs/RBF_I/d3_oof/RBF_I__s116__clean__none
RBF_I,concept,moderate,116.0,3612327157.0,,RBF_I__s116,RBF_I__s116__concept__moderate,0.05084745762711865,3,59,26,3,0.11538461538461539,0,0,,1.0,3.0,3.0,18.333333333333332,0.17497354492661543,d3_oof,0,complete,results/per_dataset_study/passive_detectors/runs/RBF_I/d3_oof/RBF_I__s116__concept__moderate
RBF_I,concept,severe,116.0,87307388.0,,RBF_I__s116,RBF_I__s116__concept__severe,0.01694915254237288,1,59,29,1,0.034482758620689655,0,0,,0.3333333333333333,1.0,3.0,7.0,0.17754062665820433,d3_oof,0,complete,results/per_dataset_study/passive_detectors/runs/RBF_I/d3_oof/RBF_I__s116__concept__severe
RBF_I,instance,moderate,116.0,2934809029.0,,RBF_I__s116,RBF_I__s116__instance__moderate,0.01694915254237288,1,59,59,1,0.01694915254237288,0,0,,0.3333333333333333,1.0,3.0,21.0,0.18095236485047886,d3_oof,0,complete,results/per_dataset_study/passive_detectors/runs/RBF_I/d3_oof/RBF_I__s116__instance__moderate
RBF_I,instance,severe,116.0,1132950715.0,,RBF_I__s116,RBF_I__s116__instance__severe,0.03389830508474576,2,59,59,2,0.03389830508474576,0,0,,0.6666666666666666,2.0,3.0,15.0,0.17185174341041903,d3_oof,0,complete,results/per_dataset_study/passive_detectors/runs/RBF_I/d3_oof/RBF_I__s116__instance__severe
RBF_I,splice,moderate,116.0,2889189400.0,,RBF_I__s116,RBF_I__s116__splice__moderate,0.03389830508474576,2,59,27,1,0.037037037037037035,0,0,,0.6666666666666666,2.0,3.0,9.0,0.17721839816658758,d3_oof,0,complete,results/per_dataset_study/passive_detectors/runs/RBF_I/d3_oof/RBF_I__s116__splice__moderate
RBF_I,splice,severe,116.0,51810913.0,,RBF_I__s116,RBF_I__s116__splice__severe,0.03389830508474576,2,59,29,1,0.034482758620689655,0,0,,0.6666666666666666,2.0,3.0,16.0,0.19438916356496824,d3_oof,0,complete,results/per_dataset_study/passive_detectors/runs/RBF_I/d3_oof/RBF_I__s116__splice__severe
RBF_I,clean,none,117.0,,,RBF_I__s117,RBF_I__s117__clean__none,0.01694915254237288,1,59,0,0,,8,0,0.0,0.3333333333333333,1.0,3.0,17.0,0.18804882017623945,d3_oof,0,complete,results/per_dataset_study/passive_detectors/runs/RBF_I/d3_oof/RBF_I__s117__clean__none
RBF_I,concept,moderate,117.0,1695553040.0,,RBF_I__s117,RBF_I__s117__concept__moderate,0.01694915254237288,1,59,27,1,0.037037037037037035,0,0,,0.3333333333333333,1.0,3.0,32.0,0.180852708532863,d3_oof,0,complete,results/per_dataset_study/passive_detectors/runs/RBF_I/d3_oof/RBF_I__s117__concept__moderate
RBF_I,concept,severe,117.0,4269849707.0,,RBF_I__s117,RBF_I__s117__concept__severe,0.0,0,59,29,0,0.0,0,0,,0.0,0.0,3.0,,0.21105839550727978,d3_oof,0,complete,results/per_dataset_study/passive_detectors/runs/RBF_I/d3_oof/RBF_I__s117__concept__severe
RBF_I,instance,moderate,117.0,670137400.0,,RBF_I__s117,RBF_I__s117__instance__moderate,0.01694915254237288,1,59,59,1,0.01694915254237288,0,0,,0.3333333333333333,1.0,3.0,15.0,0.17966292638448067,d3_oof,0,complete,results/per_dataset_study/passive_detectors/runs/RBF_I/d3_oof/RBF_I__s117__instance__moderate
RBF_I,instance,severe,117.0,2977372565.0,,RBF_I__s117,RBF_I__s117__instance__severe,0.01694915254237288,1,59,59,1,0.01694915254237288,0,0,,0.3333333333333333,1.0,3.0,19.0,0.1792429831402842,d3_oof,0,complete,results/per_dataset_study/passive_detectors/runs/RBF_I/d3_oof/RBF_I__s117__instance__severe
RBF_I,splice,moderate,117.0,559821452.0,,RBF_I__s117,RBF_I__s117__splice__moderate,0.03389830508474576,2,59,28,1,0.03571428571428571,0,0,,0.6666666666666666,2.0,3.0,21.5,0.19260166513655957,d3_oof,0,complete,results/per_dataset_study/passive_detectors/runs/RBF_I/d3_oof/RBF_I__s117__splice__moderate
RBF_I,splice,severe,117.0,3664738830.0,,RBF_I__s117,RBF_I__s117__splice__severe,0.05084745762711865,3,59,29,2,0.06896551724137931,0,0,,1.0,3.0,3.0,21.666666666666668,0.20674048990864927,d3_oof,0,complete,results/per_dataset_study/passive_detectors/runs/RBF_I/d3_oof/RBF_I__s117__splice__severe
RBF_I,clean,none,118.0,,,RBF_I__s118,RBF_I__s118__clean__none,0.01694915254237288,1,59,0,0,,8,0,0.0,0.3333333333333333,1.0,3.0,30.0,0.20120555680477992,d3_oof,0,complete,results/per_dataset_study/passive_detectors/runs/RBF_I/d3_oof/RBF_I__s118__clean__none
RBF_I,concept,moderate,118.0,3840731115.0,,RBF_I__s118,RBF_I__s118__concept__moderate,0.03389830508474576,2,59,28,2,0.07142857142857142,0,0,,0.6666666666666666,2.0,3.0,25.0,0.1784203433877944,d3_oof,0,complete,results/per_dataset_study/passive_detectors/runs/RBF_I/d3_oof/RBF_I__s118__concept__moderate
RBF_I,concept,severe,118.0,3811301496.0,,RBF_I__s118,RBF_I__s118__concept__severe,0.03389830508474576,2,59,29,1,0.034482758620689655,0,0,,0.6666666666666666,2.0,3.0,30.0,0.17588798208938292,d3_oof,0,complete,results/per_dataset_study/passive_detectors/runs/RBF_I/d3_oof/RBF_I__s118__concept__severe
RBF_I,instance,moderate,118.0,2809264908.0,,RBF_I__s118,RBF_I__s118__instance__moderate,0.05084745762711865,3,59,59,3,0.05084745762711865,0,0,,1.0,3.0,3.0,14.333333333333334,0.16449528169080924,d3_oof,0,complete,results/per_dataset_study/passive_detectors/runs/RBF_I/d3_oof/RBF_I__s118__instance__moderate
RBF_I,instance,severe,118.0,217127006.0,,RBF_I__s118,RBF_I__s118__instance__severe,0.01694915254237288,1,59,59,1,0.01694915254237288,0,0,,0.3333333333333333,1.0,3.0,30.0,0.1839481933954327,d3_oof,0,complete,results/per_dataset_study/passive_detectors/runs/RBF_I/d3_oof/RBF_I__s118__instance__severe
RBF_I,splice,moderate,118.0,2850602314.0,,RBF_I__s118,RBF_I__s118__splice__moderate,0.03389830508474576,2,59,29,1,0.034482758620689655,0,0,,0.6666666666666666,2.0,3.0,30.0,0.1868338902810744,d3_oof,0,complete,results/per_dataset_study/passive_detectors/runs/RBF_I/d3_oof/RBF_I__s118__splice__moderate
RBF_I,splice,severe,118.0,3587607091.0,,RBF_I__s118,RBF_I__s118__splice__severe,0.01694915254237288,1,59,29,0,0.0,0,0,,0.3333333333333333,1.0,3.0,31.0,0.20409672341581123,d3_oof,0,complete,results/per_dataset_study/passive_detectors/runs/RBF_I/d3_oof/RBF_I__s118__splice__severe
RBF_I,clean,none,119.0,,,RBF_I__s119,RBF_I__s119__clean__none,0.0,0,59,0,0,,8,0,0.0,0.0,0.0,3.0,,0.20113347510535579,d3_oof,0,complete,results/per_dataset_study/passive_detectors/runs/RBF_I/d3_oof/RBF_I__s119__clean__none
RBF_I,concept,moderate,119.0,1226255551.0,,RBF_I__s119,RBF_I__s119__concept__moderate,0.0,0,59,28,0,0.0,0,0,,0.0,0.0,3.0,,0.20041360830267269,d3_oof,0,complete,results/per_dataset_study/passive_detectors/runs/RBF_I/d3_oof/RBF_I__s119__concept__moderate
RBF_I,concept,severe,119.0,1687454488.0,,RBF_I__s119,RBF_I__s119__concept__severe,0.05084745762711865,3,59,29,3,0.10344827586206896,0,0,,1.0,3.0,3.0,11.0,0.16639965853149383,d3_oof,0,complete,results/per_dataset_study/passive_detectors/runs/RBF_I/d3_oof/RBF_I__s119__concept__severe
RBF_I,instance,moderate,119.0,1785768086.0,,RBF_I__s119,RBF_I__s119__instance__moderate,0.01694915254237288,1,59,59,1,0.01694915254237288,0,0,,0.3333333333333333,1.0,3.0,30.0,0.18104146142529012,d3_oof,0,complete,results/per_dataset_study/passive_detectors/runs/RBF_I/d3_oof/RBF_I__s119__instance__moderate
RBF_I,instance,severe,119.0,80988754.0,,RBF_I__s119,RBF_I__s119__instance__severe,0.0,0,59,59,0,0.0,0,0,,0.0,0.0,3.0,,0.19486847013467923,d3_oof,0,complete,results/per_dataset_study/passive_detectors/runs/RBF_I/d3_oof/RBF_I__s119__instance__severe
RBF_I,splice,moderate,119.0,1925764227.0,,RBF_I__s119,RBF_I__s119__splice__moderate,0.05084745762711865,3,59,28,3,0.10714285714285714,0,0,,1.0,3.0,3.0,7.0,0.17353534358941639,d3_oof,0,complete,results/per_dataset_study/passive_detectors/runs/RBF_I/d3_oof/RBF_I__s119__splice__moderate
RBF_I,splice,severe,119.0,3024123001.0,,RBF_I__s119,RBF_I__s119__splice__severe,0.01694915254237288,1,59,29,1,0.034482758620689655,0,0,,0.3333333333333333,1.0,3.0,32.0,0.272014245177464,d3_oof,0,complete,results/per_dataset_study/passive_detectors/runs/RBF_I/d3_oof/RBF_I__s119__splice__severe
RBF_I,clean,none,115.0,,,RBF_I__s115,RBF_I__s115__clean__none,0.5254237288135594,31,59,0,0,,8,2,0.25,1.0,3.0,3.0,2.0,0.1277486865001265,hddm_w,0,complete,results/per_dataset_study/passive_detectors/runs/RBF_I/hddm_w/RBF_I__s115__clean__none
RBF_I,concept,moderate,115.0,816888935.0,,RBF_I__s115,RBF_I__s115__concept__moderate,0.6949152542372882,41,59,26,23,0.8846153846153846,0,0,,1.0,3.0,3.0,2.3333333333333335,0.13402764835821773,hddm_w,0,complete,results/per_dataset_study/passive_detectors/runs/RBF_I/hddm_w/RBF_I__s115__concept__moderate
RBF_I,concept,severe,115.0,1773327730.0,,RBF_I__s115,RBF_I__s115__concept__severe,0.6610169491525424,39,59,29,27,0.9310344827586207,0,0,,1.0,3.0,3.0,2.3333333333333335,0.1372724334942177,hddm_w,0,complete,results/per_dataset_study/passive_detectors/runs/RBF_I/hddm_w/RBF_I__s115__concept__severe
RBF_I,instance,moderate,115.0,2781123431.0,,RBF_I__s115,RBF_I__s115__instance__moderate,0.576271186440678,34,59,59,34,0.576271186440678,0,0,,1.0,3.0,3.0,1.6666666666666667,0.11539153332705608,hddm_w,0,complete,results/per_dataset_study/passive_detectors/runs/RBF_I/hddm_w/RBF_I__s115__instance__moderate
RBF_I,instance,severe,115.0,2375605529.0,,RBF_I__s115,RBF_I__s115__instance__severe,0.576271186440678,34,59,59,34,0.576271186440678,0,0,,1.0,3.0,3.0,1.6666666666666667,0.11499694335119179,hddm_w,0,complete,results/per_dataset_study/passive_detectors/runs/RBF_I/hddm_w/RBF_I__s115__instance__severe
RBF_I,splice,moderate,115.0,1439472368.0,,RBF_I__s115,RBF_I__s115__splice__moderate,0.6949152542372882,41,59,28,24,0.8571428571428571,0,0,,1.0,3.0,3.0,1.6666666666666667,0.13038902315505158,hddm_w,0,complete,results/per_dataset_study/passive_detectors/runs/RBF_I/hddm_w/RBF_I__s115__splice__moderate
RBF_I,splice,severe,115.0,1488950345.0,,RBF_I__s115,RBF_I__s115__splice__severe,0.7627118644067796,45,59,29,27,0.9310344827586207,0,0,,1.0,3.0,3.0,1.0,0.13563881676721698,hddm_w,0,complete,results/per_dataset_study/passive_detectors/runs/RBF_I/hddm_w/RBF_I__s115__splice__severe
RBF_I,clean,none,116.0,,,RBF_I__s116,RBF_I__s116__clean__none,0.4745762711864407,28,59,0,0,,8,3,0.375,1.0,3.0,3.0,1.0,0.12441354134352878,hddm_w,0,complete,results/per_dataset_study/passive_detectors/runs/RBF_I/hddm_w/RBF_I__s116__clean__none
RBF_I,concept,moderate,116.0,3612327157.0,,RBF_I__s116,RBF_I__s116__concept__moderate,0.6949152542372882,41,59,26,24,0.9230769230769231,0,0,,1.0,3.0,3.0,1.0,0.1382932751342499,hddm_w,0,complete,results/per_dataset_study/passive_detectors/runs/RBF_I/hddm_w/RBF_I__s116__concept__moderate
RBF_I,concept,severe,116.0,87307388.0,,RBF_I__s116,RBF_I__s116__concept__severe,0.7457627118644068,44,59,29,27,0.9310344827586207,0,0,,1.0,3.0,3.0,1.0,0.1563767349095239,hddm_w,0,complete,results/per_dataset_study/passive_detectors/runs/RBF_I/hddm_w/RBF_I__s116__concept__severe
RBF_I,instance,moderate,116.0,2934809029.0,,RBF_I__s116,RBF_I__s116__instance__moderate,0.559322033898305,33,59,59,33,0.559322033898305,0,0,,1.0,3.0,3.0,1.6666666666666667,0.11985597326808299,hddm_w,0,complete,results/per_dataset_study/passive_detectors/runs/RBF_I/hddm_w/RBF_I__s116__instance__moderate
RBF_I,instance,severe,116.0,1132950715.0,,RBF_I__s116,RBF_I__s116__instance__severe,0.6271186440677966,37,59,59,37,0.6271186440677966,0,0,,1.0,3.0,3.0,1.0,0.12090381351299583,hddm_w,0,complete,results/per_dataset_study/passive_detectors/runs/RBF_I/hddm_w/RBF_I__s116__instance__severe
RBF_I,splice,moderate,116.0,2889189400.0,,RBF_I__s116,RBF_I__s116__splice__moderate,0.7288135593220338,43,59,27,24,0.8888888888888888,0,0,,1.0,3.0,3.0,1.3333333333333333,0.13254201340411478,hddm_w,0,complete,results/per_dataset_study/passive_detectors/runs/RBF_I/hddm_w/RBF_I__s116__splice__moderate
RBF_I,splice,severe,116.0,51810913.0,,RBF_I__s116,RBF_I__s116__splice__severe,0.7457627118644068,44,59,29,27,0.9310344827586207,0,0,,1.0,3.0,3.0,1.3333333333333333,0.15000562144753832,hddm_w,0,complete,results/per_dataset_study/passive_detectors/runs/RBF_I/hddm_w/RBF_I__s116__splice__severe
RBF_I,clean,none,117.0,,,RBF_I__s117,RBF_I__s117__clean__none,0.6610169491525424,39,59,0,0,,8,5,0.625,1.0,3.0,3.0,1.3333333333333333,0.1314964700335016,hddm_w,0,complete,results/per_dataset_study/passive_detectors/runs/RBF_I/hddm_w/RBF_I__s117__clean__none
RBF_I,concept,moderate,117.0,1695553040.0,,RBF_I__s117,RBF_I__s117__concept__moderate,0.7796610169491526,46,59,27,24,0.8888888888888888,0,0,,1.0,3.0,3.0,1.6666666666666667,0.14156166342824386,hddm_w,0,complete,results/per_dataset_study/passive_detectors/runs/RBF_I/hddm_w/RBF_I__s117__concept__moderate
RBF_I,concept,severe,117.0,4269849707.0,,RBF_I__s117,RBF_I__s117__concept__severe,0.7966101694915254,47,59,29,28,0.9655172413793104,0,0,,1.0,3.0,3.0,1.3333333333333333,0.15559131478463922,hddm_w,0,complete,results/per_dataset_study/passive_detectors/runs/RBF_I/hddm_w/RBF_I__s117__concept__severe
RBF_I,instance,moderate,117.0,670137400.0,,RBF_I__s117,RBF_I__s117__instance__moderate,0.6271186440677966,37,59,59,37,0.6271186440677966,0,0,,1.0,3.0,3.0,1.0,0.12529701154562645,hddm_w,0,complete,results/per_dataset_study/passive_detectors/runs/RBF_I/hddm_w/RBF_I__s117__instance__moderate
RBF_I,instance,severe,117.0,2977372565.0,,RBF_I__s117,RBF_I__s117__instance__severe,0.6271186440677966,37,59,59,37,0.6271186440677966,0,0,,1.0,3.0,3.0,1.3333333333333333,0.12116591004693571,hddm_w,0,complete,results/per_dataset_study/passive_detectors/runs/RBF_I/hddm_w/RBF_I__s117__instance__severe
RBF_I,splice,moderate,117.0,559821452.0,,RBF_I__s117,RBF_I__s117__splice__moderate,0.711864406779661,42,59,28,26,0.9285714285714286,0,0,,1.0,3.0,3.0,1.3333333333333333,0.14647499648466084,hddm_w,0,complete,results/per_dataset_study/passive_detectors/runs/RBF_I/hddm_w/RBF_I__s117__splice__moderate
RBF_I,splice,severe,117.0,3664738830.0,,RBF_I__s117,RBF_I__s117__splice__severe,0.6610169491525424,39,59,29,24,0.8275862068965517,0,0,,1.0,3.0,3.0,1.3333333333333333,0.14174041323713027,hddm_w,0,complete,results/per_dataset_study/passive_detectors/runs/RBF_I/hddm_w/RBF_I__s117__splice__severe
RBF_I,clean,none,118.0,,,RBF_I__s118,RBF_I__s118__clean__none,0.4915254237288136,29,59,0,0,,8,4,0.5,1.0,3.0,3.0,1.3333333333333333,0.13028694840613753,hddm_w,0,complete,results/per_dataset_study/passive_detectors/runs/RBF_I/hddm_w/RBF_I__s118__clean__none
RBF_I,concept,moderate,118.0,3840731115.0,,RBF_I__s118,RBF_I__s118__concept__moderate,0.7966101694915254,47,59,28,26,0.9285714285714286,0,0,,1.0,3.0,3.0,1.6666666666666667,0.14805298841868836,hddm_w,0,complete,results/per_dataset_study/passive_detectors/runs/RBF_I/hddm_w/RBF_I__s118__concept__moderate
RBF_I,concept,severe,118.0,3811301496.0,,RBF_I__s118,RBF_I__s118__concept__severe,0.7966101694915254,47,59,29,27,0.9310344827586207,0,0,,1.0,3.0,3.0,2.0,0.15864360185029605,hddm_w,0,complete,results/per_dataset_study/passive_detectors/runs/RBF_I/hddm_w/RBF_I__s118__concept__severe
RBF_I,instance,moderate,118.0,2809264908.0,,RBF_I__s118,RBF_I__s118__instance__moderate,0.6610169491525424,39,59,59,39,0.6610169491525424,0,0,,1.0,3.0,3.0,1.0,0.1225824982005482,hddm_w,0,complete,results/per_dataset_study/passive_detectors/runs/RBF_I/hddm_w/RBF_I__s118__instance__moderate
RBF_I,instance,severe,118.0,217127006.0,,RBF_I__s118,RBF_I__s118__instance__severe,0.559322033898305,33,59,59,33,0.559322033898305,0,0,,1.0,3.0,3.0,1.6666666666666667,0.12140680327623463,hddm_w,0,complete,results/per_dataset_study/passive_detectors/runs/RBF_I/hddm_w/RBF_I__s118__instance__severe
RBF_I,splice,moderate,118.0,2850602314.0,,RBF_I__s118,RBF_I__s118__splice__moderate,0.7966101694915254,47,59,29,26,0.896551724137931,0,0,,1.0,3.0,3.0,1.6666666666666667,0.14232417146558873,hddm_w,0,complete,results/per_dataset_study/passive_detectors/runs/RBF_I/hddm_w/RBF_I__s118__splice__moderate
RBF_I,splice,severe,118.0,3587607091.0,,RBF_I__s118,RBF_I__s118__splice__severe,0.7288135593220338,43,59,29,23,0.7931034482758621,0,0,,1.0,3.0,3.0,2.0,0.15202825855036886,hddm_w,0,complete,results/per_dataset_study/passive_detectors/runs/RBF_I/hddm_w/RBF_I__s118__splice__severe
RBF_I,clean,none,119.0,,,RBF_I__s119,RBF_I__s119__clean__none,0.5423728813559322,32,59,0,0,,8,4,0.5,1.0,3.0,3.0,1.6666666666666667,0.12440840674874683,hddm_w,0,complete,results/per_dataset_study/passive_detectors/runs/RBF_I/hddm_w/RBF_I__s119__clean__none
RBF_I,concept,moderate,119.0,1226255551.0,,RBF_I__s119,RBF_I__s119__concept__moderate,0.7796610169491526,46,59,28,27,0.9642857142857143,0,0,,1.0,3.0,3.0,1.0,0.1429493019046883,hddm_w,0,complete,results/per_dataset_study/passive_detectors/runs/RBF_I/hddm_w/RBF_I__s119__concept__moderate
RBF_I,concept,severe,119.0,1687454488.0,,RBF_I__s119,RBF_I__s119__concept__severe,0.711864406779661,42,59,29,28,0.9655172413793104,0,0,,1.0,3.0,3.0,2.0,0.153078610310331,hddm_w,0,complete,results/per_dataset_study/passive_detectors/runs/RBF_I/hddm_w/RBF_I__s119__concept__severe
RBF_I,instance,moderate,119.0,1785768086.0,,RBF_I__s119,RBF_I__s119__instance__moderate,0.576271186440678,34,59,59,34,0.576271186440678,0,0,,1.0,3.0,3.0,1.3333333333333333,0.11565944189593816,hddm_w,0,complete,results/per_dataset_study/passive_detectors/runs/RBF_I/hddm_w/RBF_I__s119__instance__moderate
RBF_I,instance,severe,119.0,80988754.0,,RBF_I__s119,RBF_I__s119__instance__severe,0.6440677966101694,38,59,59,38,0.6440677966101694,0,0,,1.0,3.0,3.0,1.3333333333333333,0.12357402326112303,hddm_w,0,complete,results/per_dataset_study/passive_detectors/runs/RBF_I/hddm_w/RBF_I__s119__instance__severe
RBF_I,splice,moderate,119.0,1925764227.0,,RBF_I__s119,RBF_I__s119__splice__moderate,0.7966101694915254,47,59,28,24,0.8571428571428571,0,0,,1.0,3.0,3.0,1.6666666666666667,0.13922499842010438,hddm_w,0,complete,results/per_dataset_study/passive_detectors/runs/RBF_I/hddm_w/RBF_I__s119__splice__moderate
RBF_I,splice,severe,119.0,3024123001.0,,RBF_I__s119,RBF_I__s119__splice__severe,0.711864406779661,42,59,29,28,0.9655172413793104,0,0,,1.0,3.0,3.0,2.0,0.16847750657082844,hddm_w,0,complete,results/per_dataset_study/passive_detectors/runs/RBF_I/hddm_w/RBF_I__s119__splice__severe
RBF_I,clean,none,115.0,,,RBF_I__s115,RBF_I__s115__clean__none,0.13559322033898305,8,59,0,0,,8,1,0.125,1.0,3.0,3.0,7.0,0.0301036833843682,hellinger,0,complete,results/per_dataset_study/passive_detectors/runs/RBF_I/hellinger/RBF_I__s115__clean__none
RBF_I,concept,moderate,115.0,816888935.0,,RBF_I__s115,RBF_I__s115__concept__moderate,0.1016949152542373,6,59,26,3,0.11538461538461539,0,0,,1.0,3.0,3.0,5.333333333333333,0.022310348382840555,hellinger,0,complete,results/per_dataset_study/passive_detectors/runs/RBF_I/hellinger/RBF_I__s115__concept__moderate
RBF_I,concept,severe,115.0,1773327730.0,,RBF_I__s115,RBF_I__s115__concept__severe,0.11864406779661017,7,59,29,3,0.10344827586206896,0,0,,1.0,3.0,3.0,6.0,0.02348416349074493,hellinger,0,complete,results/per_dataset_study/passive_detectors/runs/RBF_I/hellinger/RBF_I__s115__concept__severe
RBF_I,instance,moderate,115.0,2781123431.0,,RBF_I__s115,RBF_I__s115__instance__moderate,0.13559322033898305,8,59,59,8,0.13559322033898305,0,0,,1.0,3.0,3.0,7.0,0.02232908984296955,hellinger,0,complete,results/per_dataset_study/passive_detectors/runs/RBF_I/hellinger/RBF_I__s115__instance__moderate
RBF_I,instance,severe,115.0,2375605529.0,,RBF_I__s115,RBF_I__s115__instance__severe,0.13559322033898305,8,59,59,8,0.13559322033898305,0,0,,1.0,3.0,3.0,7.0,0.022318336656705167,hellinger,0,complete,results/per_dataset_study/passive_detectors/runs/RBF_I/hellinger/RBF_I__s115__instance__severe
RBF_I,splice,moderate,115.0,1439472368.0,,RBF_I__s115,RBF_I__s115__splice__moderate,0.0847457627118644,5,59,28,2,0.07142857142857142,0,0,,1.0,3.0,3.0,8.666666666666666,0.02274110636790283,hellinger,0,complete,results/per_dataset_study/passive_detectors/runs/RBF_I/hellinger/RBF_I__s115__splice__moderate
RBF_I,splice,severe,115.0,1488950345.0,,RBF_I__s115,RBF_I__s115__splice__severe,0.1016949152542373,6,59,29,3,0.10344827586206896,0,0,,1.0,3.0,3.0,7.666666666666667,0.02267701148715181,hellinger,0,complete,results/per_dataset_study/passive_detectors/runs/RBF_I/hellinger/RBF_I__s115__splice__severe
RBF_I,clean,none,116.0,,,RBF_I__s116,RBF_I__s116__clean__none,0.1016949152542373,6,59,0,0,,8,0,0.0,1.0,3.0,3.0,3.6666666666666665,0.022688332052590948,hellinger,0,complete,results/per_dataset_study/passive_detectors/runs/RBF_I/hellinger/RBF_I__s116__clean__none
RBF_I,concept,moderate,116.0,3612327157.0,,RBF_I__s116,RBF_I__s116__concept__moderate,0.1016949152542373,6,59,26,3,0.11538461538461539,0,0,,1.0,3.0,3.0,7.666666666666667,0.02435285156631532,hellinger,0,complete,results/per_dataset_study/passive_detectors/runs/RBF_I/hellinger/RBF_I__s116__concept__moderate
RBF_I,concept,severe,116.0,87307388.0,,RBF_I__s116,RBF_I__s116__concept__severe,0.0847457627118644,5,59,29,3,0.10344827586206896,0,0,,1.0,3.0,3.0,10.0,0.024473758288271107,hellinger,0,complete,results/per_dataset_study/passive_detectors/runs/RBF_I/hellinger/RBF_I__s116__concept__severe
RBF_I,instance,moderate,116.0,2934809029.0,,RBF_I__s116,RBF_I__s116__instance__moderate,0.1016949152542373,6,59,59,6,0.1016949152542373,0,0,,1.0,3.0,3.0,3.6666666666666665,0.027573748326782756,hellinger,0,complete,results/per_dataset_study/passive_detectors/runs/RBF_I/hellinger/RBF_I__s116__instance__moderate
RBF_I,instance,severe,116.0,1132950715.0,,RBF_I__s116,RBF_I__s116__instance__severe,0.1016949152542373,6,59,59,6,0.1016949152542373,0,0,,1.0,3.0,3.0,3.6666666666666665,0.023857646592659876,hellinger,0,complete,results/per_dataset_study/passive_detectors/runs/RBF_I/hellinger/RBF_I__s116__instance__severe
RBF_I,splice,moderate,116.0,2889189400.0,,RBF_I__s116,RBF_I__s116__splice__moderate,0.06779661016949153,4,59,27,3,0.1111111111111111,0,0,,1.0,3.0,3.0,12.333333333333334,0.024675756624977417,hellinger,0,complete,results/per_dataset_study/passive_detectors/runs/RBF_I/hellinger/RBF_I__s116__splice__moderate
RBF_I,splice,severe,116.0,51810913.0,,RBF_I__s116,RBF_I__s116__splice__severe,0.1016949152542373,6,59,29,4,0.13793103448275862,0,0,,1.0,3.0,3.0,9.0,0.02406229517267396,hellinger,0,complete,results/per_dataset_study/passive_detectors/runs/RBF_I/hellinger/RBF_I__s116__splice__severe
RBF_I,clean,none,117.0,,,RBF_I__s117,RBF_I__s117__clean__none,0.0847457627118644,5,59,0,0,,8,0,0.0,1.0,3.0,3.0,4.0,0.025122020063766588,hellinger,0,complete,results/per_dataset_study/passive_detectors/runs/RBF_I/hellinger/RBF_I__s117__clean__none
RBF_I,concept,moderate,117.0,1695553040.0,,RBF_I__s117,RBF_I__s117__concept__moderate,0.1016949152542373,6,59,27,1,0.037037037037037035,0,0,,1.0,3.0,3.0,8.333333333333334,0.02398215190623887,hellinger,0,complete,results/per_dataset_study/passive_detectors/runs/RBF_I/hellinger/RBF_I__s117__concept__moderate
RBF_I,concept,severe,117.0,4269849707.0,,RBF_I__s117,RBF_I__s117__concept__severe,0.1016949152542373,6,59,29,3,0.10344827586206896,0,0,,1.0,3.0,3.0,1.6666666666666667,0.024596386889849477,hellinger,0,complete,results/per_dataset_study/passive_detectors/runs/RBF_I/hellinger/RBF_I__s117__concept__severe
RBF_I,instance,moderate,117.0,670137400.0,,RBF_I__s117,RBF_I__s117__instance__moderate,0.0847457627118644,5,59,59,5,0.0847457627118644,0,0,,1.0,3.0,3.0,4.0,0.024542495084460825,hellinger,0,complete,results/per_dataset_study/passive_detectors/runs/RBF_I/hellinger/RBF_I__s117__instance__moderate
RBF_I,instance,severe,117.0,2977372565.0,,RBF_I__s117,RBF_I__s117__instance__severe,0.0847457627118644,5,59,59,5,0.0847457627118644,0,0,,1.0,3.0,3.0,4.0,0.024607355104914554,hellinger,0,complete,results/per_dataset_study/passive_detectors/runs/RBF_I/hellinger/RBF_I__s117__instance__severe
RBF_I,splice,moderate,117.0,559821452.0,,RBF_I__s117,RBF_I__s117__splice__moderate,0.11864406779661017,7,59,28,2,0.07142857142857142,0,0,,1.0,3.0,3.0,5.0,0.02528256838559173,hellinger,0,complete,results/per_dataset_study/passive_detectors/runs/RBF_I/hellinger/RBF_I__s117__splice__moderate
RBF_I,splice,severe,117.0,3664738830.0,,RBF_I__s117,RBF_I__s117__splice__severe,0.0847457627118644,5,59,29,2,0.06896551724137931,0,0,,1.0,3.0,3.0,7.666666666666667,0.026853336700393506,hellinger,0,complete,results/per_dataset_study/passive_detectors/runs/RBF_I/hellinger/RBF_I__s117__splice__severe
RBF_I,clean,none,118.0,,,RBF_I__s118,RBF_I__s118__clean__none,0.0847457627118644,5,59,0,0,,8,0,0.0,1.0,3.0,3.0,7.0,0.027636453257097553,hellinger,0,complete,results/per_dataset_study/passive_detectors/runs/RBF_I/hellinger/RBF_I__s118__clean__none
RBF_I,concept,moderate,118.0,3840731115.0,,RBF_I__s118,RBF_I__s118__concept__moderate,0.0847457627118644,5,59,28,1,0.03571428571428571,0,0,,1.0,3.0,3.0,6.0,0.0241229883977212,hellinger,0,complete,results/per_dataset_study/passive_detectors/runs/RBF_I/hellinger/RBF_I__s118__concept__moderate
RBF_I,concept,severe,118.0,3811301496.0,,RBF_I__s118,RBF_I__s118__concept__severe,0.0847457627118644,5,59,29,2,0.06896551724137931,0,0,,1.0,3.0,3.0,5.333333333333333,0.02600055823374229,hellinger,0,complete,results/per_dataset_study/passive_detectors/runs/RBF_I/hellinger/RBF_I__s118__concept__severe
RBF_I,instance,moderate,118.0,2809264908.0,,RBF_I__s118,RBF_I__s118__instance__moderate,0.0847457627118644,5,59,59,5,0.0847457627118644,0,0,,1.0,3.0,3.0,7.0,0.024245353270089257,hellinger,0,complete,results/per_dataset_study/passive_detectors/runs/RBF_I/hellinger/RBF_I__s118__instance__moderate
RBF_I,instance,severe,118.0,217127006.0,,RBF_I__s118,RBF_I__s118__instance__severe,0.0847457627118644,5,59,59,5,0.0847457627118644,0,0,,1.0,3.0,3.0,7.0,0.025471039892484743,hellinger,0,complete,results/per_dataset_study/passive_detectors/runs/RBF_I/hellinger/RBF_I__s118__instance__severe
RBF_I,splice,moderate,118.0,2850602314.0,,RBF_I__s118,RBF_I__s118__splice__moderate,0.06779661016949153,4,59,29,3,0.10344827586206896,0,0,,1.0,3.0,3.0,12.0,0.024095005113243438,hellinger,0,complete,results/per_dataset_study/passive_detectors/runs/RBF_I/hellinger/RBF_I__s118__splice__moderate
RBF_I,splice,severe,118.0,3587607091.0,,RBF_I__s118,RBF_I__s118__splice__severe,0.0847457627118644,5,59,29,3,0.10344827586206896,0,0,,1.0,3.0,3.0,9.333333333333334,0.025391461531398818,hellinger,0,complete,results/per_dataset_study/passive_detectors/runs/RBF_I/hellinger/RBF_I__s118__splice__severe
RBF_I,clean,none,119.0,,,RBF_I__s119,RBF_I__s119__clean__none,0.11864406779661017,7,59,0,0,,8,1,0.125,1.0,3.0,3.0,7.0,0.02732688012959746,hellinger,0,complete,results/per_dataset_study/passive_detectors/runs/RBF_I/hellinger/RBF_I__s119__clean__none
RBF_I,concept,moderate,119.0,1226255551.0,,RBF_I__s119,RBF_I__s119__concept__moderate,0.13559322033898305,8,59,28,2,0.07142857142857142,0,0,,1.0,3.0,3.0,3.0,0.023811113157231983,hellinger,0,complete,results/per_dataset_study/passive_detectors/runs/RBF_I/hellinger/RBF_I__s119__concept__moderate
RBF_I,concept,severe,119.0,1687454488.0,,RBF_I__s119,RBF_I__s119__concept__severe,0.1016949152542373,6,59,29,1,0.034482758620689655,0,0,,1.0,3.0,3.0,4.0,0.024967098191458113,hellinger,0,complete,results/per_dataset_study/passive_detectors/runs/RBF_I/hellinger/RBF_I__s119__concept__severe
RBF_I,instance,moderate,119.0,1785768086.0,,RBF_I__s119,RBF_I__s119__instance__moderate,0.11864406779661017,7,59,59,7,0.11864406779661017,0,0,,1.0,3.0,3.0,7.0,0.023999858482663207,hellinger,0,complete,results/per_dataset_study/passive_detectors/runs/RBF_I/hellinger/RBF_I__s119__instance__moderate
RBF_I,instance,severe,119.0,80988754.0,,RBF_I__s119,RBF_I__s119__instance__severe,0.11864406779661017,7,59,59,7,0.11864406779661017,0,0,,1.0,3.0,3.0,7.0,0.024046801651517548,hellinger,0,complete,results/per_dataset_study/passive_detectors/runs/RBF_I/hellinger/RBF_I__s119__instance__severe
RBF_I,splice,moderate,119.0,1925764227.0,,RBF_I__s119,RBF_I__s119__splice__moderate,0.0847457627118644,5,59,28,2,0.07142857142857142,0,0,,1.0,3.0,3.0,11.333333333333334,0.024221113077752914,hellinger,0,complete,results/per_dataset_study/passive_detectors/runs/RBF_I/hellinger/RBF_I__s119__splice__moderate
RBF_I,splice,severe,119.0,3024123001.0,,RBF_I__s119,RBF_I__s119__splice__severe,0.1016949152542373,6,59,29,3,0.10344827586206896,0,0,,1.0,3.0,3.0,5.666666666666667,0.024449931903897475,hellinger,0,complete,results/per_dataset_study/passive_detectors/runs/RBF_I/hellinger/RBF_I__s119__splice__severe
SEA_A,clean,none,115.0,,,SEA_A__s115,SEA_A__s115__clean__none,0.06779661016949153,4,59,0,0,,13,0,0.0,0.6666666666666666,2.0,3.0,1.6800000000000002,0.013297773208857203,adwin,0,complete,results/per_dataset_study/passive_detectors/runs/SEA_A/adwin/SEA_A__s115__clean__none
SEA_A,concept,moderate,115.0,2983410498.0,,SEA_A__s115,SEA_A__s115__concept__moderate,0.576271186440678,34,59,33,29,0.8787878787878788,2,0,0.0,1.0,3.0,3.0,0.5133333333333333,0.012988475209567696,adwin,0,complete,results/per_dataset_study/passive_detectors/runs/SEA_A/adwin/SEA_A__s115__concept__moderate
SEA_A,concept,severe,115.0,3074832534.0,,SEA_A__s115,SEA_A__s115__concept__severe,0.7457627118644068,44,59,44,42,0.9545454545454546,0,0,,1.0,3.0,3.0,0.18000000000000002,0.01320159014236803,adwin,0,complete,results/per_dataset_study/passive_detectors/runs/SEA_A/adwin/SEA_A__s115__concept__severe
SEA_A,instance,moderate,115.0,2392216387.0,,SEA_A__s115,SEA_A__s115__instance__moderate,0.03389830508474576,2,59,59,2,0.03389830508474576,0,0,,0.6666666666666666,2.0,3.0,15.68,0.01323318836512044,adwin,0,complete,results/per_dataset_study/passive_detectors/runs/SEA_A/adwin/SEA_A__s115__instance__moderate
SEA_A,instance,severe,115.0,345179728.0,,SEA_A__s115,SEA_A__s115__instance__severe,0.01694915254237288,1,59,59,1,0.01694915254237288,0,0,,0.3333333333333333,1.0,3.0,7.18,0.012842776583662877,adwin,0,complete,results/per_dataset_study/passive_detectors/runs/SEA_A/adwin/SEA_A__s115__instance__severe
SEA_A,splice,moderate,115.0,1669518770.0,,SEA_A__s115,SEA_A__s115__splice__moderate,0.06779661016949153,4,59,37,4,0.10810810810810811,1,0,0.0,1.0,3.0,3.0,5.513333333333333,0.013006394777524596,adwin,0,complete,results/per_dataset_study/passive_detectors/runs/SEA_A/adwin/SEA_A__s115__splice__moderate
SEA_A,splice,severe,115.0,3823887799.0,,SEA_A__s115,SEA_A__s115__splice__severe,0.0847457627118644,5,59,57,5,0.08771929824561403,0,0,,1.0,3.0,3.0,5.846666666666667,0.013659228279720992,adwin,0,complete,results/per_dataset_study/passive_detectors/runs/SEA_A/adwin/SEA_A__s115__splice__severe
SEA_A,clean,none,116.0,,,SEA_A__s116,SEA_A__s116__clean__none,0.05084745762711865,3,59,0,0,,13,0,0.0,1.0,3.0,3.0,13.513333333333334,0.012877841557686526,adwin,0,complete,results/per_dataset_study/passive_detectors/runs/SEA_A/adwin/SEA_A__s116__clean__none
SEA_A,concept,moderate,116.0,2842105116.0,,SEA_A__s116,SEA_A__s116__concept__moderate,0.5254237288135594,31,59,34,30,0.8823529411764706,2,0,0.0,1.0,3.0,3.0,0.18000000000000002,0.01323589992049771,adwin,0,complete,results/per_dataset_study/passive_detectors/runs/SEA_A/adwin/SEA_A__s116__concept__moderate
SEA_A,concept,severe,116.0,1226260622.0,,SEA_A__s116,SEA_A__s116__concept__severe,0.7966101694915254,47,59,46,45,0.9782608695652174,0,0,,1.0,3.0,3.0,0.18000000000000002,0.013119165184131514,adwin,0,complete,results/per_dataset_study/passive_detectors/runs/SEA_A/adwin/SEA_A__s116__concept__severe
SEA_A,instance,moderate,116.0,453400147.0,,SEA_A__s116,SEA_A__s116__instance__moderate,0.03389830508474576,2,59,59,2,0.03389830508474576,0,0,,0.6666666666666666,2.0,3.0,17.68,0.01312208318267949,adwin,0,complete,results/per_dataset_study/passive_detectors/runs/SEA_A/adwin/SEA_A__s116__instance__moderate
SEA_A,instance,severe,116.0,3914142360.0,,SEA_A__s116,SEA_A__s116__instance__severe,0.01694915254237288,1,59,59,1,0.01694915254237288,0,0,,0.3333333333333333,1.0,3.0,18.18,0.013118462957208976,adwin,0,complete,results/per_dataset_study/passive_detectors/runs/SEA_A/adwin/SEA_A__s116__instance__severe
SEA_A,splice,moderate,116.0,921862620.0,,SEA_A__s116,SEA_A__s116__splice__moderate,0.1016949152542373,6,59,33,4,0.12121212121212122,0,0,,0.6666666666666666,2.0,3.0,1.18,0.012843676522606984,adwin,0,complete,results/per_dataset_study/passive_detectors/runs/SEA_A/adwin/SEA_A__s116__splice__moderate
SEA_A,splice,severe,116.0,1993734708.0,,SEA_A__s116,SEA_A__s116__splice__severe,0.0847457627118644,5,59,46,4,0.08695652173913043,0,0,,0.6666666666666666,2.0,3.0,4.18,0.013025275014418488,adwin,0,complete,results/per_dataset_study/passive_detectors/runs/SEA_A/adwin/SEA_A__s116__splice__severe
SEA_A,clean,none,117.0,,,SEA_A__s117,SEA_A__s117__clean__none,0.06779661016949153,4,59,0,0,,13,1,0.07692307692307693,0.6666666666666666,2.0,3.0,6.18,0.013010140003946919,adwin,0,complete,results/per_dataset_study/passive_detectors/runs/SEA_A/adwin/SEA_A__s117__clean__none
SEA_A,concept,moderate,117.0,4256973585.0,,SEA_A__s117,SEA_A__s117__concept__moderate,0.5932203389830508,35,59,36,33,0.9166666666666666,1,0,0.0,1.0,3.0,3.0,0.18000000000000002,0.013031246489845216,adwin,0,complete,results/per_dataset_study/passive_detectors/runs/SEA_A/adwin/SEA_A__s117__concept__moderate
SEA_A,concept,severe,117.0,228998761.0,,SEA_A__s117,SEA_A__s117__concept__severe,0.7796610169491526,46,59,50,45,0.9,1,0,0.0,1.0,3.0,3.0,0.18000000000000002,0.013038332787497591,adwin,0,complete,results/per_dataset_study/passive_detectors/runs/SEA_A/adwin/SEA_A__s117__concept__severe
SEA_A,instance,moderate,117.0,1195402420.0,,SEA_A__s117,SEA_A__s117__instance__moderate,0.01694915254237288,1,59,59,1,0.01694915254237288,0,0,,0.3333333333333333,1.0,3.0,16.18,0.012949373340234159,adwin,0,complete,results/per_dataset_study/passive_detectors/runs/SEA_A/adwin/SEA_A__s117__instance__moderate
SEA_A,instance,severe,117.0,4063383392.0,,SEA_A__s117,SEA_A__s117__instance__severe,0.03389830508474576,2,59,59,2,0.03389830508474576,0,0,,0.6666666666666666,2.0,3.0,16.68,0.0133015230918924,adwin,0,complete,results/per_dataset_study/passive_detectors/runs/SEA_A/adwin/SEA_A__s117__instance__severe
SEA_A,splice,moderate,117.0,1275875057.0,,SEA_A__s117,SEA_A__s117__splice__moderate,0.11864406779661017,7,59,36,6,0.16666666666666666,1,0,0.0,1.0,3.0,3.0,1.5133333333333334,0.012885561639753481,adwin,0,complete,results/per_dataset_study/passive_detectors/runs/SEA_A/adwin/SEA_A__s117__splice__moderate
SEA_A,splice,severe,117.0,2243424514.0,,SEA_A__s117,SEA_A__s117__splice__severe,0.1016949152542373,6,59,50,6,0.12,0,0,,1.0,3.0,3.0,5.513333333333333,0.013258542215529209,adwin,0,complete,results/per_dataset_study/passive_detectors/runs/SEA_A/adwin/SEA_A__s117__splice__severe
SEA_A,clean,none,118.0,,,SEA_A__s118,SEA_A__s118__clean__none,0.13559322033898305,8,59,0,0,,13,1,0.07692307692307693,1.0,3.0,3.0,1.5133333333333334,0.012864167947554959,adwin,0,complete,results/per_dataset_study/passive_detectors/runs/SEA_A/adwin/SEA_A__s118__clean__none
SEA_A,concept,moderate,118.0,1648460561.0,,SEA_A__s118,SEA_A__s118__concept__moderate,0.576271186440678,34,59,35,32,0.9142857142857143,3,0,0.0,1.0,3.0,3.0,0.18000000000000002,0.013607701694127172,adwin,0,complete,results/per_dataset_study/passive_detectors/runs/SEA_A/adwin/SEA_A__s118__concept__moderate
SEA_A,concept,severe,118.0,16137799.0,,SEA_A__s118,SEA_A__s118__concept__severe,0.7288135593220338,43,59,48,42,0.875,0,0,,1.0,3.0,3.0,0.18000000000000002,0.013225411724609634,adwin,0,complete,results/per_dataset_study/passive_detectors/runs/SEA_A/adwin/SEA_A__s118__concept__severe
SEA_A,instance,moderate,118.0,4224387059.0,,SEA_A__s118,SEA_A__s118__instance__moderate,0.03389830508474576,2,59,59,2,0.03389830508474576,0,0,,0.6666666666666666,2.0,3.0,14.68,0.013219229974007854,adwin,0,complete,results/per_dataset_study/passive_detectors/runs/SEA_A/adwin/SEA_A__s118__instance__moderate
SEA_A,instance,severe,118.0,2861808558.0,,SEA_A__s118,SEA_A__s118__instance__severe,0.01694915254237288,1,59,59,1,0.01694915254237288,0,0,,0.3333333333333333,1.0,3.0,18.18,0.013519515002068754,adwin,0,complete,results/per_dataset_study/passive_detectors/runs/SEA_A/adwin/SEA_A__s118__instance__severe
SEA_A,splice,moderate,118.0,3330973510.0,,SEA_A__s118,SEA_A__s118__splice__moderate,0.11864406779661017,7,59,36,5,0.1388888888888889,0,0,,1.0,3.0,3.0,3.1799999999999997,0.013636390067404136,adwin,0,complete,results/per_dataset_study/passive_detectors/runs/SEA_A/adwin/SEA_A__s118__splice__moderate
SEA_A,splice,severe,118.0,3954790722.0,,SEA_A__s118,SEA_A__s118__splice__severe,0.13559322033898305,8,59,50,8,0.16,1,0,0.0,1.0,3.0,3.0,2.5133333333333336,0.012966883077751845,adwin,0,complete,results/per_dataset_study/passive_detectors/runs/SEA_A/adwin/SEA_A__s118__splice__severe
SEA_A,clean,none,119.0,,,SEA_A__s119,SEA_A__s119__clean__none,0.06779661016949153,4,59,0,0,,13,0,0.0,0.6666666666666666,2.0,3.0,1.18,0.012839861786536252,adwin,0,complete,results/per_dataset_study/passive_detectors/runs/SEA_A/adwin/SEA_A__s119__clean__none
SEA_A,concept,moderate,119.0,1118368957.0,,SEA_A__s119,SEA_A__s119__concept__moderate,0.5932203389830508,35,59,37,34,0.918918918918919,2,0,0.0,1.0,3.0,3.0,0.18000000000000002,0.012975906720384957,adwin,0,complete,results/per_dataset_study/passive_detectors/runs/SEA_A/adwin/SEA_A__s119__concept__moderate
SEA_A,concept,severe,119.0,1193382814.0,,SEA_A__s119,SEA_A__s119__concept__severe,0.711864406779661,42,59,50,42,0.84,0,0,,1.0,3.0,3.0,0.18000000000000002,0.013312576484167948,adwin,0,complete,results/per_dataset_study/passive_detectors/runs/SEA_A/adwin/SEA_A__s119__concept__severe
SEA_A,instance,moderate,119.0,110941192.0,,SEA_A__s119,SEA_A__s119__instance__moderate,0.06779661016949153,4,59,59,4,0.06779661016949153,0,0,,0.6666666666666666,2.0,3.0,7.18,0.012890138362611953,adwin,0,complete,results/per_dataset_study/passive_detectors/runs/SEA_A/adwin/SEA_A__s119__instance__moderate
SEA_A,instance,severe,119.0,3882502243.0,,SEA_A__s119,SEA_A__s119__instance__severe,0.01694915254237288,1,59,59,1,0.01694915254237288,0,0,,0.3333333333333333,1.0,3.0,18.18,0.013175210187910125,adwin,0,complete,results/per_dataset_study/passive_detectors/runs/SEA_A/adwin/SEA_A__s119__instance__severe
SEA_A,splice,moderate,119.0,1473637511.0,,SEA_A__s119,SEA_A__s119__splice__moderate,0.0847457627118644,5,59,36,4,0.1111111111111111,0,0,,0.6666666666666666,2.0,3.0,1.18,0.01310221710203526,adwin,0,complete,results/per_dataset_study/passive_detectors/runs/SEA_A/adwin/SEA_A__s119__splice__moderate
SEA_A,splice,severe,119.0,2268888980.0,,SEA_A__s119,SEA_A__s119__splice__severe,0.06779661016949153,4,59,48,3,0.0625,0,0,,0.6666666666666666,2.0,3.0,2.6799999999999997,0.013203334965510292,adwin,0,complete,results/per_dataset_study/passive_detectors/runs/SEA_A/adwin/SEA_A__s119__splice__severe
SEA_A,clean,none,115.0,,,SEA_A__s115,SEA_A__s115__clean__none,0.05084745762711865,3,59,0,0,,13,0,0.0,1.0,3.0,3.0,12.513333333333334,0.1438457699744807,d3_oof,0,complete,results/per_dataset_study/passive_detectors/runs/SEA_A/d3_oof/SEA_A__s115__clean__none
SEA_A,concept,moderate,115.0,2983410498.0,,SEA_A__s115,SEA_A__s115__concept__moderate,0.0,0,59,33,0,0.0,2,0,0.0,0.0,0.0,3.0,,0.1489637432678137,d3_oof,0,complete,results/per_dataset_study/passive_detectors/runs/SEA_A/d3_oof/SEA_A__s115__concept__moderate
SEA_A,concept,severe,115.0,3074832534.0,,SEA_A__s115,SEA_A__s115__concept__severe,0.03389830508474576,2,59,44,2,0.045454545454545456,0,0,,0.6666666666666666,2.0,3.0,10.18,0.13326214684639126,d3_oof,0,complete,results/per_dataset_study/passive_detectors/runs/SEA_A/d3_oof/SEA_A__s115__concept__severe
SEA_A,instance,moderate,115.0,2392216387.0,,SEA_A__s115,SEA_A__s115__instance__moderate,0.01694915254237288,1,59,59,1,0.01694915254237288,0,0,,0.3333333333333333,1.0,3.0,5.18,0.14159493487871563,d3_oof,0,complete,results/per_dataset_study/passive_detectors/runs/SEA_A/d3_oof/SEA_A__s115__instance__moderate
SEA_A,instance,severe,115.0,345179728.0,,SEA_A__s115,SEA_A__s115__instance__severe,0.01694915254237288,1,59,59,1,0.01694915254237288,0,0,,0.3333333333333333,1.0,3.0,5.18,0.1416921466685987,d3_oof,0,complete,results/per_dataset_study/passive_detectors/runs/SEA_A/d3_oof/SEA_A__s115__instance__severe
SEA_A,splice,moderate,115.0,1669518770.0,,SEA_A__s115,SEA_A__s115__splice__moderate,0.01694915254237288,1,59,37,1,0.02702702702702703,1,0,0.0,0.3333333333333333,1.0,3.0,18.18,0.13584381158580072,d3_oof,0,complete,results/per_dataset_study/passive_detectors/runs/SEA_A/d3_oof/SEA_A__s115__splice__moderate
SEA_A,splice,severe,115.0,3823887799.0,,SEA_A__s115,SEA_A__s115__splice__severe,0.03389830508474576,2,59,57,2,0.03508771929824561,0,0,,0.3333333333333333,1.0,3.0,1.18,0.1293129250310206,d3_oof,0,complete,results/per_dataset_study/passive_detectors/runs/SEA_A/d3_oof/SEA_A__s115__splice__severe
SEA_A,clean,none,116.0,,,SEA_A__s116,SEA_A__s116__clean__none,0.03389830508474576,2,59,0,0,,13,0,0.0,0.3333333333333333,1.0,3.0,1.18,0.12866471991098175,d3_oof,0,complete,results/per_dataset_study/passive_detectors/runs/SEA_A/d3_oof/SEA_A__s116__clean__none
SEA_A,concept,moderate,116.0,2842105116.0,,SEA_A__s116,SEA_A__s116__concept__moderate,0.05084745762711865,3,59,34,0,0.0,2,0,0.0,1.0,3.0,3.0,4.513333333333333,0.12134805835861091,d3_oof,0,complete,results/per_dataset_study/passive_detectors/runs/SEA_A/d3_oof/SEA_A__s116__concept__moderate
SEA_A,concept,severe,116.0,1226260622.0,,SEA_A__s116,SEA_A__s116__concept__severe,0.03389830508474576,2,59,46,2,0.043478260869565216,0,0,,0.6666666666666666,2.0,3.0,5.68,0.13225631511886604,d3_oof,0,complete,results/per_dataset_study/passive_detectors/runs/SEA_A/d3_oof/SEA_A__s116__concept__severe
SEA_A,instance,moderate,116.0,453400147.0,,SEA_A__s116,SEA_A__s116__instance__moderate,0.01694915254237288,1,59,59,1,0.01694915254237288,0,0,,0.3333333333333333,1.0,3.0,1.18,0.1351700647986339,d3_oof,0,complete,results/per_dataset_study/passive_detectors/runs/SEA_A/d3_oof/SEA_A__s116__instance__moderate
SEA_A,instance,severe,116.0,3914142360.0,,SEA_A__s116,SEA_A__s116__instance__severe,0.03389830508474576,2,59,59,2,0.03389830508474576,0,0,,0.6666666666666666,2.0,3.0,9.18,0.13092992836997533,d3_oof,0,complete,results/per_dataset_study/passive_detectors/runs/SEA_A/d3_oof/SEA_A__s116__instance__severe
SEA_A,splice,moderate,116.0,921862620.0,,SEA_A__s116,SEA_A__s116__splice__moderate,0.03389830508474576,2,59,33,1,0.030303030303030304,0,0,,0.6666666666666666,2.0,3.0,7.68,0.14042820179990184,d3_oof,0,complete,results/per_dataset_study/passive_detectors/runs/SEA_A/d3_oof/SEA_A__s116__splice__moderate
SEA_A,splice,severe,116.0,1993734708.0,,SEA_A__s116,SEA_A__s116__splice__severe,0.03389830508474576,2,59,46,2,0.043478260869565216,0,0,,0.6666666666666666,2.0,3.0,14.18,0.13381291326368228,d3_oof,0,complete,results/per_dataset_study/passive_detectors/runs/SEA_A/d3_oof/SEA_A__s116__splice__severe
SEA_A,clean,none,117.0,,,SEA_A__s117,SEA_A__s117__clean__none,0.03389830508474576,2,59,0,0,,13,0,0.0,0.6666666666666666,2.0,3.0,11.68,0.1541233433332915,d3_oof,0,complete,results/per_dataset_study/passive_detectors/runs/SEA_A/d3_oof/SEA_A__s117__clean__none
SEA_A,concept,moderate,117.0,4256973585.0,,SEA_A__s117,SEA_A__s117__concept__moderate,0.01694915254237288,1,59,36,0,0.0,1,0,0.0,0.3333333333333333,1.0,3.0,10.18,0.13252833179042986,d3_oof,0,complete,results/per_dataset_study/passive_detectors/runs/SEA_A/d3_oof/SEA_A__s117__concept__moderate
SEA_A,concept,severe,117.0,228998761.0,,SEA_A__s117,SEA_A__s117__concept__severe,0.03389830508474576,2,59,50,1,0.02,1,0,0.0,0.6666666666666666,2.0,3.0,6.18,0.1302156133654838,d3_oof,0,complete,results/per_dataset_study/passive_detectors/runs/SEA_A/d3_oof/SEA_A__s117__concept__severe
SEA_A,instance,moderate,117.0,1195402420.0,,SEA_A__s117,SEA_A__s117__instance__moderate,0.03389830508474576,2,59,59,2,0.03389830508474576,0,0,,0.6666666666666666,2.0,3.0,8.18,0.13761513672458628,d3_oof,0,complete,results/per_dataset_study/passive_detectors/runs/SEA_A/d3_oof/SEA_A__s117__instance__moderate
SEA_A,instance,severe,117.0,4063383392.0,,SEA_A__s117,SEA_A__s117__instance__severe,0.0,0,59,59,0,0.0,0,0,,0.0,0.0,3.0,,0.14277249686225937,d3_oof,0,complete,results/per_dataset_study/passive_detectors/runs/SEA_A/d3_oof/SEA_A__s117__instance__severe
SEA_A,splice,moderate,117.0,1275875057.0,,SEA_A__s117,SEA_A__s117__splice__moderate,0.01694915254237288,1,59,36,1,0.027777777777777776,1,0,0.0,0.3333333333333333,1.0,3.0,5.18,0.13514305329105505,d3_oof,0,complete,results/per_dataset_study/passive_detectors/runs/SEA_A/d3_oof/SEA_A__s117__splice__moderate
SEA_A,splice,severe,117.0,2243424514.0,,SEA_A__s117,SEA_A__s117__splice__severe,0.03389830508474576,2,59,50,2,0.04,0,0,,0.6666666666666666,2.0,3.0,2.18,0.1335509735023758,d3_oof,0,complete,results/per_dataset_study/passive_detectors/runs/SEA_A/d3_oof/SEA_A__s117__splice__severe
SEA_A,clean,none,118.0,,,SEA_A__s118,SEA_A__s118__clean__none,0.0,0,59,0,0,,13,0,0.0,0.0,0.0,3.0,,0.15849707667560628,d3_oof,0,complete,results/per_dataset_study/passive_detectors/runs/SEA_A/d3_oof/SEA_A__s118__clean__none
SEA_A,concept,moderate,118.0,1648460561.0,,SEA_A__s118,SEA_A__s118__concept__moderate,0.01694915254237288,1,59,35,1,0.02857142857142857,3,0,0.0,0.3333333333333333,1.0,3.0,1.18,0.14056916848251905,d3_oof,0,complete,results/per_dataset_study/passive_detectors/runs/SEA_A/d3_oof/SEA_A__s118__concept__moderate
SEA_A,concept,severe,118.0,16137799.0,,SEA_A__s118,SEA_A__s118__concept__severe,0.05084745762711865,3,59,48,2,0.041666666666666664,0,0,,1.0,3.0,3.0,9.18,0.1302525750361383,d3_oof,0,complete,results/per_dataset_study/passive_detectors/runs/SEA_A/d3_oof/SEA_A__s118__concept__severe
SEA_A,instance,moderate,118.0,4224387059.0,,SEA_A__s118,SEA_A__s118__instance__moderate,0.01694915254237288,1,59,59,1,0.01694915254237288,0,0,,0.3333333333333333,1.0,3.0,1.18,0.14627125827246346,d3_oof,0,complete,results/per_dataset_study/passive_detectors/runs/SEA_A/d3_oof/SEA_A__s118__instance__moderate
SEA_A,instance,severe,118.0,2861808558.0,,SEA_A__s118,SEA_A__s118__instance__severe,0.05084745762711865,3,59,59,3,0.05084745762711865,0,0,,0.6666666666666666,2.0,3.0,8.68,0.12940873983704176,d3_oof,0,complete,results/per_dataset_study/passive_detectors/runs/SEA_A/d3_oof/SEA_A__s118__instance__severe
SEA_A,splice,moderate,118.0,3330973510.0,,SEA_A__s118,SEA_A__s118__splice__moderate,0.05084745762711865,3,59,36,3,0.08333333333333333,0,0,,0.6666666666666666,2.0,3.0,1.18,0.11899915659644951,d3_oof,0,complete,results/per_dataset_study/passive_detectors/runs/SEA_A/d3_oof/SEA_A__s118__splice__moderate
SEA_A,splice,severe,118.0,3954790722.0,,SEA_A__s118,SEA_A__s118__splice__severe,0.05084745762711865,3,59,50,3,0.06,1,0,0.0,0.6666666666666666,2.0,3.0,8.68,0.11841403160360643,d3_oof,0,complete,results/per_dataset_study/passive_detectors/runs/SEA_A/d3_oof/SEA_A__s118__splice__severe
SEA_A,clean,none,119.0,,,SEA_A__s119,SEA_A__s119__clean__none,0.05084745762711865,3,59,0,0,,13,0,0.0,1.0,3.0,3.0,5.846666666666667,0.11804242671738999,d3_oof,0,complete,results/per_dataset_study/passive_detectors/runs/SEA_A/d3_oof/SEA_A__s119__clean__none
SEA_A,concept,moderate,119.0,1118368957.0,,SEA_A__s119,SEA_A__s119__concept__moderate,0.01694915254237288,1,59,37,1,0.02702702702702703,2,0,0.0,0.3333333333333333,1.0,3.0,7.18,0.1414613199206845,d3_oof,0,complete,results/per_dataset_study/passive_detectors/runs/SEA_A/d3_oof/SEA_A__s119__concept__moderate
SEA_A,concept,severe,119.0,1193382814.0,,SEA_A__s119,SEA_A__s119__concept__severe,0.01694915254237288,1,59,50,1,0.02,0,0,,0.3333333333333333,1.0,3.0,10.18,0.1417423682869412,d3_oof,0,complete,results/per_dataset_study/passive_detectors/runs/SEA_A/d3_oof/SEA_A__s119__concept__severe
SEA_A,instance,moderate,119.0,110941192.0,,SEA_A__s119,SEA_A__s119__instance__moderate,0.05084745762711865,3,59,59,3,0.05084745762711865,0,0,,1.0,3.0,3.0,5.846666666666667,0.12459243172391628,d3_oof,0,complete,results/per_dataset_study/passive_detectors/runs/SEA_A/d3_oof/SEA_A__s119__instance__moderate
SEA_A,instance,severe,119.0,3882502243.0,,SEA_A__s119,SEA_A__s119__instance__severe,0.05084745762711865,3,59,59,3,0.05084745762711865,0,0,,0.6666666666666666,2.0,3.0,6.18,0.12303610637900421,d3_oof,0,complete,results/per_dataset_study/passive_detectors/runs/SEA_A/d3_oof/SEA_A__s119__instance__severe
SEA_A,splice,moderate,119.0,1473637511.0,,SEA_A__s119,SEA_A__s119__splice__moderate,0.05084745762711865,3,59,36,2,0.05555555555555555,0,0,,1.0,3.0,3.0,9.18,0.12503916664475884,d3_oof,0,complete,results/per_dataset_study/passive_detectors/runs/SEA_A/d3_oof/SEA_A__s119__splice__moderate
SEA_A,splice,severe,119.0,2268888980.0,,SEA_A__s119,SEA_A__s119__splice__severe,0.0,0,59,48,0,0.0,0,0,,0.0,0.0,3.0,,0.16845194336686595,d3_oof,0,complete,results/per_dataset_study/passive_detectors/runs/SEA_A/d3_oof/SEA_A__s119__splice__severe
SEA_A,clean,none,115.0,,,SEA_A__s115,SEA_A__s115__clean__none,0.01694915254237288,1,59,0,0,,13,0,0.0,0.3333333333333333,1.0,3.0,16.18,0.09069895488210022,hddm_w,0,complete,results/per_dataset_study/passive_detectors/runs/SEA_A/hddm_w/SEA_A__s115__clean__none
SEA_A,concept,moderate,115.0,2983410498.0,,SEA_A__s115,SEA_A__s115__concept__moderate,0.3728813559322034,22,59,33,22,0.6666666666666666,2,0,0.0,1.0,3.0,3.0,0.5133333333333333,0.11407333503787716,hddm_w,0,complete,results/per_dataset_study/passive_detectors/runs/SEA_A/hddm_w/SEA_A__s115__concept__moderate
SEA_A,concept,severe,115.0,3074832534.0,,SEA_A__s115,SEA_A__s115__concept__severe,0.6440677966101694,38,59,44,38,0.8636363636363636,0,0,,1.0,3.0,3.0,0.18000000000000002,0.13904958327960534,hddm_w,0,complete,results/per_dataset_study/passive_detectors/runs/SEA_A/hddm_w/SEA_A__s115__concept__severe
SEA_A,instance,moderate,115.0,2392216387.0,,SEA_A__s115,SEA_A__s115__instance__moderate,0.15254237288135594,9,59,59,9,0.15254237288135594,0,0,,1.0,3.0,3.0,2.8466666666666662,0.09634632175827088,hddm_w,0,complete,results/per_dataset_study/passive_detectors/runs/SEA_A/hddm_w/SEA_A__s115__instance__moderate
SEA_A,instance,severe,115.0,345179728.0,,SEA_A__s115,SEA_A__s115__instance__severe,0.288135593220339,17,59,59,17,0.288135593220339,0,0,,1.0,3.0,3.0,0.8466666666666667,0.10315236300812103,hddm_w,0,complete,results/per_dataset_study/passive_detectors/runs/SEA_A/hddm_w/SEA_A__s115__instance__severe
SEA_A,splice,moderate,115.0,1669518770.0,,SEA_A__s115,SEA_A__s115__splice__moderate,0.0,0,59,37,0,0.0,1,0,0.0,0.0,0.0,3.0,,0.08703590157286575,hddm_w,0,complete,results/per_dataset_study/passive_detectors/runs/SEA_A/hddm_w/SEA_A__s115__splice__moderate
SEA_A,splice,severe,115.0,3823887799.0,,SEA_A__s115,SEA_A__s115__splice__severe,0.0,0,59,57,0,0.0,0,0,,0.0,0.0,3.0,,0.08755610654285799,hddm_w,0,complete,results/per_dataset_study/passive_detectors/runs/SEA_A/hddm_w/SEA_A__s115__splice__severe
SEA_A,clean,none,116.0,,,SEA_A__s116,SEA_A__s116__clean__none,0.01694915254237288,1,59,0,0,,13,0,0.0,0.3333333333333333,1.0,3.0,16.18,0.08866715662103768,hddm_w,0,complete,results/per_dataset_study/passive_detectors/runs/SEA_A/hddm_w/SEA_A__s116__clean__none
SEA_A,concept,moderate,116.0,2842105116.0,,SEA_A__s116,SEA_A__s116__concept__moderate,0.4067796610169492,24,59,34,24,0.7058823529411765,2,0,0.0,1.0,3.0,3.0,0.18000000000000002,0.11769326466795368,hddm_w,0,complete,results/per_dataset_study/passive_detectors/runs/SEA_A/hddm_w/SEA_A__s116__concept__moderate
SEA_A,concept,severe,116.0,1226260622.0,,SEA_A__s116,SEA_A__s116__concept__severe,0.6440677966101694,38,59,46,38,0.8260869565217391,0,0,,1.0,3.0,3.0,0.18000000000000002,0.13881063840623634,hddm_w,0,complete,results/per_dataset_study/passive_detectors/runs/SEA_A/hddm_w/SEA_A__s116__concept__severe
SEA_A,instance,moderate,116.0,453400147.0,,SEA_A__s116,SEA_A__s116__instance__moderate,0.11864406779661017,7,59,59,7,0.11864406779661017,0,0,,1.0,3.0,3.0,7.513333333333333,0.09362236174638383,hddm_w,0,complete,results/per_dataset_study/passive_detectors/runs/SEA_A/hddm_w/SEA_A__s116__instance__moderate
SEA_A,instance,severe,116.0,3914142360.0,,SEA_A__s116,SEA_A__s116__instance__severe,0.23728813559322035,14,59,59,14,0.23728813559322035,0,0,,1.0,3.0,3.0,0.8466666666666667,0.09831597490119746,hddm_w,0,complete,results/per_dataset_study/passive_detectors/runs/SEA_A/hddm_w/SEA_A__s116__instance__severe
SEA_A,splice,moderate,116.0,921862620.0,,SEA_A__s116,SEA_A__s116__splice__moderate,0.0,0,59,33,0,0.0,0,0,,0.0,0.0,3.0,,0.08901340823892194,hddm_w,0,complete,results/per_dataset_study/passive_detectors/runs/SEA_A/hddm_w/SEA_A__s116__splice__moderate
SEA_A,splice,severe,116.0,1993734708.0,,SEA_A__s116,SEA_A__s116__splice__severe,0.0,0,59,46,0,0.0,0,0,,0.0,0.0,3.0,,0.08882965679125239,hddm_w,0,complete,results/per_dataset_study/passive_detectors/runs/SEA_A/hddm_w/SEA_A__s116__splice__severe
SEA_A,clean,none,117.0,,,SEA_A__s117,SEA_A__s117__clean__none,0.0,0,59,0,0,,13,0,0.0,0.0,0.0,3.0,,0.09163763136408913,hddm_w,0,complete,results/per_dataset_study/passive_detectors/runs/SEA_A/hddm_w/SEA_A__s117__clean__none
SEA_A,concept,moderate,117.0,4256973585.0,,SEA_A__s117,SEA_A__s117__concept__moderate,0.5254237288135594,31,59,36,31,0.8611111111111112,1,0,0.0,1.0,3.0,3.0,0.18000000000000002,0.12272514684203391,hddm_w,0,complete,results/per_dataset_study/passive_detectors/runs/SEA_A/hddm_w/SEA_A__s117__concept__moderate
SEA_A,concept,severe,117.0,228998761.0,,SEA_A__s117,SEA_A__s117__concept__severe,0.711864406779661,42,59,50,42,0.84,1,0,0.0,1.0,3.0,3.0,0.18000000000000002,0.14266173840345192,hddm_w,0,complete,results/per_dataset_study/passive_detectors/runs/SEA_A/hddm_w/SEA_A__s117__concept__severe
SEA_A,instance,moderate,117.0,1195402420.0,,SEA_A__s117,SEA_A__s117__instance__moderate,0.11864406779661017,7,59,59,7,0.11864406779661017,0,0,,0.6666666666666666,2.0,3.0,1.18,0.10562402831662135,hddm_w,0,complete,results/per_dataset_study/passive_detectors/runs/SEA_A/hddm_w/SEA_A__s117__instance__moderate
SEA_A,instance,severe,117.0,4063383392.0,,SEA_A__s117,SEA_A__s117__instance__severe,0.3389830508474576,20,59,59,20,0.3389830508474576,0,0,,1.0,3.0,3.0,0.5133333333333333,0.10378763482246238,hddm_w,0,complete,results/per_dataset_study/passive_detectors/runs/SEA_A/hddm_w/SEA_A__s117__instance__severe
SEA_A,splice,moderate,117.0,1275875057.0,,SEA_A__s117,SEA_A__s117__splice__moderate,0.03389830508474576,2,59,36,2,0.05555555555555555,1,0,0.0,0.3333333333333333,1.0,3.0,6.18,0.09035888501481774,hddm_w,0,complete,results/per_dataset_study/passive_detectors/runs/SEA_A/hddm_w/SEA_A__s117__splice__moderate
SEA_A,splice,severe,117.0,2243424514.0,,SEA_A__s117,SEA_A__s117__splice__severe,0.01694915254237288,1,59,50,1,0.02,0,0,,0.3333333333333333,1.0,3.0,19.18,0.09108895833681649,hddm_w,0,complete,results/per_dataset_study/passive_detectors/runs/SEA_A/hddm_w/SEA_A__s117__splice__severe
SEA_A,clean,none,118.0,,,SEA_A__s118,SEA_A__s118__clean__none,0.01694915254237288,1,59,0,0,,13,0,0.0,0.3333333333333333,1.0,3.0,17.18,0.09029902673015991,hddm_w,0,complete,results/per_dataset_study/passive_detectors/runs/SEA_A/hddm_w/SEA_A__s118__clean__none
SEA_A,concept,moderate,118.0,1648460561.0,,SEA_A__s118,SEA_A__s118__concept__moderate,0.4406779661016949,26,59,35,26,0.7428571428571429,3,0,0.0,1.0,3.0,3.0,0.18000000000000002,0.12354180677599894,hddm_w,0,complete,results/per_dataset_study/passive_detectors/runs/SEA_A/hddm_w/SEA_A__s118__concept__moderate
SEA_A,concept,severe,118.0,16137799.0,,SEA_A__s118,SEA_A__s118__concept__severe,0.6101694915254238,36,59,48,36,0.75,0,0,,1.0,3.0,3.0,0.18000000000000002,0.1385170131106861,hddm_w,0,complete,results/per_dataset_study/passive_detectors/runs/SEA_A/hddm_w/SEA_A__s118__concept__severe
SEA_A,instance,moderate,118.0,4224387059.0,,SEA_A__s118,SEA_A__s118__instance__moderate,0.2033898305084746,12,59,59,12,0.2033898305084746,0,0,,1.0,3.0,3.0,4.18,0.10043535187530021,hddm_w,0,complete,results/per_dataset_study/passive_detectors/runs/SEA_A/hddm_w/SEA_A__s118__instance__moderate
SEA_A,instance,severe,118.0,2861808558.0,,SEA_A__s118,SEA_A__s118__instance__severe,0.4067796610169492,24,59,59,24,0.4067796610169492,0,0,,1.0,3.0,3.0,0.8466666666666668,0.11033681172799939,hddm_w,0,complete,results/per_dataset_study/passive_detectors/runs/SEA_A/hddm_w/SEA_A__s118__instance__severe
SEA_A,splice,moderate,118.0,3330973510.0,,SEA_A__s118,SEA_A__s118__splice__moderate,0.01694915254237288,1,59,36,1,0.027777777777777776,0,0,,0.3333333333333333,1.0,3.0,17.18,0.08954471501056105,hddm_w,0,complete,results/per_dataset_study/passive_detectors/runs/SEA_A/hddm_w/SEA_A__s118__splice__moderate
SEA_A,splice,severe,118.0,3954790722.0,,SEA_A__s118,SEA_A__s118__splice__severe,0.0,0,59,50,0,0.0,1,0,0.0,0.0,0.0,3.0,,0.08838618169344652,hddm_w,0,complete,results/per_dataset_study/passive_detectors/runs/SEA_A/hddm_w/SEA_A__s118__splice__severe
SEA_A,clean,none,119.0,,,SEA_A__s119,SEA_A__s119__clean__none,0.01694915254237288,1,59,0,0,,13,0,0.0,0.3333333333333333,1.0,3.0,16.18,0.08929896469150359,hddm_w,0,complete,results/per_dataset_study/passive_detectors/runs/SEA_A/hddm_w/SEA_A__s119__clean__none
SEA_A,concept,moderate,119.0,1118368957.0,,SEA_A__s119,SEA_A__s119__concept__moderate,0.423728813559322,25,59,37,25,0.6756756756756757,2,0,0.0,1.0,3.0,3.0,0.18000000000000002,0.12003867324286452,hddm_w,0,complete,results/per_dataset_study/passive_detectors/runs/SEA_A/hddm_w/SEA_A__s119__concept__moderate
SEA_A,concept,severe,119.0,1193382814.0,,SEA_A__s119,SEA_A__s119__concept__severe,0.6440677966101694,38,59,50,38,0.76,0,0,,1.0,3.0,3.0,0.18000000000000002,0.14060736512571265,hddm_w,0,complete,results/per_dataset_study/passive_detectors/runs/SEA_A/hddm_w/SEA_A__s119__concept__severe
SEA_A,instance,moderate,119.0,110941192.0,,SEA_A__s119,SEA_A__s119__instance__moderate,0.11864406779661017,7,59,59,7,0.11864406779661017,0,0,,1.0,3.0,3.0,1.5133333333333334,0.0934471465977064,hddm_w,0,complete,results/per_dataset_study/passive_detectors/runs/SEA_A/hddm_w/SEA_A__s119__instance__moderate
SEA_A,instance,severe,119.0,3882502243.0,,SEA_A__s119,SEA_A__s119__instance__severe,0.4745762711864407,28,59,59,28,0.4745762711864407,0,0,,1.0,3.0,3.0,0.8466666666666667,0.11095368206345788,hddm_w,0,complete,results/per_dataset_study/passive_detectors/runs/SEA_A/hddm_w/SEA_A__s119__instance__severe
SEA_A,splice,moderate,119.0,1473637511.0,,SEA_A__s119,SEA_A__s119__splice__moderate,0.01694915254237288,1,59,36,1,0.027777777777777776,0,0,,0.3333333333333333,1.0,3.0,16.18,0.09054492319895265,hddm_w,0,complete,results/per_dataset_study/passive_detectors/runs/SEA_A/hddm_w/SEA_A__s119__splice__moderate
SEA_A,splice,severe,119.0,2268888980.0,,SEA_A__s119,SEA_A__s119__splice__severe,0.01694915254237288,1,59,48,1,0.020833333333333332,0,0,,0.3333333333333333,1.0,3.0,16.18,0.09052909508075875,hddm_w,0,complete,results/per_dataset_study/passive_detectors/runs/SEA_A/hddm_w/SEA_A__s119__splice__severe
SEA_A,clean,none,115.0,,,SEA_A__s115,SEA_A__s115__clean__none,0.0847457627118644,5,59,0,0,,13,1,0.07692307692307693,1.0,3.0,3.0,10.846666666666666,0.00797847494444189,hellinger,0,complete,results/per_dataset_study/passive_detectors/runs/SEA_A/hellinger/SEA_A__s115__clean__none
SEA_A,concept,moderate,115.0,2983410498.0,,SEA_A__s115,SEA_A__s115__concept__moderate,0.03389830508474576,2,59,33,2,0.06060606060606061,2,0,0.0,0.3333333333333333,1.0,3.0,4.18,0.007960131818739077,hellinger,0,complete,results/per_dataset_study/passive_detectors/runs/SEA_A/hellinger/SEA_A__s115__concept__moderate
SEA_A,concept,severe,115.0,3074832534.0,,SEA_A__s115,SEA_A__s115__concept__severe,0.06779661016949153,4,59,44,4,0.09090909090909091,0,0,,0.6666666666666666,2.0,3.0,5.68,0.007790010082923497,hellinger,0,complete,results/per_dataset_study/passive_detectors/runs/SEA_A/hellinger/SEA_A__s115__concept__severe
SEA_A,instance,moderate,115.0,2392216387.0,,SEA_A__s115,SEA_A__s115__instance__moderate,0.0847457627118644,5,59,59,5,0.0847457627118644,0,0,,1.0,3.0,3.0,10.846666666666666,0.007877566531533375,hellinger,0,complete,results/per_dataset_study/passive_detectors/runs/SEA_A/hellinger/SEA_A__s115__instance__moderate
SEA_A,instance,severe,115.0,345179728.0,,SEA_A__s115,SEA_A__s115__instance__severe,0.0847457627118644,5,59,59,5,0.0847457627118644,0,0,,1.0,3.0,3.0,10.846666666666666,0.008828394978384798,hellinger,0,complete,results/per_dataset_study/passive_detectors/runs/SEA_A/hellinger/SEA_A__s115__instance__severe
SEA_A,splice,moderate,115.0,1669518770.0,,SEA_A__s115,SEA_A__s115__splice__moderate,0.0847457627118644,5,59,37,4,0.10810810810810811,1,0,0.0,1.0,3.0,3.0,3.513333333333333,0.007626951749746998,hellinger,0,complete,results/per_dataset_study/passive_detectors/runs/SEA_A/hellinger/SEA_A__s115__splice__moderate
SEA_A,splice,severe,115.0,3823887799.0,,SEA_A__s115,SEA_A__s115__splice__severe,0.11864406779661017,7,59,57,7,0.12280701754385964,0,0,,1.0,3.0,3.0,4.18,0.0077231981655738,hellinger,0,complete,results/per_dataset_study/passive_detectors/runs/SEA_A/hellinger/SEA_A__s115__splice__severe
SEA_A,clean,none,116.0,,,SEA_A__s116,SEA_A__s116__clean__none,0.06779661016949153,4,59,0,0,,13,0,0.0,1.0,3.0,3.0,5.846666666666667,0.007702370300345744,hellinger,0,complete,results/per_dataset_study/passive_detectors/runs/SEA_A/hellinger/SEA_A__s116__clean__none
SEA_A,concept,moderate,116.0,2842105116.0,,SEA_A__s116,SEA_A__s116__concept__moderate,0.11864406779661017,7,59,34,4,0.11764705882352941,2,0,0.0,1.0,3.0,3.0,3.1799999999999997,0.007626601291121915,hellinger,0,complete,results/per_dataset_study/passive_detectors/runs/SEA_A/hellinger/SEA_A__s116__concept__moderate
SEA_A,concept,severe,116.0,1226260622.0,,SEA_A__s116,SEA_A__s116__concept__severe,0.0847457627118644,5,59,46,3,0.06521739130434782,0,0,,1.0,3.0,3.0,4.513333333333333,0.007660000119358301,hellinger,0,complete,results/per_dataset_study/passive_detectors/runs/SEA_A/hellinger/SEA_A__s116__concept__severe
SEA_A,instance,moderate,116.0,453400147.0,,SEA_A__s116,SEA_A__s116__instance__moderate,0.06779661016949153,4,59,59,4,0.06779661016949153,0,0,,1.0,3.0,3.0,5.846666666666667,0.007948056785001729,hellinger,0,complete,results/per_dataset_study/passive_detectors/runs/SEA_A/hellinger/SEA_A__s116__instance__moderate
SEA_A,instance,severe,116.0,3914142360.0,,SEA_A__s116,SEA_A__s116__instance__severe,0.06779661016949153,4,59,59,4,0.06779661016949153,0,0,,1.0,3.0,3.0,5.846666666666667,0.007778888393659145,hellinger,0,complete,results/per_dataset_study/passive_detectors/runs/SEA_A/hellinger/SEA_A__s116__instance__severe
SEA_A,splice,moderate,116.0,921862620.0,,SEA_A__s116,SEA_A__s116__splice__moderate,0.05084745762711865,3,59,33,1,0.030303030303030304,0,0,,1.0,3.0,3.0,15.513333333333334,0.007754933370354896,hellinger,0,complete,results/per_dataset_study/passive_detectors/runs/SEA_A/hellinger/SEA_A__s116__splice__moderate
SEA_A,splice,severe,116.0,1993734708.0,,SEA_A__s116,SEA_A__s116__splice__severe,0.03389830508474576,2,59,46,2,0.043478260869565216,0,0,,0.3333333333333333,1.0,3.0,5.18,0.00804882346225592,hellinger,0,complete,results/per_dataset_study/passive_detectors/runs/SEA_A/hellinger/SEA_A__s116__splice__severe
SEA_A,clean,none,117.0,,,SEA_A__s117,SEA_A__s117__clean__none,0.1016949152542373,6,59,0,0,,13,1,0.07692307692307693,1.0,3.0,3.0,3.1799999999999997,0.007781453217224528,hellinger,0,complete,results/per_dataset_study/passive_detectors/runs/SEA_A/hellinger/SEA_A__s117__clean__none
SEA_A,concept,moderate,117.0,4256973585.0,,SEA_A__s117,SEA_A__s117__concept__moderate,0.06779661016949153,4,59,36,3,0.08333333333333333,1,0,0.0,1.0,3.0,3.0,6.513333333333333,0.007632153380351762,hellinger,0,complete,results/per_dataset_study/passive_detectors/runs/SEA_A/hellinger/SEA_A__s117__concept__moderate
SEA_A,concept,severe,117.0,228998761.0,,SEA_A__s117,SEA_A__s117__concept__severe,0.0847457627118644,5,59,50,5,0.1,1,0,0.0,0.6666666666666666,2.0,3.0,6.68,0.007630211330251769,hellinger,0,complete,results/per_dataset_study/passive_detectors/runs/SEA_A/hellinger/SEA_A__s117__concept__severe
SEA_A,instance,moderate,117.0,1195402420.0,,SEA_A__s117,SEA_A__s117__instance__moderate,0.1016949152542373,6,59,59,6,0.1016949152542373,0,0,,1.0,3.0,3.0,3.1799999999999997,0.010241673153359443,hellinger,0,complete,results/per_dataset_study/passive_detectors/runs/SEA_A/hellinger/SEA_A__s117__instance__moderate
SEA_A,instance,severe,117.0,4063383392.0,,SEA_A__s117,SEA_A__s117__instance__severe,0.1016949152542373,6,59,59,6,0.1016949152542373,0,0,,1.0,3.0,3.0,3.1799999999999997,0.007956655075152714,hellinger,0,complete,results/per_dataset_study/passive_detectors/runs/SEA_A/hellinger/SEA_A__s117__instance__severe
SEA_A,splice,moderate,117.0,1275875057.0,,SEA_A__s117,SEA_A__s117__splice__moderate,0.05084745762711865,3,59,36,2,0.05555555555555555,1,0,0.0,0.6666666666666666,2.0,3.0,14.18,0.0076629198641361045,hellinger,0,complete,results/per_dataset_study/passive_detectors/runs/SEA_A/hellinger/SEA_A__s117__splice__moderate
SEA_A,splice,severe,117.0,2243424514.0,,SEA_A__s117,SEA_A__s117__splice__severe,0.01694915254237288,1,59,50,1,0.02,0,0,,0.0,0.0,3.0,,0.007912225216083849,hellinger,0,complete,results/per_dataset_study/passive_detectors/runs/SEA_A/hellinger/SEA_A__s117__splice__severe
SEA_A,clean,none,118.0,,,SEA_A__s118,SEA_A__s118__clean__none,0.0847457627118644,5,59,0,0,,13,1,0.07692307692307693,1.0,3.0,3.0,4.513333333333333,0.007618271338287741,hellinger,0,complete,results/per_dataset_study/passive_detectors/runs/SEA_A/hellinger/SEA_A__s118__clean__none
SEA_A,concept,moderate,118.0,1648460561.0,,SEA_A__s118,SEA_A__s118__concept__moderate,0.06779661016949153,4,59,35,3,0.08571428571428572,3,0,0.0,1.0,3.0,3.0,3.1799999999999997,0.0082500753342174,hellinger,0,complete,results/per_dataset_study/passive_detectors/runs/SEA_A/hellinger/SEA_A__s118__concept__moderate
SEA_A,concept,severe,118.0,16137799.0,,SEA_A__s118,SEA_A__s118__concept__severe,0.03389830508474576,2,59,48,1,0.020833333333333332,0,0,,0.6666666666666666,2.0,3.0,11.18,0.007770000180850427,hellinger,0,complete,results/per_dataset_study/passive_detectors/runs/SEA_A/hellinger/SEA_A__s118__concept__severe
SEA_A,instance,moderate,118.0,4224387059.0,,SEA_A__s118,SEA_A__s118__instance__moderate,0.0847457627118644,5,59,59,5,0.0847457627118644,0,0,,1.0,3.0,3.0,4.513333333333333,0.00776701655316477,hellinger,0,complete,results/per_dataset_study/passive_detectors/runs/SEA_A/hellinger/SEA_A__s118__instance__moderate
SEA_A,instance,severe,118.0,2861808558.0,,SEA_A__s118,SEA_A__s118__instance__severe,0.0847457627118644,5,59,59,5,0.0847457627118644,0,0,,1.0,3.0,3.0,4.513333333333333,0.0077837514982093126,hellinger,0,complete,results/per_dataset_study/passive_detectors/runs/SEA_A/hellinger/SEA_A__s118__instance__severe
SEA_A,splice,moderate,118.0,3330973510.0,,SEA_A__s118,SEA_A__s118__splice__moderate,0.1016949152542373,6,59,36,4,0.1111111111111111,0,0,,1.0,3.0,3.0,4.513333333333333,0.007524651737185196,hellinger,0,complete,results/per_dataset_study/passive_detectors/runs/SEA_A/hellinger/SEA_A__s118__splice__moderate
SEA_A,splice,severe,118.0,3954790722.0,,SEA_A__s118,SEA_A__s118__splice__severe,0.06779661016949153,4,59,50,3,0.06,1,0,0.0,1.0,3.0,3.0,5.513333333333333,0.0077213133045006535,hellinger,0,complete,results/per_dataset_study/passive_detectors/runs/SEA_A/hellinger/SEA_A__s118__splice__severe
SEA_A,clean,none,119.0,,,SEA_A__s119,SEA_A__s119__clean__none,0.11864406779661017,7,59,0,0,,13,1,0.07692307692307693,1.0,3.0,3.0,4.846666666666667,0.0075480551943959045,hellinger,0,complete,results/per_dataset_study/passive_detectors/runs/SEA_A/hellinger/SEA_A__s119__clean__none
SEA_A,concept,moderate,119.0,1118368957.0,,SEA_A__s119,SEA_A__s119__concept__moderate,0.0847457627118644,5,59,37,4,0.10810810810810811,2,0,0.0,1.0,3.0,3.0,9.846666666666666,0.007831529995504146,hellinger,0,complete,results/per_dataset_study/passive_detectors/runs/SEA_A/hellinger/SEA_A__s119__concept__moderate
SEA_A,concept,severe,119.0,1193382814.0,,SEA_A__s119,SEA_A__s119__concept__severe,0.1016949152542373,6,59,50,5,0.1,0,0,,1.0,3.0,3.0,6.18,0.007757223356747999,hellinger,0,complete,results/per_dataset_study/passive_detectors/runs/SEA_A/hellinger/SEA_A__s119__concept__severe
SEA_A,instance,moderate,119.0,110941192.0,,SEA_A__s119,SEA_A__s119__instance__moderate,0.11864406779661017,7,59,59,7,0.11864406779661017,0,0,,1.0,3.0,3.0,4.846666666666667,0.007509583471498142,hellinger,0,complete,results/per_dataset_study/passive_detectors/runs/SEA_A/hellinger/SEA_A__s119__instance__moderate
SEA_A,instance,severe,119.0,3882502243.0,,SEA_A__s119,SEA_A__s119__instance__severe,0.11864406779661017,7,59,59,7,0.11864406779661017,0,0,,1.0,3.0,3.0,4.846666666666667,0.00794423506401169,hellinger,0,complete,results/per_dataset_study/passive_detectors/runs/SEA_A/hellinger/SEA_A__s119__instance__severe
SEA_A,splice,moderate,119.0,1473637511.0,,SEA_A__s119,SEA_A__s119__splice__moderate,0.06779661016949153,4,59,36,2,0.05555555555555555,0,0,,0.6666666666666666,2.0,3.0,12.18,0.007735000059862311,hellinger,0,complete,results/per_dataset_study/passive_detectors/runs/SEA_A/hellinger/SEA_A__s119__splice__moderate
SEA_A,splice,severe,119.0,2268888980.0,,SEA_A__s119,SEA_A__s119__splice__severe,0.0847457627118644,5,59,48,3,0.0625,0,0,,1.0,3.0,3.0,4.846666666666667,0.007819724802781517,hellinger,0,complete,results/per_dataset_study/passive_detectors/runs/SEA_A/hellinger/SEA_A__s119__splice__severe
radar,clean,none,,,,radar__evaluation,radar__evaluation__clean__none__aNone,0.7152777777777778,103,144,0,0,,144,103,0.7152777777777778,,,,,0.02544158120676984,adwin,0,complete,results/per_dataset_study/passive_detectors/runs/radar/adwin/radar__evaluation__clean__none__aNone
radar,concept,moderate,,3910140397.0,0.0,radar__evaluation,radar__evaluation__concept__moderate__a0,0.8680555555555556,125,144,87,86,0.9885057471264368,10,6,0.6,,,,,0.01659179864972806,adwin,0,complete,results/per_dataset_study/passive_detectors/runs/radar/adwin/radar__evaluation__concept__moderate__a0
radar,concept,moderate,,4018716551.0,1.0,radar__evaluation,radar__evaluation__concept__moderate__a1,0.875,126,144,83,80,0.963855421686747,19,13,0.6842105263157895,,,,,0.016673029165012117,adwin,0,complete,results/per_dataset_study/passive_detectors/runs/radar/adwin/radar__evaluation__concept__moderate__a1
radar,concept,moderate,,1880718146.0,2.0,radar__evaluation,radar__evaluation__concept__moderate__a2,0.8680555555555556,125,144,85,84,0.9882352941176471,13,6,0.46153846153846156,,,,,0.01876478151412034,adwin,0,complete,results/per_dataset_study/passive_detectors/runs/radar/adwin/radar__evaluation__concept__moderate__a2
radar,concept,moderate,,510794814.0,3.0,radar__evaluation,radar__evaluation__concept__moderate__a3,0.8333333333333334,120,144,82,79,0.9634146341463414,12,10,0.8333333333333334,,,,,0.016331148336671993,adwin,0,complete,results/per_dataset_study/passive_detectors/runs/radar/adwin/radar__evaluation__concept__moderate__a3
radar,concept,moderate,,342140863.0,4.0,radar__evaluation,radar__evaluation__concept__moderate__a4,0.9236111111111112,133,144,84,84,1.0,19,17,0.8947368421052632,,,,,0.016207117057144563,adwin,0,complete,results/per_dataset_study/passive_detectors/runs/radar/adwin/radar__evaluation__concept__moderate__a4
radar,concept,severe,,1008509576.0,0.0,radar__evaluation,radar__evaluation__concept__severe__a0,0.9375,135,144,121,117,0.9669421487603306,3,2,0.6666666666666666,,,,,0.0163852949563724,adwin,0,complete,results/per_dataset_study/passive_detectors/runs/radar/adwin/radar__evaluation__concept__severe__a0
radar,concept,severe,,1163742248.0,1.0,radar__evaluation,radar__evaluation__concept__severe__a1,0.9027777777777778,130,144,118,111,0.940677966101695,0,0,,,,,,0.01644582743736689,adwin,0,complete,results/per_dataset_study/passive_detectors/runs/radar/adwin/radar__evaluation__concept__severe__a1
radar,concept,severe,,3789935020.0,2.0,radar__evaluation,radar__evaluation__concept__severe__a2,0.9375,135,144,111,109,0.9819819819819819,4,4,1.0,,,,,0.016021311317655045,adwin,0,complete,results/per_dataset_study/passive_detectors/runs/radar/adwin/radar__evaluation__concept__severe__a2
radar,concept,severe,,3335947267.0,3.0,radar__evaluation,radar__evaluation__concept__severe__a3,0.9027777777777778,130,144,112,107,0.9553571428571429,2,2,1.0,,,,,0.016225768053866486,adwin,0,complete,results/per_dataset_study/passive_detectors/runs/radar/adwin/radar__evaluation__concept__severe__a3
radar,concept,severe,,948131781.0,4.0,radar__evaluation,radar__evaluation__concept__severe__a4,0.9097222222222222,131,144,114,110,0.9649122807017544,2,1,0.5,,,,,0.01638947112371977,adwin,0,complete,results/per_dataset_study/passive_detectors/runs/radar/adwin/radar__evaluation__concept__severe__a4
radar,instance,moderate,,3687513746.0,0.0,radar__evaluation,radar__evaluation__instance__moderate__a0,0.7152777777777778,103,144,144,103,0.7152777777777778,0,0,,,,,,0.018451801024863337,adwin,0,complete,results/per_dataset_study/passive_detectors/runs/radar/adwin/radar__evaluation__instance__moderate__a0
radar,instance,moderate,,2388385389.0,1.0,radar__evaluation,radar__evaluation__instance__moderate__a1,0.7013888888888888,101,144,144,101,0.7013888888888888,0,0,,,,,,0.020409072598281498,adwin,0,complete,results/per_dataset_study/passive_detectors/runs/radar/adwin/radar__evaluation__instance__moderate__a1
radar,instance,moderate,,58124341.0,2.0,radar__evaluation,radar__evaluation__instance__moderate__a2,0.6875,99,144,144,99,0.6875,0,0,,,,,,0.01582603584039004,adwin,0,complete,results/per_dataset_study/passive_detectors/runs/radar/adwin/radar__evaluation__instance__moderate__a2
radar,instance,moderate,,3627463518.0,3.0,radar__evaluation,radar__evaluation__instance__moderate__a3,0.6875,99,144,144,99,0.6875,0,0,,,,,,0.01711427114568619,adwin,0,complete,results/per_dataset_study/passive_detectors/runs/radar/adwin/radar__evaluation__instance__moderate__a3
radar,instance,moderate,,2006973868.0,4.0,radar__evaluation,radar__evaluation__instance__moderate__a4,0.6597222222222222,95,144,144,95,0.6597222222222222,0,0,,,,,,0.015961471543734482,adwin,0,complete,results/per_dataset_study/passive_detectors/runs/radar/adwin/radar__evaluation__instance__moderate__a4
radar,instance,severe,,3068245370.0,0.0,radar__evaluation,radar__evaluation__instance__severe__a0,0.7013888888888888,101,144,144,101,0.7013888888888888,0,0,,,,,,0.016457862039044122,adwin,0,complete,results/per_dataset_study/passive_detectors/runs/radar/adwin/radar__evaluation__instance__severe__a0
radar,instance,severe,,11462624.0,1.0,radar__evaluation,radar__evaluation__instance__severe__a1,0.5625,81,144,144,81,0.5625,0,0,,,,,,0.015824624730957578,adwin,0,complete,results/per_dataset_study/passive_detectors/runs/radar/adwin/radar__evaluation__instance__severe__a1
radar,instance,severe,,1906925561.0,2.0,radar__evaluation,radar__evaluation__instance__severe__a2,0.6666666666666666,96,144,144,96,0.6666666666666666,0,0,,,,,,0.016088271681183694,adwin,0,complete,results/per_dataset_study/passive_detectors/runs/radar/adwin/radar__evaluation__instance__severe__a2
radar,instance,severe,,4183855161.0,3.0,radar__evaluation,radar__evaluation__instance__severe__a3,0.6597222222222222,95,144,144,95,0.6597222222222222,0,0,,,,,,0.01614091243254996,adwin,0,complete,results/per_dataset_study/passive_detectors/runs/radar/adwin/radar__evaluation__instance__severe__a3
radar,instance,severe,,1699676806.0,4.0,radar__evaluation,radar__evaluation__instance__severe__a4,0.6805555555555556,98,144,144,98,0.6805555555555556,0,0,,,,,,0.016060631697821022,adwin,0,complete,results/per_dataset_study/passive_detectors/runs/radar/adwin/radar__evaluation__instance__severe__a4
radar,splice,moderate,,424767608.0,0.0,radar__evaluation,radar__evaluation__splice__moderate__a0,0.7986111111111112,115,144,87,74,0.8505747126436781,11,7,0.6363636363636364,,,,,0.017397538798093134,adwin,0,complete,results/per_dataset_study/passive_detectors/runs/radar/adwin/radar__evaluation__splice__moderate__a0
radar,splice,moderate,,3027246665.0,1.0,radar__evaluation,radar__evaluation__splice__moderate__a1,0.8611111111111112,124,144,84,77,0.9166666666666666,17,16,0.9411764705882353,,,,,0.016863153019195887,adwin,0,complete,results/per_dataset_study/passive_detectors/runs/radar/adwin/radar__evaluation__splice__moderate__a1
radar,splice,moderate,,2843988057.0,2.0,radar__evaluation,radar__evaluation__splice__moderate__a2,0.8888888888888888,128,144,84,81,0.9642857142857143,22,17,0.7727272727272727,,,,,0.01698850386619114,adwin,0,complete,results/per_dataset_study/passive_detectors/runs/radar/adwin/radar__evaluation__splice__moderate__a2
radar,splice,moderate,,3964723791.0,3.0,radar__evaluation,radar__evaluation__splice__moderate__a3,0.8402777777777778,121,144,86,78,0.9069767441860465,17,12,0.7058823529411765,,,,,0.017391606545027506,adwin,0,complete,results/per_dataset_study/passive_detectors/runs/radar/adwin/radar__evaluation__splice__moderate__a3
radar,splice,moderate,,216158045.0,4.0,radar__evaluation,radar__evaluation__splice__moderate__a4,0.8541666666666666,123,144,83,75,0.9036144578313253,12,9,0.75,,,,,0.016614052173605606,adwin,0,complete,results/per_dataset_study/passive_detectors/runs/radar/adwin/radar__evaluation__splice__moderate__a4
radar,splice,severe,,1946032787.0,0.0,radar__evaluation,radar__evaluation__splice__severe__a0,0.8333333333333334,120,144,120,101,0.8416666666666667,1,1,1.0,,,,,0.01625624748681311,adwin,0,complete,results/per_dataset_study/passive_detectors/runs/radar/adwin/radar__evaluation__splice__severe__a0
radar,splice,severe,,2444082711.0,1.0,radar__evaluation,radar__evaluation__splice__severe__a1,0.8819444444444444,127,144,118,108,0.9152542372881356,3,1,0.3333333333333333,,,,,0.01608202816935362,adwin,0,complete,results/per_dataset_study/passive_detectors/runs/radar/adwin/radar__evaluation__splice__severe__a1
radar,splice,severe,,1638213230.0,2.0,radar__evaluation,radar__evaluation__splice__severe__a2,0.8472222222222222,122,144,118,104,0.8813559322033898,0,0,,,,,,0.016458957828329124,adwin,0,complete,results/per_dataset_study/passive_detectors/runs/radar/adwin/radar__evaluation__splice__severe__a2
radar,splice,severe,,2515960843.0,3.0,radar__evaluation,radar__evaluation__splice__severe__a3,0.8541666666666666,123,144,117,108,0.9230769230769231,0,0,,,,,,0.01646963582755086,adwin,0,complete,results/per_dataset_study/passive_detectors/runs/radar/adwin/radar__evaluation__splice__severe__a3
radar,splice,severe,,2498603841.0,4.0,radar__evaluation,radar__evaluation__splice__severe__a4,0.875,126,144,113,99,0.8761061946902655,1,1,1.0,,,,,0.016595604225928456,adwin,0,complete,results/per_dataset_study/passive_detectors/runs/radar/adwin/radar__evaluation__splice__severe__a4
radar,clean,none,,,,radar__evaluation,radar__evaluation__clean__none__aNone,0.041666666666666664,6,144,0,0,,144,6,0.041666666666666664,,,,,2.3044880492805464,d3_oof,0,complete,results/per_dataset_study/passive_detectors/runs/radar/d3_oof/radar__evaluation__clean__none__aNone
radar,concept,moderate,,3910140397.0,0.0,radar__evaluation,radar__evaluation__concept__moderate__a0,0.041666666666666664,6,144,87,2,0.022988505747126436,10,0,0.0,,,,,1.617320512865167,d3_oof,0,complete,results/per_dataset_study/passive_detectors/runs/radar/d3_oof/radar__evaluation__concept__moderate__a0
radar,concept,moderate,,4018716551.0,1.0,radar__evaluation,radar__evaluation__concept__moderate__a1,0.041666666666666664,6,144,83,3,0.03614457831325301,19,1,0.05263157894736842,,,,,1.5883759756808868,d3_oof,0,complete,results/per_dataset_study/passive_detectors/runs/radar/d3_oof/radar__evaluation__concept__moderate__a1
radar,concept,moderate,,1880718146.0,2.0,radar__evaluation,radar__evaluation__concept__moderate__a2,0.027777777777777776,4,144,85,2,0.023529411764705882,13,0,0.0,,,,,1.6831797952473857,d3_oof,0,complete,results/per_dataset_study/passive_detectors/runs/radar/d3_oof/radar__evaluation__concept__moderate__a2
radar,concept,moderate,,510794814.0,3.0,radar__evaluation,radar__evaluation__concept__moderate__a3,0.034722222222222224,5,144,82,3,0.036585365853658534,12,1,0.08333333333333333,,,,,1.6644940030688316,d3_oof,0,complete,results/per_dataset_study/passive_detectors/runs/radar/d3_oof/radar__evaluation__concept__moderate__a3
radar,concept,moderate,,342140863.0,4.0,radar__evaluation,radar__evaluation__concept__moderate__a4,0.041666666666666664,6,144,84,2,0.023809523809523808,19,0,0.0,,,,,1.7349679273084762,d3_oof,0,complete,results/per_dataset_study/passive_detectors/runs/radar/d3_oof/radar__evaluation__concept__moderate__a4
radar,concept,severe,,1008509576.0,0.0,radar__evaluation,radar__evaluation__concept__severe__a0,0.027777777777777776,4,144,121,2,0.01652892561983471,3,0,0.0,,,,,1.4447394866408836,d3_oof,0,complete,results/per_dataset_study/passive_detectors/runs/radar/d3_oof/radar__evaluation__concept__severe__a0
radar,concept,severe,,1163742248.0,1.0,radar__evaluation,radar__evaluation__concept__severe__a1,0.041666666666666664,6,144,118,5,0.0423728813559322,0,0,,,,,,1.386870627283516,d3_oof,0,complete,results/per_dataset_study/passive_detectors/runs/radar/d3_oof/radar__evaluation__concept__severe__a1
radar,concept,severe,,3789935020.0,2.0,radar__evaluation,radar__evaluation__concept__severe__a2,0.013888888888888888,2,144,111,1,0.009009009009009009,4,0,0.0,,,,,1.5116086263800803,d3_oof,0,complete,results/per_dataset_study/passive_detectors/runs/radar/d3_oof/radar__evaluation__concept__severe__a2
radar,concept,severe,,3335947267.0,3.0,radar__evaluation,radar__evaluation__concept__severe__a3,0.041666666666666664,6,144,112,4,0.03571428571428571,2,0,0.0,,,,,1.3862133765658269,d3_oof,0,complete,results/per_dataset_study/passive_detectors/runs/radar/d3_oof/radar__evaluation__concept__severe__a3
radar,concept,severe,,948131781.0,4.0,radar__evaluation,radar__evaluation__concept__severe__a4,0.027777777777777776,4,144,114,4,0.03508771929824561,2,0,0.0,,,,,1.4353745684360844,d3_oof,0,complete,results/per_dataset_study/passive_detectors/runs/radar/d3_oof/radar__evaluation__concept__severe__a4
radar,instance,moderate,,3687513746.0,0.0,radar__evaluation,radar__evaluation__instance__moderate__a0,0.041666666666666664,6,144,144,6,0.041666666666666664,0,0,,,,,,2.3139638762956185,d3_oof,0,complete,results/per_dataset_study/passive_detectors/runs/radar/d3_oof/radar__evaluation__instance__moderate__a0
radar,instance,moderate,,2388385389.0,1.0,radar__evaluation,radar__evaluation__instance__moderate__a1,0.041666666666666664,6,144,144,6,0.041666666666666664,0,0,,,,,,2.2913179643914363,d3_oof,0,complete,results/per_dataset_study/passive_detectors/runs/radar/d3_oof/radar__evaluation__instance__moderate__a1
radar,instance,moderate,,58124341.0,2.0,radar__evaluation,radar__evaluation__instance__moderate__a2,0.041666666666666664,6,144,144,6,0.041666666666666664,0,0,,,,,,2.3214447776500693,d3_oof,0,complete,results/per_dataset_study/passive_detectors/runs/radar/d3_oof/radar__evaluation__instance__moderate__a2
radar,instance,moderate,,3627463518.0,3.0,radar__evaluation,radar__evaluation__instance__moderate__a3,0.041666666666666664,6,144,144,6,0.041666666666666664,0,0,,,,,,2.295341230982685,d3_oof,0,complete,results/per_dataset_study/passive_detectors/runs/radar/d3_oof/radar__evaluation__instance__moderate__a3
radar,instance,moderate,,2006973868.0,4.0,radar__evaluation,radar__evaluation__instance__moderate__a4,0.041666666666666664,6,144,144,6,0.041666666666666664,0,0,,,,,,2.281636795861832,d3_oof,0,complete,results/per_dataset_study/passive_detectors/runs/radar/d3_oof/radar__evaluation__instance__moderate__a4
radar,instance,severe,,3068245370.0,0.0,radar__evaluation,radar__evaluation__instance__severe__a0,0.041666666666666664,6,144,144,6,0.041666666666666664,0,0,,,,,,2.314322244790839,d3_oof,0,complete,results/per_dataset_study/passive_detectors/runs/radar/d3_oof/radar__evaluation__instance__severe__a0
radar,instance,severe,,11462624.0,1.0,radar__evaluation,radar__evaluation__instance__severe__a1,0.041666666666666664,6,144,144,6,0.041666666666666664,0,0,,,,,,2.261850303583035,d3_oof,0,complete,results/per_dataset_study/passive_detectors/runs/radar/d3_oof/radar__evaluation__instance__severe__a1
radar,instance,severe,,1906925561.0,2.0,radar__evaluation,radar__evaluation__instance__severe__a2,0.041666666666666664,6,144,144,6,0.041666666666666664,0,0,,,,,,2.3373604768643936,d3_oof,0,complete,results/per_dataset_study/passive_detectors/runs/radar/d3_oof/radar__evaluation__instance__severe__a2
radar,instance,severe,,4183855161.0,3.0,radar__evaluation,radar__evaluation__instance__severe__a3,0.041666666666666664,6,144,144,6,0.041666666666666664,0,0,,,,,,2.2162867982427064,d3_oof,0,complete,results/per_dataset_study/passive_detectors/runs/radar/d3_oof/radar__evaluation__instance__severe__a3
radar,instance,severe,,1699676806.0,4.0,radar__evaluation,radar__evaluation__instance__severe__a4,0.041666666666666664,6,144,144,6,0.041666666666666664,0,0,,,,,,2.2238855719300874,d3_oof,0,complete,results/per_dataset_study/passive_detectors/runs/radar/d3_oof/radar__evaluation__instance__severe__a4
radar,splice,moderate,,424767608.0,0.0,radar__evaluation,radar__evaluation__splice__moderate__a0,0.041666666666666664,6,144,87,3,0.034482758620689655,11,1,0.09090909090909091,,,,,2.436922666913552,d3_oof,0,complete,results/per_dataset_study/passive_detectors/runs/radar/d3_oof/radar__evaluation__splice__moderate__a0
radar,splice,moderate,,3027246665.0,1.0,radar__evaluation,radar__evaluation__splice__moderate__a1,0.041666666666666664,6,144,84,1,0.011904761904761904,17,2,0.11764705882352941,,,,,2.5477454982104746,d3_oof,0,complete,results/per_dataset_study/passive_detectors/runs/radar/d3_oof/radar__evaluation__splice__moderate__a1
radar,splice,moderate,,2843988057.0,2.0,radar__evaluation,radar__evaluation__splice__moderate__a2,0.041666666666666664,6,144,84,2,0.023809523809523808,22,4,0.18181818181818182,,,,,2.5485149145354207,d3_oof,0,complete,results/per_dataset_study/passive_detectors/runs/radar/d3_oof/radar__evaluation__splice__moderate__a2
radar,splice,moderate,,3964723791.0,3.0,radar__evaluation,radar__evaluation__splice__moderate__a3,0.041666666666666664,6,144,86,3,0.03488372093023256,17,1,0.058823529411764705,,,,,2.561932134701484,d3_oof,0,complete,results/per_dataset_study/passive_detectors/runs/radar/d3_oof/radar__evaluation__splice__moderate__a3
radar,splice,moderate,,216158045.0,4.0,radar__evaluation,radar__evaluation__splice__moderate__a4,0.034722222222222224,5,144,83,1,0.012048192771084338,12,0,0.0,,,,,2.5767542559734307,d3_oof,0,complete,results/per_dataset_study/passive_detectors/runs/radar/d3_oof/radar__evaluation__splice__moderate__a4
radar,splice,severe,,1946032787.0,0.0,radar__evaluation,radar__evaluation__splice__severe__a0,0.034722222222222224,5,144,120,5,0.041666666666666664,1,0,0.0,,,,,2.675699260285355,d3_oof,0,complete,results/per_dataset_study/passive_detectors/runs/radar/d3_oof/radar__evaluation__splice__severe__a0
radar,splice,severe,,2444082711.0,1.0,radar__evaluation,radar__evaluation__splice__severe__a1,0.027777777777777776,4,144,118,2,0.01694915254237288,3,0,0.0,,,,,2.7043598701641822,d3_oof,0,complete,results/per_dataset_study/passive_detectors/runs/radar/d3_oof/radar__evaluation__splice__severe__a1
radar,splice,severe,,1638213230.0,2.0,radar__evaluation,radar__evaluation__splice__severe__a2,0.034722222222222224,5,144,118,5,0.0423728813559322,0,0,,,,,,2.6154943828298713,d3_oof,0,complete,results/per_dataset_study/passive_detectors/runs/radar/d3_oof/radar__evaluation__splice__severe__a2
radar,splice,severe,,2515960843.0,3.0,radar__evaluation,radar__evaluation__splice__severe__a3,0.027777777777777776,4,144,117,2,0.017094017094017096,0,0,,,,,,2.572801885326379,d3_oof,0,complete,results/per_dataset_study/passive_detectors/runs/radar/d3_oof/radar__evaluation__splice__severe__a3
radar,splice,severe,,2498603841.0,4.0,radar__evaluation,radar__evaluation__splice__severe__a4,0.034722222222222224,5,144,113,4,0.035398230088495575,1,0,0.0,,,,,2.557764574671281,d3_oof,0,complete,results/per_dataset_study/passive_detectors/runs/radar/d3_oof/radar__evaluation__splice__severe__a4
radar,clean,none,,,,radar__evaluation,radar__evaluation__clean__none__aNone,0.5763888888888888,83,144,0,0,,144,83,0.5763888888888888,,,,,0.2898450284180473,hddm_w,0,complete,results/per_dataset_study/passive_detectors/runs/radar/hddm_w/radar__evaluation__clean__none__aNone
radar,concept,moderate,,3910140397.0,0.0,radar__evaluation,radar__evaluation__concept__moderate__a0,0.7222222222222222,104,144,87,72,0.8275862068965517,10,6,0.6,,,,,0.2957988498200701,hddm_w,0,complete,results/per_dataset_study/passive_detectors/runs/radar/hddm_w/radar__evaluation__concept__moderate__a0
radar,concept,moderate,,4018716551.0,1.0,radar__evaluation,radar__evaluation__concept__moderate__a1,0.7083333333333334,102,144,83,68,0.8192771084337349,19,7,0.3684210526315789,,,,,0.2986588354655277,hddm_w,0,complete,results/per_dataset_study/passive_detectors/runs/radar/hddm_w/radar__evaluation__concept__moderate__a1
radar,concept,moderate,,1880718146.0,2.0,radar__evaluation,radar__evaluation__concept__moderate__a2,0.6944444444444444,100,144,85,73,0.8588235294117647,13,6,0.46153846153846156,,,,,0.30388146913455116,hddm_w,0,complete,results/per_dataset_study/passive_detectors/runs/radar/hddm_w/radar__evaluation__concept__moderate__a2
radar,concept,moderate,,510794814.0,3.0,radar__evaluation,radar__evaluation__concept__moderate__a3,0.7013888888888888,101,144,82,66,0.8048780487804879,12,8,0.6666666666666666,,,,,0.3140951274004675,hddm_w,0,complete,results/per_dataset_study/passive_detectors/runs/radar/hddm_w/radar__evaluation__concept__moderate__a3
radar,concept,moderate,,342140863.0,4.0,radar__evaluation,radar__evaluation__concept__moderate__a4,0.7430555555555556,107,144,84,73,0.8690476190476191,19,13,0.6842105263157895,,,,,0.3090139487060011,hddm_w,0,complete,results/per_dataset_study/passive_detectors/runs/radar/hddm_w/radar__evaluation__concept__moderate__a4
radar,concept,severe,,1008509576.0,0.0,radar__evaluation,radar__evaluation__concept__severe__a0,0.7847222222222222,113,144,121,97,0.8016528925619835,3,2,0.6666666666666666,,,,,0.30516178671334665,hddm_w,0,complete,results/per_dataset_study/passive_detectors/runs/radar/hddm_w/radar__evaluation__concept__severe__a0
radar,concept,severe,,1163742248.0,1.0,radar__evaluation,radar__evaluation__concept__severe__a1,0.75,108,144,118,94,0.7966101694915254,0,0,,,,,,0.29880604413303874,hddm_w,0,complete,results/per_dataset_study/passive_detectors/runs/radar/hddm_w/radar__evaluation__concept__severe__a1
radar,concept,severe,,3789935020.0,2.0,radar__evaluation,radar__evaluation__concept__severe__a2,0.8055555555555556,116,144,111,96,0.8648648648648649,4,3,0.75,,,,,0.3204077490910849,hddm_w,0,complete,results/per_dataset_study/passive_detectors/runs/radar/hddm_w/radar__evaluation__concept__severe__a2
radar,concept,severe,,3335947267.0,3.0,radar__evaluation,radar__evaluation__concept__severe__a3,0.7847222222222222,113,144,112,94,0.8392857142857143,2,2,1.0,,,,,0.3109263152161289,hddm_w,0,complete,results/per_dataset_study/passive_detectors/runs/radar/hddm_w/radar__evaluation__concept__severe__a3
radar,concept,severe,,948131781.0,4.0,radar__evaluation,radar__evaluation__concept__severe__a4,0.7638888888888888,110,144,114,94,0.8245614035087719,2,0,0.0,,,,,0.3110764032835608,hddm_w,0,complete,results/per_dataset_study/passive_detectors/runs/radar/hddm_w/radar__evaluation__concept__severe__a4
radar,instance,moderate,,3687513746.0,0.0,radar__evaluation,radar__evaluation__instance__moderate__a0,0.5625,81,144,144,81,0.5625,0,0,,,,,,0.1830645720369067,hddm_w,0,complete,results/per_dataset_study/passive_detectors/runs/radar/hddm_w/radar__evaluation__instance__moderate__a0
radar,instance,moderate,,2388385389.0,1.0,radar__evaluation,radar__evaluation__instance__moderate__a1,0.5555555555555556,80,144,144,80,0.5555555555555556,0,0,,,,,,0.16676110673023617,hddm_w,0,complete,results/per_dataset_study/passive_detectors/runs/radar/hddm_w/radar__evaluation__instance__moderate__a1
radar,instance,moderate,,58124341.0,2.0,radar__evaluation,radar__evaluation__instance__moderate__a2,0.5138888888888888,74,144,144,74,0.5138888888888888,0,0,,,,,,0.16893872598503107,hddm_w,0,complete,results/per_dataset_study/passive_detectors/runs/radar/hddm_w/radar__evaluation__instance__moderate__a2
radar,instance,moderate,,3627463518.0,3.0,radar__evaluation,radar__evaluation__instance__moderate__a3,0.5208333333333334,75,144,144,75,0.5208333333333334,0,0,,,,,,0.16396684005240947,hddm_w,0,complete,results/per_dataset_study/passive_detectors/runs/radar/hddm_w/radar__evaluation__instance__moderate__a3
radar,instance,moderate,,2006973868.0,4.0,radar__evaluation,radar__evaluation__instance__moderate__a4,0.5208333333333334,75,144,144,75,0.5208333333333334,0,0,,,,,,0.1755872056740394,hddm_w,0,complete,results/per_dataset_study/passive_detectors/runs/radar/hddm_w/radar__evaluation__instance__moderate__a4
radar,instance,severe,,3068245370.0,0.0,radar__evaluation,radar__evaluation__instance__severe__a0,0.5625,81,144,144,81,0.5625,0,0,,,,,,0.16357026858010382,hddm_w,0,complete,results/per_dataset_study/passive_detectors/runs/radar/hddm_w/radar__evaluation__instance__severe__a0
radar,instance,severe,,11462624.0,1.0,radar__evaluation,radar__evaluation__instance__severe__a1,0.5138888888888888,74,144,144,74,0.5138888888888888,0,0,,,,,,0.152735924066914,hddm_w,0,complete,results/per_dataset_study/passive_detectors/runs/radar/hddm_w/radar__evaluation__instance__severe__a1
radar,instance,severe,,1906925561.0,2.0,radar__evaluation,radar__evaluation__instance__severe__a2,0.5625,81,144,144,81,0.5625,0,0,,,,,,0.15931725210527495,hddm_w,0,complete,results/per_dataset_study/passive_detectors/runs/radar/hddm_w/radar__evaluation__instance__severe__a2
radar,instance,severe,,4183855161.0,3.0,radar__evaluation,radar__evaluation__instance__severe__a3,0.5625,81,144,144,81,0.5625,0,0,,,,,,0.1696623151720016,hddm_w,0,complete,results/per_dataset_study/passive_detectors/runs/radar/hddm_w/radar__evaluation__instance__severe__a3
radar,instance,severe,,1699676806.0,4.0,radar__evaluation,radar__evaluation__instance__severe__a4,0.5763888888888888,83,144,144,83,0.5763888888888888,0,0,,,,,,0.1667311190865395,hddm_w,0,complete,results/per_dataset_study/passive_detectors/runs/radar/hddm_w/radar__evaluation__instance__severe__a4
radar,splice,moderate,,424767608.0,0.0,radar__evaluation,radar__evaluation__splice__moderate__a0,0.6875,99,144,87,69,0.7931034482758621,11,5,0.45454545454545453,,,,,0.3182670336533518,hddm_w,0,complete,results/per_dataset_study/passive_detectors/runs/radar/hddm_w/radar__evaluation__splice__moderate__a0
radar,splice,moderate,,3027246665.0,1.0,radar__evaluation,radar__evaluation__splice__moderate__a1,0.7430555555555556,107,144,84,69,0.8214285714285714,17,13,0.7647058823529411,,,,,0.3340860769985455,hddm_w,0,complete,results/per_dataset_study/passive_detectors/runs/radar/hddm_w/radar__evaluation__splice__moderate__a1
radar,splice,moderate,,2843988057.0,2.0,radar__evaluation,radar__evaluation__splice__moderate__a2,0.75,108,144,84,71,0.8452380952380952,22,13,0.5909090909090909,,,,,0.3515079114924666,hddm_w,0,complete,results/per_dataset_study/passive_detectors/runs/radar/hddm_w/radar__evaluation__splice__moderate__a2
radar,splice,moderate,,3964723791.0,3.0,radar__evaluation,radar__evaluation__splice__moderate__a3,0.7152777777777778,103,144,86,68,0.7906976744186046,17,9,0.5294117647058824,,,,,0.33541670451708094,hddm_w,0,complete,results/per_dataset_study/passive_detectors/runs/radar/hddm_w/radar__evaluation__splice__moderate__a3
radar,splice,moderate,,216158045.0,4.0,radar__evaluation,radar__evaluation__splice__moderate__a4,0.7083333333333334,102,144,83,70,0.8433734939759037,12,7,0.5833333333333334,,,,,0.34261102903641566,hddm_w,0,complete,results/per_dataset_study/passive_detectors/runs/radar/hddm_w/radar__evaluation__splice__moderate__a4
radar,splice,severe,,1946032787.0,0.0,radar__evaluation,radar__evaluation__splice__severe__a0,0.75,108,144,120,92,0.7666666666666667,1,1,1.0,,,,,0.3511416551078365,hddm_w,0,complete,results/per_dataset_study/passive_detectors/runs/radar/hddm_w/radar__evaluation__splice__severe__a0
radar,splice,severe,,2444082711.0,1.0,radar__evaluation,radar__evaluation__splice__severe__a1,0.7708333333333334,111,144,118,98,0.8305084745762712,3,0,0.0,,,,,0.36497182664569494,hddm_w,0,complete,results/per_dataset_study/passive_detectors/runs/radar/hddm_w/radar__evaluation__splice__severe__a1
radar,splice,severe,,1638213230.0,2.0,radar__evaluation,radar__evaluation__splice__severe__a2,0.7777777777777778,112,144,118,97,0.8220338983050848,0,0,,,,,,0.36516828386478145,hddm_w,0,complete,results/per_dataset_study/passive_detectors/runs/radar/hddm_w/radar__evaluation__splice__severe__a2
radar,splice,severe,,2515960843.0,3.0,radar__evaluation,radar__evaluation__splice__severe__a3,0.7638888888888888,110,144,117,99,0.8461538461538461,0,0,,,,,,0.3596757061314883,hddm_w,0,complete,results/per_dataset_study/passive_detectors/runs/radar/hddm_w/radar__evaluation__splice__severe__a3
radar,splice,severe,,2498603841.0,4.0,radar__evaluation,radar__evaluation__splice__severe__a4,0.75,108,144,113,89,0.7876106194690266,1,0,0.0,,,,,0.35511535298185076,hddm_w,0,complete,results/per_dataset_study/passive_detectors/runs/radar/hddm_w/radar__evaluation__splice__severe__a4
radar,clean,none,,,,radar__evaluation,radar__evaluation__clean__none__aNone,0.1111111111111111,16,144,0,0,,144,16,0.1111111111111111,,,,,0.08345100551274477,hellinger,0,complete,results/per_dataset_study/passive_detectors/runs/radar/hellinger/radar__evaluation__clean__none__aNone
radar,concept,moderate,,3910140397.0,0.0,radar__evaluation,radar__evaluation__concept__moderate__a0,0.034722222222222224,5,144,87,2,0.022988505747126436,10,0,0.0,,,,,0.07732401522373522,hellinger,0,complete,results/per_dataset_study/passive_detectors/runs/radar/hellinger/radar__evaluation__concept__moderate__a0
radar,concept,moderate,,4018716551.0,1.0,radar__evaluation,radar__evaluation__concept__moderate__a1,0.125,18,144,83,11,0.13253012048192772,19,1,0.05263157894736842,,,,,0.07593691111831906,hellinger,0,complete,results/per_dataset_study/passive_detectors/runs/radar/hellinger/radar__evaluation__concept__moderate__a1
radar,concept,moderate,,1880718146.0,2.0,radar__evaluation,radar__evaluation__concept__moderate__a2,0.020833333333333332,3,144,85,2,0.023529411764705882,13,0,0.0,,,,,0.07795477062468392,hellinger,0,complete,results/per_dataset_study/passive_detectors/runs/radar/hellinger/radar__evaluation__concept__moderate__a2
radar,concept,moderate,,510794814.0,3.0,radar__evaluation,radar__evaluation__concept__moderate__a3,0.08333333333333333,12,144,82,6,0.07317073170731707,12,1,0.08333333333333333,,,,,0.0769078230693546,hellinger,0,complete,results/per_dataset_study/passive_detectors/runs/radar/hellinger/radar__evaluation__concept__moderate__a3
radar,concept,moderate,,342140863.0,4.0,radar__evaluation,radar__evaluation__concept__moderate__a4,0.0625,9,144,84,5,0.05952380952380952,19,0,0.0,,,,,0.07619816372241238,hellinger,0,complete,results/per_dataset_study/passive_detectors/runs/radar/hellinger/radar__evaluation__concept__moderate__a4
radar,concept,severe,,1008509576.0,0.0,radar__evaluation,radar__evaluation__concept__severe__a0,0.09027777777777778,13,144,121,9,0.0743801652892562,3,0,0.0,,,,,0.07661386571611743,hellinger,0,complete,results/per_dataset_study/passive_detectors/runs/radar/hellinger/radar__evaluation__concept__severe__a0
radar,concept,severe,,1163742248.0,1.0,radar__evaluation,radar__evaluation__concept__severe__a1,0.06944444444444445,10,144,118,8,0.06779661016949153,0,0,,,,,,0.07878348706225595,hellinger,0,complete,results/per_dataset_study/passive_detectors/runs/radar/hellinger/radar__evaluation__concept__severe__a1
radar,concept,severe,,3789935020.0,2.0,radar__evaluation,radar__evaluation__concept__severe__a2,0.0625,9,144,111,5,0.04504504504504504,4,2,0.5,,,,,0.0794033664212964,hellinger,0,complete,results/per_dataset_study/passive_detectors/runs/radar/hellinger/radar__evaluation__concept__severe__a2
radar,concept,severe,,3335947267.0,3.0,radar__evaluation,radar__evaluation__concept__severe__a3,0.05555555555555555,8,144,112,7,0.0625,2,0,0.0,,,,,0.07780854977800848,hellinger,0,complete,results/per_dataset_study/passive_detectors/runs/radar/hellinger/radar__evaluation__concept__severe__a3
radar,concept,severe,,948131781.0,4.0,radar__evaluation,radar__evaluation__concept__severe__a4,0.09027777777777778,13,144,114,8,0.07017543859649122,2,0,0.0,,,,,0.07726362282024296,hellinger,0,complete,results/per_dataset_study/passive_detectors/runs/radar/hellinger/radar__evaluation__concept__severe__a4
radar,instance,moderate,,3687513746.0,0.0,radar__evaluation,radar__evaluation__instance__moderate__a0,0.1111111111111111,16,144,144,16,0.1111111111111111,0,0,,,,,,0.07657118039970208,hellinger,0,complete,results/per_dataset_study/passive_detectors/runs/radar/hellinger/radar__evaluation__instance__moderate__a0
radar,instance,moderate,,2388385389.0,1.0,radar__evaluation,radar__evaluation__instance__moderate__a1,0.1111111111111111,16,144,144,16,0.1111111111111111,0,0,,,,,,0.07196802692814998,hellinger,0,complete,results/per_dataset_study/passive_detectors/runs/radar/hellinger/radar__evaluation__instance__moderate__a1
radar,instance,moderate,,58124341.0,2.0,radar__evaluation,radar__evaluation__instance__moderate__a2,0.1111111111111111,16,144,144,16,0.1111111111111111,0,0,,,,,,0.07307654832720527,hellinger,0,complete,results/per_dataset_study/passive_detectors/runs/radar/hellinger/radar__evaluation__instance__moderate__a2
radar,instance,moderate,,3627463518.0,3.0,radar__evaluation,radar__evaluation__instance__moderate__a3,0.1111111111111111,16,144,144,16,0.1111111111111111,0,0,,,,,,0.07259999294293015,hellinger,0,complete,results/per_dataset_study/passive_detectors/runs/radar/hellinger/radar__evaluation__instance__moderate__a3
radar,instance,moderate,,2006973868.0,4.0,radar__evaluation,radar__evaluation__instance__moderate__a4,0.1111111111111111,16,144,144,16,0.1111111111111111,0,0,,,,,,0.07291187468734124,hellinger,0,complete,results/per_dataset_study/passive_detectors/runs/radar/hellinger/radar__evaluation__instance__moderate__a4
radar,instance,severe,,3068245370.0,0.0,radar__evaluation,radar__evaluation__instance__severe__a0,0.1111111111111111,16,144,144,16,0.1111111111111111,0,0,,,,,,0.07271122246171981,hellinger,0,complete,results/per_dataset_study/passive_detectors/runs/radar/hellinger/radar__evaluation__instance__severe__a0
radar,instance,severe,,11462624.0,1.0,radar__evaluation,radar__evaluation__instance__severe__a1,0.1111111111111111,16,144,144,16,0.1111111111111111,0,0,,,,,,0.07285514008200411,hellinger,0,complete,results/per_dataset_study/passive_detectors/runs/radar/hellinger/radar__evaluation__instance__severe__a1
radar,instance,severe,,1906925561.0,2.0,radar__evaluation,radar__evaluation__instance__severe__a2,0.1111111111111111,16,144,144,16,0.1111111111111111,0,0,,,,,,0.07226738091443566,hellinger,0,complete,results/per_dataset_study/passive_detectors/runs/radar/hellinger/radar__evaluation__instance__severe__a2
radar,instance,severe,,4183855161.0,3.0,radar__evaluation,radar__evaluation__instance__severe__a3,0.1111111111111111,16,144,144,16,0.1111111111111111,0,0,,,,,,0.07407957407605045,hellinger,0,complete,results/per_dataset_study/passive_detectors/runs/radar/hellinger/radar__evaluation__instance__severe__a3
radar,instance,severe,,1699676806.0,4.0,radar__evaluation,radar__evaluation__instance__severe__a4,0.1111111111111111,16,144,144,16,0.1111111111111111,0,0,,,,,,0.07381571082702013,hellinger,0,complete,results/per_dataset_study/passive_detectors/runs/radar/hellinger/radar__evaluation__instance__severe__a4
radar,splice,moderate,,424767608.0,0.0,radar__evaluation,radar__evaluation__splice__moderate__a0,0.10416666666666667,15,144,87,7,0.08045977011494253,11,2,0.18181818181818182,,,,,0.07308838172957652,hellinger,0,complete,results/per_dataset_study/passive_detectors/runs/radar/hellinger/radar__evaluation__splice__moderate__a0
radar,splice,moderate,,3027246665.0,1.0,radar__evaluation,radar__evaluation__splice__moderate__a1,0.08333333333333333,12,144,84,5,0.05952380952380952,17,3,0.17647058823529413,,,,,0.07438395134973533,hellinger,0,complete,results/per_dataset_study/passive_detectors/runs/radar/hellinger/radar__evaluation__splice__moderate__a1
radar,splice,moderate,,2843988057.0,2.0,radar__evaluation,radar__evaluation__splice__moderate__a2,0.1111111111111111,16,144,84,9,0.10714285714285714,22,2,0.09090909090909091,,,,,0.0748630123459531,hellinger,0,complete,results/per_dataset_study/passive_detectors/runs/radar/hellinger/radar__evaluation__splice__moderate__a2
radar,splice,moderate,,3964723791.0,3.0,radar__evaluation,radar__evaluation__splice__moderate__a3,0.034722222222222224,5,144,86,2,0.023255813953488372,17,2,0.11764705882352941,,,,,0.07572154832215562,hellinger,0,complete,results/per_dataset_study/passive_detectors/runs/radar/hellinger/radar__evaluation__splice__moderate__a3
radar,splice,moderate,,216158045.0,4.0,radar__evaluation,radar__evaluation__splice__moderate__a4,0.09722222222222222,14,144,83,11,0.13253012048192772,12,0,0.0,,,,,0.07308377571912307,hellinger,0,complete,results/per_dataset_study/passive_detectors/runs/radar/hellinger/radar__evaluation__splice__moderate__a4
radar,splice,severe,,1946032787.0,0.0,radar__evaluation,radar__evaluation__splice__severe__a0,0.08333333333333333,12,144,120,9,0.075,1,0,0.0,,,,,0.07637314251849522,hellinger,0,complete,results/per_dataset_study/passive_detectors/runs/radar/hellinger/radar__evaluation__splice__severe__a0
radar,splice,severe,,2444082711.0,1.0,radar__evaluation,radar__evaluation__splice__severe__a1,0.05555555555555555,8,144,118,6,0.05084745762711865,3,0,0.0,,,,,0.0748675031096371,hellinger,0,complete,results/per_dataset_study/passive_detectors/runs/radar/hellinger/radar__evaluation__splice__severe__a1
radar,splice,severe,,1638213230.0,2.0,radar__evaluation,radar__evaluation__splice__severe__a2,0.06944444444444445,10,144,118,8,0.06779661016949153,0,0,,,,,,0.07585416255055182,hellinger,0,complete,results/per_dataset_study/passive_detectors/runs/radar/hellinger/radar__evaluation__splice__severe__a2
radar,splice,severe,,2515960843.0,3.0,radar__evaluation,radar__evaluation__splice__severe__a3,0.06944444444444445,10,144,117,7,0.05982905982905983,0,0,,,,,,0.07729534867555148,hellinger,0,complete,results/per_dataset_study/passive_detectors/runs/radar/hellinger/radar__evaluation__splice__severe__a3
radar,splice,severe,,2498603841.0,4.0,radar__evaluation,radar__evaluation__splice__severe__a4,0.06944444444444445,10,144,113,9,0.07964601769911504,1,0,0.0,,,,,0.07667428717257234,hellinger,0,complete,results/per_dataset_study/passive_detectors/runs/radar/hellinger/radar__evaluation__splice__severe__a4
