stream,mode,level,base_seed,attack_seed,attack_assignment,base_key,condition,resets,training_visits,seconds,host_n,host_accuracy,host_macro_f1,poison_rows,poison_rows_admitted,poison_admission_rate,clean_rows,clean_rows_withheld,clean_withhold_rate,malicious_recall,benign_fpr,policy,guarded,detector,status,folder,rows,accepted_training_visits,accepted_refit_rows,pending_candidate,audit_rows_reserved
RBF_I,clean,none,115.0,,,RBF_I__s115,RBF_I__s115__clean__none,3,62700,2.7622217500029365,56050,0.5564317573595005,0.5486748741386835,0,0,,56050,12350,0.22033898305084745,,,confirmed,True,adwin,complete,results/per_dataset_study/fixed_responses/runs/RBF_I/adwin/RBF_I__s115__clean__none/confirmed_screened,,,,,
RBF_I,clean,none,115.0,,,RBF_I__s115,RBF_I__s115__clean__none,3,62700,2.4243099160084967,56050,0.5753256021409456,0.5685517977854329,0,0,,56050,0,0.0,,,confirmed,False,adwin,complete,results/per_dataset_study/fixed_responses/runs/RBF_I/adwin/RBF_I__s115__clean__none/confirmed_unscreened,60000.0,62700.0,8550.0,False,3000.0
RBF_I,clean,none,115.0,,,RBF_I__s115,RBF_I__s115__clean__none,5,57000,2.4564299159974325,56050,0.5534344335414808,0.5460595451951422,0,0,,56050,13300,0.23728813559322035,,,immediate,True,adwin,complete,results/per_dataset_study/fixed_responses/runs/RBF_I/adwin/RBF_I__s115__clean__none/immediate_screened,60000.0,43700.0,4750.0,False,3000.0
RBF_I,clean,none,115.0,,,RBF_I__s115,RBF_I__s115__clean__none,6,57000,2.189989709004294,56050,0.5625691347011597,0.5554568757524287,0,0,,56050,0,0.0,,,immediate,False,adwin,complete,results/per_dataset_study/fixed_responses/runs/RBF_I/adwin/RBF_I__s115__clean__none/immediate_unscreened,60000.0,57000.0,5700.0,False,3000.0
RBF_I,concept,moderate,115.0,816888935.0,,RBF_I__s115,RBF_I__s115__concept__moderate,1,66500,2.9771320830041077,47503,0.5615013788602825,0.5571621270947,8547,5101,0.5968175968175968,47503,14604,0.30743321474433194,,,confirmed,True,adwin,complete,results/per_dataset_study/fixed_responses/runs/RBF_I/adwin/RBF_I__s115__concept__moderate/confirmed_screened,,,,,
RBF_I,concept,moderate,115.0,816888935.0,,RBF_I__s115,RBF_I__s115__concept__moderate,4,64600,2.4323083749914076,47503,0.5828473991116351,0.5776520473057749,8547,8547,1.0,47503,0,0.0,,,confirmed,False,adwin,complete,results/per_dataset_study/fixed_responses/runs/RBF_I/adwin/RBF_I__s115__concept__moderate/confirmed_unscreened,60000.0,64600.0,11400.0,False,3000.0
RBF_I,concept,moderate,115.0,816888935.0,,RBF_I__s115,RBF_I__s115__concept__moderate,9,57000,2.4249314589833375,47503,0.5497968549354778,0.5423025232640397,8547,2635,0.30829530829530827,47503,18788,0.39551186240868996,,,immediate,True,adwin,complete,results/per_dataset_study/fixed_responses/runs/RBF_I/adwin/RBF_I__s115__concept__moderate/immediate_screened,60000.0,32300.0,8550.0,False,3000.0
RBF_I,concept,moderate,115.0,816888935.0,,RBF_I__s115,RBF_I__s115__concept__moderate,23,57000,2.1739603340101894,47503,0.542955181777993,0.5355770238929455,8547,8547,1.0,47503,0,0.0,,,immediate,False,adwin,complete,results/per_dataset_study/fixed_responses/runs/RBF_I/adwin/RBF_I__s115__concept__moderate/immediate_unscreened,60000.0,57000.0,21850.0,False,3000.0
RBF_I,concept,severe,115.0,1773327730.0,,RBF_I__s115,RBF_I__s115__concept__severe,1,66500,3.0111025840014918,41852,0.5326388225174424,0.5283421758447234,14198,9912,0.6981264966896746,41852,9964,0.23807703335563413,,,confirmed,True,adwin,complete,results/per_dataset_study/fixed_responses/runs/RBF_I/adwin/RBF_I__s115__concept__severe/confirmed_screened,,,,,
RBF_I,concept,severe,115.0,1773327730.0,,RBF_I__s115,RBF_I__s115__concept__severe,3,62700,2.328323541994905,41852,0.5500812386504826,0.5438846749689968,14198,14198,1.0,41852,0,0.0,,,confirmed,False,adwin,complete,results/per_dataset_study/fixed_responses/runs/RBF_I/adwin/RBF_I__s115__concept__severe/confirmed_unscreened,60000.0,62700.0,8550.0,True,3000.0
RBF_I,concept,severe,115.0,1773327730.0,,RBF_I__s115,RBF_I__s115__concept__severe,8,57000,2.463411292003002,41852,0.5509414125967695,0.543798825790305,14198,2311,0.16276940414142838,41852,15663,0.374247347796999,,,immediate,True,adwin,complete,results/per_dataset_study/fixed_responses/runs/RBF_I/adwin/RBF_I__s115__concept__severe/immediate_screened,60000.0,29450.0,7600.0,False,3000.0
RBF_I,concept,severe,115.0,1773327730.0,,RBF_I__s115,RBF_I__s115__concept__severe,18,57000,2.237314540980151,41852,0.5250167256045112,0.5171970671769099,14198,14198,1.0,41852,0,0.0,,,immediate,False,adwin,complete,results/per_dataset_study/fixed_responses/runs/RBF_I/adwin/RBF_I__s115__concept__severe/immediate_unscreened,60000.0,57000.0,17100.0,False,3000.0
RBF_I,instance,moderate,115.0,2781123431.0,,RBF_I__s115,RBF_I__s115__instance__moderate,1,62700,2.876535540999612,56050,0.5783586083853702,0.5757600795685511,8551,5935,0.6940708689042218,47499,14484,0.30493273542600896,,,confirmed,True,adwin,complete,results/per_dataset_study/fixed_responses/runs/RBF_I/adwin/RBF_I__s115__instance__moderate/confirmed_screened,,,,,
RBF_I,instance,moderate,115.0,2781123431.0,,RBF_I__s115,RBF_I__s115__instance__moderate,2,60800,2.287013334018411,56050,0.5704014272970562,0.5645437792371407,8551,8551,1.0,47499,0,0.0,,,confirmed,False,adwin,complete,results/per_dataset_study/fixed_responses/runs/RBF_I/adwin/RBF_I__s115__instance__moderate/confirmed_unscreened,60000.0,60800.0,5700.0,False,3000.0
RBF_I,instance,moderate,115.0,2781123431.0,,RBF_I__s115,RBF_I__s115__instance__moderate,5,57000,2.5680958750017453,56050,0.5631757359500446,0.5565696450538113,8551,6505,0.7607297392117881,47499,11254,0.23693130381692246,,,immediate,True,adwin,complete,results/per_dataset_study/fixed_responses/runs/RBF_I/adwin/RBF_I__s115__instance__moderate/immediate_screened,60000.0,43700.0,4750.0,False,3000.0
RBF_I,instance,moderate,115.0,2781123431.0,,RBF_I__s115,RBF_I__s115__instance__moderate,6,57000,2.2318619590078015,56050,0.5547903657448706,0.547604479631823,8551,8551,1.0,47499,0,0.0,,,immediate,False,adwin,complete,results/per_dataset_study/fixed_responses/runs/RBF_I/adwin/RBF_I__s115__instance__moderate/immediate_unscreened,60000.0,57000.0,5700.0,False,3000.0
RBF_I,instance,severe,115.0,2375605529.0,,RBF_I__s115,RBF_I__s115__instance__severe,2,60800,2.6957449999899836,56050,0.551935771632471,0.5480370402039694,14252,9719,0.6819393769295538,41798,13517,0.3233886788841571,,,confirmed,True,adwin,complete,results/per_dataset_study/fixed_responses/runs/RBF_I/adwin/RBF_I__s115__instance__severe/confirmed_screened,,,,,
RBF_I,instance,severe,115.0,2375605529.0,,RBF_I__s115,RBF_I__s115__instance__severe,1,58900,2.2439828749920707,56050,0.5647992863514719,0.5626086415069318,14252,14252,1.0,41798,0,0.0,,,confirmed,False,adwin,complete,results/per_dataset_study/fixed_responses/runs/RBF_I/adwin/RBF_I__s115__instance__severe/confirmed_unscreened,60000.0,58900.0,2850.0,False,3000.0
RBF_I,instance,severe,115.0,2375605529.0,,RBF_I__s115,RBF_I__s115__instance__severe,4,57000,2.450216500001261,56050,0.5423193577163247,0.536934812632248,14252,10397,0.7295116474880718,41798,11345,0.2714244700703383,,,immediate,True,adwin,complete,results/per_dataset_study/fixed_responses/runs/RBF_I/adwin/RBF_I__s115__instance__severe/immediate_screened,60000.0,41800.0,3800.0,False,3000.0
RBF_I,instance,severe,115.0,2375605529.0,,RBF_I__s115,RBF_I__s115__instance__severe,6,57000,2.207090000010794,56050,0.5584834968777876,0.5525426835508109,14252,14252,1.0,41798,0,0.0,,,immediate,False,adwin,complete,results/per_dataset_study/fixed_responses/runs/RBF_I/adwin/RBF_I__s115__instance__severe/immediate_unscreened,60000.0,57000.0,5700.0,False,3000.0
RBF_I,splice,moderate,115.0,1439472368.0,,RBF_I__s115,RBF_I__s115__splice__moderate,5,66500,2.8200410419958644,47514,0.5418192532727196,0.5333167280251009,8536,7091,0.8307169634489222,47514,9955,0.20951719493202003,,,confirmed,True,adwin,complete,results/per_dataset_study/fixed_responses/runs/RBF_I/adwin/RBF_I__s115__splice__moderate/confirmed_screened,,,,,
RBF_I,splice,moderate,115.0,1439472368.0,,RBF_I__s115,RBF_I__s115__splice__moderate,5,66500,2.3514649579883553,47514,0.5479648103716799,0.539967500479952,8536,8536,1.0,47514,0,0.0,,,confirmed,False,adwin,complete,results/per_dataset_study/fixed_responses/runs/RBF_I/adwin/RBF_I__s115__splice__moderate/confirmed_unscreened,60000.0,66500.0,14250.0,True,3000.0
RBF_I,splice,moderate,115.0,1439472368.0,,RBF_I__s115,RBF_I__s115__splice__moderate,10,57000,2.4476877080160193,47514,0.5426611104095636,0.5345553186622206,8536,2266,0.2654639175257732,47514,18430,0.3878856758008166,,,immediate,True,adwin,complete,results/per_dataset_study/fixed_responses/runs/RBF_I/adwin/RBF_I__s115__splice__moderate/immediate_screened,60000.0,32300.0,9500.0,False,3000.0
RBF_I,splice,moderate,115.0,1439472368.0,,RBF_I__s115,RBF_I__s115__splice__moderate,20,57000,2.1813456660020165,47514,0.5283705855116386,0.5194672635838561,8536,8536,1.0,47514,0,0.0,,,immediate,False,adwin,complete,results/per_dataset_study/fixed_responses/runs/RBF_I/adwin/RBF_I__s115__splice__moderate/immediate_unscreened,60000.0,57000.0,19000.0,False,3000.0
RBF_I,splice,severe,115.0,1488950345.0,,RBF_I__s115,RBF_I__s115__splice__severe,2,66500,2.8738620840013027,41807,0.5616045159901452,0.5547534019589986,14243,6719,0.47174050410728074,41807,12426,0.2972229530939795,,,confirmed,True,adwin,complete,results/per_dataset_study/fixed_responses/runs/RBF_I/adwin/RBF_I__s115__splice__severe/confirmed_screened,,,,,
RBF_I,splice,severe,115.0,1488950345.0,,RBF_I__s115,RBF_I__s115__splice__severe,3,62700,2.3870293750078417,41807,0.5529456789532853,0.5450498532133318,14243,14243,1.0,41807,0,0.0,,,confirmed,False,adwin,complete,results/per_dataset_study/fixed_responses/runs/RBF_I/adwin/RBF_I__s115__splice__severe/confirmed_unscreened,60000.0,62700.0,8550.0,False,3000.0
RBF_I,splice,severe,115.0,1488950345.0,,RBF_I__s115,RBF_I__s115__splice__severe,7,57000,2.4303396249888465,41807,0.5414404286363528,0.531740036676557,14243,3084,0.2165274169767605,41807,14491,0.346616595307006,,,immediate,True,adwin,complete,results/per_dataset_study/fixed_responses/runs/RBF_I/adwin/RBF_I__s115__splice__severe/immediate_screened,60000.0,31350.0,6650.0,False,3000.0
RBF_I,splice,severe,115.0,1488950345.0,,RBF_I__s115,RBF_I__s115__splice__severe,13,57000,2.1997108339855913,41807,0.5191953500609946,0.5085895766323547,14243,14243,1.0,41807,0,0.0,,,immediate,False,adwin,complete,results/per_dataset_study/fixed_responses/runs/RBF_I/adwin/RBF_I__s115__splice__severe/immediate_unscreened,60000.0,57000.0,12350.0,False,3000.0
RBF_I,clean,none,116.0,,,RBF_I__s116,RBF_I__s116__clean__none,3,64600,2.773178250005003,56050,0.5183050847457628,0.5104367969826074,0,0,,56050,16150,0.288135593220339,,,confirmed,True,adwin,complete,results/per_dataset_study/fixed_responses/runs/RBF_I/adwin/RBF_I__s116__clean__none/confirmed_screened,,,,,
RBF_I,clean,none,116.0,,,RBF_I__s116,RBF_I__s116__clean__none,2,60800,2.2635050000099,56050,0.5610169491525424,0.5564604647801116,0,0,,56050,0,0.0,,,confirmed,False,adwin,complete,results/per_dataset_study/fixed_responses/runs/RBF_I/adwin/RBF_I__s116__clean__none/confirmed_unscreened,60000.0,60800.0,5700.0,True,3000.0
RBF_I,clean,none,116.0,,,RBF_I__s116,RBF_I__s116__clean__none,5,57000,2.4712400419812184,56050,0.5418019625334523,0.5361051741952655,0,0,,56050,11400,0.2033898305084746,,,immediate,True,adwin,complete,results/per_dataset_study/fixed_responses/runs/RBF_I/adwin/RBF_I__s116__clean__none/immediate_screened,60000.0,45600.0,4750.0,False,3000.0
RBF_I,clean,none,116.0,,,RBF_I__s116,RBF_I__s116__clean__none,5,57000,2.1726671250071377,56050,0.5354148082069581,0.5293932514826757,0,0,,56050,0,0.0,,,immediate,False,adwin,complete,results/per_dataset_study/fixed_responses/runs/RBF_I/adwin/RBF_I__s116__clean__none/immediate_unscreened,60000.0,57000.0,4750.0,False,3000.0
RBF_I,concept,moderate,116.0,3612327157.0,,RBF_I__s116,RBF_I__s116__concept__moderate,2,62700,2.8775492909917375,47500,0.5415368421052632,0.5382165669832341,8550,6162,0.720701754385965,47500,13762,0.28972631578947367,,,confirmed,True,adwin,complete,results/per_dataset_study/fixed_responses/runs/RBF_I/adwin/RBF_I__s116__concept__moderate/confirmed_screened,,,,,
RBF_I,concept,moderate,116.0,3612327157.0,,RBF_I__s116,RBF_I__s116__concept__moderate,3,62700,2.3877903330139816,47500,0.5426105263157894,0.5388333035963808,8550,8550,1.0,47500,0,0.0,,,confirmed,False,adwin,complete,results/per_dataset_study/fixed_responses/runs/RBF_I/adwin/RBF_I__s116__concept__moderate/confirmed_unscreened,60000.0,62700.0,8550.0,True,3000.0
RBF_I,concept,moderate,116.0,3612327157.0,,RBF_I__s116,RBF_I__s116__concept__moderate,9,57000,2.41532545798691,47500,0.5111157894736842,0.5040158792944243,8550,2381,0.2784795321637427,47500,18531,0.3901263157894737,,,immediate,True,adwin,complete,results/per_dataset_study/fixed_responses/runs/RBF_I/adwin/RBF_I__s116__concept__moderate/immediate_screened,60000.0,32300.0,8550.0,False,3000.0
RBF_I,concept,moderate,116.0,3612327157.0,,RBF_I__s116,RBF_I__s116__concept__moderate,23,57000,2.178200750000542,47500,0.518,0.5133433651515195,8550,8550,1.0,47500,0,0.0,,,immediate,False,adwin,complete,results/per_dataset_study/fixed_responses/runs/RBF_I/adwin/RBF_I__s116__concept__moderate/immediate_unscreened,60000.0,57000.0,21850.0,False,3000.0
RBF_I,concept,severe,116.0,87307388.0,,RBF_I__s116,RBF_I__s116__concept__severe,2,68400,3.0228089580050437,41806,0.5567143472228867,0.5520167536024353,14244,10299,0.7230412805391744,41806,5555,0.13287566378031862,,,confirmed,True,adwin,complete,results/per_dataset_study/fixed_responses/runs/RBF_I/adwin/RBF_I__s116__concept__severe/confirmed_screened,,,,,
RBF_I,concept,severe,116.0,87307388.0,,RBF_I__s116,RBF_I__s116__concept__severe,4,64600,2.3678064169944264,41806,0.5345644165909199,0.5305280856764961,14244,14244,1.0,41806,0,0.0,,,confirmed,False,adwin,complete,results/per_dataset_study/fixed_responses/runs/RBF_I/adwin/RBF_I__s116__concept__severe/confirmed_unscreened,60000.0,64600.0,11400.0,True,3000.0
RBF_I,concept,severe,116.0,87307388.0,,RBF_I__s116,RBF_I__s116__concept__severe,9,57000,2.4288874579942785,41806,0.5186097689326891,0.5118250313155537,14244,4458,0.3129738837405223,41806,14914,0.3567430512366646,,,immediate,True,adwin,complete,results/per_dataset_study/fixed_responses/runs/RBF_I/adwin/RBF_I__s116__concept__severe/immediate_screened,60000.0,32300.0,8550.0,False,3000.0
RBF_I,concept,severe,116.0,87307388.0,,RBF_I__s116,RBF_I__s116__concept__severe,19,57000,2.2318704999925103,41806,0.5109314452470938,0.506194928300834,14244,14244,1.0,41806,0,0.0,,,immediate,False,adwin,complete,results/per_dataset_study/fixed_responses/runs/RBF_I/adwin/RBF_I__s116__concept__severe/immediate_unscreened,60000.0,57000.0,18050.0,False,3000.0
RBF_I,instance,moderate,116.0,2934809029.0,,RBF_I__s116,RBF_I__s116__instance__moderate,2,62700,2.790581708002719,56050,0.5261373773416592,0.5137964309337177,8561,6674,0.7795818245532063,47489,10463,0.22032470677420035,,,confirmed,True,adwin,complete,results/per_dataset_study/fixed_responses/runs/RBF_I/adwin/RBF_I__s116__instance__moderate/confirmed_screened,,,,,
RBF_I,instance,moderate,116.0,2934809029.0,,RBF_I__s116,RBF_I__s116__instance__moderate,3,62700,2.313573457999155,56050,0.5311685994647636,0.5220891181346962,8561,8561,1.0,47489,0,0.0,,,confirmed,False,adwin,complete,results/per_dataset_study/fixed_responses/runs/RBF_I/adwin/RBF_I__s116__instance__moderate/confirmed_unscreened,60000.0,62700.0,8550.0,False,3000.0
RBF_I,instance,moderate,116.0,2934809029.0,,RBF_I__s116,RBF_I__s116__instance__moderate,2,57000,2.506434833019739,56050,0.5531132917038358,0.543987630757306,8561,6219,0.7264338278238524,47489,12858,0.27075743856472023,,,immediate,True,adwin,complete,results/per_dataset_study/fixed_responses/runs/RBF_I/adwin/RBF_I__s116__instance__moderate/immediate_screened,60000.0,41800.0,1900.0,False,3000.0
RBF_I,instance,moderate,116.0,2934809029.0,,RBF_I__s116,RBF_I__s116__instance__moderate,5,57000,2.1552650830126368,56050,0.5100624442462087,0.49964791450996315,8561,8561,1.0,47489,0,0.0,,,immediate,False,adwin,complete,results/per_dataset_study/fixed_responses/runs/RBF_I/adwin/RBF_I__s116__instance__moderate/immediate_unscreened,60000.0,57000.0,4750.0,False,3000.0
RBF_I,instance,severe,116.0,1132950715.0,,RBF_I__s116,RBF_I__s116__instance__severe,0,60800,2.913364291001926,56050,0.5074576271186441,0.4977877621123201,14248,11071,0.7770213363279057,41802,9173,0.2194392612793646,,,confirmed,True,adwin,complete,results/per_dataset_study/fixed_responses/runs/RBF_I/adwin/RBF_I__s116__instance__severe/confirmed_screened,,,,,
RBF_I,instance,severe,116.0,1132950715.0,,RBF_I__s116,RBF_I__s116__instance__severe,2,60800,2.230437666992657,56050,0.48995539696699375,0.4768317935613827,14248,14248,1.0,41802,0,0.0,,,confirmed,False,adwin,complete,results/per_dataset_study/fixed_responses/runs/RBF_I/adwin/RBF_I__s116__instance__severe/confirmed_unscreened,60000.0,60800.0,5700.0,False,3000.0
RBF_I,instance,severe,116.0,1132950715.0,,RBF_I__s116,RBF_I__s116__instance__severe,2,57000,2.521610124997096,56050,0.4869937555753791,0.4715045761696231,14248,9604,0.6740595171252105,41802,13406,0.3207023587388163,,,immediate,True,adwin,complete,results/per_dataset_study/fixed_responses/runs/RBF_I/adwin/RBF_I__s116__instance__severe/immediate_screened,60000.0,38950.0,1900.0,False,3000.0
RBF_I,instance,severe,116.0,1132950715.0,,RBF_I__s116,RBF_I__s116__instance__severe,4,57000,2.129428292013472,56050,0.46488849241748437,0.4464028322855694,14248,14248,1.0,41802,0,0.0,,,immediate,False,adwin,complete,results/per_dataset_study/fixed_responses/runs/RBF_I/adwin/RBF_I__s116__instance__severe/immediate_unscreened,60000.0,57000.0,3800.0,False,3000.0
RBF_I,splice,moderate,116.0,2889189400.0,,RBF_I__s116,RBF_I__s116__splice__moderate,2,60800,2.8105452909949236,47517,0.5397647157859292,0.5368138952861697,8533,6577,0.7707722957928044,47517,6594,0.13877138708251782,,,confirmed,True,adwin,complete,results/per_dataset_study/fixed_responses/runs/RBF_I/adwin/RBF_I__s116__splice__moderate/confirmed_screened,,,,,
RBF_I,splice,moderate,116.0,2889189400.0,,RBF_I__s116,RBF_I__s116__splice__moderate,5,66500,2.356621249986347,47517,0.5144685060083759,0.5098696905584735,8533,8533,1.0,47517,0,0.0,,,confirmed,False,adwin,complete,results/per_dataset_study/fixed_responses/runs/RBF_I/adwin/RBF_I__s116__splice__moderate/confirmed_unscreened,60000.0,66500.0,14250.0,False,3000.0
RBF_I,splice,moderate,116.0,2889189400.0,,RBF_I__s116,RBF_I__s116__splice__moderate,10,57000,2.4119904169929214,47517,0.5232022223625229,0.5166267383617174,8533,3026,0.35462322746982305,47517,17293,0.36393290822232044,,,immediate,True,adwin,complete,results/per_dataset_study/fixed_responses/runs/RBF_I/adwin/RBF_I__s116__splice__moderate/immediate_screened,60000.0,34200.0,9500.0,False,3000.0
RBF_I,splice,moderate,116.0,2889189400.0,,RBF_I__s116,RBF_I__s116__splice__moderate,15,57000,2.1734367499884684,47517,0.5132268451291117,0.5081135068937043,8533,8533,1.0,47517,0,0.0,,,immediate,False,adwin,complete,results/per_dataset_study/fixed_responses/runs/RBF_I/adwin/RBF_I__s116__splice__moderate/immediate_unscreened,60000.0,57000.0,14250.0,False,3000.0
RBF_I,splice,severe,116.0,51810913.0,,RBF_I__s116,RBF_I__s116__splice__severe,3,68400,2.9242521669948474,41774,0.5366974673241729,0.5324084592059757,14276,7912,0.5542168674698795,41774,9786,0.23426054483650116,,,confirmed,True,adwin,complete,results/per_dataset_study/fixed_responses/runs/RBF_I/adwin/RBF_I__s116__splice__severe/confirmed_screened,,,,,
RBF_I,splice,severe,116.0,51810913.0,,RBF_I__s116,RBF_I__s116__splice__severe,5,66500,2.3604847919777967,41774,0.49779767319385265,0.49318751003454975,14276,14276,1.0,41774,0,0.0,,,confirmed,False,adwin,complete,results/per_dataset_study/fixed_responses/runs/RBF_I/adwin/RBF_I__s116__splice__severe/confirmed_unscreened,60000.0,66500.0,14250.0,False,3000.0
RBF_I,splice,severe,116.0,51810913.0,,RBF_I__s116,RBF_I__s116__splice__severe,12,57000,2.4110526249860413,41774,0.5148657059414947,0.5104396003437235,14276,4091,0.2865648641075932,41774,17365,0.415689184660315,,,immediate,True,adwin,complete,results/per_dataset_study/fixed_responses/runs/RBF_I/adwin/RBF_I__s116__splice__severe/immediate_screened,60000.0,29450.0,11400.0,False,3000.0
RBF_I,splice,severe,116.0,51810913.0,,RBF_I__s116,RBF_I__s116__splice__severe,17,57000,2.156497332995059,41774,0.5016756834394599,0.49694290901750265,14276,14276,1.0,41774,0,0.0,,,immediate,False,adwin,complete,results/per_dataset_study/fixed_responses/runs/RBF_I/adwin/RBF_I__s116__splice__severe/immediate_unscreened,60000.0,57000.0,16150.0,False,3000.0
RBF_I,clean,none,117.0,,,RBF_I__s117,RBF_I__s117__clean__none,2,64600,2.9180061249935534,56050,0.5626048171275647,0.5597707629123767,0,0,,56050,10450,0.1864406779661017,,,confirmed,True,adwin,complete,results/per_dataset_study/fixed_responses/runs/RBF_I/adwin/RBF_I__s117__clean__none/confirmed_screened,,,,,
RBF_I,clean,none,117.0,,,RBF_I__s117,RBF_I__s117__clean__none,2,60800,2.2733497919980437,56050,0.5762890276538805,0.5740897483813759,0,0,,56050,0,0.0,,,confirmed,False,adwin,complete,results/per_dataset_study/fixed_responses/runs/RBF_I/adwin/RBF_I__s117__clean__none/confirmed_unscreened,60000.0,60800.0,5700.0,False,3000.0
RBF_I,clean,none,117.0,,,RBF_I__s117,RBF_I__s117__clean__none,2,57000,2.527016916021239,56050,0.5761819803746655,0.5763016188794262,0,0,,56050,15200,0.2711864406779661,,,immediate,True,adwin,complete,results/per_dataset_study/fixed_responses/runs/RBF_I/adwin/RBF_I__s117__clean__none/immediate_screened,60000.0,41800.0,1900.0,False,3000.0
RBF_I,clean,none,117.0,,,RBF_I__s117,RBF_I__s117__clean__none,5,57000,2.172348874999443,56050,0.5345227475468332,0.5304860278041196,0,0,,56050,0,0.0,,,immediate,False,adwin,complete,results/per_dataset_study/fixed_responses/runs/RBF_I/adwin/RBF_I__s117__clean__none/immediate_unscreened,60000.0,57000.0,4750.0,False,3000.0
RBF_I,concept,moderate,117.0,1695553040.0,,RBF_I__s117,RBF_I__s117__concept__moderate,2,66500,2.847805541008711,47497,0.5109585868581173,0.505283215791338,8553,3088,0.3610429089208465,47497,19235,0.40497294565972586,,,confirmed,True,adwin,complete,results/per_dataset_study/fixed_responses/runs/RBF_I/adwin/RBF_I__s117__concept__moderate/confirmed_screened,,,,,
RBF_I,concept,moderate,117.0,1695553040.0,,RBF_I__s117,RBF_I__s117__concept__moderate,4,64600,2.333028875000309,47497,0.5367917973766764,0.5328073570323542,8553,8553,1.0,47497,0,0.0,,,confirmed,False,adwin,complete,results/per_dataset_study/fixed_responses/runs/RBF_I/adwin/RBF_I__s117__concept__moderate/confirmed_unscreened,60000.0,64600.0,11400.0,False,3000.0
RBF_I,concept,moderate,117.0,1695553040.0,,RBF_I__s117,RBF_I__s117__concept__moderate,15,57000,2.379861499997787,47497,0.5255279280796682,0.5210112996394891,8553,3085,0.3606921547994856,47497,12582,0.26490094111207024,,,immediate,True,adwin,complete,results/per_dataset_study/fixed_responses/runs/RBF_I/adwin/RBF_I__s117__concept__moderate/immediate_screened,60000.0,38950.0,14250.0,False,3000.0
RBF_I,concept,moderate,117.0,1695553040.0,,RBF_I__s117,RBF_I__s117__concept__moderate,21,57000,2.1480030000093393,47497,0.5118007453102301,0.5049031632932656,8553,8553,1.0,47497,0,0.0,,,immediate,False,adwin,complete,results/per_dataset_study/fixed_responses/runs/RBF_I/adwin/RBF_I__s117__concept__moderate/immediate_unscreened,60000.0,57000.0,19950.0,False,3000.0
RBF_I,concept,severe,117.0,4269849707.0,,RBF_I__s117,RBF_I__s117__concept__severe,3,62700,2.8479703749908367,41821,0.514669663566151,0.5074369354979859,14229,8526,0.5991988193126713,41821,4747,0.11350756796824561,,,confirmed,True,adwin,complete,results/per_dataset_study/fixed_responses/runs/RBF_I/adwin/RBF_I__s117__concept__severe/confirmed_screened,,,,,
RBF_I,concept,severe,117.0,4269849707.0,,RBF_I__s117,RBF_I__s117__concept__severe,3,62700,2.2900799160124734,41821,0.5464001339040195,0.5425415108894882,14229,14229,1.0,41821,0,0.0,,,confirmed,False,adwin,complete,results/per_dataset_study/fixed_responses/runs/RBF_I/adwin/RBF_I__s117__concept__severe/confirmed_unscreened,60000.0,62700.0,8550.0,True,3000.0
RBF_I,concept,severe,117.0,4269849707.0,,RBF_I__s117,RBF_I__s117__concept__severe,8,57000,2.425394417019561,41821,0.5010879701585328,0.4948438029893046,14229,5013,0.3523086654016445,41821,15484,0.37024461394992947,,,immediate,True,adwin,complete,results/per_dataset_study/fixed_responses/runs/RBF_I/adwin/RBF_I__s117__concept__severe/immediate_screened,60000.0,32300.0,7600.0,False,3000.0
RBF_I,concept,severe,117.0,4269849707.0,,RBF_I__s117,RBF_I__s117__concept__severe,19,57000,2.192151791998185,41821,0.49719040673345927,0.4912756138548424,14229,14229,1.0,41821,0,0.0,,,immediate,False,adwin,complete,results/per_dataset_study/fixed_responses/runs/RBF_I/adwin/RBF_I__s117__concept__severe/immediate_unscreened,60000.0,57000.0,18050.0,False,3000.0
RBF_I,instance,moderate,117.0,670137400.0,,RBF_I__s117,RBF_I__s117__instance__moderate,1,60800,2.9069974170124624,56050,0.5446387154326494,0.5416116153128652,8540,6947,0.8134660421545667,47510,8857,0.1864239107556304,,,confirmed,True,adwin,complete,results/per_dataset_study/fixed_responses/runs/RBF_I/adwin/RBF_I__s117__instance__moderate/confirmed_screened,,,,,
RBF_I,instance,moderate,117.0,670137400.0,,RBF_I__s117,RBF_I__s117__instance__moderate,2,60800,2.239279000001261,56050,0.5544870651204282,0.5525740972936993,8540,8540,1.0,47510,0,0.0,,,confirmed,False,adwin,complete,results/per_dataset_study/fixed_responses/runs/RBF_I/adwin/RBF_I__s117__instance__moderate/confirmed_unscreened,60000.0,60800.0,5700.0,False,3000.0
RBF_I,instance,moderate,117.0,670137400.0,,RBF_I__s117,RBF_I__s117__instance__moderate,3,57000,2.4675190830021165,56050,0.5271364852809991,0.5248728887291895,8540,6251,0.7319672131147541,47510,12911,0.27175331509155964,,,immediate,True,adwin,complete,results/per_dataset_study/fixed_responses/runs/RBF_I/adwin/RBF_I__s117__instance__moderate/immediate_screened,60000.0,41800.0,2850.0,False,3000.0
RBF_I,instance,moderate,117.0,670137400.0,,RBF_I__s117,RBF_I__s117__instance__moderate,5,57000,2.1655842500040308,56050,0.5191257805530776,0.516200392443919,8540,8540,1.0,47510,0,0.0,,,immediate,False,adwin,complete,results/per_dataset_study/fixed_responses/runs/RBF_I/adwin/RBF_I__s117__instance__moderate/immediate_unscreened,60000.0,57000.0,4750.0,False,3000.0
RBF_I,instance,severe,117.0,2977372565.0,,RBF_I__s117,RBF_I__s117__instance__severe,2,62700,2.8261757500004023,56050,0.5101873327386263,0.5066566165478391,14283,9417,0.6593152699012812,41767,14134,0.3384011300787703,,,confirmed,True,adwin,complete,results/per_dataset_study/fixed_responses/runs/RBF_I/adwin/RBF_I__s117__instance__severe/confirmed_screened,,,,,
RBF_I,instance,severe,117.0,2977372565.0,,RBF_I__s117,RBF_I__s117__instance__severe,2,60800,2.249776041979203,56050,0.523550401427297,0.5211446349692509,14283,14283,1.0,41767,0,0.0,,,confirmed,False,adwin,complete,results/per_dataset_study/fixed_responses/runs/RBF_I/adwin/RBF_I__s117__instance__severe/confirmed_unscreened,60000.0,60800.0,5700.0,False,3000.0
RBF_I,instance,severe,117.0,2977372565.0,,RBF_I__s117,RBF_I__s117__instance__severe,5,57000,2.4540468330087606,56050,0.4858340767172168,0.4820192841895189,14283,9409,0.6587551634810614,41767,14126,0.33820959130413963,,,immediate,True,adwin,complete,results/per_dataset_study/fixed_responses/runs/RBF_I/adwin/RBF_I__s117__instance__severe/immediate_screened,60000.0,38000.0,4750.0,False,3000.0
RBF_I,instance,severe,117.0,2977372565.0,,RBF_I__s117,RBF_I__s117__instance__severe,3,57000,2.165298209001776,56050,0.5170740410347904,0.5156511020788237,14283,14283,1.0,41767,0,0.0,,,immediate,False,adwin,complete,results/per_dataset_study/fixed_responses/runs/RBF_I/adwin/RBF_I__s117__instance__severe/immediate_unscreened,60000.0,57000.0,2850.0,False,3000.0
RBF_I,splice,moderate,117.0,559821452.0,,RBF_I__s117,RBF_I__s117__splice__moderate,1,64600,2.9197148749954067,47507,0.5514555749678994,0.5510063243279564,8543,6194,0.725038042842093,47507,10001,0.21051634495969015,,,confirmed,True,adwin,complete,results/per_dataset_study/fixed_responses/runs/RBF_I/adwin/RBF_I__s117__splice__moderate/confirmed_screened,,,,,
RBF_I,splice,moderate,117.0,559821452.0,,RBF_I__s117,RBF_I__s117__splice__moderate,3,62700,2.2904286659904756,47507,0.5503189003725767,0.5480669366092497,8543,8543,1.0,47507,0,0.0,,,confirmed,False,adwin,complete,results/per_dataset_study/fixed_responses/runs/RBF_I/adwin/RBF_I__s117__splice__moderate/confirmed_unscreened,60000.0,62700.0,8550.0,False,3000.0
RBF_I,splice,moderate,117.0,559821452.0,,RBF_I__s117,RBF_I__s117__splice__moderate,13,57000,2.425662416004343,47507,0.5081356431683752,0.5034576368498026,8543,5539,0.6483670841624722,47507,12196,0.25672006230660743,,,immediate,True,adwin,complete,results/per_dataset_study/fixed_responses/runs/RBF_I/adwin/RBF_I__s117__splice__moderate/immediate_screened,60000.0,41800.0,12350.0,False,3000.0
RBF_I,splice,moderate,117.0,559821452.0,,RBF_I__s117,RBF_I__s117__splice__moderate,16,57000,2.145450707990676,47507,0.5072305133980256,0.5020601049067567,8543,8543,1.0,47507,0,0.0,,,immediate,False,adwin,complete,results/per_dataset_study/fixed_responses/runs/RBF_I/adwin/RBF_I__s117__splice__moderate/immediate_unscreened,60000.0,57000.0,15200.0,False,3000.0
RBF_I,splice,severe,117.0,3664738830.0,,RBF_I__s117,RBF_I__s117__splice__severe,1,64600,2.9345597920037108,41836,0.5457022659910126,0.542233253446572,14214,8270,0.5818207401153792,41836,10206,0.2439525767281767,,,confirmed,True,adwin,complete,results/per_dataset_study/fixed_responses/runs/RBF_I/adwin/RBF_I__s117__splice__severe/confirmed_screened,,,,,
RBF_I,splice,severe,117.0,3664738830.0,,RBF_I__s117,RBF_I__s117__splice__severe,3,62700,2.311085083987564,41836,0.5334161965771106,0.5290754702393092,14214,14214,1.0,41836,0,0.0,,,confirmed,False,adwin,complete,results/per_dataset_study/fixed_responses/runs/RBF_I/adwin/RBF_I__s117__splice__severe/confirmed_unscreened,60000.0,62700.0,8550.0,False,3000.0
RBF_I,splice,severe,117.0,3664738830.0,,RBF_I__s117,RBF_I__s117__splice__severe,7,57000,2.417165084014414,41836,0.4981116741562291,0.4917990477001397,14214,7412,0.5214577177430703,41836,12198,0.29156707142174204,,,immediate,True,adwin,complete,results/per_dataset_study/fixed_responses/runs/RBF_I/adwin/RBF_I__s117__splice__severe/immediate_screened,60000.0,38000.0,6650.0,False,3000.0
RBF_I,splice,severe,117.0,3664738830.0,,RBF_I__s117,RBF_I__s117__splice__severe,14,57000,2.1887960419990122,41836,0.4932832966822832,0.48619206658635267,14214,14214,1.0,41836,0,0.0,,,immediate,False,adwin,complete,results/per_dataset_study/fixed_responses/runs/RBF_I/adwin/RBF_I__s117__splice__severe/immediate_unscreened,60000.0,57000.0,13300.0,False,3000.0
RBF_I,clean,none,118.0,,,RBF_I__s118,RBF_I__s118__clean__none,1,62700,2.7582663749926724,56050,0.59950044603033,0.5896578693031314,0,0,,56050,10450,0.1864406779661017,,,confirmed,True,adwin,complete,results/per_dataset_study/fixed_responses/runs/RBF_I/adwin/RBF_I__s118__clean__none/confirmed_screened,,,,,
RBF_I,clean,none,118.0,,,RBF_I__s118,RBF_I__s118__clean__none,2,60800,2.2477427500125486,56050,0.5901516503122213,0.5808447415674303,0,0,,56050,0,0.0,,,confirmed,False,adwin,complete,results/per_dataset_study/fixed_responses/runs/RBF_I/adwin/RBF_I__s118__clean__none/confirmed_unscreened,60000.0,60800.0,5700.0,False,3000.0
RBF_I,clean,none,118.0,,,RBF_I__s118,RBF_I__s118__clean__none,3,57000,2.498214166989783,56050,0.5748795718108831,0.5652005371296864,0,0,,56050,19000,0.3389830508474576,,,immediate,True,adwin,complete,results/per_dataset_study/fixed_responses/runs/RBF_I/adwin/RBF_I__s118__clean__none/immediate_screened,60000.0,38000.0,2850.0,False,3000.0
RBF_I,clean,none,118.0,,,RBF_I__s118,RBF_I__s118__clean__none,8,57000,2.1230832919827662,56050,0.5523104371097235,0.5431098060245612,0,0,,56050,0,0.0,,,immediate,False,adwin,complete,results/per_dataset_study/fixed_responses/runs/RBF_I/adwin/RBF_I__s118__clean__none/immediate_unscreened,60000.0,57000.0,7600.0,False,3000.0
RBF_I,concept,moderate,118.0,3840731115.0,,RBF_I__s118,RBF_I__s118__concept__moderate,1,70300,2.9445758330111858,47513,0.5965314755961526,0.5888885087575726,8537,4879,0.5715122408340166,47513,12492,0.26291751731105173,,,confirmed,True,adwin,complete,results/per_dataset_study/fixed_responses/runs/RBF_I/adwin/RBF_I__s118__concept__moderate/confirmed_screened,,,,,
RBF_I,concept,moderate,118.0,3840731115.0,,RBF_I__s118,RBF_I__s118__concept__moderate,4,64600,2.324539499997627,47513,0.5474922652747669,0.535669681591412,8537,8537,1.0,47513,0,0.0,,,confirmed,False,adwin,complete,results/per_dataset_study/fixed_responses/runs/RBF_I/adwin/RBF_I__s118__concept__moderate/confirmed_unscreened,60000.0,64600.0,11400.0,False,3000.0
RBF_I,concept,moderate,118.0,3840731115.0,,RBF_I__s118,RBF_I__s118__concept__moderate,10,57000,2.4133409170026425,47513,0.509397428072317,0.4979774943202899,8537,2861,0.3351294365702237,47513,19024,0.4003956811819923,,,immediate,True,adwin,complete,results/per_dataset_study/fixed_responses/runs/RBF_I/adwin/RBF_I__s118__concept__moderate/immediate_screened,60000.0,32300.0,9500.0,False,3000.0
RBF_I,concept,moderate,118.0,3840731115.0,,RBF_I__s118,RBF_I__s118__concept__moderate,24,57000,2.1636112080013845,47513,0.5342958769178962,0.5241849723169965,8537,8537,1.0,47513,0,0.0,,,immediate,False,adwin,complete,results/per_dataset_study/fixed_responses/runs/RBF_I/adwin/RBF_I__s118__concept__moderate/immediate_unscreened,60000.0,57000.0,22800.0,False,3000.0
RBF_I,concept,severe,118.0,3811301496.0,,RBF_I__s118,RBF_I__s118__concept__severe,2,66500,2.6733961249992717,41769,0.5327874739639445,0.519329410490957,14281,7840,0.5489811637840487,41769,9709,0.23244511479805596,,,confirmed,True,adwin,complete,results/per_dataset_study/fixed_responses/runs/RBF_I/adwin/RBF_I__s118__concept__severe/confirmed_screened,,,,,
RBF_I,concept,severe,118.0,3811301496.0,,RBF_I__s118,RBF_I__s118__concept__severe,4,64600,2.3343082089850213,41769,0.5376475376475377,0.5263048732546068,14281,14281,1.0,41769,0,0.0,,,confirmed,False,adwin,complete,results/per_dataset_study/fixed_responses/runs/RBF_I/adwin/RBF_I__s118__concept__severe/confirmed_unscreened,60000.0,64600.0,11400.0,True,3000.0
RBF_I,concept,severe,118.0,3811301496.0,,RBF_I__s118,RBF_I__s118__concept__severe,9,57000,2.39347137499135,41769,0.5134669252316311,0.5023075679658366,14281,5368,0.37588404173377216,41769,14837,0.35521559050970813,,,immediate,True,adwin,complete,results/per_dataset_study/fixed_responses/runs/RBF_I/adwin/RBF_I__s118__concept__severe/immediate_screened,60000.0,33250.0,8550.0,False,3000.0
RBF_I,concept,severe,118.0,3811301496.0,,RBF_I__s118,RBF_I__s118__concept__severe,24,57000,2.193250749987783,41769,0.5135626900332783,0.5020574820274488,14281,14281,1.0,41769,0,0.0,,,immediate,False,adwin,complete,results/per_dataset_study/fixed_responses/runs/RBF_I/adwin/RBF_I__s118__concept__severe/immediate_unscreened,60000.0,57000.0,22800.0,False,3000.0
RBF_I,instance,moderate,118.0,2809264908.0,,RBF_I__s118,RBF_I__s118__instance__moderate,0,60800,2.800628875003895,56050,0.5534879571810883,0.540661440461007,8542,6464,0.7567314446265512,47508,11222,0.23621284836238107,,,confirmed,True,adwin,complete,results/per_dataset_study/fixed_responses/runs/RBF_I/adwin/RBF_I__s118__instance__moderate/confirmed_screened,,,,,
RBF_I,instance,moderate,118.0,2809264908.0,,RBF_I__s118,RBF_I__s118__instance__moderate,1,58900,2.232357791013783,56050,0.5628010704727922,0.5493433290153551,8542,8542,1.0,47508,0,0.0,,,confirmed,False,adwin,complete,results/per_dataset_study/fixed_responses/runs/RBF_I/adwin/RBF_I__s118__instance__moderate/confirmed_unscreened,60000.0,58900.0,2850.0,False,3000.0
RBF_I,instance,moderate,118.0,2809264908.0,,RBF_I__s118,RBF_I__s118__instance__moderate,2,57000,2.563969583978178,56050,0.5450847457627118,0.5321328242735741,8542,6385,0.7474830250526808,47508,12093,0.2545466026774438,,,immediate,True,adwin,complete,results/per_dataset_study/fixed_responses/runs/RBF_I/adwin/RBF_I__s118__instance__moderate/immediate_screened,60000.0,42750.0,1900.0,False,3000.0
RBF_I,instance,moderate,118.0,2809264908.0,,RBF_I__s118,RBF_I__s118__instance__moderate,6,57000,2.149615750007797,56050,0.5430686886708296,0.5310513643720784,8542,8542,1.0,47508,0,0.0,,,immediate,False,adwin,complete,results/per_dataset_study/fixed_responses/runs/RBF_I/adwin/RBF_I__s118__instance__moderate/immediate_unscreened,60000.0,57000.0,5700.0,False,3000.0
RBF_I,instance,severe,118.0,217127006.0,,RBF_I__s118,RBF_I__s118__instance__severe,0,57000,2.798422958003357,56050,0.5586975914362177,0.5426559079742255,14259,11829,0.8295813170629076,41791,7070,0.1691751812591228,,,confirmed,True,adwin,complete,results/per_dataset_study/fixed_responses/runs/RBF_I/adwin/RBF_I__s118__instance__severe/confirmed_screened,,,,,
RBF_I,instance,severe,118.0,217127006.0,,RBF_I__s118,RBF_I__s118__instance__severe,1,58900,2.185256249998929,56050,0.5629259589652096,0.553566647355042,14259,14259,1.0,41791,0,0.0,,,confirmed,False,adwin,complete,results/per_dataset_study/fixed_responses/runs/RBF_I/adwin/RBF_I__s118__instance__severe/confirmed_unscreened,60000.0,58900.0,2850.0,True,3000.0
RBF_I,instance,severe,118.0,217127006.0,,RBF_I__s118,RBF_I__s118__instance__severe,3,57000,2.4861672499973793,56050,0.5172702943800178,0.5061364817959798,14259,10164,0.7128129602356407,41791,12055,0.28845923763489745,,,immediate,True,adwin,complete,results/per_dataset_study/fixed_responses/runs/RBF_I/adwin/RBF_I__s118__instance__severe/immediate_screened,60000.0,40850.0,2850.0,False,3000.0
RBF_I,instance,severe,118.0,217127006.0,,RBF_I__s118,RBF_I__s118__instance__severe,5,57000,2.1374676669947803,56050,0.5232649420160571,0.5098682183185596,14259,14259,1.0,41791,0,0.0,,,immediate,False,adwin,complete,results/per_dataset_study/fixed_responses/runs/RBF_I/adwin/RBF_I__s118__instance__severe/immediate_unscreened,60000.0,57000.0,4750.0,False,3000.0
RBF_I,splice,moderate,118.0,2850602314.0,,RBF_I__s118,RBF_I__s118__splice__moderate,1,64600,2.674727792007616,47505,0.5655615198400168,0.5530389162062226,8545,4760,0.5570509069631363,47505,17115,0.3602778654878434,,,confirmed,True,adwin,complete,results/per_dataset_study/fixed_responses/runs/RBF_I/adwin/RBF_I__s118__splice__moderate/confirmed_screened,,,,,
RBF_I,splice,moderate,118.0,2850602314.0,,RBF_I__s118,RBF_I__s118__splice__moderate,4,64600,2.318349125009263,47505,0.5501947163456479,0.5357153440177909,8545,8545,1.0,47505,0,0.0,,,confirmed,False,adwin,complete,results/per_dataset_study/fixed_responses/runs/RBF_I/adwin/RBF_I__s118__splice__moderate/confirmed_unscreened,60000.0,64600.0,11400.0,True,3000.0
RBF_I,splice,moderate,118.0,2850602314.0,,RBF_I__s118,RBF_I__s118__splice__moderate,12,57000,2.4125961670069955,47505,0.5075465740448374,0.49253166067440723,8545,4329,0.5066120538326506,47505,20484,0.43119671613514365,,,immediate,True,adwin,complete,results/per_dataset_study/fixed_responses/runs/RBF_I/adwin/RBF_I__s118__splice__moderate/immediate_screened,60000.0,32300.0,11400.0,False,3000.0
RBF_I,splice,moderate,118.0,2850602314.0,,RBF_I__s118,RBF_I__s118__splice__moderate,21,57000,2.171195832983358,47505,0.533943795389959,0.5207033366621558,8545,8545,1.0,47505,0,0.0,,,immediate,False,adwin,complete,results/per_dataset_study/fixed_responses/runs/RBF_I/adwin/RBF_I__s118__splice__moderate/immediate_unscreened,60000.0,57000.0,19950.0,False,3000.0
RBF_I,splice,severe,118.0,3587607091.0,,RBF_I__s118,RBF_I__s118__splice__severe,3,68400,2.6832852080115117,41806,0.5242070516193847,0.5079564133401999,14244,6865,0.4819573153608537,41806,10671,0.2552504425202124,,,confirmed,True,adwin,complete,results/per_dataset_study/fixed_responses/runs/RBF_I/adwin/RBF_I__s118__splice__severe/confirmed_screened,,,,,
RBF_I,splice,severe,118.0,3587607091.0,,RBF_I__s118,RBF_I__s118__splice__severe,4,64600,2.337786624993896,41806,0.5369564177390805,0.5226020414086069,14244,14244,1.0,41806,0,0.0,,,confirmed,False,adwin,complete,results/per_dataset_study/fixed_responses/runs/RBF_I/adwin/RBF_I__s118__splice__severe/confirmed_unscreened,60000.0,64600.0,11400.0,False,3000.0
RBF_I,splice,severe,118.0,3587607091.0,,RBF_I__s118,RBF_I__s118__splice__severe,7,57000,2.39848020800855,41806,0.49856479931110365,0.4839015742552049,14244,4792,0.33642235327155295,41806,16198,0.38745634597904605,,,immediate,True,adwin,complete,results/per_dataset_study/fixed_responses/runs/RBF_I/adwin/RBF_I__s118__splice__severe/immediate_screened,60000.0,31350.0,6650.0,False,3000.0
RBF_I,splice,severe,118.0,3587607091.0,,RBF_I__s118,RBF_I__s118__splice__severe,19,57000,2.145186959009152,41806,0.5055016026407693,0.4915906358549995,14244,14244,1.0,41806,0,0.0,,,immediate,False,adwin,complete,results/per_dataset_study/fixed_responses/runs/RBF_I/adwin/RBF_I__s118__splice__severe/immediate_unscreened,60000.0,57000.0,18050.0,False,3000.0
RBF_I,clean,none,119.0,,,RBF_I__s119,RBF_I__s119__clean__none,1,64600,2.783840374991996,56050,0.5452631578947369,0.5471063207723454,0,0,,56050,15200,0.2711864406779661,,,confirmed,True,adwin,complete,results/per_dataset_study/fixed_responses/runs/RBF_I/adwin/RBF_I__s119__clean__none/confirmed_screened,,,,,
RBF_I,clean,none,119.0,,,RBF_I__s119,RBF_I__s119__clean__none,2,60800,2.268811457994161,56050,0.5593041926851026,0.5621000429760907,0,0,,56050,0,0.0,,,confirmed,False,adwin,complete,results/per_dataset_study/fixed_responses/runs/RBF_I/adwin/RBF_I__s119__clean__none/confirmed_unscreened,60000.0,60800.0,5700.0,False,3000.0
RBF_I,clean,none,119.0,,,RBF_I__s119,RBF_I__s119__clean__none,3,57000,2.427989540999988,56050,0.5134879571810883,0.5169266320526381,0,0,,56050,24700,0.4406779661016949,,,immediate,True,adwin,complete,results/per_dataset_study/fixed_responses/runs/RBF_I/adwin/RBF_I__s119__clean__none/immediate_screened,60000.0,32300.0,2850.0,False,3000.0
RBF_I,clean,none,119.0,,,RBF_I__s119,RBF_I__s119__clean__none,6,57000,2.1469604590092786,56050,0.5410169491525424,0.5451408570793997,0,0,,56050,0,0.0,,,immediate,False,adwin,complete,results/per_dataset_study/fixed_responses/runs/RBF_I/adwin/RBF_I__s119__clean__none/immediate_unscreened,60000.0,57000.0,5700.0,False,3000.0
RBF_I,concept,moderate,119.0,1226255551.0,,RBF_I__s119,RBF_I__s119__concept__moderate,0,64600,2.8555031249998137,47484,0.5492376379412013,0.5513913149464353,8566,5346,0.6240952603315433,47484,15780,0.33232246651503666,,,confirmed,True,adwin,complete,results/per_dataset_study/fixed_responses/runs/RBF_I/adwin/RBF_I__s119__concept__moderate/confirmed_screened,,,,,
RBF_I,concept,moderate,119.0,1226255551.0,,RBF_I__s119,RBF_I__s119__concept__moderate,3,62700,2.311101500003133,47484,0.5614733383876674,0.5639496134088323,8566,8566,1.0,47484,0,0.0,,,confirmed,False,adwin,complete,results/per_dataset_study/fixed_responses/runs/RBF_I/adwin/RBF_I__s119__concept__moderate/confirmed_unscreened,60000.0,62700.0,8550.0,False,3000.0
RBF_I,concept,moderate,119.0,1226255551.0,,RBF_I__s119,RBF_I__s119__concept__moderate,17,57000,2.390190167003311,47484,0.5013688821497768,0.5047352118890172,8566,5474,0.6390380574363763,47484,17808,0.37503158958807176,,,immediate,True,adwin,complete,results/per_dataset_study/fixed_responses/runs/RBF_I/adwin/RBF_I__s119__concept__moderate/immediate_screened,60000.0,36100.0,16150.0,False,3000.0
RBF_I,concept,moderate,119.0,1226255551.0,,RBF_I__s119,RBF_I__s119__concept__moderate,25,57000,2.161584084009519,47484,0.5146786285906831,0.5183957141778548,8566,8566,1.0,47484,0,0.0,,,immediate,False,adwin,complete,results/per_dataset_study/fixed_responses/runs/RBF_I/adwin/RBF_I__s119__concept__moderate/immediate_unscreened,60000.0,57000.0,23750.0,False,3000.0
RBF_I,concept,severe,119.0,1687454488.0,,RBF_I__s119,RBF_I__s119__concept__severe,4,66500,2.618625917006284,41798,0.4996411311546007,0.5045308077770718,14252,9258,0.6495930395733932,41798,12106,0.2896310828269295,,,confirmed,True,adwin,complete,results/per_dataset_study/fixed_responses/runs/RBF_I/adwin/RBF_I__s119__concept__severe/confirmed_screened,,,,,
RBF_I,concept,severe,119.0,1687454488.0,,RBF_I__s119,RBF_I__s119__concept__severe,5,66500,2.3797018750046846,41798,0.5155509833006364,0.5195458389011288,14252,14252,1.0,41798,0,0.0,,,confirmed,False,adwin,complete,results/per_dataset_study/fixed_responses/runs/RBF_I/adwin/RBF_I__s119__concept__severe/confirmed_unscreened,60000.0,66500.0,14250.0,False,3000.0
RBF_I,concept,severe,119.0,1687454488.0,,RBF_I__s119,RBF_I__s119__concept__severe,11,57000,2.395531291986117,41798,0.5102397243887268,0.514492667248866,14252,4362,0.30606230704462534,41798,15760,0.37705153356619936,,,immediate,True,adwin,complete,results/per_dataset_study/fixed_responses/runs/RBF_I/adwin/RBF_I__s119__concept__severe/immediate_screened,60000.0,31350.0,10450.0,False,3000.0
RBF_I,concept,severe,119.0,1687454488.0,,RBF_I__s119,RBF_I__s119__concept__severe,21,57000,2.162665042007575,41798,0.4945451935499306,0.49777774965465205,14252,14252,1.0,41798,0,0.0,,,immediate,False,adwin,complete,results/per_dataset_study/fixed_responses/runs/RBF_I/adwin/RBF_I__s119__concept__severe/immediate_unscreened,60000.0,57000.0,19950.0,False,3000.0
RBF_I,instance,moderate,119.0,1785768086.0,,RBF_I__s119,RBF_I__s119__instance__moderate,1,60800,2.74242583301384,56050,0.5613916146297948,0.5656367652650373,8572,5845,0.6818712085860943,47478,15323,0.3227389527781288,,,confirmed,True,adwin,complete,results/per_dataset_study/fixed_responses/runs/RBF_I/adwin/RBF_I__s119__instance__moderate/confirmed_screened,,,,,
RBF_I,instance,moderate,119.0,1785768086.0,,RBF_I__s119,RBF_I__s119__instance__moderate,2,60800,2.249455042008776,56050,0.5381266726137377,0.5419359662500927,8572,8572,1.0,47478,0,0.0,,,confirmed,False,adwin,complete,results/per_dataset_study/fixed_responses/runs/RBF_I/adwin/RBF_I__s119__instance__moderate/confirmed_unscreened,60000.0,60800.0,5700.0,False,3000.0
RBF_I,instance,moderate,119.0,1785768086.0,,RBF_I__s119,RBF_I__s119__instance__moderate,5,57000,2.4539134580118116,56050,0.5068867082961641,0.5089997338986644,8572,4850,0.5657956136257583,47478,20978,0.4418467500737184,,,immediate,True,adwin,complete,results/per_dataset_study/fixed_responses/runs/RBF_I/adwin/RBF_I__s119__instance__moderate/immediate_screened,60000.0,32300.0,4750.0,False,3000.0
RBF_I,instance,moderate,119.0,1785768086.0,,RBF_I__s119,RBF_I__s119__instance__moderate,6,57000,2.152020832989365,56050,0.5129348795718108,0.517885213682233,8572,8572,1.0,47478,0,0.0,,,immediate,False,adwin,complete,results/per_dataset_study/fixed_responses/runs/RBF_I/adwin/RBF_I__s119__instance__moderate/immediate_unscreened,60000.0,57000.0,5700.0,False,3000.0
RBF_I,instance,severe,119.0,80988754.0,,RBF_I__s119,RBF_I__s119__instance__severe,3,64600,2.6018850420077797,56050,0.4872613737734166,0.4867950257205209,14216,10136,0.7129994372537986,41834,12070,0.2885212984653631,,,confirmed,True,adwin,complete,results/per_dataset_study/fixed_responses/runs/RBF_I/adwin/RBF_I__s119__instance__severe/confirmed_screened,,,,,
RBF_I,instance,severe,119.0,80988754.0,,RBF_I__s119,RBF_I__s119__instance__severe,1,58900,2.211596584005747,56050,0.5506868867082961,0.5489129043517471,14216,14216,1.0,41834,0,0.0,,,confirmed,False,adwin,complete,results/per_dataset_study/fixed_responses/runs/RBF_I/adwin/RBF_I__s119__instance__severe/confirmed_unscreened,60000.0,58900.0,2850.0,False,3000.0
RBF_I,instance,severe,119.0,80988754.0,,RBF_I__s119,RBF_I__s119__instance__severe,4,57000,2.4350718329951633,56050,0.48135593220338985,0.48197766310476486,14216,9385,0.6601716375914463,41834,14169,0.3386957976765311,,,immediate,True,adwin,complete,results/per_dataset_study/fixed_responses/runs/RBF_I/adwin/RBF_I__s119__instance__severe/immediate_screened,60000.0,38000.0,3800.0,False,3000.0
RBF_I,instance,severe,119.0,80988754.0,,RBF_I__s119,RBF_I__s119__instance__severe,5,57000,2.174414916022215,56050,0.512114183764496,0.5129268803782226,14216,14216,1.0,41834,0,0.0,,,immediate,False,adwin,complete,results/per_dataset_study/fixed_responses/runs/RBF_I/adwin/RBF_I__s119__instance__severe/immediate_unscreened,60000.0,57000.0,4750.0,False,3000.0
RBF_I,splice,moderate,119.0,1925764227.0,,RBF_I__s119,RBF_I__s119__splice__moderate,1,62700,2.6932153750094585,47513,0.521120535432408,0.5232518722973487,8537,6756,0.7913787044629261,47513,11519,0.2424389114558121,,,confirmed,True,adwin,complete,results/per_dataset_study/fixed_responses/runs/RBF_I/adwin/RBF_I__s119__splice__moderate/confirmed_screened,,,,,
RBF_I,splice,moderate,119.0,1925764227.0,,RBF_I__s119,RBF_I__s119__splice__moderate,3,62700,2.2845403749961406,47513,0.5463346873487256,0.5480281108532907,8537,8537,1.0,47513,0,0.0,,,confirmed,False,adwin,complete,results/per_dataset_study/fixed_responses/runs/RBF_I/adwin/RBF_I__s119__splice__moderate/confirmed_unscreened,60000.0,62700.0,8550.0,False,3000.0
RBF_I,splice,moderate,119.0,1925764227.0,,RBF_I__s119,RBF_I__s119__splice__moderate,5,57000,2.4967552500020247,47513,0.49373855576368575,0.4972992462826822,8537,5519,0.6464800281129203,47513,19782,0.41634920968997957,,,immediate,True,adwin,complete,results/per_dataset_study/fixed_responses/runs/RBF_I/adwin/RBF_I__s119__splice__moderate/immediate_screened,60000.0,34200.0,4750.0,False,3000.0
RBF_I,splice,moderate,119.0,1925764227.0,,RBF_I__s119,RBF_I__s119__splice__moderate,14,57000,2.1536367500084452,47513,0.5166165049565382,0.5209611804020864,8537,8537,1.0,47513,0,0.0,,,immediate,False,adwin,complete,results/per_dataset_study/fixed_responses/runs/RBF_I/adwin/RBF_I__s119__splice__moderate/immediate_unscreened,60000.0,57000.0,13300.0,False,3000.0
RBF_I,splice,severe,119.0,3024123001.0,,RBF_I__s119,RBF_I__s119__splice__severe,1,60800,2.595977375021903,41807,0.5174492309900256,0.5194674084389995,14243,5890,0.4135364740574317,41807,14447,0.34556413997655894,,,confirmed,True,adwin,complete,results/per_dataset_study/fixed_responses/runs/RBF_I/adwin/RBF_I__s119__splice__severe/confirmed_screened,,,,,
RBF_I,splice,severe,119.0,3024123001.0,,RBF_I__s119,RBF_I__s119__splice__severe,2,60800,2.2419550409831572,41807,0.5332360609467314,0.5373942275944872,14243,14243,1.0,41807,0,0.0,,,confirmed,False,adwin,complete,results/per_dataset_study/fixed_responses/runs/RBF_I/adwin/RBF_I__s119__splice__severe/confirmed_unscreened,60000.0,60800.0,5700.0,False,3000.0
RBF_I,splice,severe,119.0,3024123001.0,,RBF_I__s119,RBF_I__s119__splice__severe,6,57000,2.438410083006602,41807,0.4956586217619059,0.5010124827734513,14243,7812,0.5484799550656463,41807,18269,0.43698423708948264,,,immediate,True,adwin,complete,results/per_dataset_study/fixed_responses/runs/RBF_I/adwin/RBF_I__s119__splice__severe/immediate_screened,60000.0,32300.0,5700.0,False,3000.0
RBF_I,splice,severe,119.0,3024123001.0,,RBF_I__s119,RBF_I__s119__splice__severe,12,57000,2.158689667005092,41807,0.5080488913339871,0.5134150157309119,14243,14243,1.0,41807,0,0.0,,,immediate,False,adwin,complete,results/per_dataset_study/fixed_responses/runs/RBF_I/adwin/RBF_I__s119__splice__severe/immediate_unscreened,60000.0,57000.0,11400.0,False,3000.0
RBF_I,clean,none,115.0,,,RBF_I__s115,RBF_I__s115__clean__none,1,58900,2.902875250001671,56050,0.5903479036574487,0.587426708626134,0,0,,56050,15200,0.2711864406779661,,,confirmed,True,d3_oof,complete,results/per_dataset_study/fixed_responses/runs/RBF_I/d3_oof/RBF_I__s115__clean__none/confirmed_screened,,,,,
RBF_I,clean,none,115.0,,,RBF_I__s115,RBF_I__s115__clean__none,1,58900,2.4368532079970464,56050,0.5953077609277431,0.59191677940246,0,0,,56050,0,0.0,,,confirmed,False,d3_oof,complete,results/per_dataset_study/fixed_responses/runs/RBF_I/d3_oof/RBF_I__s115__clean__none/confirmed_unscreened,60000.0,58900.0,2850.0,False,3000.0
RBF_I,clean,none,115.0,,,RBF_I__s115,RBF_I__s115__clean__none,3,57000,2.6683362910116557,56050,0.5708652988403211,0.5651084522511982,0,0,,56050,13300,0.23728813559322035,,,immediate,True,d3_oof,complete,results/per_dataset_study/fixed_responses/runs/RBF_I/d3_oof/RBF_I__s115__clean__none/immediate_screened,60000.0,43700.0,2850.0,False,3000.0
RBF_I,clean,none,115.0,,,RBF_I__s115,RBF_I__s115__clean__none,3,57000,2.2900539170077536,56050,0.5852809991079393,0.5800645089332415,0,0,,56050,0,0.0,,,immediate,False,d3_oof,complete,results/per_dataset_study/fixed_responses/runs/RBF_I/d3_oof/RBF_I__s115__clean__none/immediate_unscreened,60000.0,57000.0,2850.0,False,3000.0
RBF_I,concept,moderate,115.0,816888935.0,,RBF_I__s115,RBF_I__s115__concept__moderate,1,58900,2.9560439580091042,47503,0.5928888701766204,0.5897932240147341,8547,5676,0.6640926640926641,47503,11379,0.23954276572005978,,,confirmed,True,d3_oof,complete,results/per_dataset_study/fixed_responses/runs/RBF_I/d3_oof/RBF_I__s115__concept__moderate/confirmed_screened,,,,,
RBF_I,concept,moderate,115.0,816888935.0,,RBF_I__s115,RBF_I__s115__concept__moderate,0,57000,2.4565996669989545,47503,0.5621960718270425,0.5582205899787389,8547,8547,1.0,47503,0,0.0,,,confirmed,False,d3_oof,complete,results/per_dataset_study/fixed_responses/runs/RBF_I/d3_oof/RBF_I__s115__concept__moderate/confirmed_unscreened,60000.0,57000.0,0.0,False,3000.0
RBF_I,concept,moderate,115.0,816888935.0,,RBF_I__s115,RBF_I__s115__concept__moderate,1,57000,2.8221909169806167,47503,0.5997094920320822,0.5971754499186572,8547,6889,0.806013806013806,47503,9742,0.20508178430835947,,,immediate,True,d3_oof,complete,results/per_dataset_study/fixed_responses/runs/RBF_I/d3_oof/RBF_I__s115__concept__moderate/immediate_screened,60000.0,45600.0,950.0,False,3000.0
RBF_I,concept,moderate,115.0,816888935.0,,RBF_I__s115,RBF_I__s115__concept__moderate,2,57000,2.297426542005269,47503,0.5825316295812896,0.5781900725440475,8547,8547,1.0,47503,0,0.0,,,immediate,False,d3_oof,complete,results/per_dataset_study/fixed_responses/runs/RBF_I/d3_oof/RBF_I__s115__concept__moderate/immediate_unscreened,60000.0,57000.0,1900.0,False,3000.0
RBF_I,concept,severe,115.0,1773327730.0,,RBF_I__s115,RBF_I__s115__concept__severe,0,57000,3.0459389999887208,41852,0.5092468699225844,0.5055880081027292,14198,10963,0.7721510071841104,41852,9115,0.21779126445570104,,,confirmed,True,d3_oof,complete,results/per_dataset_study/fixed_responses/runs/RBF_I/d3_oof/RBF_I__s115__concept__severe/confirmed_screened,,,,,
RBF_I,concept,severe,115.0,1773327730.0,,RBF_I__s115,RBF_I__s115__concept__severe,0,57000,2.3193570410076063,41852,0.5326388225174424,0.5278571394625233,14198,14198,1.0,41852,0,0.0,,,confirmed,False,d3_oof,complete,results/per_dataset_study/fixed_responses/runs/RBF_I/d3_oof/RBF_I__s115__concept__severe/confirmed_unscreened,60000.0,57000.0,0.0,False,3000.0
RBF_I,concept,severe,115.0,1773327730.0,,RBF_I__s115,RBF_I__s115__concept__severe,0,57000,2.851707333000377,41852,0.5092468699225844,0.5055880081027292,14198,10963,0.7721510071841104,41852,9115,0.21779126445570104,,,immediate,True,d3_oof,complete,results/per_dataset_study/fixed_responses/runs/RBF_I/d3_oof/RBF_I__s115__concept__severe/immediate_screened,60000.0,44650.0,0.0,False,3000.0
RBF_I,concept,severe,115.0,1773327730.0,,RBF_I__s115,RBF_I__s115__concept__severe,0,57000,2.3832544579927344,41852,0.5326388225174424,0.5278571394625233,14198,14198,1.0,41852,0,0.0,,,immediate,False,d3_oof,complete,results/per_dataset_study/fixed_responses/runs/RBF_I/d3_oof/RBF_I__s115__concept__severe/immediate_unscreened,60000.0,57000.0,0.0,False,3000.0
RBF_I,instance,moderate,115.0,2781123431.0,,RBF_I__s115,RBF_I__s115__instance__moderate,0,57000,3.1235041250038194,56050,0.5739696699375557,0.5704104383025628,8551,7232,0.8457490352005613,47499,7231,0.15223478389018716,,,confirmed,True,d3_oof,complete,results/per_dataset_study/fixed_responses/runs/RBF_I/d3_oof/RBF_I__s115__instance__moderate/confirmed_screened,,,,,
RBF_I,instance,moderate,115.0,2781123431.0,,RBF_I__s115,RBF_I__s115__instance__moderate,0,57000,2.3324070000089705,56050,0.5564495985727029,0.5517536798846111,8551,8551,1.0,47499,0,0.0,,,confirmed,False,d3_oof,complete,results/per_dataset_study/fixed_responses/runs/RBF_I/d3_oof/RBF_I__s115__instance__moderate/confirmed_unscreened,60000.0,57000.0,0.0,False,3000.0
RBF_I,instance,moderate,115.0,2781123431.0,,RBF_I__s115,RBF_I__s115__instance__moderate,0,57000,2.915425832994515,56050,0.5739696699375557,0.5704104383025628,8551,7232,0.8457490352005613,47499,7231,0.15223478389018716,,,immediate,True,d3_oof,complete,results/per_dataset_study/fixed_responses/runs/RBF_I/d3_oof/RBF_I__s115__instance__moderate/immediate_screened,60000.0,48450.0,0.0,False,3000.0
RBF_I,instance,moderate,115.0,2781123431.0,,RBF_I__s115,RBF_I__s115__instance__moderate,0,57000,2.309225457982393,56050,0.5564495985727029,0.5517536798846111,8551,8551,1.0,47499,0,0.0,,,immediate,False,d3_oof,complete,results/per_dataset_study/fixed_responses/runs/RBF_I/d3_oof/RBF_I__s115__instance__moderate/immediate_unscreened,60000.0,57000.0,0.0,False,3000.0
RBF_I,instance,severe,115.0,2375605529.0,,RBF_I__s115,RBF_I__s115__instance__severe,1,58900,2.922568042005878,56050,0.5367528991971454,0.5317680647139716,14252,10952,0.7684535503788942,41798,10000,0.2392458969328676,,,confirmed,True,d3_oof,complete,results/per_dataset_study/fixed_responses/runs/RBF_I/d3_oof/RBF_I__s115__instance__severe/confirmed_screened,,,,,
RBF_I,instance,severe,115.0,2375605529.0,,RBF_I__s115,RBF_I__s115__instance__severe,1,58900,2.331111375009641,56050,0.5570205173951829,0.5532448945339254,14252,14252,1.0,41798,0,0.0,,,confirmed,False,d3_oof,complete,results/per_dataset_study/fixed_responses/runs/RBF_I/d3_oof/RBF_I__s115__instance__severe/confirmed_unscreened,60000.0,58900.0,2850.0,False,3000.0
RBF_I,instance,severe,115.0,2375605529.0,,RBF_I__s115,RBF_I__s115__instance__severe,1,57000,2.7162905000150204,56050,0.5362890276538804,0.5311604964263259,14252,10952,0.7684535503788942,41798,10000,0.2392458969328676,,,immediate,True,d3_oof,complete,results/per_dataset_study/fixed_responses/runs/RBF_I/d3_oof/RBF_I__s115__instance__severe/immediate_screened,60000.0,43700.0,950.0,False,3000.0
RBF_I,instance,severe,115.0,2375605529.0,,RBF_I__s115,RBF_I__s115__instance__severe,1,57000,2.3148833750165068,56050,0.5553256021409456,0.5513219170558201,14252,14252,1.0,41798,0,0.0,,,immediate,False,d3_oof,complete,results/per_dataset_study/fixed_responses/runs/RBF_I/d3_oof/RBF_I__s115__instance__severe/immediate_unscreened,60000.0,57000.0,950.0,False,3000.0
RBF_I,splice,moderate,115.0,1439472368.0,,RBF_I__s115,RBF_I__s115__splice__moderate,1,58900,2.9097634160134476,47514,0.5726733173380477,0.5693233746944255,8536,4616,0.5407685098406748,47514,13180,0.2773919265900577,,,confirmed,True,d3_oof,complete,results/per_dataset_study/fixed_responses/runs/RBF_I/d3_oof/RBF_I__s115__splice__moderate/confirmed_screened,,,,,
RBF_I,splice,moderate,115.0,1439472368.0,,RBF_I__s115,RBF_I__s115__splice__moderate,0,57000,2.3036746659781784,47514,0.5894894136465042,0.5870031776316288,8536,8536,1.0,47514,0,0.0,,,confirmed,False,d3_oof,complete,results/per_dataset_study/fixed_responses/runs/RBF_I/d3_oof/RBF_I__s115__splice__moderate/confirmed_unscreened,60000.0,57000.0,0.0,False,3000.0
RBF_I,splice,moderate,115.0,1439472368.0,,RBF_I__s115,RBF_I__s115__splice__moderate,1,57000,2.6637650839984417,47514,0.5582986067264385,0.554703488055686,8536,5786,0.6778350515463918,47514,15300,0.3220103548427832,,,immediate,True,d3_oof,complete,results/per_dataset_study/fixed_responses/runs/RBF_I/d3_oof/RBF_I__s115__splice__moderate/immediate_screened,60000.0,38950.0,950.0,False,3000.0
RBF_I,splice,moderate,115.0,1439472368.0,,RBF_I__s115,RBF_I__s115__splice__moderate,1,57000,2.2851641659799498,47514,0.5802921244264848,0.5763649609238681,8536,8536,1.0,47514,0,0.0,,,immediate,False,d3_oof,complete,results/per_dataset_study/fixed_responses/runs/RBF_I/d3_oof/RBF_I__s115__splice__moderate/immediate_unscreened,60000.0,57000.0,950.0,False,3000.0
RBF_I,splice,severe,115.0,1488950345.0,,RBF_I__s115,RBF_I__s115__splice__severe,0,58900,3.0743945830035955,41807,0.527614992704571,0.5199098784792973,14243,7760,0.54482903882609,41807,7767,0.18578228526323343,,,confirmed,True,d3_oof,complete,results/per_dataset_study/fixed_responses/runs/RBF_I/d3_oof/RBF_I__s115__splice__severe/confirmed_screened,,,,,
RBF_I,splice,severe,115.0,1488950345.0,,RBF_I__s115,RBF_I__s115__splice__severe,0,57000,2.341421832999913,41807,0.5550984284928361,0.5498672689974373,14243,14243,1.0,41807,0,0.0,,,confirmed,False,d3_oof,complete,results/per_dataset_study/fixed_responses/runs/RBF_I/d3_oof/RBF_I__s115__splice__severe/confirmed_unscreened,60000.0,57000.0,0.0,False,3000.0
RBF_I,splice,severe,115.0,1488950345.0,,RBF_I__s115,RBF_I__s115__splice__severe,1,57000,2.76862175000133,41807,0.5632071184251441,0.5580529894297224,14243,9616,0.6751386646071754,41807,11523,0.27562369938048653,,,immediate,True,d3_oof,complete,results/per_dataset_study/fixed_responses/runs/RBF_I/d3_oof/RBF_I__s115__splice__severe/immediate_screened,60000.0,40850.0,950.0,False,3000.0
RBF_I,splice,severe,115.0,1488950345.0,,RBF_I__s115,RBF_I__s115__splice__severe,1,57000,2.348577374999877,41807,0.5794005788504317,0.5742430980484445,14243,14243,1.0,41807,0,0.0,,,immediate,False,d3_oof,complete,results/per_dataset_study/fixed_responses/runs/RBF_I/d3_oof/RBF_I__s115__splice__severe/immediate_unscreened,60000.0,57000.0,950.0,False,3000.0
RBF_I,clean,none,116.0,,,RBF_I__s116,RBF_I__s116__clean__none,0,57000,3.0423639999935403,56050,0.5739696699375557,0.5679550152776619,0,0,,56050,10450,0.1864406779661017,,,confirmed,True,d3_oof,complete,results/per_dataset_study/fixed_responses/runs/RBF_I/d3_oof/RBF_I__s116__clean__none/confirmed_screened,,,,,
RBF_I,clean,none,116.0,,,RBF_I__s116,RBF_I__s116__clean__none,0,57000,2.354587999987416,56050,0.5813202497769848,0.5780033516673287,0,0,,56050,0,0.0,,,confirmed,False,d3_oof,complete,results/per_dataset_study/fixed_responses/runs/RBF_I/d3_oof/RBF_I__s116__clean__none/confirmed_unscreened,60000.0,57000.0,0.0,False,3000.0
RBF_I,clean,none,116.0,,,RBF_I__s116,RBF_I__s116__clean__none,0,57000,2.8510609589866363,56050,0.5739696699375557,0.5679550152776619,0,0,,56050,10450,0.1864406779661017,,,immediate,True,d3_oof,complete,results/per_dataset_study/fixed_responses/runs/RBF_I/d3_oof/RBF_I__s116__clean__none/immediate_screened,60000.0,46550.0,0.0,False,3000.0
RBF_I,clean,none,116.0,,,RBF_I__s116,RBF_I__s116__clean__none,0,57000,2.3132439170149155,56050,0.5813202497769848,0.5780033516673287,0,0,,56050,0,0.0,,,immediate,False,d3_oof,complete,results/per_dataset_study/fixed_responses/runs/RBF_I/d3_oof/RBF_I__s116__clean__none/immediate_unscreened,60000.0,57000.0,0.0,False,3000.0
RBF_I,concept,moderate,116.0,3612327157.0,,RBF_I__s116,RBF_I__s116__concept__moderate,0,58900,3.067537082999479,47500,0.5356,0.5294887693856452,8550,6516,0.7621052631578947,47500,11266,0.23717894736842104,,,confirmed,True,d3_oof,complete,results/per_dataset_study/fixed_responses/runs/RBF_I/d3_oof/RBF_I__s116__concept__moderate/confirmed_screened,,,,,
RBF_I,concept,moderate,116.0,3612327157.0,,RBF_I__s116,RBF_I__s116__concept__moderate,2,60800,2.3597570420242846,47500,0.538021052631579,0.5354690442517842,8550,8550,1.0,47500,0,0.0,,,confirmed,False,d3_oof,complete,results/per_dataset_study/fixed_responses/runs/RBF_I/d3_oof/RBF_I__s116__concept__moderate/confirmed_unscreened,60000.0,60800.0,5700.0,False,3000.0
RBF_I,concept,moderate,116.0,3612327157.0,,RBF_I__s116,RBF_I__s116__concept__moderate,1,57000,2.759192208002787,47500,0.5464,0.5428244929971192,8550,4740,0.5543859649122806,47500,9490,0.19978947368421052,,,immediate,True,d3_oof,complete,results/per_dataset_study/fixed_responses/runs/RBF_I/d3_oof/RBF_I__s116__concept__moderate/immediate_screened,60000.0,43700.0,950.0,False,3000.0
RBF_I,concept,moderate,116.0,3612327157.0,,RBF_I__s116,RBF_I__s116__concept__moderate,3,57000,2.271542625006987,47500,0.5343368421052631,0.5319250686357286,8550,8550,1.0,47500,0,0.0,,,immediate,False,d3_oof,complete,results/per_dataset_study/fixed_responses/runs/RBF_I/d3_oof/RBF_I__s116__concept__moderate/immediate_unscreened,60000.0,57000.0,2850.0,False,3000.0
RBF_I,concept,severe,116.0,87307388.0,,RBF_I__s116,RBF_I__s116__concept__severe,0,57000,3.042321584012825,41806,0.5462373821939435,0.5415539730573915,14244,8934,0.6272114574557709,41806,11790,0.282016935368129,,,confirmed,True,d3_oof,complete,results/per_dataset_study/fixed_responses/runs/RBF_I/d3_oof/RBF_I__s116__concept__severe/confirmed_screened,,,,,
RBF_I,concept,severe,116.0,87307388.0,,RBF_I__s116,RBF_I__s116__concept__severe,0,57000,2.3462890000082552,41806,0.5514519446969335,0.5485439993553991,14244,14244,1.0,41806,0,0.0,,,confirmed,False,d3_oof,complete,results/per_dataset_study/fixed_responses/runs/RBF_I/d3_oof/RBF_I__s116__concept__severe/confirmed_unscreened,60000.0,57000.0,0.0,False,3000.0
RBF_I,concept,severe,116.0,87307388.0,,RBF_I__s116,RBF_I__s116__concept__severe,1,57000,2.7341462089971174,41806,0.5527675453284218,0.5474613045062273,14244,10575,0.7424178601516428,41806,12481,0.2985456633019184,,,immediate,True,d3_oof,complete,results/per_dataset_study/fixed_responses/runs/RBF_I/d3_oof/RBF_I__s116__concept__severe/immediate_screened,60000.0,40850.0,950.0,False,3000.0
RBF_I,concept,severe,116.0,87307388.0,,RBF_I__s116,RBF_I__s116__concept__severe,1,57000,2.3280587090121116,41806,0.5420035401616993,0.5384142265468378,14244,14244,1.0,41806,0,0.0,,,immediate,False,d3_oof,complete,results/per_dataset_study/fixed_responses/runs/RBF_I/d3_oof/RBF_I__s116__concept__severe/immediate_unscreened,60000.0,57000.0,950.0,False,3000.0
RBF_I,instance,moderate,116.0,2934809029.0,,RBF_I__s116,RBF_I__s116__instance__moderate,1,58900,2.9111690419958904,56050,0.5612310437109723,0.5535989033121178,8561,6672,0.7793482069851653,47489,10461,0.22028259175809134,,,confirmed,True,d3_oof,complete,results/per_dataset_study/fixed_responses/runs/RBF_I/d3_oof/RBF_I__s116__instance__moderate/confirmed_screened,,,,,
RBF_I,instance,moderate,116.0,2934809029.0,,RBF_I__s116,RBF_I__s116__instance__moderate,1,58900,2.327984417002881,56050,0.5571275646743978,0.5482072409627555,8561,8561,1.0,47489,0,0.0,,,confirmed,False,d3_oof,complete,results/per_dataset_study/fixed_responses/runs/RBF_I/d3_oof/RBF_I__s116__instance__moderate/confirmed_unscreened,60000.0,58900.0,2850.0,False,3000.0
RBF_I,instance,moderate,116.0,2934809029.0,,RBF_I__s116,RBF_I__s116__instance__moderate,1,57000,2.648192332999315,56050,0.5624620874219447,0.5545314813824973,8561,6272,0.7326246933769419,47489,12911,0.2718734864916086,,,immediate,True,d3_oof,complete,results/per_dataset_study/fixed_responses/runs/RBF_I/d3_oof/RBF_I__s116__instance__moderate/immediate_screened,60000.0,41800.0,950.0,False,3000.0
RBF_I,instance,moderate,116.0,2934809029.0,,RBF_I__s116,RBF_I__s116__instance__moderate,2,57000,2.2964074999908917,56050,0.5333809099018734,0.5196614327609597,8561,8561,1.0,47489,0,0.0,,,immediate,False,d3_oof,complete,results/per_dataset_study/fixed_responses/runs/RBF_I/d3_oof/RBF_I__s116__instance__moderate/immediate_unscreened,60000.0,57000.0,1900.0,False,3000.0
RBF_I,instance,severe,116.0,1132950715.0,,RBF_I__s116,RBF_I__s116__instance__severe,1,58900,2.910432541000773,56050,0.5042818911685994,0.4940604969031638,14248,10352,0.7265581134194273,41802,11304,0.27041768336443234,,,confirmed,True,d3_oof,complete,results/per_dataset_study/fixed_responses/runs/RBF_I/d3_oof/RBF_I__s116__instance__severe/confirmed_screened,,,,,
RBF_I,instance,severe,116.0,1132950715.0,,RBF_I__s116,RBF_I__s116__instance__severe,1,58900,2.296856917004334,56050,0.508278322925959,0.49588725171199954,14248,14248,1.0,41802,0,0.0,,,confirmed,False,d3_oof,complete,results/per_dataset_study/fixed_responses/runs/RBF_I/d3_oof/RBF_I__s116__instance__severe/confirmed_unscreened,60000.0,58900.0,2850.0,False,3000.0
RBF_I,instance,severe,116.0,1132950715.0,,RBF_I__s116,RBF_I__s116__instance__severe,2,57000,2.5916892919922248,56050,0.49782337198929527,0.4861937603122305,14248,9110,0.6393879842784952,41802,14812,0.35433711305679155,,,immediate,True,d3_oof,complete,results/per_dataset_study/fixed_responses/runs/RBF_I/d3_oof/RBF_I__s116__instance__severe/immediate_screened,60000.0,37050.0,1900.0,False,3000.0
RBF_I,instance,severe,116.0,1132950715.0,,RBF_I__s116,RBF_I__s116__instance__severe,2,57000,2.230469041998731,56050,0.5012667261373773,0.4885364744073467,14248,14248,1.0,41802,0,0.0,,,immediate,False,d3_oof,complete,results/per_dataset_study/fixed_responses/runs/RBF_I/d3_oof/RBF_I__s116__instance__severe/immediate_unscreened,60000.0,57000.0,1900.0,False,3000.0
RBF_I,splice,moderate,116.0,2889189400.0,,RBF_I__s116,RBF_I__s116__splice__moderate,1,58900,2.9483989589934936,47517,0.5574425994907086,0.5510449411228043,8533,5002,0.5861947732333295,47517,8819,0.18559673380053454,,,confirmed,True,d3_oof,complete,results/per_dataset_study/fixed_responses/runs/RBF_I/d3_oof/RBF_I__s116__splice__moderate/confirmed_screened,,,,,
RBF_I,splice,moderate,116.0,2889189400.0,,RBF_I__s116,RBF_I__s116__splice__moderate,0,57000,2.3289563749858644,47517,0.5553591346255025,0.5486590467064233,8533,8533,1.0,47517,0,0.0,,,confirmed,False,d3_oof,complete,results/per_dataset_study/fixed_responses/runs/RBF_I/d3_oof/RBF_I__s116__splice__moderate/confirmed_unscreened,60000.0,57000.0,0.0,False,3000.0
RBF_I,splice,moderate,116.0,2889189400.0,,RBF_I__s116,RBF_I__s116__splice__moderate,0,57000,2.766736250021495,47517,0.5347770271692236,0.5286295003360724,8533,5994,0.7024493144263447,47517,14561,0.3064376959824905,,,immediate,True,d3_oof,complete,results/per_dataset_study/fixed_responses/runs/RBF_I/d3_oof/RBF_I__s116__splice__moderate/immediate_screened,60000.0,39900.0,0.0,False,3000.0
RBF_I,splice,moderate,116.0,2889189400.0,,RBF_I__s116,RBF_I__s116__splice__moderate,2,57000,2.2834017499990296,47517,0.5626407391038997,0.5578921911871593,8533,8533,1.0,47517,0,0.0,,,immediate,False,d3_oof,complete,results/per_dataset_study/fixed_responses/runs/RBF_I/d3_oof/RBF_I__s116__splice__moderate/immediate_unscreened,60000.0,57000.0,1900.0,False,3000.0
RBF_I,splice,severe,116.0,51810913.0,,RBF_I__s116,RBF_I__s116__splice__severe,1,58900,2.90457908299868,41774,0.5414133192895102,0.536957234150161,14276,7539,0.5280891005884001,41774,12263,0.293555800258534,,,confirmed,True,d3_oof,complete,results/per_dataset_study/fixed_responses/runs/RBF_I/d3_oof/RBF_I__s116__splice__severe/confirmed_screened,,,,,
RBF_I,splice,severe,116.0,51810913.0,,RBF_I__s116,RBF_I__s116__splice__severe,0,57000,2.3111401250062045,41774,0.5596543304447743,0.5547389621760402,14276,14276,1.0,41774,0,0.0,,,confirmed,False,d3_oof,complete,results/per_dataset_study/fixed_responses/runs/RBF_I/d3_oof/RBF_I__s116__splice__severe/confirmed_unscreened,60000.0,57000.0,0.0,False,3000.0
RBF_I,splice,severe,116.0,51810913.0,,RBF_I__s116,RBF_I__s116__splice__severe,1,57000,2.69114237499889,41774,0.5430890027289702,0.5392181957411368,14276,8013,0.561291678341272,41774,11787,0.2821611528702063,,,immediate,True,d3_oof,complete,results/per_dataset_study/fixed_responses/runs/RBF_I/d3_oof/RBF_I__s116__splice__severe/immediate_screened,60000.0,38950.0,950.0,False,3000.0
RBF_I,splice,severe,116.0,51810913.0,,RBF_I__s116,RBF_I__s116__splice__severe,2,57000,2.272814666997874,41774,0.5359793172786901,0.5315861211763258,14276,14276,1.0,41774,0,0.0,,,immediate,False,d3_oof,complete,results/per_dataset_study/fixed_responses/runs/RBF_I/d3_oof/RBF_I__s116__splice__severe/immediate_unscreened,60000.0,57000.0,1900.0,False,3000.0
RBF_I,clean,none,117.0,,,RBF_I__s117,RBF_I__s117__clean__none,0,58900,3.1166800840001088,56050,0.5568242640499554,0.5566475634882815,0,0,,56050,9500,0.1694915254237288,,,confirmed,True,d3_oof,complete,results/per_dataset_study/fixed_responses/runs/RBF_I/d3_oof/RBF_I__s117__clean__none/confirmed_screened,,,,,
RBF_I,clean,none,117.0,,,RBF_I__s117,RBF_I__s117__clean__none,1,58900,2.3221352499967907,56050,0.5900624442462088,0.5878744688588011,0,0,,56050,0,0.0,,,confirmed,False,d3_oof,complete,results/per_dataset_study/fixed_responses/runs/RBF_I/d3_oof/RBF_I__s117__clean__none/confirmed_unscreened,60000.0,58900.0,2850.0,False,3000.0
RBF_I,clean,none,117.0,,,RBF_I__s117,RBF_I__s117__clean__none,0,57000,2.7859777499979828,56050,0.547885816235504,0.5474291381641393,0,0,,56050,8550,0.15254237288135594,,,immediate,True,d3_oof,complete,results/per_dataset_study/fixed_responses/runs/RBF_I/d3_oof/RBF_I__s117__clean__none/immediate_screened,60000.0,48450.0,0.0,False,3000.0
RBF_I,clean,none,117.0,,,RBF_I__s117,RBF_I__s117__clean__none,1,57000,2.294177999981912,56050,0.584371097234612,0.5818425217479744,0,0,,56050,0,0.0,,,immediate,False,d3_oof,complete,results/per_dataset_study/fixed_responses/runs/RBF_I/d3_oof/RBF_I__s117__clean__none/immediate_unscreened,60000.0,57000.0,950.0,False,3000.0
RBF_I,concept,moderate,117.0,1695553040.0,,RBF_I__s117,RBF_I__s117__concept__moderate,0,58900,3.0633213330002036,47497,0.5734046360822789,0.5733178773541278,8553,3860,0.4513036361510581,47497,13357,0.28121776112175506,,,confirmed,True,d3_oof,complete,results/per_dataset_study/fixed_responses/runs/RBF_I/d3_oof/RBF_I__s117__concept__moderate/confirmed_screened,,,,,
RBF_I,concept,moderate,117.0,1695553040.0,,RBF_I__s117,RBF_I__s117__concept__moderate,1,58900,2.324984917009715,47497,0.5628144935469609,0.5609516522992957,8553,8553,1.0,47497,0,0.0,,,confirmed,False,d3_oof,complete,results/per_dataset_study/fixed_responses/runs/RBF_I/d3_oof/RBF_I__s117__concept__moderate/confirmed_unscreened,60000.0,58900.0,2850.0,False,3000.0
RBF_I,concept,moderate,117.0,1695553040.0,,RBF_I__s117,RBF_I__s117__concept__moderate,0,57000,2.8464684170030523,47497,0.5732572583531591,0.5731612506447713,8553,4393,0.5136209517128493,47497,13890,0.2924395224961577,,,immediate,True,d3_oof,complete,results/per_dataset_study/fixed_responses/runs/RBF_I/d3_oof/RBF_I__s117__concept__moderate/immediate_screened,60000.0,38950.0,0.0,False,3000.0
RBF_I,concept,moderate,117.0,1695553040.0,,RBF_I__s117,RBF_I__s117__concept__moderate,1,57000,2.3060813339834567,47497,0.5604564498810451,0.5585734193707792,8553,8553,1.0,47497,0,0.0,,,immediate,False,d3_oof,complete,results/per_dataset_study/fixed_responses/runs/RBF_I/d3_oof/RBF_I__s117__concept__moderate/immediate_unscreened,60000.0,57000.0,950.0,False,3000.0
RBF_I,concept,severe,117.0,4269849707.0,,RBF_I__s117,RBF_I__s117__concept__severe,0,57000,3.0720987079985207,41821,0.5541952607541666,0.5522635602079993,14229,8026,0.5640593154824654,41821,9947,0.23784701465770786,,,confirmed,True,d3_oof,complete,results/per_dataset_study/fixed_responses/runs/RBF_I/d3_oof/RBF_I__s117__concept__severe/confirmed_screened,,,,,
RBF_I,concept,severe,117.0,4269849707.0,,RBF_I__s117,RBF_I__s117__concept__severe,0,57000,2.307178874994861,41821,0.5372420554266994,0.5324848031324702,14229,14229,1.0,41821,0,0.0,,,confirmed,False,d3_oof,complete,results/per_dataset_study/fixed_responses/runs/RBF_I/d3_oof/RBF_I__s117__concept__severe/confirmed_unscreened,60000.0,57000.0,0.0,False,3000.0
RBF_I,concept,severe,117.0,4269849707.0,,RBF_I__s117,RBF_I__s117__concept__severe,0,57000,2.875798000022769,41821,0.5541952607541666,0.5522635602079993,14229,8026,0.5640593154824654,41821,9947,0.23784701465770786,,,immediate,True,d3_oof,complete,results/per_dataset_study/fixed_responses/runs/RBF_I/d3_oof/RBF_I__s117__concept__severe/immediate_screened,60000.0,40850.0,0.0,False,3000.0
RBF_I,concept,severe,117.0,4269849707.0,,RBF_I__s117,RBF_I__s117__concept__severe,0,57000,2.343009959004121,41821,0.5372420554266994,0.5324848031324702,14229,14229,1.0,41821,0,0.0,,,immediate,False,d3_oof,complete,results/per_dataset_study/fixed_responses/runs/RBF_I/d3_oof/RBF_I__s117__concept__severe/immediate_unscreened,60000.0,57000.0,0.0,False,3000.0
RBF_I,instance,moderate,117.0,670137400.0,,RBF_I__s117,RBF_I__s117__instance__moderate,0,57000,3.0636073339992436,56050,0.5505263157894736,0.5480283186381179,8540,6769,0.7926229508196722,47510,9629,0.2026731214481162,,,confirmed,True,d3_oof,complete,results/per_dataset_study/fixed_responses/runs/RBF_I/d3_oof/RBF_I__s117__instance__moderate/confirmed_screened,,,,,
RBF_I,instance,moderate,117.0,670137400.0,,RBF_I__s117,RBF_I__s117__instance__moderate,0,57000,2.297631833003834,56050,0.5497056199821588,0.5482489574967134,8540,8540,1.0,47510,0,0.0,,,confirmed,False,d3_oof,complete,results/per_dataset_study/fixed_responses/runs/RBF_I/d3_oof/RBF_I__s117__instance__moderate/confirmed_unscreened,60000.0,57000.0,0.0,False,3000.0
RBF_I,instance,moderate,117.0,670137400.0,,RBF_I__s117,RBF_I__s117__instance__moderate,0,57000,2.8769274160149507,56050,0.5505263157894736,0.5480283186381179,8540,6769,0.7926229508196722,47510,9629,0.2026731214481162,,,immediate,True,d3_oof,complete,results/per_dataset_study/fixed_responses/runs/RBF_I/d3_oof/RBF_I__s117__instance__moderate/immediate_screened,60000.0,45600.0,0.0,False,3000.0
RBF_I,instance,moderate,117.0,670137400.0,,RBF_I__s117,RBF_I__s117__instance__moderate,1,57000,2.268115416984074,56050,0.5433719892952721,0.5410866249596109,8540,8540,1.0,47510,0,0.0,,,immediate,False,d3_oof,complete,results/per_dataset_study/fixed_responses/runs/RBF_I/d3_oof/RBF_I__s117__instance__moderate/immediate_unscreened,60000.0,57000.0,950.0,False,3000.0
RBF_I,instance,severe,117.0,2977372565.0,,RBF_I__s117,RBF_I__s117__instance__severe,0,58900,3.0290799170034006,56050,0.4855307760927743,0.4822927451578255,14283,10252,0.7177763775117272,41767,12119,0.29015730121866545,,,confirmed,True,d3_oof,complete,results/per_dataset_study/fixed_responses/runs/RBF_I/d3_oof/RBF_I__s117__instance__severe/confirmed_screened,,,,,
RBF_I,instance,severe,117.0,2977372565.0,,RBF_I__s117,RBF_I__s117__instance__severe,1,58900,2.3038270830002148,56050,0.5461909009812668,0.5425590509826905,14283,14283,1.0,41767,0,0.0,,,confirmed,False,d3_oof,complete,results/per_dataset_study/fixed_responses/runs/RBF_I/d3_oof/RBF_I__s117__instance__severe/confirmed_unscreened,60000.0,58900.0,2850.0,False,3000.0
RBF_I,instance,severe,117.0,2977372565.0,,RBF_I__s117,RBF_I__s117__instance__severe,0,57000,2.804740583000239,56050,0.5006244424620874,0.4971654055024556,14283,10698,0.7490023104389834,41767,10665,0.25534512892953765,,,immediate,True,d3_oof,complete,results/per_dataset_study/fixed_responses/runs/RBF_I/d3_oof/RBF_I__s117__instance__severe/immediate_screened,60000.0,42750.0,0.0,False,3000.0
RBF_I,instance,severe,117.0,2977372565.0,,RBF_I__s117,RBF_I__s117__instance__severe,1,57000,2.2620448749803472,56050,0.543621766280107,0.5400092459888058,14283,14283,1.0,41767,0,0.0,,,immediate,False,d3_oof,complete,results/per_dataset_study/fixed_responses/runs/RBF_I/d3_oof/RBF_I__s117__instance__severe/immediate_unscreened,60000.0,57000.0,950.0,False,3000.0
RBF_I,splice,moderate,117.0,559821452.0,,RBF_I__s117,RBF_I__s117__splice__moderate,0,57000,3.0167992079950636,47507,0.5423832277348601,0.5419767450037329,8543,6593,0.7717429474423505,47507,8500,0.17892100111562506,,,confirmed,True,d3_oof,complete,results/per_dataset_study/fixed_responses/runs/RBF_I/d3_oof/RBF_I__s117__splice__moderate/confirmed_screened,,,,,
RBF_I,splice,moderate,117.0,559821452.0,,RBF_I__s117,RBF_I__s117__splice__moderate,2,60800,2.352818457991816,47507,0.565032521523144,0.5633132918448676,8543,8543,1.0,47507,0,0.0,,,confirmed,False,d3_oof,complete,results/per_dataset_study/fixed_responses/runs/RBF_I/d3_oof/RBF_I__s117__splice__moderate/confirmed_unscreened,60000.0,60800.0,5700.0,False,3000.0
RBF_I,splice,moderate,117.0,559821452.0,,RBF_I__s117,RBF_I__s117__splice__moderate,0,57000,2.7836036660009995,47507,0.5423832277348601,0.5419767450037329,8543,6593,0.7717429474423505,47507,8500,0.17892100111562506,,,immediate,True,d3_oof,complete,results/per_dataset_study/fixed_responses/runs/RBF_I/d3_oof/RBF_I__s117__splice__moderate/immediate_screened,60000.0,46550.0,0.0,False,3000.0
RBF_I,splice,moderate,117.0,559821452.0,,RBF_I__s117,RBF_I__s117__splice__moderate,2,57000,2.3097853750223294,47507,0.5688424863704297,0.567293379386725,8543,8543,1.0,47507,0,0.0,,,immediate,False,d3_oof,complete,results/per_dataset_study/fixed_responses/runs/RBF_I/d3_oof/RBF_I__s117__splice__moderate/immediate_unscreened,60000.0,57000.0,1900.0,False,3000.0
RBF_I,splice,severe,117.0,3664738830.0,,RBF_I__s117,RBF_I__s117__splice__severe,0,58900,3.0149183750036173,41836,0.5370016253943972,0.5350049350283717,14214,8726,0.6139017869705924,41836,12562,0.3002677120183574,,,confirmed,True,d3_oof,complete,results/per_dataset_study/fixed_responses/runs/RBF_I/d3_oof/RBF_I__s117__splice__severe/confirmed_screened,,,,,
RBF_I,splice,severe,117.0,3664738830.0,,RBF_I__s117,RBF_I__s117__splice__severe,1,58900,2.319169916998362,41836,0.5580122382636964,0.5552082111118151,14214,14214,1.0,41836,0,0.0,,,confirmed,False,d3_oof,complete,results/per_dataset_study/fixed_responses/runs/RBF_I/d3_oof/RBF_I__s117__splice__severe/confirmed_unscreened,60000.0,58900.0,2850.0,True,3000.0
RBF_I,splice,severe,117.0,3664738830.0,,RBF_I__s117,RBF_I__s117__splice__severe,0,57000,2.757827791007003,41836,0.5393919112725882,0.5375338532092622,14214,7288,0.5127339242999859,41836,13024,0.31131083277559995,,,immediate,True,d3_oof,complete,results/per_dataset_study/fixed_responses/runs/RBF_I/d3_oof/RBF_I__s117__splice__severe/immediate_screened,60000.0,37050.0,0.0,False,3000.0
RBF_I,splice,severe,117.0,3664738830.0,,RBF_I__s117,RBF_I__s117__splice__severe,2,57000,2.2607013329979964,41836,0.5515345635337986,0.5484384946024694,14214,14214,1.0,41836,0,0.0,,,immediate,False,d3_oof,complete,results/per_dataset_study/fixed_responses/runs/RBF_I/d3_oof/RBF_I__s117__splice__severe/immediate_unscreened,60000.0,57000.0,1900.0,False,3000.0
RBF_I,clean,none,118.0,,,RBF_I__s118,RBF_I__s118__clean__none,0,57000,2.951197000016691,56050,0.544299732381802,0.5352868594879819,0,0,,56050,7600,0.13559322033898305,,,confirmed,True,d3_oof,complete,results/per_dataset_study/fixed_responses/runs/RBF_I/d3_oof/RBF_I__s118__clean__none/confirmed_screened,,,,,
RBF_I,clean,none,118.0,,,RBF_I__s118,RBF_I__s118__clean__none,0,57000,2.3272946659999434,56050,0.5831400535236396,0.57443086870164,0,0,,56050,0,0.0,,,confirmed,False,d3_oof,complete,results/per_dataset_study/fixed_responses/runs/RBF_I/d3_oof/RBF_I__s118__clean__none/confirmed_unscreened,60000.0,57000.0,0.0,False,3000.0
RBF_I,clean,none,118.0,,,RBF_I__s118,RBF_I__s118__clean__none,1,57000,2.8707909999939147,56050,0.5386262265834076,0.5297783485351256,0,0,,56050,5700,0.1016949152542373,,,immediate,True,d3_oof,complete,results/per_dataset_study/fixed_responses/runs/RBF_I/d3_oof/RBF_I__s118__clean__none/immediate_screened,60000.0,51300.0,950.0,False,3000.0
RBF_I,clean,none,118.0,,,RBF_I__s118,RBF_I__s118__clean__none,1,57000,2.309892375022173,56050,0.5745762711864407,0.5662723621604495,0,0,,56050,0,0.0,,,immediate,False,d3_oof,complete,results/per_dataset_study/fixed_responses/runs/RBF_I/d3_oof/RBF_I__s118__clean__none/immediate_unscreened,60000.0,57000.0,950.0,False,3000.0
RBF_I,concept,moderate,118.0,3840731115.0,,RBF_I__s118,RBF_I__s118__concept__moderate,1,60800,2.6842682080168743,47513,0.5552796076863175,0.5421822113408221,8537,4636,0.543047909101558,47513,13199,0.27779765537852796,,,confirmed,True,d3_oof,complete,results/per_dataset_study/fixed_responses/runs/RBF_I/d3_oof/RBF_I__s118__concept__moderate/confirmed_screened,,,,,
RBF_I,concept,moderate,118.0,3840731115.0,,RBF_I__s118,RBF_I__s118__concept__moderate,1,58900,2.3336770839814562,47513,0.5865131648180498,0.5761436026318638,8537,8537,1.0,47513,0,0.0,,,confirmed,False,d3_oof,complete,results/per_dataset_study/fixed_responses/runs/RBF_I/d3_oof/RBF_I__s118__concept__moderate/confirmed_unscreened,60000.0,58900.0,2850.0,False,3000.0
RBF_I,concept,moderate,118.0,3840731115.0,,RBF_I__s118,RBF_I__s118__concept__moderate,0,57000,2.7914186250127386,47513,0.5502073116831183,0.5415178540043484,8537,7086,0.8300339697786108,47513,14699,0.30936796245238146,,,immediate,True,d3_oof,complete,results/per_dataset_study/fixed_responses/runs/RBF_I/d3_oof/RBF_I__s118__concept__moderate/immediate_screened,60000.0,40850.0,0.0,False,3000.0
RBF_I,concept,moderate,118.0,3840731115.0,,RBF_I__s118,RBF_I__s118__concept__moderate,2,57000,2.249018458998762,47513,0.552227811335845,0.5388882200337607,8537,8537,1.0,47513,0,0.0,,,immediate,False,d3_oof,complete,results/per_dataset_study/fixed_responses/runs/RBF_I/d3_oof/RBF_I__s118__concept__moderate/immediate_unscreened,60000.0,57000.0,1900.0,False,3000.0
RBF_I,concept,severe,118.0,3811301496.0,,RBF_I__s118,RBF_I__s118__concept__severe,0,58900,2.811957750003785,41769,0.5424118365294835,0.5319125740893117,14281,10239,0.7169665989776627,41769,8308,0.19890349302114008,,,confirmed,True,d3_oof,complete,results/per_dataset_study/fixed_responses/runs/RBF_I/d3_oof/RBF_I__s118__concept__severe/confirmed_screened,,,,,
RBF_I,concept,severe,118.0,3811301496.0,,RBF_I__s118,RBF_I__s118__concept__severe,1,58900,2.34307699999772,41769,0.5429146017381311,0.5304873923576289,14281,14281,1.0,41769,0,0.0,,,confirmed,False,d3_oof,complete,results/per_dataset_study/fixed_responses/runs/RBF_I/d3_oof/RBF_I__s118__concept__severe/confirmed_unscreened,60000.0,58900.0,2850.0,False,3000.0
RBF_I,concept,severe,118.0,3811301496.0,,RBF_I__s118,RBF_I__s118__concept__severe,1,57000,2.627636209013872,41769,0.5173214584979291,0.5063640462165081,14281,8550,0.5986975701981654,41769,13269,0.31767578826402354,,,immediate,True,d3_oof,complete,results/per_dataset_study/fixed_responses/runs/RBF_I/d3_oof/RBF_I__s118__concept__severe/immediate_screened,60000.0,38000.0,950.0,False,3000.0
RBF_I,concept,severe,118.0,3811301496.0,,RBF_I__s118,RBF_I__s118__concept__severe,1,57000,2.289371917024255,41769,0.5243362302185831,0.511066169748487,14281,14281,1.0,41769,0,0.0,,,immediate,False,d3_oof,complete,results/per_dataset_study/fixed_responses/runs/RBF_I/d3_oof/RBF_I__s118__concept__severe/immediate_unscreened,60000.0,57000.0,950.0,False,3000.0
RBF_I,instance,moderate,118.0,2809264908.0,,RBF_I__s118,RBF_I__s118__instance__moderate,0,57000,2.8224639580002986,56050,0.5575557537912578,0.5441255027536009,8542,6894,0.8070709435729337,47508,8802,0.1852740591058348,,,confirmed,True,d3_oof,complete,results/per_dataset_study/fixed_responses/runs/RBF_I/d3_oof/RBF_I__s118__instance__moderate/confirmed_screened,,,,,
RBF_I,instance,moderate,118.0,2809264908.0,,RBF_I__s118,RBF_I__s118__instance__moderate,0,57000,2.341267167008482,56050,0.5578768956289027,0.5461038424058493,8542,8542,1.0,47508,0,0.0,,,confirmed,False,d3_oof,complete,results/per_dataset_study/fixed_responses/runs/RBF_I/d3_oof/RBF_I__s118__instance__moderate/confirmed_unscreened,60000.0,57000.0,0.0,False,3000.0
RBF_I,instance,moderate,118.0,2809264908.0,,RBF_I__s118,RBF_I__s118__instance__moderate,1,57000,2.7582840839750133,56050,0.5446387154326494,0.5321258963677149,8542,6342,0.7424490751580426,47508,12050,0.25364149195924895,,,immediate,True,d3_oof,complete,results/per_dataset_study/fixed_responses/runs/RBF_I/d3_oof/RBF_I__s118__instance__moderate/immediate_screened,60000.0,42750.0,950.0,False,3000.0
RBF_I,instance,moderate,118.0,2809264908.0,,RBF_I__s118,RBF_I__s118__instance__moderate,2,57000,2.2677449170150794,56050,0.5545227475468332,0.5437705279272547,8542,8542,1.0,47508,0,0.0,,,immediate,False,d3_oof,complete,results/per_dataset_study/fixed_responses/runs/RBF_I/d3_oof/RBF_I__s118__instance__moderate/immediate_unscreened,60000.0,57000.0,1900.0,False,3000.0
RBF_I,instance,severe,118.0,217127006.0,,RBF_I__s118,RBF_I__s118__instance__severe,0,57000,2.8814422500145156,56050,0.5586975914362177,0.5426559079742255,14259,11829,0.8295813170629076,41791,7070,0.1691751812591228,,,confirmed,True,d3_oof,complete,results/per_dataset_study/fixed_responses/runs/RBF_I/d3_oof/RBF_I__s118__instance__severe/confirmed_screened,,,,,
RBF_I,instance,severe,118.0,217127006.0,,RBF_I__s118,RBF_I__s118__instance__severe,0,57000,2.3001487919827923,56050,0.5581445138269402,0.545276663906539,14259,14259,1.0,41791,0,0.0,,,confirmed,False,d3_oof,complete,results/per_dataset_study/fixed_responses/runs/RBF_I/d3_oof/RBF_I__s118__instance__severe/confirmed_unscreened,60000.0,57000.0,0.0,False,3000.0
RBF_I,instance,severe,118.0,217127006.0,,RBF_I__s118,RBF_I__s118__instance__severe,0,57000,2.8583259170118254,56050,0.5586975914362177,0.5426559079742255,14259,11829,0.8295813170629076,41791,7070,0.1691751812591228,,,immediate,True,d3_oof,complete,results/per_dataset_study/fixed_responses/runs/RBF_I/d3_oof/RBF_I__s118__instance__severe/immediate_screened,60000.0,47500.0,0.0,False,3000.0
RBF_I,instance,severe,118.0,217127006.0,,RBF_I__s118,RBF_I__s118__instance__severe,1,57000,2.3010738750163,56050,0.5604460303300625,0.549142663203112,14259,14259,1.0,41791,0,0.0,,,immediate,False,d3_oof,complete,results/per_dataset_study/fixed_responses/runs/RBF_I/d3_oof/RBF_I__s118__instance__severe/immediate_unscreened,60000.0,57000.0,950.0,False,3000.0
RBF_I,splice,moderate,118.0,2850602314.0,,RBF_I__s118,RBF_I__s118__splice__moderate,0,57000,2.794225582998479,47505,0.5355646774023787,0.5249754866149182,8545,5045,0.5904037448800468,47505,9800,0.2062940743079676,,,confirmed,True,d3_oof,complete,results/per_dataset_study/fixed_responses/runs/RBF_I/d3_oof/RBF_I__s118__splice__moderate/confirmed_screened,,,,,
RBF_I,splice,moderate,118.0,2850602314.0,,RBF_I__s118,RBF_I__s118__splice__moderate,0,57000,2.3308674589789007,47505,0.5687611830333649,0.5565197367086847,8545,8545,1.0,47505,0,0.0,,,confirmed,False,d3_oof,complete,results/per_dataset_study/fixed_responses/runs/RBF_I/d3_oof/RBF_I__s118__splice__moderate/confirmed_unscreened,60000.0,57000.0,0.0,False,3000.0
RBF_I,splice,moderate,118.0,2850602314.0,,RBF_I__s118,RBF_I__s118__splice__moderate,1,57000,2.7220769579871558,47505,0.5454162719713714,0.5361245563378998,8545,4562,0.5338794616734933,47505,11217,0.23612251341964005,,,immediate,True,d3_oof,complete,results/per_dataset_study/fixed_responses/runs/RBF_I/d3_oof/RBF_I__s118__splice__moderate/immediate_screened,60000.0,41800.0,950.0,False,3000.0
RBF_I,splice,moderate,118.0,2850602314.0,,RBF_I__s118,RBF_I__s118__splice__moderate,1,57000,2.2756063749839086,47505,0.5467003473318598,0.5334850433873598,8545,8545,1.0,47505,0,0.0,,,immediate,False,d3_oof,complete,results/per_dataset_study/fixed_responses/runs/RBF_I/d3_oof/RBF_I__s118__splice__moderate/immediate_unscreened,60000.0,57000.0,950.0,False,3000.0
RBF_I,splice,severe,118.0,3587607091.0,,RBF_I__s118,RBF_I__s118__splice__severe,0,57000,2.7438996249984484,41806,0.5515954647658231,0.5376356916559873,14244,10930,0.7673406346531874,41806,13786,0.3297612782854136,,,confirmed,True,d3_oof,complete,results/per_dataset_study/fixed_responses/runs/RBF_I/d3_oof/RBF_I__s118__splice__severe/confirmed_screened,,,,,
RBF_I,splice,severe,118.0,3587607091.0,,RBF_I__s118,RBF_I__s118__splice__severe,0,57000,2.326156249997439,41806,0.5557097067406592,0.5427078578848552,14244,14244,1.0,41806,0,0.0,,,confirmed,False,d3_oof,complete,results/per_dataset_study/fixed_responses/runs/RBF_I/d3_oof/RBF_I__s118__splice__severe/confirmed_unscreened,60000.0,57000.0,0.0,False,3000.0
RBF_I,splice,severe,118.0,3587607091.0,,RBF_I__s118,RBF_I__s118__splice__severe,0,57000,2.773351249983534,41806,0.5528632253743482,0.5391136293339447,14244,10462,0.7344846953103061,41806,14268,0.34129072381954745,,,immediate,True,d3_oof,complete,results/per_dataset_study/fixed_responses/runs/RBF_I/d3_oof/RBF_I__s118__splice__severe/immediate_screened,60000.0,38950.0,0.0,False,3000.0
RBF_I,splice,severe,118.0,3587607091.0,,RBF_I__s118,RBF_I__s118__splice__severe,2,57000,2.2699134169961326,41806,0.5421231402191073,0.5309566926012228,14244,14244,1.0,41806,0,0.0,,,immediate,False,d3_oof,complete,results/per_dataset_study/fixed_responses/runs/RBF_I/d3_oof/RBF_I__s118__splice__severe/immediate_unscreened,60000.0,57000.0,1900.0,False,3000.0
RBF_I,clean,none,119.0,,,RBF_I__s119,RBF_I__s119__clean__none,0,57000,2.9457711669965647,56050,0.5582158786797502,0.5642530378964818,0,0,,56050,15200,0.2711864406779661,,,confirmed,True,d3_oof,complete,results/per_dataset_study/fixed_responses/runs/RBF_I/d3_oof/RBF_I__s119__clean__none/confirmed_screened,,,,,
RBF_I,clean,none,119.0,,,RBF_I__s119,RBF_I__s119__clean__none,0,57000,2.315481874975376,56050,0.5646565566458519,0.567683491396805,0,0,,56050,0,0.0,,,confirmed,False,d3_oof,complete,results/per_dataset_study/fixed_responses/runs/RBF_I/d3_oof/RBF_I__s119__clean__none/confirmed_unscreened,60000.0,57000.0,0.0,False,3000.0
RBF_I,clean,none,119.0,,,RBF_I__s119,RBF_I__s119__clean__none,0,57000,3.003989749995526,56050,0.5582158786797502,0.5642530378964818,0,0,,56050,15200,0.2711864406779661,,,immediate,True,d3_oof,complete,results/per_dataset_study/fixed_responses/runs/RBF_I/d3_oof/RBF_I__s119__clean__none/immediate_screened,60000.0,41800.0,0.0,False,3000.0
RBF_I,clean,none,119.0,,,RBF_I__s119,RBF_I__s119__clean__none,0,57000,2.3622334160027094,56050,0.5646565566458519,0.567683491396805,0,0,,56050,0,0.0,,,immediate,False,d3_oof,complete,results/per_dataset_study/fixed_responses/runs/RBF_I/d3_oof/RBF_I__s119__clean__none/immediate_unscreened,60000.0,57000.0,0.0,False,3000.0
RBF_I,concept,moderate,119.0,1226255551.0,,RBF_I__s119,RBF_I__s119__concept__moderate,0,57000,2.8060166249924805,47484,0.5536391205458681,0.5574592406071797,8566,7280,0.8498715853373804,47484,14864,0.3130317580658748,,,confirmed,True,d3_oof,complete,results/per_dataset_study/fixed_responses/runs/RBF_I/d3_oof/RBF_I__s119__concept__moderate/confirmed_screened,,,,,
RBF_I,concept,moderate,119.0,1226255551.0,,RBF_I__s119,RBF_I__s119__concept__moderate,0,57000,2.3337712089996785,47484,0.5735616207564653,0.5769872521193804,8566,8566,1.0,47484,0,0.0,,,confirmed,False,d3_oof,complete,results/per_dataset_study/fixed_responses/runs/RBF_I/d3_oof/RBF_I__s119__concept__moderate/confirmed_unscreened,60000.0,57000.0,0.0,False,3000.0
RBF_I,concept,moderate,119.0,1226255551.0,,RBF_I__s119,RBF_I__s119__concept__moderate,0,57000,2.865651457977947,47484,0.5536391205458681,0.5574592406071797,8566,7280,0.8498715853373804,47484,14864,0.3130317580658748,,,immediate,True,d3_oof,complete,results/per_dataset_study/fixed_responses/runs/RBF_I/d3_oof/RBF_I__s119__concept__moderate/immediate_screened,60000.0,40850.0,0.0,False,3000.0
RBF_I,concept,moderate,119.0,1226255551.0,,RBF_I__s119,RBF_I__s119__concept__moderate,0,57000,2.3230019170150626,47484,0.5735616207564653,0.5769872521193804,8566,8566,1.0,47484,0,0.0,,,immediate,False,d3_oof,complete,results/per_dataset_study/fixed_responses/runs/RBF_I/d3_oof/RBF_I__s119__concept__moderate/immediate_unscreened,60000.0,57000.0,0.0,False,3000.0
RBF_I,concept,severe,119.0,1687454488.0,,RBF_I__s119,RBF_I__s119__concept__severe,2,60800,2.6971254170057364,41798,0.5161251734532752,0.5195674813376346,14252,8543,0.599424642155487,41798,12341,0.2952533614048519,,,confirmed,True,d3_oof,complete,results/per_dataset_study/fixed_responses/runs/RBF_I/d3_oof/RBF_I__s119__concept__severe/confirmed_screened,,,,,
RBF_I,concept,severe,119.0,1687454488.0,,RBF_I__s119,RBF_I__s119__concept__severe,1,58900,2.3437655409798026,41798,0.5498827695105029,0.5514698124110022,14252,14252,1.0,41798,0,0.0,,,confirmed,False,d3_oof,complete,results/per_dataset_study/fixed_responses/runs/RBF_I/d3_oof/RBF_I__s119__concept__severe/confirmed_unscreened,60000.0,58900.0,2850.0,False,3000.0
RBF_I,concept,severe,119.0,1687454488.0,,RBF_I__s119,RBF_I__s119__concept__severe,0,57000,2.7660297910042573,41798,0.5223455667735298,0.5247155153264731,14252,7359,0.516348582655066,41798,11157,0.26692664720800036,,,immediate,True,d3_oof,complete,results/per_dataset_study/fixed_responses/runs/RBF_I/d3_oof/RBF_I__s119__concept__severe/immediate_screened,60000.0,38950.0,0.0,False,3000.0
RBF_I,concept,severe,119.0,1687454488.0,,RBF_I__s119,RBF_I__s119__concept__severe,3,57000,2.2584919159999117,41798,0.5375376812287669,0.5410573894816789,14252,14252,1.0,41798,0,0.0,,,immediate,False,d3_oof,complete,results/per_dataset_study/fixed_responses/runs/RBF_I/d3_oof/RBF_I__s119__concept__severe/immediate_unscreened,60000.0,57000.0,2850.0,False,3000.0
RBF_I,instance,moderate,119.0,1785768086.0,,RBF_I__s119,RBF_I__s119__instance__moderate,0,57000,2.7822580829961225,56050,0.5486708296164139,0.5488710788514434,8572,6997,0.8162622491833877,47478,8875,0.18692868275833016,,,confirmed,True,d3_oof,complete,results/per_dataset_study/fixed_responses/runs/RBF_I/d3_oof/RBF_I__s119__instance__moderate/confirmed_screened,,,,,
RBF_I,instance,moderate,119.0,1785768086.0,,RBF_I__s119,RBF_I__s119__instance__moderate,0,57000,2.282498249987839,56050,0.5746833184656557,0.5771063192634502,8572,8572,1.0,47478,0,0.0,,,confirmed,False,d3_oof,complete,results/per_dataset_study/fixed_responses/runs/RBF_I/d3_oof/RBF_I__s119__instance__moderate/confirmed_unscreened,60000.0,57000.0,0.0,False,3000.0
RBF_I,instance,moderate,119.0,1785768086.0,,RBF_I__s119,RBF_I__s119__instance__moderate,0,57000,2.798699500010116,56050,0.5466547725245317,0.5468145185106055,8572,6723,0.7842977134857676,47478,10501,0.22117612367833522,,,immediate,True,d3_oof,complete,results/per_dataset_study/fixed_responses/runs/RBF_I/d3_oof/RBF_I__s119__instance__moderate/immediate_screened,60000.0,44650.0,0.0,False,3000.0
RBF_I,instance,moderate,119.0,1785768086.0,,RBF_I__s119,RBF_I__s119__instance__moderate,1,57000,2.2831131250131875,56050,0.5669937555753791,0.569559312510381,8572,8572,1.0,47478,0,0.0,,,immediate,False,d3_oof,complete,results/per_dataset_study/fixed_responses/runs/RBF_I/d3_oof/RBF_I__s119__instance__moderate/immediate_unscreened,60000.0,57000.0,950.0,False,3000.0
RBF_I,instance,severe,119.0,80988754.0,,RBF_I__s119,RBF_I__s119__instance__severe,0,57000,2.840754459000891,56050,0.531186440677966,0.5362862806819985,14216,11029,0.7758159819921215,41834,9163,0.2190323660180714,,,confirmed,True,d3_oof,complete,results/per_dataset_study/fixed_responses/runs/RBF_I/d3_oof/RBF_I__s119__instance__severe/confirmed_screened,,,,,
RBF_I,instance,severe,119.0,80988754.0,,RBF_I__s119,RBF_I__s119__instance__severe,0,57000,2.295286499982467,56050,0.5633719892952721,0.5620708728484907,14216,14216,1.0,41834,0,0.0,,,confirmed,False,d3_oof,complete,results/per_dataset_study/fixed_responses/runs/RBF_I/d3_oof/RBF_I__s119__instance__severe/confirmed_unscreened,60000.0,57000.0,0.0,False,3000.0
RBF_I,instance,severe,119.0,80988754.0,,RBF_I__s119,RBF_I__s119__instance__severe,0,57000,2.859389666991774,56050,0.531186440677966,0.5362862806819985,14216,11029,0.7758159819921215,41834,9163,0.2190323660180714,,,immediate,True,d3_oof,complete,results/per_dataset_study/fixed_responses/runs/RBF_I/d3_oof/RBF_I__s119__instance__severe/immediate_screened,60000.0,44650.0,0.0,False,3000.0
RBF_I,instance,severe,119.0,80988754.0,,RBF_I__s119,RBF_I__s119__instance__severe,0,57000,2.2820130420150235,56050,0.5633719892952721,0.5620708728484907,14216,14216,1.0,41834,0,0.0,,,immediate,False,d3_oof,complete,results/per_dataset_study/fixed_responses/runs/RBF_I/d3_oof/RBF_I__s119__instance__severe/immediate_unscreened,60000.0,57000.0,0.0,False,3000.0
RBF_I,splice,moderate,119.0,1925764227.0,,RBF_I__s119,RBF_I__s119__splice__moderate,1,58900,2.7005116250074934,47513,0.5204680824195483,0.5218561311957669,8537,6878,0.805669438912967,47513,10691,0.22501210195104498,,,confirmed,True,d3_oof,complete,results/per_dataset_study/fixed_responses/runs/RBF_I/d3_oof/RBF_I__s119__splice__moderate/confirmed_screened,,,,,
RBF_I,splice,moderate,119.0,1925764227.0,,RBF_I__s119,RBF_I__s119__splice__moderate,1,58900,2.3152970420196652,47513,0.5687496053711616,0.5719500808490758,8537,8537,1.0,47513,0,0.0,,,confirmed,False,d3_oof,complete,results/per_dataset_study/fixed_responses/runs/RBF_I/d3_oof/RBF_I__s119__splice__moderate/confirmed_unscreened,60000.0,58900.0,2850.0,False,3000.0
RBF_I,splice,moderate,119.0,1925764227.0,,RBF_I__s119,RBF_I__s119__splice__moderate,0,57000,2.7421403329935856,47513,0.5053564287668638,0.5098579351263082,8537,6427,0.7528405763148647,47513,12140,0.2555090185843874,,,immediate,True,d3_oof,complete,results/per_dataset_study/fixed_responses/runs/RBF_I/d3_oof/RBF_I__s119__splice__moderate/immediate_screened,60000.0,42750.0,0.0,False,3000.0
RBF_I,splice,moderate,119.0,1925764227.0,,RBF_I__s119,RBF_I__s119__splice__moderate,3,57000,2.25183733398444,47513,0.5285500810304549,0.5334199313936662,8537,8537,1.0,47513,0,0.0,,,immediate,False,d3_oof,complete,results/per_dataset_study/fixed_responses/runs/RBF_I/d3_oof/RBF_I__s119__splice__moderate/immediate_unscreened,60000.0,57000.0,2850.0,False,3000.0
RBF_I,splice,severe,119.0,3024123001.0,,RBF_I__s119,RBF_I__s119__splice__severe,0,57000,2.772305167018203,41807,0.5483292271629153,0.5502512383594464,14243,10017,0.703292845608369,41807,12874,0.30793886191307673,,,confirmed,True,d3_oof,complete,results/per_dataset_study/fixed_responses/runs/RBF_I/d3_oof/RBF_I__s119__splice__severe/confirmed_screened,,,,,
RBF_I,splice,severe,119.0,3024123001.0,,RBF_I__s119,RBF_I__s119__splice__severe,0,57000,2.32913058300619,41807,0.5784677207166264,0.5817234848371672,14243,14243,1.0,41807,0,0.0,,,confirmed,False,d3_oof,complete,results/per_dataset_study/fixed_responses/runs/RBF_I/d3_oof/RBF_I__s119__splice__severe/confirmed_unscreened,60000.0,57000.0,0.0,False,3000.0
RBF_I,splice,severe,119.0,3024123001.0,,RBF_I__s119,RBF_I__s119__splice__severe,0,57000,2.778250041999854,41807,0.5482813882842587,0.5502130407387611,14243,8721,0.6123007793301973,41807,13478,0.3223862032673954,,,immediate,True,d3_oof,complete,results/per_dataset_study/fixed_responses/runs/RBF_I/d3_oof/RBF_I__s119__splice__severe/immediate_screened,60000.0,38000.0,0.0,False,3000.0
RBF_I,splice,severe,119.0,3024123001.0,,RBF_I__s119,RBF_I__s119__splice__severe,1,57000,2.3047423750103917,41807,0.5758126629511804,0.5790854393037614,14243,14243,1.0,41807,0,0.0,,,immediate,False,d3_oof,complete,results/per_dataset_study/fixed_responses/runs/RBF_I/d3_oof/RBF_I__s119__splice__severe/immediate_unscreened,60000.0,57000.0,950.0,False,3000.0
RBF_I,clean,none,115.0,,,RBF_I__s115,RBF_I__s115__clean__none,2,64600,2.9303432919987245,56050,0.5823193577163247,0.5773888549656139,0,0,,56050,12350,0.22033898305084745,,,confirmed,True,hddm_w,complete,results/per_dataset_study/fixed_responses/runs/RBF_I/hddm_w/RBF_I__s115__clean__none/confirmed_screened,,,,,
RBF_I,clean,none,115.0,,,RBF_I__s115,RBF_I__s115__clean__none,3,62700,2.511269540991634,56050,0.5685102586975914,0.5616254802287947,0,0,,56050,0,0.0,,,confirmed,False,hddm_w,complete,results/per_dataset_study/fixed_responses/runs/RBF_I/hddm_w/RBF_I__s115__clean__none/confirmed_unscreened,60000.0,62700.0,8550.0,True,3000.0
RBF_I,clean,none,115.0,,,RBF_I__s115,RBF_I__s115__clean__none,18,57000,2.5020880840020254,56050,0.5701516503122213,0.5640159112600747,0,0,,56050,15200,0.2711864406779661,,,immediate,True,hddm_w,complete,results/per_dataset_study/fixed_responses/runs/RBF_I/hddm_w/RBF_I__s115__clean__none/immediate_screened,60000.0,41800.0,17100.0,False,3000.0
RBF_I,clean,none,115.0,,,RBF_I__s115,RBF_I__s115__clean__none,28,57000,2.290616290993057,56050,0.5769313113291704,0.571224133506061,0,0,,56050,0,0.0,,,immediate,False,hddm_w,complete,results/per_dataset_study/fixed_responses/runs/RBF_I/hddm_w/RBF_I__s115__clean__none/immediate_unscreened,60000.0,57000.0,26600.0,False,3000.0
RBF_I,concept,moderate,115.0,816888935.0,,RBF_I__s115,RBF_I__s115__concept__moderate,2,64600,2.9375796250096755,47503,0.5624486874513188,0.5567789295857759,8547,4796,0.5611325611325612,47503,16199,0.341010041471065,,,confirmed,True,hddm_w,complete,results/per_dataset_study/fixed_responses/runs/RBF_I/hddm_w/RBF_I__s115__concept__moderate/confirmed_screened,,,,,
RBF_I,concept,moderate,115.0,816888935.0,,RBF_I__s115,RBF_I__s115__concept__moderate,5,66500,2.571742500003893,47503,0.5500705218617772,0.5426838628129949,8547,8547,1.0,47503,0,0.0,,,confirmed,False,hddm_w,complete,results/per_dataset_study/fixed_responses/runs/RBF_I/hddm_w/RBF_I__s115__concept__moderate/confirmed_unscreened,60000.0,66500.0,14250.0,True,3000.0
RBF_I,concept,moderate,115.0,816888935.0,,RBF_I__s115,RBF_I__s115__concept__moderate,19,57000,2.483526708005229,47503,0.5558175273140644,0.5479898932518948,8547,2253,0.2636012636012636,47503,20306,0.42746773887964973,,,immediate,True,hddm_w,complete,results/per_dataset_study/fixed_responses/runs/RBF_I/hddm_w/RBF_I__s115__concept__moderate/immediate_screened,60000.0,30400.0,18050.0,False,3000.0
RBF_I,concept,moderate,115.0,816888935.0,,RBF_I__s115,RBF_I__s115__concept__moderate,37,57000,2.283180958998855,47503,0.542260488811233,0.5355061832880053,8547,8547,1.0,47503,0,0.0,,,immediate,False,hddm_w,complete,results/per_dataset_study/fixed_responses/runs/RBF_I/hddm_w/RBF_I__s115__concept__moderate/immediate_unscreened,60000.0,57000.0,35150.0,False,3000.0
RBF_I,concept,severe,115.0,1773327730.0,,RBF_I__s115,RBF_I__s115__concept__severe,4,66500,2.9772825830004876,41852,0.534454745292937,0.5277726745780834,14198,9988,0.7034793632906043,41852,9090,0.21719392143744623,,,confirmed,True,hddm_w,complete,results/per_dataset_study/fixed_responses/runs/RBF_I/hddm_w/RBF_I__s115__concept__severe/confirmed_screened,,,,,
RBF_I,concept,severe,115.0,1773327730.0,,RBF_I__s115,RBF_I__s115__concept__severe,3,62700,2.398531000013463,41852,0.548623721685941,0.542528567628015,14198,14198,1.0,41852,0,0.0,,,confirmed,False,hddm_w,complete,results/per_dataset_study/fixed_responses/runs/RBF_I/hddm_w/RBF_I__s115__concept__severe/confirmed_unscreened,60000.0,62700.0,8550.0,True,3000.0
RBF_I,concept,severe,115.0,1773327730.0,,RBF_I__s115,RBF_I__s115__concept__severe,14,57000,2.4963350830075797,41852,0.5545493644270286,0.5462575894427999,14198,1667,0.11741090294407663,41852,20719,0.49505399980885023,,,immediate,True,hddm_w,complete,results/per_dataset_study/fixed_responses/runs/RBF_I/hddm_w/RBF_I__s115__concept__severe/immediate_screened,60000.0,23750.0,13300.0,False,3000.0
RBF_I,concept,severe,115.0,1773327730.0,,RBF_I__s115,RBF_I__s115__concept__severe,39,57000,2.3231611250084825,41852,0.52238841632419,0.514774755078258,14198,14198,1.0,41852,0,0.0,,,immediate,False,hddm_w,complete,results/per_dataset_study/fixed_responses/runs/RBF_I/hddm_w/RBF_I__s115__concept__severe/immediate_unscreened,60000.0,57000.0,37050.0,False,3000.0
RBF_I,instance,moderate,115.0,2781123431.0,,RBF_I__s115,RBF_I__s115__instance__moderate,1,64600,3.024127666009008,56050,0.5739696699375557,0.5714321243202057,8551,6073,0.710209332241843,47499,13672,0.28783763868713025,,,confirmed,True,hddm_w,complete,results/per_dataset_study/fixed_responses/runs/RBF_I/hddm_w/RBF_I__s115__instance__moderate/confirmed_screened,,,,,
RBF_I,instance,moderate,115.0,2781123431.0,,RBF_I__s115,RBF_I__s115__instance__moderate,3,62700,2.4016172499977984,56050,0.5566815343443354,0.5498492960092877,8551,8551,1.0,47499,0,0.0,,,confirmed,False,hddm_w,complete,results/per_dataset_study/fixed_responses/runs/RBF_I/hddm_w/RBF_I__s115__instance__moderate/confirmed_unscreened,60000.0,62700.0,8550.0,True,3000.0
RBF_I,instance,moderate,115.0,2781123431.0,,RBF_I__s115,RBF_I__s115__instance__moderate,19,57000,2.5731670829991344,56050,0.567350579839429,0.5620139269489667,8551,5328,0.6230850192959888,47499,17677,0.37215520326743723,,,immediate,True,hddm_w,complete,results/per_dataset_study/fixed_responses/runs/RBF_I/hddm_w/RBF_I__s115__instance__moderate/immediate_screened,60000.0,36100.0,18050.0,False,3000.0
RBF_I,instance,moderate,115.0,2781123431.0,,RBF_I__s115,RBF_I__s115__instance__moderate,31,57000,2.3316760410089046,56050,0.5654237288135593,0.5599241126401107,8551,8551,1.0,47499,0,0.0,,,immediate,False,hddm_w,complete,results/per_dataset_study/fixed_responses/runs/RBF_I/hddm_w/RBF_I__s115__instance__moderate/immediate_unscreened,60000.0,57000.0,29450.0,False,3000.0
RBF_I,instance,severe,115.0,2375605529.0,,RBF_I__s115,RBF_I__s115__instance__severe,1,66500,3.095106249995297,56050,0.5608028545941124,0.558418448416171,14252,9680,0.6792029188885771,41798,13478,0.3224556198861189,,,confirmed,True,hddm_w,complete,results/per_dataset_study/fixed_responses/runs/RBF_I/hddm_w/RBF_I__s115__instance__severe/confirmed_screened,,,,,
RBF_I,instance,severe,115.0,2375605529.0,,RBF_I__s115,RBF_I__s115__instance__severe,2,60800,2.310054624977056,56050,0.548135593220339,0.5427240214120639,14252,14252,1.0,41798,0,0.0,,,confirmed,False,hddm_w,complete,results/per_dataset_study/fixed_responses/runs/RBF_I/hddm_w/RBF_I__s115__instance__severe/confirmed_unscreened,60000.0,60800.0,5700.0,False,3000.0
RBF_I,instance,severe,115.0,2375605529.0,,RBF_I__s115,RBF_I__s115__instance__severe,8,57000,2.4587669169995934,56050,0.5654772524531668,0.5590040061717322,14252,5298,0.3717373000280662,41798,26196,0.62672855160534,,,immediate,True,hddm_w,complete,results/per_dataset_study/fixed_responses/runs/RBF_I/hddm_w/RBF_I__s115__instance__severe/immediate_screened,60000.0,21850.0,7600.0,False,3000.0
RBF_I,instance,severe,115.0,2375605529.0,,RBF_I__s115,RBF_I__s115__instance__severe,31,57000,2.2689820420055185,56050,0.5500802854594112,0.5450239715702319,14252,14252,1.0,41798,0,0.0,,,immediate,False,hddm_w,complete,results/per_dataset_study/fixed_responses/runs/RBF_I/hddm_w/RBF_I__s115__instance__severe/immediate_unscreened,60000.0,57000.0,29450.0,False,3000.0
RBF_I,splice,moderate,115.0,1439472368.0,,RBF_I__s115,RBF_I__s115__splice__moderate,3,68400,2.98056679101137,47514,0.5380519425853433,0.529939129061493,8536,6654,0.7795220243673852,47514,11418,0.24030811971208485,,,confirmed,True,hddm_w,complete,results/per_dataset_study/fixed_responses/runs/RBF_I/hddm_w/RBF_I__s115__splice__moderate/confirmed_screened,,,,,
RBF_I,splice,moderate,115.0,1439472368.0,,RBF_I__s115,RBF_I__s115__splice__moderate,4,64600,2.423818667011801,47514,0.5595192995748621,0.5537099557197904,8536,8536,1.0,47514,0,0.0,,,confirmed,False,hddm_w,complete,results/per_dataset_study/fixed_responses/runs/RBF_I/hddm_w/RBF_I__s115__splice__moderate/confirmed_unscreened,60000.0,64600.0,11400.0,True,3000.0
RBF_I,splice,moderate,115.0,1439472368.0,,RBF_I__s115,RBF_I__s115__splice__moderate,18,57000,2.490155125007732,47514,0.5543629246116933,0.5459957269632192,8536,2143,0.2510543580131209,47514,19257,0.40529107210506377,,,immediate,True,hddm_w,complete,results/per_dataset_study/fixed_responses/runs/RBF_I/hddm_w/RBF_I__s115__splice__moderate/immediate_screened,60000.0,31350.0,17100.0,False,3000.0
RBF_I,splice,moderate,115.0,1439472368.0,,RBF_I__s115,RBF_I__s115__splice__moderate,39,57000,2.2790497920068447,47514,0.5346213747527044,0.5265436262970242,8536,8536,1.0,47514,0,0.0,,,immediate,False,hddm_w,complete,results/per_dataset_study/fixed_responses/runs/RBF_I/hddm_w/RBF_I__s115__splice__moderate/immediate_unscreened,60000.0,57000.0,37050.0,False,3000.0
RBF_I,splice,severe,115.0,1488950345.0,,RBF_I__s115,RBF_I__s115__splice__severe,3,70300,3.0452665420016274,41807,0.5346233884277752,0.5246917551555143,14243,7654,0.5373867864916099,41807,12411,0.29686416150405437,,,confirmed,True,hddm_w,complete,results/per_dataset_study/fixed_responses/runs/RBF_I/hddm_w/RBF_I__s115__splice__severe/confirmed_screened,,,,,
RBF_I,splice,severe,115.0,1488950345.0,,RBF_I__s115,RBF_I__s115__splice__severe,4,64600,2.4953090410272125,41807,0.5513191570789581,0.54307708151953,14243,14243,1.0,41807,0,0.0,,,confirmed,False,hddm_w,complete,results/per_dataset_study/fixed_responses/runs/RBF_I/hddm_w/RBF_I__s115__splice__severe/confirmed_unscreened,60000.0,64600.0,11400.0,True,3000.0
RBF_I,splice,severe,115.0,1488950345.0,,RBF_I__s115,RBF_I__s115__splice__severe,19,57000,2.4899131249985658,41807,0.5524433707273901,0.5456856889745907,14243,1437,0.10089166608158394,41807,17594,0.4208386155428517,,,immediate,True,hddm_w,complete,results/per_dataset_study/fixed_responses/runs/RBF_I/hddm_w/RBF_I__s115__splice__severe/immediate_screened,60000.0,26600.0,18050.0,False,3000.0
RBF_I,splice,severe,115.0,1488950345.0,,RBF_I__s115,RBF_I__s115__splice__severe,41,57000,2.289049957995303,41807,0.5253426459683785,0.5152303961855508,14243,14243,1.0,41807,0,0.0,,,immediate,False,hddm_w,complete,results/per_dataset_study/fixed_responses/runs/RBF_I/hddm_w/RBF_I__s115__splice__severe/immediate_unscreened,60000.0,57000.0,38950.0,False,3000.0
RBF_I,clean,none,116.0,,,RBF_I__s116,RBF_I__s116__clean__none,4,66500,2.9300276249996386,56050,0.5254950936663693,0.5173675208622115,0,0,,56050,16150,0.288135593220339,,,confirmed,True,hddm_w,complete,results/per_dataset_study/fixed_responses/runs/RBF_I/hddm_w/RBF_I__s116__clean__none/confirmed_screened,,,,,
RBF_I,clean,none,116.0,,,RBF_I__s116,RBF_I__s116__clean__none,2,60800,2.3287459169805516,56050,0.5584834968777876,0.5542054753024583,0,0,,56050,0,0.0,,,confirmed,False,hddm_w,complete,results/per_dataset_study/fixed_responses/runs/RBF_I/hddm_w/RBF_I__s116__clean__none/confirmed_unscreened,60000.0,60800.0,5700.0,False,3000.0
RBF_I,clean,none,116.0,,,RBF_I__s116,RBF_I__s116__clean__none,14,57000,2.4734439580061007,56050,0.5543443354148082,0.548786442284836,0,0,,56050,23750,0.423728813559322,,,immediate,True,hddm_w,complete,results/per_dataset_study/fixed_responses/runs/RBF_I/hddm_w/RBF_I__s116__clean__none/immediate_screened,60000.0,33250.0,13300.0,False,3000.0
RBF_I,clean,none,116.0,,,RBF_I__s116,RBF_I__s116__clean__none,26,57000,2.2587657920084894,56050,0.5508652988403211,0.54568409560324,0,0,,56050,0,0.0,,,immediate,False,hddm_w,complete,results/per_dataset_study/fixed_responses/runs/RBF_I/hddm_w/RBF_I__s116__clean__none/immediate_unscreened,60000.0,57000.0,24700.0,False,3000.0
RBF_I,concept,moderate,116.0,3612327157.0,,RBF_I__s116,RBF_I__s116__concept__moderate,3,66500,2.9591329999966547,47500,0.5145684210526316,0.5105048442102463,8550,6071,0.7100584795321637,47500,12721,0.2678105263157895,,,confirmed,True,hddm_w,complete,results/per_dataset_study/fixed_responses/runs/RBF_I/hddm_w/RBF_I__s116__concept__moderate/confirmed_screened,,,,,
RBF_I,concept,moderate,116.0,3612327157.0,,RBF_I__s116,RBF_I__s116__concept__moderate,3,62700,2.4600485829869285,47500,0.5460842105263158,0.5430860751701065,8550,8550,1.0,47500,0,0.0,,,confirmed,False,hddm_w,complete,results/per_dataset_study/fixed_responses/runs/RBF_I/hddm_w/RBF_I__s116__concept__moderate/confirmed_unscreened,60000.0,62700.0,8550.0,True,3000.0
RBF_I,concept,moderate,116.0,3612327157.0,,RBF_I__s116,RBF_I__s116__concept__moderate,18,57000,2.453519041009713,47500,0.5361052631578948,0.5302077406687314,8550,2292,0.2680701754385965,47500,20342,0.4282526315789474,,,immediate,True,hddm_w,complete,results/per_dataset_study/fixed_responses/runs/RBF_I/hddm_w/RBF_I__s116__concept__moderate/immediate_screened,60000.0,30400.0,17100.0,False,3000.0
RBF_I,concept,moderate,116.0,3612327157.0,,RBF_I__s116,RBF_I__s116__concept__moderate,38,57000,2.252917832985986,47500,0.5213052631578947,0.5171161503090129,8550,8550,1.0,47500,0,0.0,,,immediate,False,hddm_w,complete,results/per_dataset_study/fixed_responses/runs/RBF_I/hddm_w/RBF_I__s116__concept__moderate/immediate_unscreened,60000.0,57000.0,36100.0,False,3000.0
RBF_I,concept,severe,116.0,87307388.0,,RBF_I__s116,RBF_I__s116__concept__severe,2,66500,3.072337166988291,41806,0.5558293067980673,0.5508743829315124,14244,11252,0.7899466442010671,41806,4608,0.1102234129072382,,,confirmed,True,hddm_w,complete,results/per_dataset_study/fixed_responses/runs/RBF_I/hddm_w/RBF_I__s116__concept__severe/confirmed_screened,,,,,
RBF_I,concept,severe,116.0,87307388.0,,RBF_I__s116,RBF_I__s116__concept__severe,6,68400,2.515156500012381,41806,0.5150456872219299,0.5104463558983845,14244,14244,1.0,41806,0,0.0,,,confirmed,False,hddm_w,complete,results/per_dataset_study/fixed_responses/runs/RBF_I/hddm_w/RBF_I__s116__concept__severe/confirmed_unscreened,60000.0,68400.0,17100.0,False,3000.0
RBF_I,concept,severe,116.0,87307388.0,,RBF_I__s116,RBF_I__s116__concept__severe,18,57000,2.478083207999589,41806,0.5298521743290436,0.5255368761648039,14244,2377,0.16687728166245436,41806,18533,0.44330957278859495,,,immediate,True,hddm_w,complete,results/per_dataset_study/fixed_responses/runs/RBF_I/hddm_w/RBF_I__s116__concept__severe/immediate_screened,60000.0,26600.0,17100.0,False,3000.0
RBF_I,concept,severe,116.0,87307388.0,,RBF_I__s116,RBF_I__s116__concept__severe,42,57000,2.286960249999538,41806,0.5034923216763144,0.5002254966198253,14244,14244,1.0,41806,0,0.0,,,immediate,False,hddm_w,complete,results/per_dataset_study/fixed_responses/runs/RBF_I/hddm_w/RBF_I__s116__concept__severe/immediate_unscreened,60000.0,57000.0,39900.0,False,3000.0
RBF_I,instance,moderate,116.0,2934809029.0,,RBF_I__s116,RBF_I__s116__instance__moderate,3,68400,2.9611755829973845,56050,0.5106155218554862,0.49991829073072347,8561,6675,0.779698633337227,47489,10464,0.22034576428225483,,,confirmed,True,hddm_w,complete,results/per_dataset_study/fixed_responses/runs/RBF_I/hddm_w/RBF_I__s116__instance__moderate/confirmed_screened,,,,,
RBF_I,instance,moderate,116.0,2934809029.0,,RBF_I__s116,RBF_I__s116__instance__moderate,4,64600,2.417088500020327,56050,0.5248349687778769,0.5146068760385591,8561,8561,1.0,47489,0,0.0,,,confirmed,False,hddm_w,complete,results/per_dataset_study/fixed_responses/runs/RBF_I/hddm_w/RBF_I__s116__instance__moderate/confirmed_unscreened,60000.0,64600.0,11400.0,False,3000.0
RBF_I,instance,moderate,116.0,2934809029.0,,RBF_I__s116,RBF_I__s116__instance__moderate,19,57000,2.4819505830237176,56050,0.5336485280999108,0.5231300451538565,8561,4775,0.5577619436981661,47489,20914,0.44039672345174674,,,immediate,True,hddm_w,complete,results/per_dataset_study/fixed_responses/runs/RBF_I/hddm_w/RBF_I__s116__instance__moderate/immediate_screened,60000.0,32300.0,18050.0,False,3000.0
RBF_I,instance,moderate,116.0,2934809029.0,,RBF_I__s116,RBF_I__s116__instance__moderate,31,57000,2.2787591670057736,56050,0.5187867975022301,0.5108426266079745,8561,8561,1.0,47489,0,0.0,,,immediate,False,hddm_w,complete,results/per_dataset_study/fixed_responses/runs/RBF_I/hddm_w/RBF_I__s116__instance__moderate/immediate_unscreened,60000.0,57000.0,29450.0,False,3000.0
RBF_I,instance,severe,116.0,1132950715.0,,RBF_I__s116,RBF_I__s116__instance__severe,3,62700,2.8111294580012327,56050,0.44988403211418376,0.4275894504262195,14248,9665,0.6783408197641775,41802,13467,0.32216161906128893,,,confirmed,True,hddm_w,complete,results/per_dataset_study/fixed_responses/runs/RBF_I/hddm_w/RBF_I__s116__instance__severe/confirmed_screened,,,,,
RBF_I,instance,severe,116.0,1132950715.0,,RBF_I__s116,RBF_I__s116__instance__severe,3,62700,2.358651042013662,56050,0.5006601248884924,0.48996082920641,14248,14248,1.0,41802,0,0.0,,,confirmed,False,hddm_w,complete,results/per_dataset_study/fixed_responses/runs/RBF_I/hddm_w/RBF_I__s116__instance__severe/confirmed_unscreened,60000.0,62700.0,8550.0,False,3000.0
RBF_I,instance,severe,116.0,1132950715.0,,RBF_I__s116,RBF_I__s116__instance__severe,17,57000,2.4167659170052502,56050,0.4930776092774309,0.4800463721315713,14248,6503,0.456414935429534,41802,22655,0.5419597148461797,,,immediate,True,hddm_w,complete,results/per_dataset_study/fixed_responses/runs/RBF_I/hddm_w/RBF_I__s116__instance__severe/immediate_screened,60000.0,26600.0,16150.0,False,3000.0
RBF_I,instance,severe,116.0,1132950715.0,,RBF_I__s116,RBF_I__s116__instance__severe,33,57000,2.1374305409844965,56050,0.4609812667261374,0.4427377524264131,14248,14248,1.0,41802,0,0.0,,,immediate,False,hddm_w,complete,results/per_dataset_study/fixed_responses/runs/RBF_I/hddm_w/RBF_I__s116__instance__severe/immediate_unscreened,60000.0,57000.0,31350.0,False,3000.0
RBF_I,splice,moderate,116.0,2889189400.0,,RBF_I__s116,RBF_I__s116__splice__moderate,1,68400,3.0883738749980694,47517,0.5455100279899825,0.5435930360910382,8533,5478,0.6419782022735263,47517,10245,0.21560704589936233,,,confirmed,True,hddm_w,complete,results/per_dataset_study/fixed_responses/runs/RBF_I/hddm_w/RBF_I__s116__splice__moderate/confirmed_screened,,,,,
RBF_I,splice,moderate,116.0,2889189400.0,,RBF_I__s116,RBF_I__s116__splice__moderate,5,66500,2.4368985000182875,47517,0.5227181850706063,0.5166793933258655,8533,8533,1.0,47517,0,0.0,,,confirmed,False,hddm_w,complete,results/per_dataset_study/fixed_responses/runs/RBF_I/hddm_w/RBF_I__s116__splice__moderate/confirmed_unscreened,60000.0,66500.0,14250.0,False,3000.0
RBF_I,splice,moderate,116.0,2889189400.0,,RBF_I__s116,RBF_I__s116__splice__moderate,19,57000,2.4263622500002384,47517,0.5349664330660606,0.5291941775605045,8533,1617,0.18949958982772763,47517,21584,0.4542374308142349,,,immediate,True,hddm_w,complete,results/per_dataset_study/fixed_responses/runs/RBF_I/hddm_w/RBF_I__s116__splice__moderate/immediate_screened,60000.0,28500.0,18050.0,False,3000.0
RBF_I,splice,moderate,116.0,2889189400.0,,RBF_I__s116,RBF_I__s116__splice__moderate,34,57000,2.2638151250139344,47517,0.5176463160553065,0.5127187795298503,8533,8533,1.0,47517,0,0.0,,,immediate,False,hddm_w,complete,results/per_dataset_study/fixed_responses/runs/RBF_I/hddm_w/RBF_I__s116__splice__moderate/immediate_unscreened,60000.0,57000.0,32300.0,False,3000.0
RBF_I,splice,severe,116.0,51810913.0,,RBF_I__s116,RBF_I__s116__splice__severe,3,72200,3.095890208001947,41774,0.5390194858045675,0.534615990185231,14276,8219,0.5757214906136172,41774,8193,0.19612677742136256,,,confirmed,True,hddm_w,complete,results/per_dataset_study/fixed_responses/runs/RBF_I/hddm_w/RBF_I__s116__splice__severe/confirmed_screened,,,,,
RBF_I,splice,severe,116.0,51810913.0,,RBF_I__s116,RBF_I__s116__splice__severe,6,68400,2.504077582998434,41774,0.5015799301000622,0.4962356310479964,14276,14276,1.0,41774,0,0.0,,,confirmed,False,hddm_w,complete,results/per_dataset_study/fixed_responses/runs/RBF_I/hddm_w/RBF_I__s116__splice__severe/confirmed_unscreened,60000.0,68400.0,17100.0,False,3000.0
RBF_I,splice,severe,116.0,51810913.0,,RBF_I__s116,RBF_I__s116__splice__severe,21,57000,2.4584458750032354,41774,0.5214008713553885,0.5151585133734775,14276,5055,0.3540907817315775,41774,14529,0.34780006702733757,,,immediate,True,hddm_w,complete,results/per_dataset_study/fixed_responses/runs/RBF_I/hddm_w/RBF_I__s116__splice__severe/immediate_screened,60000.0,33250.0,19950.0,False,3000.0
RBF_I,splice,severe,116.0,51810913.0,,RBF_I__s116,RBF_I__s116__splice__severe,37,57000,2.2713626670010854,41774,0.498659453248432,0.4939921881170773,14276,14276,1.0,41774,0,0.0,,,immediate,False,hddm_w,complete,results/per_dataset_study/fixed_responses/runs/RBF_I/hddm_w/RBF_I__s116__splice__severe/immediate_unscreened,60000.0,57000.0,35150.0,False,3000.0
RBF_I,clean,none,117.0,,,RBF_I__s117,RBF_I__s117__clean__none,2,60800,2.9247270000050776,56050,0.564371097234612,0.5614956627311563,0,0,,56050,12350,0.22033898305084745,,,confirmed,True,hddm_w,complete,results/per_dataset_study/fixed_responses/runs/RBF_I/hddm_w/RBF_I__s117__clean__none/confirmed_screened,,,,,
RBF_I,clean,none,117.0,,,RBF_I__s117,RBF_I__s117__clean__none,5,66500,2.448258042015368,56050,0.5312221231043711,0.52666858204654,0,0,,56050,0,0.0,,,confirmed,False,hddm_w,complete,results/per_dataset_study/fixed_responses/runs/RBF_I/hddm_w/RBF_I__s117__clean__none/confirmed_unscreened,60000.0,66500.0,14250.0,False,3000.0
RBF_I,clean,none,117.0,,,RBF_I__s117,RBF_I__s117__clean__none,25,57000,2.4288909169845283,56050,0.5427297056199821,0.5398975457306072,0,0,,56050,19950,0.3559322033898305,,,immediate,True,hddm_w,complete,results/per_dataset_study/fixed_responses/runs/RBF_I/hddm_w/RBF_I__s117__clean__none/immediate_screened,60000.0,37050.0,23750.0,False,3000.0
RBF_I,clean,none,117.0,,,RBF_I__s117,RBF_I__s117__clean__none,36,57000,2.270234417024767,56050,0.5435325602140946,0.5400032498223215,0,0,,56050,0,0.0,,,immediate,False,hddm_w,complete,results/per_dataset_study/fixed_responses/runs/RBF_I/hddm_w/RBF_I__s117__clean__none/immediate_unscreened,60000.0,57000.0,34200.0,False,3000.0
RBF_I,concept,moderate,117.0,1695553040.0,,RBF_I__s117,RBF_I__s117__concept__moderate,5,70300,3.0561990830028662,47497,0.5154851885382234,0.5093402467704035,8553,5298,0.6194317783233954,47497,10045,0.2114870412868181,,,confirmed,True,hddm_w,complete,results/per_dataset_study/fixed_responses/runs/RBF_I/hddm_w/RBF_I__s117__concept__moderate/confirmed_screened,,,,,
RBF_I,concept,moderate,117.0,1695553040.0,,RBF_I__s117,RBF_I__s117__concept__moderate,5,66500,2.4371343750099186,47497,0.5211065962060761,0.5151757596324615,8553,8553,1.0,47497,0,0.0,,,confirmed,False,hddm_w,complete,results/per_dataset_study/fixed_responses/runs/RBF_I/hddm_w/RBF_I__s117__concept__moderate/confirmed_unscreened,60000.0,66500.0,14250.0,False,3000.0
RBF_I,concept,moderate,117.0,1695553040.0,,RBF_I__s117,RBF_I__s117__concept__moderate,27,57000,2.442756709002424,47497,0.5321599258900562,0.5284045706218872,8553,3085,0.3606921547994856,47497,18282,0.38490852053813923,,,immediate,True,hddm_w,complete,results/per_dataset_study/fixed_responses/runs/RBF_I/hddm_w/RBF_I__s117__concept__moderate/immediate_screened,60000.0,33250.0,25650.0,False,3000.0
RBF_I,concept,moderate,117.0,1695553040.0,,RBF_I__s117,RBF_I__s117__concept__moderate,44,57000,2.2553883749933448,47497,0.5192538476114281,0.5135471387294562,8553,8553,1.0,47497,0,0.0,,,immediate,False,hddm_w,complete,results/per_dataset_study/fixed_responses/runs/RBF_I/hddm_w/RBF_I__s117__concept__moderate/immediate_unscreened,60000.0,57000.0,41800.0,False,3000.0
RBF_I,concept,severe,117.0,4269849707.0,,RBF_I__s117,RBF_I__s117__concept__severe,3,68400,2.977511167002376,41821,0.4933645776045527,0.4856703471610848,14229,9817,0.6899290182022629,41821,9838,0.2352406685636403,,,confirmed,True,hddm_w,complete,results/per_dataset_study/fixed_responses/runs/RBF_I/hddm_w/RBF_I__s117__concept__severe/confirmed_screened,,,,,
RBF_I,concept,severe,117.0,4269849707.0,,RBF_I__s117,RBF_I__s117__concept__severe,3,62700,2.3817975409911014,41821,0.5473087683221348,0.5430372783017303,14229,14229,1.0,41821,0,0.0,,,confirmed,False,hddm_w,complete,results/per_dataset_study/fixed_responses/runs/RBF_I/hddm_w/RBF_I__s117__concept__severe/confirmed_unscreened,60000.0,62700.0,8550.0,True,3000.0
RBF_I,concept,severe,117.0,4269849707.0,,RBF_I__s117,RBF_I__s117__concept__severe,22,57000,2.4252851249766536,41821,0.5235168934267473,0.5186084139396275,14229,2683,0.18855857755288497,41821,16004,0.3826785586188757,,,immediate,True,hddm_w,complete,results/per_dataset_study/fixed_responses/runs/RBF_I/hddm_w/RBF_I__s117__concept__severe/immediate_screened,60000.0,29450.0,20900.0,False,3000.0
RBF_I,concept,severe,117.0,4269849707.0,,RBF_I__s117,RBF_I__s117__concept__severe,48,57000,2.2824195419962052,41821,0.502857416130652,0.4968571843309132,14229,14229,1.0,41821,0,0.0,,,immediate,False,hddm_w,complete,results/per_dataset_study/fixed_responses/runs/RBF_I/hddm_w/RBF_I__s117__concept__severe/immediate_unscreened,60000.0,57000.0,45600.0,False,3000.0
RBF_I,instance,moderate,117.0,670137400.0,,RBF_I__s117,RBF_I__s117__instance__moderate,3,62700,2.9081418340065284,56050,0.5253523639607494,0.5237332773990288,8540,6776,0.7934426229508197,47510,9636,0.20282045885076827,,,confirmed,True,hddm_w,complete,results/per_dataset_study/fixed_responses/runs/RBF_I/hddm_w/RBF_I__s117__instance__moderate/confirmed_screened,,,,,
RBF_I,instance,moderate,117.0,670137400.0,,RBF_I__s117,RBF_I__s117__instance__moderate,3,62700,2.34876766600064,56050,0.5379304192685103,0.5357392060000713,8540,8540,1.0,47510,0,0.0,,,confirmed,False,hddm_w,complete,results/per_dataset_study/fixed_responses/runs/RBF_I/hddm_w/RBF_I__s117__instance__moderate/confirmed_unscreened,60000.0,62700.0,8550.0,False,3000.0
RBF_I,instance,moderate,117.0,670137400.0,,RBF_I__s117,RBF_I__s117__instance__moderate,18,57000,2.464744917000644,56050,0.5286351471900089,0.5266229373866245,8540,6234,0.7299765807962529,47510,12894,0.27139549568511895,,,immediate,True,hddm_w,complete,results/per_dataset_study/fixed_responses/runs/RBF_I/hddm_w/RBF_I__s117__instance__moderate/immediate_screened,60000.0,41800.0,17100.0,False,3000.0
RBF_I,instance,moderate,117.0,670137400.0,,RBF_I__s117,RBF_I__s117__instance__moderate,30,57000,2.2376854160102084,56050,0.5288849241748439,0.5274864504286739,8540,8540,1.0,47510,0,0.0,,,immediate,False,hddm_w,complete,results/per_dataset_study/fixed_responses/runs/RBF_I/hddm_w/RBF_I__s117__instance__moderate/immediate_unscreened,60000.0,57000.0,28500.0,False,3000.0
RBF_I,instance,severe,117.0,2977372565.0,,RBF_I__s117,RBF_I__s117__instance__severe,3,68400,2.9927259589894675,56050,0.5038537020517395,0.49968923904021106,14283,9174,0.6423020373871036,41767,14841,0.3553283692867575,,,confirmed,True,hddm_w,complete,results/per_dataset_study/fixed_responses/runs/RBF_I/hddm_w/RBF_I__s117__instance__severe/confirmed_screened,,,,,
RBF_I,instance,severe,117.0,2977372565.0,,RBF_I__s117,RBF_I__s117__instance__severe,2,60800,2.310790249990532,56050,0.5244067796610169,0.5221216639138762,14283,14283,1.0,41767,0,0.0,,,confirmed,False,hddm_w,complete,results/per_dataset_study/fixed_responses/runs/RBF_I/hddm_w/RBF_I__s117__instance__severe/confirmed_unscreened,60000.0,60800.0,5700.0,True,3000.0
RBF_I,instance,severe,117.0,2977372565.0,,RBF_I__s117,RBF_I__s117__instance__severe,19,57000,2.4615178339881822,56050,0.5071186440677966,0.50567993968757,14283,7995,0.5597563537072043,41767,18412,0.4408264898125314,,,immediate,True,hddm_w,complete,results/per_dataset_study/fixed_responses/runs/RBF_I/hddm_w/RBF_I__s117__instance__severe/immediate_screened,60000.0,32300.0,18050.0,False,3000.0
RBF_I,instance,severe,117.0,2977372565.0,,RBF_I__s117,RBF_I__s117__instance__severe,35,57000,2.235285707982257,56050,0.49985727029438004,0.4997076929114092,14283,14283,1.0,41767,0,0.0,,,immediate,False,hddm_w,complete,results/per_dataset_study/fixed_responses/runs/RBF_I/hddm_w/RBF_I__s117__instance__severe/immediate_unscreened,60000.0,57000.0,33250.0,False,3000.0
RBF_I,splice,moderate,117.0,559821452.0,,RBF_I__s117,RBF_I__s117__splice__moderate,2,68400,3.0337845830072183,47507,0.535036941924348,0.5300640696265677,8543,4572,0.5351749970736275,47507,13129,0.2763592733702402,,,confirmed,True,hddm_w,complete,results/per_dataset_study/fixed_responses/runs/RBF_I/hddm_w/RBF_I__s117__splice__moderate/confirmed_screened,,,,,
RBF_I,splice,moderate,117.0,559821452.0,,RBF_I__s117,RBF_I__s117__splice__moderate,4,64600,2.4401259169972036,47507,0.536489359462816,0.5315930441128736,8543,8543,1.0,47507,0,0.0,,,confirmed,False,hddm_w,complete,results/per_dataset_study/fixed_responses/runs/RBF_I/hddm_w/RBF_I__s117__splice__moderate/confirmed_unscreened,60000.0,64600.0,11400.0,True,3000.0
RBF_I,splice,moderate,117.0,559821452.0,,RBF_I__s117,RBF_I__s117__splice__moderate,29,57000,2.5317039169894997,47507,0.5287010335319006,0.5247528368593336,8543,3778,0.4422334074681025,47507,17085,0.3596312122424064,,,immediate,True,hddm_w,complete,results/per_dataset_study/fixed_responses/runs/RBF_I/hddm_w/RBF_I__s117__splice__moderate/immediate_screened,60000.0,35150.0,27550.0,False,3000.0
RBF_I,splice,moderate,117.0,559821452.0,,RBF_I__s117,RBF_I__s117__splice__moderate,45,57000,2.2933163749985397,47507,0.5202601721851516,0.5149041778982717,8543,8543,1.0,47507,0,0.0,,,immediate,False,hddm_w,complete,results/per_dataset_study/fixed_responses/runs/RBF_I/hddm_w/RBF_I__s117__splice__moderate/immediate_unscreened,60000.0,57000.0,42750.0,False,3000.0
RBF_I,splice,severe,117.0,3664738830.0,,RBF_I__s117,RBF_I__s117__splice__severe,1,64600,3.0446658750006463,41836,0.5430012429486567,0.5417956476374668,14214,8472,0.5960320810468552,41836,12308,0.29419638588775215,,,confirmed,True,hddm_w,complete,results/per_dataset_study/fixed_responses/runs/RBF_I/hddm_w/RBF_I__s117__splice__severe/confirmed_screened,,,,,
RBF_I,splice,severe,117.0,3664738830.0,,RBF_I__s117,RBF_I__s117__splice__severe,5,66500,2.4453202500008047,41836,0.5198632756477675,0.5137254495363395,14214,14214,1.0,41836,0,0.0,,,confirmed,False,hddm_w,complete,results/per_dataset_study/fixed_responses/runs/RBF_I/hddm_w/RBF_I__s117__splice__severe/confirmed_unscreened,60000.0,66500.0,14250.0,False,3000.0
RBF_I,splice,severe,117.0,3664738830.0,,RBF_I__s117,RBF_I__s117__splice__severe,22,57000,2.4273601250024512,41836,0.5206998757051343,0.5157362469018525,14214,3516,0.24736175601519628,41836,16852,0.40281097619275263,,,immediate,True,hddm_w,complete,results/per_dataset_study/fixed_responses/runs/RBF_I/hddm_w/RBF_I__s117__splice__severe/immediate_screened,60000.0,29450.0,20900.0,False,3000.0
RBF_I,splice,severe,117.0,3664738830.0,,RBF_I__s117,RBF_I__s117__splice__severe,41,57000,2.239939624996623,41836,0.49682091978200593,0.4898775877755942,14214,14214,1.0,41836,0,0.0,,,immediate,False,hddm_w,complete,results/per_dataset_study/fixed_responses/runs/RBF_I/hddm_w/RBF_I__s117__splice__severe/immediate_unscreened,60000.0,57000.0,38950.0,False,3000.0
RBF_I,clean,none,118.0,,,RBF_I__s118,RBF_I__s118__clean__none,3,68400,2.787941291986499,56050,0.5647992863514719,0.5532806901228908,0,0,,56050,11400,0.2033898305084746,,,confirmed,True,hddm_w,complete,results/per_dataset_study/fixed_responses/runs/RBF_I/hddm_w/RBF_I__s118__clean__none/confirmed_screened,,,,,
RBF_I,clean,none,118.0,,,RBF_I__s118,RBF_I__s118__clean__none,3,62700,2.3735374590032734,56050,0.5572167707404103,0.5454659388250955,0,0,,56050,0,0.0,,,confirmed,False,hddm_w,complete,results/per_dataset_study/fixed_responses/runs/RBF_I/hddm_w/RBF_I__s118__clean__none/confirmed_unscreened,60000.0,62700.0,8550.0,False,3000.0
RBF_I,clean,none,118.0,,,RBF_I__s118,RBF_I__s118__clean__none,16,57000,2.479255207988899,56050,0.5576628010704728,0.5480482853725108,0,0,,56050,24700,0.4406779661016949,,,immediate,True,hddm_w,complete,results/per_dataset_study/fixed_responses/runs/RBF_I/hddm_w/RBF_I__s118__clean__none/immediate_screened,60000.0,32300.0,15200.0,False,3000.0
RBF_I,clean,none,118.0,,,RBF_I__s118,RBF_I__s118__clean__none,27,57000,2.2196647910168394,56050,0.5588046387154326,0.55123706362924,0,0,,56050,0,0.0,,,immediate,False,hddm_w,complete,results/per_dataset_study/fixed_responses/runs/RBF_I/hddm_w/RBF_I__s118__clean__none/immediate_unscreened,60000.0,57000.0,25650.0,False,3000.0
RBF_I,concept,moderate,118.0,3840731115.0,,RBF_I__s118,RBF_I__s118__concept__moderate,1,68400,2.876847749983426,47513,0.5939637572874792,0.5855265835815766,8537,6289,0.7366756471828512,47513,12952,0.27259907814703344,,,confirmed,True,hddm_w,complete,results/per_dataset_study/fixed_responses/runs/RBF_I/hddm_w/RBF_I__s118__concept__moderate/confirmed_screened,,,,,
RBF_I,concept,moderate,118.0,3840731115.0,,RBF_I__s118,RBF_I__s118__concept__moderate,5,66500,2.4493001670052763,47513,0.547829015216888,0.5359937522505692,8537,8537,1.0,47513,0,0.0,,,confirmed,False,hddm_w,complete,results/per_dataset_study/fixed_responses/runs/RBF_I/hddm_w/RBF_I__s118__concept__moderate/confirmed_unscreened,60000.0,66500.0,14250.0,False,3000.0
RBF_I,concept,moderate,118.0,3840731115.0,,RBF_I__s118,RBF_I__s118__concept__moderate,16,57000,2.4528919169970322,47513,0.5379790794098457,0.5281301421427409,8537,2384,0.2792550076139159,47513,25197,0.5303180182265906,,,immediate,True,hddm_w,complete,results/per_dataset_study/fixed_responses/runs/RBF_I/hddm_w/RBF_I__s118__concept__moderate/immediate_screened,60000.0,25650.0,15200.0,False,3000.0
RBF_I,concept,moderate,118.0,3840731115.0,,RBF_I__s118,RBF_I__s118__concept__moderate,41,57000,2.244180291017983,47513,0.5386315324227053,0.5289552471529393,8537,8537,1.0,47513,0,0.0,,,immediate,False,hddm_w,complete,results/per_dataset_study/fixed_responses/runs/RBF_I/hddm_w/RBF_I__s118__concept__moderate/immediate_unscreened,60000.0,57000.0,38950.0,False,3000.0
RBF_I,concept,severe,118.0,3811301496.0,,RBF_I__s118,RBF_I__s118__concept__severe,2,64600,2.724740166013362,41769,0.5094687447628624,0.4945290062754739,14281,9928,0.695189412506127,41769,11797,0.28243434125787065,,,confirmed,True,hddm_w,complete,results/per_dataset_study/fixed_responses/runs/RBF_I/hddm_w/RBF_I__s118__concept__severe/confirmed_screened,,,,,
RBF_I,concept,severe,118.0,3811301496.0,,RBF_I__s118,RBF_I__s118__concept__severe,5,66500,2.4565117500023916,41769,0.5353252412075942,0.523571415974857,14281,14281,1.0,41769,0,0.0,,,confirmed,False,hddm_w,complete,results/per_dataset_study/fixed_responses/runs/RBF_I/hddm_w/RBF_I__s118__concept__severe/confirmed_unscreened,60000.0,66500.0,14250.0,False,3000.0
RBF_I,concept,severe,118.0,3811301496.0,,RBF_I__s118,RBF_I__s118__concept__severe,12,57000,2.42483133400674,41769,0.5307764131293543,0.5190143948046477,14281,3134,0.21945241929836845,41769,24003,0.5746606334841629,,,immediate,True,hddm_w,complete,results/per_dataset_study/fixed_responses/runs/RBF_I/hddm_w/RBF_I__s118__concept__severe/immediate_screened,60000.0,21850.0,11400.0,False,3000.0
RBF_I,concept,severe,118.0,3811301496.0,,RBF_I__s118,RBF_I__s118__concept__severe,42,57000,2.263950874999864,41769,0.512341688812277,0.5011111664892294,14281,14281,1.0,41769,0,0.0,,,immediate,False,hddm_w,complete,results/per_dataset_study/fixed_responses/runs/RBF_I/hddm_w/RBF_I__s118__concept__severe/immediate_unscreened,60000.0,57000.0,39900.0,False,3000.0
RBF_I,instance,moderate,118.0,2809264908.0,,RBF_I__s118,RBF_I__s118__instance__moderate,1,64600,2.8154388330003712,56050,0.5459411239964318,0.5327249922499769,8542,6458,0.7560290330133458,47508,11216,0.2360865538435632,,,confirmed,True,hddm_w,complete,results/per_dataset_study/fixed_responses/runs/RBF_I/hddm_w/RBF_I__s118__instance__moderate/confirmed_screened,,,,,
RBF_I,instance,moderate,118.0,2809264908.0,,RBF_I__s118,RBF_I__s118__instance__moderate,3,62700,2.371059040975524,56050,0.5586797502230152,0.5469695386926956,8542,8542,1.0,47508,0,0.0,,,confirmed,False,hddm_w,complete,results/per_dataset_study/fixed_responses/runs/RBF_I/hddm_w/RBF_I__s118__instance__moderate/confirmed_unscreened,60000.0,62700.0,8550.0,False,3000.0
RBF_I,instance,moderate,118.0,2809264908.0,,RBF_I__s118,RBF_I__s118__instance__moderate,19,57000,2.434592834004434,56050,0.5452096342551294,0.5356875294541663,8542,4450,0.5209552797939593,47508,22508,0.47377283825881955,,,immediate,True,hddm_w,complete,results/per_dataset_study/fixed_responses/runs/RBF_I/hddm_w/RBF_I__s118__instance__moderate/immediate_screened,60000.0,30400.0,18050.0,False,3000.0
RBF_I,instance,moderate,118.0,2809264908.0,,RBF_I__s118,RBF_I__s118__instance__moderate,33,57000,2.2260647079965565,56050,0.5540231935771632,0.5446560608964244,8542,8542,1.0,47508,0,0.0,,,immediate,False,hddm_w,complete,results/per_dataset_study/fixed_responses/runs/RBF_I/hddm_w/RBF_I__s118__instance__moderate/immediate_unscreened,60000.0,57000.0,31350.0,False,3000.0
RBF_I,instance,severe,118.0,217127006.0,,RBF_I__s118,RBF_I__s118__instance__severe,2,66500,2.7489972499897704,56050,0.5454772524531668,0.5375045276687462,14259,10895,0.7640788274072515,41791,9936,0.23775454045129335,,,confirmed,True,hddm_w,complete,results/per_dataset_study/fixed_responses/runs/RBF_I/hddm_w/RBF_I__s118__instance__severe/confirmed_screened,,,,,
RBF_I,instance,severe,118.0,217127006.0,,RBF_I__s118,RBF_I__s118__instance__severe,6,68400,2.4418894159898628,56050,0.5172167707404104,0.5053062531155956,14259,14259,1.0,41791,0,0.0,,,confirmed,False,hddm_w,complete,results/per_dataset_study/fixed_responses/runs/RBF_I/hddm_w/RBF_I__s118__instance__severe/confirmed_unscreened,60000.0,68400.0,17100.0,False,3000.0
RBF_I,instance,severe,118.0,217127006.0,,RBF_I__s118,RBF_I__s118__instance__severe,15,57000,2.456895583018195,56050,0.5303479036574487,0.5180141267226993,14259,7701,0.5400799495055755,41791,19092,0.45684477519083055,,,immediate,True,hddm_w,complete,results/per_dataset_study/fixed_responses/runs/RBF_I/hddm_w/RBF_I__s118__instance__severe/immediate_screened,60000.0,31350.0,14250.0,False,3000.0
RBF_I,instance,severe,118.0,217127006.0,,RBF_I__s118,RBF_I__s118__instance__severe,32,57000,2.2520862089877483,56050,0.5220160570918823,0.5108642692972276,14259,14259,1.0,41791,0,0.0,,,immediate,False,hddm_w,complete,results/per_dataset_study/fixed_responses/runs/RBF_I/hddm_w/RBF_I__s118__instance__severe/immediate_unscreened,60000.0,57000.0,30400.0,False,3000.0
RBF_I,splice,moderate,118.0,2850602314.0,,RBF_I__s118,RBF_I__s118__splice__moderate,2,66500,2.754070541006513,47505,0.534743711188296,0.5225971909729195,8545,4872,0.5701579871269749,47505,12477,0.26264603725923585,,,confirmed,True,hddm_w,complete,results/per_dataset_study/fixed_responses/runs/RBF_I/hddm_w/RBF_I__s118__splice__moderate/confirmed_screened,,,,,
RBF_I,splice,moderate,118.0,2850602314.0,,RBF_I__s118,RBF_I__s118__splice__moderate,4,64600,2.399734000005992,47505,0.5531417745500473,0.5389860307958084,8545,8545,1.0,47505,0,0.0,,,confirmed,False,hddm_w,complete,results/per_dataset_study/fixed_responses/runs/RBF_I/hddm_w/RBF_I__s118__splice__moderate/confirmed_unscreened,60000.0,64600.0,11400.0,True,3000.0
RBF_I,splice,moderate,118.0,2850602314.0,,RBF_I__s118,RBF_I__s118__splice__moderate,14,57000,2.456925750011578,47505,0.5268919061151458,0.5155884172003223,8545,3144,0.36793446459918083,47505,24999,0.5262393432270287,,,immediate,True,hddm_w,complete,results/per_dataset_study/fixed_responses/runs/RBF_I/hddm_w/RBF_I__s118__splice__moderate/immediate_screened,60000.0,26600.0,13300.0,False,3000.0
RBF_I,splice,moderate,118.0,2850602314.0,,RBF_I__s118,RBF_I__s118__splice__moderate,38,57000,2.2484872080094647,47505,0.5305967792863909,0.5198092815674058,8545,8545,1.0,47505,0,0.0,,,immediate,False,hddm_w,complete,results/per_dataset_study/fixed_responses/runs/RBF_I/hddm_w/RBF_I__s118__splice__moderate/immediate_unscreened,60000.0,57000.0,36100.0,False,3000.0
RBF_I,splice,severe,118.0,3587607091.0,,RBF_I__s118,RBF_I__s118__splice__severe,4,68400,2.753302208002424,41806,0.526503372721619,0.5104254043524943,14244,7223,0.5070907048581859,41806,11979,0.28653781753815244,,,confirmed,True,hddm_w,complete,results/per_dataset_study/fixed_responses/runs/RBF_I/hddm_w/RBF_I__s118__splice__severe/confirmed_screened,,,,,
RBF_I,splice,severe,118.0,3587607091.0,,RBF_I__s118,RBF_I__s118__splice__severe,5,66500,2.4280933340196498,41806,0.5357604171650002,0.5214425972678487,14244,14244,1.0,41806,0,0.0,,,confirmed,False,hddm_w,complete,results/per_dataset_study/fixed_responses/runs/RBF_I/hddm_w/RBF_I__s118__splice__severe/confirmed_unscreened,60000.0,66500.0,14250.0,False,3000.0
RBF_I,splice,severe,118.0,3587607091.0,,RBF_I__s118,RBF_I__s118__splice__severe,14,57000,2.4505562919948716,41806,0.5177486485193513,0.5054098771304772,14244,3651,0.256318449873631,41806,24557,0.5874037219537865,,,immediate,True,hddm_w,complete,results/per_dataset_study/fixed_responses/runs/RBF_I/hddm_w/RBF_I__s118__splice__severe/immediate_screened,60000.0,21850.0,13300.0,False,3000.0
RBF_I,splice,severe,118.0,3587607091.0,,RBF_I__s118,RBF_I__s118__splice__severe,41,57000,2.2468827089760453,41806,0.5096158446156054,0.49832941842483497,14244,14244,1.0,41806,0,0.0,,,immediate,False,hddm_w,complete,results/per_dataset_study/fixed_responses/runs/RBF_I/hddm_w/RBF_I__s118__splice__severe/immediate_unscreened,60000.0,57000.0,38950.0,False,3000.0
RBF_I,clean,none,119.0,,,RBF_I__s119,RBF_I__s119__clean__none,1,62700,2.9122613329964224,56050,0.5590187332738626,0.5644499909218785,0,0,,56050,16150,0.288135593220339,,,confirmed,True,hddm_w,complete,results/per_dataset_study/fixed_responses/runs/RBF_I/hddm_w/RBF_I__s119__clean__none/confirmed_screened,,,,,
RBF_I,clean,none,119.0,,,RBF_I__s119,RBF_I__s119__clean__none,3,62700,2.372369999997318,56050,0.5462087421944692,0.5478358764475116,0,0,,56050,0,0.0,,,confirmed,False,hddm_w,complete,results/per_dataset_study/fixed_responses/runs/RBF_I/hddm_w/RBF_I__s119__clean__none/confirmed_unscreened,60000.0,62700.0,8550.0,False,3000.0
RBF_I,clean,none,119.0,,,RBF_I__s119,RBF_I__s119__clean__none,16,57000,2.45408879200113,56050,0.5324888492417484,0.537626971152646,0,0,,56050,20900,0.3728813559322034,,,immediate,True,hddm_w,complete,results/per_dataset_study/fixed_responses/runs/RBF_I/hddm_w/RBF_I__s119__clean__none/immediate_screened,60000.0,36100.0,15200.0,False,3000.0
RBF_I,clean,none,119.0,,,RBF_I__s119,RBF_I__s119__clean__none,32,57000,2.2554288750106934,56050,0.5394826048171276,0.5433443994768146,0,0,,56050,0,0.0,,,immediate,False,hddm_w,complete,results/per_dataset_study/fixed_responses/runs/RBF_I/hddm_w/RBF_I__s119__clean__none/immediate_unscreened,60000.0,57000.0,30400.0,False,3000.0
RBF_I,concept,moderate,119.0,1226255551.0,,RBF_I__s119,RBF_I__s119__concept__moderate,3,70300,2.80277079201187,47484,0.5156684356835987,0.5193852439895257,8566,7926,0.9252860144758347,47484,9810,0.2065959059893859,,,confirmed,True,hddm_w,complete,results/per_dataset_study/fixed_responses/runs/RBF_I/hddm_w/RBF_I__s119__concept__moderate/confirmed_screened,,,,,
RBF_I,concept,moderate,119.0,1226255551.0,,RBF_I__s119,RBF_I__s119__concept__moderate,5,66500,2.452262666018214,47484,0.5204911127958891,0.5246882834219048,8566,8566,1.0,47484,0,0.0,,,confirmed,False,hddm_w,complete,results/per_dataset_study/fixed_responses/runs/RBF_I/hddm_w/RBF_I__s119__concept__moderate/confirmed_unscreened,60000.0,66500.0,14250.0,False,3000.0
RBF_I,concept,moderate,119.0,1226255551.0,,RBF_I__s119,RBF_I__s119__concept__moderate,27,57000,2.467748458002461,47484,0.5122567601718474,0.5154988459099482,8566,6070,0.7086154564557553,47484,21254,0.4476034032516216,,,immediate,True,hddm_w,complete,results/per_dataset_study/fixed_responses/runs/RBF_I/hddm_w/RBF_I__s119__concept__moderate/immediate_screened,60000.0,33250.0,25650.0,False,3000.0
RBF_I,concept,moderate,119.0,1226255551.0,,RBF_I__s119,RBF_I__s119__concept__moderate,41,57000,2.2510738340206444,47484,0.5115617892342684,0.5146674467304468,8566,8566,1.0,47484,0,0.0,,,immediate,False,hddm_w,complete,results/per_dataset_study/fixed_responses/runs/RBF_I/hddm_w/RBF_I__s119__concept__moderate/immediate_unscreened,60000.0,57000.0,38950.0,False,3000.0
RBF_I,concept,severe,119.0,1687454488.0,,RBF_I__s119,RBF_I__s119__concept__severe,3,68400,2.754234334017383,41798,0.4986123737977894,0.5034651454103175,14252,7251,0.5087706988492843,41798,9149,0.21888607110388056,,,confirmed,True,hddm_w,complete,results/per_dataset_study/fixed_responses/runs/RBF_I/hddm_w/RBF_I__s119__concept__severe/confirmed_screened,,,,,
RBF_I,concept,severe,119.0,1687454488.0,,RBF_I__s119,RBF_I__s119__concept__severe,4,64600,2.404312500002561,41798,0.5102157997990334,0.5140808578588196,14252,14252,1.0,41798,0,0.0,,,confirmed,False,hddm_w,complete,results/per_dataset_study/fixed_responses/runs/RBF_I/hddm_w/RBF_I__s119__concept__severe/confirmed_unscreened,60000.0,64600.0,11400.0,True,3000.0
RBF_I,concept,severe,119.0,1687454488.0,,RBF_I__s119,RBF_I__s119__concept__severe,17,57000,2.439748625009088,41798,0.5079190391884779,0.5126159677484567,14252,2339,0.16411731686780803,41798,23237,0.5559356907029045,,,immediate,True,hddm_w,complete,results/per_dataset_study/fixed_responses/runs/RBF_I/hddm_w/RBF_I__s119__concept__severe/immediate_screened,60000.0,21850.0,16150.0,False,3000.0
RBF_I,concept,severe,119.0,1687454488.0,,RBF_I__s119,RBF_I__s119__concept__severe,42,57000,2.2667754580033943,41798,0.4920570362218288,0.4952295132285776,14252,14252,1.0,41798,0,0.0,,,immediate,False,hddm_w,complete,results/per_dataset_study/fixed_responses/runs/RBF_I/hddm_w/RBF_I__s119__concept__severe/immediate_unscreened,60000.0,57000.0,39900.0,False,3000.0
RBF_I,instance,moderate,119.0,1785768086.0,,RBF_I__s119,RBF_I__s119__instance__moderate,2,66500,2.750818000000436,56050,0.5175200713648528,0.5210269460529764,8572,7019,0.81882874475035,47478,8897,0.18739205526770294,,,confirmed,True,hddm_w,complete,results/per_dataset_study/fixed_responses/runs/RBF_I/hddm_w/RBF_I__s119__instance__moderate/confirmed_screened,,,,,
RBF_I,instance,moderate,119.0,1785768086.0,,RBF_I__s119,RBF_I__s119__instance__moderate,3,62700,2.3805785839795135,56050,0.5243889384478144,0.527742766112735,8572,8572,1.0,47478,0,0.0,,,confirmed,False,hddm_w,complete,results/per_dataset_study/fixed_responses/runs/RBF_I/hddm_w/RBF_I__s119__instance__moderate/confirmed_unscreened,60000.0,62700.0,8550.0,True,3000.0
RBF_I,instance,moderate,119.0,1785768086.0,,RBF_I__s119,RBF_I__s119__instance__moderate,17,57000,2.4325012500048615,56050,0.5264406779661017,0.5307435326984025,8572,3749,0.43735417638824076,47478,26527,0.5587219343696027,,,immediate,True,hddm_w,complete,results/per_dataset_study/fixed_responses/runs/RBF_I/hddm_w/RBF_I__s119__instance__moderate/immediate_screened,60000.0,25650.0,16150.0,False,3000.0
RBF_I,instance,moderate,119.0,1785768086.0,,RBF_I__s119,RBF_I__s119__instance__moderate,35,57000,2.2343337920028716,56050,0.5283675289919715,0.5330951417010069,8572,8572,1.0,47478,0,0.0,,,immediate,False,hddm_w,complete,results/per_dataset_study/fixed_responses/runs/RBF_I/hddm_w/RBF_I__s119__instance__moderate/immediate_unscreened,60000.0,57000.0,33250.0,False,3000.0
RBF_I,instance,severe,119.0,80988754.0,,RBF_I__s119,RBF_I__s119__instance__severe,1,66500,2.8807043340057135,56050,0.5378590544157003,0.5400870447855023,14216,9928,0.6983680360157569,41834,12812,0.3062580676005163,,,confirmed,True,hddm_w,complete,results/per_dataset_study/fixed_responses/runs/RBF_I/hddm_w/RBF_I__s119__instance__severe/confirmed_screened,,,,,
RBF_I,instance,severe,119.0,80988754.0,,RBF_I__s119,RBF_I__s119__instance__severe,2,60800,2.319456083001569,56050,0.5144335414808207,0.5178580756398363,14216,14216,1.0,41834,0,0.0,,,confirmed,False,hddm_w,complete,results/per_dataset_study/fixed_responses/runs/RBF_I/hddm_w/RBF_I__s119__instance__severe/confirmed_unscreened,60000.0,60800.0,5700.0,False,3000.0
RBF_I,instance,severe,119.0,80988754.0,,RBF_I__s119,RBF_I__s119__instance__severe,12,57000,2.4622943330032285,56050,0.5113113291703836,0.5128618620716375,14216,6484,0.45610579628587505,41834,22668,0.541855906678778,,,immediate,True,hddm_w,complete,results/per_dataset_study/fixed_responses/runs/RBF_I/hddm_w/RBF_I__s119__instance__severe/immediate_screened,60000.0,26600.0,11400.0,False,3000.0
RBF_I,instance,severe,119.0,80988754.0,,RBF_I__s119,RBF_I__s119__instance__severe,30,57000,2.2327240830054507,56050,0.49882247992863515,0.5019639366855004,14216,14216,1.0,41834,0,0.0,,,immediate,False,hddm_w,complete,results/per_dataset_study/fixed_responses/runs/RBF_I/hddm_w/RBF_I__s119__instance__severe/immediate_unscreened,60000.0,57000.0,28500.0,False,3000.0
RBF_I,splice,moderate,119.0,1925764227.0,,RBF_I__s119,RBF_I__s119__splice__moderate,3,66500,2.721508582995739,47513,0.4984320080819986,0.5022353986222179,8537,6292,0.7370270586857209,47513,13905,0.2926567465746217,,,confirmed,True,hddm_w,complete,results/per_dataset_study/fixed_responses/runs/RBF_I/hddm_w/RBF_I__s119__splice__moderate/confirmed_screened,,,,,
RBF_I,splice,moderate,119.0,1925764227.0,,RBF_I__s119,RBF_I__s119__splice__moderate,3,62700,2.3633587500080466,47513,0.5311177993391283,0.5345853035424367,8537,8537,1.0,47513,0,0.0,,,confirmed,False,hddm_w,complete,results/per_dataset_study/fixed_responses/runs/RBF_I/hddm_w/RBF_I__s119__splice__moderate/confirmed_unscreened,60000.0,62700.0,8550.0,False,3000.0
RBF_I,splice,moderate,119.0,1925764227.0,,RBF_I__s119,RBF_I__s119__splice__moderate,22,57000,2.427533999987645,47513,0.520531223033696,0.5255251354161792,8537,3766,0.44113857326929834,47513,23729,0.49942121103697934,,,immediate,True,hddm_w,complete,results/per_dataset_study/fixed_responses/runs/RBF_I/hddm_w/RBF_I__s119__splice__moderate/immediate_screened,60000.0,28500.0,20900.0,False,3000.0
RBF_I,splice,moderate,119.0,1925764227.0,,RBF_I__s119,RBF_I__s119__splice__moderate,42,57000,2.2671457919932436,47513,0.5185107233809694,0.5227323218825156,8537,8537,1.0,47513,0,0.0,,,immediate,False,hddm_w,complete,results/per_dataset_study/fixed_responses/runs/RBF_I/hddm_w/RBF_I__s119__splice__moderate/immediate_unscreened,60000.0,57000.0,39900.0,False,3000.0
RBF_I,splice,severe,119.0,3024123001.0,,RBF_I__s119,RBF_I__s119__splice__severe,2,62700,2.650412666000193,41807,0.5175688281866673,0.5214718805346429,14243,6967,0.48915256617285685,41807,14574,0.3486019087712584,,,confirmed,True,hddm_w,complete,results/per_dataset_study/fixed_responses/runs/RBF_I/hddm_w/RBF_I__s119__splice__severe/confirmed_screened,,,,,
RBF_I,splice,severe,119.0,3024123001.0,,RBF_I__s119,RBF_I__s119__splice__severe,4,64600,2.4364119580131955,41807,0.5230942186715143,0.5274999813718784,14243,14243,1.0,41807,0,0.0,,,confirmed,False,hddm_w,complete,results/per_dataset_study/fixed_responses/runs/RBF_I/hddm_w/RBF_I__s119__splice__severe/confirmed_unscreened,60000.0,64600.0,11400.0,True,3000.0
RBF_I,splice,severe,119.0,3024123001.0,,RBF_I__s119,RBF_I__s119__splice__severe,17,57000,2.4324993749905843,41807,0.5046284115100342,0.5102703108288936,14243,3235,0.22712911605701047,41807,25092,0.600186571626761,,,immediate,True,hddm_w,complete,results/per_dataset_study/fixed_responses/runs/RBF_I/hddm_w/RBF_I__s119__splice__severe/immediate_screened,60000.0,20900.0,16150.0,False,3000.0
RBF_I,splice,severe,119.0,3024123001.0,,RBF_I__s119,RBF_I__s119__splice__severe,43,57000,2.2502899590181187,41807,0.5047719281460042,0.5098884522228603,14243,14243,1.0,41807,0,0.0,,,immediate,False,hddm_w,complete,results/per_dataset_study/fixed_responses/runs/RBF_I/hddm_w/RBF_I__s119__splice__severe/immediate_unscreened,60000.0,57000.0,40850.0,False,3000.0
RBF_I,clean,none,115.0,,,RBF_I__s115,RBF_I__s115__clean__none,2,62700,2.826952915987931,56050,0.5735414808206958,0.5685779165668049,0,0,,56050,15200,0.2711864406779661,,,confirmed,True,hellinger,complete,results/per_dataset_study/fixed_responses/runs/RBF_I/hellinger/RBF_I__s115__clean__none/confirmed_screened,,,,,
RBF_I,clean,none,115.0,,,RBF_I__s115,RBF_I__s115__clean__none,1,58900,2.3437578750017565,56050,0.5981088314005353,0.594108303488219,0,0,,56050,0,0.0,,,confirmed,False,hellinger,complete,results/per_dataset_study/fixed_responses/runs/RBF_I/hellinger/RBF_I__s115__clean__none/confirmed_unscreened,60000.0,58900.0,2850.0,False,3000.0
RBF_I,clean,none,115.0,,,RBF_I__s115,RBF_I__s115__clean__none,5,57000,2.4918495420133695,56050,0.5730240856378234,0.566651437739619,0,0,,56050,10450,0.1864406779661017,,,immediate,True,hellinger,complete,results/per_dataset_study/fixed_responses/runs/RBF_I/hellinger/RBF_I__s115__clean__none/immediate_screened,60000.0,46550.0,4750.0,False,3000.0
RBF_I,clean,none,115.0,,,RBF_I__s115,RBF_I__s115__clean__none,5,57000,2.211391958000604,56050,0.5849063336306869,0.5795872205879506,0,0,,56050,0,0.0,,,immediate,False,hellinger,complete,results/per_dataset_study/fixed_responses/runs/RBF_I/hellinger/RBF_I__s115__clean__none/immediate_unscreened,60000.0,57000.0,4750.0,False,3000.0
RBF_I,concept,moderate,115.0,816888935.0,,RBF_I__s115,RBF_I__s115__concept__moderate,1,58900,2.8411263750022044,47503,0.5928888701766204,0.5897932240147341,8547,5676,0.6640926640926641,47503,11379,0.23954276572005978,,,confirmed,True,hellinger,complete,results/per_dataset_study/fixed_responses/runs/RBF_I/hellinger/RBF_I__s115__concept__moderate/confirmed_screened,,,,,
RBF_I,concept,moderate,115.0,816888935.0,,RBF_I__s115,RBF_I__s115__concept__moderate,2,60800,2.409199832996819,47503,0.585605119676652,0.5803181401560036,8547,8547,1.0,47503,0,0.0,,,confirmed,False,hellinger,complete,results/per_dataset_study/fixed_responses/runs/RBF_I/hellinger/RBF_I__s115__concept__moderate/confirmed_unscreened,60000.0,60800.0,5700.0,True,3000.0
RBF_I,concept,moderate,115.0,816888935.0,,RBF_I__s115,RBF_I__s115__concept__moderate,3,57000,2.497869749990059,47503,0.5519230364398038,0.5456583899380232,8547,6221,0.7278577278577278,47503,10024,0.21101825147885397,,,immediate,True,hellinger,complete,results/per_dataset_study/fixed_responses/runs/RBF_I/hellinger/RBF_I__s115__concept__moderate/immediate_screened,60000.0,44650.0,2850.0,False,3000.0
RBF_I,concept,moderate,115.0,816888935.0,,RBF_I__s115,RBF_I__s115__concept__moderate,6,57000,2.21187254198594,47503,0.5626802517735722,0.5565738009658614,8547,8547,1.0,47503,0,0.0,,,immediate,False,hellinger,complete,results/per_dataset_study/fixed_responses/runs/RBF_I/hellinger/RBF_I__s115__concept__moderate/immediate_unscreened,60000.0,57000.0,5700.0,False,3000.0
RBF_I,concept,severe,115.0,1773327730.0,,RBF_I__s115,RBF_I__s115__concept__severe,1,60800,2.8767787919932744,41852,0.5316352862467744,0.5277411242253109,14198,9889,0.6965065502183406,41852,10891,0.2602265124725222,,,confirmed,True,hellinger,complete,results/per_dataset_study/fixed_responses/runs/RBF_I/hellinger/RBF_I__s115__concept__severe/confirmed_screened,,,,,
RBF_I,concept,severe,115.0,1773327730.0,,RBF_I__s115,RBF_I__s115__concept__severe,2,60800,2.287627167010214,41852,0.5564847558061742,0.5506592596059923,14198,14198,1.0,41852,0,0.0,,,confirmed,False,hellinger,complete,results/per_dataset_study/fixed_responses/runs/RBF_I/hellinger/RBF_I__s115__concept__severe/confirmed_unscreened,60000.0,60800.0,5700.0,False,3000.0
RBF_I,concept,severe,115.0,1773327730.0,,RBF_I__s115,RBF_I__s115__concept__severe,4,57000,2.505142167006852,41852,0.5405237503584058,0.5341915558133399,14198,6167,0.43435695168333566,41852,14769,0.3528863614642072,,,immediate,True,hellinger,complete,results/per_dataset_study/fixed_responses/runs/RBF_I/hellinger/RBF_I__s115__concept__severe/immediate_screened,60000.0,34200.0,3800.0,False,3000.0
RBF_I,concept,severe,115.0,1773327730.0,,RBF_I__s115,RBF_I__s115__concept__severe,8,57000,2.2194630409940146,41852,0.5380865908439262,0.5310889798554186,14198,14198,1.0,41852,0,0.0,,,immediate,False,hellinger,complete,results/per_dataset_study/fixed_responses/runs/RBF_I/hellinger/RBF_I__s115__concept__severe/immediate_unscreened,60000.0,57000.0,7600.0,False,3000.0
RBF_I,instance,moderate,115.0,2781123431.0,,RBF_I__s115,RBF_I__s115__instance__moderate,1,62700,2.872209707988077,56050,0.57950044603033,0.5758634153453135,8551,6694,0.7828324172611391,47499,10493,0.22090991389292405,,,confirmed,True,hellinger,complete,results/per_dataset_study/fixed_responses/runs/RBF_I/hellinger/RBF_I__s115__instance__moderate/confirmed_screened,,,,,
RBF_I,instance,moderate,115.0,2781123431.0,,RBF_I__s115,RBF_I__s115__instance__moderate,1,58900,2.2266483340063132,56050,0.5894380017841213,0.5851438828416455,8551,8551,1.0,47499,0,0.0,,,confirmed,False,hellinger,complete,results/per_dataset_study/fixed_responses/runs/RBF_I/hellinger/RBF_I__s115__instance__moderate/confirmed_unscreened,60000.0,58900.0,2850.0,False,3000.0
RBF_I,instance,moderate,115.0,2781123431.0,,RBF_I__s115,RBF_I__s115__instance__moderate,4,57000,2.551498291984899,56050,0.5649420160570919,0.5586372515049098,8551,5972,0.6983978482048884,47499,14521,0.30571169919366725,,,immediate,True,hellinger,complete,results/per_dataset_study/fixed_responses/runs/RBF_I/hellinger/RBF_I__s115__instance__moderate/immediate_screened,60000.0,39900.0,3800.0,False,3000.0
RBF_I,instance,moderate,115.0,2781123431.0,,RBF_I__s115,RBF_I__s115__instance__moderate,5,57000,2.2449997499934398,56050,0.5751293487957181,0.5701518409848381,8551,8551,1.0,47499,0,0.0,,,immediate,False,hellinger,complete,results/per_dataset_study/fixed_responses/runs/RBF_I/hellinger/RBF_I__s115__instance__moderate/immediate_unscreened,60000.0,57000.0,4750.0,False,3000.0
RBF_I,instance,severe,115.0,2375605529.0,,RBF_I__s115,RBF_I__s115__instance__severe,3,62700,2.789318999988609,56050,0.5578055307760927,0.5520572349739097,14252,10189,0.7149172046028628,41798,12087,0.2891765156227571,,,confirmed,True,hellinger,complete,results/per_dataset_study/fixed_responses/runs/RBF_I/hellinger/RBF_I__s115__instance__severe/confirmed_screened,,,,,
RBF_I,instance,severe,115.0,2375605529.0,,RBF_I__s115,RBF_I__s115__instance__severe,1,58900,2.2447150420048274,56050,0.5837466547725245,0.5807739579732378,14252,14252,1.0,41798,0,0.0,,,confirmed,False,hellinger,complete,results/per_dataset_study/fixed_responses/runs/RBF_I/hellinger/RBF_I__s115__instance__severe/confirmed_unscreened,60000.0,58900.0,2850.0,False,3000.0
RBF_I,instance,severe,115.0,2375605529.0,,RBF_I__s115,RBF_I__s115__instance__severe,5,57000,2.4611312079941854,56050,0.5521677074041035,0.5469293653770393,14252,9726,0.6824305360651136,41798,13524,0.32355615101201013,,,immediate,True,hellinger,complete,results/per_dataset_study/fixed_responses/runs/RBF_I/hellinger/RBF_I__s115__instance__severe/immediate_screened,60000.0,38950.0,4750.0,False,3000.0
RBF_I,instance,severe,115.0,2375605529.0,,RBF_I__s115,RBF_I__s115__instance__severe,5,57000,2.2082234999979846,56050,0.5656735057983943,0.561239697406024,14252,14252,1.0,41798,0,0.0,,,immediate,False,hellinger,complete,results/per_dataset_study/fixed_responses/runs/RBF_I/hellinger/RBF_I__s115__instance__severe/immediate_unscreened,60000.0,57000.0,4750.0,False,3000.0
RBF_I,splice,moderate,115.0,1439472368.0,,RBF_I__s115,RBF_I__s115__splice__moderate,1,60800,2.870485166000435,47514,0.5607399924232858,0.5566652674053144,8536,4132,0.48406747891283974,47514,20296,0.4271583112345835,,,confirmed,True,hellinger,complete,results/per_dataset_study/fixed_responses/runs/RBF_I/hellinger/RBF_I__s115__splice__moderate/confirmed_screened,,,,,
RBF_I,splice,moderate,115.0,1439472368.0,,RBF_I__s115,RBF_I__s115__splice__moderate,2,60800,2.2568671250191983,47514,0.562949867407501,0.5568453027135742,8536,8536,1.0,47514,0,0.0,,,confirmed,False,hellinger,complete,results/per_dataset_study/fixed_responses/runs/RBF_I/hellinger/RBF_I__s115__splice__moderate/confirmed_unscreened,60000.0,60800.0,5700.0,False,3000.0
RBF_I,splice,moderate,115.0,1439472368.0,,RBF_I__s115,RBF_I__s115__splice__moderate,2,57000,2.52937533397926,47514,0.5476701603737846,0.5422708313891372,8536,4499,0.5270618556701031,47514,18763,0.3948941364650419,,,immediate,True,hellinger,complete,results/per_dataset_study/fixed_responses/runs/RBF_I/hellinger/RBF_I__s115__splice__moderate/immediate_screened,60000.0,34200.0,1900.0,False,3000.0
RBF_I,splice,moderate,115.0,1439472368.0,,RBF_I__s115,RBF_I__s115__splice__moderate,3,57000,2.1948123750044033,47514,0.5531211853348487,0.5471741734418818,8536,8536,1.0,47514,0,0.0,,,immediate,False,hellinger,complete,results/per_dataset_study/fixed_responses/runs/RBF_I/hellinger/RBF_I__s115__splice__moderate/immediate_unscreened,60000.0,57000.0,2850.0,False,3000.0
RBF_I,splice,severe,115.0,1488950345.0,,RBF_I__s115,RBF_I__s115__splice__severe,1,62700,2.9548316250002244,41807,0.5225919104456191,0.5141042147573638,14243,7600,0.5335954503966861,41807,7607,0.18195517497069869,,,confirmed,True,hellinger,complete,results/per_dataset_study/fixed_responses/runs/RBF_I/hellinger/RBF_I__s115__splice__severe/confirmed_screened,,,,,
RBF_I,splice,severe,115.0,1488950345.0,,RBF_I__s115,RBF_I__s115__splice__severe,1,58900,2.3231582079897635,41807,0.5476355634223934,0.5416925887083845,14243,14243,1.0,41807,0,0.0,,,confirmed,False,hellinger,complete,results/per_dataset_study/fixed_responses/runs/RBF_I/hellinger/RBF_I__s115__splice__severe/confirmed_unscreened,60000.0,58900.0,2850.0,False,3000.0
RBF_I,splice,severe,115.0,1488950345.0,,RBF_I__s115,RBF_I__s115__splice__severe,1,57000,2.6131825420015957,41807,0.5595474442079078,0.5541434052740827,14243,6303,0.4425331741908306,41807,17710,0.42361327050493935,,,immediate,True,hellinger,complete,results/per_dataset_study/fixed_responses/runs/RBF_I/hellinger/RBF_I__s115__splice__severe/immediate_screened,60000.0,31350.0,950.0,False,3000.0
RBF_I,splice,severe,115.0,1488950345.0,,RBF_I__s115,RBF_I__s115__splice__severe,5,57000,2.2347015410196036,41807,0.5160858229483101,0.5055295097752762,14243,14243,1.0,41807,0,0.0,,,immediate,False,hellinger,complete,results/per_dataset_study/fixed_responses/runs/RBF_I/hellinger/RBF_I__s115__splice__severe/immediate_unscreened,60000.0,57000.0,4750.0,False,3000.0
RBF_I,clean,none,116.0,,,RBF_I__s116,RBF_I__s116__clean__none,3,64600,2.8389712079952005,56050,0.5331846565566458,0.5251104533802231,0,0,,56050,16150,0.288135593220339,,,confirmed,True,hellinger,complete,results/per_dataset_study/fixed_responses/runs/RBF_I/hellinger/RBF_I__s116__clean__none/confirmed_screened,,,,,
RBF_I,clean,none,116.0,,,RBF_I__s116,RBF_I__s116__clean__none,2,60800,2.293370708008297,56050,0.5604817127564674,0.5554766954999246,0,0,,56050,0,0.0,,,confirmed,False,hellinger,complete,results/per_dataset_study/fixed_responses/runs/RBF_I/hellinger/RBF_I__s116__clean__none/confirmed_unscreened,60000.0,60800.0,5700.0,False,3000.0
RBF_I,clean,none,116.0,,,RBF_I__s116,RBF_I__s116__clean__none,6,57000,2.458811666991096,56050,0.5470829616413916,0.5406053777597322,0,0,,56050,14250,0.2542372881355932,,,immediate,True,hellinger,complete,results/per_dataset_study/fixed_responses/runs/RBF_I/hellinger/RBF_I__s116__clean__none/immediate_screened,60000.0,42750.0,5700.0,False,3000.0
RBF_I,clean,none,116.0,,,RBF_I__s116,RBF_I__s116__clean__none,5,57000,2.158378249994712,56050,0.5614451382694023,0.5561651069987567,0,0,,56050,0,0.0,,,immediate,False,hellinger,complete,results/per_dataset_study/fixed_responses/runs/RBF_I/hellinger/RBF_I__s116__clean__none/immediate_unscreened,60000.0,57000.0,4750.0,False,3000.0
RBF_I,concept,moderate,116.0,3612327157.0,,RBF_I__s116,RBF_I__s116__concept__moderate,1,60800,2.91307075000077,47500,0.5518105263157895,0.5491275279912602,8550,5483,0.6412865497076023,47500,7383,0.15543157894736842,,,confirmed,True,hellinger,complete,results/per_dataset_study/fixed_responses/runs/RBF_I/hellinger/RBF_I__s116__concept__moderate/confirmed_screened,,,,,
RBF_I,concept,moderate,116.0,3612327157.0,,RBF_I__s116,RBF_I__s116__concept__moderate,3,62700,2.3689409590151627,47500,0.5494947368421053,0.5456113057973505,8550,8550,1.0,47500,0,0.0,,,confirmed,False,hellinger,complete,results/per_dataset_study/fixed_responses/runs/RBF_I/hellinger/RBF_I__s116__concept__moderate/confirmed_unscreened,60000.0,62700.0,8550.0,False,3000.0
RBF_I,concept,moderate,116.0,3612327157.0,,RBF_I__s116,RBF_I__s116__concept__moderate,2,57000,2.532695915986551,47500,0.5408421052631579,0.5364374890403583,8550,4467,0.5224561403508772,47500,13967,0.2940421052631579,,,immediate,True,hellinger,complete,results/per_dataset_study/fixed_responses/runs/RBF_I/hellinger/RBF_I__s116__concept__moderate/immediate_screened,60000.0,38950.0,1900.0,False,3000.0
RBF_I,concept,moderate,116.0,3612327157.0,,RBF_I__s116,RBF_I__s116__concept__moderate,5,57000,2.169244707998587,47500,0.5290315789473684,0.5244233326107619,8550,8550,1.0,47500,0,0.0,,,immediate,False,hellinger,complete,results/per_dataset_study/fixed_responses/runs/RBF_I/hellinger/RBF_I__s116__concept__moderate/immediate_unscreened,60000.0,57000.0,4750.0,False,3000.0
RBF_I,concept,severe,116.0,87307388.0,,RBF_I__s116,RBF_I__s116__concept__severe,3,64600,2.87360212499334,41806,0.5280103334449601,0.5228615903837728,14244,11483,0.80616399887672,41806,11489,0.27481701191216573,,,confirmed,True,hellinger,complete,results/per_dataset_study/fixed_responses/runs/RBF_I/hellinger/RBF_I__s116__concept__severe/confirmed_screened,,,,,
RBF_I,concept,severe,116.0,87307388.0,,RBF_I__s116,RBF_I__s116__concept__severe,4,64600,2.3512681660067756,41806,0.515524087451562,0.5121922040571243,14244,14244,1.0,41806,0,0.0,,,confirmed,False,hellinger,complete,results/per_dataset_study/fixed_responses/runs/RBF_I/hellinger/RBF_I__s116__concept__severe/confirmed_unscreened,60000.0,64600.0,11400.0,False,3000.0
RBF_I,concept,severe,116.0,87307388.0,,RBF_I__s116,RBF_I__s116__concept__severe,3,57000,2.5245924170012586,41806,0.5047840022963211,0.4993881388024063,14244,10464,0.7346251053074979,41806,12370,0.2958905420274602,,,immediate,True,hellinger,complete,results/per_dataset_study/fixed_responses/runs/RBF_I/hellinger/RBF_I__s116__concept__severe/immediate_screened,60000.0,40850.0,2850.0,False,3000.0
RBF_I,concept,severe,116.0,87307388.0,,RBF_I__s116,RBF_I__s116__concept__severe,5,57000,2.2049827500013635,41806,0.5068889633067024,0.5032430927281156,14244,14244,1.0,41806,0,0.0,,,immediate,False,hellinger,complete,results/per_dataset_study/fixed_responses/runs/RBF_I/hellinger/RBF_I__s116__concept__severe/immediate_unscreened,60000.0,57000.0,4750.0,False,3000.0
RBF_I,instance,moderate,116.0,2934809029.0,,RBF_I__s116,RBF_I__s116__instance__moderate,3,64600,2.788278249994619,56050,0.5168956289027654,0.5044496525584665,8561,6678,0.7800490596892886,47489,10467,0.22040893680641832,,,confirmed,True,hellinger,complete,results/per_dataset_study/fixed_responses/runs/RBF_I/hellinger/RBF_I__s116__instance__moderate/confirmed_screened,,,,,
RBF_I,instance,moderate,116.0,2934809029.0,,RBF_I__s116,RBF_I__s116__instance__moderate,1,58900,2.2783151250041556,56050,0.5620874219446922,0.5520400580347194,8561,8561,1.0,47489,0,0.0,,,confirmed,False,hellinger,complete,results/per_dataset_study/fixed_responses/runs/RBF_I/hellinger/RBF_I__s116__instance__moderate/confirmed_unscreened,60000.0,58900.0,2850.0,False,3000.0
RBF_I,instance,moderate,116.0,2934809029.0,,RBF_I__s116,RBF_I__s116__instance__moderate,2,57000,2.6311314170015976,56050,0.5387154326494201,0.529799489066701,8561,6097,0.7121831561733443,47489,13686,0.28819305523384364,,,immediate,True,hellinger,complete,results/per_dataset_study/fixed_responses/runs/RBF_I/hellinger/RBF_I__s116__instance__moderate/immediate_screened,60000.0,40850.0,1900.0,False,3000.0
RBF_I,instance,moderate,116.0,2934809029.0,,RBF_I__s116,RBF_I__s116__instance__moderate,5,57000,2.198692125006346,56050,0.5345941123996432,0.5261406178755696,8561,8561,1.0,47489,0,0.0,,,immediate,False,hellinger,complete,results/per_dataset_study/fixed_responses/runs/RBF_I/hellinger/RBF_I__s116__instance__moderate/immediate_unscreened,60000.0,57000.0,4750.0,False,3000.0
RBF_I,instance,severe,116.0,1132950715.0,,RBF_I__s116,RBF_I__s116__instance__severe,1,60800,2.8223953749984503,56050,0.5142729705619982,0.505598505177965,14248,9545,0.6699185850645705,41802,13347,0.3192909430170805,,,confirmed,True,hellinger,complete,results/per_dataset_study/fixed_responses/runs/RBF_I/hellinger/RBF_I__s116__instance__severe/confirmed_screened,,,,,
RBF_I,instance,severe,116.0,1132950715.0,,RBF_I__s116,RBF_I__s116__instance__severe,1,58900,2.2739451249944977,56050,0.5165923282783229,0.5020858342161395,14248,14248,1.0,41802,0,0.0,,,confirmed,False,hellinger,complete,results/per_dataset_study/fixed_responses/runs/RBF_I/hellinger/RBF_I__s116__instance__severe/confirmed_unscreened,60000.0,58900.0,2850.0,False,3000.0
RBF_I,instance,severe,116.0,1132950715.0,,RBF_I__s116,RBF_I__s116__instance__severe,3,57000,2.4882234999968205,56050,0.4683675289919714,0.445140646225786,14248,7379,0.5178972487366648,41802,19731,0.472010908568968,,,immediate,True,hellinger,complete,results/per_dataset_study/fixed_responses/runs/RBF_I/hellinger/RBF_I__s116__instance__severe/immediate_screened,60000.0,30400.0,2850.0,False,3000.0
RBF_I,instance,severe,116.0,1132950715.0,,RBF_I__s116,RBF_I__s116__instance__severe,5,57000,2.1282437079935335,56050,0.47065120428189117,0.4537665280702817,14248,14248,1.0,41802,0,0.0,,,immediate,False,hellinger,complete,results/per_dataset_study/fixed_responses/runs/RBF_I/hellinger/RBF_I__s116__instance__severe/immediate_unscreened,60000.0,57000.0,4750.0,False,3000.0
RBF_I,splice,moderate,116.0,2889189400.0,,RBF_I__s116,RBF_I__s116__splice__moderate,0,57000,2.928282915992895,47517,0.5326304270050719,0.5272985604257976,8533,5770,0.6761982889956639,47517,9587,0.20175937033061853,,,confirmed,True,hellinger,complete,results/per_dataset_study/fixed_responses/runs/RBF_I/hellinger/RBF_I__s116__splice__moderate/confirmed_screened,,,,,
RBF_I,splice,moderate,116.0,2889189400.0,,RBF_I__s116,RBF_I__s116__splice__moderate,2,60800,2.287888708000537,47517,0.5384809647073678,0.5302950700444298,8533,8533,1.0,47517,0,0.0,,,confirmed,False,hellinger,complete,results/per_dataset_study/fixed_responses/runs/RBF_I/hellinger/RBF_I__s116__splice__moderate/confirmed_unscreened,60000.0,60800.0,5700.0,False,3000.0
RBF_I,splice,moderate,116.0,2889189400.0,,RBF_I__s116,RBF_I__s116__splice__moderate,2,57000,2.4918972919986118,47517,0.5301681503461919,0.5234356583158543,8533,3948,0.46267432321575064,47517,18215,0.38333649009828064,,,immediate,True,hellinger,complete,results/per_dataset_study/fixed_responses/runs/RBF_I/hellinger/RBF_I__s116__splice__moderate/immediate_screened,60000.0,34200.0,1900.0,False,3000.0
RBF_I,splice,moderate,116.0,2889189400.0,,RBF_I__s116,RBF_I__s116__splice__moderate,4,57000,2.171212499990361,47517,0.5323147505103437,0.5257544531481357,8533,8533,1.0,47517,0,0.0,,,immediate,False,hellinger,complete,results/per_dataset_study/fixed_responses/runs/RBF_I/hellinger/RBF_I__s116__splice__moderate/immediate_unscreened,60000.0,57000.0,3800.0,False,3000.0
RBF_I,splice,severe,116.0,51810913.0,,RBF_I__s116,RBF_I__s116__splice__severe,1,64600,2.944883457996184,41774,0.5434002010820127,0.5393390526447238,14276,6436,0.4508265620622023,41774,11160,0.2671518169196151,,,confirmed,True,hellinger,complete,results/per_dataset_study/fixed_responses/runs/RBF_I/hellinger/RBF_I__s116__splice__severe/confirmed_screened,,,,,
RBF_I,splice,severe,116.0,51810913.0,,RBF_I__s116,RBF_I__s116__splice__severe,3,62700,2.3063349169970024,41774,0.5320534303633839,0.5274314991062135,14276,14276,1.0,41774,0,0.0,,,confirmed,False,hellinger,complete,results/per_dataset_study/fixed_responses/runs/RBF_I/hellinger/RBF_I__s116__splice__severe/confirmed_unscreened,60000.0,62700.0,8550.0,False,3000.0
RBF_I,splice,severe,116.0,51810913.0,,RBF_I__s116,RBF_I__s116__splice__severe,4,57000,2.4749345000018366,41774,0.5013166084167185,0.49540628399761744,14276,5200,0.36424768842813116,41774,12774,0.30578828936659164,,,immediate,True,hellinger,complete,results/per_dataset_study/fixed_responses/runs/RBF_I/hellinger/RBF_I__s116__splice__severe/immediate_screened,60000.0,35150.0,3800.0,False,3000.0
RBF_I,splice,severe,116.0,51810913.0,,RBF_I__s116,RBF_I__s116__splice__severe,5,57000,2.1739589580101892,41774,0.5031598602001245,0.49890130993162485,14276,14276,1.0,41774,0,0.0,,,immediate,False,hellinger,complete,results/per_dataset_study/fixed_responses/runs/RBF_I/hellinger/RBF_I__s116__splice__severe/immediate_unscreened,60000.0,57000.0,4750.0,False,3000.0
RBF_I,clean,none,117.0,,,RBF_I__s117,RBF_I__s117__clean__none,1,62700,2.990369457998895,56050,0.567600356824264,0.5679888511397455,0,0,,56050,8550,0.15254237288135594,,,confirmed,True,hellinger,complete,results/per_dataset_study/fixed_responses/runs/RBF_I/hellinger/RBF_I__s117__clean__none/confirmed_screened,,,,,
RBF_I,clean,none,117.0,,,RBF_I__s117,RBF_I__s117__clean__none,2,60800,2.2726100419822615,56050,0.5714183764495986,0.5691517893377439,0,0,,56050,0,0.0,,,confirmed,False,hellinger,complete,results/per_dataset_study/fixed_responses/runs/RBF_I/hellinger/RBF_I__s117__clean__none/confirmed_unscreened,60000.0,60800.0,5700.0,False,3000.0
RBF_I,clean,none,117.0,,,RBF_I__s117,RBF_I__s117__clean__none,6,57000,2.4444457920035347,56050,0.5302765388046388,0.526761382611967,0,0,,56050,13300,0.23728813559322035,,,immediate,True,hellinger,complete,results/per_dataset_study/fixed_responses/runs/RBF_I/hellinger/RBF_I__s117__clean__none/immediate_screened,60000.0,43700.0,5700.0,False,3000.0
RBF_I,clean,none,117.0,,,RBF_I__s117,RBF_I__s117__clean__none,7,57000,2.1919812499836553,56050,0.5335057983942908,0.5297221658325575,0,0,,56050,0,0.0,,,immediate,False,hellinger,complete,results/per_dataset_study/fixed_responses/runs/RBF_I/hellinger/RBF_I__s117__clean__none/immediate_unscreened,60000.0,57000.0,6650.0,False,3000.0
RBF_I,concept,moderate,117.0,1695553040.0,,RBF_I__s117,RBF_I__s117__concept__moderate,4,64600,2.8235725419945084,47497,0.508432111501779,0.5043818142406813,8553,5064,0.592072956857243,47497,11711,0.24656294081731478,,,confirmed,True,hellinger,complete,results/per_dataset_study/fixed_responses/runs/RBF_I/hellinger/RBF_I__s117__concept__moderate/confirmed_screened,,,,,
RBF_I,concept,moderate,117.0,1695553040.0,,RBF_I__s117,RBF_I__s117__concept__moderate,2,60800,2.280267082998762,47497,0.5574246794534392,0.5556453646608984,8553,8553,1.0,47497,0,0.0,,,confirmed,False,hellinger,complete,results/per_dataset_study/fixed_responses/runs/RBF_I/hellinger/RBF_I__s117__concept__moderate/confirmed_unscreened,60000.0,60800.0,5700.0,False,3000.0
RBF_I,concept,moderate,117.0,1695553040.0,,RBF_I__s117,RBF_I__s117__concept__moderate,4,57000,2.455635834019631,47497,0.5117586373876245,0.5085978287231555,8553,4972,0.581316497135508,47497,10669,0.22462471313977725,,,immediate,True,hellinger,complete,results/per_dataset_study/fixed_responses/runs/RBF_I/hellinger/RBF_I__s117__concept__moderate/immediate_screened,60000.0,42750.0,3800.0,False,3000.0
RBF_I,concept,moderate,117.0,1695553040.0,,RBF_I__s117,RBF_I__s117__concept__moderate,8,57000,2.144617542013293,47497,0.5173800450554772,0.511208572707802,8553,8553,1.0,47497,0,0.0,,,immediate,False,hellinger,complete,results/per_dataset_study/fixed_responses/runs/RBF_I/hellinger/RBF_I__s117__concept__moderate/immediate_unscreened,60000.0,57000.0,7600.0,False,3000.0
RBF_I,concept,severe,117.0,4269849707.0,,RBF_I__s117,RBF_I__s117__concept__severe,1,62700,3.0371788339980412,41821,0.5472609454580235,0.5462234290741305,14229,8693,0.6109354135919601,41821,9664,0.23108007938595443,,,confirmed,True,hellinger,complete,results/per_dataset_study/fixed_responses/runs/RBF_I/hellinger/RBF_I__s117__concept__severe/confirmed_screened,,,,,
RBF_I,concept,severe,117.0,4269849707.0,,RBF_I__s117,RBF_I__s117__concept__severe,2,60800,2.3006920000188984,41821,0.5529040434231606,0.548904097850671,14229,14229,1.0,41821,0,0.0,,,confirmed,False,hellinger,complete,results/per_dataset_study/fixed_responses/runs/RBF_I/hellinger/RBF_I__s117__concept__severe/confirmed_unscreened,60000.0,60800.0,5700.0,False,3000.0
RBF_I,concept,severe,117.0,4269849707.0,,RBF_I__s117,RBF_I__s117__concept__severe,6,57000,2.455354667006759,41821,0.5255971880155903,0.519929953243922,14229,8284,0.5821912994588516,41821,10205,0.24401616412806962,,,immediate,True,hellinger,complete,results/per_dataset_study/fixed_responses/runs/RBF_I/hellinger/RBF_I__s117__concept__severe/immediate_screened,60000.0,40850.0,5700.0,False,3000.0
RBF_I,concept,severe,117.0,4269849707.0,,RBF_I__s117,RBF_I__s117__concept__severe,6,57000,2.153228165989276,41821,0.5233734248344133,0.5175683894198672,14229,14229,1.0,41821,0,0.0,,,immediate,False,hellinger,complete,results/per_dataset_study/fixed_responses/runs/RBF_I/hellinger/RBF_I__s117__concept__severe/immediate_unscreened,60000.0,57000.0,5700.0,False,3000.0
RBF_I,instance,moderate,117.0,670137400.0,,RBF_I__s117,RBF_I__s117__instance__moderate,2,62700,2.8458692920103204,56050,0.5349330954504906,0.5314577446872791,8540,6412,0.7508196721311475,47510,12122,0.25514628499263314,,,confirmed,True,hellinger,complete,results/per_dataset_study/fixed_responses/runs/RBF_I/hellinger/RBF_I__s117__instance__moderate/confirmed_screened,,,,,
RBF_I,instance,moderate,117.0,670137400.0,,RBF_I__s117,RBF_I__s117__instance__moderate,2,60800,2.2605064579984173,56050,0.5464228367528992,0.5445692559660208,8540,8540,1.0,47510,0,0.0,,,confirmed,False,hellinger,complete,results/per_dataset_study/fixed_responses/runs/RBF_I/hellinger/RBF_I__s117__instance__moderate/confirmed_unscreened,60000.0,60800.0,5700.0,False,3000.0
RBF_I,instance,moderate,117.0,670137400.0,,RBF_I__s117,RBF_I__s117__instance__moderate,6,57000,2.4352475829946343,56050,0.512185548617306,0.5113128949288479,8540,6389,0.7481264637002342,47510,12099,0.2546621763839192,,,immediate,True,hellinger,complete,results/per_dataset_study/fixed_responses/runs/RBF_I/hellinger/RBF_I__s117__instance__moderate/immediate_screened,60000.0,42750.0,5700.0,False,3000.0
RBF_I,instance,moderate,117.0,670137400.0,,RBF_I__s117,RBF_I__s117__instance__moderate,7,57000,2.1575083330099005,56050,0.5234968777876896,0.5218085754519475,8540,8540,1.0,47510,0,0.0,,,immediate,False,hellinger,complete,results/per_dataset_study/fixed_responses/runs/RBF_I/hellinger/RBF_I__s117__instance__moderate/immediate_unscreened,60000.0,57000.0,6650.0,False,3000.0
RBF_I,instance,severe,117.0,2977372565.0,,RBF_I__s117,RBF_I__s117__instance__severe,3,62700,2.7448029160004808,56050,0.500321141837645,0.49627736813944784,14283,9438,0.6607855492543583,41767,14155,0.3389039193621759,,,confirmed,True,hellinger,complete,results/per_dataset_study/fixed_responses/runs/RBF_I/hellinger/RBF_I__s117__instance__severe/confirmed_screened,,,,,
RBF_I,instance,severe,117.0,2977372565.0,,RBF_I__s117,RBF_I__s117__instance__severe,2,60800,2.240788541006623,56050,0.5226940231935772,0.5206232599729685,14283,14283,1.0,41767,0,0.0,,,confirmed,False,hellinger,complete,results/per_dataset_study/fixed_responses/runs/RBF_I/hellinger/RBF_I__s117__instance__severe/confirmed_unscreened,60000.0,60800.0,5700.0,False,3000.0
RBF_I,instance,severe,117.0,2977372565.0,,RBF_I__s117,RBF_I__s117__instance__severe,3,57000,2.4460654169961344,56050,0.48458519179304194,0.4788653735464659,14283,8429,0.5901421270041308,41767,16946,0.4057270093614576,,,immediate,True,hellinger,complete,results/per_dataset_study/fixed_responses/runs/RBF_I/hellinger/RBF_I__s117__instance__severe/immediate_screened,60000.0,34200.0,2850.0,False,3000.0
RBF_I,instance,severe,117.0,2977372565.0,,RBF_I__s117,RBF_I__s117__instance__severe,7,57000,2.1681829580047633,56050,0.4928099910793934,0.4915656729037525,14283,14283,1.0,41767,0,0.0,,,immediate,False,hellinger,complete,results/per_dataset_study/fixed_responses/runs/RBF_I/hellinger/RBF_I__s117__instance__severe/immediate_unscreened,60000.0,57000.0,6650.0,False,3000.0
RBF_I,splice,moderate,117.0,559821452.0,,RBF_I__s117,RBF_I__s117__splice__moderate,1,60800,2.9238652089989046,47507,0.5515608226156146,0.5513656648842664,8543,5676,0.6644036052908814,47507,11383,0.23960679478813648,,,confirmed,True,hellinger,complete,results/per_dataset_study/fixed_responses/runs/RBF_I/hellinger/RBF_I__s117__splice__moderate/confirmed_screened,,,,,
RBF_I,splice,moderate,117.0,559821452.0,,RBF_I__s117,RBF_I__s117__splice__moderate,2,60800,2.267106832994614,47507,0.5757888311196244,0.5739043934941364,8543,8543,1.0,47507,0,0.0,,,confirmed,False,hellinger,complete,results/per_dataset_study/fixed_responses/runs/RBF_I/hellinger/RBF_I__s117__splice__moderate/confirmed_unscreened,60000.0,60800.0,5700.0,False,3000.0
RBF_I,splice,moderate,117.0,559821452.0,,RBF_I__s117,RBF_I__s117__splice__moderate,6,57000,2.5648059170052875,47507,0.5234807502052329,0.5178822911765297,8543,6558,0.7676460259861875,47507,7515,0.15818721451575557,,,immediate,True,hellinger,complete,results/per_dataset_study/fixed_responses/runs/RBF_I/hellinger/RBF_I__s117__splice__moderate/immediate_screened,60000.0,47500.0,5700.0,False,3000.0
RBF_I,splice,moderate,117.0,559821452.0,,RBF_I__s117,RBF_I__s117__splice__moderate,6,57000,2.2697407089872286,47507,0.5274801608184058,0.5227717650145587,8543,8543,1.0,47507,0,0.0,,,immediate,False,hellinger,complete,results/per_dataset_study/fixed_responses/runs/RBF_I/hellinger/RBF_I__s117__splice__moderate/immediate_unscreened,60000.0,57000.0,5700.0,False,3000.0
RBF_I,splice,severe,117.0,3664738830.0,,RBF_I__s117,RBF_I__s117__splice__severe,0,60800,2.9444745420041727,41836,0.5370016253943972,0.5350049350283717,14214,8726,0.6139017869705924,41836,12562,0.3002677120183574,,,confirmed,True,hellinger,complete,results/per_dataset_study/fixed_responses/runs/RBF_I/hellinger/RBF_I__s117__splice__severe/confirmed_screened,,,,,
RBF_I,splice,severe,117.0,3664738830.0,,RBF_I__s117,RBF_I__s117__splice__severe,2,60800,2.274880792014301,41836,0.5416865857156516,0.5388736017472168,14214,14214,1.0,41836,0,0.0,,,confirmed,False,hellinger,complete,results/per_dataset_study/fixed_responses/runs/RBF_I/hellinger/RBF_I__s117__splice__severe/confirmed_unscreened,60000.0,60800.0,5700.0,False,3000.0
RBF_I,splice,severe,117.0,3664738830.0,,RBF_I__s117,RBF_I__s117__splice__severe,2,57000,2.550363791990094,41836,0.5062625490008605,0.49917601041310916,14214,5606,0.3943998874349233,41836,12292,0.2938139401472416,,,immediate,True,hellinger,complete,results/per_dataset_study/fixed_responses/runs/RBF_I/hellinger/RBF_I__s117__splice__severe/immediate_screened,60000.0,36100.0,1900.0,False,3000.0
RBF_I,splice,severe,117.0,3664738830.0,,RBF_I__s117,RBF_I__s117__splice__severe,6,57000,2.1951172090193722,41836,0.5210106128692992,0.5154817936759873,14214,14214,1.0,41836,0,0.0,,,immediate,False,hellinger,complete,results/per_dataset_study/fixed_responses/runs/RBF_I/hellinger/RBF_I__s117__splice__severe/immediate_unscreened,60000.0,57000.0,5700.0,False,3000.0
RBF_I,clean,none,118.0,,,RBF_I__s118,RBF_I__s118__clean__none,1,60800,2.7142074999865144,56050,0.5986440677966102,0.5887504246928038,0,0,,56050,10450,0.1864406779661017,,,confirmed,True,hellinger,complete,results/per_dataset_study/fixed_responses/runs/RBF_I/hellinger/RBF_I__s118__clean__none/confirmed_screened,,,,,
RBF_I,clean,none,118.0,,,RBF_I__s118,RBF_I__s118__clean__none,2,60800,2.286203416006174,56050,0.5852631578947368,0.5742757317913649,0,0,,56050,0,0.0,,,confirmed,False,hellinger,complete,results/per_dataset_study/fixed_responses/runs/RBF_I/hellinger/RBF_I__s118__clean__none/confirmed_unscreened,60000.0,60800.0,5700.0,True,3000.0
RBF_I,clean,none,118.0,,,RBF_I__s118,RBF_I__s118__clean__none,3,57000,2.5193200839858036,56050,0.587992863514719,0.5785607566627311,0,0,,56050,18050,0.3220338983050847,,,immediate,True,hellinger,complete,results/per_dataset_study/fixed_responses/runs/RBF_I/hellinger/RBF_I__s118__clean__none/immediate_screened,60000.0,38950.0,2850.0,False,3000.0
RBF_I,clean,none,118.0,,,RBF_I__s118,RBF_I__s118__clean__none,7,57000,2.167623499990441,56050,0.5751471900089206,0.5671262116895551,0,0,,56050,0,0.0,,,immediate,False,hellinger,complete,results/per_dataset_study/fixed_responses/runs/RBF_I/hellinger/RBF_I__s118__clean__none/immediate_unscreened,60000.0,57000.0,6650.0,False,3000.0
RBF_I,concept,moderate,118.0,3840731115.0,,RBF_I__s118,RBF_I__s118__concept__moderate,1,58900,2.605332791019464,47513,0.5618251846862964,0.5509983858205343,8537,4878,0.5713951036663933,47513,13441,0.28289099825310965,,,confirmed,True,hellinger,complete,results/per_dataset_study/fixed_responses/runs/RBF_I/hellinger/RBF_I__s118__concept__moderate/confirmed_screened,,,,,
RBF_I,concept,moderate,118.0,3840731115.0,,RBF_I__s118,RBF_I__s118__concept__moderate,1,58900,2.2141646670061164,47513,0.5941742260013049,0.5840415179046028,8537,8537,1.0,47513,0,0.0,,,confirmed,False,hellinger,complete,results/per_dataset_study/fixed_responses/runs/RBF_I/hellinger/RBF_I__s118__concept__moderate/confirmed_unscreened,60000.0,58900.0,2850.0,False,3000.0
RBF_I,concept,moderate,118.0,3840731115.0,,RBF_I__s118,RBF_I__s118__concept__moderate,4,57000,2.455240417009918,47513,0.5390735167217393,0.52907498803366,8537,5116,0.5992737495607356,47513,18429,0.38787279270936376,,,immediate,True,hellinger,complete,results/per_dataset_study/fixed_responses/runs/RBF_I/hellinger/RBF_I__s118__concept__moderate/immediate_screened,60000.0,35150.0,3800.0,False,3000.0
RBF_I,concept,moderate,118.0,3840731115.0,,RBF_I__s118,RBF_I__s118__concept__moderate,6,57000,2.158391125005437,47513,0.539873297834277,0.528541273878911,8537,8537,1.0,47513,0,0.0,,,immediate,False,hellinger,complete,results/per_dataset_study/fixed_responses/runs/RBF_I/hellinger/RBF_I__s118__concept__moderate/immediate_unscreened,60000.0,57000.0,5700.0,False,3000.0
RBF_I,concept,severe,118.0,3811301496.0,,RBF_I__s118,RBF_I__s118__concept__severe,2,60800,2.5711636250198353,41769,0.5261557614498791,0.5133082648269586,14281,8219,0.5755199215741195,41769,11988,0.2870071105365223,,,confirmed,True,hellinger,complete,results/per_dataset_study/fixed_responses/runs/RBF_I/hellinger/RBF_I__s118__concept__severe/confirmed_screened,,,,,
RBF_I,concept,severe,118.0,3811301496.0,,RBF_I__s118,RBF_I__s118__concept__severe,1,58900,2.2384694579814095,41769,0.5457875457875457,0.5338745819554562,14281,14281,1.0,41769,0,0.0,,,confirmed,False,hellinger,complete,results/per_dataset_study/fixed_responses/runs/RBF_I/hellinger/RBF_I__s118__concept__severe/confirmed_unscreened,60000.0,58900.0,2850.0,False,3000.0
RBF_I,concept,severe,118.0,3811301496.0,,RBF_I__s118,RBF_I__s118__concept__severe,3,57000,2.4599716659868136,41769,0.5001556178026766,0.48455484830037,14281,5918,0.4143967509278062,41769,15387,0.36838325073619194,,,immediate,True,hellinger,complete,results/per_dataset_study/fixed_responses/runs/RBF_I/hellinger/RBF_I__s118__concept__severe/immediate_screened,60000.0,33250.0,2850.0,False,3000.0
RBF_I,concept,severe,118.0,3811301496.0,,RBF_I__s118,RBF_I__s118__concept__severe,7,57000,2.1822852920158766,41769,0.5073858603270368,0.4945839767370348,14281,14281,1.0,41769,0,0.0,,,immediate,False,hellinger,complete,results/per_dataset_study/fixed_responses/runs/RBF_I/hellinger/RBF_I__s118__concept__severe/immediate_unscreened,60000.0,57000.0,6650.0,False,3000.0
RBF_I,instance,moderate,118.0,2809264908.0,,RBF_I__s118,RBF_I__s118__instance__moderate,0,58900,2.8028937919880264,56050,0.5525780553077609,0.5375659494254649,8542,6611,0.7739405291500819,47508,10419,0.21931043192725436,,,confirmed,True,hellinger,complete,results/per_dataset_study/fixed_responses/runs/RBF_I/hellinger/RBF_I__s118__instance__moderate/confirmed_screened,,,,,
RBF_I,instance,moderate,118.0,2809264908.0,,RBF_I__s118,RBF_I__s118__instance__moderate,2,60800,2.285994625010062,56050,0.5591436217662801,0.5471010295378137,8542,8542,1.0,47508,0,0.0,,,confirmed,False,hellinger,complete,results/per_dataset_study/fixed_responses/runs/RBF_I/hellinger/RBF_I__s118__instance__moderate/confirmed_unscreened,60000.0,60800.0,5700.0,True,3000.0
RBF_I,instance,moderate,118.0,2809264908.0,,RBF_I__s118,RBF_I__s118__instance__moderate,4,57000,2.5157905420055613,56050,0.560035682426405,0.5504724067843956,8542,5923,0.6933973308358699,47508,14481,0.30481182116696137,,,immediate,True,hellinger,complete,results/per_dataset_study/fixed_responses/runs/RBF_I/hellinger/RBF_I__s118__instance__moderate/immediate_screened,60000.0,39900.0,3800.0,False,3000.0
RBF_I,instance,moderate,118.0,2809264908.0,,RBF_I__s118,RBF_I__s118__instance__moderate,7,57000,2.1742754589940887,56050,0.5542729705619982,0.5457624214955832,8542,8542,1.0,47508,0,0.0,,,immediate,False,hellinger,complete,results/per_dataset_study/fixed_responses/runs/RBF_I/hellinger/RBF_I__s118__instance__moderate/immediate_unscreened,60000.0,57000.0,6650.0,False,3000.0
RBF_I,instance,severe,118.0,217127006.0,,RBF_I__s118,RBF_I__s118__instance__severe,0,58900,2.785087750002276,56050,0.5514897413024086,0.5345543751763382,14259,11382,0.7982326951399117,41791,8523,0.20394343279653515,,,confirmed,True,hellinger,complete,results/per_dataset_study/fixed_responses/runs/RBF_I/hellinger/RBF_I__s118__instance__severe/confirmed_screened,,,,,
RBF_I,instance,severe,118.0,217127006.0,,RBF_I__s118,RBF_I__s118__instance__severe,1,58900,2.230457249999745,56050,0.5627118644067797,0.552921133220453,14259,14259,1.0,41791,0,0.0,,,confirmed,False,hellinger,complete,results/per_dataset_study/fixed_responses/runs/RBF_I/hellinger/RBF_I__s118__instance__severe/confirmed_unscreened,60000.0,58900.0,2850.0,False,3000.0
RBF_I,instance,severe,118.0,217127006.0,,RBF_I__s118,RBF_I__s118__instance__severe,2,57000,2.5294440419820603,56050,0.5470115967885816,0.5386489590283816,14259,10432,0.7316081071603899,41791,11373,0.27213993443564405,,,immediate,True,hellinger,complete,results/per_dataset_study/fixed_responses/runs/RBF_I/hellinger/RBF_I__s118__instance__severe/immediate_screened,60000.0,41800.0,1900.0,False,3000.0
RBF_I,instance,severe,118.0,217127006.0,,RBF_I__s118,RBF_I__s118__instance__severe,7,57000,2.150524791999487,56050,0.5350044603033006,0.5251028424590063,14259,14259,1.0,41791,0,0.0,,,immediate,False,hellinger,complete,results/per_dataset_study/fixed_responses/runs/RBF_I/hellinger/RBF_I__s118__instance__severe/immediate_unscreened,60000.0,57000.0,6650.0,False,3000.0
RBF_I,splice,moderate,118.0,2850602314.0,,RBF_I__s118,RBF_I__s118__splice__moderate,1,58900,2.667492749984376,47505,0.5514366908746448,0.5429018587718568,8545,5045,0.5904037448800468,47505,9800,0.2062940743079676,,,confirmed,True,hellinger,complete,results/per_dataset_study/fixed_responses/runs/RBF_I/hellinger/RBF_I__s118__splice__moderate/confirmed_screened,,,,,
RBF_I,splice,moderate,118.0,2850602314.0,,RBF_I__s118,RBF_I__s118__splice__moderate,3,62700,2.302936541993404,47505,0.556299336911904,0.5417529453554314,8545,8545,1.0,47505,0,0.0,,,confirmed,False,hellinger,complete,results/per_dataset_study/fixed_responses/runs/RBF_I/hellinger/RBF_I__s118__splice__moderate/confirmed_unscreened,60000.0,62700.0,8550.0,False,3000.0
RBF_I,splice,moderate,118.0,2850602314.0,,RBF_I__s118,RBF_I__s118__splice__moderate,1,57000,2.5988931249885354,47505,0.5563414377433954,0.5487552760938439,8545,4092,0.4788765359859567,47505,12647,0.2662246079360067,,,immediate,True,hellinger,complete,results/per_dataset_study/fixed_responses/runs/RBF_I/hellinger/RBF_I__s118__splice__moderate/immediate_screened,60000.0,39900.0,950.0,False,3000.0
RBF_I,splice,moderate,118.0,2850602314.0,,RBF_I__s118,RBF_I__s118__splice__moderate,3,57000,2.171886042022379,47505,0.5516892958635933,0.5374814834391599,8545,8545,1.0,47505,0,0.0,,,immediate,False,hellinger,complete,results/per_dataset_study/fixed_responses/runs/RBF_I/hellinger/RBF_I__s118__splice__moderate/immediate_unscreened,60000.0,57000.0,2850.0,False,3000.0
RBF_I,splice,severe,118.0,3587607091.0,,RBF_I__s118,RBF_I__s118__splice__severe,1,60800,2.637495917006163,41806,0.5560206668899201,0.5429839258322682,14244,9115,0.6399185622016288,41806,12921,0.3090704683538248,,,confirmed,True,hellinger,complete,results/per_dataset_study/fixed_responses/runs/RBF_I/hellinger/RBF_I__s118__splice__severe/confirmed_screened,,,,,
RBF_I,splice,severe,118.0,3587607091.0,,RBF_I__s118,RBF_I__s118__splice__severe,2,60800,2.270604707999155,41806,0.5435583409080036,0.529810104442398,14244,14244,1.0,41806,0,0.0,,,confirmed,False,hellinger,complete,results/per_dataset_study/fixed_responses/runs/RBF_I/hellinger/RBF_I__s118__splice__severe/confirmed_unscreened,60000.0,60800.0,5700.0,False,3000.0
RBF_I,splice,severe,118.0,3587607091.0,,RBF_I__s118,RBF_I__s118__splice__severe,2,57000,2.4931951249891426,41806,0.5296129742142276,0.5142778455363162,14244,6362,0.446644201067116,41806,14918,0.356838731282591,,,immediate,True,hellinger,complete,results/per_dataset_study/fixed_responses/runs/RBF_I/hellinger/RBF_I__s118__splice__severe/immediate_screened,60000.0,34200.0,1900.0,False,3000.0
RBF_I,splice,severe,118.0,3587607091.0,,RBF_I__s118,RBF_I__s118__splice__severe,6,57000,2.1668560830003116,41806,0.5179160885997225,0.5041271855479272,14244,14244,1.0,41806,0,0.0,,,immediate,False,hellinger,complete,results/per_dataset_study/fixed_responses/runs/RBF_I/hellinger/RBF_I__s118__splice__severe/immediate_unscreened,60000.0,57000.0,5700.0,False,3000.0
RBF_I,clean,none,119.0,,,RBF_I__s119,RBF_I__s119__clean__none,1,64600,2.7596593750058673,56050,0.535521855486173,0.5369506635656639,0,0,,56050,19950,0.3559322033898305,,,confirmed,True,hellinger,complete,results/per_dataset_study/fixed_responses/runs/RBF_I/hellinger/RBF_I__s119__clean__none/confirmed_screened,,,,,
RBF_I,clean,none,119.0,,,RBF_I__s119,RBF_I__s119__clean__none,2,60800,2.295749084005365,56050,0.55985727029438,0.5621936689020821,0,0,,56050,0,0.0,,,confirmed,False,hellinger,complete,results/per_dataset_study/fixed_responses/runs/RBF_I/hellinger/RBF_I__s119__clean__none/confirmed_unscreened,60000.0,60800.0,5700.0,False,3000.0
RBF_I,clean,none,119.0,,,RBF_I__s119,RBF_I__s119__clean__none,3,57000,2.5202800410042983,56050,0.5296520963425513,0.5304272463938594,0,0,,56050,13300,0.23728813559322035,,,immediate,True,hellinger,complete,results/per_dataset_study/fixed_responses/runs/RBF_I/hellinger/RBF_I__s119__clean__none/immediate_screened,60000.0,43700.0,2850.0,False,3000.0
RBF_I,clean,none,119.0,,,RBF_I__s119,RBF_I__s119__clean__none,6,57000,2.1591514160099905,56050,0.5385013380909902,0.5438232319802712,0,0,,56050,0,0.0,,,immediate,False,hellinger,complete,results/per_dataset_study/fixed_responses/runs/RBF_I/hellinger/RBF_I__s119__clean__none/immediate_unscreened,60000.0,57000.0,5700.0,False,3000.0
RBF_I,concept,moderate,119.0,1226255551.0,,RBF_I__s119,RBF_I__s119__concept__moderate,1,66500,2.839433333982015,47484,0.5554081374778873,0.560646800236601,8566,6207,0.724608918982022,47484,14741,0.31044141184398955,,,confirmed,True,hellinger,complete,results/per_dataset_study/fixed_responses/runs/RBF_I/hellinger/RBF_I__s119__concept__moderate/confirmed_screened,,,,,
RBF_I,concept,moderate,119.0,1226255551.0,,RBF_I__s119,RBF_I__s119__concept__moderate,2,60800,2.2655802920053247,47484,0.5494482351950131,0.5544348676214929,8566,8566,1.0,47484,0,0.0,,,confirmed,False,hellinger,complete,results/per_dataset_study/fixed_responses/runs/RBF_I/hellinger/RBF_I__s119__concept__moderate/confirmed_unscreened,60000.0,60800.0,5700.0,False,3000.0
RBF_I,concept,moderate,119.0,1226255551.0,,RBF_I__s119,RBF_I__s119__concept__moderate,2,57000,2.534688790998189,47484,0.5142363743576783,0.5143885686928791,8566,6465,0.7547279943964511,47484,14999,0.31587482099233427,,,immediate,True,hellinger,complete,results/per_dataset_study/fixed_responses/runs/RBF_I/hellinger/RBF_I__s119__concept__moderate/immediate_screened,60000.0,39900.0,1900.0,False,3000.0
RBF_I,concept,moderate,119.0,1226255551.0,,RBF_I__s119,RBF_I__s119__concept__moderate,6,57000,2.16320683300728,47484,0.5244924606183136,0.5285958305092361,8566,8566,1.0,47484,0,0.0,,,immediate,False,hellinger,complete,results/per_dataset_study/fixed_responses/runs/RBF_I/hellinger/RBF_I__s119__concept__moderate/immediate_unscreened,60000.0,57000.0,5700.0,False,3000.0
RBF_I,concept,severe,119.0,1687454488.0,,RBF_I__s119,RBF_I__s119__concept__severe,1,60800,2.6402892920013983,41798,0.5178477439111919,0.5212051395400826,14252,8339,0.5851108616334549,41798,12137,0.2903727451074214,,,confirmed,True,hellinger,complete,results/per_dataset_study/fixed_responses/runs/RBF_I/hellinger/RBF_I__s119__concept__severe/confirmed_screened,,,,,
RBF_I,concept,severe,119.0,1687454488.0,,RBF_I__s119,RBF_I__s119__concept__severe,3,62700,2.319303166004829,41798,0.5180391406287382,0.52177287516705,14252,14252,1.0,41798,0,0.0,,,confirmed,False,hellinger,complete,results/per_dataset_study/fixed_responses/runs/RBF_I/hellinger/RBF_I__s119__concept__severe/confirmed_unscreened,60000.0,62700.0,8550.0,False,3000.0
RBF_I,concept,severe,119.0,1687454488.0,,RBF_I__s119,RBF_I__s119__concept__severe,5,57000,2.4445004999870434,41798,0.48722426910378486,0.49139023213003846,14252,9630,0.6756946393488633,41798,13428,0.3212593904014546,,,immediate,True,hellinger,complete,results/per_dataset_study/fixed_responses/runs/RBF_I/hellinger/RBF_I__s119__concept__severe/immediate_screened,60000.0,38950.0,4750.0,False,3000.0
RBF_I,concept,severe,119.0,1687454488.0,,RBF_I__s119,RBF_I__s119__concept__severe,6,57000,2.170394666987704,41798,0.5188765012680032,0.5235133818058788,14252,14252,1.0,41798,0,0.0,,,immediate,False,hellinger,complete,results/per_dataset_study/fixed_responses/runs/RBF_I/hellinger/RBF_I__s119__concept__severe/immediate_unscreened,60000.0,57000.0,5700.0,False,3000.0
RBF_I,instance,moderate,119.0,1785768086.0,,RBF_I__s119,RBF_I__s119__instance__moderate,2,62700,2.6204232500167564,56050,0.519678858162355,0.5238707997139926,8572,6749,0.7873308446103593,47478,10527,0.22172374573486667,,,confirmed,True,hellinger,complete,results/per_dataset_study/fixed_responses/runs/RBF_I/hellinger/RBF_I__s119__instance__moderate/confirmed_screened,,,,,
RBF_I,instance,moderate,119.0,1785768086.0,,RBF_I__s119,RBF_I__s119__instance__moderate,1,58900,2.2308910000137985,56050,0.5711329170383586,0.5734180503672955,8572,8572,1.0,47478,0,0.0,,,confirmed,False,hellinger,complete,results/per_dataset_study/fixed_responses/runs/RBF_I/hellinger/RBF_I__s119__instance__moderate/confirmed_unscreened,60000.0,58900.0,2850.0,True,3000.0
RBF_I,instance,moderate,119.0,1785768086.0,,RBF_I__s119,RBF_I__s119__instance__moderate,3,57000,2.4980814589944202,56050,0.4921320249776985,0.49453129317111466,8572,6477,0.7555996266915539,47478,12155,0.2560133114284511,,,immediate,True,hellinger,complete,results/per_dataset_study/fixed_responses/runs/RBF_I/hellinger/RBF_I__s119__instance__moderate/immediate_screened,60000.0,42750.0,2850.0,False,3000.0
RBF_I,instance,moderate,119.0,1785768086.0,,RBF_I__s119,RBF_I__s119__instance__moderate,6,57000,2.149115999985952,56050,0.5184121320249777,0.5248679581562413,8572,8572,1.0,47478,0,0.0,,,immediate,False,hellinger,complete,results/per_dataset_study/fixed_responses/runs/RBF_I/hellinger/RBF_I__s119__instance__moderate/immediate_unscreened,60000.0,57000.0,5700.0,False,3000.0
RBF_I,instance,severe,119.0,80988754.0,,RBF_I__s119,RBF_I__s119__instance__severe,1,62700,2.751156042009825,56050,0.5356110615521855,0.5368482006133594,14216,9913,0.6973128868880135,41834,12797,0.3058995075775685,,,confirmed,True,hellinger,complete,results/per_dataset_study/fixed_responses/runs/RBF_I/hellinger/RBF_I__s119__instance__severe/confirmed_screened,,,,,
RBF_I,instance,severe,119.0,80988754.0,,RBF_I__s119,RBF_I__s119__instance__severe,1,58900,2.2224524579942226,56050,0.5506868867082961,0.5489129043517471,14216,14216,1.0,41834,0,0.0,,,confirmed,False,hellinger,complete,results/per_dataset_study/fixed_responses/runs/RBF_I/hellinger/RBF_I__s119__instance__severe/confirmed_unscreened,60000.0,58900.0,2850.0,True,3000.0
RBF_I,instance,severe,119.0,80988754.0,,RBF_I__s119,RBF_I__s119__instance__severe,3,57000,2.5147615410096478,56050,0.5176271186440679,0.5159772421858204,14216,10399,0.7314997186268992,41834,11383,0.272099249414352,,,immediate,True,hellinger,complete,results/per_dataset_study/fixed_responses/runs/RBF_I/hellinger/RBF_I__s119__instance__severe/immediate_screened,60000.0,41800.0,2850.0,False,3000.0
RBF_I,instance,severe,119.0,80988754.0,,RBF_I__s119,RBF_I__s119__instance__severe,6,57000,2.2151979169866536,56050,0.5135593220338983,0.5166679912815221,14216,14216,1.0,41834,0,0.0,,,immediate,False,hellinger,complete,results/per_dataset_study/fixed_responses/runs/RBF_I/hellinger/RBF_I__s119__instance__severe/immediate_unscreened,60000.0,57000.0,5700.0,False,3000.0
RBF_I,splice,moderate,119.0,1925764227.0,,RBF_I__s119,RBF_I__s119__splice__moderate,0,58900,2.6904780000040773,47513,0.5046408351398565,0.5090089829214067,8537,6548,0.7670141735972824,47513,12261,0.2580556900216783,,,confirmed,True,hellinger,complete,results/per_dataset_study/fixed_responses/runs/RBF_I/hellinger/RBF_I__s119__splice__moderate/confirmed_screened,,,,,
RBF_I,splice,moderate,119.0,1925764227.0,,RBF_I__s119,RBF_I__s119__splice__moderate,1,58900,2.2504317089915276,47513,0.569949277039968,0.5733385170364268,8537,8537,1.0,47513,0,0.0,,,confirmed,False,hellinger,complete,results/per_dataset_study/fixed_responses/runs/RBF_I/hellinger/RBF_I__s119__splice__moderate/confirmed_unscreened,60000.0,58900.0,2850.0,False,3000.0
RBF_I,splice,moderate,119.0,1925764227.0,,RBF_I__s119,RBF_I__s119__splice__moderate,4,57000,2.4337378749914933,47513,0.49838991433923346,0.5032091691050283,8537,6270,0.7344500409980087,47513,13883,0.2921937154042052,,,immediate,True,hellinger,complete,results/per_dataset_study/fixed_responses/runs/RBF_I/hellinger/RBF_I__s119__splice__moderate/immediate_screened,60000.0,40850.0,3800.0,False,3000.0
RBF_I,splice,moderate,119.0,1925764227.0,,RBF_I__s119,RBF_I__s119__splice__moderate,5,57000,2.160280624986626,47513,0.5060720223938712,0.5101772225052543,8537,8537,1.0,47513,0,0.0,,,immediate,False,hellinger,complete,results/per_dataset_study/fixed_responses/runs/RBF_I/hellinger/RBF_I__s119__splice__moderate/immediate_unscreened,60000.0,57000.0,4750.0,False,3000.0
RBF_I,splice,severe,119.0,3024123001.0,,RBF_I__s119,RBF_I__s119__splice__severe,2,60800,2.5760797080001794,41807,0.5191953500609946,0.5208631627751746,14243,10145,0.7122797163518921,41807,11102,0.26555361542325445,,,confirmed,True,hellinger,complete,results/per_dataset_study/fixed_responses/runs/RBF_I/hellinger/RBF_I__s119__splice__severe/confirmed_screened,,,,,
RBF_I,splice,severe,119.0,3024123001.0,,RBF_I__s119,RBF_I__s119__splice__severe,2,60800,2.2604607499961276,41807,0.5325663166455378,0.5363643841321746,14243,14243,1.0,41807,0,0.0,,,confirmed,False,hellinger,complete,results/per_dataset_study/fixed_responses/runs/RBF_I/hellinger/RBF_I__s119__splice__severe/confirmed_unscreened,60000.0,60800.0,5700.0,False,3000.0
RBF_I,splice,severe,119.0,3024123001.0,,RBF_I__s119,RBF_I__s119__splice__severe,5,57000,2.4573299170006067,41807,0.4893199703398952,0.4950752674335366,14243,8473,0.5948887172646212,41807,9430,0.2255603128662664,,,immediate,True,hellinger,complete,results/per_dataset_study/fixed_responses/runs/RBF_I/hellinger/RBF_I__s119__splice__severe/immediate_screened,60000.0,41800.0,4750.0,False,3000.0
RBF_I,splice,severe,119.0,3024123001.0,,RBF_I__s119,RBF_I__s119__splice__severe,6,57000,2.1694242499943357,41807,0.5039586672088406,0.5095462653107751,14243,14243,1.0,41807,0,0.0,,,immediate,False,hellinger,complete,results/per_dataset_study/fixed_responses/runs/RBF_I/hellinger/RBF_I__s119__splice__severe/immediate_unscreened,60000.0,57000.0,5700.0,False,3000.0
RBF_I,clean,none,115.0,,,RBF_I__s115,RBF_I__s115__clean__none,0,57000,3.088423042005161,56050,0.5694736842105264,0.5657780650090587,0,0,,56050,10450,0.1864406779661017,,,none,True,none,complete,results/per_dataset_study/fixed_responses/runs/RBF_I/none/RBF_I__s115__clean__none/none_screened,,,,,
RBF_I,clean,none,115.0,,,RBF_I__s115,RBF_I__s115__clean__none,0,57000,2.208423000003677,56050,0.5729884032114184,0.5688001187280656,0,0,,56050,0,0.0,,,none,False,none,complete,results/per_dataset_study/fixed_responses/runs/RBF_I/none/RBF_I__s115__clean__none/none_unscreened,60000.0,57000.0,0.0,False,3000.0
RBF_I,concept,moderate,115.0,816888935.0,,RBF_I__s115,RBF_I__s115__concept__moderate,0,57000,2.870627208001679,47503,0.5228932909500452,0.5183993923135573,8547,6101,0.7138177138177139,47503,11804,0.2484895690798476,,,none,True,none,complete,results/per_dataset_study/fixed_responses/runs/RBF_I/none/RBF_I__s115__concept__moderate/none_screened,,,,,
RBF_I,concept,moderate,115.0,816888935.0,,RBF_I__s115,RBF_I__s115__concept__moderate,0,57000,2.2115989580051973,47503,0.5621960718270425,0.5582205899787389,8547,8547,1.0,47503,0,0.0,,,none,False,none,complete,results/per_dataset_study/fixed_responses/runs/RBF_I/none/RBF_I__s115__concept__moderate/none_unscreened,60000.0,57000.0,0.0,False,3000.0
RBF_I,concept,severe,115.0,1773327730.0,,RBF_I__s115,RBF_I__s115__concept__severe,0,57000,2.914276958006667,41852,0.5092468699225844,0.5055880081027292,14198,10963,0.7721510071841104,41852,9115,0.21779126445570104,,,none,True,none,complete,results/per_dataset_study/fixed_responses/runs/RBF_I/none/RBF_I__s115__concept__severe/none_screened,,,,,
RBF_I,concept,severe,115.0,1773327730.0,,RBF_I__s115,RBF_I__s115__concept__severe,0,57000,2.280493291997118,41852,0.5326388225174424,0.5278571394625233,14198,14198,1.0,41852,0,0.0,,,none,False,none,complete,results/per_dataset_study/fixed_responses/runs/RBF_I/none/RBF_I__s115__concept__severe/none_unscreened,60000.0,57000.0,0.0,False,3000.0
RBF_I,instance,moderate,115.0,2781123431.0,,RBF_I__s115,RBF_I__s115__instance__moderate,0,57000,3.0084205829916755,56050,0.5739696699375557,0.5704104383025628,8551,7232,0.8457490352005613,47499,7231,0.15223478389018716,,,none,True,none,complete,results/per_dataset_study/fixed_responses/runs/RBF_I/none/RBF_I__s115__instance__moderate/none_screened,,,,,
RBF_I,instance,moderate,115.0,2781123431.0,,RBF_I__s115,RBF_I__s115__instance__moderate,0,57000,2.253150000004098,56050,0.5564495985727029,0.5517536798846111,8551,8551,1.0,47499,0,0.0,,,none,False,none,complete,results/per_dataset_study/fixed_responses/runs/RBF_I/none/RBF_I__s115__instance__moderate/none_unscreened,60000.0,57000.0,0.0,False,3000.0
RBF_I,instance,severe,115.0,2375605529.0,,RBF_I__s115,RBF_I__s115__instance__severe,0,57000,2.8296128749934724,56050,0.5314897413024086,0.5267755857854688,14252,11698,0.8207970811114229,41798,7896,0.18890856021819225,,,none,True,none,complete,results/per_dataset_study/fixed_responses/runs/RBF_I/none/RBF_I__s115__instance__severe/none_screened,,,,,
RBF_I,instance,severe,115.0,2375605529.0,,RBF_I__s115,RBF_I__s115__instance__severe,0,57000,2.196919040987268,56050,0.5567885816235504,0.5533797848291684,14252,14252,1.0,41798,0,0.0,,,none,False,none,complete,results/per_dataset_study/fixed_responses/runs/RBF_I/none/RBF_I__s115__instance__severe/none_unscreened,60000.0,57000.0,0.0,False,3000.0
RBF_I,splice,moderate,115.0,1439472368.0,,RBF_I__s115,RBF_I__s115__splice__moderate,0,57000,2.9018064589909045,47514,0.5495853853601044,0.5459420546166023,8536,5790,0.6783036551077788,47514,17204,0.36208275455655176,,,none,True,none,complete,results/per_dataset_study/fixed_responses/runs/RBF_I/none/RBF_I__s115__splice__moderate/none_screened,,,,,
RBF_I,splice,moderate,115.0,1439472368.0,,RBF_I__s115,RBF_I__s115__splice__moderate,0,57000,2.202002541976981,47514,0.5894894136465042,0.5870031776316288,8536,8536,1.0,47514,0,0.0,,,none,False,none,complete,results/per_dataset_study/fixed_responses/runs/RBF_I/none/RBF_I__s115__splice__moderate/none_unscreened,60000.0,57000.0,0.0,False,3000.0
RBF_I,splice,severe,115.0,1488950345.0,,RBF_I__s115,RBF_I__s115__splice__severe,0,57000,2.9683703329938,41807,0.5276628315832277,0.5199329908509756,14243,7760,0.54482903882609,41807,7767,0.18578228526323343,,,none,True,none,complete,results/per_dataset_study/fixed_responses/runs/RBF_I/none/RBF_I__s115__splice__severe/none_screened,,,,,
RBF_I,splice,severe,115.0,1488950345.0,,RBF_I__s115,RBF_I__s115__splice__severe,0,57000,2.1926535420061555,41807,0.5550984284928361,0.5498672689974373,14243,14243,1.0,41807,0,0.0,,,none,False,none,complete,results/per_dataset_study/fixed_responses/runs/RBF_I/none/RBF_I__s115__splice__severe/none_unscreened,60000.0,57000.0,0.0,False,3000.0
RBF_I,clean,none,116.0,,,RBF_I__s116,RBF_I__s116__clean__none,0,57000,2.9127172080043238,56050,0.5739696699375557,0.5679550152776619,0,0,,56050,10450,0.1864406779661017,,,none,True,none,complete,results/per_dataset_study/fixed_responses/runs/RBF_I/none/RBF_I__s116__clean__none/none_screened,,,,,
RBF_I,clean,none,116.0,,,RBF_I__s116,RBF_I__s116__clean__none,0,57000,2.2221318329975475,56050,0.5813202497769848,0.5780033516673287,0,0,,56050,0,0.0,,,none,False,none,complete,results/per_dataset_study/fixed_responses/runs/RBF_I/none/RBF_I__s116__clean__none/none_unscreened,60000.0,57000.0,0.0,False,3000.0
RBF_I,concept,moderate,116.0,3612327157.0,,RBF_I__s116,RBF_I__s116__concept__moderate,0,57000,2.913040250001359,47500,0.5427157894736843,0.5363886427455723,8550,6666,0.7796491228070176,47500,10466,0.22033684210526316,,,none,True,none,complete,results/per_dataset_study/fixed_responses/runs/RBF_I/none/RBF_I__s116__concept__moderate/none_screened,,,,,
RBF_I,concept,moderate,116.0,3612327157.0,,RBF_I__s116,RBF_I__s116__concept__moderate,0,57000,2.194224708015099,47500,0.5624,0.5598018092086711,8550,8550,1.0,47500,0,0.0,,,none,False,none,complete,results/per_dataset_study/fixed_responses/runs/RBF_I/none/RBF_I__s116__concept__moderate/none_unscreened,60000.0,57000.0,0.0,False,3000.0
RBF_I,concept,severe,116.0,87307388.0,,RBF_I__s116,RBF_I__s116__concept__severe,0,57000,2.8830356249964098,41806,0.5462373821939435,0.5415539730573915,14244,8934,0.6272114574557709,41806,11790,0.282016935368129,,,none,True,none,complete,results/per_dataset_study/fixed_responses/runs/RBF_I/none/RBF_I__s116__concept__severe/none_screened,,,,,
RBF_I,concept,severe,116.0,87307388.0,,RBF_I__s116,RBF_I__s116__concept__severe,0,57000,2.251964583992958,41806,0.5514519446969335,0.5485439993553991,14244,14244,1.0,41806,0,0.0,,,none,False,none,complete,results/per_dataset_study/fixed_responses/runs/RBF_I/none/RBF_I__s116__concept__severe/none_unscreened,60000.0,57000.0,0.0,False,3000.0
RBF_I,instance,moderate,116.0,2934809029.0,,RBF_I__s116,RBF_I__s116__instance__moderate,0,57000,2.9107032920001075,56050,0.5668688670829617,0.5562231816704755,8561,6545,0.7645134914145544,47489,11284,0.23761292088694225,,,none,True,none,complete,results/per_dataset_study/fixed_responses/runs/RBF_I/none/RBF_I__s116__instance__moderate/none_screened,,,,,
RBF_I,instance,moderate,116.0,2934809029.0,,RBF_I__s116,RBF_I__s116__instance__moderate,0,57000,2.1884363329736516,56050,0.5697056199821587,0.5610110088284189,8561,8561,1.0,47489,0,0.0,,,none,False,none,complete,results/per_dataset_study/fixed_responses/runs/RBF_I/none/RBF_I__s116__instance__moderate/none_unscreened,60000.0,57000.0,0.0,False,3000.0
RBF_I,instance,severe,116.0,1132950715.0,,RBF_I__s116,RBF_I__s116__instance__severe,0,57000,2.888424415999907,56050,0.5074576271186441,0.4977877621123201,14248,11071,0.7770213363279057,41802,9173,0.2194392612793646,,,none,True,none,complete,results/per_dataset_study/fixed_responses/runs/RBF_I/none/RBF_I__s116__instance__severe/none_screened,,,,,
RBF_I,instance,severe,116.0,1132950715.0,,RBF_I__s116,RBF_I__s116__instance__severe,0,57000,2.1919525419943966,56050,0.536342551293488,0.5265148591682631,14248,14248,1.0,41802,0,0.0,,,none,False,none,complete,results/per_dataset_study/fixed_responses/runs/RBF_I/none/RBF_I__s116__instance__severe/none_unscreened,60000.0,57000.0,0.0,False,3000.0
RBF_I,splice,moderate,116.0,2889189400.0,,RBF_I__s116,RBF_I__s116__splice__moderate,0,57000,2.906304332995205,47517,0.5326304270050719,0.5272985604257976,8533,5770,0.6761982889956639,47517,9587,0.20175937033061853,,,none,True,none,complete,results/per_dataset_study/fixed_responses/runs/RBF_I/none/RBF_I__s116__splice__moderate/none_screened,,,,,
RBF_I,splice,moderate,116.0,2889189400.0,,RBF_I__s116,RBF_I__s116__splice__moderate,0,57000,2.2564241660002153,47517,0.5553591346255025,0.5486590467064233,8533,8533,1.0,47517,0,0.0,,,none,False,none,complete,results/per_dataset_study/fixed_responses/runs/RBF_I/none/RBF_I__s116__splice__moderate/none_unscreened,60000.0,57000.0,0.0,False,3000.0
RBF_I,splice,severe,116.0,51810913.0,,RBF_I__s116,RBF_I__s116__splice__severe,0,57000,2.8830433749972144,41774,0.5142911859051085,0.5060869777970682,14276,8056,0.5643037265340431,41774,8030,0.19222482884090583,,,none,True,none,complete,results/per_dataset_study/fixed_responses/runs/RBF_I/none/RBF_I__s116__splice__severe/none_screened,,,,,
RBF_I,splice,severe,116.0,51810913.0,,RBF_I__s116,RBF_I__s116__splice__severe,0,57000,2.1980436670128256,41774,0.5596543304447743,0.5547389621760402,14276,14276,1.0,41774,0,0.0,,,none,False,none,complete,results/per_dataset_study/fixed_responses/runs/RBF_I/none/RBF_I__s116__splice__severe/none_unscreened,60000.0,57000.0,0.0,False,3000.0
RBF_I,clean,none,117.0,,,RBF_I__s117,RBF_I__s117__clean__none,0,57000,2.952136583000538,56050,0.5548795718108831,0.554738844604854,0,0,,56050,8550,0.15254237288135594,,,none,True,none,complete,results/per_dataset_study/fixed_responses/runs/RBF_I/none/RBF_I__s117__clean__none/none_screened,,,,,
RBF_I,clean,none,117.0,,,RBF_I__s117,RBF_I__s117__clean__none,0,57000,2.191026457992848,56050,0.5837466547725245,0.5822068011663832,0,0,,56050,0,0.0,,,none,False,none,complete,results/per_dataset_study/fixed_responses/runs/RBF_I/none/RBF_I__s117__clean__none/none_unscreened,60000.0,57000.0,0.0,False,3000.0
RBF_I,concept,moderate,117.0,1695553040.0,,RBF_I__s117,RBF_I__s117__concept__moderate,0,57000,2.9407940419914667,47497,0.5734046360822789,0.5733178773541278,8553,3860,0.4513036361510581,47497,13357,0.28121776112175506,,,none,True,none,complete,results/per_dataset_study/fixed_responses/runs/RBF_I/none/RBF_I__s117__concept__moderate/none_screened,,,,,
RBF_I,concept,moderate,117.0,1695553040.0,,RBF_I__s117,RBF_I__s117__concept__moderate,0,57000,2.205735374998767,47497,0.5650041055224541,0.5631502173461116,8553,8553,1.0,47497,0,0.0,,,none,False,none,complete,results/per_dataset_study/fixed_responses/runs/RBF_I/none/RBF_I__s117__concept__moderate/none_unscreened,60000.0,57000.0,0.0,False,3000.0
RBF_I,concept,severe,117.0,4269849707.0,,RBF_I__s117,RBF_I__s117__concept__severe,0,57000,2.894849374992191,41821,0.5541952607541666,0.5522635602079993,14229,8026,0.5640593154824654,41821,9947,0.23784701465770786,,,none,True,none,complete,results/per_dataset_study/fixed_responses/runs/RBF_I/none/RBF_I__s117__concept__severe/none_screened,,,,,
RBF_I,concept,severe,117.0,4269849707.0,,RBF_I__s117,RBF_I__s117__concept__severe,0,57000,2.192451915994752,41821,0.5372420554266994,0.5324848031324702,14229,14229,1.0,41821,0,0.0,,,none,False,none,complete,results/per_dataset_study/fixed_responses/runs/RBF_I/none/RBF_I__s117__concept__severe/none_unscreened,60000.0,57000.0,0.0,False,3000.0
RBF_I,instance,moderate,117.0,670137400.0,,RBF_I__s117,RBF_I__s117__instance__moderate,0,57000,2.939923500001896,56050,0.5505263157894736,0.5480283186381179,8540,6769,0.7926229508196722,47510,9629,0.2026731214481162,,,none,True,none,complete,results/per_dataset_study/fixed_responses/runs/RBF_I/none/RBF_I__s117__instance__moderate/none_screened,,,,,
RBF_I,instance,moderate,117.0,670137400.0,,RBF_I__s117,RBF_I__s117__instance__moderate,0,57000,2.209919125016313,56050,0.5497056199821588,0.5482489574967134,8540,8540,1.0,47510,0,0.0,,,none,False,none,complete,results/per_dataset_study/fixed_responses/runs/RBF_I/none/RBF_I__s117__instance__moderate/none_unscreened,60000.0,57000.0,0.0,False,3000.0
RBF_I,instance,severe,117.0,2977372565.0,,RBF_I__s117,RBF_I__s117__instance__severe,0,57000,2.825169207993895,56050,0.4855307760927743,0.4822927451578255,14283,10252,0.7177763775117272,41767,12119,0.29015730121866545,,,none,True,none,complete,results/per_dataset_study/fixed_responses/runs/RBF_I/none/RBF_I__s117__instance__severe/none_screened,,,,,
RBF_I,instance,severe,117.0,2977372565.0,,RBF_I__s117,RBF_I__s117__instance__severe,0,57000,2.2081165830022655,56050,0.5247279214986619,0.5238486193533152,14283,14283,1.0,41767,0,0.0,,,none,False,none,complete,results/per_dataset_study/fixed_responses/runs/RBF_I/none/RBF_I__s117__instance__severe/none_unscreened,60000.0,57000.0,0.0,False,3000.0
RBF_I,splice,moderate,117.0,559821452.0,,RBF_I__s117,RBF_I__s117__splice__moderate,0,57000,2.888750958998571,47507,0.5423832277348601,0.5419767450037329,8543,6593,0.7717429474423505,47507,8500,0.17892100111562506,,,none,True,none,complete,results/per_dataset_study/fixed_responses/runs/RBF_I/none/RBF_I__s117__splice__moderate/none_screened,,,,,
RBF_I,splice,moderate,117.0,559821452.0,,RBF_I__s117,RBF_I__s117__splice__moderate,0,57000,2.1988066250050906,47507,0.5723367082745701,0.5708887194120129,8543,8543,1.0,47507,0,0.0,,,none,False,none,complete,results/per_dataset_study/fixed_responses/runs/RBF_I/none/RBF_I__s117__splice__moderate/none_unscreened,60000.0,57000.0,0.0,False,3000.0
RBF_I,splice,severe,117.0,3664738830.0,,RBF_I__s117,RBF_I__s117__splice__severe,0,57000,2.8619772089878097,41836,0.5409694999521942,0.5391931298920223,14214,8626,0.6068664696777825,41836,11512,0.27516971029735154,,,none,True,none,complete,results/per_dataset_study/fixed_responses/runs/RBF_I/none/RBF_I__s117__splice__severe/none_screened,,,,,
RBF_I,splice,severe,117.0,3664738830.0,,RBF_I__s117,RBF_I__s117__splice__severe,0,57000,2.2144293329911307,41836,0.5341810880581318,0.5322037799947631,14214,14214,1.0,41836,0,0.0,,,none,False,none,complete,results/per_dataset_study/fixed_responses/runs/RBF_I/none/RBF_I__s117__splice__severe/none_unscreened,60000.0,57000.0,0.0,False,3000.0
RBF_I,clean,none,118.0,,,RBF_I__s118,RBF_I__s118__clean__none,0,57000,2.867814166995231,56050,0.544299732381802,0.5352868594879819,0,0,,56050,7600,0.13559322033898305,,,none,True,none,complete,results/per_dataset_study/fixed_responses/runs/RBF_I/none/RBF_I__s118__clean__none/none_screened,,,,,
RBF_I,clean,none,118.0,,,RBF_I__s118,RBF_I__s118__clean__none,0,57000,2.21216791702318,56050,0.5831400535236396,0.57443086870164,0,0,,56050,0,0.0,,,none,False,none,complete,results/per_dataset_study/fixed_responses/runs/RBF_I/none/RBF_I__s118__clean__none/none_unscreened,60000.0,57000.0,0.0,False,3000.0
RBF_I,concept,moderate,118.0,3840731115.0,,RBF_I__s118,RBF_I__s118__concept__moderate,0,57000,2.675123791996157,47513,0.5513017489950119,0.5425591253277423,8537,7236,0.8476045449221038,47513,12949,0.27253593753288574,,,none,True,none,complete,results/per_dataset_study/fixed_responses/runs/RBF_I/none/RBF_I__s118__concept__moderate/none_screened,,,,,
RBF_I,concept,moderate,118.0,3840731115.0,,RBF_I__s118,RBF_I__s118__concept__moderate,0,57000,2.18766779199359,47513,0.5836928840527855,0.572752482101284,8537,8537,1.0,47513,0,0.0,,,none,False,none,complete,results/per_dataset_study/fixed_responses/runs/RBF_I/none/RBF_I__s118__concept__moderate/none_unscreened,60000.0,57000.0,0.0,False,3000.0
RBF_I,concept,severe,118.0,3811301496.0,,RBF_I__s118,RBF_I__s118__concept__severe,0,57000,2.6803250000230037,41769,0.542699130934425,0.5320782894051707,14281,10787,0.7553392619564456,41769,7906,0.18927913045560105,,,none,True,none,complete,results/per_dataset_study/fixed_responses/runs/RBF_I/none/RBF_I__s118__concept__severe/none_screened,,,,,
RBF_I,concept,severe,118.0,3811301496.0,,RBF_I__s118,RBF_I__s118__concept__severe,0,57000,2.1877577909908723,41769,0.5452608393784865,0.5322715347637896,14281,14281,1.0,41769,0,0.0,,,none,False,none,complete,results/per_dataset_study/fixed_responses/runs/RBF_I/none/RBF_I__s118__concept__severe/none_unscreened,60000.0,57000.0,0.0,False,3000.0
RBF_I,instance,moderate,118.0,2809264908.0,,RBF_I__s118,RBF_I__s118__instance__moderate,0,57000,2.7268474170123227,56050,0.5575557537912578,0.5441255027536009,8542,6894,0.8070709435729337,47508,8802,0.1852740591058348,,,none,True,none,complete,results/per_dataset_study/fixed_responses/runs/RBF_I/none/RBF_I__s118__instance__moderate/none_screened,,,,,
RBF_I,instance,moderate,118.0,2809264908.0,,RBF_I__s118,RBF_I__s118__instance__moderate,0,57000,2.1994263750093523,56050,0.5578768956289027,0.5461038424058493,8542,8542,1.0,47508,0,0.0,,,none,False,none,complete,results/per_dataset_study/fixed_responses/runs/RBF_I/none/RBF_I__s118__instance__moderate/none_unscreened,60000.0,57000.0,0.0,False,3000.0
RBF_I,instance,severe,118.0,217127006.0,,RBF_I__s118,RBF_I__s118__instance__severe,0,57000,2.7747109170013573,56050,0.5586975914362177,0.5426559079742255,14259,11829,0.8295813170629076,41791,7070,0.1691751812591228,,,none,True,none,complete,results/per_dataset_study/fixed_responses/runs/RBF_I/none/RBF_I__s118__instance__severe/none_screened,,,,,
RBF_I,instance,severe,118.0,217127006.0,,RBF_I__s118,RBF_I__s118__instance__severe,0,57000,2.2021864160196856,56050,0.5581445138269402,0.545276663906539,14259,14259,1.0,41791,0,0.0,,,none,False,none,complete,results/per_dataset_study/fixed_responses/runs/RBF_I/none/RBF_I__s118__instance__severe/none_unscreened,60000.0,57000.0,0.0,False,3000.0
RBF_I,splice,moderate,118.0,2850602314.0,,RBF_I__s118,RBF_I__s118__splice__moderate,0,57000,2.6617042500001844,47505,0.5355646774023787,0.5249754866149182,8545,5045,0.5904037448800468,47505,9800,0.2062940743079676,,,none,True,none,complete,results/per_dataset_study/fixed_responses/runs/RBF_I/none/RBF_I__s118__splice__moderate/none_screened,,,,,
RBF_I,splice,moderate,118.0,2850602314.0,,RBF_I__s118,RBF_I__s118__splice__moderate,0,57000,2.218010000011418,47505,0.5687611830333649,0.5565197367086847,8545,8545,1.0,47505,0,0.0,,,none,False,none,complete,results/per_dataset_study/fixed_responses/runs/RBF_I/none/RBF_I__s118__splice__moderate/none_unscreened,60000.0,57000.0,0.0,False,3000.0
RBF_I,splice,severe,118.0,3587607091.0,,RBF_I__s118,RBF_I__s118__splice__severe,0,57000,2.636039791017538,41806,0.5515954647658231,0.5376356916559873,14244,10930,0.7673406346531874,41806,13786,0.3297612782854136,,,none,True,none,complete,results/per_dataset_study/fixed_responses/runs/RBF_I/none/RBF_I__s118__splice__severe/none_screened,,,,,
RBF_I,splice,severe,118.0,3587607091.0,,RBF_I__s118,RBF_I__s118__splice__severe,0,57000,2.1927345839794725,41806,0.5557097067406592,0.5427078578848552,14244,14244,1.0,41806,0,0.0,,,none,False,none,complete,results/per_dataset_study/fixed_responses/runs/RBF_I/none/RBF_I__s118__splice__severe/none_unscreened,60000.0,57000.0,0.0,False,3000.0
RBF_I,clean,none,119.0,,,RBF_I__s119,RBF_I__s119__clean__none,0,57000,2.8174453749961685,56050,0.5582158786797502,0.5642530378964818,0,0,,56050,15200,0.2711864406779661,,,none,True,none,complete,results/per_dataset_study/fixed_responses/runs/RBF_I/none/RBF_I__s119__clean__none/none_screened,,,,,
RBF_I,clean,none,119.0,,,RBF_I__s119,RBF_I__s119__clean__none,0,57000,2.188816834008321,56050,0.5646565566458519,0.567683491396805,0,0,,56050,0,0.0,,,none,False,none,complete,results/per_dataset_study/fixed_responses/runs/RBF_I/none/RBF_I__s119__clean__none/none_unscreened,60000.0,57000.0,0.0,False,3000.0
RBF_I,concept,moderate,119.0,1226255551.0,,RBF_I__s119,RBF_I__s119__concept__moderate,0,57000,2.6969354589818977,47484,0.5536391205458681,0.5574592406071797,8566,7280,0.8498715853373804,47484,14864,0.3130317580658748,,,none,True,none,complete,results/per_dataset_study/fixed_responses/runs/RBF_I/none/RBF_I__s119__concept__moderate/none_screened,,,,,
RBF_I,concept,moderate,119.0,1226255551.0,,RBF_I__s119,RBF_I__s119__concept__moderate,0,57000,2.2248652500275057,47484,0.5735616207564653,0.5769872521193804,8566,8566,1.0,47484,0,0.0,,,none,False,none,complete,results/per_dataset_study/fixed_responses/runs/RBF_I/none/RBF_I__s119__concept__moderate/none_unscreened,60000.0,57000.0,0.0,False,3000.0
RBF_I,concept,severe,119.0,1687454488.0,,RBF_I__s119,RBF_I__s119__concept__severe,0,57000,2.654328250006074,41798,0.5351212976697449,0.5377685394727477,14252,11250,0.789362896435588,41798,11248,0.26910378487008946,,,none,True,none,complete,results/per_dataset_study/fixed_responses/runs/RBF_I/none/RBF_I__s119__concept__severe/none_screened,,,,,
RBF_I,concept,severe,119.0,1687454488.0,,RBF_I__s119,RBF_I__s119__concept__severe,0,57000,2.1811376659898087,41798,0.5437341499593282,0.547467964863937,14252,14252,1.0,41798,0,0.0,,,none,False,none,complete,results/per_dataset_study/fixed_responses/runs/RBF_I/none/RBF_I__s119__concept__severe/none_unscreened,60000.0,57000.0,0.0,False,3000.0
RBF_I,instance,moderate,119.0,1785768086.0,,RBF_I__s119,RBF_I__s119__instance__moderate,0,57000,2.683014167007059,56050,0.5486708296164139,0.5488710788514434,8572,6997,0.8162622491833877,47478,8875,0.18692868275833016,,,none,True,none,complete,results/per_dataset_study/fixed_responses/runs/RBF_I/none/RBF_I__s119__instance__moderate/none_screened,,,,,
RBF_I,instance,moderate,119.0,1785768086.0,,RBF_I__s119,RBF_I__s119__instance__moderate,0,57000,2.1809875420003664,56050,0.5746833184656557,0.5771063192634502,8572,8572,1.0,47478,0,0.0,,,none,False,none,complete,results/per_dataset_study/fixed_responses/runs/RBF_I/none/RBF_I__s119__instance__moderate/none_unscreened,60000.0,57000.0,0.0,False,3000.0
RBF_I,instance,severe,119.0,80988754.0,,RBF_I__s119,RBF_I__s119__instance__severe,0,57000,2.7148068329843227,56050,0.531186440677966,0.5362862806819985,14216,11029,0.7758159819921215,41834,9163,0.2190323660180714,,,none,True,none,complete,results/per_dataset_study/fixed_responses/runs/RBF_I/none/RBF_I__s119__instance__severe/none_screened,,,,,
RBF_I,instance,severe,119.0,80988754.0,,RBF_I__s119,RBF_I__s119__instance__severe,0,57000,2.154973583004903,56050,0.5633719892952721,0.5620708728484907,14216,14216,1.0,41834,0,0.0,,,none,False,none,complete,results/per_dataset_study/fixed_responses/runs/RBF_I/none/RBF_I__s119__instance__severe/none_unscreened,60000.0,57000.0,0.0,False,3000.0
RBF_I,splice,moderate,119.0,1925764227.0,,RBF_I__s119,RBF_I__s119__splice__moderate,0,57000,2.642168624995975,47513,0.502662429229895,0.5070753603699993,8537,6316,0.7398383507086799,47513,12979,0.2731673436743628,,,none,True,none,complete,results/per_dataset_study/fixed_responses/runs/RBF_I/none/RBF_I__s119__splice__moderate/none_screened,,,,,
RBF_I,splice,moderate,119.0,1925764227.0,,RBF_I__s119,RBF_I__s119__splice__moderate,0,57000,2.1935777500038967,47513,0.5784311662071433,0.5814677869874264,8537,8537,1.0,47513,0,0.0,,,none,False,none,complete,results/per_dataset_study/fixed_responses/runs/RBF_I/none/RBF_I__s119__splice__moderate/none_unscreened,60000.0,57000.0,0.0,False,3000.0
RBF_I,splice,severe,119.0,3024123001.0,,RBF_I__s119,RBF_I__s119__splice__severe,0,57000,2.65171645800001,41807,0.5483292271629153,0.5502512383594464,14243,10017,0.703292845608369,41807,12874,0.30793886191307673,,,none,True,none,complete,results/per_dataset_study/fixed_responses/runs/RBF_I/none/RBF_I__s119__splice__severe/none_screened,,,,,
RBF_I,splice,severe,119.0,3024123001.0,,RBF_I__s119,RBF_I__s119__splice__severe,0,57000,2.1846966669836547,41807,0.5784677207166264,0.5817234848371672,14243,14243,1.0,41807,0,0.0,,,none,False,none,complete,results/per_dataset_study/fixed_responses/runs/RBF_I/none/RBF_I__s119__splice__severe/none_unscreened,60000.0,57000.0,0.0,False,3000.0
SEA_A,clean,none,115.0,,,SEA_A__s115,SEA_A__s115__clean__none,1,58900,0.8489456249953946,56050,0.9085459411239964,0.9010489231629448,0,0,,56050,7600,0.13559322033898305,,,confirmed,True,adwin,complete,results/per_dataset_study/fixed_responses/runs/SEA_A/adwin/SEA_A__s115__clean__none/confirmed_screened,,,,,
SEA_A,clean,none,115.0,,,SEA_A__s115,SEA_A__s115__clean__none,1,58900,0.5784388339961879,56050,0.9099732381801963,0.9025517474624357,0,0,,56050,0,0.0,,,confirmed,False,adwin,complete,results/per_dataset_study/fixed_responses/runs/SEA_A/adwin/SEA_A__s115__clean__none/confirmed_unscreened,60000.0,58900.0,2850.0,False,3000.0
SEA_A,clean,none,115.0,,,SEA_A__s115,SEA_A__s115__clean__none,3,57000,0.692785624996759,56050,0.9143800178412133,0.9069147075025153,0,0,,56050,20900,0.3728813559322034,,,immediate,True,adwin,complete,results/per_dataset_study/fixed_responses/runs/SEA_A/adwin/SEA_A__s115__clean__none/immediate_screened,60000.0,36100.0,2850.0,False,3000.0
SEA_A,clean,none,115.0,,,SEA_A__s115,SEA_A__s115__clean__none,5,57000,0.5615300000063144,56050,0.9109366636931311,0.9035121046834738,0,0,,56050,0,0.0,,,immediate,False,adwin,complete,results/per_dataset_study/fixed_responses/runs/SEA_A/adwin/SEA_A__s115__clean__none/immediate_unscreened,60000.0,57000.0,4750.0,False,3000.0
SEA_A,concept,moderate,115.0,2983410498.0,,SEA_A__s115,SEA_A__s115__concept__moderate,1,62700,0.856945709005231,47512,0.897015490823371,0.888042084694495,8538,5006,0.5863199812602483,47512,13568,0.2855699612729416,,,confirmed,True,adwin,complete,results/per_dataset_study/fixed_responses/runs/SEA_A/adwin/SEA_A__s115__concept__moderate/confirmed_screened,,,,,
SEA_A,concept,moderate,115.0,2983410498.0,,SEA_A__s115,SEA_A__s115__concept__moderate,3,62700,0.6213261660013814,47512,0.8905960599427513,0.881541081553878,8538,8538,1.0,47512,0,0.0,,,confirmed,False,adwin,complete,results/per_dataset_study/fixed_responses/runs/SEA_A/adwin/SEA_A__s115__concept__moderate/confirmed_unscreened,60000.0,62700.0,8550.0,False,3000.0
SEA_A,concept,moderate,115.0,2983410498.0,,SEA_A__s115,SEA_A__s115__concept__moderate,7,57000,0.6535919170128182,47512,0.8974995790537127,0.8889036413389864,8538,2180,0.25532911688920124,47512,26892,0.5660043778413875,,,immediate,True,adwin,complete,results/per_dataset_study/fixed_responses/runs/SEA_A/adwin/SEA_A__s115__concept__moderate/immediate_screened,60000.0,23750.0,6650.0,False,3000.0
SEA_A,concept,moderate,115.0,2983410498.0,,SEA_A__s115,SEA_A__s115__concept__moderate,30,57000,0.5727541249943897,47512,0.8757997979457821,0.8660356874677246,8538,8538,1.0,47512,0,0.0,,,immediate,False,adwin,complete,results/per_dataset_study/fixed_responses/runs/SEA_A/adwin/SEA_A__s115__concept__moderate/immediate_unscreened,60000.0,57000.0,28500.0,False,3000.0
SEA_A,concept,severe,115.0,3074832534.0,,SEA_A__s115,SEA_A__s115__concept__severe,2,64600,0.8360546250041807,41779,0.9016491538811364,0.8924182687856743,14271,8661,0.6068951019550136,41779,9590,0.2295411570406185,,,confirmed,True,adwin,complete,results/per_dataset_study/fixed_responses/runs/SEA_A/adwin/SEA_A__s115__concept__severe/confirmed_screened,,,,,
SEA_A,concept,severe,115.0,3074832534.0,,SEA_A__s115,SEA_A__s115__concept__severe,4,64600,0.6244399169809185,41779,0.884080518920989,0.8750841413464989,14271,14271,1.0,41779,0,0.0,,,confirmed,False,adwin,complete,results/per_dataset_study/fixed_responses/runs/SEA_A/adwin/SEA_A__s115__concept__severe/confirmed_unscreened,60000.0,64600.0,11400.0,False,3000.0
SEA_A,concept,severe,115.0,3074832534.0,,SEA_A__s115,SEA_A__s115__concept__severe,16,57000,0.6435150829784106,41779,0.897268962876086,0.8882333884451645,14271,4676,0.3276574872118282,41779,20805,0.4979774527872855,,,immediate,True,adwin,complete,results/per_dataset_study/fixed_responses/runs/SEA_A/adwin/SEA_A__s115__concept__severe/immediate_screened,60000.0,26600.0,15200.0,False,3000.0
SEA_A,concept,severe,115.0,3074832534.0,,SEA_A__s115,SEA_A__s115__concept__severe,38,57000,0.5795957910013385,41779,0.8585413724598483,0.8464653720429849,14271,14271,1.0,41779,0,0.0,,,immediate,False,adwin,complete,results/per_dataset_study/fixed_responses/runs/SEA_A/adwin/SEA_A__s115__concept__severe/immediate_unscreened,60000.0,57000.0,36100.0,False,3000.0
SEA_A,instance,moderate,115.0,2392216387.0,,SEA_A__s115,SEA_A__s115__instance__moderate,1,58900,0.794673625001451,56050,0.9111150758251562,0.9040794284057809,8531,6104,0.7155081467588794,47519,13723,0.28878974725899115,,,confirmed,True,adwin,complete,results/per_dataset_study/fixed_responses/runs/SEA_A/adwin/SEA_A__s115__instance__moderate/confirmed_screened,,,,,
SEA_A,instance,moderate,115.0,2392216387.0,,SEA_A__s115,SEA_A__s115__instance__moderate,1,58900,0.5889892920095008,56050,0.911828724353256,0.9046534146488554,8531,8531,1.0,47519,0,0.0,,,confirmed,False,adwin,complete,results/per_dataset_study/fixed_responses/runs/SEA_A/adwin/SEA_A__s115__instance__moderate/confirmed_unscreened,60000.0,58900.0,2850.0,False,3000.0
SEA_A,instance,moderate,115.0,2392216387.0,,SEA_A__s115,SEA_A__s115__instance__moderate,1,57000,0.7609527920139953,56050,0.9033363068688671,0.8950676192681626,8531,6535,0.7660297737662642,47519,11304,0.2378837938508807,,,immediate,True,adwin,complete,results/per_dataset_study/fixed_responses/runs/SEA_A/adwin/SEA_A__s115__instance__moderate/immediate_screened,60000.0,43700.0,950.0,False,3000.0
SEA_A,instance,moderate,115.0,2392216387.0,,SEA_A__s115,SEA_A__s115__instance__moderate,1,57000,0.5852336249954533,56050,0.9141480820695808,0.907329297948386,8531,8531,1.0,47519,0,0.0,,,immediate,False,adwin,complete,results/per_dataset_study/fixed_responses/runs/SEA_A/adwin/SEA_A__s115__instance__moderate/immediate_unscreened,60000.0,57000.0,950.0,False,3000.0
SEA_A,instance,severe,115.0,345179728.0,,SEA_A__s115,SEA_A__s115__instance__severe,0,57000,0.8405480000074022,56050,0.8956289027653881,0.8856521903994463,14226,10552,0.7417404751862786,41824,10576,0.2528691660290742,,,confirmed,True,adwin,complete,results/per_dataset_study/fixed_responses/runs/SEA_A/adwin/SEA_A__s115__instance__severe/confirmed_screened,,,,,
SEA_A,instance,severe,115.0,345179728.0,,SEA_A__s115,SEA_A__s115__instance__severe,0,57000,0.5757370000064839,56050,0.8910615521855486,0.8804653252063084,14226,14226,1.0,41824,0,0.0,,,confirmed,False,adwin,complete,results/per_dataset_study/fixed_responses/runs/SEA_A/adwin/SEA_A__s115__instance__severe/confirmed_unscreened,60000.0,57000.0,0.0,False,3000.0
SEA_A,instance,severe,115.0,345179728.0,,SEA_A__s115,SEA_A__s115__instance__severe,0,57000,0.7601928749936633,56050,0.8956289027653881,0.8856521903994463,14226,10552,0.7417404751862786,41824,10576,0.2528691660290742,,,immediate,True,adwin,complete,results/per_dataset_study/fixed_responses/runs/SEA_A/adwin/SEA_A__s115__instance__severe/immediate_screened,60000.0,42750.0,0.0,False,3000.0
SEA_A,instance,severe,115.0,345179728.0,,SEA_A__s115,SEA_A__s115__instance__severe,1,57000,0.5612932919757441,56050,0.8975379125780553,0.8888636417850249,14226,14226,1.0,41824,0,0.0,,,immediate,False,adwin,complete,results/per_dataset_study/fixed_responses/runs/SEA_A/adwin/SEA_A__s115__instance__severe/immediate_unscreened,60000.0,57000.0,950.0,False,3000.0
SEA_A,splice,moderate,115.0,1669518770.0,,SEA_A__s115,SEA_A__s115__splice__moderate,1,58900,0.8412572090019239,47495,0.9033371933887777,0.8953094136400248,8555,7004,0.8187025131502046,47495,7949,0.16736498578797768,,,confirmed,True,adwin,complete,results/per_dataset_study/fixed_responses/runs/SEA_A/adwin/SEA_A__s115__splice__moderate/confirmed_screened,,,,,
SEA_A,splice,moderate,115.0,1669518770.0,,SEA_A__s115,SEA_A__s115__splice__moderate,1,58900,0.5870931670069695,47495,0.90759027266028,0.9002965320223419,8555,8555,1.0,47495,0,0.0,,,confirmed,False,adwin,complete,results/per_dataset_study/fixed_responses/runs/SEA_A/adwin/SEA_A__s115__splice__moderate/confirmed_unscreened,60000.0,58900.0,2850.0,False,3000.0
SEA_A,splice,moderate,115.0,1669518770.0,,SEA_A__s115,SEA_A__s115__splice__moderate,5,57000,0.674309333000565,47495,0.9040530582166544,0.8954227814352111,8555,3848,0.44979544126241966,47495,18093,0.3809453626697547,,,immediate,True,adwin,complete,results/per_dataset_study/fixed_responses/runs/SEA_A/adwin/SEA_A__s115__splice__moderate/immediate_screened,60000.0,34200.0,4750.0,False,3000.0
SEA_A,splice,moderate,115.0,1669518770.0,,SEA_A__s115,SEA_A__s115__splice__moderate,8,57000,0.5854729999846313,47495,0.9046847036530161,0.8967818643280012,8555,8555,1.0,47495,0,0.0,,,immediate,False,adwin,complete,results/per_dataset_study/fixed_responses/runs/SEA_A/adwin/SEA_A__s115__splice__moderate/immediate_unscreened,60000.0,57000.0,7600.0,False,3000.0
SEA_A,splice,severe,115.0,3823887799.0,,SEA_A__s115,SEA_A__s115__splice__severe,1,60800,0.8187674579967279,41816,0.9015448632102544,0.8930594226880109,14234,10174,0.7147674581986793,41816,14940,0.3572795102353166,,,confirmed,True,adwin,complete,results/per_dataset_study/fixed_responses/runs/SEA_A/adwin/SEA_A__s115__splice__severe/confirmed_screened,,,,,
SEA_A,splice,severe,115.0,3823887799.0,,SEA_A__s115,SEA_A__s115__splice__severe,2,60800,0.6032535000122152,41816,0.900755691601301,0.8925741439000593,14234,14234,1.0,41816,0,0.0,,,confirmed,False,adwin,complete,results/per_dataset_study/fixed_responses/runs/SEA_A/adwin/SEA_A__s115__splice__severe/confirmed_unscreened,60000.0,60800.0,5700.0,False,3000.0
SEA_A,splice,severe,115.0,3823887799.0,,SEA_A__s115,SEA_A__s115__splice__severe,2,57000,0.7232265420025215,41816,0.8981012052802755,0.8888648438446527,14234,9279,0.6518898412252353,41816,13095,0.31315764300746124,,,immediate,True,adwin,complete,results/per_dataset_study/fixed_responses/runs/SEA_A/adwin/SEA_A__s115__splice__severe/immediate_screened,60000.0,38950.0,1900.0,False,3000.0
SEA_A,splice,severe,115.0,3823887799.0,,SEA_A__s115,SEA_A__s115__splice__severe,7,57000,0.5704902079887688,41816,0.8980772909890951,0.8885501330940091,14234,14234,1.0,41816,0,0.0,,,immediate,False,adwin,complete,results/per_dataset_study/fixed_responses/runs/SEA_A/adwin/SEA_A__s115__splice__severe/immediate_unscreened,60000.0,57000.0,6650.0,False,3000.0
SEA_A,clean,none,116.0,,,SEA_A__s116,SEA_A__s116__clean__none,1,58900,0.8525680000020657,56050,0.911935771632471,0.9043171542709807,0,0,,56050,10450,0.1864406779661017,,,confirmed,True,adwin,complete,results/per_dataset_study/fixed_responses/runs/SEA_A/adwin/SEA_A__s116__clean__none/confirmed_screened,,,,,
SEA_A,clean,none,116.0,,,SEA_A__s116,SEA_A__s116__clean__none,1,58900,0.6192059589957353,56050,0.9094736842105263,0.9015101093611777,0,0,,56050,0,0.0,,,confirmed,False,adwin,complete,results/per_dataset_study/fixed_responses/runs/SEA_A/adwin/SEA_A__s116__clean__none/confirmed_unscreened,60000.0,58900.0,2850.0,False,3000.0
SEA_A,clean,none,116.0,,,SEA_A__s116,SEA_A__s116__clean__none,3,57000,0.7126344169955701,56050,0.9043175735950044,0.8958624419247653,0,0,,56050,15200,0.2711864406779661,,,immediate,True,adwin,complete,results/per_dataset_study/fixed_responses/runs/SEA_A/adwin/SEA_A__s116__clean__none/immediate_screened,60000.0,41800.0,2850.0,False,3000.0
SEA_A,clean,none,116.0,,,SEA_A__s116,SEA_A__s116__clean__none,5,57000,0.5939926249848213,56050,0.9092239072256914,0.9011156726768377,0,0,,56050,0,0.0,,,immediate,False,adwin,complete,results/per_dataset_study/fixed_responses/runs/SEA_A/adwin/SEA_A__s116__clean__none/immediate_unscreened,60000.0,57000.0,4750.0,False,3000.0
SEA_A,concept,moderate,116.0,2842105116.0,,SEA_A__s116,SEA_A__s116__concept__moderate,3,66500,0.8516898329980904,47478,0.9039976410126795,0.895011767895391,8572,5508,0.6425571628558097,47478,9286,0.19558532372888496,,,confirmed,True,adwin,complete,results/per_dataset_study/fixed_responses/runs/SEA_A/adwin/SEA_A__s116__concept__moderate/confirmed_screened,,,,,
SEA_A,concept,moderate,116.0,2842105116.0,,SEA_A__s116,SEA_A__s116__concept__moderate,4,64600,0.6478813339781482,47478,0.9028392097392477,0.8939764544393219,8572,8572,1.0,47478,0,0.0,,,confirmed,False,adwin,complete,results/per_dataset_study/fixed_responses/runs/SEA_A/adwin/SEA_A__s116__concept__moderate/confirmed_unscreened,60000.0,64600.0,11400.0,False,3000.0
SEA_A,concept,moderate,116.0,2842105116.0,,SEA_A__s116,SEA_A__s116__concept__moderate,8,57000,0.6722325829905458,47478,0.9066936265217574,0.8971246954700319,8572,2096,0.24451703219785348,47478,31524,0.6639706811575887,,,immediate,True,adwin,complete,results/per_dataset_study/fixed_responses/runs/SEA_A/adwin/SEA_A__s116__concept__moderate/immediate_screened,60000.0,19000.0,7600.0,False,3000.0
SEA_A,concept,moderate,116.0,2842105116.0,,SEA_A__s116,SEA_A__s116__concept__moderate,32,57000,0.5990753329824656,47478,0.883230127638064,0.8719738221912144,8572,8572,1.0,47478,0,0.0,,,immediate,False,adwin,complete,results/per_dataset_study/fixed_responses/runs/SEA_A/adwin/SEA_A__s116__concept__moderate/immediate_unscreened,60000.0,57000.0,30400.0,False,3000.0
SEA_A,concept,severe,116.0,1226260622.0,,SEA_A__s116,SEA_A__s116__concept__severe,4,66500,0.8149065420002444,41789,0.905405728780301,0.8972491195297496,14261,6930,0.4859406773718533,41789,20219,0.48383545909210557,,,confirmed,True,adwin,complete,results/per_dataset_study/fixed_responses/runs/SEA_A/adwin/SEA_A__s116__concept__severe/confirmed_screened,,,,,
SEA_A,concept,severe,116.0,1226260622.0,,SEA_A__s116,SEA_A__s116__concept__severe,5,66500,0.6480497920128983,41789,0.8937758740338366,0.8846805356621021,14261,14261,1.0,41789,0,0.0,,,confirmed,False,adwin,complete,results/per_dataset_study/fixed_responses/runs/SEA_A/adwin/SEA_A__s116__concept__severe/confirmed_unscreened,60000.0,66500.0,14250.0,False,3000.0
SEA_A,concept,severe,116.0,1226260622.0,,SEA_A__s116,SEA_A__s116__concept__severe,9,57000,0.7040880419954192,41789,0.9032041924908468,0.8945745388623583,14261,2170,0.1521632424093682,41789,25909,0.6199956926463902,,,immediate,True,adwin,complete,results/per_dataset_study/fixed_responses/runs/SEA_A/adwin/SEA_A__s116__concept__severe/immediate_screened,60000.0,19000.0,8550.0,False,3000.0
SEA_A,concept,severe,116.0,1226260622.0,,SEA_A__s116,SEA_A__s116__concept__severe,42,57000,0.6112399999983609,41789,0.8376127689104789,0.8259048165877358,14261,14261,1.0,41789,0,0.0,,,immediate,False,adwin,complete,results/per_dataset_study/fixed_responses/runs/SEA_A/adwin/SEA_A__s116__concept__severe/immediate_unscreened,60000.0,57000.0,39900.0,False,3000.0
SEA_A,instance,moderate,116.0,453400147.0,,SEA_A__s116,SEA_A__s116__instance__moderate,1,58900,0.7865832500101533,56050,0.9159322033898305,0.9081155659415401,8529,4808,0.5637237659749091,47521,20979,0.44146798257612424,,,confirmed,True,adwin,complete,results/per_dataset_study/fixed_responses/runs/SEA_A/adwin/SEA_A__s116__instance__moderate/confirmed_screened,,,,,
SEA_A,instance,moderate,116.0,453400147.0,,SEA_A__s116,SEA_A__s116__instance__moderate,1,58900,0.6253396249958314,56050,0.9119536128456736,0.9040817241551394,8529,8529,1.0,47521,0,0.0,,,confirmed,False,adwin,complete,results/per_dataset_study/fixed_responses/runs/SEA_A/adwin/SEA_A__s116__instance__moderate/confirmed_unscreened,60000.0,58900.0,2850.0,False,3000.0
SEA_A,instance,moderate,116.0,453400147.0,,SEA_A__s116,SEA_A__s116__instance__moderate,2,57000,0.7070662080077454,56050,0.9012845673505798,0.8912173841257203,8529,4966,0.582248798217845,47521,20187,0.42480166663159447,,,immediate,True,adwin,complete,results/per_dataset_study/fixed_responses/runs/SEA_A/adwin/SEA_A__s116__instance__moderate/immediate_screened,60000.0,33250.0,1900.0,False,3000.0
SEA_A,instance,moderate,116.0,453400147.0,,SEA_A__s116,SEA_A__s116__instance__moderate,1,57000,0.6110224169970024,56050,0.9158608385370205,0.9086137463729052,8529,8529,1.0,47521,0,0.0,,,immediate,False,adwin,complete,results/per_dataset_study/fixed_responses/runs/SEA_A/adwin/SEA_A__s116__instance__moderate/immediate_unscreened,60000.0,57000.0,950.0,False,3000.0
SEA_A,instance,severe,116.0,3914142360.0,,SEA_A__s116,SEA_A__s116__instance__severe,0,57000,0.9002200419927249,56050,0.8874219446922391,0.8763503167858626,14241,12352,0.8673548205884418,41809,5711,0.13659738333851562,,,confirmed,True,adwin,complete,results/per_dataset_study/fixed_responses/runs/SEA_A/adwin/SEA_A__s116__instance__severe/confirmed_screened,,,,,
SEA_A,instance,severe,116.0,3914142360.0,,SEA_A__s116,SEA_A__s116__instance__severe,0,57000,0.6161207919940352,56050,0.8908117752007136,0.8803635446587333,14241,14241,1.0,41809,0,0.0,,,confirmed,False,adwin,complete,results/per_dataset_study/fixed_responses/runs/SEA_A/adwin/SEA_A__s116__instance__severe/confirmed_unscreened,60000.0,57000.0,0.0,False,3000.0
SEA_A,instance,severe,116.0,3914142360.0,,SEA_A__s116,SEA_A__s116__instance__severe,1,57000,0.7511497499945108,56050,0.8990365744870651,0.8912332457317218,14241,10151,0.7128010673407766,41809,12060,0.2884546389533354,,,immediate,True,adwin,complete,results/per_dataset_study/fixed_responses/runs/SEA_A/adwin/SEA_A__s116__instance__severe/immediate_screened,60000.0,40850.0,950.0,False,3000.0
SEA_A,instance,severe,116.0,3914142360.0,,SEA_A__s116,SEA_A__s116__instance__severe,1,57000,0.594974458013894,56050,0.90035682426405,0.8919562117785491,14241,14241,1.0,41809,0,0.0,,,immediate,False,adwin,complete,results/per_dataset_study/fixed_responses/runs/SEA_A/adwin/SEA_A__s116__instance__severe/immediate_unscreened,60000.0,57000.0,950.0,False,3000.0
SEA_A,splice,moderate,116.0,921862620.0,,SEA_A__s116,SEA_A__s116__splice__moderate,2,60800,0.8036262079986045,47537,0.9087237309884931,0.9003793014454415,8513,5128,0.6023728415364736,47537,14665,0.30849653953762335,,,confirmed,True,adwin,complete,results/per_dataset_study/fixed_responses/runs/SEA_A/adwin/SEA_A__s116__splice__moderate/confirmed_screened,,,,,
SEA_A,splice,moderate,116.0,921862620.0,,SEA_A__s116,SEA_A__s116__splice__moderate,2,60800,0.6839748339843936,47537,0.9080084986431621,0.8995237542857174,8513,8513,1.0,47537,0,0.0,,,confirmed,False,adwin,complete,results/per_dataset_study/fixed_responses/runs/SEA_A/adwin/SEA_A__s116__splice__moderate/confirmed_unscreened,60000.0,60800.0,5700.0,False,3000.0
SEA_A,splice,moderate,116.0,921862620.0,,SEA_A__s116,SEA_A__s116__splice__moderate,1,57000,0.8008998750010505,47537,0.9017817699896923,0.8916968388219012,8513,4507,0.5294255844003289,47537,18794,0.39535519700443866,,,immediate,True,adwin,complete,results/per_dataset_study/fixed_responses/runs/SEA_A/adwin/SEA_A__s116__splice__moderate/immediate_screened,60000.0,34200.0,950.0,False,3000.0
SEA_A,splice,moderate,116.0,921862620.0,,SEA_A__s116,SEA_A__s116__splice__moderate,12,57000,0.6075497499841731,47537,0.8956812588089278,0.8853148151145069,8513,8513,1.0,47537,0,0.0,,,immediate,False,adwin,complete,results/per_dataset_study/fixed_responses/runs/SEA_A/adwin/SEA_A__s116__splice__moderate/immediate_unscreened,60000.0,57000.0,11400.0,False,3000.0
SEA_A,splice,severe,116.0,1993734708.0,,SEA_A__s116,SEA_A__s116__splice__severe,2,60800,0.7942073340091156,41812,0.9042619343729073,0.8947311578243136,14238,5867,0.41206630144683243,41812,26779,0.6404620683057496,,,confirmed,True,adwin,complete,results/per_dataset_study/fixed_responses/runs/SEA_A/adwin/SEA_A__s116__splice__severe/confirmed_screened,,,,,
SEA_A,splice,severe,116.0,1993734708.0,,SEA_A__s116,SEA_A__s116__splice__severe,2,60800,0.6654710409929976,41812,0.9006026977901082,0.892580972757876,14238,14238,1.0,41812,0,0.0,,,confirmed,False,adwin,complete,results/per_dataset_study/fixed_responses/runs/SEA_A/adwin/SEA_A__s116__splice__severe/confirmed_unscreened,60000.0,60800.0,5700.0,False,3000.0
SEA_A,splice,severe,116.0,1993734708.0,,SEA_A__s116,SEA_A__s116__splice__severe,6,57000,0.7333469580044039,41812,0.9118674064861763,0.9036995716431785,14238,4765,0.33466779042000283,41812,18077,0.43233999808667367,,,immediate,True,adwin,complete,results/per_dataset_study/fixed_responses/runs/SEA_A/adwin/SEA_A__s116__splice__severe/immediate_screened,60000.0,29450.0,5700.0,False,3000.0
SEA_A,splice,severe,116.0,1993734708.0,,SEA_A__s116,SEA_A__s116__splice__severe,8,57000,0.6278230840107426,41812,0.890175069358079,0.8800461054098332,14238,14238,1.0,41812,0,0.0,,,immediate,False,adwin,complete,results/per_dataset_study/fixed_responses/runs/SEA_A/adwin/SEA_A__s116__splice__severe/immediate_unscreened,60000.0,57000.0,7600.0,False,3000.0
SEA_A,clean,none,117.0,,,SEA_A__s117,SEA_A__s117__clean__none,1,58900,0.7969900000025518,56050,0.911650312221231,0.9034925377698229,0,0,,56050,26600,0.4745762711864407,,,confirmed,True,adwin,complete,results/per_dataset_study/fixed_responses/runs/SEA_A/adwin/SEA_A__s117__clean__none/confirmed_screened,,,,,
SEA_A,clean,none,117.0,,,SEA_A__s117,SEA_A__s117__clean__none,1,58900,0.6121260829968378,56050,0.9062622658340768,0.8980296861102152,0,0,,56050,0,0.0,,,confirmed,False,adwin,complete,results/per_dataset_study/fixed_responses/runs/SEA_A/adwin/SEA_A__s117__clean__none/confirmed_unscreened,60000.0,58900.0,2850.0,False,3000.0
SEA_A,clean,none,117.0,,,SEA_A__s117,SEA_A__s117__clean__none,2,57000,0.7338282919954509,56050,0.9076181980374666,0.8986866558874234,0,0,,56050,19000,0.3389830508474576,,,immediate,True,adwin,complete,results/per_dataset_study/fixed_responses/runs/SEA_A/adwin/SEA_A__s117__clean__none/immediate_screened,60000.0,38000.0,1900.0,False,3000.0
SEA_A,clean,none,117.0,,,SEA_A__s117,SEA_A__s117__clean__none,5,57000,0.608462708973093,56050,0.9062622658340768,0.8975138458991967,0,0,,56050,0,0.0,,,immediate,False,adwin,complete,results/per_dataset_study/fixed_responses/runs/SEA_A/adwin/SEA_A__s117__clean__none/immediate_unscreened,60000.0,57000.0,4750.0,False,3000.0
SEA_A,concept,moderate,117.0,4256973585.0,,SEA_A__s117,SEA_A__s117__concept__moderate,2,68400,0.8965092909929808,47492,0.9031836940958478,0.8944656683203256,8558,6519,0.7617433979901846,47492,11261,0.23711361913585446,,,confirmed,True,adwin,complete,results/per_dataset_study/fixed_responses/runs/SEA_A/adwin/SEA_A__s117__concept__moderate/confirmed_screened,,,,,
SEA_A,concept,moderate,117.0,4256973585.0,,SEA_A__s117,SEA_A__s117__concept__moderate,5,66500,0.6577103339950554,47492,0.9055630421965805,0.8971013080685131,8558,8558,1.0,47492,0,0.0,,,confirmed,False,adwin,complete,results/per_dataset_study/fixed_responses/runs/SEA_A/adwin/SEA_A__s117__concept__moderate/confirmed_unscreened,60000.0,66500.0,14250.0,False,3000.0
SEA_A,concept,moderate,117.0,4256973585.0,,SEA_A__s117,SEA_A__s117__concept__moderate,9,57000,0.6751965419971384,47492,0.9064052893118841,0.8979544564192976,8558,1938,0.22645477915400794,47492,25680,0.5407226480249305,,,immediate,True,adwin,complete,results/per_dataset_study/fixed_responses/runs/SEA_A/adwin/SEA_A__s117__concept__moderate/immediate_screened,60000.0,24700.0,8550.0,False,3000.0
SEA_A,concept,moderate,117.0,4256973585.0,,SEA_A__s117,SEA_A__s117__concept__moderate,36,57000,0.6044095419929363,47492,0.8649877874168281,0.8523746190420468,8558,8558,1.0,47492,0,0.0,,,immediate,False,adwin,complete,results/per_dataset_study/fixed_responses/runs/SEA_A/adwin/SEA_A__s117__concept__moderate/immediate_unscreened,60000.0,57000.0,34200.0,False,3000.0
SEA_A,concept,severe,117.0,228998761.0,,SEA_A__s117,SEA_A__s117__concept__severe,1,70300,0.8674125000106869,41804,0.9008946512295474,0.8916200520457749,14246,7956,0.5584725536992841,41804,15560,0.3722131853411157,,,confirmed,True,adwin,complete,results/per_dataset_study/fixed_responses/runs/SEA_A/adwin/SEA_A__s117__concept__severe/confirmed_screened,,,,,
SEA_A,concept,severe,117.0,228998761.0,,SEA_A__s117,SEA_A__s117__concept__severe,4,64600,0.652062749984907,41804,0.8871399866041527,0.8761903191721299,14246,14246,1.0,41804,0,0.0,,,confirmed,False,adwin,complete,results/per_dataset_study/fixed_responses/runs/SEA_A/adwin/SEA_A__s117__concept__severe/confirmed_unscreened,60000.0,64600.0,11400.0,False,3000.0
SEA_A,concept,severe,117.0,228998761.0,,SEA_A__s117,SEA_A__s117__concept__severe,12,57000,0.6645311250176746,41804,0.898861352980576,0.8881145355905891,14246,2576,0.18082268707005475,41804,21580,0.5162185436800306,,,immediate,True,adwin,complete,results/per_dataset_study/fixed_responses/runs/SEA_A/adwin/SEA_A__s117__concept__severe/immediate_screened,60000.0,23750.0,11400.0,False,3000.0
SEA_A,concept,severe,117.0,228998761.0,,SEA_A__s117,SEA_A__s117__concept__severe,43,57000,0.6057897089922335,41804,0.8274567027078749,0.8103925790977751,14246,14246,1.0,41804,0,0.0,,,immediate,False,adwin,complete,results/per_dataset_study/fixed_responses/runs/SEA_A/adwin/SEA_A__s117__concept__severe/immediate_unscreened,60000.0,57000.0,40850.0,False,3000.0
SEA_A,instance,moderate,117.0,1195402420.0,,SEA_A__s117,SEA_A__s117__instance__moderate,1,58900,0.8340935839951271,56050,0.9039607493309545,0.8960469338814339,8575,6673,0.7781924198250729,47475,10448,0.22007372301211164,,,confirmed,True,adwin,complete,results/per_dataset_study/fixed_responses/runs/SEA_A/adwin/SEA_A__s117__instance__moderate/confirmed_screened,,,,,
SEA_A,instance,moderate,117.0,1195402420.0,,SEA_A__s117,SEA_A__s117__instance__moderate,1,58900,0.6275486249942333,56050,0.9025691347011596,0.8943116542687851,8575,8575,1.0,47475,0,0.0,,,confirmed,False,adwin,complete,results/per_dataset_study/fixed_responses/runs/SEA_A/adwin/SEA_A__s117__instance__moderate/confirmed_unscreened,60000.0,58900.0,2850.0,False,3000.0
SEA_A,instance,moderate,117.0,1195402420.0,,SEA_A__s117,SEA_A__s117__instance__moderate,1,57000,0.8051842499990016,56050,0.8969669937555754,0.8868910508991995,8575,6541,0.762798833819242,47475,11266,0.23730384412848868,,,immediate,True,adwin,complete,results/per_dataset_study/fixed_responses/runs/SEA_A/adwin/SEA_A__s117__instance__moderate/immediate_screened,60000.0,43700.0,950.0,False,3000.0
SEA_A,instance,moderate,117.0,1195402420.0,,SEA_A__s117,SEA_A__s117__instance__moderate,1,57000,0.6073312920052558,56050,0.9057983942908118,0.898060971030302,8575,8575,1.0,47475,0,0.0,,,immediate,False,adwin,complete,results/per_dataset_study/fixed_responses/runs/SEA_A/adwin/SEA_A__s117__instance__moderate/immediate_unscreened,60000.0,57000.0,950.0,False,3000.0
SEA_A,instance,severe,117.0,4063383392.0,,SEA_A__s117,SEA_A__s117__instance__severe,0,57000,0.8440560419985559,56050,0.8945941123996431,0.8832695362813365,14234,8772,0.6162709006603906,41816,15438,0.3691888272431605,,,confirmed,True,adwin,complete,results/per_dataset_study/fixed_responses/runs/SEA_A/adwin/SEA_A__s117__instance__severe/confirmed_screened,,,,,
SEA_A,instance,severe,117.0,4063383392.0,,SEA_A__s117,SEA_A__s117__instance__severe,0,57000,0.6114347080001608,56050,0.8865120428189117,0.874474738878446,14234,14234,1.0,41816,0,0.0,,,confirmed,False,adwin,complete,results/per_dataset_study/fixed_responses/runs/SEA_A/adwin/SEA_A__s117__instance__severe/confirmed_unscreened,60000.0,57000.0,0.0,False,3000.0
SEA_A,instance,severe,117.0,4063383392.0,,SEA_A__s117,SEA_A__s117__instance__severe,1,57000,0.7294497909897473,56050,0.9061730597680643,0.8973940804696913,14234,6913,0.48566811858929326,41816,21179,0.5064807729098909,,,immediate,True,adwin,complete,results/per_dataset_study/fixed_responses/runs/SEA_A/adwin/SEA_A__s117__instance__severe/immediate_screened,60000.0,28500.0,950.0,False,3000.0
SEA_A,instance,severe,117.0,4063383392.0,,SEA_A__s117,SEA_A__s117__instance__severe,1,57000,0.6189512500131968,56050,0.8949152542372881,0.8852356438001219,14234,14234,1.0,41816,0,0.0,,,immediate,False,adwin,complete,results/per_dataset_study/fixed_responses/runs/SEA_A/adwin/SEA_A__s117__instance__severe/immediate_unscreened,60000.0,57000.0,950.0,False,3000.0
SEA_A,splice,moderate,117.0,1275875057.0,,SEA_A__s117,SEA_A__s117__splice__moderate,1,58900,0.8337221249967115,47528,0.908874768557482,0.9014531494986596,8522,5207,0.6110068059141047,47528,15685,0.33001599057397746,,,confirmed,True,adwin,complete,results/per_dataset_study/fixed_responses/runs/SEA_A/adwin/SEA_A__s117__splice__moderate/confirmed_screened,,,,,
SEA_A,splice,moderate,117.0,1275875057.0,,SEA_A__s117,SEA_A__s117__splice__moderate,2,60800,0.6304939999827184,47528,0.9027310217135163,0.894297377569764,8522,8522,1.0,47528,0,0.0,,,confirmed,False,adwin,complete,results/per_dataset_study/fixed_responses/runs/SEA_A/adwin/SEA_A__s117__splice__moderate/confirmed_unscreened,60000.0,60800.0,5700.0,False,3000.0
SEA_A,splice,moderate,117.0,1275875057.0,,SEA_A__s117,SEA_A__s117__splice__moderate,5,57000,0.6958718330133706,47528,0.9073177916175728,0.8988372937389012,8522,3762,0.4414456700305093,47528,24690,0.5194832519777816,,,immediate,True,adwin,complete,results/per_dataset_study/fixed_responses/runs/SEA_A/adwin/SEA_A__s117__splice__moderate/immediate_screened,60000.0,27550.0,4750.0,False,3000.0
SEA_A,splice,moderate,117.0,1275875057.0,,SEA_A__s117,SEA_A__s117__splice__moderate,10,57000,0.6000931249873247,47528,0.898733378219155,0.8898188724626035,8522,8522,1.0,47528,0,0.0,,,immediate,False,adwin,complete,results/per_dataset_study/fixed_responses/runs/SEA_A/adwin/SEA_A__s117__splice__moderate/immediate_unscreened,60000.0,57000.0,9500.0,False,3000.0
SEA_A,splice,severe,117.0,2243424514.0,,SEA_A__s117,SEA_A__s117__splice__severe,1,58900,0.8418506250018254,41810,0.9032767280554891,0.8950405991499601,14240,10867,0.7631320224719101,41810,10877,0.26015307342740973,,,confirmed,True,adwin,complete,results/per_dataset_study/fixed_responses/runs/SEA_A/adwin/SEA_A__s117__splice__severe/confirmed_screened,,,,,
SEA_A,splice,severe,117.0,2243424514.0,,SEA_A__s117,SEA_A__s117__splice__severe,2,60800,0.643940209003631,41810,0.9044486964840948,0.896033548052225,14240,14240,1.0,41810,0,0.0,,,confirmed,False,adwin,complete,results/per_dataset_study/fixed_responses/runs/SEA_A/adwin/SEA_A__s117__splice__severe/confirmed_unscreened,60000.0,60800.0,5700.0,True,3000.0
SEA_A,splice,severe,117.0,2243424514.0,,SEA_A__s117,SEA_A__s117__splice__severe,6,57000,0.6888214169885032,41810,0.9015546519971299,0.8919084516065816,14240,6519,0.45779494382022473,41810,18879,0.4515426931356135,,,immediate,True,adwin,complete,results/per_dataset_study/fixed_responses/runs/SEA_A/adwin/SEA_A__s117__splice__severe/immediate_screened,60000.0,30400.0,5700.0,False,3000.0
SEA_A,splice,severe,117.0,2243424514.0,,SEA_A__s117,SEA_A__s117__splice__severe,10,57000,0.6011589590052608,41810,0.8993063860320497,0.8895022129878047,14240,14240,1.0,41810,0,0.0,,,immediate,False,adwin,complete,results/per_dataset_study/fixed_responses/runs/SEA_A/adwin/SEA_A__s117__splice__severe/immediate_unscreened,60000.0,57000.0,9500.0,False,3000.0
SEA_A,clean,none,118.0,,,SEA_A__s118,SEA_A__s118__clean__none,3,62700,0.7738941670104396,56050,0.9100802854594112,0.9017775424797874,0,0,,56050,8550,0.15254237288135594,,,confirmed,True,adwin,complete,results/per_dataset_study/fixed_responses/runs/SEA_A/adwin/SEA_A__s118__clean__none/confirmed_screened,,,,,
SEA_A,clean,none,118.0,,,SEA_A__s118,SEA_A__s118__clean__none,2,60800,0.6273164160083979,56050,0.9110080285459411,0.9026491842837381,0,0,,56050,0,0.0,,,confirmed,False,adwin,complete,results/per_dataset_study/fixed_responses/runs/SEA_A/adwin/SEA_A__s118__clean__none/confirmed_unscreened,60000.0,60800.0,5700.0,False,3000.0
SEA_A,clean,none,118.0,,,SEA_A__s118,SEA_A__s118__clean__none,5,57000,0.7197085829975549,56050,0.9111329170383586,0.9024354620097303,0,0,,56050,17100,0.3050847457627119,,,immediate,True,adwin,complete,results/per_dataset_study/fixed_responses/runs/SEA_A/adwin/SEA_A__s118__clean__none/immediate_screened,60000.0,39900.0,4750.0,False,3000.0
SEA_A,clean,none,118.0,,,SEA_A__s118,SEA_A__s118__clean__none,4,57000,0.6098140410031192,56050,0.9134522747546833,0.9056954617433123,0,0,,56050,0,0.0,,,immediate,False,adwin,complete,results/per_dataset_study/fixed_responses/runs/SEA_A/adwin/SEA_A__s118__clean__none/immediate_unscreened,60000.0,57000.0,3800.0,False,3000.0
SEA_A,concept,moderate,118.0,1648460561.0,,SEA_A__s118,SEA_A__s118__concept__moderate,1,62700,0.7915285830094945,47474,0.9057800058979653,0.8966404801268666,8576,6501,0.7580457089552238,47474,13125,0.2764671188439988,,,confirmed,True,adwin,complete,results/per_dataset_study/fixed_responses/runs/SEA_A/adwin/SEA_A__s118__concept__moderate/confirmed_screened,,,,,
SEA_A,concept,moderate,118.0,1648460561.0,,SEA_A__s118,SEA_A__s118__concept__moderate,3,62700,0.651016250019893,47474,0.8995450141129882,0.8907427110600166,8576,8576,1.0,47474,0,0.0,,,confirmed,False,adwin,complete,results/per_dataset_study/fixed_responses/runs/SEA_A/adwin/SEA_A__s118__concept__moderate/confirmed_unscreened,60000.0,62700.0,8550.0,True,3000.0
SEA_A,concept,moderate,118.0,1648460561.0,,SEA_A__s118,SEA_A__s118__concept__moderate,10,57000,0.6952352079970296,47474,0.8998399123730885,0.8894452729242199,8576,2307,0.26900652985074625,47474,25081,0.5283102329696254,,,immediate,True,adwin,complete,results/per_dataset_study/fixed_responses/runs/SEA_A/adwin/SEA_A__s118__concept__moderate/immediate_screened,60000.0,25650.0,9500.0,False,3000.0
SEA_A,concept,moderate,118.0,1648460561.0,,SEA_A__s118,SEA_A__s118__concept__moderate,31,57000,0.6082714999793097,47474,0.873741416354215,0.8616891468158702,8576,8576,1.0,47474,0,0.0,,,immediate,False,adwin,complete,results/per_dataset_study/fixed_responses/runs/SEA_A/adwin/SEA_A__s118__concept__moderate/immediate_unscreened,60000.0,57000.0,29450.0,False,3000.0
SEA_A,concept,severe,118.0,16137799.0,,SEA_A__s118,SEA_A__s118__concept__severe,0,70300,0.8494485419942066,41780,0.8995213020584012,0.8878926560864067,14270,7765,0.5441485634197617,41780,15345,0.3672809956917185,,,confirmed,True,adwin,complete,results/per_dataset_study/fixed_responses/runs/SEA_A/adwin/SEA_A__s118__concept__severe/confirmed_screened,,,,,
SEA_A,concept,severe,118.0,16137799.0,,SEA_A__s118,SEA_A__s118__concept__severe,5,66500,0.677948666998418,41780,0.8960028721876496,0.8854831109221297,14270,14270,1.0,41780,0,0.0,,,confirmed,False,adwin,complete,results/per_dataset_study/fixed_responses/runs/SEA_A/adwin/SEA_A__s118__concept__severe/confirmed_unscreened,60000.0,66500.0,14250.0,False,3000.0
SEA_A,concept,severe,118.0,16137799.0,,SEA_A__s118,SEA_A__s118__concept__severe,7,57000,0.7658685839851387,41780,0.8876495931067496,0.8762195167949054,14270,2464,0.17266993693062369,41780,26194,0.6269506941120153,,,immediate,True,adwin,complete,results/per_dataset_study/fixed_responses/runs/SEA_A/adwin/SEA_A__s118__concept__severe/immediate_screened,60000.0,19000.0,6650.0,False,3000.0
SEA_A,concept,severe,118.0,16137799.0,,SEA_A__s118,SEA_A__s118__concept__severe,40,57000,0.6919709169887938,41780,0.8392053614169459,0.8255428848965038,14270,14270,1.0,41780,0,0.0,,,immediate,False,adwin,complete,results/per_dataset_study/fixed_responses/runs/SEA_A/adwin/SEA_A__s118__concept__severe/immediate_unscreened,60000.0,57000.0,38000.0,False,3000.0
SEA_A,instance,moderate,118.0,4224387059.0,,SEA_A__s118,SEA_A__s118__instance__moderate,1,58900,0.7349412909825332,56050,0.9128813559322034,0.9040838388066383,8554,4845,0.56640168342296,47496,20991,0.44195300656897424,,,confirmed,True,adwin,complete,results/per_dataset_study/fixed_responses/runs/SEA_A/adwin/SEA_A__s118__instance__moderate/confirmed_screened,,,,,
SEA_A,instance,moderate,118.0,4224387059.0,,SEA_A__s118,SEA_A__s118__instance__moderate,1,58900,0.6307695000141393,56050,0.9061730597680643,0.8972267866042651,8554,8554,1.0,47496,0,0.0,,,confirmed,False,adwin,complete,results/per_dataset_study/fixed_responses/runs/SEA_A/adwin/SEA_A__s118__instance__moderate/confirmed_unscreened,60000.0,58900.0,2850.0,False,3000.0
SEA_A,instance,moderate,118.0,4224387059.0,,SEA_A__s118,SEA_A__s118__instance__moderate,2,57000,0.7529084169946145,56050,0.9007671721677074,0.890165222962884,8554,5126,0.5992518120177694,47496,19372,0.4078659255516254,,,immediate,True,adwin,complete,results/per_dataset_study/fixed_responses/runs/SEA_A/adwin/SEA_A__s118__instance__moderate/immediate_screened,60000.0,34200.0,1900.0,False,3000.0
SEA_A,instance,moderate,118.0,4224387059.0,,SEA_A__s118,SEA_A__s118__instance__moderate,1,57000,0.6244840420258697,56050,0.9097413024085638,0.9013904896960023,8554,8554,1.0,47496,0,0.0,,,immediate,False,adwin,complete,results/per_dataset_study/fixed_responses/runs/SEA_A/adwin/SEA_A__s118__instance__moderate/immediate_unscreened,60000.0,57000.0,950.0,False,3000.0
SEA_A,instance,severe,118.0,2861808558.0,,SEA_A__s118,SEA_A__s118__instance__severe,1,58900,0.7224202920042444,56050,0.9052274754683318,0.8965864894360291,14240,7536,0.5292134831460674,41810,19896,0.4758670174599378,,,confirmed,True,adwin,complete,results/per_dataset_study/fixed_responses/runs/SEA_A/adwin/SEA_A__s118__instance__severe/confirmed_screened,,,,,
SEA_A,instance,severe,118.0,2861808558.0,,SEA_A__s118,SEA_A__s118__instance__severe,1,58900,0.6114049169991631,56050,0.904049955396967,0.8952827410631377,14240,14240,1.0,41810,0,0.0,,,confirmed,False,adwin,complete,results/per_dataset_study/fixed_responses/runs/SEA_A/adwin/SEA_A__s118__instance__severe/confirmed_unscreened,60000.0,58900.0,2850.0,False,3000.0
SEA_A,instance,severe,118.0,2861808558.0,,SEA_A__s118,SEA_A__s118__instance__severe,1,57000,0.7170980840164702,56050,0.9120606601248885,0.9042196612165385,14240,6315,0.4434691011235955,41810,23425,0.5602726620425735,,,immediate,True,adwin,complete,results/per_dataset_study/fixed_responses/runs/SEA_A/adwin/SEA_A__s118__instance__severe/immediate_screened,60000.0,25650.0,950.0,False,3000.0
SEA_A,instance,severe,118.0,2861808558.0,,SEA_A__s118,SEA_A__s118__instance__severe,1,57000,0.6069806250161491,56050,0.9064406779661017,0.8982035467499583,14240,14240,1.0,41810,0,0.0,,,immediate,False,adwin,complete,results/per_dataset_study/fixed_responses/runs/SEA_A/adwin/SEA_A__s118__instance__severe/immediate_unscreened,60000.0,57000.0,950.0,False,3000.0
SEA_A,splice,moderate,118.0,3330973510.0,,SEA_A__s118,SEA_A__s118__splice__moderate,1,60800,0.8091429999913089,47504,0.9052921859211855,0.8956074894282009,8546,6313,0.7387081675637726,47504,9167,0.19297322330751093,,,confirmed,True,adwin,complete,results/per_dataset_study/fixed_responses/runs/SEA_A/adwin/SEA_A__s118__splice__moderate/confirmed_screened,,,,,
SEA_A,splice,moderate,118.0,3330973510.0,,SEA_A__s118,SEA_A__s118__splice__moderate,2,60800,0.6713272090128157,47504,0.9105759514988212,0.9025100038401389,8546,8546,1.0,47504,0,0.0,,,confirmed,False,adwin,complete,results/per_dataset_study/fixed_responses/runs/SEA_A/adwin/SEA_A__s118__splice__moderate/confirmed_unscreened,60000.0,60800.0,5700.0,False,3000.0
SEA_A,splice,moderate,118.0,3330973510.0,,SEA_A__s118,SEA_A__s118__splice__moderate,5,57000,0.783496042015031,47504,0.9123442236443247,0.9037592059055304,8546,6986,0.8174584600982916,47504,10790,0.2271387672617043,,,immediate,True,adwin,complete,results/per_dataset_study/fixed_responses/runs/SEA_A/adwin/SEA_A__s118__splice__moderate/immediate_screened,60000.0,44650.0,4750.0,False,3000.0
SEA_A,splice,moderate,118.0,3330973510.0,,SEA_A__s118,SEA_A__s118__splice__moderate,7,57000,0.6442822919925675,47504,0.9079656449983159,0.8986671777466375,8546,8546,1.0,47504,0,0.0,,,immediate,False,adwin,complete,results/per_dataset_study/fixed_responses/runs/SEA_A/adwin/SEA_A__s118__splice__moderate/immediate_unscreened,60000.0,57000.0,6650.0,False,3000.0
SEA_A,splice,severe,118.0,3954790722.0,,SEA_A__s118,SEA_A__s118__splice__severe,2,62700,0.7635709579917602,41762,0.9075714764618553,0.8997775557439136,14288,11041,0.7727463605823068,41762,9103,0.21797327714189935,,,confirmed,True,adwin,complete,results/per_dataset_study/fixed_responses/runs/SEA_A/adwin/SEA_A__s118__splice__severe/confirmed_screened,,,,,
SEA_A,splice,severe,118.0,3954790722.0,,SEA_A__s118,SEA_A__s118__splice__severe,3,62700,0.6449202499934472,41762,0.9009865427900963,0.8932910425777446,14288,14288,1.0,41762,0,0.0,,,confirmed,False,adwin,complete,results/per_dataset_study/fixed_responses/runs/SEA_A/adwin/SEA_A__s118__splice__severe/confirmed_unscreened,60000.0,62700.0,8550.0,False,3000.0
SEA_A,splice,severe,118.0,3954790722.0,,SEA_A__s118,SEA_A__s118__splice__severe,6,57000,0.7598804580047727,41762,0.9048177769263924,0.8961439272229296,14288,9898,0.6927491601343785,41762,10810,0.2588477563335089,,,immediate,True,adwin,complete,results/per_dataset_study/fixed_responses/runs/SEA_A/adwin/SEA_A__s118__splice__severe/immediate_screened,60000.0,41800.0,5700.0,False,3000.0
SEA_A,splice,severe,118.0,3954790722.0,,SEA_A__s118,SEA_A__s118__splice__severe,9,57000,0.6432661660073791,41762,0.9011302140702073,0.8919762430587527,14288,14288,1.0,41762,0,0.0,,,immediate,False,adwin,complete,results/per_dataset_study/fixed_responses/runs/SEA_A/adwin/SEA_A__s118__splice__severe/immediate_unscreened,60000.0,57000.0,8550.0,False,3000.0
SEA_A,clean,none,119.0,,,SEA_A__s119,SEA_A__s119__clean__none,1,58900,0.7482830420194659,56050,0.9127386262265834,0.9038900692006977,0,0,,56050,18050,0.3220338983050847,,,confirmed,True,adwin,complete,results/per_dataset_study/fixed_responses/runs/SEA_A/adwin/SEA_A__s119__clean__none/confirmed_screened,,,,,
SEA_A,clean,none,119.0,,,SEA_A__s119,SEA_A__s119__clean__none,2,60800,0.6234359169902746,56050,0.9095093666369313,0.9008503102139045,0,0,,56050,0,0.0,,,confirmed,False,adwin,complete,results/per_dataset_study/fixed_responses/runs/SEA_A/adwin/SEA_A__s119__clean__none/confirmed_unscreened,60000.0,60800.0,5700.0,False,3000.0
SEA_A,clean,none,119.0,,,SEA_A__s119,SEA_A__s119__clean__none,2,57000,0.7533004169818014,56050,0.9111864406779661,0.9019654008718718,0,0,,56050,18050,0.3220338983050847,,,immediate,True,adwin,complete,results/per_dataset_study/fixed_responses/runs/SEA_A/adwin/SEA_A__s119__clean__none/immediate_screened,60000.0,38950.0,1900.0,False,3000.0
SEA_A,clean,none,119.0,,,SEA_A__s119,SEA_A__s119__clean__none,5,57000,0.6040040829975624,56050,0.9136128456735058,0.905357383200214,0,0,,56050,0,0.0,,,immediate,False,adwin,complete,results/per_dataset_study/fixed_responses/runs/SEA_A/adwin/SEA_A__s119__clean__none/immediate_unscreened,60000.0,57000.0,4750.0,False,3000.0
SEA_A,concept,moderate,119.0,1118368957.0,,SEA_A__s119,SEA_A__s119__concept__moderate,1,68400,0.819184291001875,47466,0.9075548813887836,0.8984088527294398,8584,5787,0.674161230195713,47466,14303,0.30133147937471033,,,confirmed,True,adwin,complete,results/per_dataset_study/fixed_responses/runs/SEA_A/adwin/SEA_A__s119__concept__moderate/confirmed_screened,,,,,
SEA_A,concept,moderate,119.0,1118368957.0,,SEA_A__s119,SEA_A__s119__concept__moderate,2,60800,0.6333261659892742,47466,0.8852020393544853,0.874503347977839,8584,8584,1.0,47466,0,0.0,,,confirmed,False,adwin,complete,results/per_dataset_study/fixed_responses/runs/SEA_A/adwin/SEA_A__s119__concept__moderate/confirmed_unscreened,60000.0,60800.0,5700.0,True,3000.0
SEA_A,concept,moderate,119.0,1118368957.0,,SEA_A__s119,SEA_A__s119__concept__moderate,11,57000,0.6821905830001924,47466,0.9044157923566343,0.8944863267374332,8584,1462,0.17031686859273065,47466,24228,0.5104285172544558,,,immediate,True,adwin,complete,results/per_dataset_study/fixed_responses/runs/SEA_A/adwin/SEA_A__s119__concept__moderate/immediate_screened,60000.0,25650.0,10450.0,False,3000.0
SEA_A,concept,moderate,119.0,1118368957.0,,SEA_A__s119,SEA_A__s119__concept__moderate,29,57000,0.6022435830091126,47466,0.8808831584713268,0.8700754710003964,8584,8584,1.0,47466,0,0.0,,,immediate,False,adwin,complete,results/per_dataset_study/fixed_responses/runs/SEA_A/adwin/SEA_A__s119__concept__moderate/immediate_unscreened,60000.0,57000.0,27550.0,False,3000.0
SEA_A,concept,severe,119.0,1193382814.0,,SEA_A__s119,SEA_A__s119__concept__severe,2,72200,0.7995700000028592,41781,0.8997869845144922,0.889893696813463,14269,8051,0.5642301492746513,41781,19432,0.46509178813336205,,,confirmed,True,adwin,complete,results/per_dataset_study/fixed_responses/runs/SEA_A/adwin/SEA_A__s119__concept__severe/confirmed_screened,,,,,
SEA_A,concept,severe,119.0,1193382814.0,,SEA_A__s119,SEA_A__s119__concept__severe,5,66500,0.6494625409832224,41781,0.8888489983485316,0.8780349497057428,14269,14269,1.0,41781,0,0.0,,,confirmed,False,adwin,complete,results/per_dataset_study/fixed_responses/runs/SEA_A/adwin/SEA_A__s119__concept__severe/confirmed_unscreened,60000.0,66500.0,14250.0,False,3000.0
SEA_A,concept,severe,119.0,1193382814.0,,SEA_A__s119,SEA_A__s119__concept__severe,8,57000,0.664668375015026,41781,0.8997869845144922,0.8904861793012586,14269,2701,0.18929147102109467,41781,24532,0.5871568416265767,,,immediate,True,adwin,complete,results/per_dataset_study/fixed_responses/runs/SEA_A/adwin/SEA_A__s119__concept__severe/immediate_screened,60000.0,20900.0,7600.0,False,3000.0
SEA_A,concept,severe,119.0,1193382814.0,,SEA_A__s119,SEA_A__s119__concept__severe,38,57000,0.6086322499904782,41781,0.8400229769512458,0.8247858367550589,14269,14269,1.0,41781,0,0.0,,,immediate,False,adwin,complete,results/per_dataset_study/fixed_responses/runs/SEA_A/adwin/SEA_A__s119__concept__severe/immediate_unscreened,60000.0,57000.0,36100.0,False,3000.0
SEA_A,instance,moderate,119.0,110941192.0,,SEA_A__s119,SEA_A__s119__instance__moderate,1,58900,0.7253549169981852,56050,0.9117930419268511,0.9030749768522599,8546,4887,0.5718464778843904,47504,20091,0.42293280565847086,,,confirmed,True,adwin,complete,results/per_dataset_study/fixed_responses/runs/SEA_A/adwin/SEA_A__s119__instance__moderate/confirmed_screened,,,,,
SEA_A,instance,moderate,119.0,110941192.0,,SEA_A__s119,SEA_A__s119__instance__moderate,1,58900,0.6084848750033416,56050,0.9102408563782337,0.9025256524584961,8546,8546,1.0,47504,0,0.0,,,confirmed,False,adwin,complete,results/per_dataset_study/fixed_responses/runs/SEA_A/adwin/SEA_A__s119__instance__moderate/confirmed_unscreened,60000.0,58900.0,2850.0,False,3000.0
SEA_A,instance,moderate,119.0,110941192.0,,SEA_A__s119,SEA_A__s119__instance__moderate,2,57000,0.7140946250001434,56050,0.9008563782337199,0.8899224895376705,8546,4064,0.47554411420547626,47504,24968,0.5255978443920512,,,immediate,True,adwin,complete,results/per_dataset_study/fixed_responses/runs/SEA_A/adwin/SEA_A__s119__instance__moderate/immediate_screened,60000.0,27550.0,1900.0,False,3000.0
SEA_A,instance,moderate,119.0,110941192.0,,SEA_A__s119,SEA_A__s119__instance__moderate,3,57000,0.5960801250184886,56050,0.9102408563782337,0.9025447652573146,8546,8546,1.0,47504,0,0.0,,,immediate,False,adwin,complete,results/per_dataset_study/fixed_responses/runs/SEA_A/adwin/SEA_A__s119__instance__moderate/immediate_unscreened,60000.0,57000.0,2850.0,False,3000.0
SEA_A,instance,severe,119.0,3882502243.0,,SEA_A__s119,SEA_A__s119__instance__severe,1,58900,0.722287457989296,56050,0.9011596788581624,0.8916238598881854,14266,9189,0.6441188840600028,41784,14873,0.35594964579743443,,,confirmed,True,adwin,complete,results/per_dataset_study/fixed_responses/runs/SEA_A/adwin/SEA_A__s119__instance__severe/confirmed_screened,,,,,
SEA_A,instance,severe,119.0,3882502243.0,,SEA_A__s119,SEA_A__s119__instance__severe,1,58900,0.6110070419963449,56050,0.9003389830508475,0.8910501654520112,14266,14266,1.0,41784,0,0.0,,,confirmed,False,adwin,complete,results/per_dataset_study/fixed_responses/runs/SEA_A/adwin/SEA_A__s119__instance__severe/confirmed_unscreened,60000.0,58900.0,2850.0,False,3000.0
SEA_A,instance,severe,119.0,3882502243.0,,SEA_A__s119,SEA_A__s119__instance__severe,1,57000,0.7382846660038922,56050,0.903479036574487,0.8945045016434066,14266,9189,0.6441188840600028,41784,14873,0.35594964579743443,,,immediate,True,adwin,complete,results/per_dataset_study/fixed_responses/runs/SEA_A/adwin/SEA_A__s119__instance__severe/immediate_screened,60000.0,37050.0,950.0,False,3000.0
SEA_A,instance,severe,119.0,3882502243.0,,SEA_A__s119,SEA_A__s119__instance__severe,1,57000,0.6130205410008784,56050,0.9022658340767172,0.8934886161459491,14266,14266,1.0,41784,0,0.0,,,immediate,False,adwin,complete,results/per_dataset_study/fixed_responses/runs/SEA_A/adwin/SEA_A__s119__instance__severe/immediate_unscreened,60000.0,57000.0,950.0,False,3000.0
SEA_A,splice,moderate,119.0,1473637511.0,,SEA_A__s119,SEA_A__s119__splice__moderate,2,60800,0.7462288750102744,47476,0.908627517061252,0.8993300681749969,8574,4568,0.5327735012829484,47476,11194,0.23578228999915746,,,confirmed,True,adwin,complete,results/per_dataset_study/fixed_responses/runs/SEA_A/adwin/SEA_A__s119__splice__moderate/confirmed_screened,,,,,
SEA_A,splice,moderate,119.0,1473637511.0,,SEA_A__s119,SEA_A__s119__splice__moderate,1,58900,0.6225849170004949,47476,0.9045412418906394,0.8950576653558842,8574,8574,1.0,47476,0,0.0,,,confirmed,False,adwin,complete,results/per_dataset_study/fixed_responses/runs/SEA_A/adwin/SEA_A__s119__splice__moderate/confirmed_unscreened,60000.0,58900.0,2850.0,False,3000.0
SEA_A,splice,moderate,119.0,1473637511.0,,SEA_A__s119,SEA_A__s119__splice__moderate,2,57000,0.7304032919928432,47476,0.9019925857275255,0.8926159991324145,8574,4309,0.5025658968975973,47476,18535,0.39040778498609824,,,immediate,True,adwin,complete,results/per_dataset_study/fixed_responses/runs/SEA_A/adwin/SEA_A__s119__splice__moderate/immediate_screened,60000.0,34200.0,1900.0,False,3000.0
SEA_A,splice,moderate,119.0,1473637511.0,,SEA_A__s119,SEA_A__s119__splice__moderate,11,57000,0.5917880840133876,47476,0.9008130423793075,0.8908356270270521,8574,8574,1.0,47476,0,0.0,,,immediate,False,adwin,complete,results/per_dataset_study/fixed_responses/runs/SEA_A/adwin/SEA_A__s119__splice__moderate/immediate_unscreened,60000.0,57000.0,10450.0,False,3000.0
SEA_A,splice,severe,119.0,2268888980.0,,SEA_A__s119,SEA_A__s119__splice__severe,1,58900,0.7762685000197962,41783,0.9061101404877582,0.8974252246379208,14267,9604,0.6731618420130371,41783,11487,0.2749204221812699,,,confirmed,True,adwin,complete,results/per_dataset_study/fixed_responses/runs/SEA_A/adwin/SEA_A__s119__splice__severe/confirmed_screened,,,,,
SEA_A,splice,severe,119.0,2268888980.0,,SEA_A__s119,SEA_A__s119__splice__severe,1,58900,0.6149872499809135,41783,0.9047938156666587,0.8959316340663441,14267,14267,1.0,41783,0,0.0,,,confirmed,False,adwin,complete,results/per_dataset_study/fixed_responses/runs/SEA_A/adwin/SEA_A__s119__splice__severe/confirmed_unscreened,60000.0,58900.0,2850.0,False,3000.0
SEA_A,splice,severe,119.0,2268888980.0,,SEA_A__s119,SEA_A__s119__splice__severe,6,57000,0.7218618750048336,41783,0.9038843548811718,0.8941091812841477,14267,9286,0.6508726431625429,41783,11169,0.2673096713974583,,,immediate,True,adwin,complete,results/per_dataset_study/fixed_responses/runs/SEA_A/adwin/SEA_A__s119__splice__severe/immediate_screened,60000.0,40850.0,5700.0,False,3000.0
SEA_A,splice,severe,119.0,2268888980.0,,SEA_A__s119,SEA_A__s119__splice__severe,7,57000,0.6147932920139283,41783,0.8965608022401456,0.8863016471696913,14267,14267,1.0,41783,0,0.0,,,immediate,False,adwin,complete,results/per_dataset_study/fixed_responses/runs/SEA_A/adwin/SEA_A__s119__splice__severe/immediate_unscreened,60000.0,57000.0,6650.0,False,3000.0
SEA_A,clean,none,115.0,,,SEA_A__s115,SEA_A__s115__clean__none,0,57000,1.0601231249893317,56050,0.8946297948260482,0.8843860340520493,0,0,,56050,2850,0.05084745762711865,,,confirmed,True,d3_oof,complete,results/per_dataset_study/fixed_responses/runs/SEA_A/d3_oof/SEA_A__s115__clean__none/confirmed_screened,,,,,
SEA_A,clean,none,115.0,,,SEA_A__s115,SEA_A__s115__clean__none,0,57000,0.6627349579939619,56050,0.8950223015165031,0.8846927304128832,0,0,,56050,0,0.0,,,confirmed,False,d3_oof,complete,results/per_dataset_study/fixed_responses/runs/SEA_A/d3_oof/SEA_A__s115__clean__none/confirmed_unscreened,60000.0,57000.0,0.0,True,3000.0
SEA_A,clean,none,115.0,,,SEA_A__s115,SEA_A__s115__clean__none,2,57000,0.7933414159924723,56050,0.9064228367528993,0.8979927378109749,0,0,,56050,11400,0.2033898305084746,,,immediate,True,d3_oof,complete,results/per_dataset_study/fixed_responses/runs/SEA_A/d3_oof/SEA_A__s115__clean__none/immediate_screened,60000.0,45600.0,1900.0,False,3000.0
SEA_A,clean,none,115.0,,,SEA_A__s115,SEA_A__s115__clean__none,2,57000,0.636766958021326,56050,0.9038537020517395,0.8954015113367411,0,0,,56050,0,0.0,,,immediate,False,d3_oof,complete,results/per_dataset_study/fixed_responses/runs/SEA_A/d3_oof/SEA_A__s115__clean__none/immediate_unscreened,60000.0,57000.0,1900.0,False,3000.0
SEA_A,concept,moderate,115.0,2983410498.0,,SEA_A__s115,SEA_A__s115__concept__moderate,0,57000,1.006811416009441,47512,0.9016248526687994,0.8933260672250287,8538,5141,0.6021316467556805,47512,13703,0.2884113487119044,,,confirmed,True,d3_oof,complete,results/per_dataset_study/fixed_responses/runs/SEA_A/d3_oof/SEA_A__s115__concept__moderate/confirmed_screened,,,,,
SEA_A,concept,moderate,115.0,2983410498.0,,SEA_A__s115,SEA_A__s115__concept__moderate,0,57000,0.6739981250138953,47512,0.8827664589998316,0.8722498969278554,8538,8538,1.0,47512,0,0.0,,,confirmed,False,d3_oof,complete,results/per_dataset_study/fixed_responses/runs/SEA_A/d3_oof/SEA_A__s115__concept__moderate/confirmed_unscreened,60000.0,57000.0,0.0,False,3000.0
SEA_A,concept,moderate,115.0,2983410498.0,,SEA_A__s115,SEA_A__s115__concept__moderate,0,57000,0.8896660410100594,47512,0.9016248526687994,0.8933260672250287,8538,5141,0.6021316467556805,47512,13703,0.2884113487119044,,,immediate,True,d3_oof,complete,results/per_dataset_study/fixed_responses/runs/SEA_A/d3_oof/SEA_A__s115__concept__moderate/immediate_screened,60000.0,39900.0,0.0,False,3000.0
SEA_A,concept,moderate,115.0,2983410498.0,,SEA_A__s115,SEA_A__s115__concept__moderate,0,57000,0.6752529589866754,47512,0.8827664589998316,0.8722498969278554,8538,8538,1.0,47512,0,0.0,,,immediate,False,d3_oof,complete,results/per_dataset_study/fixed_responses/runs/SEA_A/d3_oof/SEA_A__s115__concept__moderate/immediate_unscreened,60000.0,57000.0,0.0,False,3000.0
SEA_A,concept,severe,115.0,3074832534.0,,SEA_A__s115,SEA_A__s115__concept__severe,0,58900,1.027325250004651,41779,0.8935350295603054,0.8825463872045062,14271,11402,0.7989629318197744,41779,3781,0.09050001196773498,,,confirmed,True,d3_oof,complete,results/per_dataset_study/fixed_responses/runs/SEA_A/d3_oof/SEA_A__s115__concept__severe/confirmed_screened,,,,,
SEA_A,concept,severe,115.0,3074832534.0,,SEA_A__s115,SEA_A__s115__concept__severe,1,58900,0.6544852090009954,41779,0.8883170971062017,0.8781338791732477,14271,14271,1.0,41779,0,0.0,,,confirmed,False,d3_oof,complete,results/per_dataset_study/fixed_responses/runs/SEA_A/d3_oof/SEA_A__s115__concept__severe/confirmed_unscreened,60000.0,58900.0,2850.0,False,3000.0
SEA_A,concept,severe,115.0,3074832534.0,,SEA_A__s115,SEA_A__s115__concept__severe,0,57000,0.9141101659915876,41779,0.8909021278632806,0.8793080951332843,14271,10952,0.767430453366968,41779,5231,0.12520644342851672,,,immediate,True,d3_oof,complete,results/per_dataset_study/fixed_responses/runs/SEA_A/d3_oof/SEA_A__s115__concept__severe/immediate_screened,60000.0,48450.0,0.0,False,3000.0
SEA_A,concept,severe,115.0,3074832534.0,,SEA_A__s115,SEA_A__s115__concept__severe,1,57000,0.6625000000058208,41779,0.8873357428373106,0.8768744846894034,14271,14271,1.0,41779,0,0.0,,,immediate,False,d3_oof,complete,results/per_dataset_study/fixed_responses/runs/SEA_A/d3_oof/SEA_A__s115__concept__severe/immediate_unscreened,60000.0,57000.0,950.0,False,3000.0
SEA_A,instance,moderate,115.0,2392216387.0,,SEA_A__s115,SEA_A__s115__instance__moderate,0,57000,1.0417865419876762,56050,0.9008742194469224,0.8916081090632895,8531,7981,0.9355292462782793,47519,3250,0.06839369515351754,,,confirmed,True,d3_oof,complete,results/per_dataset_study/fixed_responses/runs/SEA_A/d3_oof/SEA_A__s115__instance__moderate/confirmed_screened,,,,,
SEA_A,instance,moderate,115.0,2392216387.0,,SEA_A__s115,SEA_A__s115__instance__moderate,0,57000,0.6749870000057854,56050,0.8986440677966102,0.8889799153258853,8531,8531,1.0,47519,0,0.0,,,confirmed,False,d3_oof,complete,results/per_dataset_study/fixed_responses/runs/SEA_A/d3_oof/SEA_A__s115__instance__moderate/confirmed_unscreened,60000.0,57000.0,0.0,False,3000.0
SEA_A,instance,moderate,115.0,2392216387.0,,SEA_A__s115,SEA_A__s115__instance__moderate,1,57000,0.8158472919894848,56050,0.9092774308652989,0.9011243841712251,8531,7139,0.8368303833079358,47519,8108,0.1706264862476062,,,immediate,True,d3_oof,complete,results/per_dataset_study/fixed_responses/runs/SEA_A/d3_oof/SEA_A__s115__instance__moderate/immediate_screened,60000.0,47500.0,950.0,False,3000.0
SEA_A,instance,moderate,115.0,2392216387.0,,SEA_A__s115,SEA_A__s115__instance__moderate,1,57000,0.6632066250022035,56050,0.8970026761819804,0.8873347784702753,8531,8531,1.0,47519,0,0.0,,,immediate,False,d3_oof,complete,results/per_dataset_study/fixed_responses/runs/SEA_A/d3_oof/SEA_A__s115__instance__moderate/immediate_unscreened,60000.0,57000.0,950.0,False,3000.0
SEA_A,instance,severe,115.0,345179728.0,,SEA_A__s115,SEA_A__s115__instance__severe,0,57000,0.9355138329992769,56050,0.8956289027653881,0.8856521903994463,14226,10552,0.7417404751862786,41824,10576,0.2528691660290742,,,confirmed,True,d3_oof,complete,results/per_dataset_study/fixed_responses/runs/SEA_A/d3_oof/SEA_A__s115__instance__severe/confirmed_screened,,,,,
SEA_A,instance,severe,115.0,345179728.0,,SEA_A__s115,SEA_A__s115__instance__severe,0,57000,0.6553792920021806,56050,0.8910615521855486,0.8804653252063084,14226,14226,1.0,41824,0,0.0,,,confirmed,False,d3_oof,complete,results/per_dataset_study/fixed_responses/runs/SEA_A/d3_oof/SEA_A__s115__instance__severe/confirmed_unscreened,60000.0,57000.0,0.0,False,3000.0
SEA_A,instance,severe,115.0,345179728.0,,SEA_A__s115,SEA_A__s115__instance__severe,0,57000,0.853043416980654,56050,0.8928813559322034,0.8820290594290652,14226,11275,0.7925629129762407,41824,8449,0.20201319816373375,,,immediate,True,d3_oof,complete,results/per_dataset_study/fixed_responses/runs/SEA_A/d3_oof/SEA_A__s115__instance__severe/immediate_screened,60000.0,45600.0,0.0,False,3000.0
SEA_A,instance,severe,115.0,345179728.0,,SEA_A__s115,SEA_A__s115__instance__severe,1,57000,0.6523102080100216,56050,0.8937912578055308,0.8841921139968343,14226,14226,1.0,41824,0,0.0,,,immediate,False,d3_oof,complete,results/per_dataset_study/fixed_responses/runs/SEA_A/d3_oof/SEA_A__s115__instance__severe/immediate_unscreened,60000.0,57000.0,950.0,False,3000.0
SEA_A,splice,moderate,115.0,1669518770.0,,SEA_A__s115,SEA_A__s115__splice__moderate,0,57000,1.0625209999998333,47495,0.8955890093694073,0.8861342519431801,8555,6889,0.8052600818234951,47495,4034,0.08493525634277292,,,confirmed,True,d3_oof,complete,results/per_dataset_study/fixed_responses/runs/SEA_A/d3_oof/SEA_A__s115__splice__moderate/confirmed_screened,,,,,
SEA_A,splice,moderate,115.0,1669518770.0,,SEA_A__s115,SEA_A__s115__splice__moderate,0,57000,0.6578786250029225,47495,0.8930624276239604,0.8831080207295681,8555,8555,1.0,47495,0,0.0,,,confirmed,False,d3_oof,complete,results/per_dataset_study/fixed_responses/runs/SEA_A/d3_oof/SEA_A__s115__splice__moderate/confirmed_unscreened,60000.0,57000.0,0.0,False,3000.0
SEA_A,splice,moderate,115.0,1669518770.0,,SEA_A__s115,SEA_A__s115__splice__moderate,0,57000,0.9480848749808501,47495,0.8955890093694073,0.8861342519431801,8555,6889,0.8052600818234951,47495,4034,0.08493525634277292,,,immediate,True,d3_oof,complete,results/per_dataset_study/fixed_responses/runs/SEA_A/d3_oof/SEA_A__s115__splice__moderate/immediate_screened,60000.0,51300.0,0.0,False,3000.0
SEA_A,splice,moderate,115.0,1669518770.0,,SEA_A__s115,SEA_A__s115__splice__moderate,1,57000,0.6514013750129379,47495,0.893778292451837,0.8843393931603002,8555,8555,1.0,47495,0,0.0,,,immediate,False,d3_oof,complete,results/per_dataset_study/fixed_responses/runs/SEA_A/d3_oof/SEA_A__s115__splice__moderate/immediate_unscreened,60000.0,57000.0,950.0,False,3000.0
SEA_A,splice,severe,115.0,3823887799.0,,SEA_A__s115,SEA_A__s115__splice__severe,0,58900,0.9990267919929465,41816,0.8958293476181366,0.8861442299340487,14234,10468,0.7354222284670507,41816,10484,0.2507174287354123,,,confirmed,True,d3_oof,complete,results/per_dataset_study/fixed_responses/runs/SEA_A/d3_oof/SEA_A__s115__splice__severe/confirmed_screened,,,,,
SEA_A,splice,severe,115.0,3823887799.0,,SEA_A__s115,SEA_A__s115__splice__severe,1,58900,0.6792100419988856,41816,0.8975750908743065,0.8883346543010238,14234,14234,1.0,41816,0,0.0,,,confirmed,False,d3_oof,complete,results/per_dataset_study/fixed_responses/runs/SEA_A/d3_oof/SEA_A__s115__splice__severe/confirmed_unscreened,60000.0,58900.0,2850.0,False,3000.0
SEA_A,splice,severe,115.0,3823887799.0,,SEA_A__s115,SEA_A__s115__splice__severe,1,57000,0.8230700000131037,41816,0.9090061220585421,0.9015342435070144,14234,11021,0.7742728677813685,41816,8187,0.19578630189401186,,,immediate,True,d3_oof,complete,results/per_dataset_study/fixed_responses/runs/SEA_A/d3_oof/SEA_A__s115__splice__severe/immediate_screened,60000.0,45600.0,950.0,False,3000.0
SEA_A,splice,severe,115.0,3823887799.0,,SEA_A__s115,SEA_A__s115__splice__severe,1,57000,0.6647173340024892,41816,0.8995838913334608,0.890266242386897,14234,14234,1.0,41816,0,0.0,,,immediate,False,d3_oof,complete,results/per_dataset_study/fixed_responses/runs/SEA_A/d3_oof/SEA_A__s115__splice__severe/immediate_unscreened,60000.0,57000.0,950.0,False,3000.0
SEA_A,clean,none,116.0,,,SEA_A__s116,SEA_A__s116__clean__none,0,60800,1.0525804170029005,56050,0.8971632471008029,0.8869299775345146,0,0,,56050,11400,0.2033898305084746,,,confirmed,True,d3_oof,complete,results/per_dataset_study/fixed_responses/runs/SEA_A/d3_oof/SEA_A__s116__clean__none/confirmed_screened,,,,,
SEA_A,clean,none,116.0,,,SEA_A__s116,SEA_A__s116__clean__none,1,58900,0.7078017920139246,56050,0.9031043710972346,0.893179286759751,0,0,,56050,0,0.0,,,confirmed,False,d3_oof,complete,results/per_dataset_study/fixed_responses/runs/SEA_A/d3_oof/SEA_A__s116__clean__none/confirmed_unscreened,60000.0,58900.0,2850.0,False,3000.0
SEA_A,clean,none,116.0,,,SEA_A__s116,SEA_A__s116__clean__none,1,57000,0.8506690420035738,56050,0.9113826940231936,0.9036560433767439,0,0,,56050,10450,0.1864406779661017,,,immediate,True,d3_oof,complete,results/per_dataset_study/fixed_responses/runs/SEA_A/d3_oof/SEA_A__s116__clean__none/immediate_screened,60000.0,46550.0,950.0,False,3000.0
SEA_A,clean,none,116.0,,,SEA_A__s116,SEA_A__s116__clean__none,1,57000,0.6748256669961847,56050,0.9032292595896521,0.8931639930092767,0,0,,56050,0,0.0,,,immediate,False,d3_oof,complete,results/per_dataset_study/fixed_responses/runs/SEA_A/d3_oof/SEA_A__s116__clean__none/immediate_unscreened,60000.0,57000.0,950.0,False,3000.0
SEA_A,concept,moderate,116.0,2842105116.0,,SEA_A__s116,SEA_A__s116__concept__moderate,0,57000,1.0209536670008674,47478,0.9006908462867013,0.8907662719954983,8572,6526,0.7613159122725152,47478,6504,0.13698976368002022,,,confirmed,True,d3_oof,complete,results/per_dataset_study/fixed_responses/runs/SEA_A/d3_oof/SEA_A__s116__concept__moderate/confirmed_screened,,,,,
SEA_A,concept,moderate,116.0,2842105116.0,,SEA_A__s116,SEA_A__s116__concept__moderate,0,57000,0.6941555829835124,47478,0.8913180841652976,0.8792349179848434,8572,8572,1.0,47478,0,0.0,,,confirmed,False,d3_oof,complete,results/per_dataset_study/fixed_responses/runs/SEA_A/d3_oof/SEA_A__s116__concept__moderate/confirmed_unscreened,60000.0,57000.0,0.0,False,3000.0
SEA_A,concept,moderate,116.0,2842105116.0,,SEA_A__s116,SEA_A__s116__concept__moderate,2,57000,0.8201338749786373,47478,0.8987109819284721,0.8884258974425385,8572,4642,0.5415305646290247,47478,16970,0.35742870382071695,,,immediate,True,d3_oof,complete,results/per_dataset_study/fixed_responses/runs/SEA_A/d3_oof/SEA_A__s116__concept__moderate/immediate_screened,60000.0,36100.0,1900.0,False,3000.0
SEA_A,concept,moderate,116.0,2842105116.0,,SEA_A__s116,SEA_A__s116__concept__moderate,2,57000,0.6781478749762755,47478,0.8991743544378449,0.8893197029080617,8572,8572,1.0,47478,0,0.0,,,immediate,False,d3_oof,complete,results/per_dataset_study/fixed_responses/runs/SEA_A/d3_oof/SEA_A__s116__concept__moderate/immediate_unscreened,60000.0,57000.0,1900.0,False,3000.0
SEA_A,concept,severe,116.0,1226260622.0,,SEA_A__s116,SEA_A__s116__concept__severe,0,57000,0.9542667500063544,41789,0.8921486515590227,0.8805969921688448,14261,8723,0.6116681859617138,41789,12512,0.2994089353657661,,,confirmed,True,d3_oof,complete,results/per_dataset_study/fixed_responses/runs/SEA_A/d3_oof/SEA_A__s116__concept__severe/confirmed_screened,,,,,
SEA_A,concept,severe,116.0,1226260622.0,,SEA_A__s116,SEA_A__s116__concept__severe,0,57000,0.6841060830047354,41789,0.8820742300605422,0.8694198448627838,14261,14261,1.0,41789,0,0.0,,,confirmed,False,d3_oof,complete,results/per_dataset_study/fixed_responses/runs/SEA_A/d3_oof/SEA_A__s116__concept__severe/confirmed_unscreened,60000.0,57000.0,0.0,False,3000.0
SEA_A,concept,severe,116.0,1226260622.0,,SEA_A__s116,SEA_A__s116__concept__severe,1,57000,0.8684947080037091,41789,0.9007872885209026,0.8916277130602643,14261,6936,0.4863614052310497,41789,16425,0.39304601689439805,,,immediate,True,d3_oof,complete,results/per_dataset_study/fixed_responses/runs/SEA_A/d3_oof/SEA_A__s116__concept__severe/immediate_screened,60000.0,33250.0,950.0,False,3000.0
SEA_A,concept,severe,116.0,1226260622.0,,SEA_A__s116,SEA_A__s116__concept__severe,2,57000,0.684941167011857,41789,0.8810452511426452,0.8704979248855541,14261,14261,1.0,41789,0,0.0,,,immediate,False,d3_oof,complete,results/per_dataset_study/fixed_responses/runs/SEA_A/d3_oof/SEA_A__s116__concept__severe/immediate_unscreened,60000.0,57000.0,1900.0,False,3000.0
SEA_A,instance,moderate,116.0,453400147.0,,SEA_A__s116,SEA_A__s116__instance__moderate,1,58900,0.9488657500041882,56050,0.9014808206958073,0.8911889186224156,8529,6359,0.7455739242584125,47521,12080,0.25420340481050485,,,confirmed,True,d3_oof,complete,results/per_dataset_study/fixed_responses/runs/SEA_A/d3_oof/SEA_A__s116__instance__moderate/confirmed_screened,,,,,
SEA_A,instance,moderate,116.0,453400147.0,,SEA_A__s116,SEA_A__s116__instance__moderate,0,57000,0.6998121660144534,56050,0.8916146297948261,0.8794499675921359,8529,8529,1.0,47521,0,0.0,,,confirmed,False,d3_oof,complete,results/per_dataset_study/fixed_responses/runs/SEA_A/d3_oof/SEA_A__s116__instance__moderate/confirmed_unscreened,60000.0,57000.0,0.0,False,3000.0
SEA_A,instance,moderate,116.0,453400147.0,,SEA_A__s116,SEA_A__s116__instance__moderate,0,57000,0.9047589580004569,56050,0.907172167707404,0.8980345275810834,8529,6126,0.7182553640520577,47521,13747,0.28928263294122597,,,immediate,True,d3_oof,complete,results/per_dataset_study/fixed_responses/runs/SEA_A/d3_oof/SEA_A__s116__instance__moderate/immediate_screened,60000.0,40850.0,0.0,False,3000.0
SEA_A,instance,moderate,116.0,453400147.0,,SEA_A__s116,SEA_A__s116__instance__moderate,3,57000,0.6717206249886658,56050,0.8985370205173951,0.8884101414659032,8529,8529,1.0,47521,0,0.0,,,immediate,False,d3_oof,complete,results/per_dataset_study/fixed_responses/runs/SEA_A/d3_oof/SEA_A__s116__instance__moderate/immediate_unscreened,60000.0,57000.0,2850.0,False,3000.0
SEA_A,instance,severe,116.0,3914142360.0,,SEA_A__s116,SEA_A__s116__instance__severe,0,57000,0.9971219589933753,56050,0.8874219446922391,0.8763503167858626,14241,12352,0.8673548205884418,41809,5711,0.13659738333851562,,,confirmed,True,d3_oof,complete,results/per_dataset_study/fixed_responses/runs/SEA_A/d3_oof/SEA_A__s116__instance__severe/confirmed_screened,,,,,
SEA_A,instance,severe,116.0,3914142360.0,,SEA_A__s116,SEA_A__s116__instance__severe,0,57000,0.7141750830051024,56050,0.8908117752007136,0.8803635446587333,14241,14241,1.0,41809,0,0.0,,,confirmed,False,d3_oof,complete,results/per_dataset_study/fixed_responses/runs/SEA_A/d3_oof/SEA_A__s116__instance__severe/confirmed_unscreened,60000.0,57000.0,0.0,False,3000.0
SEA_A,instance,severe,116.0,3914142360.0,,SEA_A__s116,SEA_A__s116__instance__severe,1,57000,0.8464739579940215,56050,0.896128456735058,0.8873774376556554,14241,12096,0.8493785548767643,41809,6405,0.15319668014063959,,,immediate,True,d3_oof,complete,results/per_dataset_study/fixed_responses/runs/SEA_A/d3_oof/SEA_A__s116__instance__severe/immediate_screened,60000.0,48450.0,950.0,False,3000.0
SEA_A,instance,severe,116.0,3914142360.0,,SEA_A__s116,SEA_A__s116__instance__severe,1,57000,0.6819639999885112,56050,0.8942372881355932,0.8848518567814665,14241,14241,1.0,41809,0,0.0,,,immediate,False,d3_oof,complete,results/per_dataset_study/fixed_responses/runs/SEA_A/d3_oof/SEA_A__s116__instance__severe/immediate_unscreened,60000.0,57000.0,950.0,False,3000.0
SEA_A,splice,moderate,116.0,921862620.0,,SEA_A__s116,SEA_A__s116__splice__moderate,0,57000,0.9920944589975988,47537,0.9068094326524602,0.8979187329517002,8513,6146,0.7219546575825209,47537,10933,0.22998927151482004,,,confirmed,True,d3_oof,complete,results/per_dataset_study/fixed_responses/runs/SEA_A/d3_oof/SEA_A__s116__splice__moderate/confirmed_screened,,,,,
SEA_A,splice,moderate,116.0,921862620.0,,SEA_A__s116,SEA_A__s116__splice__moderate,0,57000,0.7049335000046995,47537,0.8904853061825525,0.878700692740001,8513,8513,1.0,47537,0,0.0,,,confirmed,False,d3_oof,complete,results/per_dataset_study/fixed_responses/runs/SEA_A/d3_oof/SEA_A__s116__splice__moderate/confirmed_unscreened,60000.0,57000.0,0.0,False,3000.0
SEA_A,splice,moderate,116.0,921862620.0,,SEA_A__s116,SEA_A__s116__splice__moderate,1,57000,0.9258901669818442,47537,0.8968382523087279,0.886885214332225,8513,4262,0.5006460707153765,47537,17599,0.3702168836905989,,,immediate,True,d3_oof,complete,results/per_dataset_study/fixed_responses/runs/SEA_A/d3_oof/SEA_A__s116__splice__moderate/immediate_screened,60000.0,35150.0,950.0,False,3000.0
SEA_A,splice,moderate,116.0,921862620.0,,SEA_A__s116,SEA_A__s116__splice__moderate,2,57000,0.7645084999967366,47537,0.8995308917264446,0.8894499323315106,8513,8513,1.0,47537,0,0.0,,,immediate,False,d3_oof,complete,results/per_dataset_study/fixed_responses/runs/SEA_A/d3_oof/SEA_A__s116__splice__moderate/immediate_unscreened,60000.0,57000.0,1900.0,False,3000.0
SEA_A,splice,severe,116.0,1993734708.0,,SEA_A__s116,SEA_A__s116__splice__severe,1,58900,0.9186000000045169,41812,0.9056969291112599,0.8969666426760884,14238,7978,0.5603315072341621,41812,15590,0.3728594661819573,,,confirmed,True,d3_oof,complete,results/per_dataset_study/fixed_responses/runs/SEA_A/d3_oof/SEA_A__s116__splice__severe/confirmed_screened,,,,,
SEA_A,splice,severe,116.0,1993734708.0,,SEA_A__s116,SEA_A__s116__splice__severe,1,58900,0.7079495420039166,41812,0.8978044580503205,0.888692704776135,14238,14238,1.0,41812,0,0.0,,,confirmed,False,d3_oof,complete,results/per_dataset_study/fixed_responses/runs/SEA_A/d3_oof/SEA_A__s116__splice__severe/confirmed_unscreened,60000.0,58900.0,2850.0,False,3000.0
SEA_A,splice,severe,116.0,1993734708.0,,SEA_A__s116,SEA_A__s116__splice__severe,0,57000,0.9699907920148689,41812,0.9066775088491342,0.8979055241614764,14238,8014,0.5628599522404832,41812,14676,0.3509997130010523,,,immediate,True,d3_oof,complete,results/per_dataset_study/fixed_responses/runs/SEA_A/d3_oof/SEA_A__s116__splice__severe/immediate_screened,60000.0,36100.0,0.0,False,3000.0
SEA_A,splice,severe,116.0,1993734708.0,,SEA_A__s116,SEA_A__s116__splice__severe,1,57000,0.7349159160221461,41812,0.9107194106954941,0.9035127782462696,14238,14238,1.0,41812,0,0.0,,,immediate,False,d3_oof,complete,results/per_dataset_study/fixed_responses/runs/SEA_A/d3_oof/SEA_A__s116__splice__severe/immediate_unscreened,60000.0,57000.0,950.0,False,3000.0
SEA_A,clean,none,117.0,,,SEA_A__s117,SEA_A__s117__clean__none,0,57000,0.999451791998581,56050,0.9093309545049063,0.9005996193617851,0,0,,56050,13300,0.23728813559322035,,,confirmed,True,d3_oof,complete,results/per_dataset_study/fixed_responses/runs/SEA_A/d3_oof/SEA_A__s117__clean__none/confirmed_screened,,,,,
SEA_A,clean,none,117.0,,,SEA_A__s117,SEA_A__s117__clean__none,0,57000,0.6814664580160752,56050,0.8936663693131133,0.8825096580797588,0,0,,56050,0,0.0,,,confirmed,False,d3_oof,complete,results/per_dataset_study/fixed_responses/runs/SEA_A/d3_oof/SEA_A__s117__clean__none/confirmed_unscreened,60000.0,57000.0,0.0,False,3000.0
SEA_A,clean,none,117.0,,,SEA_A__s117,SEA_A__s117__clean__none,1,57000,0.8453641250089277,56050,0.9106868867082961,0.9022171747000114,0,0,,56050,18050,0.3220338983050847,,,immediate,True,d3_oof,complete,results/per_dataset_study/fixed_responses/runs/SEA_A/d3_oof/SEA_A__s117__clean__none/immediate_screened,60000.0,38950.0,950.0,False,3000.0
SEA_A,clean,none,117.0,,,SEA_A__s117,SEA_A__s117__clean__none,2,57000,0.6666395840002224,56050,0.9106512042818912,0.9029044524458643,0,0,,56050,0,0.0,,,immediate,False,d3_oof,complete,results/per_dataset_study/fixed_responses/runs/SEA_A/d3_oof/SEA_A__s117__clean__none/immediate_unscreened,60000.0,57000.0,1900.0,False,3000.0
SEA_A,concept,moderate,117.0,4256973585.0,,SEA_A__s117,SEA_A__s117__concept__moderate,0,57000,0.9960841249994701,47492,0.896740503663775,0.8861706105430553,8558,6658,0.7779855106333255,47492,11400,0.24004042786153457,,,confirmed,True,d3_oof,complete,results/per_dataset_study/fixed_responses/runs/SEA_A/d3_oof/SEA_A__s117__concept__moderate/confirmed_screened,,,,,
SEA_A,concept,moderate,117.0,4256973585.0,,SEA_A__s117,SEA_A__s117__concept__moderate,0,57000,0.7004114160081372,47492,0.8834751115977427,0.8698465693290869,8558,8558,1.0,47492,0,0.0,,,confirmed,False,d3_oof,complete,results/per_dataset_study/fixed_responses/runs/SEA_A/d3_oof/SEA_A__s117__concept__moderate/confirmed_unscreened,60000.0,57000.0,0.0,False,3000.0
SEA_A,concept,moderate,117.0,4256973585.0,,SEA_A__s117,SEA_A__s117__concept__moderate,1,57000,0.854208083008416,47492,0.8993304135433337,0.8894301919271022,8558,5821,0.6801822855807431,47492,12463,0.26242314495072855,,,immediate,True,d3_oof,complete,results/per_dataset_study/fixed_responses/runs/SEA_A/d3_oof/SEA_A__s117__concept__moderate/immediate_screened,60000.0,41800.0,950.0,False,3000.0
SEA_A,concept,moderate,117.0,4256973585.0,,SEA_A__s117,SEA_A__s117__concept__moderate,1,57000,0.700807542016264,47492,0.8963404362840057,0.8859878153427656,8558,8558,1.0,47492,0,0.0,,,immediate,False,d3_oof,complete,results/per_dataset_study/fixed_responses/runs/SEA_A/d3_oof/SEA_A__s117__concept__moderate/immediate_unscreened,60000.0,57000.0,950.0,False,3000.0
SEA_A,concept,severe,117.0,228998761.0,,SEA_A__s117,SEA_A__s117__concept__severe,0,57000,1.0470420829951763,41804,0.8985503779542627,0.8882548714818537,14246,11915,0.8363751228414994,41804,6219,0.148765668357095,,,confirmed,True,d3_oof,complete,results/per_dataset_study/fixed_responses/runs/SEA_A/d3_oof/SEA_A__s117__concept__severe/confirmed_screened,,,,,
SEA_A,concept,severe,117.0,228998761.0,,SEA_A__s117,SEA_A__s117__concept__severe,0,57000,0.681126416020561,41804,0.8885752559563678,0.8760853322781168,14246,14246,1.0,41804,0,0.0,,,confirmed,False,d3_oof,complete,results/per_dataset_study/fixed_responses/runs/SEA_A/d3_oof/SEA_A__s117__concept__severe/confirmed_unscreened,60000.0,57000.0,0.0,False,3000.0
SEA_A,concept,severe,117.0,228998761.0,,SEA_A__s117,SEA_A__s117__concept__severe,1,57000,0.8237052080221474,41804,0.9029757917902593,0.8938845804454613,14246,8633,0.6059946651691703,41804,11487,0.2747823174815807,,,immediate,True,d3_oof,complete,results/per_dataset_study/fixed_responses/runs/SEA_A/d3_oof/SEA_A__s117__concept__severe/immediate_screened,60000.0,39900.0,950.0,False,3000.0
SEA_A,concept,severe,117.0,228998761.0,,SEA_A__s117,SEA_A__s117__concept__severe,2,57000,0.6607286670187023,41804,0.8914936369725385,0.8812317536799696,14246,14246,1.0,41804,0,0.0,,,immediate,False,d3_oof,complete,results/per_dataset_study/fixed_responses/runs/SEA_A/d3_oof/SEA_A__s117__concept__severe/immediate_unscreened,60000.0,57000.0,1900.0,False,3000.0
SEA_A,instance,moderate,117.0,1195402420.0,,SEA_A__s117,SEA_A__s117__instance__moderate,0,57000,1.0062845410138834,56050,0.8938447814451382,0.8831901202649772,8575,7122,0.8305539358600583,47475,8047,0.16949973670352816,,,confirmed,True,d3_oof,complete,results/per_dataset_study/fixed_responses/runs/SEA_A/d3_oof/SEA_A__s117__instance__moderate/confirmed_screened,,,,,
SEA_A,instance,moderate,117.0,1195402420.0,,SEA_A__s117,SEA_A__s117__instance__moderate,0,57000,0.6947890000010375,56050,0.8860124888492418,0.8736771537518102,8575,8575,1.0,47475,0,0.0,,,confirmed,False,d3_oof,complete,results/per_dataset_study/fixed_responses/runs/SEA_A/d3_oof/SEA_A__s117__instance__moderate/confirmed_unscreened,60000.0,57000.0,0.0,False,3000.0
SEA_A,instance,moderate,117.0,1195402420.0,,SEA_A__s117,SEA_A__s117__instance__moderate,1,57000,0.8335619169811253,56050,0.9058697591436218,0.897708444709341,8575,6703,0.7816909620991254,47475,10478,0.2207056345444971,,,immediate,True,d3_oof,complete,results/per_dataset_study/fixed_responses/runs/SEA_A/d3_oof/SEA_A__s117__instance__moderate/immediate_screened,60000.0,44650.0,950.0,False,3000.0
SEA_A,instance,moderate,117.0,1195402420.0,,SEA_A__s117,SEA_A__s117__instance__moderate,2,57000,0.6860312089847866,56050,0.8958608385370205,0.8863133121175885,8575,8575,1.0,47475,0,0.0,,,immediate,False,d3_oof,complete,results/per_dataset_study/fixed_responses/runs/SEA_A/d3_oof/SEA_A__s117__instance__moderate/immediate_unscreened,60000.0,57000.0,1900.0,False,3000.0
SEA_A,instance,severe,117.0,4063383392.0,,SEA_A__s117,SEA_A__s117__instance__severe,0,57000,0.944896000000881,56050,0.8945941123996431,0.8832695362813365,14234,8772,0.6162709006603906,41816,15438,0.3691888272431605,,,confirmed,True,d3_oof,complete,results/per_dataset_study/fixed_responses/runs/SEA_A/d3_oof/SEA_A__s117__instance__severe/confirmed_screened,,,,,
SEA_A,instance,severe,117.0,4063383392.0,,SEA_A__s117,SEA_A__s117__instance__severe,0,57000,0.7086289169965312,56050,0.8865120428189117,0.874474738878446,14234,14234,1.0,41816,0,0.0,,,confirmed,False,d3_oof,complete,results/per_dataset_study/fixed_responses/runs/SEA_A/d3_oof/SEA_A__s117__instance__severe/confirmed_unscreened,60000.0,57000.0,0.0,False,3000.0
SEA_A,instance,severe,117.0,4063383392.0,,SEA_A__s117,SEA_A__s117__instance__severe,0,57000,0.8789171249954961,56050,0.8945941123996431,0.8832695362813365,14234,8772,0.6162709006603906,41816,15438,0.3691888272431605,,,immediate,True,d3_oof,complete,results/per_dataset_study/fixed_responses/runs/SEA_A/d3_oof/SEA_A__s117__instance__severe/immediate_screened,60000.0,36100.0,0.0,False,3000.0
SEA_A,instance,severe,117.0,4063383392.0,,SEA_A__s117,SEA_A__s117__instance__severe,0,57000,0.7029137909994461,56050,0.8865120428189117,0.874474738878446,14234,14234,1.0,41816,0,0.0,,,immediate,False,d3_oof,complete,results/per_dataset_study/fixed_responses/runs/SEA_A/d3_oof/SEA_A__s117__instance__severe/immediate_unscreened,60000.0,57000.0,0.0,False,3000.0
SEA_A,splice,moderate,117.0,1275875057.0,,SEA_A__s117,SEA_A__s117__splice__moderate,0,57000,0.99027183400176,47528,0.90451944117152,0.8956841429652165,8522,6603,0.77481811781272,47528,13281,0.2794352802558492,,,confirmed,True,d3_oof,complete,results/per_dataset_study/fixed_responses/runs/SEA_A/d3_oof/SEA_A__s117__splice__moderate/confirmed_screened,,,,,
SEA_A,splice,moderate,117.0,1275875057.0,,SEA_A__s117,SEA_A__s117__splice__moderate,0,57000,0.6900288749893662,47528,0.8952407002188184,0.8849966915845924,8522,8522,1.0,47528,0,0.0,,,confirmed,False,d3_oof,complete,results/per_dataset_study/fixed_responses/runs/SEA_A/d3_oof/SEA_A__s117__splice__moderate/confirmed_unscreened,60000.0,57000.0,0.0,False,3000.0
SEA_A,splice,moderate,117.0,1275875057.0,,SEA_A__s117,SEA_A__s117__splice__moderate,2,57000,0.7999247080006171,47528,0.9055714526174045,0.8969489704852296,8522,4509,0.529101149964797,47528,22587,0.4752356505638781,,,immediate,True,d3_oof,complete,results/per_dataset_study/fixed_responses/runs/SEA_A/d3_oof/SEA_A__s117__splice__moderate/immediate_screened,60000.0,30400.0,1900.0,False,3000.0
SEA_A,splice,moderate,117.0,1275875057.0,,SEA_A__s117,SEA_A__s117__splice__moderate,2,57000,0.6815879580099136,47528,0.9032359872075408,0.8948813944196493,8522,8522,1.0,47528,0,0.0,,,immediate,False,d3_oof,complete,results/per_dataset_study/fixed_responses/runs/SEA_A/d3_oof/SEA_A__s117__splice__moderate/immediate_unscreened,60000.0,57000.0,1900.0,False,3000.0
SEA_A,splice,severe,117.0,2243424514.0,,SEA_A__s117,SEA_A__s117__splice__severe,1,58900,0.9363164169917582,41810,0.9005022721836882,0.8915929260021247,14240,11594,0.814185393258427,41810,8754,0.20937574742884477,,,confirmed,True,d3_oof,complete,results/per_dataset_study/fixed_responses/runs/SEA_A/d3_oof/SEA_A__s117__splice__severe/confirmed_screened,,,,,
SEA_A,splice,severe,117.0,2243424514.0,,SEA_A__s117,SEA_A__s117__splice__severe,1,58900,0.7074759170063771,41810,0.9020330064577852,0.8937372681117013,14240,14240,1.0,41810,0,0.0,,,confirmed,False,d3_oof,complete,results/per_dataset_study/fixed_responses/runs/SEA_A/d3_oof/SEA_A__s117__splice__severe/confirmed_unscreened,60000.0,58900.0,2850.0,False,3000.0
SEA_A,splice,severe,117.0,2243424514.0,,SEA_A__s117,SEA_A__s117__splice__severe,2,57000,0.8387924580019899,41810,0.9016742406122937,0.8930210828717497,14240,11894,0.8352528089887641,41810,5254,0.1256637168141593,,,immediate,True,d3_oof,complete,results/per_dataset_study/fixed_responses/runs/SEA_A/d3_oof/SEA_A__s117__splice__severe/immediate_screened,60000.0,49400.0,1900.0,False,3000.0
SEA_A,splice,severe,117.0,2243424514.0,,SEA_A__s117,SEA_A__s117__splice__severe,2,57000,0.6809902079985477,41810,0.9022961014111457,0.8943399217789454,14240,14240,1.0,41810,0,0.0,,,immediate,False,d3_oof,complete,results/per_dataset_study/fixed_responses/runs/SEA_A/d3_oof/SEA_A__s117__splice__severe/immediate_unscreened,60000.0,57000.0,1900.0,False,3000.0
SEA_A,clean,none,118.0,,,SEA_A__s118,SEA_A__s118__clean__none,0,57000,0.9999460830003954,56050,0.8955040142729705,0.884459967002827,0,0,,56050,3800,0.06779661016949153,,,confirmed,True,d3_oof,complete,results/per_dataset_study/fixed_responses/runs/SEA_A/d3_oof/SEA_A__s118__clean__none/confirmed_screened,,,,,
SEA_A,clean,none,118.0,,,SEA_A__s118,SEA_A__s118__clean__none,0,57000,0.7063790419779252,56050,0.8948617305976806,0.8832667322018161,0,0,,56050,0,0.0,,,confirmed,False,d3_oof,complete,results/per_dataset_study/fixed_responses/runs/SEA_A/d3_oof/SEA_A__s118__clean__none/confirmed_unscreened,60000.0,57000.0,0.0,False,3000.0
SEA_A,clean,none,118.0,,,SEA_A__s118,SEA_A__s118__clean__none,0,57000,1.0302916660148185,56050,0.8955040142729705,0.884459967002827,0,0,,56050,3800,0.06779661016949153,,,immediate,True,d3_oof,complete,results/per_dataset_study/fixed_responses/runs/SEA_A/d3_oof/SEA_A__s118__clean__none/immediate_screened,60000.0,53200.0,0.0,False,3000.0
SEA_A,clean,none,118.0,,,SEA_A__s118,SEA_A__s118__clean__none,0,57000,0.7028163750073873,56050,0.8948617305976806,0.8832667322018161,0,0,,56050,0,0.0,,,immediate,False,d3_oof,complete,results/per_dataset_study/fixed_responses/runs/SEA_A/d3_oof/SEA_A__s118__clean__none/immediate_unscreened,60000.0,57000.0,0.0,False,3000.0
SEA_A,concept,moderate,118.0,1648460561.0,,SEA_A__s118,SEA_A__s118__concept__moderate,0,57000,0.9155308750050608,47474,0.9023676117453764,0.8921180868722642,8576,6666,0.777285447761194,47474,10440,0.21990984538905506,,,confirmed,True,d3_oof,complete,results/per_dataset_study/fixed_responses/runs/SEA_A/d3_oof/SEA_A__s118__concept__moderate/confirmed_screened,,,,,
SEA_A,concept,moderate,118.0,1648460561.0,,SEA_A__s118,SEA_A__s118__concept__moderate,0,57000,0.7461486250103917,47474,0.8937102413952901,0.8822921015230054,8576,8576,1.0,47474,0,0.0,,,confirmed,False,d3_oof,complete,results/per_dataset_study/fixed_responses/runs/SEA_A/d3_oof/SEA_A__s118__concept__moderate/confirmed_unscreened,60000.0,57000.0,0.0,False,3000.0
SEA_A,concept,moderate,118.0,1648460561.0,,SEA_A__s118,SEA_A__s118__concept__moderate,1,57000,0.8562011669855565,47474,0.8961958124447066,0.8846664470106319,8576,5917,0.6899486940298507,47474,16341,0.3442094620213169,,,immediate,True,d3_oof,complete,results/per_dataset_study/fixed_responses/runs/SEA_A/d3_oof/SEA_A__s118__concept__moderate/immediate_screened,60000.0,38000.0,950.0,False,3000.0
SEA_A,concept,moderate,118.0,1648460561.0,,SEA_A__s118,SEA_A__s118__concept__moderate,1,57000,0.6937811250099912,47474,0.9038421030458778,0.8944302776062819,8576,8576,1.0,47474,0,0.0,,,immediate,False,d3_oof,complete,results/per_dataset_study/fixed_responses/runs/SEA_A/d3_oof/SEA_A__s118__concept__moderate/immediate_unscreened,60000.0,57000.0,950.0,False,3000.0
SEA_A,concept,severe,118.0,16137799.0,,SEA_A__s118,SEA_A__s118__concept__severe,0,57000,0.8787949589896016,41780,0.9032072762087123,0.8923436301931856,14270,9705,0.6800981079187106,41780,11585,0.2772857826711345,,,confirmed,True,d3_oof,complete,results/per_dataset_study/fixed_responses/runs/SEA_A/d3_oof/SEA_A__s118__concept__severe/confirmed_screened,,,,,
SEA_A,concept,severe,118.0,16137799.0,,SEA_A__s118,SEA_A__s118__concept__severe,0,57000,0.7391120420070365,41780,0.8897797989468645,0.877394584712833,14270,14270,1.0,41780,0,0.0,,,confirmed,False,d3_oof,complete,results/per_dataset_study/fixed_responses/runs/SEA_A/d3_oof/SEA_A__s118__concept__severe/confirmed_unscreened,60000.0,57000.0,0.0,True,3000.0
SEA_A,concept,severe,118.0,16137799.0,,SEA_A__s118,SEA_A__s118__concept__severe,1,57000,0.9199270000099204,41780,0.9017472474868358,0.8906252082282315,14270,8600,0.6026629292221444,41780,13330,0.3190521780756343,,,immediate,True,d3_oof,complete,results/per_dataset_study/fixed_responses/runs/SEA_A/d3_oof/SEA_A__s118__concept__severe/immediate_screened,60000.0,38000.0,950.0,False,3000.0
SEA_A,concept,severe,118.0,16137799.0,,SEA_A__s118,SEA_A__s118__concept__severe,3,57000,0.7023105830012355,41780,0.889205361416946,0.8773145809862446,14270,14270,1.0,41780,0,0.0,,,immediate,False,d3_oof,complete,results/per_dataset_study/fixed_responses/runs/SEA_A/d3_oof/SEA_A__s118__concept__severe/immediate_unscreened,60000.0,57000.0,2850.0,False,3000.0
SEA_A,instance,moderate,118.0,4224387059.0,,SEA_A__s118,SEA_A__s118__instance__moderate,0,57000,0.8694410840107594,56050,0.9000535236396074,0.8893753288453932,8554,6116,0.7149871405190554,47496,13712,0.2886979956206838,,,confirmed,True,d3_oof,complete,results/per_dataset_study/fixed_responses/runs/SEA_A/d3_oof/SEA_A__s118__instance__moderate/confirmed_screened,,,,,
SEA_A,instance,moderate,118.0,4224387059.0,,SEA_A__s118,SEA_A__s118__instance__moderate,0,57000,0.707827374979388,56050,0.8951293487957181,0.8837561777187743,8554,8554,1.0,47496,0,0.0,,,confirmed,False,d3_oof,complete,results/per_dataset_study/fixed_responses/runs/SEA_A/d3_oof/SEA_A__s118__instance__moderate/confirmed_unscreened,60000.0,57000.0,0.0,False,3000.0
SEA_A,instance,moderate,118.0,4224387059.0,,SEA_A__s118,SEA_A__s118__instance__moderate,0,57000,0.8924832500051707,56050,0.9000535236396074,0.8893753288453932,8554,6116,0.7149871405190554,47496,13712,0.2886979956206838,,,immediate,True,d3_oof,complete,results/per_dataset_study/fixed_responses/runs/SEA_A/d3_oof/SEA_A__s118__instance__moderate/immediate_screened,60000.0,40850.0,0.0,False,3000.0
SEA_A,instance,moderate,118.0,4224387059.0,,SEA_A__s118,SEA_A__s118__instance__moderate,1,57000,0.7041126669791993,56050,0.9003746654772524,0.8895676138330677,8554,8554,1.0,47496,0,0.0,,,immediate,False,d3_oof,complete,results/per_dataset_study/fixed_responses/runs/SEA_A/d3_oof/SEA_A__s118__instance__moderate/immediate_unscreened,60000.0,57000.0,950.0,False,3000.0
SEA_A,instance,severe,118.0,2861808558.0,,SEA_A__s118,SEA_A__s118__instance__severe,1,58900,0.8009099169867113,56050,0.9070651204281891,0.898267150072365,14240,9906,0.6956460674157303,41810,12766,0.3053336522363071,,,confirmed,True,d3_oof,complete,results/per_dataset_study/fixed_responses/runs/SEA_A/d3_oof/SEA_A__s118__instance__severe/confirmed_screened,,,,,
SEA_A,instance,severe,118.0,2861808558.0,,SEA_A__s118,SEA_A__s118__instance__severe,1,58900,0.6893490410002414,56050,0.8973238180196254,0.8861872279747234,14240,14240,1.0,41810,0,0.0,,,confirmed,False,d3_oof,complete,results/per_dataset_study/fixed_responses/runs/SEA_A/d3_oof/SEA_A__s118__instance__severe/confirmed_unscreened,60000.0,58900.0,2850.0,False,3000.0
SEA_A,instance,severe,118.0,2861808558.0,,SEA_A__s118,SEA_A__s118__instance__severe,1,57000,0.8554246249841526,56050,0.8975735950044603,0.886020195872993,14240,10177,0.7146769662921348,41810,12087,0.2890935182970581,,,immediate,True,d3_oof,complete,results/per_dataset_study/fixed_responses/runs/SEA_A/d3_oof/SEA_A__s118__instance__severe/immediate_screened,60000.0,40850.0,950.0,False,3000.0
SEA_A,instance,severe,118.0,2861808558.0,,SEA_A__s118,SEA_A__s118__instance__severe,1,57000,0.6921750000037719,56050,0.8983050847457628,0.8869582206160115,14240,14240,1.0,41810,0,0.0,,,immediate,False,d3_oof,complete,results/per_dataset_study/fixed_responses/runs/SEA_A/d3_oof/SEA_A__s118__instance__severe/immediate_unscreened,60000.0,57000.0,950.0,False,3000.0
SEA_A,splice,moderate,118.0,3330973510.0,,SEA_A__s118,SEA_A__s118__splice__moderate,1,58900,0.8611548340122681,47504,0.9013346244526776,0.8908025795088532,8546,7815,0.9144629066229815,47504,3069,0.06460508588750422,,,confirmed,True,d3_oof,complete,results/per_dataset_study/fixed_responses/runs/SEA_A/d3_oof/SEA_A__s118__splice__moderate/confirmed_screened,,,,,
SEA_A,splice,moderate,118.0,3330973510.0,,SEA_A__s118,SEA_A__s118__splice__moderate,1,58900,0.7385771670087706,47504,0.9056500505220613,0.8961555114966475,8546,8546,1.0,47504,0,0.0,,,confirmed,False,d3_oof,complete,results/per_dataset_study/fixed_responses/runs/SEA_A/d3_oof/SEA_A__s118__splice__moderate/confirmed_unscreened,60000.0,58900.0,2850.0,False,3000.0
SEA_A,splice,moderate,118.0,3330973510.0,,SEA_A__s118,SEA_A__s118__splice__moderate,2,57000,0.8876639159861952,47504,0.9076498821151903,0.8983237953098306,8546,6285,0.7354317809501522,47504,11039,0.23238043112158976,,,immediate,True,d3_oof,complete,results/per_dataset_study/fixed_responses/runs/SEA_A/d3_oof/SEA_A__s118__splice__moderate/immediate_screened,60000.0,43700.0,1900.0,False,3000.0
SEA_A,splice,moderate,118.0,3330973510.0,,SEA_A__s118,SEA_A__s118__splice__moderate,3,57000,0.7240430829988327,47504,0.9056289996631862,0.8963676837340828,8546,8546,1.0,47504,0,0.0,,,immediate,False,d3_oof,complete,results/per_dataset_study/fixed_responses/runs/SEA_A/d3_oof/SEA_A__s118__splice__moderate/immediate_unscreened,60000.0,57000.0,2850.0,False,3000.0
SEA_A,splice,severe,118.0,3954790722.0,,SEA_A__s118,SEA_A__s118__splice__severe,1,58900,0.8743268749967683,41762,0.8995019395622815,0.8899578118395678,14288,11800,0.8258678611422172,41762,6062,0.14515588333892054,,,confirmed,True,d3_oof,complete,results/per_dataset_study/fixed_responses/runs/SEA_A/d3_oof/SEA_A__s118__splice__severe/confirmed_screened,,,,,
SEA_A,splice,severe,118.0,3954790722.0,,SEA_A__s118,SEA_A__s118__splice__severe,1,58900,0.711461540980963,41762,0.9013217757770222,0.8925743713871108,14288,14288,1.0,41762,0,0.0,,,confirmed,False,d3_oof,complete,results/per_dataset_study/fixed_responses/runs/SEA_A/d3_oof/SEA_A__s118__splice__severe/confirmed_unscreened,60000.0,58900.0,2850.0,False,3000.0
SEA_A,splice,severe,118.0,3954790722.0,,SEA_A__s118,SEA_A__s118__splice__severe,1,57000,0.8850275829900056,41762,0.9001724055361333,0.8904159872046072,14288,11134,0.7792553191489362,41762,7296,0.17470427661510465,,,immediate,True,d3_oof,complete,results/per_dataset_study/fixed_responses/runs/SEA_A/d3_oof/SEA_A__s118__splice__severe/immediate_screened,60000.0,46550.0,950.0,False,3000.0
SEA_A,splice,severe,118.0,3954790722.0,,SEA_A__s118,SEA_A__s118__splice__severe,3,57000,0.6865030420012772,41762,0.9088884631962071,0.9012527180576906,14288,14288,1.0,41762,0,0.0,,,immediate,False,d3_oof,complete,results/per_dataset_study/fixed_responses/runs/SEA_A/d3_oof/SEA_A__s118__splice__severe/immediate_unscreened,60000.0,57000.0,2850.0,False,3000.0
SEA_A,clean,none,119.0,,,SEA_A__s119,SEA_A__s119__clean__none,1,58900,0.8573620829847641,56050,0.9069223907225691,0.8964966680847948,0,0,,56050,18050,0.3220338983050847,,,confirmed,True,d3_oof,complete,results/per_dataset_study/fixed_responses/runs/SEA_A/d3_oof/SEA_A__s119__clean__none/confirmed_screened,,,,,
SEA_A,clean,none,119.0,,,SEA_A__s119,SEA_A__s119__clean__none,1,58900,0.6839016249869019,56050,0.9076003568242641,0.8980131519290748,0,0,,56050,0,0.0,,,confirmed,False,d3_oof,complete,results/per_dataset_study/fixed_responses/runs/SEA_A/d3_oof/SEA_A__s119__clean__none/confirmed_unscreened,60000.0,58900.0,2850.0,False,3000.0
SEA_A,clean,none,119.0,,,SEA_A__s119,SEA_A__s119__clean__none,2,57000,0.7846229580172803,56050,0.907636039250669,0.8977717166921122,0,0,,56050,24700,0.4406779661016949,,,immediate,True,d3_oof,complete,results/per_dataset_study/fixed_responses/runs/SEA_A/d3_oof/SEA_A__s119__clean__none/immediate_screened,60000.0,32300.0,1900.0,False,3000.0
SEA_A,clean,none,119.0,,,SEA_A__s119,SEA_A__s119__clean__none,3,57000,0.6525552080129273,56050,0.9037823371989295,0.8935142822551689,0,0,,56050,0,0.0,,,immediate,False,d3_oof,complete,results/per_dataset_study/fixed_responses/runs/SEA_A/d3_oof/SEA_A__s119__clean__none/immediate_unscreened,60000.0,57000.0,2850.0,False,3000.0
SEA_A,concept,moderate,119.0,1118368957.0,,SEA_A__s119,SEA_A__s119__concept__moderate,0,57000,0.9346059999952558,47466,0.9052585008216407,0.8957296909356185,8584,6708,0.7814538676607642,47466,7624,0.1606202334302448,,,confirmed,True,d3_oof,complete,results/per_dataset_study/fixed_responses/runs/SEA_A/d3_oof/SEA_A__s119__concept__moderate/confirmed_screened,,,,,
SEA_A,concept,moderate,119.0,1118368957.0,,SEA_A__s119,SEA_A__s119__concept__moderate,0,57000,0.6967574580048677,47466,0.886318628070619,0.8745253033491878,8584,8584,1.0,47466,0,0.0,,,confirmed,False,d3_oof,complete,results/per_dataset_study/fixed_responses/runs/SEA_A/d3_oof/SEA_A__s119__concept__moderate/confirmed_unscreened,60000.0,57000.0,0.0,False,3000.0
SEA_A,concept,moderate,119.0,1118368957.0,,SEA_A__s119,SEA_A__s119__concept__moderate,0,57000,0.981131499982439,47466,0.9051320945518898,0.8955788570825733,8584,6551,0.7631640260950606,47466,8417,0.17732692874899927,,,immediate,True,d3_oof,complete,results/per_dataset_study/fixed_responses/runs/SEA_A/d3_oof/SEA_A__s119__concept__moderate/immediate_screened,60000.0,46550.0,0.0,False,3000.0
SEA_A,concept,moderate,119.0,1118368957.0,,SEA_A__s119,SEA_A__s119__concept__moderate,1,57000,0.6811112920113374,47466,0.8859815446846163,0.8747602542149967,8584,8584,1.0,47466,0,0.0,,,immediate,False,d3_oof,complete,results/per_dataset_study/fixed_responses/runs/SEA_A/d3_oof/SEA_A__s119__concept__moderate/immediate_unscreened,60000.0,57000.0,950.0,False,3000.0
SEA_A,concept,severe,119.0,1193382814.0,,SEA_A__s119,SEA_A__s119__concept__severe,0,57000,0.8627144170168322,41781,0.9021325482874991,0.8917668203403833,14269,9001,0.6308080454131334,41781,13732,0.32866614011153394,,,confirmed,True,d3_oof,complete,results/per_dataset_study/fixed_responses/runs/SEA_A/d3_oof/SEA_A__s119__concept__severe/confirmed_screened,,,,,
SEA_A,concept,severe,119.0,1193382814.0,,SEA_A__s119,SEA_A__s119__concept__severe,0,57000,0.6952446250070352,41781,0.8888250640243173,0.8760528569946608,14269,14269,1.0,41781,0,0.0,,,confirmed,False,d3_oof,complete,results/per_dataset_study/fixed_responses/runs/SEA_A/d3_oof/SEA_A__s119__concept__severe/confirmed_unscreened,60000.0,57000.0,0.0,False,3000.0
SEA_A,concept,severe,119.0,1193382814.0,,SEA_A__s119,SEA_A__s119__concept__severe,0,57000,0.8731130000087433,41781,0.9021325482874991,0.8917668203403833,14269,9001,0.6308080454131334,41781,13732,0.32866614011153394,,,immediate,True,d3_oof,complete,results/per_dataset_study/fixed_responses/runs/SEA_A/d3_oof/SEA_A__s119__concept__severe/immediate_screened,60000.0,38000.0,0.0,False,3000.0
SEA_A,concept,severe,119.0,1193382814.0,,SEA_A__s119,SEA_A__s119__concept__severe,2,57000,0.6812482080131304,41781,0.8719752997774108,0.859287523494139,14269,14269,1.0,41781,0,0.0,,,immediate,False,d3_oof,complete,results/per_dataset_study/fixed_responses/runs/SEA_A/d3_oof/SEA_A__s119__concept__severe/immediate_unscreened,60000.0,57000.0,1900.0,False,3000.0
SEA_A,instance,moderate,119.0,110941192.0,,SEA_A__s119,SEA_A__s119__instance__moderate,1,58900,0.7968535840045661,56050,0.9075289919714541,0.8980791108090074,8546,5057,0.5917388251813714,47504,19311,0.406513135735938,,,confirmed,True,d3_oof,complete,results/per_dataset_study/fixed_responses/runs/SEA_A/d3_oof/SEA_A__s119__instance__moderate/confirmed_screened,,,,,
SEA_A,instance,moderate,119.0,110941192.0,,SEA_A__s119,SEA_A__s119__instance__moderate,1,58900,0.6890500420122407,56050,0.8986797502230152,0.887902876310736,8546,8546,1.0,47504,0,0.0,,,confirmed,False,d3_oof,complete,results/per_dataset_study/fixed_responses/runs/SEA_A/d3_oof/SEA_A__s119__instance__moderate/confirmed_unscreened,60000.0,58900.0,2850.0,False,3000.0
SEA_A,instance,moderate,119.0,110941192.0,,SEA_A__s119,SEA_A__s119__instance__moderate,1,57000,0.7906856249901466,56050,0.9124353256021409,0.9037376780099426,8546,4915,0.5751228644980108,47504,20119,0.42352222970697206,,,immediate,True,d3_oof,complete,results/per_dataset_study/fixed_responses/runs/SEA_A/d3_oof/SEA_A__s119__instance__moderate/immediate_screened,60000.0,33250.0,950.0,False,3000.0
SEA_A,instance,moderate,119.0,110941192.0,,SEA_A__s119,SEA_A__s119__instance__moderate,3,57000,0.6735081250080839,56050,0.9053345227475469,0.8963477008273024,8546,8546,1.0,47504,0,0.0,,,immediate,False,d3_oof,complete,results/per_dataset_study/fixed_responses/runs/SEA_A/d3_oof/SEA_A__s119__instance__moderate/immediate_unscreened,60000.0,57000.0,2850.0,False,3000.0
SEA_A,instance,severe,119.0,3882502243.0,,SEA_A__s119,SEA_A__s119__instance__severe,0,57000,0.8476882919785567,56050,0.8934701159678858,0.8818100390866124,14266,9736,0.6824617972802467,41784,13520,0.3235688301742294,,,confirmed,True,d3_oof,complete,results/per_dataset_study/fixed_responses/runs/SEA_A/d3_oof/SEA_A__s119__instance__severe/confirmed_screened,,,,,
SEA_A,instance,severe,119.0,3882502243.0,,SEA_A__s119,SEA_A__s119__instance__severe,0,57000,0.6783650830038823,56050,0.8889919714540588,0.8768738773826478,14266,14266,1.0,41784,0,0.0,,,confirmed,False,d3_oof,complete,results/per_dataset_study/fixed_responses/runs/SEA_A/d3_oof/SEA_A__s119__instance__severe/confirmed_unscreened,60000.0,57000.0,0.0,False,3000.0
SEA_A,instance,severe,119.0,3882502243.0,,SEA_A__s119,SEA_A__s119__instance__severe,1,57000,0.8358872499957215,56050,0.8938626226583408,0.8825129039805554,14266,10654,0.746810598626104,41784,10638,0.25459506031016654,,,immediate,True,d3_oof,complete,results/per_dataset_study/fixed_responses/runs/SEA_A/d3_oof/SEA_A__s119__instance__severe/immediate_screened,60000.0,42750.0,950.0,False,3000.0
SEA_A,instance,severe,119.0,3882502243.0,,SEA_A__s119,SEA_A__s119__instance__severe,1,57000,0.699096374999499,56050,0.8984299732381802,0.8874022129166146,14266,14266,1.0,41784,0,0.0,,,immediate,False,d3_oof,complete,results/per_dataset_study/fixed_responses/runs/SEA_A/d3_oof/SEA_A__s119__instance__severe/immediate_unscreened,60000.0,57000.0,950.0,False,3000.0
SEA_A,splice,moderate,119.0,1473637511.0,,SEA_A__s119,SEA_A__s119__splice__moderate,0,57000,0.9475640839955304,47476,0.8980958800235909,0.887448906755347,8574,6837,0.7974107767669699,47476,6813,0.1435040862751706,,,confirmed,True,d3_oof,complete,results/per_dataset_study/fixed_responses/runs/SEA_A/d3_oof/SEA_A__s119__splice__moderate/confirmed_screened,,,,,
SEA_A,splice,moderate,119.0,1473637511.0,,SEA_A__s119,SEA_A__s119__splice__moderate,0,57000,0.6909856660058722,47476,0.8930406942455136,0.8817297831093456,8574,8574,1.0,47476,0,0.0,,,confirmed,False,d3_oof,complete,results/per_dataset_study/fixed_responses/runs/SEA_A/d3_oof/SEA_A__s119__splice__moderate/confirmed_unscreened,60000.0,57000.0,0.0,False,3000.0
SEA_A,splice,moderate,119.0,1473637511.0,,SEA_A__s119,SEA_A__s119__splice__moderate,1,57000,0.8709910410107113,47476,0.9043727356980369,0.8949337628570909,8574,5506,0.6421740144623279,47476,10232,0.21551942033869745,,,immediate,True,d3_oof,complete,results/per_dataset_study/fixed_responses/runs/SEA_A/d3_oof/SEA_A__s119__splice__moderate/immediate_screened,60000.0,43700.0,950.0,False,3000.0
SEA_A,splice,moderate,119.0,1473637511.0,,SEA_A__s119,SEA_A__s119__splice__moderate,2,57000,0.6774520839971956,47476,0.9078060493723145,0.8995498035321512,8574,8574,1.0,47476,0,0.0,,,immediate,False,d3_oof,complete,results/per_dataset_study/fixed_responses/runs/SEA_A/d3_oof/SEA_A__s119__splice__moderate/immediate_unscreened,60000.0,57000.0,1900.0,False,3000.0
SEA_A,splice,severe,119.0,2268888980.0,,SEA_A__s119,SEA_A__s119__splice__severe,0,57000,0.9579706669901498,41783,0.897924993418376,0.887305981754541,14267,12647,0.886451251138992,41783,6930,0.16585692745853578,,,confirmed,True,d3_oof,complete,results/per_dataset_study/fixed_responses/runs/SEA_A/d3_oof/SEA_A__s119__splice__severe/confirmed_screened,,,,,
SEA_A,splice,severe,119.0,2268888980.0,,SEA_A__s119,SEA_A__s119__splice__severe,0,57000,0.7011621249839664,41783,0.8949572792762607,0.8834479465955974,14267,14267,1.0,41783,0,0.0,,,confirmed,False,d3_oof,complete,results/per_dataset_study/fixed_responses/runs/SEA_A/d3_oof/SEA_A__s119__splice__severe/confirmed_unscreened,60000.0,57000.0,0.0,False,3000.0
SEA_A,splice,severe,119.0,2268888980.0,,SEA_A__s119,SEA_A__s119__splice__severe,0,57000,0.9915372499963269,41783,0.897924993418376,0.887305981754541,14267,12647,0.886451251138992,41783,6930,0.16585692745853578,,,immediate,True,d3_oof,complete,results/per_dataset_study/fixed_responses/runs/SEA_A/d3_oof/SEA_A__s119__splice__severe/immediate_screened,60000.0,48450.0,0.0,False,3000.0
SEA_A,splice,severe,119.0,2268888980.0,,SEA_A__s119,SEA_A__s119__splice__severe,0,57000,0.693363332975423,41783,0.8949572792762607,0.8834479465955974,14267,14267,1.0,41783,0,0.0,,,immediate,False,d3_oof,complete,results/per_dataset_study/fixed_responses/runs/SEA_A/d3_oof/SEA_A__s119__splice__severe/immediate_unscreened,60000.0,57000.0,0.0,False,3000.0
SEA_A,clean,none,115.0,,,SEA_A__s115,SEA_A__s115__clean__none,1,58900,0.9021234169922536,56050,0.9085459411239964,0.9010489231629448,0,0,,56050,7600,0.13559322033898305,,,confirmed,True,hddm_w,complete,results/per_dataset_study/fixed_responses/runs/SEA_A/hddm_w/SEA_A__s115__clean__none/confirmed_screened,,,,,
SEA_A,clean,none,115.0,,,SEA_A__s115,SEA_A__s115__clean__none,1,58900,0.6301274159923196,56050,0.9099732381801963,0.9025517474624357,0,0,,56050,0,0.0,,,confirmed,False,hddm_w,complete,results/per_dataset_study/fixed_responses/runs/SEA_A/hddm_w/SEA_A__s115__clean__none/confirmed_unscreened,60000.0,58900.0,2850.0,False,3000.0
SEA_A,clean,none,115.0,,,SEA_A__s115,SEA_A__s115__clean__none,0,57000,0.931503291008994,56050,0.8933809099018734,0.8829090514559701,0,0,,56050,4750,0.0847457627118644,,,immediate,True,hddm_w,complete,results/per_dataset_study/fixed_responses/runs/SEA_A/hddm_w/SEA_A__s115__clean__none/immediate_screened,60000.0,52250.0,0.0,False,3000.0
SEA_A,clean,none,115.0,,,SEA_A__s115,SEA_A__s115__clean__none,1,57000,0.6129317090089899,56050,0.9123461195361284,0.9052819400605762,0,0,,56050,0,0.0,,,immediate,False,hddm_w,complete,results/per_dataset_study/fixed_responses/runs/SEA_A/hddm_w/SEA_A__s115__clean__none/immediate_unscreened,60000.0,57000.0,950.0,False,3000.0
SEA_A,concept,moderate,115.0,2983410498.0,,SEA_A__s115,SEA_A__s115__concept__moderate,2,62700,0.9241582079994259,47512,0.8985940394005725,0.8897681721282,8538,5555,0.6506207542750059,47512,12217,0.257135039568951,,,confirmed,True,hddm_w,complete,results/per_dataset_study/fixed_responses/runs/SEA_A/hddm_w/SEA_A__s115__concept__moderate/confirmed_screened,,,,,
SEA_A,concept,moderate,115.0,2983410498.0,,SEA_A__s115,SEA_A__s115__concept__moderate,3,62700,0.6909503749920987,47512,0.8920483246337767,0.8840219442951229,8538,8538,1.0,47512,0,0.0,,,confirmed,False,hddm_w,complete,results/per_dataset_study/fixed_responses/runs/SEA_A/hddm_w/SEA_A__s115__concept__moderate/confirmed_unscreened,60000.0,62700.0,8550.0,False,3000.0
SEA_A,concept,moderate,115.0,2983410498.0,,SEA_A__s115,SEA_A__s115__concept__moderate,8,57000,0.7155642920115497,47512,0.8947423808722007,0.8859686883286806,8538,2106,0.2466619817287421,47512,21118,0.4444771847112308,,,immediate,True,hddm_w,complete,results/per_dataset_study/fixed_responses/runs/SEA_A/hddm_w/SEA_A__s115__concept__moderate/immediate_screened,60000.0,29450.0,7600.0,False,3000.0
SEA_A,concept,moderate,115.0,2983410498.0,,SEA_A__s115,SEA_A__s115__concept__moderate,23,57000,0.6434402499871794,47512,0.8702433069540326,0.8600217682803974,8538,8538,1.0,47512,0,0.0,,,immediate,False,hddm_w,complete,results/per_dataset_study/fixed_responses/runs/SEA_A/hddm_w/SEA_A__s115__concept__moderate/immediate_unscreened,60000.0,57000.0,21850.0,False,3000.0
SEA_A,concept,severe,115.0,3074832534.0,,SEA_A__s115,SEA_A__s115__concept__severe,1,66500,0.9556986249954207,41779,0.8957131573278442,0.885278721113814,14271,8918,0.6249036507602831,41779,9847,0.2356925728236674,,,confirmed,True,hddm_w,complete,results/per_dataset_study/fixed_responses/runs/SEA_A/hddm_w/SEA_A__s115__concept__severe/confirmed_screened,,,,,
SEA_A,concept,severe,115.0,3074832534.0,,SEA_A__s115,SEA_A__s115__concept__severe,4,64600,0.705363875022158,41779,0.884080518920989,0.8750841413464989,14271,14271,1.0,41779,0,0.0,,,confirmed,False,hddm_w,complete,results/per_dataset_study/fixed_responses/runs/SEA_A/hddm_w/SEA_A__s115__concept__severe/confirmed_unscreened,60000.0,64600.0,11400.0,False,3000.0
SEA_A,concept,severe,115.0,3074832534.0,,SEA_A__s115,SEA_A__s115__concept__severe,12,57000,0.7316328749875538,41779,0.8957131573278442,0.8866795380658155,14271,4963,0.3477682012472847,41779,17292,0.41389214677230185,,,immediate,True,hddm_w,complete,results/per_dataset_study/fixed_responses/runs/SEA_A/hddm_w/SEA_A__s115__concept__severe/immediate_screened,60000.0,30400.0,11400.0,False,3000.0
SEA_A,concept,severe,115.0,3074832534.0,,SEA_A__s115,SEA_A__s115__concept__severe,38,57000,0.6687152499798685,41779,0.8567462122118767,0.8437809185942434,14271,14271,1.0,41779,0,0.0,,,immediate,False,hddm_w,complete,results/per_dataset_study/fixed_responses/runs/SEA_A/hddm_w/SEA_A__s115__concept__severe/immediate_unscreened,60000.0,57000.0,36100.0,False,3000.0
SEA_A,instance,moderate,115.0,2392216387.0,,SEA_A__s115,SEA_A__s115__instance__moderate,2,62700,0.8731884590088157,56050,0.912042818911686,0.905031004420601,8531,5949,0.6973391161645762,47519,14518,0.3055198973042362,,,confirmed,True,hddm_w,complete,results/per_dataset_study/fixed_responses/runs/SEA_A/hddm_w/SEA_A__s115__instance__moderate/confirmed_screened,,,,,
SEA_A,instance,moderate,115.0,2392216387.0,,SEA_A__s115,SEA_A__s115__instance__moderate,1,58900,0.634311332978541,56050,0.911828724353256,0.9046534146488554,8531,8531,1.0,47519,0,0.0,,,confirmed,False,hddm_w,complete,results/per_dataset_study/fixed_responses/runs/SEA_A/hddm_w/SEA_A__s115__instance__moderate/confirmed_unscreened,60000.0,58900.0,2850.0,False,3000.0
SEA_A,instance,moderate,115.0,2392216387.0,,SEA_A__s115,SEA_A__s115__instance__moderate,4,57000,0.7143189999915194,56050,0.9155040142729706,0.9085306595813267,8531,4678,0.5483530652912906,47519,21797,0.4587007302342221,,,immediate,True,hddm_w,complete,results/per_dataset_study/fixed_responses/runs/SEA_A/hddm_w/SEA_A__s115__instance__moderate/immediate_screened,60000.0,31350.0,3800.0,False,3000.0
SEA_A,instance,moderate,115.0,2392216387.0,,SEA_A__s115,SEA_A__s115__instance__moderate,9,57000,0.6173920840083156,56050,0.9073684210526316,0.8994249477696556,8531,8531,1.0,47519,0,0.0,,,immediate,False,hddm_w,complete,results/per_dataset_study/fixed_responses/runs/SEA_A/hddm_w/SEA_A__s115__instance__moderate/immediate_unscreened,60000.0,57000.0,8550.0,False,3000.0
SEA_A,instance,severe,115.0,345179728.0,,SEA_A__s115,SEA_A__s115__instance__severe,2,60800,0.8324579579930287,56050,0.9047457627118644,0.8968437859971709,14226,5977,0.42014621116265993,41824,24051,0.5750526013771997,,,confirmed,True,hddm_w,complete,results/per_dataset_study/fixed_responses/runs/SEA_A/hddm_w/SEA_A__s115__instance__severe/confirmed_screened,,,,,
SEA_A,instance,severe,115.0,345179728.0,,SEA_A__s115,SEA_A__s115__instance__severe,1,58900,0.6458357920055278,56050,0.9019803746654772,0.8941286720678274,14226,14226,1.0,41824,0,0.0,,,confirmed,False,hddm_w,complete,results/per_dataset_study/fixed_responses/runs/SEA_A/hddm_w/SEA_A__s115__instance__severe/confirmed_unscreened,60000.0,58900.0,2850.0,True,3000.0
SEA_A,instance,severe,115.0,345179728.0,,SEA_A__s115,SEA_A__s115__instance__severe,9,57000,0.7065762500278652,56050,0.911757359500446,0.904891105866686,14226,7688,0.5404189512160832,41824,19112,0.4569625095638868,,,immediate,True,hddm_w,complete,results/per_dataset_study/fixed_responses/runs/SEA_A/hddm_w/SEA_A__s115__instance__severe/immediate_screened,60000.0,31350.0,8550.0,False,3000.0
SEA_A,instance,severe,115.0,345179728.0,,SEA_A__s115,SEA_A__s115__instance__severe,23,57000,0.6391845000034664,56050,0.9027297056199821,0.894609687614766,14226,14226,1.0,41824,0,0.0,,,immediate,False,hddm_w,complete,results/per_dataset_study/fixed_responses/runs/SEA_A/hddm_w/SEA_A__s115__instance__severe/immediate_unscreened,60000.0,57000.0,21850.0,False,3000.0
SEA_A,splice,moderate,115.0,1669518770.0,,SEA_A__s115,SEA_A__s115__splice__moderate,0,57000,1.0118179160053842,47495,0.8955890093694073,0.8861342519431801,8555,6889,0.8052600818234951,47495,4034,0.08493525634277292,,,confirmed,True,hddm_w,complete,results/per_dataset_study/fixed_responses/runs/SEA_A/hddm_w/SEA_A__s115__splice__moderate/confirmed_screened,,,,,
SEA_A,splice,moderate,115.0,1669518770.0,,SEA_A__s115,SEA_A__s115__splice__moderate,0,57000,0.630694958003005,47495,0.8930624276239604,0.8831080207295681,8555,8555,1.0,47495,0,0.0,,,confirmed,False,hddm_w,complete,results/per_dataset_study/fixed_responses/runs/SEA_A/hddm_w/SEA_A__s115__splice__moderate/confirmed_unscreened,60000.0,57000.0,0.0,False,3000.0
SEA_A,splice,moderate,115.0,1669518770.0,,SEA_A__s115,SEA_A__s115__splice__moderate,0,57000,0.9200641659845132,47495,0.8955890093694073,0.8861342519431801,8555,6889,0.8052600818234951,47495,4034,0.08493525634277292,,,immediate,True,hddm_w,complete,results/per_dataset_study/fixed_responses/runs/SEA_A/hddm_w/SEA_A__s115__splice__moderate/immediate_screened,60000.0,51300.0,0.0,False,3000.0
SEA_A,splice,moderate,115.0,1669518770.0,,SEA_A__s115,SEA_A__s115__splice__moderate,0,57000,0.6219991660036612,47495,0.8930624276239604,0.8831080207295681,8555,8555,1.0,47495,0,0.0,,,immediate,False,hddm_w,complete,results/per_dataset_study/fixed_responses/runs/SEA_A/hddm_w/SEA_A__s115__splice__moderate/immediate_unscreened,60000.0,57000.0,0.0,False,3000.0
SEA_A,splice,severe,115.0,3823887799.0,,SEA_A__s115,SEA_A__s115__splice__severe,0,57000,0.9545059590018354,41816,0.897957719533193,0.88854004173029,14234,10577,0.7430799494168892,41816,10593,0.2533240864740769,,,confirmed,True,hddm_w,complete,results/per_dataset_study/fixed_responses/runs/SEA_A/hddm_w/SEA_A__s115__splice__severe/confirmed_screened,,,,,
SEA_A,splice,severe,115.0,3823887799.0,,SEA_A__s115,SEA_A__s115__splice__severe,0,57000,0.6269529170240276,41816,0.8923856896881577,0.8819552146018592,14234,14234,1.0,41816,0,0.0,,,confirmed,False,hddm_w,complete,results/per_dataset_study/fixed_responses/runs/SEA_A/hddm_w/SEA_A__s115__splice__severe/confirmed_unscreened,60000.0,57000.0,0.0,False,3000.0
SEA_A,splice,severe,115.0,3823887799.0,,SEA_A__s115,SEA_A__s115__splice__severe,0,57000,0.8669932080083527,41816,0.897957719533193,0.88854004173029,14234,10577,0.7430799494168892,41816,10593,0.2533240864740769,,,immediate,True,hddm_w,complete,results/per_dataset_study/fixed_responses/runs/SEA_A/hddm_w/SEA_A__s115__splice__severe/immediate_screened,60000.0,42750.0,0.0,False,3000.0
SEA_A,splice,severe,115.0,3823887799.0,,SEA_A__s115,SEA_A__s115__splice__severe,0,57000,0.6274729169963393,41816,0.8923856896881577,0.8819552146018592,14234,14234,1.0,41816,0,0.0,,,immediate,False,hddm_w,complete,results/per_dataset_study/fixed_responses/runs/SEA_A/hddm_w/SEA_A__s115__splice__severe/immediate_unscreened,60000.0,57000.0,0.0,False,3000.0
SEA_A,clean,none,116.0,,,SEA_A__s116,SEA_A__s116__clean__none,1,58900,0.8866492500092136,56050,0.912256913470116,0.9045886581558116,0,0,,56050,15200,0.2711864406779661,,,confirmed,True,hddm_w,complete,results/per_dataset_study/fixed_responses/runs/SEA_A/hddm_w/SEA_A__s116__clean__none/confirmed_screened,,,,,
SEA_A,clean,none,116.0,,,SEA_A__s116,SEA_A__s116__clean__none,0,57000,0.6748938340169843,56050,0.888456735057984,0.8757221694825649,0,0,,56050,0,0.0,,,confirmed,False,hddm_w,complete,results/per_dataset_study/fixed_responses/runs/SEA_A/hddm_w/SEA_A__s116__clean__none/confirmed_unscreened,60000.0,57000.0,0.0,False,3000.0
SEA_A,clean,none,116.0,,,SEA_A__s116,SEA_A__s116__clean__none,0,57000,0.9003857499919832,56050,0.9026761819803747,0.893203461331765,0,0,,56050,10450,0.1864406779661017,,,immediate,True,hddm_w,complete,results/per_dataset_study/fixed_responses/runs/SEA_A/hddm_w/SEA_A__s116__clean__none/immediate_screened,60000.0,46550.0,0.0,False,3000.0
SEA_A,clean,none,116.0,,,SEA_A__s116,SEA_A__s116__clean__none,1,57000,0.631786000012653,56050,0.8980374665477252,0.887762322528589,0,0,,56050,0,0.0,,,immediate,False,hddm_w,complete,results/per_dataset_study/fixed_responses/runs/SEA_A/hddm_w/SEA_A__s116__clean__none/immediate_unscreened,60000.0,57000.0,950.0,False,3000.0
SEA_A,concept,moderate,116.0,2842105116.0,,SEA_A__s116,SEA_A__s116__concept__moderate,3,66500,0.9186658749968046,47478,0.9039976410126795,0.895011767895391,8572,5508,0.6425571628558097,47478,9286,0.19558532372888496,,,confirmed,True,hddm_w,complete,results/per_dataset_study/fixed_responses/runs/SEA_A/hddm_w/SEA_A__s116__concept__moderate/confirmed_screened,,,,,
SEA_A,concept,moderate,116.0,2842105116.0,,SEA_A__s116,SEA_A__s116__concept__moderate,4,64600,0.7125725410005543,47478,0.9028392097392477,0.8939764544393219,8572,8572,1.0,47478,0,0.0,,,confirmed,False,hddm_w,complete,results/per_dataset_study/fixed_responses/runs/SEA_A/hddm_w/SEA_A__s116__concept__moderate/confirmed_unscreened,60000.0,64600.0,11400.0,False,3000.0
SEA_A,concept,moderate,116.0,2842105116.0,,SEA_A__s116,SEA_A__s116__concept__moderate,3,57000,0.7573542500031181,47478,0.9072201861914992,0.8982387955231769,8572,2669,0.3113625758282781,47478,24497,0.5159652891865706,,,immediate,True,hddm_w,complete,results/per_dataset_study/fixed_responses/runs/SEA_A/hddm_w/SEA_A__s116__concept__moderate/immediate_screened,60000.0,26600.0,2850.0,False,3000.0
SEA_A,concept,moderate,116.0,2842105116.0,,SEA_A__s116,SEA_A__s116__concept__moderate,26,57000,0.6803149590268731,47478,0.8855680525717174,0.8747980266260835,8572,8572,1.0,47478,0,0.0,,,immediate,False,hddm_w,complete,results/per_dataset_study/fixed_responses/runs/SEA_A/hddm_w/SEA_A__s116__concept__moderate/immediate_unscreened,60000.0,57000.0,24700.0,False,3000.0
SEA_A,concept,severe,116.0,1226260622.0,,SEA_A__s116,SEA_A__s116__concept__severe,4,66500,0.9132247080124216,41789,0.905405728780301,0.8972491195297496,14261,6930,0.4859406773718533,41789,20219,0.48383545909210557,,,confirmed,True,hddm_w,complete,results/per_dataset_study/fixed_responses/runs/SEA_A/hddm_w/SEA_A__s116__concept__severe/confirmed_screened,,,,,
SEA_A,concept,severe,116.0,1226260622.0,,SEA_A__s116,SEA_A__s116__concept__severe,5,66500,0.7330741669866256,41789,0.8937758740338366,0.8846805356621021,14261,14261,1.0,41789,0,0.0,,,confirmed,False,hddm_w,complete,results/per_dataset_study/fixed_responses/runs/SEA_A/hddm_w/SEA_A__s116__concept__severe/confirmed_unscreened,60000.0,66500.0,14250.0,False,3000.0
SEA_A,concept,severe,116.0,1226260622.0,,SEA_A__s116,SEA_A__s116__concept__severe,5,57000,0.7690794579975773,41789,0.9090909090909091,0.9011445785644656,14261,2388,0.1674496879601711,41789,24227,0.5797458661370217,,,immediate,True,hddm_w,complete,results/per_dataset_study/fixed_responses/runs/SEA_A/hddm_w/SEA_A__s116__concept__severe/immediate_screened,60000.0,20900.0,4750.0,False,3000.0
SEA_A,concept,severe,116.0,1226260622.0,,SEA_A__s116,SEA_A__s116__concept__severe,39,57000,0.6958171669975854,41789,0.8335925722079973,0.8214135369114757,14261,14261,1.0,41789,0,0.0,,,immediate,False,hddm_w,complete,results/per_dataset_study/fixed_responses/runs/SEA_A/hddm_w/SEA_A__s116__concept__severe/immediate_unscreened,60000.0,57000.0,37050.0,False,3000.0
SEA_A,instance,moderate,116.0,453400147.0,,SEA_A__s116,SEA_A__s116__instance__moderate,1,58900,0.8440444169973489,56050,0.9159322033898305,0.9081155659415401,8529,4808,0.5637237659749091,47521,20979,0.44146798257612424,,,confirmed,True,hddm_w,complete,results/per_dataset_study/fixed_responses/runs/SEA_A/hddm_w/SEA_A__s116__instance__moderate/confirmed_screened,,,,,
SEA_A,instance,moderate,116.0,453400147.0,,SEA_A__s116,SEA_A__s116__instance__moderate,2,60800,0.6868957500264514,56050,0.9078322925958965,0.8993948030067895,8529,8529,1.0,47521,0,0.0,,,confirmed,False,hddm_w,complete,results/per_dataset_study/fixed_responses/runs/SEA_A/hddm_w/SEA_A__s116__instance__moderate/confirmed_unscreened,60000.0,60800.0,5700.0,True,3000.0
SEA_A,instance,moderate,116.0,453400147.0,,SEA_A__s116,SEA_A__s116__instance__moderate,5,57000,0.7639779169985559,56050,0.9170205173951829,0.909254415942381,8529,4078,0.47813342713096496,47521,24999,0.5260621619915405,,,immediate,True,hddm_w,complete,results/per_dataset_study/fixed_responses/runs/SEA_A/hddm_w/SEA_A__s116__instance__moderate/immediate_screened,60000.0,27550.0,4750.0,False,3000.0
SEA_A,instance,moderate,116.0,453400147.0,,SEA_A__s116,SEA_A__s116__instance__moderate,9,57000,0.6587984999932814,56050,0.9075468331846566,0.8989298169302403,8529,8529,1.0,47521,0,0.0,,,immediate,False,hddm_w,complete,results/per_dataset_study/fixed_responses/runs/SEA_A/hddm_w/SEA_A__s116__instance__moderate/immediate_unscreened,60000.0,57000.0,8550.0,False,3000.0
SEA_A,instance,severe,116.0,3914142360.0,,SEA_A__s116,SEA_A__s116__instance__severe,1,58900,0.8759749169985298,56050,0.899464763603925,0.8916408902567019,14241,10876,0.7637104135945509,41809,9935,0.2376282618574948,,,confirmed,True,hddm_w,complete,results/per_dataset_study/fixed_responses/runs/SEA_A/hddm_w/SEA_A__s116__instance__severe/confirmed_screened,,,,,
SEA_A,instance,severe,116.0,3914142360.0,,SEA_A__s116,SEA_A__s116__instance__severe,1,58900,0.6780352909991052,56050,0.8997323818019626,0.8915910321495581,14241,14241,1.0,41809,0,0.0,,,confirmed,False,hddm_w,complete,results/per_dataset_study/fixed_responses/runs/SEA_A/hddm_w/SEA_A__s116__instance__severe/confirmed_unscreened,60000.0,58900.0,2850.0,False,3000.0
SEA_A,instance,severe,116.0,3914142360.0,,SEA_A__s116,SEA_A__s116__instance__severe,10,57000,0.7502722920035012,56050,0.9038358608385371,0.8955233599792838,14241,9671,0.6790955691313812,41809,13480,0.3224186180009089,,,immediate,True,hddm_w,complete,results/per_dataset_study/fixed_responses/runs/SEA_A/hddm_w/SEA_A__s116__instance__severe/immediate_screened,60000.0,38950.0,9500.0,False,3000.0
SEA_A,instance,severe,116.0,3914142360.0,,SEA_A__s116,SEA_A__s116__instance__severe,19,57000,0.6619809579860885,56050,0.8979839429081178,0.8888816324844668,14241,14241,1.0,41809,0,0.0,,,immediate,False,hddm_w,complete,results/per_dataset_study/fixed_responses/runs/SEA_A/hddm_w/SEA_A__s116__instance__severe/immediate_unscreened,60000.0,57000.0,18050.0,False,3000.0
SEA_A,splice,moderate,116.0,921862620.0,,SEA_A__s116,SEA_A__s116__splice__moderate,0,57000,0.9418282499973429,47537,0.9068094326524602,0.8979187329517002,8513,6146,0.7219546575825209,47537,10933,0.22998927151482004,,,confirmed,True,hddm_w,complete,results/per_dataset_study/fixed_responses/runs/SEA_A/hddm_w/SEA_A__s116__splice__moderate/confirmed_screened,,,,,
SEA_A,splice,moderate,116.0,921862620.0,,SEA_A__s116,SEA_A__s116__splice__moderate,0,57000,0.6702333330176771,47537,0.8904853061825525,0.878700692740001,8513,8513,1.0,47537,0,0.0,,,confirmed,False,hddm_w,complete,results/per_dataset_study/fixed_responses/runs/SEA_A/hddm_w/SEA_A__s116__splice__moderate/confirmed_unscreened,60000.0,57000.0,0.0,False,3000.0
SEA_A,splice,moderate,116.0,921862620.0,,SEA_A__s116,SEA_A__s116__splice__moderate,0,57000,1.009492124983808,47537,0.9068094326524602,0.8979187329517002,8513,6146,0.7219546575825209,47537,10933,0.22998927151482004,,,immediate,True,hddm_w,complete,results/per_dataset_study/fixed_responses/runs/SEA_A/hddm_w/SEA_A__s116__splice__moderate/immediate_screened,60000.0,43700.0,0.0,False,3000.0
SEA_A,splice,moderate,116.0,921862620.0,,SEA_A__s116,SEA_A__s116__splice__moderate,0,57000,0.7351208750042133,47537,0.8904853061825525,0.878700692740001,8513,8513,1.0,47537,0,0.0,,,immediate,False,hddm_w,complete,results/per_dataset_study/fixed_responses/runs/SEA_A/hddm_w/SEA_A__s116__splice__moderate/immediate_unscreened,60000.0,57000.0,0.0,False,3000.0
SEA_A,splice,severe,116.0,1993734708.0,,SEA_A__s116,SEA_A__s116__splice__severe,0,57000,0.9345870000106515,41812,0.9104563283267961,0.9020695576222092,14238,9187,0.6452451186964462,41812,12999,0.31089161006409644,,,confirmed,True,hddm_w,complete,results/per_dataset_study/fixed_responses/runs/SEA_A/hddm_w/SEA_A__s116__splice__severe/confirmed_screened,,,,,
SEA_A,splice,severe,116.0,1993734708.0,,SEA_A__s116,SEA_A__s116__splice__severe,0,57000,0.6911768749996554,41812,0.8931885583086195,0.8828665921960404,14238,14238,1.0,41812,0,0.0,,,confirmed,False,hddm_w,complete,results/per_dataset_study/fixed_responses/runs/SEA_A/hddm_w/SEA_A__s116__splice__severe/confirmed_unscreened,60000.0,57000.0,0.0,False,3000.0
SEA_A,splice,severe,116.0,1993734708.0,,SEA_A__s116,SEA_A__s116__splice__severe,0,57000,0.9420432089827955,41812,0.9104563283267961,0.9020695576222092,14238,9187,0.6452451186964462,41812,12999,0.31089161006409644,,,immediate,True,hddm_w,complete,results/per_dataset_study/fixed_responses/runs/SEA_A/hddm_w/SEA_A__s116__splice__severe/immediate_screened,60000.0,38950.0,0.0,False,3000.0
SEA_A,splice,severe,116.0,1993734708.0,,SEA_A__s116,SEA_A__s116__splice__severe,0,57000,0.699094082985539,41812,0.8931885583086195,0.8828665921960404,14238,14238,1.0,41812,0,0.0,,,immediate,False,hddm_w,complete,results/per_dataset_study/fixed_responses/runs/SEA_A/hddm_w/SEA_A__s116__splice__severe/immediate_unscreened,60000.0,57000.0,0.0,False,3000.0
SEA_A,clean,none,117.0,,,SEA_A__s117,SEA_A__s117__clean__none,0,57000,0.995248334002099,56050,0.9093309545049063,0.9005996193617851,0,0,,56050,13300,0.23728813559322035,,,confirmed,True,hddm_w,complete,results/per_dataset_study/fixed_responses/runs/SEA_A/hddm_w/SEA_A__s117__clean__none/confirmed_screened,,,,,
SEA_A,clean,none,117.0,,,SEA_A__s117,SEA_A__s117__clean__none,0,57000,0.6477061659970786,56050,0.8936663693131133,0.8825096580797588,0,0,,56050,0,0.0,,,confirmed,False,hddm_w,complete,results/per_dataset_study/fixed_responses/runs/SEA_A/hddm_w/SEA_A__s117__clean__none/confirmed_unscreened,60000.0,57000.0,0.0,False,3000.0
SEA_A,clean,none,117.0,,,SEA_A__s117,SEA_A__s117__clean__none,0,57000,0.9027500000083819,56050,0.9093309545049063,0.9005996193617851,0,0,,56050,13300,0.23728813559322035,,,immediate,True,hddm_w,complete,results/per_dataset_study/fixed_responses/runs/SEA_A/hddm_w/SEA_A__s117__clean__none/immediate_screened,60000.0,43700.0,0.0,False,3000.0
SEA_A,clean,none,117.0,,,SEA_A__s117,SEA_A__s117__clean__none,0,57000,0.6558318340103142,56050,0.8936663693131133,0.8825096580797588,0,0,,56050,0,0.0,,,immediate,False,hddm_w,complete,results/per_dataset_study/fixed_responses/runs/SEA_A/hddm_w/SEA_A__s117__clean__none/immediate_unscreened,60000.0,57000.0,0.0,False,3000.0
SEA_A,concept,moderate,117.0,4256973585.0,,SEA_A__s117,SEA_A__s117__concept__moderate,3,64600,0.9363299160031602,47492,0.9029520761391392,0.8942145894936914,8558,6508,0.7604580509464828,47492,10300,0.21687863219068473,,,confirmed,True,hddm_w,complete,results/per_dataset_study/fixed_responses/runs/SEA_A/hddm_w/SEA_A__s117__concept__moderate/confirmed_screened,,,,,
SEA_A,concept,moderate,117.0,4256973585.0,,SEA_A__s117,SEA_A__s117__concept__moderate,4,64600,0.7369733749947045,47492,0.8897709087846374,0.8806257575653493,8558,8558,1.0,47492,0,0.0,,,confirmed,False,hddm_w,complete,results/per_dataset_study/fixed_responses/runs/SEA_A/hddm_w/SEA_A__s117__concept__moderate/confirmed_unscreened,60000.0,64600.0,11400.0,False,3000.0
SEA_A,concept,moderate,117.0,4256973585.0,,SEA_A__s117,SEA_A__s117__concept__moderate,6,57000,0.753035625006305,47492,0.9067211319801229,0.8983992254777936,8558,1984,0.23182986679130638,47492,26676,0.5616946011959909,,,immediate,True,hddm_w,complete,results/per_dataset_study/fixed_responses/runs/SEA_A/hddm_w/SEA_A__s117__concept__moderate/immediate_screened,60000.0,23750.0,5700.0,False,3000.0
SEA_A,concept,moderate,117.0,4256973585.0,,SEA_A__s117,SEA_A__s117__concept__moderate,27,57000,0.6809184169978835,47492,0.8633664617198686,0.8502795793420529,8558,8558,1.0,47492,0,0.0,,,immediate,False,hddm_w,complete,results/per_dataset_study/fixed_responses/runs/SEA_A/hddm_w/SEA_A__s117__concept__moderate/immediate_unscreened,60000.0,57000.0,25650.0,False,3000.0
SEA_A,concept,severe,117.0,228998761.0,,SEA_A__s117,SEA_A__s117__concept__severe,1,66500,0.9973343329911586,41804,0.898765668357095,0.8894619981288283,14246,8986,0.6307735504703075,41804,10890,0.2605013874270405,,,confirmed,True,hddm_w,complete,results/per_dataset_study/fixed_responses/runs/SEA_A/hddm_w/SEA_A__s117__concept__severe/confirmed_screened,,,,,
SEA_A,concept,severe,117.0,228998761.0,,SEA_A__s117,SEA_A__s117__concept__severe,4,64600,0.7409750829974655,41804,0.8871399866041527,0.8761903191721299,14246,14246,1.0,41804,0,0.0,,,confirmed,False,hddm_w,complete,results/per_dataset_study/fixed_responses/runs/SEA_A/hddm_w/SEA_A__s117__concept__severe/confirmed_unscreened,60000.0,64600.0,11400.0,False,3000.0
SEA_A,concept,severe,117.0,228998761.0,,SEA_A__s117,SEA_A__s117__concept__severe,7,57000,0.7794050840020645,41804,0.9022342359582814,0.8925315066977836,14246,1565,0.10985539800645795,41804,29119,0.6965601377858578,,,immediate,True,hddm_w,complete,results/per_dataset_study/fixed_responses/runs/SEA_A/hddm_w/SEA_A__s117__concept__severe/immediate_screened,60000.0,15200.0,6650.0,False,3000.0
SEA_A,concept,severe,117.0,228998761.0,,SEA_A__s117,SEA_A__s117__concept__severe,45,57000,0.6918672919855453,41804,0.826236723758492,0.8088372763511835,14246,14246,1.0,41804,0,0.0,,,immediate,False,hddm_w,complete,results/per_dataset_study/fixed_responses/runs/SEA_A/hddm_w/SEA_A__s117__concept__severe/immediate_unscreened,60000.0,57000.0,42750.0,False,3000.0
SEA_A,instance,moderate,117.0,1195402420.0,,SEA_A__s117,SEA_A__s117__instance__moderate,1,58900,0.8956563329993514,56050,0.9039607493309545,0.8960469338814339,8575,6673,0.7781924198250729,47475,10448,0.22007372301211164,,,confirmed,True,hddm_w,complete,results/per_dataset_study/fixed_responses/runs/SEA_A/hddm_w/SEA_A__s117__instance__moderate/confirmed_screened,,,,,
SEA_A,instance,moderate,117.0,1195402420.0,,SEA_A__s117,SEA_A__s117__instance__moderate,1,58900,0.6717466249829158,56050,0.9025691347011596,0.8943116542687851,8575,8575,1.0,47475,0,0.0,,,confirmed,False,hddm_w,complete,results/per_dataset_study/fixed_responses/runs/SEA_A/hddm_w/SEA_A__s117__instance__moderate/confirmed_unscreened,60000.0,58900.0,2850.0,False,3000.0
SEA_A,instance,moderate,117.0,1195402420.0,,SEA_A__s117,SEA_A__s117__instance__moderate,5,57000,0.7495710840157699,56050,0.9148617305976806,0.9071242268886177,8575,5380,0.6274052478134111,47475,17705,0.37293312269615586,,,immediate,True,hddm_w,complete,results/per_dataset_study/fixed_responses/runs/SEA_A/hddm_w/SEA_A__s117__instance__moderate/immediate_screened,60000.0,36100.0,4750.0,False,3000.0
SEA_A,instance,moderate,117.0,1195402420.0,,SEA_A__s117,SEA_A__s117__instance__moderate,5,57000,0.6511795830156188,56050,0.9083318465655664,0.9002920227243458,8575,8575,1.0,47475,0,0.0,,,immediate,False,hddm_w,complete,results/per_dataset_study/fixed_responses/runs/SEA_A/hddm_w/SEA_A__s117__instance__moderate/immediate_unscreened,60000.0,57000.0,4750.0,False,3000.0
SEA_A,instance,severe,117.0,4063383392.0,,SEA_A__s117,SEA_A__s117__instance__severe,3,62700,0.8550862499978393,56050,0.9047279214986619,0.8957242580464988,14234,5933,0.4168188843613882,41816,23999,0.5739190740386455,,,confirmed,True,hddm_w,complete,results/per_dataset_study/fixed_responses/runs/SEA_A/hddm_w/SEA_A__s117__instance__severe/confirmed_screened,,,,,
SEA_A,instance,severe,117.0,4063383392.0,,SEA_A__s117,SEA_A__s117__instance__severe,1,58900,0.6667841669986956,56050,0.8951828724353256,0.8862105463470928,14234,14234,1.0,41816,0,0.0,,,confirmed,False,hddm_w,complete,results/per_dataset_study/fixed_responses/runs/SEA_A/hddm_w/SEA_A__s117__instance__severe/confirmed_unscreened,60000.0,58900.0,2850.0,False,3000.0
SEA_A,instance,severe,117.0,4063383392.0,,SEA_A__s117,SEA_A__s117__instance__severe,7,57000,0.7447499590052757,56050,0.911971454058876,0.9045592999298285,14234,6290,0.44189967683012504,41816,23406,0.5597378993686627,,,immediate,True,hddm_w,complete,results/per_dataset_study/fixed_responses/runs/SEA_A/hddm_w/SEA_A__s117__instance__severe/immediate_screened,60000.0,25650.0,6650.0,False,3000.0
SEA_A,instance,severe,117.0,4063383392.0,,SEA_A__s117,SEA_A__s117__instance__severe,18,57000,0.671066625014646,56050,0.9109366636931311,0.9031572864423125,14234,14234,1.0,41816,0,0.0,,,immediate,False,hddm_w,complete,results/per_dataset_study/fixed_responses/runs/SEA_A/hddm_w/SEA_A__s117__instance__severe/immediate_unscreened,60000.0,57000.0,17100.0,False,3000.0
SEA_A,splice,moderate,117.0,1275875057.0,,SEA_A__s117,SEA_A__s117__splice__moderate,0,57000,0.9506033749930793,47528,0.90451944117152,0.8956841429652165,8522,6603,0.77481811781272,47528,13281,0.2794352802558492,,,confirmed,True,hddm_w,complete,results/per_dataset_study/fixed_responses/runs/SEA_A/hddm_w/SEA_A__s117__splice__moderate/confirmed_screened,,,,,
SEA_A,splice,moderate,117.0,1275875057.0,,SEA_A__s117,SEA_A__s117__splice__moderate,0,57000,0.6511708339967299,47528,0.8952407002188184,0.8849966915845924,8522,8522,1.0,47528,0,0.0,,,confirmed,False,hddm_w,complete,results/per_dataset_study/fixed_responses/runs/SEA_A/hddm_w/SEA_A__s117__splice__moderate/confirmed_unscreened,60000.0,57000.0,0.0,False,3000.0
SEA_A,splice,moderate,117.0,1275875057.0,,SEA_A__s117,SEA_A__s117__splice__moderate,0,57000,0.85258195901406,47528,0.903088705605117,0.8936721411111097,8522,5324,0.6247359774700775,47528,15802,0.3324776973573472,,,immediate,True,hddm_w,complete,results/per_dataset_study/fixed_responses/runs/SEA_A/hddm_w/SEA_A__s117__splice__moderate/immediate_screened,60000.0,38000.0,0.0,False,3000.0
SEA_A,splice,moderate,117.0,1275875057.0,,SEA_A__s117,SEA_A__s117__splice__moderate,1,57000,0.655576832999941,47528,0.9062657801716882,0.898235618069755,8522,8522,1.0,47528,0,0.0,,,immediate,False,hddm_w,complete,results/per_dataset_study/fixed_responses/runs/SEA_A/hddm_w/SEA_A__s117__splice__moderate/immediate_unscreened,60000.0,57000.0,950.0,False,3000.0
SEA_A,splice,severe,117.0,2243424514.0,,SEA_A__s117,SEA_A__s117__splice__severe,0,57000,0.99678404199949,41810,0.8944750059794307,0.8843876382466875,14240,12858,0.9029494382022472,41810,4318,0.10327672805548911,,,confirmed,True,hddm_w,complete,results/per_dataset_study/fixed_responses/runs/SEA_A/hddm_w/SEA_A__s117__splice__severe/confirmed_screened,,,,,
SEA_A,splice,severe,117.0,2243424514.0,,SEA_A__s117,SEA_A__s117__splice__severe,0,57000,0.6618901249894407,41810,0.8944032528103325,0.8847557650712953,14240,14240,1.0,41810,0,0.0,,,confirmed,False,hddm_w,complete,results/per_dataset_study/fixed_responses/runs/SEA_A/hddm_w/SEA_A__s117__splice__severe/confirmed_unscreened,60000.0,57000.0,0.0,False,3000.0
SEA_A,splice,severe,117.0,2243424514.0,,SEA_A__s117,SEA_A__s117__splice__severe,0,57000,0.9381725410057697,41810,0.8944750059794307,0.8843876382466875,14240,12858,0.9029494382022472,41810,4318,0.10327672805548911,,,immediate,True,hddm_w,complete,results/per_dataset_study/fixed_responses/runs/SEA_A/hddm_w/SEA_A__s117__splice__severe/immediate_screened,60000.0,51300.0,0.0,False,3000.0
SEA_A,splice,severe,117.0,2243424514.0,,SEA_A__s117,SEA_A__s117__splice__severe,1,57000,0.647721833025571,41810,0.8977517340349199,0.8891047126297558,14240,14240,1.0,41810,0,0.0,,,immediate,False,hddm_w,complete,results/per_dataset_study/fixed_responses/runs/SEA_A/hddm_w/SEA_A__s117__splice__severe/immediate_unscreened,60000.0,57000.0,950.0,False,3000.0
SEA_A,clean,none,118.0,,,SEA_A__s118,SEA_A__s118__clean__none,1,58900,0.8513301660132129,56050,0.9081177520071365,0.8994782293359573,0,0,,56050,3800,0.06779661016949153,,,confirmed,True,hddm_w,complete,results/per_dataset_study/fixed_responses/runs/SEA_A/hddm_w/SEA_A__s118__clean__none/confirmed_screened,,,,,
SEA_A,clean,none,118.0,,,SEA_A__s118,SEA_A__s118__clean__none,1,58900,0.6653145419841167,56050,0.9095628902765388,0.9009535338587337,0,0,,56050,0,0.0,,,confirmed,False,hddm_w,complete,results/per_dataset_study/fixed_responses/runs/SEA_A/hddm_w/SEA_A__s118__clean__none/confirmed_unscreened,60000.0,58900.0,2850.0,False,3000.0
SEA_A,clean,none,118.0,,,SEA_A__s118,SEA_A__s118__clean__none,1,57000,0.8589490829908755,56050,0.9108296164139161,0.9026401409963161,0,0,,56050,3800,0.06779661016949153,,,immediate,True,hddm_w,complete,results/per_dataset_study/fixed_responses/runs/SEA_A/hddm_w/SEA_A__s118__clean__none/immediate_screened,60000.0,53200.0,950.0,False,3000.0
SEA_A,clean,none,118.0,,,SEA_A__s118,SEA_A__s118__clean__none,1,57000,0.6624263749981765,56050,0.9126494201605709,0.9045492509674393,0,0,,56050,0,0.0,,,immediate,False,hddm_w,complete,results/per_dataset_study/fixed_responses/runs/SEA_A/hddm_w/SEA_A__s118__clean__none/immediate_unscreened,60000.0,57000.0,950.0,False,3000.0
SEA_A,concept,moderate,118.0,1648460561.0,,SEA_A__s118,SEA_A__s118__concept__moderate,1,62700,0.8652086250076536,47474,0.9057800058979653,0.8966404801268666,8576,6501,0.7580457089552238,47474,13125,0.2764671188439988,,,confirmed,True,hddm_w,complete,results/per_dataset_study/fixed_responses/runs/SEA_A/hddm_w/SEA_A__s118__concept__moderate/confirmed_screened,,,,,
SEA_A,concept,moderate,118.0,1648460561.0,,SEA_A__s118,SEA_A__s118__concept__moderate,3,62700,0.7162912919884548,47474,0.8995450141129882,0.8907427110600166,8576,8576,1.0,47474,0,0.0,,,confirmed,False,hddm_w,complete,results/per_dataset_study/fixed_responses/runs/SEA_A/hddm_w/SEA_A__s118__concept__moderate/confirmed_unscreened,60000.0,62700.0,8550.0,False,3000.0
SEA_A,concept,moderate,118.0,1648460561.0,,SEA_A__s118,SEA_A__s118__concept__moderate,6,57000,0.7623693750065286,47474,0.9013775961578969,0.8918600126430508,8576,2175,0.25361473880597013,47474,27799,0.5855626237519485,,,immediate,True,hddm_w,complete,results/per_dataset_study/fixed_responses/runs/SEA_A/hddm_w/SEA_A__s118__concept__moderate/immediate_screened,60000.0,22800.0,5700.0,False,3000.0
SEA_A,concept,moderate,118.0,1648460561.0,,SEA_A__s118,SEA_A__s118__concept__moderate,24,57000,0.6909590419963934,47474,0.8716139360492059,0.8594522396196155,8576,8576,1.0,47474,0,0.0,,,immediate,False,hddm_w,complete,results/per_dataset_study/fixed_responses/runs/SEA_A/hddm_w/SEA_A__s118__concept__moderate/immediate_unscreened,60000.0,57000.0,22800.0,False,3000.0
SEA_A,concept,severe,118.0,16137799.0,,SEA_A__s118,SEA_A__s118__concept__severe,0,70300,0.9207250829786062,41780,0.8995213020584012,0.8878926560864067,14270,7765,0.5441485634197617,41780,15345,0.3672809956917185,,,confirmed,True,hddm_w,complete,results/per_dataset_study/fixed_responses/runs/SEA_A/hddm_w/SEA_A__s118__concept__severe/confirmed_screened,,,,,
SEA_A,concept,severe,118.0,16137799.0,,SEA_A__s118,SEA_A__s118__concept__severe,4,64600,0.7559524160169531,41780,0.8919578745811393,0.8806348404604583,14270,14270,1.0,41780,0,0.0,,,confirmed,False,hddm_w,complete,results/per_dataset_study/fixed_responses/runs/SEA_A/hddm_w/SEA_A__s118__concept__severe/confirmed_unscreened,60000.0,64600.0,11400.0,False,3000.0
SEA_A,concept,severe,118.0,16137799.0,,SEA_A__s118,SEA_A__s118__concept__severe,5,57000,0.8202113750157878,41780,0.8978219243657253,0.8877110835870216,14270,3573,0.250385423966363,41780,23503,0.5625418860698899,,,immediate,True,hddm_w,complete,results/per_dataset_study/fixed_responses/runs/SEA_A/hddm_w/SEA_A__s118__concept__severe/immediate_screened,60000.0,22800.0,4750.0,False,3000.0
SEA_A,concept,severe,118.0,16137799.0,,SEA_A__s118,SEA_A__s118__concept__severe,37,57000,0.7356413330126088,41780,0.8393489707994256,0.8252638092682693,14270,14270,1.0,41780,0,0.0,,,immediate,False,hddm_w,complete,results/per_dataset_study/fixed_responses/runs/SEA_A/hddm_w/SEA_A__s118__concept__severe/immediate_unscreened,60000.0,57000.0,35150.0,False,3000.0
SEA_A,instance,moderate,118.0,4224387059.0,,SEA_A__s118,SEA_A__s118__instance__moderate,1,60800,0.8038945840089582,56050,0.9128813559322034,0.9040838388066383,8554,4845,0.56640168342296,47496,20991,0.44195300656897424,,,confirmed,True,hddm_w,complete,results/per_dataset_study/fixed_responses/runs/SEA_A/hddm_w/SEA_A__s118__instance__moderate/confirmed_screened,,,,,
SEA_A,instance,moderate,118.0,4224387059.0,,SEA_A__s118,SEA_A__s118__instance__moderate,1,58900,0.6741200420074165,56050,0.9056913470115968,0.8972263528358844,8554,8554,1.0,47496,0,0.0,,,confirmed,False,hddm_w,complete,results/per_dataset_study/fixed_responses/runs/SEA_A/hddm_w/SEA_A__s118__instance__moderate/confirmed_unscreened,60000.0,58900.0,2850.0,False,3000.0
SEA_A,instance,moderate,118.0,4224387059.0,,SEA_A__s118,SEA_A__s118__instance__moderate,6,57000,0.770702000008896,56050,0.9071543264942016,0.8978379498296176,8554,5424,0.6340893149403788,47496,17770,0.374136769412161,,,immediate,True,hddm_w,complete,results/per_dataset_study/fixed_responses/runs/SEA_A/hddm_w/SEA_A__s118__instance__moderate/immediate_screened,60000.0,36100.0,5700.0,False,3000.0
SEA_A,instance,moderate,118.0,4224387059.0,,SEA_A__s118,SEA_A__s118__instance__moderate,8,57000,0.6539302919991314,56050,0.9026048171275647,0.8928332014443214,8554,8554,1.0,47496,0,0.0,,,immediate,False,hddm_w,complete,results/per_dataset_study/fixed_responses/runs/SEA_A/hddm_w/SEA_A__s118__instance__moderate/immediate_unscreened,60000.0,57000.0,7600.0,False,3000.0
SEA_A,instance,severe,118.0,2861808558.0,,SEA_A__s118,SEA_A__s118__instance__severe,2,60800,0.7870915830135345,56050,0.9053702051739518,0.8964367461909744,14240,7820,0.5491573033707865,41810,19230,0.4599378139201148,,,confirmed,True,hddm_w,complete,results/per_dataset_study/fixed_responses/runs/SEA_A/hddm_w/SEA_A__s118__instance__severe/confirmed_screened,,,,,
SEA_A,instance,severe,118.0,2861808558.0,,SEA_A__s118,SEA_A__s118__instance__severe,1,58900,0.6782458750240039,56050,0.9030330062444246,0.8947074356622189,14240,14240,1.0,41810,0,0.0,,,confirmed,False,hddm_w,complete,results/per_dataset_study/fixed_responses/runs/SEA_A/hddm_w/SEA_A__s118__instance__severe/confirmed_unscreened,60000.0,58900.0,2850.0,True,3000.0
SEA_A,instance,severe,118.0,2861808558.0,,SEA_A__s118,SEA_A__s118__instance__severe,11,57000,0.7451632919837721,56050,0.9106868867082961,0.9030659345743592,14240,8007,0.5622893258426966,41810,18467,0.44168859124611337,,,immediate,True,hddm_w,complete,results/per_dataset_study/fixed_responses/runs/SEA_A/hddm_w/SEA_A__s118__instance__severe/immediate_screened,60000.0,32300.0,10450.0,False,3000.0
SEA_A,instance,severe,118.0,2861808558.0,,SEA_A__s118,SEA_A__s118__instance__severe,20,57000,0.6748662079917267,56050,0.9046387154326494,0.8954688492795431,14240,14240,1.0,41810,0,0.0,,,immediate,False,hddm_w,complete,results/per_dataset_study/fixed_responses/runs/SEA_A/hddm_w/SEA_A__s118__instance__severe/immediate_unscreened,60000.0,57000.0,19000.0,False,3000.0
SEA_A,splice,moderate,118.0,3330973510.0,,SEA_A__s118,SEA_A__s118__splice__moderate,1,58900,0.8315317090018652,47504,0.9052290333445605,0.8961298816044565,8546,7262,0.8497542710039785,47504,7266,0.1529555405860559,,,confirmed,True,hddm_w,complete,results/per_dataset_study/fixed_responses/runs/SEA_A/hddm_w/SEA_A__s118__splice__moderate/confirmed_screened,,,,,
SEA_A,splice,moderate,118.0,3330973510.0,,SEA_A__s118,SEA_A__s118__splice__moderate,1,58900,0.7159646250074729,47504,0.9058184573930617,0.897085466619932,8546,8546,1.0,47504,0,0.0,,,confirmed,False,hddm_w,complete,results/per_dataset_study/fixed_responses/runs/SEA_A/hddm_w/SEA_A__s118__splice__moderate/confirmed_unscreened,60000.0,58900.0,2850.0,False,3000.0
SEA_A,splice,moderate,118.0,3330973510.0,,SEA_A__s118,SEA_A__s118__splice__moderate,1,57000,0.8867494160076603,47504,0.9081130010104412,0.899529380954814,8546,7262,0.8497542710039785,47504,7266,0.1529555405860559,,,immediate,True,hddm_w,complete,results/per_dataset_study/fixed_responses/runs/SEA_A/hddm_w/SEA_A__s118__splice__moderate/immediate_screened,60000.0,48450.0,950.0,False,3000.0
SEA_A,splice,moderate,118.0,3330973510.0,,SEA_A__s118,SEA_A__s118__splice__moderate,1,57000,0.6900645419955254,47504,0.9079235432805658,0.8995492582127188,8546,8546,1.0,47504,0,0.0,,,immediate,False,hddm_w,complete,results/per_dataset_study/fixed_responses/runs/SEA_A/hddm_w/SEA_A__s118__splice__moderate/immediate_unscreened,60000.0,57000.0,950.0,False,3000.0
SEA_A,splice,severe,118.0,3954790722.0,,SEA_A__s118,SEA_A__s118__splice__severe,0,57000,0.9133865000039805,41762,0.9027345433647814,0.8945358084810986,14288,10272,0.7189249720044792,41762,9284,0.22230736075858437,,,confirmed,True,hddm_w,complete,results/per_dataset_study/fixed_responses/runs/SEA_A/hddm_w/SEA_A__s118__splice__severe/confirmed_screened,,,,,
SEA_A,splice,severe,118.0,3954790722.0,,SEA_A__s118,SEA_A__s118__splice__severe,0,57000,0.6646087080007419,41762,0.8928930606771707,0.8828188061500605,14288,14288,1.0,41762,0,0.0,,,confirmed,False,hddm_w,complete,results/per_dataset_study/fixed_responses/runs/SEA_A/hddm_w/SEA_A__s118__splice__severe/confirmed_unscreened,60000.0,57000.0,0.0,False,3000.0
SEA_A,splice,severe,118.0,3954790722.0,,SEA_A__s118,SEA_A__s118__splice__severe,0,57000,1.0067743749823421,41762,0.9027345433647814,0.8945358084810986,14288,10272,0.7189249720044792,41762,9284,0.22230736075858437,,,immediate,True,hddm_w,complete,results/per_dataset_study/fixed_responses/runs/SEA_A/hddm_w/SEA_A__s118__splice__severe/immediate_screened,60000.0,43700.0,0.0,False,3000.0
SEA_A,splice,severe,118.0,3954790722.0,,SEA_A__s118,SEA_A__s118__splice__severe,0,57000,0.7006747499981429,41762,0.8928930606771707,0.8828188061500605,14288,14288,1.0,41762,0,0.0,,,immediate,False,hddm_w,complete,results/per_dataset_study/fixed_responses/runs/SEA_A/hddm_w/SEA_A__s118__splice__severe/immediate_unscreened,60000.0,57000.0,0.0,False,3000.0
SEA_A,clean,none,119.0,,,SEA_A__s119,SEA_A__s119__clean__none,0,57000,0.873134666995611,56050,0.9086351471900089,0.8988899282959145,0,0,,56050,16150,0.288135593220339,,,confirmed,True,hddm_w,complete,results/per_dataset_study/fixed_responses/runs/SEA_A/hddm_w/SEA_A__s119__clean__none/confirmed_screened,,,,,
SEA_A,clean,none,119.0,,,SEA_A__s119,SEA_A__s119__clean__none,1,58900,0.6595022919937037,56050,0.9107939339875112,0.9026099828191986,0,0,,56050,0,0.0,,,confirmed,False,hddm_w,complete,results/per_dataset_study/fixed_responses/runs/SEA_A/hddm_w/SEA_A__s119__clean__none/confirmed_unscreened,60000.0,58900.0,2850.0,False,3000.0
SEA_A,clean,none,119.0,,,SEA_A__s119,SEA_A__s119__clean__none,0,57000,0.8905994159867987,56050,0.9086351471900089,0.8988899282959145,0,0,,56050,16150,0.288135593220339,,,immediate,True,hddm_w,complete,results/per_dataset_study/fixed_responses/runs/SEA_A/hddm_w/SEA_A__s119__clean__none/immediate_screened,60000.0,40850.0,0.0,False,3000.0
SEA_A,clean,none,119.0,,,SEA_A__s119,SEA_A__s119__clean__none,1,57000,0.6506984999869019,56050,0.9144513826940232,0.9068545930580252,0,0,,56050,0,0.0,,,immediate,False,hddm_w,complete,results/per_dataset_study/fixed_responses/runs/SEA_A/hddm_w/SEA_A__s119__clean__none/immediate_unscreened,60000.0,57000.0,950.0,False,3000.0
SEA_A,concept,moderate,119.0,1118368957.0,,SEA_A__s119,SEA_A__s119__concept__moderate,4,68400,0.8634130830178037,47466,0.9043736569333839,0.895212067260186,8584,5709,0.6650745573159367,47466,16125,0.3397168499557578,,,confirmed,True,hddm_w,complete,results/per_dataset_study/fixed_responses/runs/SEA_A/hddm_w/SEA_A__s119__concept__moderate/confirmed_screened,,,,,
SEA_A,concept,moderate,119.0,1118368957.0,,SEA_A__s119,SEA_A__s119__concept__moderate,2,60800,0.7045945000136271,47466,0.8852020393544853,0.874503347977839,8584,8584,1.0,47466,0,0.0,,,confirmed,False,hddm_w,complete,results/per_dataset_study/fixed_responses/runs/SEA_A/hddm_w/SEA_A__s119__concept__moderate/confirmed_unscreened,60000.0,60800.0,5700.0,False,3000.0
SEA_A,concept,moderate,119.0,1118368957.0,,SEA_A__s119,SEA_A__s119__concept__moderate,4,57000,0.7546414170064963,47466,0.904900349724013,0.8949987360831066,8584,1818,0.21178937558247904,47466,22684,0.4778999705052037,,,immediate,True,hddm_w,complete,results/per_dataset_study/fixed_responses/runs/SEA_A/hddm_w/SEA_A__s119__concept__moderate/immediate_screened,60000.0,27550.0,3800.0,False,3000.0
SEA_A,concept,moderate,119.0,1118368957.0,,SEA_A__s119,SEA_A__s119__concept__moderate,24,57000,0.6744987079873681,47466,0.8766696161462942,0.8649403276245766,8584,8584,1.0,47466,0,0.0,,,immediate,False,hddm_w,complete,results/per_dataset_study/fixed_responses/runs/SEA_A/hddm_w/SEA_A__s119__concept__moderate/immediate_unscreened,60000.0,57000.0,22800.0,False,3000.0
SEA_A,concept,severe,119.0,1193382814.0,,SEA_A__s119,SEA_A__s119__concept__severe,2,66500,0.8532945420010947,41781,0.8940188123788325,0.8828531344171808,14269,7734,0.542014156563179,41781,16265,0.3892917833464972,,,confirmed,True,hddm_w,complete,results/per_dataset_study/fixed_responses/runs/SEA_A/hddm_w/SEA_A__s119__concept__severe/confirmed_screened,,,,,
SEA_A,concept,severe,119.0,1193382814.0,,SEA_A__s119,SEA_A__s119__concept__severe,5,66500,0.7402545840013772,41781,0.8861444197123094,0.8757698083292036,14269,14269,1.0,41781,0,0.0,,,confirmed,False,hddm_w,complete,results/per_dataset_study/fixed_responses/runs/SEA_A/hddm_w/SEA_A__s119__concept__severe/confirmed_unscreened,60000.0,66500.0,14250.0,False,3000.0
SEA_A,concept,severe,119.0,1193382814.0,,SEA_A__s119,SEA_A__s119__concept__severe,8,57000,0.7661426670092624,41781,0.8911706277973241,0.881325539395678,14269,3428,0.24024108206601724,41781,24309,0.5818194873267754,,,immediate,True,hddm_w,complete,results/per_dataset_study/fixed_responses/runs/SEA_A/hddm_w/SEA_A__s119__concept__severe/immediate_screened,60000.0,21850.0,7600.0,False,3000.0
SEA_A,concept,severe,119.0,1193382814.0,,SEA_A__s119,SEA_A__s119__concept__severe,38,57000,0.7004104999941774,41781,0.8455278715205476,0.83084119200103,14269,14269,1.0,41781,0,0.0,,,immediate,False,hddm_w,complete,results/per_dataset_study/fixed_responses/runs/SEA_A/hddm_w/SEA_A__s119__concept__severe/immediate_unscreened,60000.0,57000.0,36100.0,False,3000.0
SEA_A,instance,moderate,119.0,110941192.0,,SEA_A__s119,SEA_A__s119__instance__moderate,1,58900,0.7892535830033012,56050,0.9110615521855486,0.9019750212802149,8546,5612,0.656681488415633,47504,16066,0.3382030986864264,,,confirmed,True,hddm_w,complete,results/per_dataset_study/fixed_responses/runs/SEA_A/hddm_w/SEA_A__s119__instance__moderate/confirmed_screened,,,,,
SEA_A,instance,moderate,119.0,110941192.0,,SEA_A__s119,SEA_A__s119__instance__moderate,2,60800,0.665599416999612,56050,0.9105084745762712,0.9023049530014307,8546,8546,1.0,47504,0,0.0,,,confirmed,False,hddm_w,complete,results/per_dataset_study/fixed_responses/runs/SEA_A/hddm_w/SEA_A__s119__instance__moderate/confirmed_unscreened,60000.0,60800.0,5700.0,False,3000.0
SEA_A,instance,moderate,119.0,110941192.0,,SEA_A__s119,SEA_A__s119__instance__moderate,5,57000,0.7431938749796245,56050,0.9145227475468332,0.9062445755723567,8546,4107,0.48057570793353616,47504,25011,0.526503031323678,,,immediate,True,hddm_w,complete,results/per_dataset_study/fixed_responses/runs/SEA_A/hddm_w/SEA_A__s119__instance__moderate/immediate_screened,60000.0,27550.0,4750.0,False,3000.0
SEA_A,instance,moderate,119.0,110941192.0,,SEA_A__s119,SEA_A__s119__instance__moderate,8,57000,0.6481174170039594,56050,0.9095985727029438,0.9007114255582559,8546,8546,1.0,47504,0,0.0,,,immediate,False,hddm_w,complete,results/per_dataset_study/fixed_responses/runs/SEA_A/hddm_w/SEA_A__s119__instance__moderate/immediate_unscreened,60000.0,57000.0,7600.0,False,3000.0
SEA_A,instance,severe,119.0,3882502243.0,,SEA_A__s119,SEA_A__s119__instance__severe,2,60800,0.8033727919973899,56050,0.9020338983050847,0.8920017545211243,14266,8975,0.6291181830926679,41784,15609,0.37356404365307294,,,confirmed,True,hddm_w,complete,results/per_dataset_study/fixed_responses/runs/SEA_A/hddm_w/SEA_A__s119__instance__severe/confirmed_screened,,,,,
SEA_A,instance,severe,119.0,3882502243.0,,SEA_A__s119,SEA_A__s119__instance__severe,1,58900,0.6815854579908773,56050,0.9026761819803747,0.8938252704932478,14266,14266,1.0,41784,0,0.0,,,confirmed,False,hddm_w,complete,results/per_dataset_study/fixed_responses/runs/SEA_A/hddm_w/SEA_A__s119__instance__severe/confirmed_unscreened,60000.0,58900.0,2850.0,True,3000.0
SEA_A,instance,severe,119.0,3882502243.0,,SEA_A__s119,SEA_A__s119__instance__severe,9,57000,0.7355193330149632,56050,0.9061730597680643,0.8973659449116885,14266,7348,0.5150707977008271,41784,20632,0.4937775224966494,,,immediate,True,hddm_w,complete,results/per_dataset_study/fixed_responses/runs/SEA_A/hddm_w/SEA_A__s119__instance__severe/immediate_screened,60000.0,29450.0,8550.0,False,3000.0
SEA_A,instance,severe,119.0,3882502243.0,,SEA_A__s119,SEA_A__s119__instance__severe,22,57000,0.6696342090144753,56050,0.8983586083853702,0.8888814144443078,14266,14266,1.0,41784,0,0.0,,,immediate,False,hddm_w,complete,results/per_dataset_study/fixed_responses/runs/SEA_A/hddm_w/SEA_A__s119__instance__severe/immediate_unscreened,60000.0,57000.0,20900.0,False,3000.0
SEA_A,splice,moderate,119.0,1473637511.0,,SEA_A__s119,SEA_A__s119__splice__moderate,1,58900,0.8219549169880338,47476,0.9075954166315612,0.8987824561493287,8574,5290,0.6169815721950082,47476,10966,0.23097986350998398,,,confirmed,True,hddm_w,complete,results/per_dataset_study/fixed_responses/runs/SEA_A/hddm_w/SEA_A__s119__splice__moderate/confirmed_screened,,,,,
SEA_A,splice,moderate,119.0,1473637511.0,,SEA_A__s119,SEA_A__s119__splice__moderate,1,58900,0.6894338330021128,47476,0.9076375431797119,0.899368855301905,8574,8574,1.0,47476,0,0.0,,,confirmed,False,hddm_w,complete,results/per_dataset_study/fixed_responses/runs/SEA_A/hddm_w/SEA_A__s119__splice__moderate/confirmed_unscreened,60000.0,58900.0,2850.0,False,3000.0
SEA_A,splice,moderate,119.0,1473637511.0,,SEA_A__s119,SEA_A__s119__splice__moderate,0,57000,0.9598152090038639,47476,0.8980958800235909,0.887448906755347,8574,6837,0.7974107767669699,47476,6813,0.1435040862751706,,,immediate,True,hddm_w,complete,results/per_dataset_study/fixed_responses/runs/SEA_A/hddm_w/SEA_A__s119__splice__moderate/immediate_screened,60000.0,48450.0,0.0,False,3000.0
SEA_A,splice,moderate,119.0,1473637511.0,,SEA_A__s119,SEA_A__s119__splice__moderate,2,57000,0.6439122080046218,47476,0.9102072626169012,0.9024361060791242,8574,8574,1.0,47476,0,0.0,,,immediate,False,hddm_w,complete,results/per_dataset_study/fixed_responses/runs/SEA_A/hddm_w/SEA_A__s119__splice__moderate/immediate_unscreened,60000.0,57000.0,1900.0,False,3000.0
SEA_A,splice,severe,119.0,2268888980.0,,SEA_A__s119,SEA_A__s119__splice__severe,0,57000,0.9202399159839842,41783,0.897924993418376,0.887305981754541,14267,12647,0.886451251138992,41783,6930,0.16585692745853578,,,confirmed,True,hddm_w,complete,results/per_dataset_study/fixed_responses/runs/SEA_A/hddm_w/SEA_A__s119__splice__severe/confirmed_screened,,,,,
SEA_A,splice,severe,119.0,2268888980.0,,SEA_A__s119,SEA_A__s119__splice__severe,1,58900,0.6690609999932349,41783,0.9047938156666587,0.8959316340663441,14267,14267,1.0,41783,0,0.0,,,confirmed,False,hddm_w,complete,results/per_dataset_study/fixed_responses/runs/SEA_A/hddm_w/SEA_A__s119__splice__severe/confirmed_unscreened,60000.0,58900.0,2850.0,False,3000.0
SEA_A,splice,severe,119.0,2268888980.0,,SEA_A__s119,SEA_A__s119__splice__severe,2,57000,0.789654166001128,41783,0.9068760022018524,0.8976996474707779,14267,8699,0.6097287446554988,41783,14382,0.344206974128234,,,immediate,True,hddm_w,complete,results/per_dataset_study/fixed_responses/runs/SEA_A/hddm_w/SEA_A__s119__splice__severe/immediate_screened,60000.0,37050.0,1900.0,False,3000.0
SEA_A,splice,severe,119.0,2268888980.0,,SEA_A__s119,SEA_A__s119__splice__severe,2,57000,0.6441332919930574,41783,0.905990474594931,0.8973147912817433,14267,14267,1.0,41783,0,0.0,,,immediate,False,hddm_w,complete,results/per_dataset_study/fixed_responses/runs/SEA_A/hddm_w/SEA_A__s119__splice__severe/immediate_unscreened,60000.0,57000.0,1900.0,False,3000.0
SEA_A,clean,none,115.0,,,SEA_A__s115,SEA_A__s115__clean__none,0,57000,0.961732708994532,56050,0.8946297948260482,0.8843860340520493,0,0,,56050,2850,0.05084745762711865,,,confirmed,True,hellinger,complete,results/per_dataset_study/fixed_responses/runs/SEA_A/hellinger/SEA_A__s115__clean__none/confirmed_screened,,,,,
SEA_A,clean,none,115.0,,,SEA_A__s115,SEA_A__s115__clean__none,0,57000,0.5721617499948479,56050,0.8950223015165031,0.8846927304128832,0,0,,56050,0,0.0,,,confirmed,False,hellinger,complete,results/per_dataset_study/fixed_responses/runs/SEA_A/hellinger/SEA_A__s115__clean__none/confirmed_unscreened,60000.0,57000.0,0.0,True,3000.0
SEA_A,clean,none,115.0,,,SEA_A__s115,SEA_A__s115__clean__none,3,57000,0.7131902910186909,56050,0.903728813559322,0.8941563767143281,0,0,,56050,12350,0.22033898305084745,,,immediate,True,hellinger,complete,results/per_dataset_study/fixed_responses/runs/SEA_A/hellinger/SEA_A__s115__clean__none/immediate_screened,60000.0,44650.0,2850.0,False,3000.0
SEA_A,clean,none,115.0,,,SEA_A__s115,SEA_A__s115__clean__none,6,57000,0.5643669169803616,56050,0.9069223907225691,0.8981693049385848,0,0,,56050,0,0.0,,,immediate,False,hellinger,complete,results/per_dataset_study/fixed_responses/runs/SEA_A/hellinger/SEA_A__s115__clean__none/immediate_unscreened,60000.0,57000.0,5700.0,False,3000.0
SEA_A,concept,moderate,115.0,2983410498.0,,SEA_A__s115,SEA_A__s115__concept__moderate,1,62700,0.9142957500007469,47512,0.8874389627883482,0.8766053959808062,8538,6267,0.7340126493323963,47512,7229,0.15215103552786666,,,confirmed,True,hellinger,complete,results/per_dataset_study/fixed_responses/runs/SEA_A/hellinger/SEA_A__s115__concept__moderate/confirmed_screened,,,,,
SEA_A,concept,moderate,115.0,2983410498.0,,SEA_A__s115,SEA_A__s115__concept__moderate,2,60800,0.6148337910126429,47512,0.8840924398046809,0.8748540708181989,8538,8538,1.0,47512,0,0.0,,,confirmed,False,hellinger,complete,results/per_dataset_study/fixed_responses/runs/SEA_A/hellinger/SEA_A__s115__concept__moderate/confirmed_unscreened,60000.0,60800.0,5700.0,False,3000.0
SEA_A,concept,moderate,115.0,2983410498.0,,SEA_A__s115,SEA_A__s115__concept__moderate,0,57000,0.8001315830042586,47512,0.9054765111971712,0.8979021568724497,8538,4903,0.5742562661044741,47512,13465,0.2834020878935848,,,immediate,True,hellinger,complete,results/per_dataset_study/fixed_responses/runs/SEA_A/hellinger/SEA_A__s115__concept__moderate/immediate_screened,60000.0,39900.0,0.0,False,3000.0
SEA_A,concept,moderate,115.0,2983410498.0,,SEA_A__s115,SEA_A__s115__concept__moderate,4,57000,0.5746831670112442,47512,0.8791884155581747,0.8704827626675877,8538,8538,1.0,47512,0,0.0,,,immediate,False,hellinger,complete,results/per_dataset_study/fixed_responses/runs/SEA_A/hellinger/SEA_A__s115__concept__moderate/immediate_unscreened,60000.0,57000.0,3800.0,False,3000.0
SEA_A,concept,severe,115.0,3074832534.0,,SEA_A__s115,SEA_A__s115__concept__severe,1,58900,0.8301911250018748,41779,0.9027501854998923,0.8939899238051581,14271,10148,0.7110924251979539,41779,7277,0.1741784149931784,,,confirmed,True,hellinger,complete,results/per_dataset_study/fixed_responses/runs/SEA_A/hellinger/SEA_A__s115__concept__severe/confirmed_screened,,,,,
SEA_A,concept,severe,115.0,3074832534.0,,SEA_A__s115,SEA_A__s115__concept__severe,1,58900,0.5858519170142245,41779,0.9043538619880801,0.8960182580578137,14271,14271,1.0,41779,0,0.0,,,confirmed,False,hellinger,complete,results/per_dataset_study/fixed_responses/runs/SEA_A/hellinger/SEA_A__s115__concept__severe/confirmed_unscreened,60000.0,58900.0,2850.0,False,3000.0
SEA_A,concept,severe,115.0,3074832534.0,,SEA_A__s115,SEA_A__s115__concept__severe,4,57000,0.6847024159797002,41779,0.9025108308001628,0.8938021482723961,14271,8520,0.5970149253731343,41779,12299,0.29438234519734796,,,immediate,True,hellinger,complete,results/per_dataset_study/fixed_responses/runs/SEA_A/hellinger/SEA_A__s115__concept__severe/immediate_screened,60000.0,38950.0,3800.0,False,3000.0
SEA_A,concept,severe,115.0,3074832534.0,,SEA_A__s115,SEA_A__s115__concept__severe,5,57000,0.5701702919905074,41779,0.8808731659446133,0.8703359197979363,14271,14271,1.0,41779,0,0.0,,,immediate,False,hellinger,complete,results/per_dataset_study/fixed_responses/runs/SEA_A/hellinger/SEA_A__s115__concept__severe/immediate_unscreened,60000.0,57000.0,4750.0,False,3000.0
SEA_A,instance,moderate,115.0,2392216387.0,,SEA_A__s115,SEA_A__s115__instance__moderate,0,57000,0.9481166670011589,56050,0.9008742194469224,0.8916081090632895,8531,7981,0.9355292462782793,47519,3250,0.06839369515351754,,,confirmed,True,hellinger,complete,results/per_dataset_study/fixed_responses/runs/SEA_A/hellinger/SEA_A__s115__instance__moderate/confirmed_screened,,,,,
SEA_A,instance,moderate,115.0,2392216387.0,,SEA_A__s115,SEA_A__s115__instance__moderate,0,57000,0.5899967919976916,56050,0.8986440677966102,0.8889799153258853,8531,8531,1.0,47519,0,0.0,,,confirmed,False,hellinger,complete,results/per_dataset_study/fixed_responses/runs/SEA_A/hellinger/SEA_A__s115__instance__moderate/confirmed_unscreened,60000.0,57000.0,0.0,True,3000.0
SEA_A,instance,moderate,115.0,2392216387.0,,SEA_A__s115,SEA_A__s115__instance__moderate,5,57000,0.6501866250182502,56050,0.912399643175736,0.9048979656842889,8531,5838,0.6843277458680108,47519,15357,0.3231759927607904,,,immediate,True,hellinger,complete,results/per_dataset_study/fixed_responses/runs/SEA_A/hellinger/SEA_A__s115__instance__moderate/immediate_screened,60000.0,38950.0,4750.0,False,3000.0
SEA_A,instance,moderate,115.0,2392216387.0,,SEA_A__s115,SEA_A__s115__instance__moderate,6,57000,0.5630402079841588,56050,0.9033363068688671,0.89474197535708,8531,8531,1.0,47519,0,0.0,,,immediate,False,hellinger,complete,results/per_dataset_study/fixed_responses/runs/SEA_A/hellinger/SEA_A__s115__instance__moderate/immediate_unscreened,60000.0,57000.0,5700.0,False,3000.0
SEA_A,instance,severe,115.0,345179728.0,,SEA_A__s115,SEA_A__s115__instance__severe,0,57000,0.8429418750019977,56050,0.8956289027653881,0.8856521903994463,14226,10552,0.7417404751862786,41824,10576,0.2528691660290742,,,confirmed,True,hellinger,complete,results/per_dataset_study/fixed_responses/runs/SEA_A/hellinger/SEA_A__s115__instance__severe/confirmed_screened,,,,,
SEA_A,instance,severe,115.0,345179728.0,,SEA_A__s115,SEA_A__s115__instance__severe,0,57000,0.5752839169872459,56050,0.8910615521855486,0.8804653252063084,14226,14226,1.0,41824,0,0.0,,,confirmed,False,hellinger,complete,results/per_dataset_study/fixed_responses/runs/SEA_A/hellinger/SEA_A__s115__instance__severe/confirmed_unscreened,60000.0,57000.0,0.0,True,3000.0
SEA_A,instance,severe,115.0,345179728.0,,SEA_A__s115,SEA_A__s115__instance__severe,3,57000,0.6730525000020862,56050,0.9020338983050847,0.8934005435614921,14226,10055,0.7068044425699423,41824,11979,0.2864144988523336,,,immediate,True,hellinger,complete,results/per_dataset_study/fixed_responses/runs/SEA_A/hellinger/SEA_A__s115__instance__severe/immediate_screened,60000.0,40850.0,2850.0,False,3000.0
SEA_A,instance,severe,115.0,345179728.0,,SEA_A__s115,SEA_A__s115__instance__severe,6,57000,0.5616429159999825,56050,0.8856913470115968,0.8759792705322902,14226,14226,1.0,41824,0,0.0,,,immediate,False,hellinger,complete,results/per_dataset_study/fixed_responses/runs/SEA_A/hellinger/SEA_A__s115__instance__severe/immediate_unscreened,60000.0,57000.0,5700.0,False,3000.0
SEA_A,splice,moderate,115.0,1669518770.0,,SEA_A__s115,SEA_A__s115__splice__moderate,0,57000,0.9980450830043992,47495,0.8955890093694073,0.8861342519431801,8555,6889,0.8052600818234951,47495,4034,0.08493525634277292,,,confirmed,True,hellinger,complete,results/per_dataset_study/fixed_responses/runs/SEA_A/hellinger/SEA_A__s115__splice__moderate/confirmed_screened,,,,,
SEA_A,splice,moderate,115.0,1669518770.0,,SEA_A__s115,SEA_A__s115__splice__moderate,0,57000,0.5808341660012957,47495,0.8930624276239604,0.8831080207295681,8555,8555,1.0,47495,0,0.0,,,confirmed,False,hellinger,complete,results/per_dataset_study/fixed_responses/runs/SEA_A/hellinger/SEA_A__s115__splice__moderate/confirmed_unscreened,60000.0,57000.0,0.0,True,3000.0
SEA_A,splice,moderate,115.0,1669518770.0,,SEA_A__s115,SEA_A__s115__splice__moderate,2,57000,0.7183857090130914,47495,0.908958837772397,0.9011831409827654,8555,5715,0.6680303915838691,47495,8560,0.18022949784187808,,,immediate,True,hellinger,complete,results/per_dataset_study/fixed_responses/runs/SEA_A/hellinger/SEA_A__s115__splice__moderate/immediate_screened,60000.0,45600.0,1900.0,False,3000.0
SEA_A,splice,moderate,115.0,1669518770.0,,SEA_A__s115,SEA_A__s115__splice__moderate,2,57000,0.5826022080145776,47495,0.9003263501421203,0.8914194708682868,8555,8555,1.0,47495,0,0.0,,,immediate,False,hellinger,complete,results/per_dataset_study/fixed_responses/runs/SEA_A/hellinger/SEA_A__s115__splice__moderate/immediate_unscreened,60000.0,57000.0,1900.0,False,3000.0
SEA_A,splice,severe,115.0,3823887799.0,,SEA_A__s115,SEA_A__s115__splice__severe,0,57000,0.905335791001562,41816,0.897957719533193,0.88854004173029,14234,10577,0.7430799494168892,41816,10593,0.2533240864740769,,,confirmed,True,hellinger,complete,results/per_dataset_study/fixed_responses/runs/SEA_A/hellinger/SEA_A__s115__splice__severe/confirmed_screened,,,,,
SEA_A,splice,severe,115.0,3823887799.0,,SEA_A__s115,SEA_A__s115__splice__severe,2,60800,0.6171072500001173,41816,0.8990816912186723,0.8907590196923101,14234,14234,1.0,41816,0,0.0,,,confirmed,False,hellinger,complete,results/per_dataset_study/fixed_responses/runs/SEA_A/hellinger/SEA_A__s115__splice__severe/confirmed_unscreened,60000.0,60800.0,5700.0,False,3000.0
SEA_A,splice,severe,115.0,3823887799.0,,SEA_A__s115,SEA_A__s115__splice__severe,2,57000,0.7016165000095498,41816,0.9073560359670939,0.89945802640556,14234,8097,0.568849234227905,41816,15713,0.3757652573177731,,,immediate,True,hellinger,complete,results/per_dataset_study/fixed_responses/runs/SEA_A/hellinger/SEA_A__s115__splice__severe/immediate_screened,60000.0,35150.0,1900.0,False,3000.0
SEA_A,splice,severe,115.0,3823887799.0,,SEA_A__s115,SEA_A__s115__splice__severe,3,57000,0.5806841249868739,41816,0.8966185192270901,0.8868387520139025,14234,14234,1.0,41816,0,0.0,,,immediate,False,hellinger,complete,results/per_dataset_study/fixed_responses/runs/SEA_A/hellinger/SEA_A__s115__splice__severe/immediate_unscreened,60000.0,57000.0,2850.0,False,3000.0
SEA_A,clean,none,116.0,,,SEA_A__s116,SEA_A__s116__clean__none,0,57000,0.9390622080100002,56050,0.9031400535236396,0.893737251044757,0,0,,56050,11400,0.2033898305084746,,,confirmed,True,hellinger,complete,results/per_dataset_study/fixed_responses/runs/SEA_A/hellinger/SEA_A__s116__clean__none/confirmed_screened,,,,,
SEA_A,clean,none,116.0,,,SEA_A__s116,SEA_A__s116__clean__none,0,57000,0.6281078750034794,56050,0.888456735057984,0.8757221694825649,0,0,,56050,0,0.0,,,confirmed,False,hellinger,complete,results/per_dataset_study/fixed_responses/runs/SEA_A/hellinger/SEA_A__s116__clean__none/confirmed_unscreened,60000.0,57000.0,0.0,False,3000.0
SEA_A,clean,none,116.0,,,SEA_A__s116,SEA_A__s116__clean__none,3,57000,0.6959677500126418,56050,0.9070651204281891,0.898658855680411,0,0,,56050,13300,0.23728813559322035,,,immediate,True,hellinger,complete,results/per_dataset_study/fixed_responses/runs/SEA_A/hellinger/SEA_A__s116__clean__none/immediate_screened,60000.0,43700.0,2850.0,False,3000.0
SEA_A,clean,none,116.0,,,SEA_A__s116,SEA_A__s116__clean__none,4,57000,0.5830685000109952,56050,0.903407671721677,0.8946149910622949,0,0,,56050,0,0.0,,,immediate,False,hellinger,complete,results/per_dataset_study/fixed_responses/runs/SEA_A/hellinger/SEA_A__s116__clean__none/immediate_unscreened,60000.0,57000.0,3800.0,False,3000.0
SEA_A,concept,moderate,116.0,2842105116.0,,SEA_A__s116,SEA_A__s116__concept__moderate,1,62700,0.8750723330012988,47478,0.9055141328615358,0.8965414990272138,8572,6035,0.7040363975734951,47478,8863,0.18667593411685413,,,confirmed,True,hellinger,complete,results/per_dataset_study/fixed_responses/runs/SEA_A/hellinger/SEA_A__s116__concept__moderate/confirmed_screened,,,,,
SEA_A,concept,moderate,116.0,2842105116.0,,SEA_A__s116,SEA_A__s116__concept__moderate,1,58900,0.6127494579995982,47478,0.8990690425038965,0.8885215362505414,8572,8572,1.0,47478,0,0.0,,,confirmed,False,hellinger,complete,results/per_dataset_study/fixed_responses/runs/SEA_A/hellinger/SEA_A__s116__concept__moderate/confirmed_unscreened,60000.0,58900.0,2850.0,False,3000.0
SEA_A,concept,moderate,116.0,2842105116.0,,SEA_A__s116,SEA_A__s116__concept__moderate,2,57000,0.7710579579870682,47478,0.902944521673196,0.8936642161604998,8572,5765,0.6725384974335045,47478,10493,0.22100762458401785,,,immediate,True,hellinger,complete,results/per_dataset_study/fixed_responses/runs/SEA_A/hellinger/SEA_A__s116__concept__moderate/immediate_screened,60000.0,43700.0,1900.0,False,3000.0
SEA_A,concept,moderate,116.0,2842105116.0,,SEA_A__s116,SEA_A__s116__concept__moderate,5,57000,0.5858348749752622,47478,0.896351994608029,0.8863091621241468,8572,8572,1.0,47478,0,0.0,,,immediate,False,hellinger,complete,results/per_dataset_study/fixed_responses/runs/SEA_A/hellinger/SEA_A__s116__concept__moderate/immediate_unscreened,60000.0,57000.0,4750.0,False,3000.0
SEA_A,concept,severe,116.0,1226260622.0,,SEA_A__s116,SEA_A__s116__concept__severe,1,58900,0.8137394999939715,41789,0.9085883845030989,0.9003478612553599,14261,8155,0.571839281957787,41789,15744,0.3767498624039819,,,confirmed,True,hellinger,complete,results/per_dataset_study/fixed_responses/runs/SEA_A/hellinger/SEA_A__s116__concept__severe/confirmed_screened,,,,,
SEA_A,concept,severe,116.0,1226260622.0,,SEA_A__s116,SEA_A__s116__concept__severe,1,58900,0.6094429999939166,41789,0.9047356959965541,0.8967764828420385,14261,14261,1.0,41789,0,0.0,,,confirmed,False,hellinger,complete,results/per_dataset_study/fixed_responses/runs/SEA_A/hellinger/SEA_A__s116__concept__severe/confirmed_unscreened,60000.0,58900.0,2850.0,False,3000.0
SEA_A,concept,severe,116.0,1226260622.0,,SEA_A__s116,SEA_A__s116__concept__severe,2,57000,0.7227559169987217,41789,0.9003326234176457,0.8921632334783177,14261,6004,0.42100834443587404,41789,18343,0.438943262581062,,,immediate,True,hellinger,complete,results/per_dataset_study/fixed_responses/runs/SEA_A/hellinger/SEA_A__s116__concept__severe/immediate_screened,60000.0,30400.0,1900.0,False,3000.0
SEA_A,concept,severe,116.0,1226260622.0,,SEA_A__s116,SEA_A__s116__concept__severe,5,57000,0.6117105840239674,41789,0.8745363612433894,0.8638729756706564,14261,14261,1.0,41789,0,0.0,,,immediate,False,hellinger,complete,results/per_dataset_study/fixed_responses/runs/SEA_A/hellinger/SEA_A__s116__concept__severe/immediate_unscreened,60000.0,57000.0,4750.0,False,3000.0
SEA_A,instance,moderate,116.0,453400147.0,,SEA_A__s116,SEA_A__s116__instance__moderate,0,57000,0.8539715829974739,56050,0.907172167707404,0.8980345275810834,8529,6126,0.7182553640520577,47521,13747,0.28928263294122597,,,confirmed,True,hellinger,complete,results/per_dataset_study/fixed_responses/runs/SEA_A/hellinger/SEA_A__s116__instance__moderate/confirmed_screened,,,,,
SEA_A,instance,moderate,116.0,453400147.0,,SEA_A__s116,SEA_A__s116__instance__moderate,0,57000,0.6196127090079244,56050,0.8916146297948261,0.8794499675921359,8529,8529,1.0,47521,0,0.0,,,confirmed,False,hellinger,complete,results/per_dataset_study/fixed_responses/runs/SEA_A/hellinger/SEA_A__s116__instance__moderate/confirmed_unscreened,60000.0,57000.0,0.0,False,3000.0
SEA_A,instance,moderate,116.0,453400147.0,,SEA_A__s116,SEA_A__s116__instance__moderate,2,57000,0.7202728750125971,56050,0.9071364852809991,0.898157187443464,8529,4824,0.5655997186071051,47521,20995,0.44180467582752886,,,immediate,True,hellinger,complete,results/per_dataset_study/fixed_responses/runs/SEA_A/hellinger/SEA_A__s116__instance__moderate/immediate_screened,60000.0,32300.0,1900.0,False,3000.0
SEA_A,instance,moderate,116.0,453400147.0,,SEA_A__s116,SEA_A__s116__instance__moderate,4,57000,0.5971724579867441,56050,0.9005530776092774,0.8912047522657298,8529,8529,1.0,47521,0,0.0,,,immediate,False,hellinger,complete,results/per_dataset_study/fixed_responses/runs/SEA_A/hellinger/SEA_A__s116__instance__moderate/immediate_unscreened,60000.0,57000.0,3800.0,False,3000.0
SEA_A,instance,severe,116.0,3914142360.0,,SEA_A__s116,SEA_A__s116__instance__severe,0,57000,0.9036246670002583,56050,0.8874219446922391,0.8763503167858626,14241,12352,0.8673548205884418,41809,5711,0.13659738333851562,,,confirmed,True,hellinger,complete,results/per_dataset_study/fixed_responses/runs/SEA_A/hellinger/SEA_A__s116__instance__severe/confirmed_screened,,,,,
SEA_A,instance,severe,116.0,3914142360.0,,SEA_A__s116,SEA_A__s116__instance__severe,0,57000,0.6222198749892414,56050,0.8908117752007136,0.8803635446587333,14241,14241,1.0,41809,0,0.0,,,confirmed,False,hellinger,complete,results/per_dataset_study/fixed_responses/runs/SEA_A/hellinger/SEA_A__s116__instance__severe/confirmed_unscreened,60000.0,57000.0,0.0,False,3000.0
SEA_A,instance,severe,116.0,3914142360.0,,SEA_A__s116,SEA_A__s116__instance__severe,4,57000,0.6945115420094226,56050,0.9023728813559322,0.8936574385171336,14241,8653,0.6076118250122885,41809,16262,0.3889593149800282,,,immediate,True,hellinger,complete,results/per_dataset_study/fixed_responses/runs/SEA_A/hellinger/SEA_A__s116__instance__severe/immediate_screened,60000.0,35150.0,3800.0,False,3000.0
SEA_A,instance,severe,116.0,3914142360.0,,SEA_A__s116,SEA_A__s116__instance__severe,4,57000,0.5959523339988664,56050,0.8973773416592328,0.8878635136882425,14241,14241,1.0,41809,0,0.0,,,immediate,False,hellinger,complete,results/per_dataset_study/fixed_responses/runs/SEA_A/hellinger/SEA_A__s116__instance__severe/immediate_unscreened,60000.0,57000.0,3800.0,False,3000.0
SEA_A,splice,moderate,116.0,921862620.0,,SEA_A__s116,SEA_A__s116__splice__moderate,1,58900,0.8103349589946447,47537,0.9096493257883334,0.9014339954674715,8513,5424,0.637143192764008,47537,14011,0.2947388350127269,,,confirmed,True,hellinger,complete,results/per_dataset_study/fixed_responses/runs/SEA_A/hellinger/SEA_A__s116__splice__moderate/confirmed_screened,,,,,
SEA_A,splice,moderate,116.0,921862620.0,,SEA_A__s116,SEA_A__s116__splice__moderate,1,58900,0.6205866250093095,47537,0.9048109893346236,0.8967822596596056,8513,8513,1.0,47537,0,0.0,,,confirmed,False,hellinger,complete,results/per_dataset_study/fixed_responses/runs/SEA_A/hellinger/SEA_A__s116__splice__moderate/confirmed_unscreened,60000.0,58900.0,2850.0,False,3000.0
SEA_A,splice,moderate,116.0,921862620.0,,SEA_A__s116,SEA_A__s116__splice__moderate,2,57000,0.8471465839829762,47537,0.9054631129436018,0.8966092042681556,8513,4016,0.47174908962762835,47537,21153,0.44497970002313986,,,immediate,True,hellinger,complete,results/per_dataset_study/fixed_responses/runs/SEA_A/hellinger/SEA_A__s116__splice__moderate/immediate_screened,60000.0,31350.0,1900.0,False,3000.0
SEA_A,splice,moderate,116.0,921862620.0,,SEA_A__s116,SEA_A__s116__splice__moderate,2,57000,0.7159103750018403,47537,0.9057786566253655,0.8978549229585506,8513,8513,1.0,47537,0,0.0,,,immediate,False,hellinger,complete,results/per_dataset_study/fixed_responses/runs/SEA_A/hellinger/SEA_A__s116__splice__moderate/immediate_unscreened,60000.0,57000.0,1900.0,False,3000.0
SEA_A,splice,severe,116.0,1993734708.0,,SEA_A__s116,SEA_A__s116__splice__severe,0,57000,0.8757647499878658,41812,0.9104563283267961,0.9020695576222092,14238,9187,0.6452451186964462,41812,12999,0.31089161006409644,,,confirmed,True,hellinger,complete,results/per_dataset_study/fixed_responses/runs/SEA_A/hellinger/SEA_A__s116__splice__severe/confirmed_screened,,,,,
SEA_A,splice,severe,116.0,1993734708.0,,SEA_A__s116,SEA_A__s116__splice__severe,0,57000,0.6316135420056526,41812,0.8931885583086195,0.8828665921960404,14238,14238,1.0,41812,0,0.0,,,confirmed,False,hellinger,complete,results/per_dataset_study/fixed_responses/runs/SEA_A/hellinger/SEA_A__s116__splice__severe/confirmed_unscreened,60000.0,57000.0,0.0,False,3000.0
SEA_A,splice,severe,116.0,1993734708.0,,SEA_A__s116,SEA_A__s116__splice__severe,4,57000,0.758365749992663,41812,0.9052664306897541,0.8961035463968358,14238,6691,0.4699395982581823,41812,17153,0.41024107911604324,,,immediate,True,hellinger,complete,results/per_dataset_study/fixed_responses/runs/SEA_A/hellinger/SEA_A__s116__splice__severe/immediate_screened,60000.0,32300.0,3800.0,False,3000.0
SEA_A,splice,severe,116.0,1993734708.0,,SEA_A__s116,SEA_A__s116__splice__severe,6,57000,0.6431901670002844,41812,0.8992394527886731,0.8903013746142179,14238,14238,1.0,41812,0,0.0,,,immediate,False,hellinger,complete,results/per_dataset_study/fixed_responses/runs/SEA_A/hellinger/SEA_A__s116__splice__severe/immediate_unscreened,60000.0,57000.0,5700.0,False,3000.0
SEA_A,clean,none,117.0,,,SEA_A__s117,SEA_A__s117__clean__none,0,57000,0.9059867079922697,56050,0.9093309545049063,0.9005996193617851,0,0,,56050,13300,0.23728813559322035,,,confirmed,True,hellinger,complete,results/per_dataset_study/fixed_responses/runs/SEA_A/hellinger/SEA_A__s117__clean__none/confirmed_screened,,,,,
SEA_A,clean,none,117.0,,,SEA_A__s117,SEA_A__s117__clean__none,1,58900,0.60614987500594,56050,0.9042818911685995,0.8956682512808933,0,0,,56050,0,0.0,,,confirmed,False,hellinger,complete,results/per_dataset_study/fixed_responses/runs/SEA_A/hellinger/SEA_A__s117__clean__none/confirmed_unscreened,60000.0,58900.0,2850.0,False,3000.0
SEA_A,clean,none,117.0,,,SEA_A__s117,SEA_A__s117__clean__none,4,57000,0.6928306249901652,56050,0.9101694915254237,0.9011028278350148,0,0,,56050,28500,0.5084745762711864,,,immediate,True,hellinger,complete,results/per_dataset_study/fixed_responses/runs/SEA_A/hellinger/SEA_A__s117__clean__none/immediate_screened,60000.0,28500.0,3800.0,False,3000.0
SEA_A,clean,none,117.0,,,SEA_A__s117,SEA_A__s117__clean__none,4,57000,0.5931725830014329,56050,0.9053166815343443,0.8967684538328693,0,0,,56050,0,0.0,,,immediate,False,hellinger,complete,results/per_dataset_study/fixed_responses/runs/SEA_A/hellinger/SEA_A__s117__clean__none/immediate_unscreened,60000.0,57000.0,3800.0,False,3000.0
SEA_A,concept,moderate,117.0,4256973585.0,,SEA_A__s117,SEA_A__s117__concept__moderate,0,58900,0.9140325839980505,47492,0.896740503663775,0.8861706105430553,8558,6658,0.7779855106333255,47492,11400,0.24004042786153457,,,confirmed,True,hellinger,complete,results/per_dataset_study/fixed_responses/runs/SEA_A/hellinger/SEA_A__s117__concept__moderate/confirmed_screened,,,,,
SEA_A,concept,moderate,117.0,4256973585.0,,SEA_A__s117,SEA_A__s117__concept__moderate,3,62700,0.6396280839981046,47492,0.9042154468120946,0.89533873268857,8558,8558,1.0,47492,0,0.0,,,confirmed,False,hellinger,complete,results/per_dataset_study/fixed_responses/runs/SEA_A/hellinger/SEA_A__s117__concept__moderate/confirmed_unscreened,60000.0,62700.0,8550.0,False,3000.0
SEA_A,concept,moderate,117.0,4256973585.0,,SEA_A__s117,SEA_A__s117__concept__moderate,4,57000,0.7298694170021918,47492,0.901625536932536,0.8916383106180688,8558,4491,0.524772143024071,47492,19683,0.41444874926303377,,,immediate,True,hellinger,complete,results/per_dataset_study/fixed_responses/runs/SEA_A/hellinger/SEA_A__s117__concept__moderate/immediate_screened,60000.0,33250.0,3800.0,False,3000.0
SEA_A,concept,moderate,117.0,4256973585.0,,SEA_A__s117,SEA_A__s117__concept__moderate,5,57000,0.5909442499978468,47492,0.8969721216204835,0.8881857822106204,8558,8558,1.0,47492,0,0.0,,,immediate,False,hellinger,complete,results/per_dataset_study/fixed_responses/runs/SEA_A/hellinger/SEA_A__s117__concept__moderate/immediate_unscreened,60000.0,57000.0,4750.0,False,3000.0
SEA_A,concept,severe,117.0,228998761.0,,SEA_A__s117,SEA_A__s117__concept__severe,1,60800,0.8746547500049928,41804,0.8994115395655918,0.8902915414620083,14246,9825,0.6896672750245683,41804,8879,0.2123959429719644,,,confirmed,True,hellinger,complete,results/per_dataset_study/fixed_responses/runs/SEA_A/hellinger/SEA_A__s117__concept__severe/confirmed_screened,,,,,
SEA_A,concept,severe,117.0,228998761.0,,SEA_A__s117,SEA_A__s117__concept__severe,3,62700,0.6240157920110505,41804,0.8964453162376806,0.886537909677636,14246,14246,1.0,41804,0,0.0,,,confirmed,False,hellinger,complete,results/per_dataset_study/fixed_responses/runs/SEA_A/hellinger/SEA_A__s117__concept__severe/confirmed_unscreened,60000.0,62700.0,8550.0,False,3000.0
SEA_A,concept,severe,117.0,228998761.0,,SEA_A__s117,SEA_A__s117__concept__severe,0,57000,0.820744291995652,41804,0.8999138838388671,0.8901623544023317,14246,9776,0.6862277130422575,41804,11680,0.27939910056453926,,,immediate,True,hellinger,complete,results/per_dataset_study/fixed_responses/runs/SEA_A/hellinger/SEA_A__s117__concept__severe/immediate_screened,60000.0,40850.0,0.0,False,3000.0
SEA_A,concept,severe,117.0,228998761.0,,SEA_A__s117,SEA_A__s117__concept__severe,6,57000,0.5980897080153227,41804,0.8754664625394699,0.8635625070566051,14246,14246,1.0,41804,0,0.0,,,immediate,False,hellinger,complete,results/per_dataset_study/fixed_responses/runs/SEA_A/hellinger/SEA_A__s117__concept__severe/immediate_unscreened,60000.0,57000.0,5700.0,False,3000.0
SEA_A,instance,moderate,117.0,1195402420.0,,SEA_A__s117,SEA_A__s117__instance__moderate,1,58900,0.8621547499933513,56050,0.8973595004460303,0.8876994002085308,8575,6704,0.7818075801749271,47475,10479,0.22072669826224328,,,confirmed,True,hellinger,complete,results/per_dataset_study/fixed_responses/runs/SEA_A/hellinger/SEA_A__s117__instance__moderate/confirmed_screened,,,,,
SEA_A,instance,moderate,117.0,1195402420.0,,SEA_A__s117,SEA_A__s117__instance__moderate,0,57000,0.6105762500083074,56050,0.8860124888492418,0.8736771537518102,8575,8575,1.0,47475,0,0.0,,,confirmed,False,hellinger,complete,results/per_dataset_study/fixed_responses/runs/SEA_A/hellinger/SEA_A__s117__instance__moderate/confirmed_unscreened,60000.0,57000.0,0.0,False,3000.0
SEA_A,instance,moderate,117.0,1195402420.0,,SEA_A__s117,SEA_A__s117__instance__moderate,4,57000,0.7196106659830548,56050,0.9130062444246209,0.9047739903256854,8575,5514,0.6430320699708455,47475,16889,0.3557451290152712,,,immediate,True,hellinger,complete,results/per_dataset_study/fixed_responses/runs/SEA_A/hellinger/SEA_A__s117__instance__moderate/immediate_screened,60000.0,37050.0,3800.0,False,3000.0
SEA_A,instance,moderate,117.0,1195402420.0,,SEA_A__s117,SEA_A__s117__instance__moderate,4,57000,0.6022049579769373,56050,0.903479036574487,0.8948997287321516,8575,8575,1.0,47475,0,0.0,,,immediate,False,hellinger,complete,results/per_dataset_study/fixed_responses/runs/SEA_A/hellinger/SEA_A__s117__instance__moderate/immediate_unscreened,60000.0,57000.0,3800.0,False,3000.0
SEA_A,instance,severe,117.0,4063383392.0,,SEA_A__s117,SEA_A__s117__instance__severe,1,58900,0.7912053750042105,56050,0.9022123104371097,0.8930846947881803,14234,7381,0.51854714064915,41816,19747,0.47223550793954466,,,confirmed,True,hellinger,complete,results/per_dataset_study/fixed_responses/runs/SEA_A/hellinger/SEA_A__s117__instance__severe/confirmed_screened,,,,,
SEA_A,instance,severe,117.0,4063383392.0,,SEA_A__s117,SEA_A__s117__instance__severe,1,58900,0.6249082499998622,56050,0.8938447814451382,0.884155533009425,14234,14234,1.0,41816,0,0.0,,,confirmed,False,hellinger,complete,results/per_dataset_study/fixed_responses/runs/SEA_A/hellinger/SEA_A__s117__instance__severe/confirmed_unscreened,60000.0,58900.0,2850.0,False,3000.0
SEA_A,instance,severe,117.0,4063383392.0,,SEA_A__s117,SEA_A__s117__instance__severe,1,57000,0.777648416988086,56050,0.9023550401427297,0.8926066929341221,14234,10331,0.7257973865392722,41816,11297,0.27015974746508514,,,immediate,True,hellinger,complete,results/per_dataset_study/fixed_responses/runs/SEA_A/hellinger/SEA_A__s117__instance__severe/immediate_screened,60000.0,41800.0,950.0,False,3000.0
SEA_A,instance,severe,117.0,4063383392.0,,SEA_A__s117,SEA_A__s117__instance__severe,4,57000,0.6023436250106897,56050,0.8973059768064229,0.8883114262444737,14234,14234,1.0,41816,0,0.0,,,immediate,False,hellinger,complete,results/per_dataset_study/fixed_responses/runs/SEA_A/hellinger/SEA_A__s117__instance__severe/immediate_unscreened,60000.0,57000.0,3800.0,False,3000.0
SEA_A,splice,moderate,117.0,1275875057.0,,SEA_A__s117,SEA_A__s117__splice__moderate,0,57000,0.8897178750048624,47528,0.90451944117152,0.8956841429652165,8522,6603,0.77481811781272,47528,13281,0.2794352802558492,,,confirmed,True,hellinger,complete,results/per_dataset_study/fixed_responses/runs/SEA_A/hellinger/SEA_A__s117__splice__moderate/confirmed_screened,,,,,
SEA_A,splice,moderate,117.0,1275875057.0,,SEA_A__s117,SEA_A__s117__splice__moderate,0,57000,0.6048824169847649,47528,0.8952407002188184,0.8849966915845924,8522,8522,1.0,47528,0,0.0,,,confirmed,False,hellinger,complete,results/per_dataset_study/fixed_responses/runs/SEA_A/hellinger/SEA_A__s117__splice__moderate/confirmed_unscreened,60000.0,57000.0,0.0,False,3000.0
SEA_A,splice,moderate,117.0,1275875057.0,,SEA_A__s117,SEA_A__s117__splice__moderate,1,57000,0.8035882910189684,47528,0.9034884699545531,0.8939630759303427,8522,6069,0.7121567707111007,47528,12747,0.2681997980138024,,,immediate,True,hellinger,complete,results/per_dataset_study/fixed_responses/runs/SEA_A/hellinger/SEA_A__s117__splice__moderate/immediate_screened,60000.0,41800.0,950.0,False,3000.0
SEA_A,splice,moderate,117.0,1275875057.0,,SEA_A__s117,SEA_A__s117__splice__moderate,5,57000,0.5960867909889203,47528,0.9037199124726477,0.8949757372210893,8522,8522,1.0,47528,0,0.0,,,immediate,False,hellinger,complete,results/per_dataset_study/fixed_responses/runs/SEA_A/hellinger/SEA_A__s117__splice__moderate/immediate_unscreened,60000.0,57000.0,4750.0,False,3000.0
SEA_A,splice,severe,117.0,2243424514.0,,SEA_A__s117,SEA_A__s117__splice__severe,0,57000,0.9458347089966992,41810,0.8944750059794307,0.8843876382466875,14240,12858,0.9029494382022472,41810,4318,0.10327672805548911,,,confirmed,True,hellinger,complete,results/per_dataset_study/fixed_responses/runs/SEA_A/hellinger/SEA_A__s117__splice__severe/confirmed_screened,,,,,
SEA_A,splice,severe,117.0,2243424514.0,,SEA_A__s117,SEA_A__s117__splice__severe,0,57000,0.6195013750111684,41810,0.8944032528103325,0.8847557650712953,14240,14240,1.0,41810,0,0.0,,,confirmed,False,hellinger,complete,results/per_dataset_study/fixed_responses/runs/SEA_A/hellinger/SEA_A__s117__splice__severe/confirmed_unscreened,60000.0,57000.0,0.0,False,3000.0
SEA_A,splice,severe,117.0,2243424514.0,,SEA_A__s117,SEA_A__s117__splice__severe,3,57000,0.72094145801384,41810,0.9043530255919636,0.8959633123492237,14240,11292,0.7929775280898876,41810,9402,0.22487443195407797,,,immediate,True,hellinger,complete,results/per_dataset_study/fixed_responses/runs/SEA_A/hellinger/SEA_A__s117__splice__severe/immediate_screened,60000.0,44650.0,2850.0,False,3000.0
SEA_A,splice,severe,117.0,2243424514.0,,SEA_A__s117,SEA_A__s117__splice__severe,4,57000,0.6009836249868385,41810,0.9024635254723751,0.8939503334621296,14240,14240,1.0,41810,0,0.0,,,immediate,False,hellinger,complete,results/per_dataset_study/fixed_responses/runs/SEA_A/hellinger/SEA_A__s117__splice__severe/immediate_unscreened,60000.0,57000.0,3800.0,False,3000.0
SEA_A,clean,none,118.0,,,SEA_A__s118,SEA_A__s118__clean__none,1,58900,0.8272952089901082,56050,0.8995004460303301,0.8894958376313955,0,0,,56050,7600,0.13559322033898305,,,confirmed,True,hellinger,complete,results/per_dataset_study/fixed_responses/runs/SEA_A/hellinger/SEA_A__s118__clean__none/confirmed_screened,,,,,
SEA_A,clean,none,118.0,,,SEA_A__s118,SEA_A__s118__clean__none,1,58900,0.6187885419931263,56050,0.8942729705619982,0.8829225362252718,0,0,,56050,0,0.0,,,confirmed,False,hellinger,complete,results/per_dataset_study/fixed_responses/runs/SEA_A/hellinger/SEA_A__s118__clean__none/confirmed_unscreened,60000.0,58900.0,2850.0,False,3000.0
SEA_A,clean,none,118.0,,,SEA_A__s118,SEA_A__s118__clean__none,3,57000,0.7232704169873614,56050,0.9041570026761819,0.8945922923480805,0,0,,56050,10450,0.1864406779661017,,,immediate,True,hellinger,complete,results/per_dataset_study/fixed_responses/runs/SEA_A/hellinger/SEA_A__s118__clean__none/immediate_screened,60000.0,46550.0,2850.0,False,3000.0
SEA_A,clean,none,118.0,,,SEA_A__s118,SEA_A__s118__clean__none,4,57000,0.6191068750049453,56050,0.9099910793933987,0.9014904609466495,0,0,,56050,0,0.0,,,immediate,False,hellinger,complete,results/per_dataset_study/fixed_responses/runs/SEA_A/hellinger/SEA_A__s118__clean__none/immediate_unscreened,60000.0,57000.0,3800.0,False,3000.0
SEA_A,concept,moderate,118.0,1648460561.0,,SEA_A__s118,SEA_A__s118__concept__moderate,1,58900,0.7751245419785846,47474,0.8996713990816025,0.8894663653699053,8576,5718,0.6667444029850746,47474,13292,0.27998483380376626,,,confirmed,True,hellinger,complete,results/per_dataset_study/fixed_responses/runs/SEA_A/hellinger/SEA_A__s118__concept__moderate/confirmed_screened,,,,,
SEA_A,concept,moderate,118.0,1648460561.0,,SEA_A__s118,SEA_A__s118__concept__moderate,1,58900,0.6060274170013145,47474,0.8957745292159919,0.8854636521211479,8576,8576,1.0,47474,0,0.0,,,confirmed,False,hellinger,complete,results/per_dataset_study/fixed_responses/runs/SEA_A/hellinger/SEA_A__s118__concept__moderate/confirmed_unscreened,60000.0,58900.0,2850.0,False,3000.0
SEA_A,concept,moderate,118.0,1648460561.0,,SEA_A__s118,SEA_A__s118__concept__moderate,1,57000,0.7474760419863742,47474,0.9052534018620718,0.8959811492000695,8576,5527,0.644472947761194,47474,18801,0.3960272991532207,,,immediate,True,hellinger,complete,results/per_dataset_study/fixed_responses/runs/SEA_A/hellinger/SEA_A__s118__concept__moderate/immediate_screened,60000.0,35150.0,950.0,False,3000.0
SEA_A,concept,moderate,118.0,1648460561.0,,SEA_A__s118,SEA_A__s118__concept__moderate,4,57000,0.608688083011657,47474,0.8932257656822682,0.8827456594975798,8576,8576,1.0,47474,0,0.0,,,immediate,False,hellinger,complete,results/per_dataset_study/fixed_responses/runs/SEA_A/hellinger/SEA_A__s118__concept__moderate/immediate_unscreened,60000.0,57000.0,3800.0,False,3000.0
SEA_A,concept,severe,118.0,16137799.0,,SEA_A__s118,SEA_A__s118__concept__severe,0,57000,0.7915949590096716,41780,0.9032072762087123,0.8923436301931856,14270,9705,0.6800981079187106,41780,11585,0.2772857826711345,,,confirmed,True,hellinger,complete,results/per_dataset_study/fixed_responses/runs/SEA_A/hellinger/SEA_A__s118__concept__severe/confirmed_screened,,,,,
SEA_A,concept,severe,118.0,16137799.0,,SEA_A__s118,SEA_A__s118__concept__severe,0,57000,0.6339399999997113,41780,0.8897797989468645,0.877394584712833,14270,14270,1.0,41780,0,0.0,,,confirmed,False,hellinger,complete,results/per_dataset_study/fixed_responses/runs/SEA_A/hellinger/SEA_A__s118__concept__severe/confirmed_unscreened,60000.0,57000.0,0.0,False,3000.0
SEA_A,concept,severe,118.0,16137799.0,,SEA_A__s118,SEA_A__s118__concept__severe,1,57000,0.7714231660065707,41780,0.9085686931546194,0.899176154416468,14270,7006,0.4909600560616678,41780,17436,0.4173288654858784,,,immediate,True,hellinger,complete,results/per_dataset_study/fixed_responses/runs/SEA_A/hellinger/SEA_A__s118__concept__severe/immediate_screened,60000.0,32300.0,950.0,False,3000.0
SEA_A,concept,severe,118.0,16137799.0,,SEA_A__s118,SEA_A__s118__concept__severe,3,57000,0.6224638749845326,41780,0.9000957395883198,0.8909358561363545,14270,14270,1.0,41780,0,0.0,,,immediate,False,hellinger,complete,results/per_dataset_study/fixed_responses/runs/SEA_A/hellinger/SEA_A__s118__concept__severe/immediate_unscreened,60000.0,57000.0,2850.0,False,3000.0
SEA_A,instance,moderate,118.0,4224387059.0,,SEA_A__s118,SEA_A__s118__instance__moderate,0,57000,0.7846801250125282,56050,0.9000535236396074,0.8893753288453932,8554,6116,0.7149871405190554,47496,13712,0.2886979956206838,,,confirmed,True,hellinger,complete,results/per_dataset_study/fixed_responses/runs/SEA_A/hellinger/SEA_A__s118__instance__moderate/confirmed_screened,,,,,
SEA_A,instance,moderate,118.0,4224387059.0,,SEA_A__s118,SEA_A__s118__instance__moderate,0,57000,0.6218900830135681,56050,0.8951293487957181,0.8837561777187743,8554,8554,1.0,47496,0,0.0,,,confirmed,False,hellinger,complete,results/per_dataset_study/fixed_responses/runs/SEA_A/hellinger/SEA_A__s118__instance__moderate/confirmed_unscreened,60000.0,57000.0,0.0,False,3000.0
SEA_A,instance,moderate,118.0,4224387059.0,,SEA_A__s118,SEA_A__s118__instance__moderate,4,57000,0.7159670419932809,56050,0.9041391614629795,0.894261670493841,8554,4700,0.5494505494505495,47496,21796,0.4589018022570322,,,immediate,True,hellinger,complete,results/per_dataset_study/fixed_responses/runs/SEA_A/hellinger/SEA_A__s118__instance__moderate/immediate_screened,60000.0,31350.0,3800.0,False,3000.0
SEA_A,instance,moderate,118.0,4224387059.0,,SEA_A__s118,SEA_A__s118__instance__moderate,4,57000,0.6002647919813171,56050,0.9057983942908118,0.8967794635983395,8554,8554,1.0,47496,0,0.0,,,immediate,False,hellinger,complete,results/per_dataset_study/fixed_responses/runs/SEA_A/hellinger/SEA_A__s118__instance__moderate/immediate_unscreened,60000.0,57000.0,3800.0,False,3000.0
SEA_A,instance,severe,118.0,2861808558.0,,SEA_A__s118,SEA_A__s118__instance__severe,0,57000,0.7665123750048224,56050,0.8975200713648528,0.8862763945358215,14240,10169,0.7141151685393259,41810,12079,0.288902176512796,,,confirmed,True,hellinger,complete,results/per_dataset_study/fixed_responses/runs/SEA_A/hellinger/SEA_A__s118__instance__severe/confirmed_screened,,,,,
SEA_A,instance,severe,118.0,2861808558.0,,SEA_A__s118,SEA_A__s118__instance__severe,1,58900,0.6096352080057841,56050,0.8950936663693131,0.8839821801945743,14240,14240,1.0,41810,0,0.0,,,confirmed,False,hellinger,complete,results/per_dataset_study/fixed_responses/runs/SEA_A/hellinger/SEA_A__s118__instance__severe/confirmed_unscreened,60000.0,58900.0,2850.0,False,3000.0
SEA_A,instance,severe,118.0,2861808558.0,,SEA_A__s118,SEA_A__s118__instance__severe,3,57000,0.6968121250101831,56050,0.9029081177520072,0.8933644983092085,14240,8675,0.6091994382022472,41810,16285,0.3895001195886152,,,immediate,True,hellinger,complete,results/per_dataset_study/fixed_responses/runs/SEA_A/hellinger/SEA_A__s118__instance__severe/immediate_screened,60000.0,35150.0,2850.0,False,3000.0
SEA_A,instance,severe,118.0,2861808558.0,,SEA_A__s118,SEA_A__s118__instance__severe,4,57000,0.5962553749850485,56050,0.9032827832292596,0.8940682540829399,14240,14240,1.0,41810,0,0.0,,,immediate,False,hellinger,complete,results/per_dataset_study/fixed_responses/runs/SEA_A/hellinger/SEA_A__s118__instance__severe/immediate_unscreened,60000.0,57000.0,3800.0,False,3000.0
SEA_A,splice,moderate,118.0,3330973510.0,,SEA_A__s118,SEA_A__s118__splice__moderate,1,58900,0.7918487919960171,47504,0.9058816099696868,0.896997854677097,8546,7382,0.8637959279194946,47504,5486,0.11548501178848097,,,confirmed,True,hellinger,complete,results/per_dataset_study/fixed_responses/runs/SEA_A/hellinger/SEA_A__s118__splice__moderate/confirmed_screened,,,,,
SEA_A,splice,moderate,118.0,3330973510.0,,SEA_A__s118,SEA_A__s118__splice__moderate,1,58900,0.6479387090075761,47504,0.9007241495453014,0.8914692757481082,8546,8546,1.0,47504,0,0.0,,,confirmed,False,hellinger,complete,results/per_dataset_study/fixed_responses/runs/SEA_A/hellinger/SEA_A__s118__splice__moderate/confirmed_unscreened,60000.0,58900.0,2850.0,False,3000.0
SEA_A,splice,moderate,118.0,3330973510.0,,SEA_A__s118,SEA_A__s118__splice__moderate,3,57000,0.7904270840226673,47504,0.9048922196025598,0.8953096809454686,8546,5090,0.5956002808331383,47504,13644,0.2872179184910744,,,immediate,True,hellinger,complete,results/per_dataset_study/fixed_responses/runs/SEA_A/hellinger/SEA_A__s118__splice__moderate/immediate_screened,60000.0,39900.0,2850.0,False,3000.0
SEA_A,splice,moderate,118.0,3330973510.0,,SEA_A__s118,SEA_A__s118__splice__moderate,6,57000,0.640640458004782,47504,0.9074604243853149,0.8983521287092999,8546,8546,1.0,47504,0,0.0,,,immediate,False,hellinger,complete,results/per_dataset_study/fixed_responses/runs/SEA_A/hellinger/SEA_A__s118__splice__moderate/immediate_unscreened,60000.0,57000.0,5700.0,False,3000.0
SEA_A,splice,severe,118.0,3954790722.0,,SEA_A__s118,SEA_A__s118__splice__severe,1,58900,0.8152495000103954,41762,0.9038599683923184,0.8961324314310053,14288,9866,0.6905095184770437,41762,9828,0.23533355682199128,,,confirmed,True,hellinger,complete,results/per_dataset_study/fixed_responses/runs/SEA_A/hellinger/SEA_A__s118__splice__severe/confirmed_screened,,,,,
SEA_A,splice,severe,118.0,3954790722.0,,SEA_A__s118,SEA_A__s118__splice__severe,3,62700,0.6302792920032516,41762,0.8958622671328001,0.886938007469497,14288,14288,1.0,41762,0,0.0,,,confirmed,False,hellinger,complete,results/per_dataset_study/fixed_responses/runs/SEA_A/hellinger/SEA_A__s118__splice__severe/confirmed_unscreened,60000.0,62700.0,8550.0,False,3000.0
SEA_A,splice,severe,118.0,3954790722.0,,SEA_A__s118,SEA_A__s118__splice__severe,4,57000,0.7680534170067403,41762,0.9068531200612997,0.8992276302105868,14288,8120,0.5683090705487122,41762,12832,0.30726497773095157,,,immediate,True,hellinger,complete,results/per_dataset_study/fixed_responses/runs/SEA_A/hellinger/SEA_A__s118__splice__severe/immediate_screened,60000.0,38000.0,3800.0,False,3000.0
SEA_A,splice,severe,118.0,3954790722.0,,SEA_A__s118,SEA_A__s118__splice__severe,4,57000,0.6415788329904899,41762,0.8983765145347445,0.8893367195244479,14288,14288,1.0,41762,0,0.0,,,immediate,False,hellinger,complete,results/per_dataset_study/fixed_responses/runs/SEA_A/hellinger/SEA_A__s118__splice__severe/immediate_unscreened,60000.0,57000.0,3800.0,False,3000.0
SEA_A,clean,none,119.0,,,SEA_A__s119,SEA_A__s119__clean__none,1,58900,0.7639390410040505,56050,0.9148082069580732,0.90630090099586,0,0,,56050,13300,0.23728813559322035,,,confirmed,True,hellinger,complete,results/per_dataset_study/fixed_responses/runs/SEA_A/hellinger/SEA_A__s119__clean__none/confirmed_screened,,,,,
SEA_A,clean,none,119.0,,,SEA_A__s119,SEA_A__s119__clean__none,1,58900,0.6088467920199037,56050,0.9140410347903657,0.9060933628826124,0,0,,56050,0,0.0,,,confirmed,False,hellinger,complete,results/per_dataset_study/fixed_responses/runs/SEA_A/hellinger/SEA_A__s119__clean__none/confirmed_unscreened,60000.0,58900.0,2850.0,False,3000.0
SEA_A,clean,none,119.0,,,SEA_A__s119,SEA_A__s119__clean__none,3,57000,0.7065157500037458,56050,0.9100089206066012,0.9006319884853478,0,0,,56050,22800,0.4067796610169492,,,immediate,True,hellinger,complete,results/per_dataset_study/fixed_responses/runs/SEA_A/hellinger/SEA_A__s119__clean__none/immediate_screened,60000.0,34200.0,2850.0,False,3000.0
SEA_A,clean,none,119.0,,,SEA_A__s119,SEA_A__s119__clean__none,7,57000,0.5921018329972867,56050,0.9075111507582515,0.897782206334929,0,0,,56050,0,0.0,,,immediate,False,hellinger,complete,results/per_dataset_study/fixed_responses/runs/SEA_A/hellinger/SEA_A__s119__clean__none/immediate_unscreened,60000.0,57000.0,6650.0,False,3000.0
SEA_A,concept,moderate,119.0,1118368957.0,,SEA_A__s119,SEA_A__s119__concept__moderate,1,60800,0.7658782080106903,47466,0.8992120675852189,0.8895152003406139,8584,5660,0.6593662628145387,47466,13226,0.2786415539544095,,,confirmed,True,hellinger,complete,results/per_dataset_study/fixed_responses/runs/SEA_A/hellinger/SEA_A__s119__concept__moderate/confirmed_screened,,,,,
SEA_A,concept,moderate,119.0,1118368957.0,,SEA_A__s119,SEA_A__s119__concept__moderate,0,57000,0.6104761250026058,47466,0.886318628070619,0.8745253033491878,8584,8584,1.0,47466,0,0.0,,,confirmed,False,hellinger,complete,results/per_dataset_study/fixed_responses/runs/SEA_A/hellinger/SEA_A__s119__concept__moderate/confirmed_unscreened,60000.0,57000.0,0.0,False,3000.0
SEA_A,concept,moderate,119.0,1118368957.0,,SEA_A__s119,SEA_A__s119__concept__moderate,1,57000,0.7346813339972869,47466,0.905427042514642,0.8960546049828322,8584,5040,0.587138863000932,47466,13556,0.28559389879071334,,,immediate,True,hellinger,complete,results/per_dataset_study/fixed_responses/runs/SEA_A/hellinger/SEA_A__s119__concept__moderate/immediate_screened,60000.0,39900.0,950.0,False,3000.0
SEA_A,concept,moderate,119.0,1118368957.0,,SEA_A__s119,SEA_A__s119__concept__moderate,4,57000,0.5934587919909973,47466,0.898453629966713,0.8882168889648747,8584,8584,1.0,47466,0,0.0,,,immediate,False,hellinger,complete,results/per_dataset_study/fixed_responses/runs/SEA_A/hellinger/SEA_A__s119__concept__moderate/immediate_unscreened,60000.0,57000.0,3800.0,False,3000.0
SEA_A,concept,severe,119.0,1193382814.0,,SEA_A__s119,SEA_A__s119__concept__severe,1,58900,0.8072906250017695,41781,0.8947368421052632,0.8830906604812616,14269,10700,0.7498773565071133,41781,10681,0.2556425169335344,,,confirmed,True,hellinger,complete,results/per_dataset_study/fixed_responses/runs/SEA_A/hellinger/SEA_A__s119__concept__severe/confirmed_screened,,,,,
SEA_A,concept,severe,119.0,1193382814.0,,SEA_A__s119,SEA_A__s119__concept__severe,1,58900,0.6081853340147063,41781,0.8953591345348364,0.8838051888505396,14269,14269,1.0,41781,0,0.0,,,confirmed,False,hellinger,complete,results/per_dataset_study/fixed_responses/runs/SEA_A/hellinger/SEA_A__s119__concept__severe/confirmed_unscreened,60000.0,58900.0,2850.0,True,3000.0
SEA_A,concept,severe,119.0,1193382814.0,,SEA_A__s119,SEA_A__s119__concept__severe,4,57000,0.6779185839986894,41781,0.9079246547473732,0.8988697838184372,14269,4505,0.3157193916882753,41781,26336,0.6303343625092745,,,immediate,True,hellinger,complete,results/per_dataset_study/fixed_responses/runs/SEA_A/hellinger/SEA_A__s119__concept__severe/immediate_screened,60000.0,20900.0,3800.0,False,3000.0
SEA_A,concept,severe,119.0,1193382814.0,,SEA_A__s119,SEA_A__s119__concept__severe,4,57000,0.5889725419983733,41781,0.8865752375481678,0.8756660427378106,14269,14269,1.0,41781,0,0.0,,,immediate,False,hellinger,complete,results/per_dataset_study/fixed_responses/runs/SEA_A/hellinger/SEA_A__s119__concept__severe/immediate_unscreened,60000.0,57000.0,3800.0,False,3000.0
SEA_A,instance,moderate,119.0,110941192.0,,SEA_A__s119,SEA_A__s119__instance__moderate,2,60800,0.7236262079968583,56050,0.9121141837644959,0.9032817261907837,8546,5351,0.6261408846243857,47504,17705,0.3727054563826204,,,confirmed,True,hellinger,complete,results/per_dataset_study/fixed_responses/runs/SEA_A/hellinger/SEA_A__s119__instance__moderate/confirmed_screened,,,,,
SEA_A,instance,moderate,119.0,110941192.0,,SEA_A__s119,SEA_A__s119__instance__moderate,1,58900,0.6249889169994276,56050,0.8984834968777877,0.8878458291807008,8546,8546,1.0,47504,0,0.0,,,confirmed,False,hellinger,complete,results/per_dataset_study/fixed_responses/runs/SEA_A/hellinger/SEA_A__s119__instance__moderate/confirmed_unscreened,60000.0,58900.0,2850.0,False,3000.0
SEA_A,instance,moderate,119.0,110941192.0,,SEA_A__s119,SEA_A__s119__instance__moderate,5,57000,0.6914313339802902,56050,0.911436217662801,0.9023235356079907,8546,3942,0.4612684296747016,47504,25796,0.543027955540586,,,immediate,True,hellinger,complete,results/per_dataset_study/fixed_responses/runs/SEA_A/hellinger/SEA_A__s119__instance__moderate/immediate_screened,60000.0,26600.0,4750.0,False,3000.0
SEA_A,instance,moderate,119.0,110941192.0,,SEA_A__s119,SEA_A__s119__instance__moderate,7,57000,0.5969540420046542,56050,0.9016592328278323,0.8917991601700421,8546,8546,1.0,47504,0,0.0,,,immediate,False,hellinger,complete,results/per_dataset_study/fixed_responses/runs/SEA_A/hellinger/SEA_A__s119__instance__moderate/immediate_unscreened,60000.0,57000.0,6650.0,False,3000.0
SEA_A,instance,severe,119.0,3882502243.0,,SEA_A__s119,SEA_A__s119__instance__severe,1,58900,0.7786159999959636,56050,0.8942908117752008,0.8820854038320726,14266,9767,0.6846347960185055,41784,13551,0.324310740953475,,,confirmed,True,hellinger,complete,results/per_dataset_study/fixed_responses/runs/SEA_A/hellinger/SEA_A__s119__instance__severe/confirmed_screened,,,,,
SEA_A,instance,severe,119.0,3882502243.0,,SEA_A__s119,SEA_A__s119__instance__severe,0,57000,0.604088625026634,56050,0.8889919714540588,0.8768738773826478,14266,14266,1.0,41784,0,0.0,,,confirmed,False,hellinger,complete,results/per_dataset_study/fixed_responses/runs/SEA_A/hellinger/SEA_A__s119__instance__severe/confirmed_unscreened,60000.0,57000.0,0.0,False,3000.0
SEA_A,instance,severe,119.0,3882502243.0,,SEA_A__s119,SEA_A__s119__instance__severe,3,57000,0.7111282080004457,56050,0.8995539696699375,0.8894355909395923,14266,7388,0.5178746670405159,41784,20672,0.4947348267279341,,,immediate,True,hellinger,complete,results/per_dataset_study/fixed_responses/runs/SEA_A/hellinger/SEA_A__s119__instance__severe/immediate_screened,60000.0,29450.0,2850.0,False,3000.0
SEA_A,instance,severe,119.0,3882502243.0,,SEA_A__s119,SEA_A__s119__instance__severe,7,57000,0.6057098750025034,56050,0.8897948260481713,0.8783366372487718,14266,14266,1.0,41784,0,0.0,,,immediate,False,hellinger,complete,results/per_dataset_study/fixed_responses/runs/SEA_A/hellinger/SEA_A__s119__instance__severe/immediate_unscreened,60000.0,57000.0,6650.0,False,3000.0
SEA_A,splice,moderate,119.0,1473637511.0,,SEA_A__s119,SEA_A__s119__splice__moderate,1,58900,0.7826622500142548,47476,0.9097017440390934,0.9013246542936999,8574,6715,0.7831817121530208,47476,5741,0.12092425646642514,,,confirmed,True,hellinger,complete,results/per_dataset_study/fixed_responses/runs/SEA_A/hellinger/SEA_A__s119__splice__moderate/confirmed_screened,,,,,
SEA_A,splice,moderate,119.0,1473637511.0,,SEA_A__s119,SEA_A__s119__splice__moderate,1,58900,0.613185666006757,47476,0.9089855927205325,0.9008714648477021,8574,8574,1.0,47476,0,0.0,,,confirmed,False,hellinger,complete,results/per_dataset_study/fixed_responses/runs/SEA_A/hellinger/SEA_A__s119__splice__moderate/confirmed_unscreened,60000.0,58900.0,2850.0,False,3000.0
SEA_A,splice,moderate,119.0,1473637511.0,,SEA_A__s119,SEA_A__s119__splice__moderate,4,57000,0.7184282500238623,47476,0.9048150644536187,0.8944878658997746,8574,4131,0.4818054583624913,47476,15507,0.3266281910860224,,,immediate,True,hellinger,complete,results/per_dataset_study/fixed_responses/runs/SEA_A/hellinger/SEA_A__s119__splice__moderate/immediate_screened,60000.0,37050.0,3800.0,False,3000.0
SEA_A,splice,moderate,119.0,1473637511.0,,SEA_A__s119,SEA_A__s119__splice__moderate,5,57000,0.5937613749993034,47476,0.9001179543348218,0.8893602090524169,8574,8574,1.0,47476,0,0.0,,,immediate,False,hellinger,complete,results/per_dataset_study/fixed_responses/runs/SEA_A/hellinger/SEA_A__s119__splice__moderate/immediate_unscreened,60000.0,57000.0,4750.0,False,3000.0
SEA_A,splice,severe,119.0,2268888980.0,,SEA_A__s119,SEA_A__s119__splice__severe,1,58900,0.79602562499349,41783,0.9051049469880095,0.8965461694695597,14267,11769,0.8249106329291371,41783,6052,0.1448435966780748,,,confirmed,True,hellinger,complete,results/per_dataset_study/fixed_responses/runs/SEA_A/hellinger/SEA_A__s119__splice__severe/confirmed_screened,,,,,
SEA_A,splice,severe,119.0,2268888980.0,,SEA_A__s119,SEA_A__s119__splice__severe,1,58900,0.6220546250115149,41783,0.8988583873824283,0.8893726470842366,14267,14267,1.0,41783,0,0.0,,,confirmed,False,hellinger,complete,results/per_dataset_study/fixed_responses/runs/SEA_A/hellinger/SEA_A__s119__splice__severe/confirmed_unscreened,60000.0,58900.0,2850.0,False,3000.0
SEA_A,splice,severe,119.0,2268888980.0,,SEA_A__s119,SEA_A__s119__splice__severe,4,57000,0.7163149580010213,41783,0.9043869516310461,0.8957320904443434,14267,10390,0.7282540127567113,41783,9423,0.22552234162219084,,,immediate,True,hellinger,complete,results/per_dataset_study/fixed_responses/runs/SEA_A/hellinger/SEA_A__s119__splice__severe/immediate_screened,60000.0,43700.0,3800.0,False,3000.0
SEA_A,splice,severe,119.0,2268888980.0,,SEA_A__s119,SEA_A__s119__splice__severe,6,57000,0.5884805000096094,41783,0.8948854797405643,0.8842765426586535,14267,14267,1.0,41783,0,0.0,,,immediate,False,hellinger,complete,results/per_dataset_study/fixed_responses/runs/SEA_A/hellinger/SEA_A__s119__splice__severe/immediate_unscreened,60000.0,57000.0,5700.0,False,3000.0
SEA_A,clean,none,115.0,,,SEA_A__s115,SEA_A__s115__clean__none,0,57000,0.9585217909916537,56050,0.8946297948260482,0.8843860340520493,0,0,,56050,2850,0.05084745762711865,,,none,True,none,complete,results/per_dataset_study/fixed_responses/runs/SEA_A/none/SEA_A__s115__clean__none/none_screened,,,,,
SEA_A,clean,none,115.0,,,SEA_A__s115,SEA_A__s115__clean__none,0,57000,0.5678787919750903,56050,0.8950223015165031,0.8846927304128832,0,0,,56050,0,0.0,,,none,False,none,complete,results/per_dataset_study/fixed_responses/runs/SEA_A/none/SEA_A__s115__clean__none/none_unscreened,60000.0,57000.0,0.0,False,3000.0
SEA_A,concept,moderate,115.0,2983410498.0,,SEA_A__s115,SEA_A__s115__concept__moderate,0,57000,0.8792948329937644,47512,0.9016248526687994,0.8933260672250287,8538,5141,0.6021316467556805,47512,13703,0.2884113487119044,,,none,True,none,complete,results/per_dataset_study/fixed_responses/runs/SEA_A/none/SEA_A__s115__concept__moderate/none_screened,,,,,
SEA_A,concept,moderate,115.0,2983410498.0,,SEA_A__s115,SEA_A__s115__concept__moderate,0,57000,0.5855388330237474,47512,0.8827664589998316,0.8722498969278554,8538,8538,1.0,47512,0,0.0,,,none,False,none,complete,results/per_dataset_study/fixed_responses/runs/SEA_A/none/SEA_A__s115__concept__moderate/none_unscreened,60000.0,57000.0,0.0,False,3000.0
SEA_A,concept,severe,115.0,3074832534.0,,SEA_A__s115,SEA_A__s115__concept__severe,0,57000,0.9228878329886356,41779,0.892745159051198,0.8815695452494947,14271,11469,0.8036577675005255,41779,3848,0.09210368845592283,,,none,True,none,complete,results/per_dataset_study/fixed_responses/runs/SEA_A/none/SEA_A__s115__concept__severe/none_screened,,,,,
SEA_A,concept,severe,115.0,3074832534.0,,SEA_A__s115,SEA_A__s115__concept__severe,0,57000,0.5625753329950385,41779,0.8843916800306374,0.8718181280303996,14271,14271,1.0,41779,0,0.0,,,none,False,none,complete,results/per_dataset_study/fixed_responses/runs/SEA_A/none/SEA_A__s115__concept__severe/none_unscreened,60000.0,57000.0,0.0,False,3000.0
SEA_A,instance,moderate,115.0,2392216387.0,,SEA_A__s115,SEA_A__s115__instance__moderate,0,57000,0.9250076669995906,56050,0.9008742194469224,0.8916081090632895,8531,7981,0.9355292462782793,47519,3250,0.06839369515351754,,,none,True,none,complete,results/per_dataset_study/fixed_responses/runs/SEA_A/none/SEA_A__s115__instance__moderate/none_screened,,,,,
SEA_A,instance,moderate,115.0,2392216387.0,,SEA_A__s115,SEA_A__s115__instance__moderate,0,57000,0.5914557079959195,56050,0.8986440677966102,0.8889799153258853,8531,8531,1.0,47519,0,0.0,,,none,False,none,complete,results/per_dataset_study/fixed_responses/runs/SEA_A/none/SEA_A__s115__instance__moderate/none_unscreened,60000.0,57000.0,0.0,False,3000.0
SEA_A,instance,severe,115.0,345179728.0,,SEA_A__s115,SEA_A__s115__instance__severe,0,57000,0.8242512090073433,56050,0.8956289027653881,0.8856521903994463,14226,10552,0.7417404751862786,41824,10576,0.2528691660290742,,,none,True,none,complete,results/per_dataset_study/fixed_responses/runs/SEA_A/none/SEA_A__s115__instance__severe/none_screened,,,,,
SEA_A,instance,severe,115.0,345179728.0,,SEA_A__s115,SEA_A__s115__instance__severe,0,57000,0.5717902919859625,56050,0.8910615521855486,0.8804653252063084,14226,14226,1.0,41824,0,0.0,,,none,False,none,complete,results/per_dataset_study/fixed_responses/runs/SEA_A/none/SEA_A__s115__instance__severe/none_unscreened,60000.0,57000.0,0.0,False,3000.0
SEA_A,splice,moderate,115.0,1669518770.0,,SEA_A__s115,SEA_A__s115__splice__moderate,0,57000,0.9534447500045644,47495,0.8955890093694073,0.8861342519431801,8555,6889,0.8052600818234951,47495,4034,0.08493525634277292,,,none,True,none,complete,results/per_dataset_study/fixed_responses/runs/SEA_A/none/SEA_A__s115__splice__moderate/none_screened,,,,,
SEA_A,splice,moderate,115.0,1669518770.0,,SEA_A__s115,SEA_A__s115__splice__moderate,0,57000,0.5847985000000335,47495,0.8930624276239604,0.8831080207295681,8555,8555,1.0,47495,0,0.0,,,none,False,none,complete,results/per_dataset_study/fixed_responses/runs/SEA_A/none/SEA_A__s115__splice__moderate/none_unscreened,60000.0,57000.0,0.0,False,3000.0
SEA_A,splice,severe,115.0,3823887799.0,,SEA_A__s115,SEA_A__s115__splice__severe,0,57000,0.8776341670018155,41816,0.897957719533193,0.88854004173029,14234,10577,0.7430799494168892,41816,10593,0.2533240864740769,,,none,True,none,complete,results/per_dataset_study/fixed_responses/runs/SEA_A/none/SEA_A__s115__splice__severe/none_screened,,,,,
SEA_A,splice,severe,115.0,3823887799.0,,SEA_A__s115,SEA_A__s115__splice__severe,0,57000,0.5664534580137115,41816,0.8923856896881577,0.8819552146018592,14234,14234,1.0,41816,0,0.0,,,none,False,none,complete,results/per_dataset_study/fixed_responses/runs/SEA_A/none/SEA_A__s115__splice__severe/none_unscreened,60000.0,57000.0,0.0,False,3000.0
SEA_A,clean,none,116.0,,,SEA_A__s116,SEA_A__s116__clean__none,0,57000,0.9553116249880986,56050,0.9031400535236396,0.893737251044757,0,0,,56050,11400,0.2033898305084746,,,none,True,none,complete,results/per_dataset_study/fixed_responses/runs/SEA_A/none/SEA_A__s116__clean__none/none_screened,,,,,
SEA_A,clean,none,116.0,,,SEA_A__s116,SEA_A__s116__clean__none,0,57000,0.5898340829880908,56050,0.888456735057984,0.8757221694825649,0,0,,56050,0,0.0,,,none,False,none,complete,results/per_dataset_study/fixed_responses/runs/SEA_A/none/SEA_A__s116__clean__none/none_unscreened,60000.0,57000.0,0.0,False,3000.0
SEA_A,concept,moderate,116.0,2842105116.0,,SEA_A__s116,SEA_A__s116__concept__moderate,0,57000,0.9297122919961112,47478,0.9006908462867013,0.8907662719954983,8572,6526,0.7613159122725152,47478,6504,0.13698976368002022,,,none,True,none,complete,results/per_dataset_study/fixed_responses/runs/SEA_A/none/SEA_A__s116__concept__moderate/none_screened,,,,,
SEA_A,concept,moderate,116.0,2842105116.0,,SEA_A__s116,SEA_A__s116__concept__moderate,0,57000,0.6424442080024164,47478,0.8913180841652976,0.8792349179848434,8572,8572,1.0,47478,0,0.0,,,none,False,none,complete,results/per_dataset_study/fixed_responses/runs/SEA_A/none/SEA_A__s116__concept__moderate/none_unscreened,60000.0,57000.0,0.0,False,3000.0
SEA_A,concept,severe,116.0,1226260622.0,,SEA_A__s116,SEA_A__s116__concept__severe,0,57000,0.8453216670022812,41789,0.8921486515590227,0.8805969921688448,14261,8723,0.6116681859617138,41789,12512,0.2994089353657661,,,none,True,none,complete,results/per_dataset_study/fixed_responses/runs/SEA_A/none/SEA_A__s116__concept__severe/none_screened,,,,,
SEA_A,concept,severe,116.0,1226260622.0,,SEA_A__s116,SEA_A__s116__concept__severe,0,57000,0.6048711670155171,41789,0.8820742300605422,0.8694198448627838,14261,14261,1.0,41789,0,0.0,,,none,False,none,complete,results/per_dataset_study/fixed_responses/runs/SEA_A/none/SEA_A__s116__concept__severe/none_unscreened,60000.0,57000.0,0.0,False,3000.0
SEA_A,instance,moderate,116.0,453400147.0,,SEA_A__s116,SEA_A__s116__instance__moderate,0,57000,0.8424468329903902,56050,0.907172167707404,0.8980345275810834,8529,6126,0.7182553640520577,47521,13747,0.28928263294122597,,,none,True,none,complete,results/per_dataset_study/fixed_responses/runs/SEA_A/none/SEA_A__s116__instance__moderate/none_screened,,,,,
SEA_A,instance,moderate,116.0,453400147.0,,SEA_A__s116,SEA_A__s116__instance__moderate,0,57000,0.6217683329887222,56050,0.8916146297948261,0.8794499675921359,8529,8529,1.0,47521,0,0.0,,,none,False,none,complete,results/per_dataset_study/fixed_responses/runs/SEA_A/none/SEA_A__s116__instance__moderate/none_unscreened,60000.0,57000.0,0.0,False,3000.0
SEA_A,instance,severe,116.0,3914142360.0,,SEA_A__s116,SEA_A__s116__instance__severe,0,57000,0.8899270840047393,56050,0.8874219446922391,0.8763503167858626,14241,12352,0.8673548205884418,41809,5711,0.13659738333851562,,,none,True,none,complete,results/per_dataset_study/fixed_responses/runs/SEA_A/none/SEA_A__s116__instance__severe/none_screened,,,,,
SEA_A,instance,severe,116.0,3914142360.0,,SEA_A__s116,SEA_A__s116__instance__severe,0,57000,0.6014994580182247,56050,0.8908117752007136,0.8803635446587333,14241,14241,1.0,41809,0,0.0,,,none,False,none,complete,results/per_dataset_study/fixed_responses/runs/SEA_A/none/SEA_A__s116__instance__severe/none_unscreened,60000.0,57000.0,0.0,False,3000.0
SEA_A,splice,moderate,116.0,921862620.0,,SEA_A__s116,SEA_A__s116__splice__moderate,0,57000,0.8838307080004597,47537,0.9068094326524602,0.8979187329517002,8513,6146,0.7219546575825209,47537,10933,0.22998927151482004,,,none,True,none,complete,results/per_dataset_study/fixed_responses/runs/SEA_A/none/SEA_A__s116__splice__moderate/none_screened,,,,,
SEA_A,splice,moderate,116.0,921862620.0,,SEA_A__s116,SEA_A__s116__splice__moderate,0,57000,0.5943182079936378,47537,0.8904853061825525,0.878700692740001,8513,8513,1.0,47537,0,0.0,,,none,False,none,complete,results/per_dataset_study/fixed_responses/runs/SEA_A/none/SEA_A__s116__splice__moderate/none_unscreened,60000.0,57000.0,0.0,False,3000.0
SEA_A,splice,severe,116.0,1993734708.0,,SEA_A__s116,SEA_A__s116__splice__severe,0,57000,0.87158887500118,41812,0.9104563283267961,0.9020695576222092,14238,9187,0.6452451186964462,41812,12999,0.31089161006409644,,,none,True,none,complete,results/per_dataset_study/fixed_responses/runs/SEA_A/none/SEA_A__s116__splice__severe/none_screened,,,,,
SEA_A,splice,severe,116.0,1993734708.0,,SEA_A__s116,SEA_A__s116__splice__severe,0,57000,0.614830415986944,41812,0.8931885583086195,0.8828665921960404,14238,14238,1.0,41812,0,0.0,,,none,False,none,complete,results/per_dataset_study/fixed_responses/runs/SEA_A/none/SEA_A__s116__splice__severe/none_unscreened,60000.0,57000.0,0.0,False,3000.0
SEA_A,clean,none,117.0,,,SEA_A__s117,SEA_A__s117__clean__none,0,57000,0.906914749997668,56050,0.9093309545049063,0.9005996193617851,0,0,,56050,13300,0.23728813559322035,,,none,True,none,complete,results/per_dataset_study/fixed_responses/runs/SEA_A/none/SEA_A__s117__clean__none/none_screened,,,,,
SEA_A,clean,none,117.0,,,SEA_A__s117,SEA_A__s117__clean__none,0,57000,0.609804667008575,56050,0.8936663693131133,0.8825096580797588,0,0,,56050,0,0.0,,,none,False,none,complete,results/per_dataset_study/fixed_responses/runs/SEA_A/none/SEA_A__s117__clean__none/none_unscreened,60000.0,57000.0,0.0,False,3000.0
SEA_A,concept,moderate,117.0,4256973585.0,,SEA_A__s117,SEA_A__s117__concept__moderate,0,57000,0.8887420840037521,47492,0.896740503663775,0.8861706105430553,8558,6658,0.7779855106333255,47492,11400,0.24004042786153457,,,none,True,none,complete,results/per_dataset_study/fixed_responses/runs/SEA_A/none/SEA_A__s117__concept__moderate/none_screened,,,,,
SEA_A,concept,moderate,117.0,4256973585.0,,SEA_A__s117,SEA_A__s117__concept__moderate,0,57000,0.6125829170050565,47492,0.8834751115977427,0.8698465693290869,8558,8558,1.0,47492,0,0.0,,,none,False,none,complete,results/per_dataset_study/fixed_responses/runs/SEA_A/none/SEA_A__s117__concept__moderate/none_unscreened,60000.0,57000.0,0.0,False,3000.0
SEA_A,concept,severe,117.0,228998761.0,,SEA_A__s117,SEA_A__s117__concept__severe,0,57000,0.9139687499991851,41804,0.8985503779542627,0.8882548714818537,14246,11915,0.8363751228414994,41804,6219,0.148765668357095,,,none,True,none,complete,results/per_dataset_study/fixed_responses/runs/SEA_A/none/SEA_A__s117__concept__severe/none_screened,,,,,
SEA_A,concept,severe,117.0,228998761.0,,SEA_A__s117,SEA_A__s117__concept__severe,0,57000,0.5932918750040699,41804,0.8885752559563678,0.8760853322781168,14246,14246,1.0,41804,0,0.0,,,none,False,none,complete,results/per_dataset_study/fixed_responses/runs/SEA_A/none/SEA_A__s117__concept__severe/none_unscreened,60000.0,57000.0,0.0,False,3000.0
SEA_A,instance,moderate,117.0,1195402420.0,,SEA_A__s117,SEA_A__s117__instance__moderate,0,57000,0.9060151250014314,56050,0.8938447814451382,0.8831901202649772,8575,7122,0.8305539358600583,47475,8047,0.16949973670352816,,,none,True,none,complete,results/per_dataset_study/fixed_responses/runs/SEA_A/none/SEA_A__s117__instance__moderate/none_screened,,,,,
SEA_A,instance,moderate,117.0,1195402420.0,,SEA_A__s117,SEA_A__s117__instance__moderate,0,57000,0.6070747500052676,56050,0.8860124888492418,0.8736771537518102,8575,8575,1.0,47475,0,0.0,,,none,False,none,complete,results/per_dataset_study/fixed_responses/runs/SEA_A/none/SEA_A__s117__instance__moderate/none_unscreened,60000.0,57000.0,0.0,False,3000.0
SEA_A,instance,severe,117.0,4063383392.0,,SEA_A__s117,SEA_A__s117__instance__severe,0,57000,0.8298290420061676,56050,0.8945941123996431,0.8832695362813365,14234,8772,0.6162709006603906,41816,15438,0.3691888272431605,,,none,True,none,complete,results/per_dataset_study/fixed_responses/runs/SEA_A/none/SEA_A__s117__instance__severe/none_screened,,,,,
SEA_A,instance,severe,117.0,4063383392.0,,SEA_A__s117,SEA_A__s117__instance__severe,0,57000,0.6063302909897175,56050,0.8865120428189117,0.874474738878446,14234,14234,1.0,41816,0,0.0,,,none,False,none,complete,results/per_dataset_study/fixed_responses/runs/SEA_A/none/SEA_A__s117__instance__severe/none_unscreened,60000.0,57000.0,0.0,False,3000.0
SEA_A,splice,moderate,117.0,1275875057.0,,SEA_A__s117,SEA_A__s117__splice__moderate,0,57000,0.8682874999940395,47528,0.90451944117152,0.8956841429652165,8522,6603,0.77481811781272,47528,13281,0.2794352802558492,,,none,True,none,complete,results/per_dataset_study/fixed_responses/runs/SEA_A/none/SEA_A__s117__splice__moderate/none_screened,,,,,
SEA_A,splice,moderate,117.0,1275875057.0,,SEA_A__s117,SEA_A__s117__splice__moderate,0,57000,0.5900643750210293,47528,0.8952407002188184,0.8849966915845924,8522,8522,1.0,47528,0,0.0,,,none,False,none,complete,results/per_dataset_study/fixed_responses/runs/SEA_A/none/SEA_A__s117__splice__moderate/none_unscreened,60000.0,57000.0,0.0,False,3000.0
SEA_A,splice,severe,117.0,2243424514.0,,SEA_A__s117,SEA_A__s117__splice__severe,0,57000,0.9545117500092601,41810,0.8944750059794307,0.8843876382466875,14240,12858,0.9029494382022472,41810,4318,0.10327672805548911,,,none,True,none,complete,results/per_dataset_study/fixed_responses/runs/SEA_A/none/SEA_A__s117__splice__severe/none_screened,,,,,
SEA_A,splice,severe,117.0,2243424514.0,,SEA_A__s117,SEA_A__s117__splice__severe,0,57000,0.603183082974283,41810,0.8944032528103325,0.8847557650712953,14240,14240,1.0,41810,0,0.0,,,none,False,none,complete,results/per_dataset_study/fixed_responses/runs/SEA_A/none/SEA_A__s117__splice__severe/none_unscreened,60000.0,57000.0,0.0,False,3000.0
SEA_A,clean,none,118.0,,,SEA_A__s118,SEA_A__s118__clean__none,0,57000,0.9100871660048142,56050,0.8955040142729705,0.884459967002827,0,0,,56050,3800,0.06779661016949153,,,none,True,none,complete,results/per_dataset_study/fixed_responses/runs/SEA_A/none/SEA_A__s118__clean__none/none_screened,,,,,
SEA_A,clean,none,118.0,,,SEA_A__s118,SEA_A__s118__clean__none,0,57000,0.6077812919975258,56050,0.8948617305976806,0.8832667322018161,0,0,,56050,0,0.0,,,none,False,none,complete,results/per_dataset_study/fixed_responses/runs/SEA_A/none/SEA_A__s118__clean__none/none_unscreened,60000.0,57000.0,0.0,False,3000.0
SEA_A,concept,moderate,118.0,1648460561.0,,SEA_A__s118,SEA_A__s118__concept__moderate,0,57000,0.820645666011842,47474,0.9023676117453764,0.8921180868722642,8576,6666,0.777285447761194,47474,10440,0.21990984538905506,,,none,True,none,complete,results/per_dataset_study/fixed_responses/runs/SEA_A/none/SEA_A__s118__concept__moderate/none_screened,,,,,
SEA_A,concept,moderate,118.0,1648460561.0,,SEA_A__s118,SEA_A__s118__concept__moderate,0,57000,0.5941901670012157,47474,0.8937102413952901,0.8822921015230054,8576,8576,1.0,47474,0,0.0,,,none,False,none,complete,results/per_dataset_study/fixed_responses/runs/SEA_A/none/SEA_A__s118__concept__moderate/none_unscreened,60000.0,57000.0,0.0,False,3000.0
SEA_A,concept,severe,118.0,16137799.0,,SEA_A__s118,SEA_A__s118__concept__severe,0,57000,0.7897917499940377,41780,0.9032072762087123,0.8923436301931856,14270,9705,0.6800981079187106,41780,11585,0.2772857826711345,,,none,True,none,complete,results/per_dataset_study/fixed_responses/runs/SEA_A/none/SEA_A__s118__concept__severe/none_screened,,,,,
SEA_A,concept,severe,118.0,16137799.0,,SEA_A__s118,SEA_A__s118__concept__severe,0,57000,0.6722655420016963,41780,0.8897797989468645,0.877394584712833,14270,14270,1.0,41780,0,0.0,,,none,False,none,complete,results/per_dataset_study/fixed_responses/runs/SEA_A/none/SEA_A__s118__concept__severe/none_unscreened,60000.0,57000.0,0.0,False,3000.0
SEA_A,instance,moderate,118.0,4224387059.0,,SEA_A__s118,SEA_A__s118__instance__moderate,0,57000,0.7848202919994947,56050,0.9000535236396074,0.8893753288453932,8554,6116,0.7149871405190554,47496,13712,0.2886979956206838,,,none,True,none,complete,results/per_dataset_study/fixed_responses/runs/SEA_A/none/SEA_A__s118__instance__moderate/none_screened,,,,,
SEA_A,instance,moderate,118.0,4224387059.0,,SEA_A__s118,SEA_A__s118__instance__moderate,0,57000,0.6333419999864418,56050,0.8951293487957181,0.8837561777187743,8554,8554,1.0,47496,0,0.0,,,none,False,none,complete,results/per_dataset_study/fixed_responses/runs/SEA_A/none/SEA_A__s118__instance__moderate/none_unscreened,60000.0,57000.0,0.0,False,3000.0
SEA_A,instance,severe,118.0,2861808558.0,,SEA_A__s118,SEA_A__s118__instance__severe,0,57000,0.7609538329998031,56050,0.8975200713648528,0.8862763945358215,14240,10169,0.7141151685393259,41810,12079,0.288902176512796,,,none,True,none,complete,results/per_dataset_study/fixed_responses/runs/SEA_A/none/SEA_A__s118__instance__severe/none_screened,,,,,
SEA_A,instance,severe,118.0,2861808558.0,,SEA_A__s118,SEA_A__s118__instance__severe,0,57000,0.6022704170027282,56050,0.891650312221231,0.8801345577247257,14240,14240,1.0,41810,0,0.0,,,none,False,none,complete,results/per_dataset_study/fixed_responses/runs/SEA_A/none/SEA_A__s118__instance__severe/none_unscreened,60000.0,57000.0,0.0,False,3000.0
SEA_A,splice,moderate,118.0,3330973510.0,,SEA_A__s118,SEA_A__s118__splice__moderate,0,57000,0.8718441250093747,47504,0.8959456045806669,0.8851356785921676,8546,6922,0.8099695764100164,47504,5976,0.1257999326372516,,,none,True,none,complete,results/per_dataset_study/fixed_responses/runs/SEA_A/none/SEA_A__s118__splice__moderate/none_screened,,,,,
SEA_A,splice,moderate,118.0,3330973510.0,,SEA_A__s118,SEA_A__s118__splice__moderate,0,57000,0.6258756250026636,47504,0.8952088245200405,0.8839539335491833,8546,8546,1.0,47504,0,0.0,,,none,False,none,complete,results/per_dataset_study/fixed_responses/runs/SEA_A/none/SEA_A__s118__splice__moderate/none_unscreened,60000.0,57000.0,0.0,False,3000.0
SEA_A,splice,severe,118.0,3954790722.0,,SEA_A__s118,SEA_A__s118__splice__severe,0,57000,0.860209708014736,41762,0.9027345433647814,0.8945358084810986,14288,10272,0.7189249720044792,41762,9284,0.22230736075858437,,,none,True,none,complete,results/per_dataset_study/fixed_responses/runs/SEA_A/none/SEA_A__s118__splice__severe/none_screened,,,,,
SEA_A,splice,severe,118.0,3954790722.0,,SEA_A__s118,SEA_A__s118__splice__severe,0,57000,0.6449950420064852,41762,0.8928930606771707,0.8828188061500605,14288,14288,1.0,41762,0,0.0,,,none,False,none,complete,results/per_dataset_study/fixed_responses/runs/SEA_A/none/SEA_A__s118__splice__severe/none_unscreened,60000.0,57000.0,0.0,False,3000.0
SEA_A,clean,none,119.0,,,SEA_A__s119,SEA_A__s119__clean__none,0,57000,0.8148352080024779,56050,0.9086351471900089,0.8988899282959145,0,0,,56050,16150,0.288135593220339,,,none,True,none,complete,results/per_dataset_study/fixed_responses/runs/SEA_A/none/SEA_A__s119__clean__none/none_screened,,,,,
SEA_A,clean,none,119.0,,,SEA_A__s119,SEA_A__s119__clean__none,0,57000,0.6095550000027288,56050,0.8982872435325602,0.887137572271765,0,0,,56050,0,0.0,,,none,False,none,complete,results/per_dataset_study/fixed_responses/runs/SEA_A/none/SEA_A__s119__clean__none/none_unscreened,60000.0,57000.0,0.0,False,3000.0
SEA_A,concept,moderate,119.0,1118368957.0,,SEA_A__s119,SEA_A__s119__concept__moderate,0,57000,0.841759250004543,47466,0.9052585008216407,0.8957296909356185,8584,6708,0.7814538676607642,47466,7624,0.1606202334302448,,,none,True,none,complete,results/per_dataset_study/fixed_responses/runs/SEA_A/none/SEA_A__s119__concept__moderate/none_screened,,,,,
SEA_A,concept,moderate,119.0,1118368957.0,,SEA_A__s119,SEA_A__s119__concept__moderate,0,57000,0.5960521250090096,47466,0.886318628070619,0.8745253033491878,8584,8584,1.0,47466,0,0.0,,,none,False,none,complete,results/per_dataset_study/fixed_responses/runs/SEA_A/none/SEA_A__s119__concept__moderate/none_unscreened,60000.0,57000.0,0.0,False,3000.0
SEA_A,concept,severe,119.0,1193382814.0,,SEA_A__s119,SEA_A__s119__concept__severe,0,57000,0.7691918750060722,41781,0.9021325482874991,0.8917668203403833,14269,9001,0.6308080454131334,41781,13732,0.32866614011153394,,,none,True,none,complete,results/per_dataset_study/fixed_responses/runs/SEA_A/none/SEA_A__s119__concept__severe/none_screened,,,,,
SEA_A,concept,severe,119.0,1193382814.0,,SEA_A__s119,SEA_A__s119__concept__severe,0,57000,0.6026465419854503,41781,0.8888250640243173,0.8760528569946608,14269,14269,1.0,41781,0,0.0,,,none,False,none,complete,results/per_dataset_study/fixed_responses/runs/SEA_A/none/SEA_A__s119__concept__severe/none_unscreened,60000.0,57000.0,0.0,False,3000.0
SEA_A,instance,moderate,119.0,110941192.0,,SEA_A__s119,SEA_A__s119__instance__moderate,0,57000,0.7709044580115005,56050,0.8975914362176628,0.8862676396141744,8546,5794,0.6779780014041656,47504,15298,0.3220360390703941,,,none,True,none,complete,results/per_dataset_study/fixed_responses/runs/SEA_A/none/SEA_A__s119__instance__moderate/none_screened,,,,,
SEA_A,instance,moderate,119.0,110941192.0,,SEA_A__s119,SEA_A__s119__instance__moderate,0,57000,0.6042904169880785,56050,0.896413916146298,0.8856397757027767,8546,8546,1.0,47504,0,0.0,,,none,False,none,complete,results/per_dataset_study/fixed_responses/runs/SEA_A/none/SEA_A__s119__instance__moderate/none_unscreened,60000.0,57000.0,0.0,False,3000.0
SEA_A,instance,severe,119.0,3882502243.0,,SEA_A__s119,SEA_A__s119__instance__severe,0,57000,0.7594313749868888,56050,0.8934701159678858,0.8818100390866124,14266,9736,0.6824617972802467,41784,13520,0.3235688301742294,,,none,True,none,complete,results/per_dataset_study/fixed_responses/runs/SEA_A/none/SEA_A__s119__instance__severe/none_screened,,,,,
SEA_A,instance,severe,119.0,3882502243.0,,SEA_A__s119,SEA_A__s119__instance__severe,0,57000,0.606893249991117,56050,0.8889919714540588,0.8768738773826478,14266,14266,1.0,41784,0,0.0,,,none,False,none,complete,results/per_dataset_study/fixed_responses/runs/SEA_A/none/SEA_A__s119__instance__severe/none_unscreened,60000.0,57000.0,0.0,False,3000.0
SEA_A,splice,moderate,119.0,1473637511.0,,SEA_A__s119,SEA_A__s119__splice__moderate,0,57000,0.8657395420013927,47476,0.8980958800235909,0.887448906755347,8574,6837,0.7974107767669699,47476,6813,0.1435040862751706,,,none,True,none,complete,results/per_dataset_study/fixed_responses/runs/SEA_A/none/SEA_A__s119__splice__moderate/none_screened,,,,,
SEA_A,splice,moderate,119.0,1473637511.0,,SEA_A__s119,SEA_A__s119__splice__moderate,0,57000,0.5924120410054456,47476,0.8930406942455136,0.8817297831093456,8574,8574,1.0,47476,0,0.0,,,none,False,none,complete,results/per_dataset_study/fixed_responses/runs/SEA_A/none/SEA_A__s119__splice__moderate/none_unscreened,60000.0,57000.0,0.0,False,3000.0
SEA_A,splice,severe,119.0,2268888980.0,,SEA_A__s119,SEA_A__s119__splice__severe,0,57000,0.8620419999933802,41783,0.897924993418376,0.887305981754541,14267,12647,0.886451251138992,41783,6930,0.16585692745853578,,,none,True,none,complete,results/per_dataset_study/fixed_responses/runs/SEA_A/none/SEA_A__s119__splice__severe/none_screened,,,,,
SEA_A,splice,severe,119.0,2268888980.0,,SEA_A__s119,SEA_A__s119__splice__severe,0,57000,0.6321453340060543,41783,0.8949572792762607,0.8834479465955974,14267,14267,1.0,41783,0,0.0,,,none,False,none,complete,results/per_dataset_study/fixed_responses/runs/SEA_A/none/SEA_A__s119__splice__severe/none_unscreened,60000.0,57000.0,0.0,False,3000.0
radar,clean,none,,,,radar__evaluation,radar__evaluation__clean__none__aNone,6,166015,27.85131533400272,136565,0.5942664665177754,0.47201380477497645,0,0,,136565,32300,0.2365174092922784,0.7586267865036098,0.26397845549166604,confirmed,True,adwin,complete,results/per_dataset_study/fixed_responses/runs/radar/adwin/radar__evaluation__clean__none__aNone/confirmed_screened,,,,,
radar,clean,none,,,,radar__evaluation,radar__evaluation__clean__none__aNone,14,164115,18.435708458011504,136565,0.6815362647823381,0.5972427138309622,0,0,,136565,0,0.0,0.7891115367614557,0.22179197903777567,confirmed,False,adwin,complete,results/per_dataset_study/fixed_responses/runs/radar/adwin/radar__evaluation__clean__none__aNone/confirmed_unscreened,144753.0,164115.0,39900.0,False,7238.0
radar,clean,none,,,,radar__evaluation,radar__evaluation__clean__none__aNone,32,137515,13.919985249987803,136565,0.5716398784461612,0.4725664874769857,0,0,,136565,52250,0.38260169150221507,0.699219095329306,0.31535046218793217,immediate,True,adwin,complete,results/per_dataset_study/fixed_responses/runs/radar/adwin/radar__evaluation__clean__none__aNone/immediate_screened,144753.0,85265.0,30165.0,False,7238.0
radar,clean,none,,,,radar__evaluation,radar__evaluation__clean__none__aNone,75,137515,11.950478499988094,136565,0.7325010068465566,0.6695162896892524,0,0,,136565,0,0.0,0.8159422425224694,0.23933328480966592,immediate,False,adwin,complete,results/per_dataset_study/fixed_responses/runs/radar/adwin/radar__evaluation__clean__none__aNone/immediate_unscreened,144753.0,137515.0,71250.0,False,7238.0
radar,concept,moderate,,3910140397.0,0.0,radar__evaluation,radar__evaluation__concept__moderate__a0,12,162215,57.56581433300744,116083,0.6164554672088075,0.4942986584776842,20482,18226,0.8898545063958598,116083,17694,0.15242541974277027,0.7592285465146101,0.21994582957149802,confirmed,True,adwin,complete,results/per_dataset_study/fixed_responses/runs/radar/adwin/radar__evaluation__concept__moderate__a0/confirmed_screened,,,,,
radar,concept,moderate,,3910140397.0,0.0,radar__evaluation,radar__evaluation__concept__moderate__a0,15,166015,51.634348457999295,116083,0.623795043201847,0.48811260714461824,20482,20482,1.0,116083,0,0.0,0.8267478243028366,0.22103965553163415,confirmed,False,adwin,complete,results/per_dataset_study/fixed_responses/runs/radar/adwin/radar__evaluation__concept__moderate__a0/confirmed_unscreened,144753.0,166015.0,42750.0,False,7238.0
radar,concept,moderate,,3910140397.0,0.0,radar__evaluation,radar__evaluation__concept__moderate__a0,54,137515,32.158175082993694,116083,0.5989507507559246,0.47292948799879225,20482,11940,0.5829508837027634,116083,53208,0.4583616894808025,0.7569032434558107,0.2646537954024585,immediate,True,adwin,complete,results/per_dataset_study/fixed_responses/runs/radar/adwin/radar__evaluation__concept__moderate__a0/immediate_screened,144753.0,75765.0,51065.0,False,7238.0
radar,concept,moderate,,3910140397.0,0.0,radar__evaluation,radar__evaluation__concept__moderate__a0,121,137515,28.4531769999885,116083,0.7055468931712654,0.6197978396540256,20482,20482,1.0,116083,0,0.0,0.8225075657838494,0.21366067087992222,immediate,False,adwin,complete,results/per_dataset_study/fixed_responses/runs/radar/adwin/radar__evaluation__concept__moderate__a0/immediate_unscreened,144753.0,137515.0,114715.0,False,7238.0
radar,concept,moderate,,4018716551.0,1.0,radar__evaluation,radar__evaluation__concept__moderate__a1,11,166015,56.22623295799713,116159,0.6288879897382037,0.48536711680350564,20406,16111,0.789522689405077,116159,18505,0.15930750092545562,0.7976521036167445,0.21168807060769193,confirmed,True,adwin,complete,results/per_dataset_study/fixed_responses/runs/radar/adwin/radar__evaluation__concept__moderate__a1/confirmed_screened,,,,,
radar,concept,moderate,,4018716551.0,1.0,radar__evaluation,radar__evaluation__concept__moderate__a1,15,166015,46.31742470798781,116159,0.6432131819316627,0.534101248087639,20406,20406,1.0,116159,0,0.0,0.8268953639590876,0.24749818586833622,confirmed,False,adwin,complete,results/per_dataset_study/fixed_responses/runs/radar/adwin/radar__evaluation__concept__moderate__a1/confirmed_unscreened,144753.0,166015.0,42750.0,False,7238.0
radar,concept,moderate,,4018716551.0,1.0,radar__evaluation,radar__evaluation__concept__moderate__a1,55,137515,29.11382370899082,116159,0.5859038042682875,0.4713854104048512,20406,10085,0.49421738704302653,116159,45729,0.3936759097444021,0.717444026572001,0.3167389506724944,immediate,True,adwin,complete,results/per_dataset_study/fixed_responses/runs/radar/adwin/radar__evaluation__concept__moderate__a1/immediate_screened,144753.0,81465.0,52250.0,False,7238.0
radar,concept,moderate,,4018716551.0,1.0,radar__evaluation,radar__evaluation__concept__moderate__a1,108,137515,28.87691116699716,116159,0.719384636575728,0.6528710769103511,20406,20406,1.0,116159,0,0.0,0.8068784928473516,0.24754881279848795,immediate,False,adwin,complete,results/per_dataset_study/fixed_responses/runs/radar/adwin/radar__evaluation__concept__moderate__a1/immediate_unscreened,144753.0,137515.0,102600.0,False,7238.0
radar,concept,moderate,,1880718146.0,2.0,radar__evaluation,radar__evaluation__concept__moderate__a2,12,164115,56.78858379200392,116167,0.596451660110014,0.4533019089862409,20398,18121,0.8883714089616629,116167,11023,0.09488925426325893,0.684714415854518,0.19212595709457128,confirmed,True,adwin,complete,results/per_dataset_study/fixed_responses/runs/radar/adwin/radar__evaluation__concept__moderate__a2/confirmed_screened,,,,,
radar,concept,moderate,,1880718146.0,2.0,radar__evaluation,radar__evaluation__concept__moderate__a2,13,162215,47.58326641601161,116167,0.6535935334475368,0.5063103289310033,20398,20398,1.0,116167,0,0.0,0.7312088554289349,0.14822032144581637,confirmed,False,adwin,complete,results/per_dataset_study/fixed_responses/runs/radar/adwin/radar__evaluation__concept__moderate__a2/confirmed_unscreened,144753.0,162215.0,37050.0,True,7238.0
radar,concept,moderate,,1880718146.0,2.0,radar__evaluation,radar__evaluation__concept__moderate__a2,52,137515,28.869945540995104,116167,0.6323912987337196,0.48192755776085583,20398,9396,0.4606333954309246,116167,50748,0.4368538397307325,0.7213771292046959,0.21380285576326136,immediate,True,adwin,complete,results/per_dataset_study/fixed_responses/runs/radar/adwin/radar__evaluation__concept__moderate__a2/immediate_screened,144753.0,75765.0,49400.0,False,7238.0
radar,concept,moderate,,1880718146.0,2.0,radar__evaluation,radar__evaluation__concept__moderate__a2,110,137515,29.470413958013523,116167,0.7149190389697591,0.636518961639613,20398,20398,1.0,116167,0,0.0,0.8235789546056137,0.23834241567220804,immediate,False,adwin,complete,results/per_dataset_study/fixed_responses/runs/radar/adwin/radar__evaluation__concept__moderate__a2/immediate_unscreened,144753.0,137515.0,104500.0,False,7238.0
radar,concept,moderate,,510794814.0,3.0,radar__evaluation,radar__evaluation__concept__moderate__a3,15,167915,58.27943900000537,116161,0.6115133306359277,0.454445779633886,20404,17851,0.874877475004901,116161,11697,0.10069644717245892,0.7964296403232337,0.21507749326145553,confirmed,True,adwin,complete,results/per_dataset_study/fixed_responses/runs/radar/adwin/radar__evaluation__concept__moderate__a3/confirmed_screened,,,,,
radar,concept,moderate,,510794814.0,3.0,radar__evaluation,radar__evaluation__concept__moderate__a3,14,164115,48.95727391698165,116161,0.6034383312815833,0.4654625167006184,20404,20404,1.0,116161,0,0.0,0.7566944243939367,0.2497641509433962,confirmed,False,adwin,complete,results/per_dataset_study/fixed_responses/runs/radar/adwin/radar__evaluation__concept__moderate__a3/confirmed_unscreened,144753.0,164115.0,39900.0,False,7238.0
radar,concept,moderate,,510794814.0,3.0,radar__evaluation,radar__evaluation__concept__moderate__a3,49,137515,32.11904154199874,116161,0.612107333786727,0.48790463997345884,20404,10119,0.4959321701627132,116161,51465,0.4430488718244506,0.7103220013732152,0.2509602425876011,immediate,True,adwin,complete,results/per_dataset_study/fixed_responses/runs/radar/adwin/radar__evaluation__concept__moderate__a3/immediate_screened,144753.0,75765.0,46550.0,False,7238.0
radar,concept,moderate,,510794814.0,3.0,radar__evaluation,radar__evaluation__concept__moderate__a3,112,137515,29.605539790994953,116161,0.7219720904606537,0.6372501147809895,20404,20404,1.0,116161,0,0.0,0.8496329289977289,0.24085242587601077,immediate,False,adwin,complete,results/per_dataset_study/fixed_responses/runs/radar/adwin/radar__evaluation__concept__moderate__a3/immediate_unscreened,144753.0,137515.0,106400.0,False,7238.0
radar,concept,moderate,,342140863.0,4.0,radar__evaluation,radar__evaluation__concept__moderate__a4,13,166015,55.19540324999252,116087,0.607105016065537,0.48501724002431434,20478,16775,0.8191717941205195,116087,14347,0.12358834322533961,0.7366121687698486,0.20346802418071905,confirmed,True,adwin,complete,results/per_dataset_study/fixed_responses/runs/radar/adwin/radar__evaluation__concept__moderate__a4/confirmed_screened,,,,,
radar,concept,moderate,,342140863.0,4.0,radar__evaluation,radar__evaluation__concept__moderate__a4,13,162215,47.43016020799405,116087,0.6457915184301429,0.5295860515446813,20478,20478,1.0,116087,0,0.0,0.8294490279434745,0.19692791741789514,confirmed,False,adwin,complete,results/per_dataset_study/fixed_responses/runs/radar/adwin/radar__evaluation__concept__moderate__a4/confirmed_unscreened,144753.0,162215.0,37050.0,False,7238.0
radar,concept,moderate,,342140863.0,4.0,radar__evaluation,radar__evaluation__concept__moderate__a4,52,137515,33.409508917015046,116087,0.5859484696822211,0.4629239277521825,20478,10611,0.5181658365074714,116087,50933,0.4387485248132866,0.7822156503621057,0.2655636864990985,immediate,True,adwin,complete,results/per_dataset_study/fixed_responses/runs/radar/adwin/radar__evaluation__concept__moderate__a4/immediate_screened,144753.0,76715.0,49165.0,False,7238.0
radar,concept,moderate,,342140863.0,4.0,radar__evaluation,radar__evaluation__concept__moderate__a4,109,137515,30.72540066597867,116087,0.7369300610748835,0.6750607112413326,20478,20478,1.0,116087,0,0.0,0.8499655537445601,0.2165128857779192,immediate,False,adwin,complete,results/per_dataset_study/fixed_responses/runs/radar/adwin/radar__evaluation__concept__moderate__a4/immediate_unscreened,144753.0,137515.0,103315.0,False,7238.0
radar,concept,severe,,1008509576.0,0.0,radar__evaluation,radar__evaluation__concept__severe__a0,9,164115,61.430063625011826,102341,0.6450200799288652,0.5181769228198265,34224,26315,0.7689048620850865,102341,16791,0.16406914139982998,0.7497964248322928,0.159604436302031,confirmed,True,adwin,complete,results/per_dataset_study/fixed_responses/runs/radar/adwin/radar__evaluation__concept__severe__a0/confirmed_screened,,,,,
radar,concept,severe,,1008509576.0,0.0,radar__evaluation,radar__evaluation__concept__severe__a0,14,164115,50.597739749995526,102341,0.6235330903547943,0.4705024273104963,34224,34224,1.0,102341,0,0.0,0.8161619295048277,0.17524574985717944,confirmed,False,adwin,complete,results/per_dataset_study/fixed_responses/runs/radar/adwin/radar__evaluation__concept__severe__a0/confirmed_unscreened,144753.0,164115.0,39665.0,False,7238.0
radar,concept,severe,,1008509576.0,0.0,radar__evaluation,radar__evaluation__concept__severe__a0,68,137515,32.85111920800409,102341,0.6047331958843474,0.5169210072416501,34224,17101,0.4996785881252922,102341,45577,0.4453444855922846,0.7600527356624918,0.30384335047180033,immediate,True,adwin,complete,results/per_dataset_study/fixed_responses/runs/radar/adwin/radar__evaluation__concept__severe__a0/immediate_screened,144753.0,74815.0,64365.0,False,7238.0
radar,concept,severe,,1008509576.0,0.0,radar__evaluation,radar__evaluation__concept__severe__a0,131,137515,32.51445987500483,102341,0.7110542206935637,0.6552446874345415,34224,34224,1.0,102341,0,0.0,0.8242467718794835,0.25957882709847724,immediate,False,adwin,complete,results/per_dataset_study/fixed_responses/runs/radar/adwin/radar__evaluation__concept__severe__a0/immediate_unscreened,144753.0,137515.0,124215.0,False,7238.0
radar,concept,severe,,1163742248.0,1.0,radar__evaluation,radar__evaluation__concept__severe__a1,12,166015,62.81823416700354,102426,0.6079706324566028,0.43822207699864274,34139,31346,0.918187410293213,102426,10507,0.10258137582254506,0.8209284748189991,0.19025886864813038,confirmed,True,adwin,complete,results/per_dataset_study/fixed_responses/runs/radar/adwin/radar__evaluation__concept__severe__a1/confirmed_screened,,,,,
radar,concept,severe,,1163742248.0,1.0,radar__evaluation,radar__evaluation__concept__severe__a1,11,158415,49.18407041701721,102426,0.6521195790131412,0.5178370860219643,34139,34139,1.0,102426,0,0.0,0.8443591375606652,0.18306807286673057,confirmed,False,adwin,complete,results/per_dataset_study/fixed_responses/runs/radar/adwin/radar__evaluation__concept__severe__a1/confirmed_unscreened,144753.0,158415.0,31350.0,True,7238.0
radar,concept,severe,,1163742248.0,1.0,radar__evaluation,radar__evaluation__concept__severe__a1,58,137515,38.2765226670017,102426,0.6220881416827758,0.4777157004629059,34139,15404,0.4512141539002314,102426,48715,0.4756116611016734,0.8115204073514202,0.23940556088207096,immediate,True,adwin,complete,results/per_dataset_study/fixed_responses/runs/radar/adwin/radar__evaluation__concept__severe__a1/immediate_screened,144753.0,70065.0,54865.0,False,7238.0
radar,concept,severe,,1163742248.0,1.0,radar__evaluation,radar__evaluation__concept__severe__a1,127,137515,34.663141041004565,102426,0.6997344424267276,0.6014398117149063,34139,34139,1.0,102426,0,0.0,0.8438419922030392,0.24778523489932885,immediate,False,adwin,complete,results/per_dataset_study/fixed_responses/runs/radar/adwin/radar__evaluation__concept__severe__a1/immediate_unscreened,144753.0,137515.0,120415.0,False,7238.0
radar,concept,severe,,3789935020.0,2.0,radar__evaluation,radar__evaluation__concept__severe__a2,12,162215,60.16848016701988,102403,0.5839086745505503,0.42932347119196934,34162,29565,0.8654352789649318,102403,17253,0.16848139214671445,0.6968336673346693,0.2260251795135516,confirmed,True,adwin,complete,results/per_dataset_study/fixed_responses/runs/radar/adwin/radar__evaluation__concept__severe__a2/confirmed_screened,,,,,
radar,concept,severe,,3789935020.0,2.0,radar__evaluation,radar__evaluation__concept__severe__a2,15,166015,51.10938704200089,102403,0.6229700301748973,0.4634906933448154,34162,34162,1.0,102403,0,0.0,0.7009819639278557,0.15978134582785747,confirmed,False,adwin,complete,results/per_dataset_study/fixed_responses/runs/radar/adwin/radar__evaluation__concept__severe__a2/confirmed_unscreened,144753.0,166015.0,42750.0,False,7238.0
radar,concept,severe,,3789935020.0,2.0,radar__evaluation,radar__evaluation__concept__severe__a2,63,137515,34.84298350001336,102403,0.6031561575344472,0.4321493889060978,34162,19728,0.5774837538785785,102403,46366,0.45277970371961757,0.678056112224449,0.20732148639125383,immediate,True,adwin,complete,results/per_dataset_study/fixed_responses/runs/radar/adwin/radar__evaluation__concept__severe__a2/immediate_screened,144753.0,76715.0,59850.0,False,7238.0
radar,concept,severe,,3789935020.0,2.0,radar__evaluation,radar__evaluation__concept__severe__a2,125,137515,33.418490374984685,102403,0.6395906369930568,0.5522784491374035,34162,34162,1.0,102403,0,0.0,0.7724849699398798,0.29099289564405845,immediate,False,adwin,complete,results/per_dataset_study/fixed_responses/runs/radar/adwin/radar__evaluation__concept__severe__a2/immediate_unscreened,144753.0,137515.0,118750.0,False,7238.0
radar,concept,severe,,3335947267.0,3.0,radar__evaluation,radar__evaluation__concept__severe__a3,12,169815,58.94685862498591,102355,0.6010160715158028,0.4564280998474194,34210,28622,0.8366559485530547,102355,15312,0.1495969908651263,0.7851294872039543,0.22792057010168948,confirmed,True,adwin,complete,results/per_dataset_study/fixed_responses/runs/radar/adwin/radar__evaluation__concept__severe__a3/confirmed_screened,,,,,
radar,concept,severe,,3335947267.0,3.0,radar__evaluation,radar__evaluation__concept__severe__a3,13,162215,48.979315707983915,102355,0.596981095207855,0.46449904877006937,34210,34210,1.0,102355,0,0.0,0.7355102196606805,0.22229562014572823,confirmed,False,adwin,complete,results/per_dataset_study/fixed_responses/runs/radar/adwin/radar__evaluation__concept__severe__a3/confirmed_unscreened,144753.0,162215.0,37050.0,False,7238.0
radar,concept,severe,,3335947267.0,3.0,radar__evaluation,radar__evaluation__concept__severe__a3,65,137515,35.73496504200739,102355,0.6168824190318011,0.4770868148586501,34210,17711,0.517714118678749,102355,45251,0.44209857847686973,0.7600145040935896,0.2374889903114741,immediate,True,adwin,complete,results/per_dataset_study/fixed_responses/runs/radar/adwin/radar__evaluation__concept__severe__a3/immediate_screened,144753.0,75765.0,61515.0,False,7238.0
radar,concept,severe,,3335947267.0,3.0,radar__evaluation,radar__evaluation__concept__severe__a3,125,137515,34.39897479201318,102355,0.7259830980411314,0.6525977961090252,34210,34210,1.0,102355,0,0.0,0.8627263879081661,0.23780927215950037,immediate,False,adwin,complete,results/per_dataset_study/fixed_responses/runs/radar/adwin/radar__evaluation__concept__severe__a3/immediate_unscreened,144753.0,137515.0,118515.0,False,7238.0
radar,concept,severe,,948131781.0,4.0,radar__evaluation,radar__evaluation__concept__severe__a4,10,162215,61.68145549998735,102372,0.6026940960418865,0.45588208012547493,34193,27556,0.80589594361419,102372,19013,0.18572461219864808,0.7429967814995828,0.20538837003728044,confirmed,True,adwin,complete,results/per_dataset_study/fixed_responses/runs/radar/adwin/radar__evaluation__concept__severe__a4/confirmed_screened,,,,,
radar,concept,severe,,948131781.0,4.0,radar__evaluation,radar__evaluation__concept__severe__a4,15,166015,52.526302291982574,102372,0.6322431914976752,0.4984977664247118,34193,34193,1.0,102372,0,0.0,0.8044065641514682,0.2166685883392905,confirmed,False,adwin,complete,results/per_dataset_study/fixed_responses/runs/radar/adwin/radar__evaluation__concept__severe__a4/confirmed_unscreened,144753.0,166015.0,42750.0,False,7238.0
radar,concept,severe,,948131781.0,4.0,radar__evaluation,radar__evaluation__concept__severe__a4,58,137515,37.0025200000091,102372,0.5776774899386551,0.43877618270771485,34193,17403,0.5089638230047085,102372,49710,0.4855819950767788,0.7974132792943139,0.2868672892885968,immediate,True,adwin,complete,results/per_dataset_study/fixed_responses/runs/radar/adwin/radar__evaluation__concept__severe__a4/immediate_screened,144753.0,71015.0,54865.0,False,7238.0
radar,concept,severe,,948131781.0,4.0,radar__evaluation,radar__evaluation__concept__severe__a4,126,137515,33.97659008399933,102372,0.7009533856914,0.6145759162884364,34193,34193,1.0,102372,0,0.0,0.8426113561409783,0.26373035089742114,immediate,False,adwin,complete,results/per_dataset_study/fixed_responses/runs/radar/adwin/radar__evaluation__concept__severe__a4/immediate_unscreened,144753.0,137515.0,119465.0,False,7238.0
radar,instance,moderate,,3687513746.0,0.0,radar__evaluation,radar__evaluation__instance__moderate__a0,11,160315,31.016583916993113,136565,0.6103393988210742,0.4945537546421286,20653,18252,0.8837457028034668,115912,13749,0.1186158465042446,0.6887579195520849,0.2322730912002329,confirmed,True,adwin,complete,results/per_dataset_study/fixed_responses/runs/radar/adwin/radar__evaluation__instance__moderate__a0/confirmed_screened,,,,,
radar,instance,moderate,,3687513746.0,0.0,radar__evaluation,radar__evaluation__instance__moderate__a0,12,160315,26.08776870899601,136565,0.594303079119833,0.4791183868593765,20653,20653,1.0,115912,0,0.0,0.7253867688227493,0.27054370769342745,confirmed,False,adwin,complete,results/per_dataset_study/fixed_responses/runs/radar/adwin/radar__evaluation__instance__moderate__a0/confirmed_unscreened,144753.0,160315.0,34200.0,True,7238.0
radar,instance,moderate,,3687513746.0,0.0,radar__evaluation,radar__evaluation__instance__moderate__a0,38,137515,18.26103900000453,136565,0.5922308058433713,0.42748159660725155,20653,13428,0.6501718878613276,115912,41225,0.3556577403547519,0.6240017680860469,0.2035228182546037,immediate,True,adwin,complete,results/per_dataset_study/fixed_responses/runs/radar/adwin/radar__evaluation__instance__moderate__a0/immediate_screened,144753.0,89065.0,35865.0,False,7238.0
radar,instance,moderate,,3687513746.0,0.0,radar__evaluation,radar__evaluation__instance__moderate__a0,77,137515,14.963995958009036,136565,0.7195255006773331,0.6618979847362041,20653,20653,1.0,115912,0,0.0,0.7138942095181966,0.20110633961714827,immediate,False,adwin,complete,results/per_dataset_study/fixed_responses/runs/radar/adwin/radar__evaluation__instance__moderate__a0/immediate_unscreened,144753.0,137515.0,73150.0,False,7238.0
radar,instance,moderate,,2388385389.0,1.0,radar__evaluation,radar__evaluation__instance__moderate__a1,10,162215,33.910785707994364,136565,0.614571815618936,0.468722830493034,20598,17181,0.8341101077774541,115967,19383,0.16714237671061596,0.6434801827022248,0.1736662056918262,confirmed,True,adwin,complete,results/per_dataset_study/fixed_responses/runs/radar/adwin/radar__evaluation__instance__moderate__a1/confirmed_screened,,,,,
radar,instance,moderate,,2388385389.0,1.0,radar__evaluation,radar__evaluation__instance__moderate__a1,11,158415,24.558116416010307,136565,0.6001171603265845,0.44731943599411966,20598,20598,1.0,115967,0,0.0,0.6612199793723295,0.19835504767450324,confirmed,False,adwin,complete,results/per_dataset_study/fixed_responses/runs/radar/adwin/radar__evaluation__instance__moderate__a1/confirmed_unscreened,144753.0,158415.0,31350.0,False,7238.0
radar,instance,moderate,,2388385389.0,1.0,radar__evaluation,radar__evaluation__instance__moderate__a1,40,137515,17.536771874991246,136565,0.524900230659393,0.3802188058911066,20598,12629,0.6131177784250899,115967,44281,0.3818413859115093,0.576351849123324,0.26820001455710024,immediate,True,adwin,complete,results/per_dataset_study/fixed_responses/runs/radar/adwin/radar__evaluation__instance__moderate__a1/immediate_screened,144753.0,85265.0,37765.0,False,7238.0
radar,instance,moderate,,2388385389.0,1.0,radar__evaluation,radar__evaluation__instance__moderate__a1,73,137515,15.417393082985654,136565,0.7142020283381539,0.6269581575385895,20598,20598,1.0,115967,0,0.0,0.7048475025784589,0.17216682436858577,immediate,False,adwin,complete,results/per_dataset_study/fixed_responses/runs/radar/adwin/radar__evaluation__instance__moderate__a1/immediate_unscreened,144753.0,137515.0,69350.0,False,7238.0
radar,instance,moderate,,58124341.0,2.0,radar__evaluation,radar__evaluation__instance__moderate__a2,8,158415,29.510934125006315,136565,0.5268553436092703,0.3838631471849915,20657,18259,0.883913443384809,115908,13752,0.1186458225489181,0.5853690879622808,0.2592037266176578,confirmed,True,adwin,complete,results/per_dataset_study/fixed_responses/runs/radar/adwin/radar__evaluation__instance__moderate__a2/confirmed_screened,,,,,
radar,instance,moderate,,58124341.0,2.0,radar__evaluation,radar__evaluation__instance__moderate__a2,12,160315,25.100261874991702,136565,0.6295903049829752,0.49460990466286475,20657,20657,1.0,115908,0,0.0,0.713584794459997,0.20608486789431546,confirmed,False,adwin,complete,results/per_dataset_study/fixed_responses/runs/radar/adwin/radar__evaluation__instance__moderate__a2/confirmed_unscreened,144753.0,160315.0,34200.0,False,7238.0
radar,instance,moderate,,58124341.0,2.0,radar__evaluation,radar__evaluation__instance__moderate__a2,34,137515,18.450159792002523,136565,0.5608904184820415,0.41385828986871126,20657,13355,0.6465120782301399,115908,41148,0.3550056941712393,0.6268307057610137,0.2537011427323677,immediate,True,adwin,complete,results/per_dataset_study/fixed_responses/runs/radar/adwin/radar__evaluation__instance__moderate__a2/immediate_screened,144753.0,89065.0,32300.0,False,7238.0
radar,instance,moderate,,58124341.0,2.0,radar__evaluation,radar__evaluation__instance__moderate__a2,75,137515,15.948555791983381,136565,0.7259473510782412,0.6646017006844698,20657,20657,1.0,115908,0,0.0,0.7022985118609105,0.1785282771671883,immediate,False,adwin,complete,results/per_dataset_study/fixed_responses/runs/radar/adwin/radar__evaluation__instance__moderate__a2/immediate_unscreened,144753.0,137515.0,71250.0,False,7238.0
radar,instance,moderate,,3627463518.0,3.0,radar__evaluation,radar__evaluation__instance__moderate__a3,11,162215,29.02080645802198,136565,0.5679639731995753,0.4351739456592887,20625,17607,0.8536727272727272,115940,16932,0.14604105571847506,0.6037571828495654,0.2369168061722105,confirmed,True,adwin,complete,results/per_dataset_study/fixed_responses/runs/radar/adwin/radar__evaluation__instance__moderate__a3/confirmed_screened,,,,,
radar,instance,moderate,,3627463518.0,3.0,radar__evaluation,radar__evaluation__instance__moderate__a3,11,158415,25.031643750000512,136565,0.6199758356826419,0.501193526935935,20625,20625,1.0,115940,0,0.0,0.6659201414468837,0.20103355411602009,confirmed,False,adwin,complete,results/per_dataset_study/fixed_responses/runs/radar/adwin/radar__evaluation__instance__moderate__a3/confirmed_unscreened,144753.0,158415.0,31350.0,False,7238.0
radar,instance,moderate,,3627463518.0,3.0,radar__evaluation,radar__evaluation__instance__moderate__a3,37,137515,19.004126624990022,136565,0.5730458023651741,0.387492042806315,20625,13942,0.6759757575757576,115940,37017,0.31927721235121614,0.6207308088993664,0.19660819564742704,immediate,True,adwin,complete,results/per_dataset_study/fixed_responses/runs/radar/adwin/radar__evaluation__instance__moderate__a3/immediate_screened,144753.0,93815.0,34915.0,False,7238.0
radar,instance,moderate,,3627463518.0,3.0,radar__evaluation,radar__evaluation__instance__moderate__a3,75,137515,15.847050708020106,136565,0.7282905576099293,0.6724357053425849,20625,20625,1.0,115940,0,0.0,0.7448799174893178,0.18419098915496032,immediate,False,adwin,complete,results/per_dataset_study/fixed_responses/runs/radar/adwin/radar__evaluation__instance__moderate__a3/immediate_unscreened,144753.0,137515.0,71250.0,False,7238.0
radar,instance,moderate,,2006973868.0,4.0,radar__evaluation,radar__evaluation__instance__moderate__a4,8,160315,29.104396124981577,136565,0.5754915241826236,0.41920298672446993,20561,17650,0.8584212830115266,116004,16089,0.13869349332781628,0.6404155002210108,0.22090399592401194,confirmed,True,adwin,complete,results/per_dataset_study/fixed_responses/runs/radar/adwin/radar__evaluation__instance__moderate__a4/confirmed_screened,,,,,
radar,instance,moderate,,2006973868.0,4.0,radar__evaluation,radar__evaluation__instance__moderate__a4,10,156515,25.39225495798746,136565,0.6149672317211584,0.4635576824828732,20561,20561,1.0,116004,0,0.0,0.6811993517017828,0.2038721886600189,confirmed,False,adwin,complete,results/per_dataset_study/fixed_responses/runs/radar/adwin/radar__evaluation__instance__moderate__a4/confirmed_unscreened,144753.0,156515.0,28500.0,True,7238.0
radar,instance,moderate,,2006973868.0,4.0,radar__evaluation,radar__evaluation__instance__moderate__a4,39,137515,17.334755958989263,136565,0.5833925237066598,0.3850052047928467,20561,13444,0.6538592480910461,116004,39433,0.3399279335195338,0.5774569029026079,0.1686440061139821,immediate,True,adwin,complete,results/per_dataset_study/fixed_responses/runs/radar/adwin/radar__evaluation__instance__moderate__a4/immediate_screened,144753.0,90965.0,36815.0,False,7238.0
radar,instance,moderate,,2006973868.0,4.0,radar__evaluation,radar__evaluation__instance__moderate__a4,74,137515,15.248718999995617,136565,0.7345073774393146,0.6733103243506529,20561,20561,1.0,116004,0,0.0,0.7408133195815529,0.18602518378339034,immediate,False,adwin,complete,results/per_dataset_study/fixed_responses/runs/radar/adwin/radar__evaluation__instance__moderate__a4/immediate_unscreened,144753.0,137515.0,70300.0,False,7238.0
radar,instance,severe,,3068245370.0,0.0,radar__evaluation,radar__evaluation__instance__severe__a0,7,162215,33.162119666987564,136565,0.5287958115183246,0.36204914137794514,34366,26285,0.7648547983472036,102199,24219,0.23697883540934842,0.5145130396345956,0.24209913385253656,confirmed,True,adwin,complete,results/per_dataset_study/fixed_responses/runs/radar/adwin/radar__evaluation__instance__severe__a0/confirmed_screened,,,,,
radar,instance,severe,,3068245370.0,0.0,radar__evaluation,radar__evaluation__instance__severe__a0,9,154615,22.880846082989592,136565,0.5632775601361989,0.37431306101771816,34366,34366,1.0,102199,0,0.0,0.4927655812582879,0.1890676177305481,confirmed,False,adwin,complete,results/per_dataset_study/fixed_responses/runs/radar/adwin/radar__evaluation__instance__severe__a0/confirmed_unscreened,144753.0,154615.0,25650.0,True,7238.0
radar,instance,severe,,3068245370.0,0.0,radar__evaluation,radar__evaluation__instance__severe__a0,44,137515,17.257405957992887,136565,0.53146120894812,0.3590908511839553,34366,23773,0.6917592969795728,102199,31207,0.3053552383095725,0.5387505525268896,0.25911638401630394,immediate,True,adwin,complete,results/per_dataset_study/fixed_responses/runs/radar/adwin/radar__evaluation__instance__severe__a0/immediate_screened,144753.0,95715.0,41565.0,False,7238.0
radar,instance,severe,,3068245370.0,0.0,radar__evaluation,radar__evaluation__instance__severe__a0,75,137515,15.243320584006142,136565,0.6662688097243071,0.6041468785037868,34366,34366,1.0,102199,0,0.0,0.6637984381906586,0.23295727491083776,immediate,False,adwin,complete,results/per_dataset_study/fixed_responses/runs/radar/adwin/radar__evaluation__instance__severe__a0/immediate_unscreened,144753.0,137515.0,71250.0,False,7238.0
radar,instance,severe,,11462624.0,1.0,radar__evaluation,radar__evaluation__instance__severe__a1,12,164115,29.53328129199508,136565,0.5697579907003991,0.40995498333371994,34391,30156,0.8768573173213923,102174,12865,0.1259126587977372,0.5019301606011493,0.19423538831064852,confirmed,True,adwin,complete,results/per_dataset_study/fixed_responses/runs/radar/adwin/radar__evaluation__instance__severe__a1/confirmed_screened,,,,,
radar,instance,severe,,11462624.0,1.0,radar__evaluation,radar__evaluation__instance__severe__a1,10,156515,24.471093708998524,136565,0.5696627979350493,0.44533383265134824,34391,34391,1.0,102174,0,0.0,0.5733166347428909,0.23975544071620933,confirmed,False,adwin,complete,results/per_dataset_study/fixed_responses/runs/radar/adwin/radar__evaluation__instance__severe__a1/confirmed_unscreened,144753.0,156515.0,28500.0,False,7238.0
radar,instance,severe,,11462624.0,1.0,radar__evaluation,radar__evaluation__instance__severe__a1,39,137515,17.526592958980473,136565,0.530765569509025,0.3387694292724459,34391,24053,0.6993980983396819,102174,30512,0.2986278309550375,0.5257109179313393,0.23182182109323823,immediate,True,adwin,complete,results/per_dataset_study/fixed_responses/runs/radar/adwin/radar__evaluation__instance__severe__a1/immediate_screened,144753.0,96665.0,36815.0,False,7238.0
radar,instance,severe,,11462624.0,1.0,radar__evaluation,radar__evaluation__instance__severe__a1,72,137515,15.497860707982909,136565,0.6787756745871929,0.6173584888047565,34391,34391,1.0,102174,0,0.0,0.6733313687932813,0.2295654705582648,immediate,False,adwin,complete,results/per_dataset_study/fixed_responses/runs/radar/adwin/radar__evaluation__instance__severe__a1/immediate_unscreened,144753.0,137515.0,68400.0,False,7238.0
radar,instance,severe,,1906925561.0,2.0,radar__evaluation,radar__evaluation__instance__severe__a2,10,164115,30.396903834000113,136565,0.5842858711968659,0.4348724982705581,34333,28010,0.8158331634287711,102232,18377,0.17975780577509978,0.5996169146898482,0.1955600844311813,confirmed,True,adwin,complete,results/per_dataset_study/fixed_responses/runs/radar/adwin/radar__evaluation__instance__severe__a2/confirmed_screened,,,,,
radar,instance,severe,,1906925561.0,2.0,radar__evaluation,radar__evaluation__instance__severe__a2,11,158415,24.52683341599186,136565,0.5859700508915169,0.44804306836468455,34333,34333,1.0,102232,0,0.0,0.5516870487697068,0.21084503966809812,confirmed,False,adwin,complete,results/per_dataset_study/fixed_responses/runs/radar/adwin/radar__evaluation__instance__severe__a2/confirmed_unscreened,144753.0,158415.0,31350.0,False,7238.0
radar,instance,severe,,1906925561.0,2.0,radar__evaluation,radar__evaluation__instance__severe__a2,32,137515,17.457737541990355,136565,0.5633873979423718,0.3824942271754706,34333,22051,0.6422683715375878,102232,36168,0.3537835511385867,0.6232503315161337,0.2254166969939588,immediate,True,adwin,complete,results/per_dataset_study/fixed_responses/runs/radar/adwin/radar__evaluation__instance__severe__a2/immediate_screened,144753.0,89065.0,30400.0,False,7238.0
radar,instance,severe,,1906925561.0,2.0,radar__evaluation,radar__evaluation__instance__severe__a2,73,137515,14.761656415998004,136565,0.6851975249881009,0.6255586798402955,34333,34333,1.0,102232,0,0.0,0.6774863710033888,0.21177669408253877,immediate,False,adwin,complete,results/per_dataset_study/fixed_responses/runs/radar/adwin/radar__evaluation__instance__severe__a2/immediate_unscreened,144753.0,137515.0,69350.0,False,7238.0
radar,instance,severe,,4183855161.0,3.0,radar__evaluation,radar__evaluation__instance__severe__a3,8,158415,30.890361500001745,136565,0.5799143265111851,0.3995334940652182,34327,27436,0.799254231363067,102238,20659,0.20206772432950568,0.6738028584057757,0.19446830191425868,confirmed,True,adwin,complete,results/per_dataset_study/fixed_responses/runs/radar/adwin/radar__evaluation__instance__severe__a3/confirmed_screened,,,,,
radar,instance,severe,,4183855161.0,3.0,radar__evaluation,radar__evaluation__instance__severe__a3,11,158415,24.975248249975266,136565,0.53933291839051,0.38760944348170295,34327,34327,1.0,102238,0,0.0,0.5341829969058495,0.24795108814324188,confirmed,False,adwin,complete,results/per_dataset_study/fixed_responses/runs/radar/adwin/radar__evaluation__instance__severe__a3/confirmed_unscreened,144753.0,158415.0,31350.0,False,7238.0
radar,instance,severe,,4183855161.0,3.0,radar__evaluation,radar__evaluation__instance__severe__a3,39,137515,17.082033125014277,136565,0.551466334712408,0.41504458989619186,34327,23006,0.6702012992687971,102238,33329,0.32599424871378546,0.6155149550611463,0.2900356648955528,immediate,True,adwin,complete,results/per_dataset_study/fixed_responses/runs/radar/adwin/radar__evaluation__instance__severe__a3/immediate_screened,144753.0,92865.0,36815.0,False,7238.0
radar,instance,severe,,4183855161.0,3.0,radar__evaluation,radar__evaluation__instance__severe__a3,69,137515,14.742041999998037,136565,0.6616116867425768,0.5942486448482815,34327,34327,1.0,102238,0,0.0,0.6657138647414174,0.23634907926341073,immediate,False,adwin,complete,results/per_dataset_study/fixed_responses/runs/radar/adwin/radar__evaluation__instance__severe__a3/immediate_unscreened,144753.0,137515.0,65550.0,False,7238.0
radar,instance,severe,,1699676806.0,4.0,radar__evaluation,radar__evaluation__instance__severe__a4,8,158415,27.287387707998278,136565,0.5403653937685351,0.3752413478577681,34401,28926,0.8408476497776227,102164,16375,0.16028150816334522,0.4484602917341977,0.19889366038285172,confirmed,True,adwin,complete,results/per_dataset_study/fixed_responses/runs/radar/adwin/radar__evaluation__instance__severe__a4/confirmed_screened,,,,,
radar,instance,severe,,1699676806.0,4.0,radar__evaluation,radar__evaluation__instance__severe__a4,11,158415,21.83051645802334,136565,0.5302383480393952,0.35146739310766395,34401,34401,1.0,102164,0,0.0,0.4438337999115957,0.22860470194337287,confirmed,False,adwin,complete,results/per_dataset_study/fixed_responses/runs/radar/adwin/radar__evaluation__instance__severe__a4/confirmed_unscreened,144753.0,158415.0,31350.0,False,7238.0
radar,instance,severe,,1699676806.0,4.0,radar__evaluation,radar__evaluation__instance__severe__a4,34,137515,16.807590791984694,136565,0.557595284296855,0.39575537288105944,34401,22127,0.6432080462777244,102164,36176,0.35409733369875884,0.5631796080742596,0.2367857922701798,immediate,True,adwin,complete,results/per_dataset_study/fixed_responses/runs/radar/adwin/radar__evaluation__instance__severe__a4/immediate_screened,144753.0,89065.0,32065.0,False,7238.0
radar,instance,severe,,1699676806.0,4.0,radar__evaluation,radar__evaluation__instance__severe__a4,70,137515,14.751610958017409,136565,0.698473254494197,0.6397777558403102,34401,34401,1.0,102164,0,0.0,0.7184470310888463,0.22637746560885072,immediate,False,adwin,complete,results/per_dataset_study/fixed_responses/runs/radar/adwin/radar__evaluation__instance__severe__a4/immediate_unscreened,144753.0,137515.0,66500.0,False,7238.0
radar,splice,moderate,,424767608.0,0.0,radar__evaluation,radar__evaluation__splice__moderate__a0,11,166015,31.479882124986034,116110,0.614787701317716,0.46412629632117763,20455,16335,0.798582253727695,116110,22480,0.1936095082249591,0.638771091667114,0.17174501436328313,confirmed,True,adwin,complete,results/per_dataset_study/fixed_responses/runs/radar/adwin/radar__evaluation__splice__moderate__a0/confirmed_screened,,,,,
radar,splice,moderate,,424767608.0,0.0,radar__evaluation,radar__evaluation__splice__moderate__a0,12,160315,26.441548583999975,116110,0.6443372663853243,0.4868719808911847,20455,20455,1.0,116110,0,0.0,0.7663141696637858,0.19650299719376318,confirmed,False,adwin,complete,results/per_dataset_study/fixed_responses/runs/radar/adwin/radar__evaluation__splice__moderate__a0/confirmed_unscreened,144753.0,160315.0,34200.0,False,7238.0
radar,splice,moderate,,424767608.0,0.0,radar__evaluation,radar__evaluation__splice__moderate__a0,54,137515,14.744044874998508,116110,0.5904142623374387,0.42320096481649844,20455,10969,0.5362503055487656,116110,49414,0.42557919214537937,0.6458389249736075,0.21171313285621773,immediate,True,adwin,complete,results/per_dataset_study/fixed_responses/runs/radar/adwin/radar__evaluation__splice__moderate__a0/immediate_screened,144753.0,78615.0,51065.0,False,7238.0
radar,splice,moderate,,424767608.0,0.0,radar__evaluation,radar__evaluation__splice__moderate__a0,108,137515,13.076797540998086,116110,0.6910688140556369,0.5944639323189638,20455,20455,1.0,116110,0,0.0,0.763719648576592,0.22101190575029475,immediate,False,adwin,complete,results/per_dataset_study/fixed_responses/runs/radar/adwin/radar__evaluation__splice__moderate__a0/immediate_unscreened,144753.0,137515.0,102600.0,False,7238.0
radar,splice,moderate,,3027246665.0,1.0,radar__evaluation,radar__evaluation__splice__moderate__a1,8,160315,34.209223084006226,116177,0.6174027561393391,0.486070439840824,20388,17092,0.838336276240926,116177,16654,0.14335023283438203,0.7238151269228773,0.20626520056177852,confirmed,True,adwin,complete,results/per_dataset_study/fixed_responses/runs/radar/adwin/radar__evaluation__splice__moderate__a1/confirmed_screened,,,,,
radar,splice,moderate,,3027246665.0,1.0,radar__evaluation,radar__evaluation__splice__moderate__a1,12,160315,26.698520125006326,116177,0.6401439183315114,0.5111346330725633,20388,20388,1.0,116177,0,0.0,0.7409458220138084,0.20063028808275957,confirmed,False,adwin,complete,results/per_dataset_study/fixed_responses/runs/radar/adwin/radar__evaluation__splice__moderate__a1/confirmed_unscreened,144753.0,160315.0,34200.0,True,7238.0
radar,splice,moderate,,3027246665.0,1.0,radar__evaluation,radar__evaluation__splice__moderate__a1,48,137515,13.973747290991014,116177,0.590641865429474,0.4358863729115087,20388,9255,0.45394349617422014,116177,49667,0.4275114695679868,0.6760049142600059,0.2904292124824444,immediate,True,adwin,complete,results/per_dataset_study/fixed_responses/runs/radar/adwin/radar__evaluation__splice__moderate__a1/immediate_screened,144753.0,76715.0,45600.0,False,7238.0
radar,splice,moderate,,3027246665.0,1.0,radar__evaluation,radar__evaluation__splice__moderate__a1,107,137515,13.0167092079937,116177,0.714194720125326,0.6386905194469256,20388,20388,1.0,116177,0,0.0,0.8296793618383486,0.21960744013975952,immediate,False,adwin,complete,results/per_dataset_study/fixed_responses/runs/radar/adwin/radar__evaluation__splice__moderate__a1/immediate_unscreened,144753.0,137515.0,101650.0,False,7238.0
radar,splice,moderate,,2843988057.0,2.0,radar__evaluation,radar__evaluation__splice__moderate__a2,12,166015,30.763829375006026,116127,0.6100045639687584,0.4824381072455982,20438,15597,0.7631372932772287,116127,21759,0.18737244568446615,0.7607921861030045,0.18776386152547142,confirmed,True,adwin,complete,results/per_dataset_study/fixed_responses/runs/radar/adwin/radar__evaluation__splice__moderate__a2/confirmed_screened,,,,,
radar,splice,moderate,,2843988057.0,2.0,radar__evaluation,radar__evaluation__splice__moderate__a2,14,164115,22.6407532079902,116127,0.6682769726247987,0.5709988102174177,20438,20438,1.0,116127,0,0.0,0.7856407834140252,0.21145862651280609,confirmed,False,adwin,complete,results/per_dataset_study/fixed_responses/runs/radar/adwin/radar__evaluation__splice__moderate__a2/confirmed_unscreened,144753.0,164115.0,39900.0,True,7238.0
radar,splice,moderate,,2843988057.0,2.0,radar__evaluation,radar__evaluation__splice__moderate__a2,46,137515,15.412924834003206,116127,0.5610409293273744,0.46847495049716265,20438,10306,0.5042567765926216,116127,48768,0.41995401586194425,0.6746908686043962,0.3422459893048128,immediate,True,adwin,complete,results/per_dataset_study/fixed_responses/runs/radar/adwin/radar__evaluation__splice__moderate__a2/immediate_screened,144753.0,78615.0,43465.0,False,7238.0
radar,splice,moderate,,2843988057.0,2.0,radar__evaluation,radar__evaluation__splice__moderate__a2,111,137515,12.914290749991778,116127,0.6715664746355283,0.6266072697388538,20438,20438,1.0,116127,0,0.0,0.7564061472022132,0.2896847734309035,immediate,False,adwin,complete,results/per_dataset_study/fixed_responses/runs/radar/adwin/radar__evaluation__splice__moderate__a2/immediate_unscreened,144753.0,137515.0,105215.0,False,7238.0
radar,splice,moderate,,3964723791.0,3.0,radar__evaluation,radar__evaluation__splice__moderate__a3,8,162215,30.926989875006257,116141,0.6214945626436831,0.4817212930423653,20424,17503,0.8569819819819819,116141,24629,0.2120612014706262,0.6516315455634647,0.16071398501305043,confirmed,True,adwin,complete,results/per_dataset_study/fixed_responses/runs/radar/adwin/radar__evaluation__splice__moderate__a3/confirmed_screened,,,,,
radar,splice,moderate,,3964723791.0,3.0,radar__evaluation,radar__evaluation__splice__moderate__a3,15,166015,25.285730958974455,116141,0.6354345149430434,0.5446727394493935,20424,20424,1.0,116141,0,0.0,0.6689865388681373,0.21406078976172435,confirmed,False,adwin,complete,results/per_dataset_study/fixed_responses/runs/radar/adwin/radar__evaluation__splice__moderate__a3/confirmed_unscreened,144753.0,166015.0,42750.0,True,7238.0
radar,splice,moderate,,3964723791.0,3.0,radar__evaluation,radar__evaluation__splice__moderate__a3,47,137515,14.92592166599934,116141,0.5945445622131719,0.46139724025831236,20424,11586,0.5672737955346651,116141,51012,0.43922473545087437,0.6349460849954189,0.2412056916729814,immediate,True,adwin,complete,results/per_dataset_study/fixed_responses/runs/radar/adwin/radar__evaluation__splice__moderate__a3/immediate_screened,144753.0,77665.0,44415.0,False,7238.0
radar,splice,moderate,,3964723791.0,3.0,radar__evaluation,radar__evaluation__splice__moderate__a3,103,137515,13.631317583989585,116141,0.6756614804418767,0.6190492992864673,20424,20424,1.0,116141,0,0.0,0.7508809641271408,0.2664982739749095,immediate,False,adwin,complete,results/per_dataset_study/fixed_responses/runs/radar/adwin/radar__evaluation__splice__moderate__a3/immediate_unscreened,144753.0,137515.0,97850.0,False,7238.0
radar,splice,moderate,,216158045.0,4.0,radar__evaluation,radar__evaluation__splice__moderate__a4,9,164115,30.514116125006694,116114,0.6569319806397161,0.5207777994727381,20451,15604,0.7629944745978192,116114,22703,0.19552336496890987,0.7154044750430293,0.14293101665115318,confirmed,True,adwin,complete,results/per_dataset_study/fixed_responses/runs/radar/adwin/radar__evaluation__splice__moderate__a4/confirmed_screened,,,,,
radar,splice,moderate,,216158045.0,4.0,radar__evaluation,radar__evaluation__splice__moderate__a4,14,164115,24.203600582986837,116114,0.658766384759805,0.5079726322691701,20451,20451,1.0,116114,0,0.0,0.7975387263339071,0.1746647360981832,confirmed,False,adwin,complete,results/per_dataset_study/fixed_responses/runs/radar/adwin/radar__evaluation__splice__moderate__a4/confirmed_unscreened,144753.0,164115.0,39900.0,False,7238.0
radar,splice,moderate,,216158045.0,4.0,radar__evaluation,radar__evaluation__splice__moderate__a4,47,137515,15.025290124991443,116114,0.6038203834162977,0.4472825474364533,20451,9454,0.46227568334066793,116114,51703,0.4452779165303064,0.6013253012048193,0.20057227565759989,immediate,True,adwin,complete,results/per_dataset_study/fixed_responses/runs/radar/adwin/radar__evaluation__splice__moderate__a4/immediate_screened,144753.0,74815.0,44415.0,False,7238.0
radar,splice,moderate,,216158045.0,4.0,radar__evaluation,radar__evaluation__splice__moderate__a4,109,137515,13.505197833001148,116114,0.7169505830476945,0.6537615742919316,20451,20451,1.0,116114,0,0.0,0.8131669535283993,0.2330816699417382,immediate,False,adwin,complete,results/per_dataset_study/fixed_responses/runs/radar/adwin/radar__evaluation__splice__moderate__a4/immediate_unscreened,144753.0,137515.0,103550.0,False,7238.0
radar,splice,severe,,1946032787.0,0.0,radar__evaluation,radar__evaluation__splice__severe__a0,9,164115,36.692629709024914,102359,0.6095213904004533,0.4588680658373993,34206,28396,0.8301467578787347,102359,21740,0.21238972635527897,0.6471280602636534,0.19041317167156452,confirmed,True,adwin,complete,results/per_dataset_study/fixed_responses/runs/radar/adwin/radar__evaluation__splice__severe__a0/confirmed_screened,,,,,
radar,splice,severe,,1946032787.0,0.0,radar__evaluation,radar__evaluation__splice__severe__a0,11,158415,27.829566125001293,102359,0.6397581062730194,0.5176305948815014,34206,34206,1.0,102359,0,0.0,0.7509023854362837,0.20981647626646946,confirmed,False,adwin,complete,results/per_dataset_study/fixed_responses/runs/radar/adwin/radar__evaluation__splice__severe__a0/confirmed_unscreened,144753.0,158415.0,31350.0,True,7238.0
radar,splice,severe,,1946032787.0,0.0,radar__evaluation,radar__evaluation__splice__severe__a0,51,137515,16.124524582992308,102359,0.56996453658203,0.46060103310787903,34206,18329,0.5358416652049348,102359,47773,0.46672007346691546,0.6867937853107344,0.27621976139968474,immediate,True,adwin,complete,results/per_dataset_study/fixed_responses/runs/radar/adwin/radar__evaluation__splice__severe__a0/immediate_screened,144753.0,73865.0,48450.0,False,7238.0
radar,splice,severe,,1946032787.0,0.0,radar__evaluation,radar__evaluation__splice__severe__a0,116,137515,13.84455275000073,102359,0.7062495725827724,0.6114944558546863,34206,34206,1.0,102359,0,0.0,0.8084981167608286,0.21503220909639376,immediate,False,adwin,complete,results/per_dataset_study/fixed_responses/runs/radar/adwin/radar__evaluation__splice__severe__a0/immediate_unscreened,144753.0,137515.0,110200.0,False,7238.0
radar,splice,severe,,2444082711.0,1.0,radar__evaluation,radar__evaluation__splice__severe__a1,10,166015,31.88224741598242,102317,0.6048848187495725,0.46024522148035535,34248,24745,0.722523943003971,102317,19947,0.19495294037159025,0.66335912428878,0.21421085319462774,confirmed,True,adwin,complete,results/per_dataset_study/fixed_responses/runs/radar/adwin/radar__evaluation__splice__severe__a1/confirmed_screened,,,,,
radar,splice,severe,,2444082711.0,1.0,radar__evaluation,radar__evaluation__splice__severe__a1,14,164115,26.86584812498768,102317,0.631693657945405,0.5006235212497372,34248,34248,1.0,102317,0,0.0,0.7078731321245053,0.21795668038195792,confirmed,False,adwin,complete,results/per_dataset_study/fixed_responses/runs/radar/adwin/radar__evaluation__splice__severe__a1/confirmed_unscreened,144753.0,164115.0,39900.0,False,7238.0
radar,splice,severe,,2444082711.0,1.0,radar__evaluation,radar__evaluation__splice__severe__a1,52,137515,15.227111915999558,102317,0.5312215956292698,0.4097003660422881,34248,18003,0.525665732305536,102317,45505,0.44474525249958463,0.655739964168291,0.3307002561912895,immediate,True,adwin,complete,results/per_dataset_study/fixed_responses/runs/radar/adwin/radar__evaluation__splice__severe__a1/immediate_screened,144753.0,75765.0,49165.0,False,7238.0
radar,splice,severe,,2444082711.0,1.0,radar__evaluation,radar__evaluation__splice__severe__a1,116,137515,14.406081250024727,102317,0.6792419637010467,0.5791857581925048,34248,34248,1.0,102317,0,0.0,0.7429567066328038,0.2236433506715317,immediate,False,adwin,complete,results/per_dataset_study/fixed_responses/runs/radar/adwin/radar__evaluation__splice__severe__a1/immediate_unscreened,144753.0,137515.0,110200.0,False,7238.0
radar,splice,severe,,1638213230.0,2.0,radar__evaluation,radar__evaluation__splice__severe__a2,11,169815,31.130353916989407,102366,0.5869820057440948,0.41906766733480905,34199,26721,0.7813386356326208,102366,20072,0.19608072992985953,0.6850795263589824,0.22583417988591076,confirmed,True,adwin,complete,results/per_dataset_study/fixed_responses/runs/radar/adwin/radar__evaluation__splice__severe__a2/confirmed_screened,,,,,
radar,splice,severe,,1638213230.0,2.0,radar__evaluation,radar__evaluation__splice__severe__a2,12,160315,23.762958042003447,102366,0.6831565168122228,0.5320136538324232,34199,34199,1.0,102366,0,0.0,0.7719332525694634,0.13012815503633665,confirmed,False,adwin,complete,results/per_dataset_study/fixed_responses/runs/radar/adwin/radar__evaluation__splice__severe__a2/confirmed_unscreened,144753.0,160315.0,34200.0,False,7238.0
radar,splice,severe,,1638213230.0,2.0,radar__evaluation,radar__evaluation__splice__severe__a2,52,137515,14.952322291996097,102366,0.5755817361233222,0.417280432618689,34199,17700,0.5175589929530103,102366,47151,0.4606119219272024,0.6946734925163156,0.30008986481206534,immediate,True,adwin,complete,results/per_dataset_study/fixed_responses/runs/radar/adwin/radar__evaluation__splice__severe__a2/immediate_screened,144753.0,73865.0,49165.0,False,7238.0
radar,splice,severe,,1638213230.0,2.0,radar__evaluation,radar__evaluation__splice__severe__a2,120,137515,13.823942542017903,102366,0.630092022741926,0.5611403068551639,34199,34199,1.0,102366,0,0.0,0.7776583688303568,0.3223411737125889,immediate,False,adwin,complete,results/per_dataset_study/fixed_responses/runs/radar/adwin/radar__evaluation__splice__severe__a2/immediate_unscreened,144753.0,137515.0,114000.0,False,7238.0
radar,splice,severe,,2515960843.0,3.0,radar__evaluation,radar__evaluation__splice__severe__a3,9,162215,31.62176858301973,102359,0.628542678220772,0.4589149291688004,34206,26306,0.7690463661345963,102359,19650,0.1919713947967448,0.6574948583295062,0.1555338765828838,confirmed,True,adwin,complete,results/per_dataset_study/fixed_responses/runs/radar/adwin/radar__evaluation__splice__severe__a3/confirmed_screened,,,,,
radar,splice,severe,,2515960843.0,3.0,radar__evaluation,radar__evaluation__splice__severe__a3,14,164115,24.68713750000461,102359,0.6032884260299534,0.4616293728005808,34206,34206,1.0,102359,0,0.0,0.6400431301291907,0.22604154711350855,confirmed,False,adwin,complete,results/per_dataset_study/fixed_responses/runs/radar/adwin/radar__evaluation__splice__severe__a3/confirmed_unscreened,144753.0,164115.0,39900.0,False,7238.0
radar,splice,severe,,2515960843.0,3.0,radar__evaluation,radar__evaluation__splice__severe__a3,53,137515,15.003508291993057,102359,0.5554079270020222,0.4273502943978561,34206,17659,0.5162544582821728,102359,38553,0.376644945730224,0.6295601126175595,0.30863843299284593,immediate,True,adwin,complete,results/per_dataset_study/fixed_responses/runs/radar/adwin/radar__evaluation__splice__severe__a3/immediate_screened,144753.0,82415.0,50115.0,False,7238.0
radar,splice,severe,,2515960843.0,3.0,radar__evaluation,radar__evaluation__splice__severe__a3,113,137515,13.709922999987612,102359,0.6936566398655711,0.6208943339155791,34206,34206,1.0,102359,0,0.0,0.7868652782492362,0.24033054057155973,immediate,False,adwin,complete,results/per_dataset_study/fixed_responses/runs/radar/adwin/radar__evaluation__splice__severe__a3/immediate_unscreened,144753.0,137515.0,107350.0,False,7238.0
radar,splice,severe,,2498603841.0,4.0,radar__evaluation,radar__evaluation__splice__severe__a4,9,162215,29.401933333982015,102399,0.6142052168478208,0.4216356230134596,34166,28249,0.8268161329977171,102399,17833,0.17415209132901688,0.6428515116874927,0.15601711155417045,confirmed,True,adwin,complete,results/per_dataset_study/fixed_responses/runs/radar/adwin/radar__evaluation__splice__severe__a4/confirmed_screened,,,,,
radar,splice,severe,,2498603841.0,4.0,radar__evaluation,radar__evaluation__splice__severe__a4,13,162215,26.566630916000577,102399,0.6381214660299417,0.4949144518742338,34166,34166,1.0,102399,0,0.0,0.6857582088375577,0.20313195640812218,confirmed,False,adwin,complete,results/per_dataset_study/fixed_responses/runs/radar/adwin/radar__evaluation__splice__severe__a4/confirmed_unscreened,144753.0,162215.0,37050.0,False,7238.0
radar,splice,severe,,2498603841.0,4.0,radar__evaluation,radar__evaluation__splice__severe__a4,52,137515,15.561149707995355,102399,0.6088243049248527,0.4457675553220258,34166,18797,0.5501668325235615,102399,47331,0.46222131075498785,0.6902518822184556,0.20349973868101662,immediate,True,adwin,complete,results/per_dataset_study/fixed_responses/runs/radar/adwin/radar__evaluation__splice__severe__a4/immediate_screened,144753.0,74815.0,49400.0,False,7238.0
radar,splice,severe,,2498603841.0,4.0,radar__evaluation,radar__evaluation__splice__severe__a4,113,137515,14.224739375000354,102399,0.6624478754675338,0.5849850994732502,34166,34166,1.0,102399,0,0.0,0.792620915290315,0.2656549428001781,immediate,False,adwin,complete,results/per_dataset_study/fixed_responses/runs/radar/adwin/radar__evaluation__splice__severe__a4/immediate_unscreened,144753.0,137515.0,107350.0,False,7238.0
radar,clean,none,,,,radar__evaluation,radar__evaluation__clean__none__aNone,0,141315,49.154395458012004,136565,0.6774136857906491,0.4811846772472663,0,0,,136565,20900,0.15304067660088602,0.8459849712686017,0.09607686148919135,confirmed,True,d3_oof,complete,results/per_dataset_study/fixed_responses/runs/radar/d3_oof/radar__evaluation__clean__none__aNone/confirmed_screened,,,,,
radar,clean,none,,,,radar__evaluation,radar__evaluation__clean__none__aNone,3,143215,25.999480124999536,136565,0.6177131768754806,0.411574992255715,0,0,,136565,0,0.0,0.6930160601149256,0.16726108159254677,confirmed,False,d3_oof,complete,results/per_dataset_study/fixed_responses/runs/radar/d3_oof/radar__evaluation__clean__none__aNone/confirmed_unscreened,144753.0,143215.0,8550.0,False,7238.0
radar,clean,none,,,,radar__evaluation,radar__evaluation__clean__none__aNone,2,137515,35.11037562502315,136565,0.6370519532823198,0.4850334993969757,0,0,,136565,21850,0.15999707099183538,0.7340798585531163,0.15513501710459277,immediate,True,d3_oof,complete,results/per_dataset_study/fixed_responses/runs/radar/d3_oof/radar__evaluation__clean__none__aNone/immediate_screened,144753.0,115665.0,1900.0,False,7238.0
radar,clean,none,,,,radar__evaluation,radar__evaluation__clean__none__aNone,6,137515,18.933015582995722,136565,0.6575916230366492,0.5201241326271426,0,0,,136565,0,0.0,0.6922056873434507,0.1885435621224252,immediate,False,d3_oof,complete,results/per_dataset_study/fixed_responses/runs/radar/d3_oof/radar__evaluation__clean__none__aNone/immediate_unscreened,144753.0,137515.0,5700.0,False,7238.0
radar,concept,moderate,,3910140397.0,0.0,radar__evaluation,radar__evaluation__concept__moderate__a0,0,137515,72.26241208300053,116083,0.6594677945952465,0.48768603087899737,20482,19471,0.9506395859779319,116083,5639,0.0485773110619126,0.7992545351958555,0.11740398638794361,confirmed,True,d3_oof,complete,results/per_dataset_study/fixed_responses/runs/radar/d3_oof/radar__evaluation__concept__moderate__a0/confirmed_screened,,,,,
radar,concept,moderate,,3910140397.0,0.0,radar__evaluation,radar__evaluation__concept__moderate__a0,0,137515,49.57512512500398,116083,0.6678324991600837,0.5068639434913909,20482,20482,1.0,116083,0,0.0,0.8307487133893002,0.12686644905896244,confirmed,False,d3_oof,complete,results/per_dataset_study/fixed_responses/runs/radar/d3_oof/radar__evaluation__concept__moderate__a0/confirmed_unscreened,144753.0,137515.0,0.0,False,7238.0
radar,concept,moderate,,3910140397.0,0.0,radar__evaluation,radar__evaluation__concept__moderate__a0,3,137515,55.45829620902077,116083,0.6495869334872462,0.5038887336099964,20482,17125,0.8360999902353285,116083,20393,0.17567602491320866,0.7797972198950194,0.16266754635738592,immediate,True,d3_oof,complete,results/per_dataset_study/fixed_responses/runs/radar/d3_oof/radar__evaluation__concept__moderate__a0/immediate_screened,144753.0,113765.0,2850.0,False,7238.0
radar,concept,moderate,,3910140397.0,0.0,radar__evaluation,radar__evaluation__concept__moderate__a0,6,137515,46.140537416998995,116083,0.6340463289198246,0.5023685430485234,20482,20482,1.0,116083,0,0.0,0.7844820216458358,0.2311445239252726,immediate,False,d3_oof,complete,results/per_dataset_study/fixed_responses/runs/radar/d3_oof/radar__evaluation__concept__moderate__a0/immediate_unscreened,144753.0,137515.0,5700.0,False,7238.0
radar,concept,moderate,,4018716551.0,1.0,radar__evaluation,radar__evaluation__concept__moderate__a1,3,143215,62.53320299999905,116159,0.6807995936604138,0.5426015176907715,20406,15991,0.7836420660590022,116159,18385,0.15827443418073503,0.7936100664300024,0.1480500194069899,confirmed,True,d3_oof,complete,results/per_dataset_study/fixed_responses/runs/radar/d3_oof/radar__evaluation__concept__moderate__a1/confirmed_screened,,,,,
radar,concept,moderate,,4018716551.0,1.0,radar__evaluation,radar__evaluation__concept__moderate__a1,2,141315,47.06112712499453,116159,0.6957446259007051,0.5214247930234592,20406,20406,1.0,116159,0,0.0,0.8109029559593688,0.1060296673810689,confirmed,False,d3_oof,complete,results/per_dataset_study/fixed_responses/runs/radar/d3_oof/radar__evaluation__concept__moderate__a1/confirmed_unscreened,144753.0,141315.0,5700.0,False,7238.0
radar,concept,moderate,,4018716551.0,1.0,radar__evaluation,radar__evaluation__concept__moderate__a1,3,137515,57.837911167007405,116159,0.6563675651477716,0.49595227476029935,20406,16676,0.8172106243261785,116159,18120,0.15599307845281038,0.80513865944958,0.13574767538012386,immediate,True,d3_oof,complete,results/per_dataset_study/fixed_responses/runs/radar/d3_oof/radar__evaluation__concept__moderate__a1/immediate_screened,144753.0,115665.0,2850.0,False,7238.0
radar,concept,moderate,,4018716551.0,1.0,radar__evaluation,radar__evaluation__concept__moderate__a1,6,137515,46.658815333998064,116159,0.6385385549118019,0.5274544434865791,20406,20406,1.0,116159,0,0.0,0.8668939580331095,0.25818046813034745,immediate,False,d3_oof,complete,results/per_dataset_study/fixed_responses/runs/radar/d3_oof/radar__evaluation__concept__moderate__a1/immediate_unscreened,144753.0,137515.0,5700.0,False,7238.0
radar,concept,moderate,,1880718146.0,2.0,radar__evaluation,radar__evaluation__concept__moderate__a2,1,141315,71.73041345900856,116167,0.6555304001997125,0.4770872860105421,20398,17056,0.8361604078831258,116167,14708,0.1266108275155595,0.7964213891610374,0.12737118024418845,confirmed,True,d3_oof,complete,results/per_dataset_study/fixed_responses/runs/radar/d3_oof/radar__evaluation__concept__moderate__a2/confirmed_screened,,,,,
radar,concept,moderate,,1880718146.0,2.0,radar__evaluation,radar__evaluation__concept__moderate__a2,4,145115,47.42752704198938,116167,0.6657484483545241,0.5406449322830755,20398,20398,1.0,116167,0,0.0,0.7905601677581258,0.18902186659308823,confirmed,False,d3_oof,complete,results/per_dataset_study/fixed_responses/runs/radar/d3_oof/radar__evaluation__concept__moderate__a2/confirmed_unscreened,144753.0,145115.0,11400.0,False,7238.0
radar,concept,moderate,,1880718146.0,2.0,radar__evaluation,radar__evaluation__concept__moderate__a2,1,137515,64.19932854099898,116167,0.6538345657544742,0.49532195951304947,20398,16476,0.8077262476713404,116167,16028,0.13797377912832387,0.7465064714072088,0.11845554252603988,immediate,True,d3_oof,complete,results/per_dataset_study/fixed_responses/runs/radar/d3_oof/radar__evaluation__concept__moderate__a2/immediate_screened,144753.0,117565.0,950.0,False,7238.0
radar,concept,moderate,,1880718146.0,2.0,radar__evaluation,radar__evaluation__concept__moderate__a2,6,137515,42.31400612500147,116167,0.6580440228292028,0.5037373730802825,20398,20398,1.0,116167,0,0.0,0.6750717612884374,0.16130923639373662,immediate,False,d3_oof,complete,results/per_dataset_study/fixed_responses/runs/radar/d3_oof/radar__evaluation__concept__moderate__a2/immediate_unscreened,144753.0,137515.0,5700.0,False,7238.0
radar,concept,moderate,,510794814.0,3.0,radar__evaluation,radar__evaluation__concept__moderate__a3,3,145115,59.38305716600735,116161,0.6215339055276728,0.4277132847368976,20404,16515,0.8094001176239953,116161,13211,0.11373008152478026,0.7162549955106424,0.14422169811320754,confirmed,True,d3_oof,complete,results/per_dataset_study/fixed_responses/runs/radar/d3_oof/radar__evaluation__concept__moderate__a3/confirmed_screened,,,,,
radar,concept,moderate,,510794814.0,3.0,radar__evaluation,radar__evaluation__concept__moderate__a3,2,141315,45.2047891249822,116161,0.6350238031697385,0.4401600979985551,20404,20404,1.0,116161,0,0.0,0.7617295470150174,0.1508254716981132,confirmed,False,d3_oof,complete,results/per_dataset_study/fixed_responses/runs/radar/d3_oof/radar__evaluation__concept__moderate__a3/confirmed_unscreened,144753.0,141315.0,5700.0,False,7238.0
radar,concept,moderate,,510794814.0,3.0,radar__evaluation,radar__evaluation__concept__moderate__a3,4,137515,58.65693458399619,116161,0.6184519761365691,0.48253349331935874,20404,15563,0.762742599490296,116161,19859,0.1709609937930975,0.7918874667699513,0.24845013477088948,immediate,True,d3_oof,complete,results/per_dataset_study/fixed_responses/runs/radar/d3_oof/radar__evaluation__concept__moderate__a3/immediate_screened,144753.0,112815.0,3800.0,False,7238.0
radar,concept,moderate,,510794814.0,3.0,radar__evaluation,radar__evaluation__concept__moderate__a3,6,137515,50.036841207998805,116161,0.6471276934599393,0.5084513320273749,20404,20404,1.0,116161,0,0.0,0.7581556662734811,0.18721361185983829,immediate,False,d3_oof,complete,results/per_dataset_study/fixed_responses/runs/radar/d3_oof/radar__evaluation__concept__moderate__a3/immediate_unscreened,144753.0,137515.0,5700.0,False,7238.0
radar,concept,moderate,,342140863.0,4.0,radar__evaluation,radar__evaluation__concept__moderate__a4,1,139415,60.99397045801743,116087,0.690008355802114,0.5753267366521545,20478,16576,0.8094540482468991,116087,21748,0.18734225193174084,0.7729907751247627,0.13808463251670378,confirmed,True,d3_oof,complete,results/per_dataset_study/fixed_responses/runs/radar/d3_oof/radar__evaluation__concept__moderate__a4/confirmed_screened,,,,,
radar,concept,moderate,,342140863.0,4.0,radar__evaluation,radar__evaluation__concept__moderate__a4,1,139415,47.935082624986535,116087,0.6715739057775634,0.5435103991095418,20478,20478,1.0,116087,0,0.0,0.7675297834086671,0.15367483296213807,confirmed,False,d3_oof,complete,results/per_dataset_study/fixed_responses/runs/radar/d3_oof/radar__evaluation__concept__moderate__a4/confirmed_unscreened,144753.0,139415.0,2850.0,False,7238.0
radar,concept,moderate,,342140863.0,4.0,radar__evaluation,radar__evaluation__concept__moderate__a4,5,137515,55.461450292001246,116087,0.6101458388966895,0.5020175427204076,20478,15903,0.7765895106944037,116087,25825,0.2224624634972047,0.7653453867222287,0.22627001802948352,immediate,True,d3_oof,complete,results/per_dataset_study/fixed_responses/runs/radar/d3_oof/radar__evaluation__concept__moderate__a4/immediate_screened,144753.0,107115.0,4750.0,False,7238.0
radar,concept,moderate,,342140863.0,4.0,radar__evaluation,radar__evaluation__concept__moderate__a4,6,137515,45.37406975001795,116087,0.6777761506456365,0.56195578867992,20478,20478,1.0,116087,0,0.0,0.8253490833935443,0.1630607699650016,immediate,False,d3_oof,complete,results/per_dataset_study/fixed_responses/runs/radar/d3_oof/radar__evaluation__concept__moderate__a4/immediate_unscreened,144753.0,137515.0,5700.0,False,7238.0
radar,concept,severe,,1008509576.0,0.0,radar__evaluation,radar__evaluation__concept__severe__a0,3,143215,64.7278169170022,102341,0.6419714483931172,0.4814846598631028,34224,29647,0.866263440860215,102341,11573,0.11308273321542686,0.6671836829656055,0.13072513444831865,confirmed,True,d3_oof,complete,results/per_dataset_study/fixed_responses/runs/radar/d3_oof/radar__evaluation__concept__severe__a0/confirmed_screened,,,,,
radar,concept,severe,,1008509576.0,0.0,radar__evaluation,radar__evaluation__concept__severe__a0,4,145115,47.03952966601355,102341,0.6040882930594776,0.42478448511058226,34224,34224,1.0,102341,0,0.0,0.7249990305944395,0.16571124638023757,confirmed,False,d3_oof,complete,results/per_dataset_study/fixed_responses/runs/radar/d3_oof/radar__evaluation__concept__severe__a0/confirmed_unscreened,144753.0,145115.0,11400.0,False,7238.0
radar,concept,severe,,1008509576.0,0.0,radar__evaluation,radar__evaluation__concept__severe__a0,1,137515,62.2013332080096,102341,0.62127593046775,0.4260670169748905,34224,29340,0.8572931276297335,102341,16016,0.15649641883507098,0.7547597813021055,0.12188010952859366,immediate,True,d3_oof,complete,results/per_dataset_study/fixed_responses/runs/radar/d3_oof/radar__evaluation__concept__severe__a0/immediate_screened,144753.0,116615.0,950.0,False,7238.0
radar,concept,severe,,1008509576.0,0.0,radar__evaluation,radar__evaluation__concept__severe__a0,4,137515,44.44933762497385,102341,0.6690573670376486,0.5306350597110803,34224,34224,1.0,102341,0,0.0,0.7107681569661484,0.15505387782439967,immediate,False,d3_oof,complete,results/per_dataset_study/fixed_responses/runs/radar/d3_oof/radar__evaluation__concept__severe__a0/immediate_unscreened,144753.0,137515.0,3800.0,False,7238.0
radar,concept,severe,,1163742248.0,1.0,radar__evaluation,radar__evaluation__concept__severe__a1,2,143215,65.90367875000811,102426,0.6464081385585692,0.5273139208091489,34139,29917,0.8763291250475995,102426,13828,0.13500478394157733,0.7691144880260959,0.19378715244487058,confirmed,True,d3_oof,complete,results/per_dataset_study/fixed_responses/runs/radar/d3_oof/radar__evaluation__concept__severe__a1/confirmed_screened,,,,,
radar,concept,severe,,1163742248.0,1.0,radar__evaluation,radar__evaluation__concept__severe__a1,5,147015,49.51122824999038,102426,0.663064065764552,0.5204774456231467,34139,34139,1.0,102426,0,0.0,0.7879505131673165,0.1634515819750719,confirmed,False,d3_oof,complete,results/per_dataset_study/fixed_responses/runs/radar/d3_oof/radar__evaluation__concept__severe__a1/confirmed_unscreened,144753.0,147015.0,14250.0,False,7238.0
radar,concept,severe,,1163742248.0,1.0,radar__evaluation,radar__evaluation__concept__severe__a1,3,137515,59.835177542001475,102426,0.6476675844023978,0.4887093812404907,34139,28511,0.8351445560795571,102426,20972,0.20475269950989006,0.7624114885830218,0.14974113135186962,immediate,True,d3_oof,complete,results/per_dataset_study/fixed_responses/runs/radar/d3_oof/radar__evaluation__concept__severe__a1/immediate_screened,144753.0,110915.0,2850.0,False,7238.0
radar,concept,severe,,1163742248.0,1.0,radar__evaluation,radar__evaluation__concept__severe__a1,4,137515,48.872486999985995,102426,0.6402378302384161,0.42731900343674445,34139,34139,1.0,102426,0,0.0,0.7626103906436471,0.17769894534995206,immediate,False,d3_oof,complete,results/per_dataset_study/fixed_responses/runs/radar/d3_oof/radar__evaluation__concept__severe__a1/immediate_unscreened,144753.0,137515.0,3800.0,False,7238.0
radar,concept,severe,,3789935020.0,2.0,radar__evaluation,radar__evaluation__concept__severe__a2,2,141315,65.27153645799262,102403,0.620802124937746,0.4354864172317967,34162,30183,0.8835255547099116,102403,13121,0.12813101178676406,0.6581763527054109,0.12913547797268726,confirmed,True,d3_oof,complete,results/per_dataset_study/fixed_responses/runs/radar/d3_oof/radar__evaluation__concept__severe__a2/confirmed_screened,,,,,
radar,concept,severe,,3789935020.0,2.0,radar__evaluation,radar__evaluation__concept__severe__a2,2,141315,46.659308000002056,102403,0.645010400085935,0.46736697359990165,34162,34162,1.0,102403,0,0.0,0.7498396793587174,0.12225968039921528,confirmed,False,d3_oof,complete,results/per_dataset_study/fixed_responses/runs/radar/d3_oof/radar__evaluation__concept__severe__a2/confirmed_unscreened,144753.0,141315.0,5700.0,False,7238.0
radar,concept,severe,,3789935020.0,2.0,radar__evaluation,radar__evaluation__concept__severe__a2,1,137515,65.36184541598777,102403,0.666064470767458,0.5105366592144434,34162,29384,0.8601369943211756,102403,19922,0.19454508168705995,0.8032064128256513,0.1465440070091233,immediate,True,d3_oof,complete,results/per_dataset_study/fixed_responses/runs/radar/d3_oof/radar__evaluation__concept__severe__a2/immediate_screened,144753.0,112815.0,950.0,False,7238.0
radar,concept,severe,,3789935020.0,2.0,radar__evaluation,radar__evaluation__concept__severe__a2,2,137515,44.96606591701857,102403,0.6434088845053367,0.46529948864226317,34162,34162,1.0,102403,0,0.0,0.7498396793587174,0.12538331142982306,immediate,False,d3_oof,complete,results/per_dataset_study/fixed_responses/runs/radar/d3_oof/radar__evaluation__concept__severe__a2/immediate_unscreened,144753.0,137515.0,1900.0,False,7238.0
radar,concept,severe,,3335947267.0,3.0,radar__evaluation,radar__evaluation__concept__severe__a3,1,141315,64.66283245800878,102355,0.6518978066533144,0.5307377999837757,34210,29191,0.8532885121309559,102355,13031,0.127311806946412,0.7849004751999084,0.14212507006165426,confirmed,True,d3_oof,complete,results/per_dataset_study/fixed_responses/runs/radar/d3_oof/radar__evaluation__concept__severe__a3/confirmed_screened,,,,,
radar,concept,severe,,3335947267.0,3.0,radar__evaluation,radar__evaluation__concept__severe__a3,2,141315,46.34009066701401,102355,0.6228029895950369,0.448626720159794,34210,34210,1.0,102355,0,0.0,0.797896906429512,0.15976058931860038,confirmed,False,d3_oof,complete,results/per_dataset_study/fixed_responses/runs/radar/d3_oof/radar__evaluation__concept__severe__a3/confirmed_unscreened,144753.0,141315.0,5700.0,False,7238.0
radar,concept,severe,,3335947267.0,3.0,radar__evaluation,radar__evaluation__concept__severe__a3,3,137515,60.64893770799972,102355,0.6222265644081872,0.4704727180493661,34210,29399,0.8593686056708565,102355,16089,0.15718821747838405,0.7995190747915036,0.19793418208023061,immediate,True,d3_oof,complete,results/per_dataset_study/fixed_responses/runs/radar/d3_oof/radar__evaluation__concept__severe__a3/immediate_screened,144753.0,116615.0,2850.0,False,7238.0
radar,concept,severe,,3335947267.0,3.0,radar__evaluation,radar__evaluation__concept__severe__a3,4,137515,45.169664957997156,102355,0.611215866347516,0.46958474616119983,34210,34210,1.0,102355,0,0.0,0.6472833451020058,0.17565457602690368,immediate,False,d3_oof,complete,results/per_dataset_study/fixed_responses/runs/radar/d3_oof/radar__evaluation__concept__severe__a3/immediate_unscreened,144753.0,137515.0,3800.0,False,7238.0
radar,concept,severe,,948131781.0,4.0,radar__evaluation,radar__evaluation__concept__severe__a4,3,143215,60.98334591698949,102372,0.6355253389598718,0.44777822890814184,34193,28965,0.8471032082590004,102372,15672,0.15308873520103153,0.7736917391822625,0.13515123563549714,confirmed,True,d3_oof,complete,results/per_dataset_study/fixed_responses/runs/radar/d3_oof/radar__evaluation__concept__severe__a4/confirmed_screened,,,,,
radar,concept,severe,,948131781.0,4.0,radar__evaluation,radar__evaluation__concept__severe__a4,2,141315,47.24483220800175,102372,0.6766010237174227,0.5501659674976447,34193,34193,1.0,102372,0,0.0,0.8427702944331863,0.1795034397939967,confirmed,False,d3_oof,complete,results/per_dataset_study/fixed_responses/runs/radar/d3_oof/radar__evaluation__concept__severe__a4/confirmed_unscreened,144753.0,141315.0,5700.0,False,7238.0
radar,concept,severe,,948131781.0,4.0,radar__evaluation,radar__evaluation__concept__severe__a4,1,137515,61.91819945900352,102372,0.6620560309459618,0.49585438287463507,34193,30044,0.8786593747258211,102372,17701,0.17290860782245146,0.8123932133349228,0.13599677158999193,immediate,True,d3_oof,complete,results/per_dataset_study/fixed_responses/runs/radar/d3_oof/radar__evaluation__concept__severe__a4/immediate_screened,144753.0,115665.0,950.0,False,7238.0
radar,concept,severe,,948131781.0,4.0,radar__evaluation,radar__evaluation__concept__severe__a4,4,137515,49.96180537500186,102372,0.6464755987965459,0.45038916649920746,34193,34193,1.0,102372,0,0.0,0.7003615846147733,0.15882624236135132,immediate,False,d3_oof,complete,results/per_dataset_study/fixed_responses/runs/radar/d3_oof/radar__evaluation__concept__severe__a4/immediate_unscreened,144753.0,137515.0,3800.0,False,7238.0
radar,instance,moderate,,3687513746.0,0.0,radar__evaluation,radar__evaluation__instance__moderate__a0,5,147015,36.063805458994466,136565,0.6216087577344122,0.46366272889841076,20653,16809,0.8138769186074662,115912,21806,0.18812547449789496,0.6640783851480772,0.14557100225635053,confirmed,True,d3_oof,complete,results/per_dataset_study/fixed_responses/runs/radar/d3_oof/radar__evaluation__instance__moderate__a0/confirmed_screened,,,,,
radar,instance,moderate,,3687513746.0,0.0,radar__evaluation,radar__evaluation__instance__moderate__a0,2,141315,31.555535291990964,136565,0.5687914180060777,0.39934097012500525,20653,20653,1.0,115912,0,0.0,0.6414174156475615,0.18567581337797512,confirmed,False,d3_oof,complete,results/per_dataset_study/fixed_responses/runs/radar/d3_oof/radar__evaluation__instance__moderate__a0/confirmed_unscreened,144753.0,141315.0,5700.0,False,7238.0
radar,instance,moderate,,3687513746.0,0.0,radar__evaluation,radar__evaluation__instance__moderate__a0,2,137515,36.23322833300335,136565,0.6073884230952293,0.43529729368578307,20653,16068,0.7779983537500605,115912,25815,0.22271205742287253,0.6183733608368941,0.12722905597205036,immediate,True,d3_oof,complete,results/per_dataset_study/fixed_responses/runs/radar/d3_oof/radar__evaluation__instance__moderate__a0/immediate_screened,144753.0,107115.0,1900.0,False,7238.0
radar,instance,moderate,,3687513746.0,0.0,radar__evaluation,radar__evaluation__instance__moderate__a0,6,137515,27.78027524999925,136565,0.6000219675612346,0.4568753930152737,20653,20653,1.0,115912,0,0.0,0.6408722557831148,0.18764102190843585,immediate,False,d3_oof,complete,results/per_dataset_study/fixed_responses/runs/radar/d3_oof/radar__evaluation__instance__moderate__a0/immediate_unscreened,144753.0,137515.0,5700.0,False,7238.0
radar,instance,moderate,,2388385389.0,1.0,radar__evaluation,radar__evaluation__instance__moderate__a1,2,141315,40.49261125001067,136565,0.5882180646578552,0.4137865590210059,20598,16293,0.7909991261287503,115967,24195,0.20863693981908646,0.6422572565198172,0.1767959822403377,confirmed,True,d3_oof,complete,results/per_dataset_study/fixed_responses/runs/radar/d3_oof/radar__evaluation__instance__moderate__a1/confirmed_screened,,,,,
radar,instance,moderate,,2388385389.0,1.0,radar__evaluation,radar__evaluation__instance__moderate__a1,4,145115,33.2918270000082,136565,0.5962728371105335,0.4317417841145458,20598,20598,1.0,115967,0,0.0,0.5755414763518492,0.16774146589999273,confirmed,False,d3_oof,complete,results/per_dataset_study/fixed_responses/runs/radar/d3_oof/radar__evaluation__instance__moderate__a1/confirmed_unscreened,144753.0,145115.0,11400.0,False,7238.0
radar,instance,moderate,,2388385389.0,1.0,radar__evaluation,radar__evaluation__instance__moderate__a1,4,137515,31.149717583000893,136565,0.5722110350382602,0.3974602873438454,20598,17314,0.8405670453442082,115967,18566,0.1600972690506782,0.5228819802563724,0.15175776985224543,immediate,True,d3_oof,complete,results/per_dataset_study/fixed_responses/runs/radar/d3_oof/radar__evaluation__instance__moderate__a1/immediate_screened,144753.0,115665.0,3800.0,False,7238.0
radar,instance,moderate,,2388385389.0,1.0,radar__evaluation,radar__evaluation__instance__moderate__a1,6,137515,27.2480452079908,136565,0.6012008933474902,0.44717547853369827,20598,20598,1.0,115967,0,0.0,0.5688522174745838,0.16421864764538904,immediate,False,d3_oof,complete,results/per_dataset_study/fixed_responses/runs/radar/d3_oof/radar__evaluation__instance__moderate__a1/immediate_unscreened,144753.0,137515.0,5700.0,False,7238.0
radar,instance,moderate,,58124341.0,2.0,radar__evaluation,radar__evaluation__instance__moderate__a2,2,141315,44.31318149999424,136565,0.6088163145754769,0.4363065881643595,20657,18655,0.9030837004405287,115908,11298,0.0974738585774925,0.7065713864741417,0.16714462479074169,confirmed,True,d3_oof,complete,results/per_dataset_study/fixed_responses/runs/radar/d3_oof/radar__evaluation__instance__moderate__a2/confirmed_screened,,,,,
radar,instance,moderate,,58124341.0,2.0,radar__evaluation,radar__evaluation__instance__moderate__a2,4,145115,29.034142250020523,136565,0.5650862226778457,0.3811463698182723,20657,20657,1.0,115908,0,0.0,0.5162369235302785,0.19957784409345658,confirmed,False,d3_oof,complete,results/per_dataset_study/fixed_responses/runs/radar/d3_oof/radar__evaluation__instance__moderate__a2/confirmed_unscreened,144753.0,145115.0,11400.0,False,7238.0
radar,instance,moderate,,58124341.0,2.0,radar__evaluation,radar__evaluation__instance__moderate__a2,4,137515,30.7265694590169,136565,0.5934756343133306,0.3977213496799664,20657,17370,0.8408771844895193,115908,18563,0.1601528798702419,0.6195078827169589,0.12463789213188733,immediate,True,d3_oof,complete,results/per_dataset_study/fixed_responses/runs/radar/d3_oof/radar__evaluation__instance__moderate__a2/immediate_screened,144753.0,115665.0,3800.0,False,7238.0
radar,instance,moderate,,58124341.0,2.0,radar__evaluation,radar__evaluation__instance__moderate__a2,6,137515,26.709783250000328,136565,0.5737926994471497,0.4006953073678634,20657,20657,1.0,115908,0,0.0,0.5654044496832179,0.20115001091782517,immediate,False,d3_oof,complete,results/per_dataset_study/fixed_responses/runs/radar/d3_oof/radar__evaluation__instance__moderate__a2/immediate_unscreened,144753.0,137515.0,5700.0,False,7238.0
radar,instance,moderate,,3627463518.0,3.0,radar__evaluation,radar__evaluation__instance__moderate__a3,2,143215,38.634514791017864,136565,0.5979350492439498,0.4524980054419192,20625,17277,0.8376727272727272,115940,18502,0.15958254269449715,0.7455134816561073,0.20474561467355704,confirmed,True,d3_oof,complete,results/per_dataset_study/fixed_responses/runs/radar/d3_oof/radar__evaluation__instance__moderate__a3/confirmed_screened,,,,,
radar,instance,moderate,,3627463518.0,3.0,radar__evaluation,radar__evaluation__instance__moderate__a3,5,147015,29.538708792009857,136565,0.5745029839270677,0.4097525320879804,20625,20625,1.0,115940,0,0.0,0.5429350228377781,0.1840890894533809,confirmed,False,d3_oof,complete,results/per_dataset_study/fixed_responses/runs/radar/d3_oof/radar__evaluation__instance__moderate__a3/confirmed_unscreened,144753.0,147015.0,14250.0,False,7238.0
radar,instance,moderate,,3627463518.0,3.0,radar__evaluation,radar__evaluation__instance__moderate__a3,3,137515,35.44501591700828,136565,0.58814483945374,0.4424810486775578,20625,17013,0.8248727272727273,115940,20138,0.17369328963256858,0.5726241343745395,0.1919062522745469,immediate,True,d3_oof,complete,results/per_dataset_study/fixed_responses/runs/radar/d3_oof/radar__evaluation__instance__moderate__a3/immediate_screened,144753.0,113765.0,2850.0,False,7238.0
radar,instance,moderate,,3627463518.0,3.0,radar__evaluation,radar__evaluation__instance__moderate__a3,6,137515,26.750071791990194,136565,0.6116647750155604,0.46930683001568874,20625,20625,1.0,115940,0,0.0,0.5721526447620451,0.1692262901230075,immediate,False,d3_oof,complete,results/per_dataset_study/fixed_responses/runs/radar/d3_oof/radar__evaluation__instance__moderate__a3/immediate_unscreened,144753.0,137515.0,5700.0,False,7238.0
radar,instance,moderate,,2006973868.0,4.0,radar__evaluation,radar__evaluation__instance__moderate__a4,2,141315,37.84167858399451,136565,0.6176545967121884,0.45634063891730176,20561,17472,0.8497641165312971,116004,16861,0.1453484362608186,0.7568734345071461,0.1813523546109615,confirmed,True,d3_oof,complete,results/per_dataset_study/fixed_responses/runs/radar/d3_oof/radar__evaluation__instance__moderate__a4/confirmed_screened,,,,,
radar,instance,moderate,,2006973868.0,4.0,radar__evaluation,radar__evaluation__instance__moderate__a4,4,145115,32.123390207998455,136565,0.6203566067440413,0.45711302707289087,20561,20561,1.0,116004,0,0.0,0.6280094297922499,0.14350389402431035,confirmed,False,d3_oof,complete,results/per_dataset_study/fixed_responses/runs/radar/d3_oof/radar__evaluation__instance__moderate__a4/confirmed_unscreened,144753.0,145115.0,11400.0,False,7238.0
radar,instance,moderate,,2006973868.0,4.0,radar__evaluation,radar__evaluation__instance__moderate__a4,2,137515,43.062953292013844,136565,0.5941859187932487,0.40829640992946303,20561,17466,0.8494723019308399,116004,17805,0.15348608668666597,0.6739501989096802,0.1794744886818546,immediate,True,d3_oof,complete,results/per_dataset_study/fixed_responses/runs/radar/d3_oof/radar__evaluation__instance__moderate__a4/immediate_screened,144753.0,116615.0,1900.0,False,7238.0
radar,instance,moderate,,2006973868.0,4.0,radar__evaluation,radar__evaluation__instance__moderate__a4,6,137515,25.056504291977035,136565,0.6059678541353934,0.45466374154614986,20561,20561,1.0,116004,0,0.0,0.5574775305731545,0.17167188296091418,immediate,False,d3_oof,complete,results/per_dataset_study/fixed_responses/runs/radar/d3_oof/radar__evaluation__instance__moderate__a4/immediate_unscreened,144753.0,137515.0,5700.0,False,7238.0
radar,instance,severe,,3068245370.0,0.0,radar__evaluation,radar__evaluation__instance__severe__a0,1,143215,46.39698204099841,136565,0.5789257862556292,0.35634391946982225,34366,29553,0.8599487865913985,102199,14187,0.13881740525836847,0.6176808604685428,0.1778732076570347,confirmed,True,d3_oof,complete,results/per_dataset_study/fixed_responses/runs/radar/d3_oof/radar__evaluation__instance__severe__a0/confirmed_screened,,,,,
radar,instance,severe,,3068245370.0,0.0,radar__evaluation,radar__evaluation__instance__severe__a0,3,143215,32.39166487500188,136565,0.6129608611284004,0.4147212144360847,34366,34366,1.0,102199,0,0.0,0.5664653013113304,0.14440643423829974,confirmed,False,d3_oof,complete,results/per_dataset_study/fixed_responses/runs/radar/d3_oof/radar__evaluation__instance__severe__a0/confirmed_unscreened,144753.0,143215.0,8550.0,False,7238.0
radar,instance,severe,,3068245370.0,0.0,radar__evaluation,radar__evaluation__instance__severe__a0,5,137515,31.999562499986496,136565,0.5517153004063999,0.33940047302072385,34366,28120,0.8182505965198161,102199,18454,0.180569281499819,0.4263297480477383,0.14616784336560157,immediate,True,d3_oof,complete,results/per_dataset_study/fixed_responses/runs/radar/d3_oof/radar__evaluation__instance__severe__a0/immediate_screened,144753.0,112815.0,4750.0,False,7238.0
radar,instance,severe,,3068245370.0,0.0,radar__evaluation,radar__evaluation__instance__severe__a0,6,137515,25.67831941699842,136565,0.6070735547175338,0.43802240983270824,34366,34366,1.0,102199,0,0.0,0.46612641815235006,0.12366256641676977,immediate,False,d3_oof,complete,results/per_dataset_study/fixed_responses/runs/radar/d3_oof/radar__evaluation__instance__severe__a0/immediate_unscreened,144753.0,137515.0,5700.0,False,7238.0
radar,instance,severe,,11462624.0,1.0,radar__evaluation,radar__evaluation__instance__severe__a1,4,145115,35.638282332991366,136565,0.531922527734046,0.3725399502589806,34391,27951,0.8127417056788113,102174,19210,0.18801260594671834,0.584234566082216,0.24987262537302568,confirmed,True,d3_oof,complete,results/per_dataset_study/fixed_responses/runs/radar/d3_oof/radar__evaluation__instance__severe__a1/confirmed_screened,,,,,
radar,instance,severe,,11462624.0,1.0,radar__evaluation,radar__evaluation__instance__severe__a1,4,145115,28.95326749997912,136565,0.547036209863435,0.3119071415634958,34391,34391,1.0,102174,0,0.0,0.42635921614851924,0.16775602300021836,confirmed,False,d3_oof,complete,results/per_dataset_study/fixed_responses/runs/radar/d3_oof/radar__evaluation__instance__severe__a1/confirmed_unscreened,144753.0,145115.0,11400.0,False,7238.0
radar,instance,severe,,11462624.0,1.0,radar__evaluation,radar__evaluation__instance__severe__a1,5,137515,32.79606500000227,136565,0.5693479295573537,0.39439345144859433,34391,25817,0.7506905876537466,102174,25626,0.25080744612132244,0.5529541771032856,0.15005458912584613,immediate,True,d3_oof,complete,results/per_dataset_study/fixed_responses/runs/radar/d3_oof/radar__evaluation__instance__severe__a1/immediate_screened,144753.0,103315.0,4750.0,False,7238.0
radar,instance,severe,,11462624.0,1.0,radar__evaluation,radar__evaluation__instance__severe__a1,6,137515,26.33830862501054,136565,0.5928092849558818,0.43224408586781415,34391,34391,1.0,102174,0,0.0,0.4836746721673788,0.16014265958221122,immediate,False,d3_oof,complete,results/per_dataset_study/fixed_responses/runs/radar/d3_oof/radar__evaluation__instance__severe__a1/immediate_unscreened,144753.0,137515.0,5700.0,False,7238.0
radar,instance,severe,,1906925561.0,2.0,radar__evaluation,radar__evaluation__instance__severe__a2,2,141315,39.05805474999943,136565,0.6272837110533446,0.4615091596044787,34333,27641,0.8050854862668569,102232,19908,0.1947335472259175,0.6632827464269928,0.12887400829754714,confirmed,True,d3_oof,complete,results/per_dataset_study/fixed_responses/runs/radar/d3_oof/radar__evaluation__instance__severe__a2/confirmed_screened,,,,,
radar,instance,severe,,1906925561.0,2.0,radar__evaluation,radar__evaluation__instance__severe__a2,3,143215,35.02257991602528,136565,0.6362757661186981,0.46348090952254184,34333,34333,1.0,102232,0,0.0,0.619640489170473,0.12162457238518087,confirmed,False,d3_oof,complete,results/per_dataset_study/fixed_responses/runs/radar/d3_oof/radar__evaluation__instance__severe__a2/confirmed_unscreened,144753.0,143215.0,8550.0,False,7238.0
radar,instance,severe,,1906925561.0,2.0,radar__evaluation,radar__evaluation__instance__severe__a2,2,137515,34.7030243340123,136565,0.597590890784608,0.42194897201034764,34333,27929,0.8134739172224973,102232,19246,0.18825807966194538,0.56677471636953,0.12671955746415314,immediate,True,d3_oof,complete,results/per_dataset_study/fixed_responses/runs/radar/d3_oof/radar__evaluation__instance__severe__a2/immediate_screened,144753.0,111865.0,1900.0,False,7238.0
radar,instance,severe,,1906925561.0,2.0,radar__evaluation,radar__evaluation__instance__severe__a2,6,137515,24.695503958006157,136565,0.5354446600519899,0.36003947167994443,34333,34333,1.0,102232,0,0.0,0.3674377486371003,0.17103137055098624,immediate,False,d3_oof,complete,results/per_dataset_study/fixed_responses/runs/radar/d3_oof/radar__evaluation__instance__severe__a2/immediate_unscreened,144753.0,137515.0,5700.0,False,7238.0
radar,instance,severe,,4183855161.0,3.0,radar__evaluation,radar__evaluation__instance__severe__a3,2,141315,41.76679783302825,136565,0.6000512576428807,0.3353446103205383,34327,27932,0.8137034987036443,102238,19255,0.18833506132749075,0.6251215559157213,0.11326879685566635,confirmed,True,d3_oof,complete,results/per_dataset_study/fixed_responses/runs/radar/d3_oof/radar__evaluation__instance__severe__a3/confirmed_screened,,,,,
radar,instance,severe,,4183855161.0,3.0,radar__evaluation,radar__evaluation__instance__severe__a3,3,143215,31.72307195799658,136565,0.5873540072492952,0.3968067596135256,34327,34327,1.0,102238,0,0.0,0.6212907028142036,0.16097241429507242,confirmed,False,d3_oof,complete,results/per_dataset_study/fixed_responses/runs/radar/d3_oof/radar__evaluation__instance__severe__a3/confirmed_unscreened,144753.0,143215.0,8550.0,False,7238.0
radar,instance,severe,,4183855161.0,3.0,radar__evaluation,radar__evaluation__instance__severe__a3,2,137515,35.25196708299336,136565,0.5900194046790905,0.42081939258486584,34327,28549,0.8316776881172255,102238,17022,0.16649386725092433,0.5762781788713718,0.13410000727855012,immediate,True,d3_oof,complete,results/per_dataset_study/fixed_responses/runs/radar/d3_oof/radar__evaluation__instance__severe__a3/immediate_screened,144753.0,114715.0,1900.0,False,7238.0
radar,instance,severe,,4183855161.0,3.0,radar__evaluation,radar__evaluation__instance__severe__a3,6,137515,24.752926042012405,136565,0.5729432870794128,0.40808921961080596,34327,34327,1.0,102238,0,0.0,0.46319434212465005,0.16148191280296964,immediate,False,d3_oof,complete,results/per_dataset_study/fixed_responses/runs/radar/d3_oof/radar__evaluation__instance__severe__a3/immediate_unscreened,144753.0,137515.0,5700.0,False,7238.0
radar,instance,severe,,1699676806.0,4.0,radar__evaluation,radar__evaluation__instance__severe__a4,3,145115,37.70081395798479,136565,0.5842199685131623,0.3933447078633442,34401,28863,0.8390163076654749,102164,16312,0.15966485258995342,0.5127596876381317,0.13012591891695174,confirmed,True,d3_oof,complete,results/per_dataset_study/fixed_responses/runs/radar/d3_oof/radar__evaluation__instance__severe__a4/confirmed_screened,,,,,
radar,instance,severe,,1699676806.0,4.0,radar__evaluation,radar__evaluation__instance__severe__a4,3,143215,30.172328874992672,136565,0.5559916523267309,0.3759785598752698,34401,34401,1.0,102164,0,0.0,0.5019006925003684,0.17178833976271926,confirmed,False,d3_oof,complete,results/per_dataset_study/fixed_responses/runs/radar/d3_oof/radar__evaluation__instance__severe__a4/confirmed_unscreened,144753.0,143215.0,8550.0,False,7238.0
radar,instance,severe,,1699676806.0,4.0,radar__evaluation,radar__evaluation__instance__severe__a4,3,137515,32.31595658400329,136565,0.6090945703511148,0.3886699324385505,34401,28013,0.8143077236126857,102164,19262,0.18853999451861714,0.6202740533372624,0.12558410364655362,immediate,True,d3_oof,complete,results/per_dataset_study/fixed_responses/runs/radar/d3_oof/radar__evaluation__instance__severe__a4/immediate_screened,144753.0,111865.0,2850.0,False,7238.0
radar,instance,severe,,1699676806.0,4.0,radar__evaluation,radar__evaluation__instance__severe__a4,6,137515,24.451404999999795,136565,0.560758613114634,0.3946505088663073,34401,34401,1.0,102164,0,0.0,0.44063651097686757,0.1641604192444865,immediate,False,d3_oof,complete,results/per_dataset_study/fixed_responses/runs/radar/d3_oof/radar__evaluation__instance__severe__a4/immediate_unscreened,144753.0,137515.0,5700.0,False,7238.0
radar,splice,moderate,,424767608.0,0.0,radar__evaluation,radar__evaluation__splice__moderate__a0,1,141315,49.01507754198974,116110,0.6501937817586771,0.44601368689801485,20455,17970,0.8785138108042043,116110,12715,0.10950822495909052,0.7348041583910391,0.08529963635156003,confirmed,True,d3_oof,complete,results/per_dataset_study/fixed_responses/runs/radar/d3_oof/radar__evaluation__splice__moderate__a0/confirmed_screened,,,,,
radar,splice,moderate,,424767608.0,0.0,radar__evaluation,radar__evaluation__splice__moderate__a0,3,143215,30.105275290989084,116110,0.6147015760916372,0.4296299109932594,20455,20455,1.0,116110,0,0.0,0.5841608960939038,0.12629726184348172,confirmed,False,d3_oof,complete,results/per_dataset_study/fixed_responses/runs/radar/d3_oof/radar__evaluation__splice__moderate__a0/confirmed_unscreened,144753.0,143215.0,8550.0,False,7238.0
radar,splice,moderate,,424767608.0,0.0,radar__evaluation,radar__evaluation__splice__moderate__a0,3,137515,42.01667974999873,116110,0.6262079062957541,0.43293085738626924,20455,17070,0.8345147885602542,116110,24165,0.20812160881922315,0.7246586862776674,0.15303123391395315,immediate,True,d3_oof,complete,results/per_dataset_study/fixed_responses/runs/radar/d3_oof/radar__evaluation__splice__moderate__a0/immediate_screened,144753.0,109965.0,2850.0,False,7238.0
radar,splice,moderate,,424767608.0,0.0,radar__evaluation,radar__evaluation__splice__moderate__a0,4,137515,27.692387917020824,116110,0.628223236585996,0.46408886443174846,20455,20455,1.0,116110,0,0.0,0.6177465242364056,0.14363283131029672,immediate,False,d3_oof,complete,results/per_dataset_study/fixed_responses/runs/radar/d3_oof/radar__evaluation__splice__moderate__a0/immediate_unscreened,144753.0,137515.0,3800.0,False,7238.0
radar,splice,moderate,,3027246665.0,1.0,radar__evaluation,radar__evaluation__splice__moderate__a1,2,143215,41.22558254201431,116177,0.6756242629780421,0.5102749446564558,20388,17142,0.840788699234844,116177,15754,0.13560343269321812,0.8265300825388037,0.14731271195149523,confirmed,True,d3_oof,complete,results/per_dataset_study/fixed_responses/runs/radar/d3_oof/radar__evaluation__splice__moderate__a1/confirmed_screened,,,,,
radar,splice,moderate,,3027246665.0,1.0,radar__evaluation,radar__evaluation__splice__moderate__a1,1,139415,35.4558619169984,116177,0.6756673007566042,0.5110939715536236,20388,20388,1.0,116177,0,0.0,0.8263397414822378,0.11115678416058644,confirmed,False,d3_oof,complete,results/per_dataset_study/fixed_responses/runs/radar/d3_oof/radar__evaluation__splice__moderate__a1/confirmed_unscreened,144753.0,139415.0,2850.0,False,7238.0
radar,splice,moderate,,3027246665.0,1.0,radar__evaluation,radar__evaluation__splice__moderate__a1,3,137515,37.969379999995,116177,0.648691221153929,0.4637678900268075,20388,16332,0.8010594467333726,116177,20644,0.17769438012687538,0.791766884116904,0.13580310348371186,immediate,True,d3_oof,complete,results/per_dataset_study/fixed_responses/runs/radar/d3_oof/radar__evaluation__splice__moderate__a1/immediate_screened,144753.0,112815.0,2850.0,False,7238.0
radar,splice,moderate,,3027246665.0,1.0,radar__evaluation,radar__evaluation__splice__moderate__a1,8,137515,24.9614692920004,116177,0.6392315174259965,0.514745349417157,20388,20388,1.0,116177,0,0.0,0.7880119741828312,0.2270578563354229,immediate,False,d3_oof,complete,results/per_dataset_study/fixed_responses/runs/radar/d3_oof/radar__evaluation__splice__moderate__a1/immediate_unscreened,144753.0,137515.0,7600.0,False,7238.0
radar,splice,moderate,,2843988057.0,2.0,radar__evaluation,radar__evaluation__splice__moderate__a2,0,137515,57.96371804201044,116127,0.6533536559112006,0.48242998368858764,20438,18241,0.8925041589196595,116127,13953,0.12015293600971351,0.8140656893672296,0.12642485223754574,confirmed,True,d3_oof,complete,results/per_dataset_study/fixed_responses/runs/radar/d3_oof/radar__evaluation__splice__moderate__a2/confirmed_screened,,,,,
radar,splice,moderate,,2843988057.0,2.0,radar__evaluation,radar__evaluation__splice__moderate__a2,2,141315,34.195880334009416,116127,0.634383046147752,0.4389622345894635,20438,20438,1.0,116127,0,0.0,0.7240000674775215,0.16063889670700815,confirmed,False,d3_oof,complete,results/per_dataset_study/fixed_responses/runs/radar/d3_oof/radar__evaluation__splice__moderate__a2/confirmed_unscreened,144753.0,141315.0,5700.0,False,7238.0
radar,splice,moderate,,2843988057.0,2.0,radar__evaluation,radar__evaluation__splice__moderate__a2,3,137515,32.30441054201219,116127,0.640548709602418,0.4893997856889302,20438,13612,0.6660142871122419,116127,32124,0.27662817432638404,0.6435499924087789,0.13022445820433437,immediate,True,d3_oof,complete,results/per_dataset_study/fixed_responses/runs/radar/d3_oof/radar__evaluation__splice__moderate__a2/immediate_screened,144753.0,98565.0,2850.0,False,7238.0
radar,splice,moderate,,2843988057.0,2.0,radar__evaluation,radar__evaluation__splice__moderate__a2,6,137515,23.5037855420087,116127,0.702110620269188,0.5747177321723498,20438,20438,1.0,116127,0,0.0,0.7417466556453381,0.1275506614128905,immediate,False,d3_oof,complete,results/per_dataset_study/fixed_responses/runs/radar/d3_oof/radar__evaluation__splice__moderate__a2/immediate_unscreened,144753.0,137515.0,5700.0,False,7238.0
radar,splice,moderate,,3964723791.0,3.0,radar__evaluation,radar__evaluation__splice__moderate__a3,2,141315,41.87419000000227,116141,0.6027931565941399,0.4679925492973983,20424,16649,0.8151684292988641,116141,21875,0.18834864518128827,0.6760166326027204,0.19587437905194915,confirmed,True,d3_oof,complete,results/per_dataset_study/fixed_responses/runs/radar/d3_oof/radar__evaluation__splice__moderate__a3/confirmed_screened,,,,,
radar,splice,moderate,,3964723791.0,3.0,radar__evaluation,radar__evaluation__splice__moderate__a3,2,141315,28.603189167013625,116141,0.6622381415692994,0.5215051566984505,20424,20424,1.0,116141,0,0.0,0.7810980336880682,0.16554685526648144,confirmed,False,d3_oof,complete,results/per_dataset_study/fixed_responses/runs/radar/d3_oof/radar__evaluation__splice__moderate__a3/confirmed_unscreened,144753.0,141315.0,5700.0,False,7238.0
radar,splice,moderate,,3964723791.0,3.0,radar__evaluation,radar__evaluation__splice__moderate__a3,3,137515,37.80452779098414,116141,0.5978681085921423,0.3977240043500967,20424,15817,0.7744320407363886,116141,29593,0.25480235231313664,0.6736204101768976,0.1561337037972552,immediate,True,d3_oof,complete,results/per_dataset_study/fixed_responses/runs/radar/d3_oof/radar__evaluation__splice__moderate__a3/immediate_screened,144753.0,103315.0,2850.0,False,7238.0
radar,splice,moderate,,3964723791.0,3.0,radar__evaluation,radar__evaluation__splice__moderate__a3,6,137515,25.627802291011903,116141,0.6241206808964965,0.4648730994980343,20424,20424,1.0,116141,0,0.0,0.709369934456269,0.1958407005135977,immediate,False,d3_oof,complete,results/per_dataset_study/fixed_responses/runs/radar/d3_oof/radar__evaluation__splice__moderate__a3/immediate_unscreened,144753.0,137515.0,5700.0,False,7238.0
radar,splice,moderate,,216158045.0,4.0,radar__evaluation,radar__evaluation__splice__moderate__a4,2,145115,37.623683665995486,116114,0.6422481354530892,0.4440475075386836,20451,16918,0.8272456114615422,116114,19267,0.16593175672184232,0.7218072289156626,0.09964836074051091,confirmed,True,d3_oof,complete,results/per_dataset_study/fixed_responses/runs/radar/d3_oof/radar__evaluation__splice__moderate__a4/confirmed_screened,,,,,
radar,splice,moderate,,216158045.0,4.0,radar__evaluation,radar__evaluation__splice__moderate__a4,0,137515,35.47981187500409,116114,0.7002256403189968,0.5404710078973693,20451,20451,1.0,116114,0,0.0,0.8076764199655766,0.07465439376702175,confirmed,False,d3_oof,complete,results/per_dataset_study/fixed_responses/runs/radar/d3_oof/radar__evaluation__splice__moderate__a4/confirmed_unscreened,144753.0,137515.0,0.0,False,7238.0
radar,splice,moderate,,216158045.0,4.0,radar__evaluation,radar__evaluation__splice__moderate__a4,2,137515,36.747883083007764,116114,0.6468987374476808,0.4693506539607576,20451,15940,0.7794239890469904,116114,28739,0.247506760597344,0.6975903614457831,0.10064811941945048,immediate,True,d3_oof,complete,results/per_dataset_study/fixed_responses/runs/radar/d3_oof/radar__evaluation__splice__moderate__a4/immediate_screened,144753.0,104265.0,1900.0,False,7238.0
radar,splice,moderate,,216158045.0,4.0,radar__evaluation,radar__evaluation__splice__moderate__a4,6,137515,26.780936583003495,116114,0.6462872694076511,0.5118379104479982,20451,20451,1.0,116114,0,0.0,0.6662306368330465,0.15461785086358465,immediate,False,d3_oof,complete,results/per_dataset_study/fixed_responses/runs/radar/d3_oof/radar__evaluation__splice__moderate__a4/immediate_unscreened,144753.0,137515.0,5700.0,False,7238.0
radar,splice,severe,,1946032787.0,0.0,radar__evaluation,radar__evaluation__splice__severe__a0,1,139415,45.88092812499963,102359,0.6072939360486133,0.41733016481860746,34206,31000,0.9062737531427235,102359,13894,0.13573794194941333,0.635710922787194,0.11350057411984509,confirmed,True,d3_oof,complete,results/per_dataset_study/fixed_responses/runs/radar/d3_oof/radar__evaluation__splice__severe__a0/confirmed_screened,,,,,
radar,splice,severe,,1946032787.0,0.0,radar__evaluation,radar__evaluation__splice__severe__a0,1,139415,32.77931604202604,102359,0.7036704149122207,0.5173241397725782,34206,34206,1.0,102359,0,0.0,0.7532564344005022,0.0731370297569235,confirmed,False,d3_oof,complete,results/per_dataset_study/fixed_responses/runs/radar/d3_oof/radar__evaluation__splice__severe__a0/confirmed_unscreened,144753.0,139415.0,2850.0,False,7238.0
radar,splice,severe,,1946032787.0,0.0,radar__evaluation,radar__evaluation__splice__severe__a0,3,137515,39.66290770799969,102359,0.6728279877685401,0.5225414733942426,34206,25563,0.747325030696369,102359,24607,0.24039898787600505,0.7383278405524168,0.141564330615184,immediate,True,d3_oof,complete,results/per_dataset_study/fixed_responses/runs/radar/d3_oof/radar__evaluation__splice__severe__a0/immediate_screened,144753.0,104265.0,2850.0,False,7238.0
radar,splice,severe,,1946032787.0,0.0,radar__evaluation,radar__evaluation__splice__severe__a0,5,137515,27.948537666001357,102359,0.6282398225852148,0.44295390002541124,34206,34206,1.0,102359,0,0.0,0.6855382925298179,0.1518790261370492,immediate,False,d3_oof,complete,results/per_dataset_study/fixed_responses/runs/radar/d3_oof/radar__evaluation__splice__severe__a0/immediate_unscreened,144753.0,137515.0,4750.0,False,7238.0
radar,splice,severe,,2444082711.0,1.0,radar__evaluation,radar__evaluation__splice__severe__a1,1,141315,54.84773112501716,102317,0.6741499457568146,0.5067232256728345,34248,27836,0.8127773884606401,102317,18288,0.17873862603477428,0.7528202705097159,0.14203089822218773,confirmed,True,d3_oof,complete,results/per_dataset_study/fixed_responses/runs/radar/d3_oof/radar__evaluation__splice__severe__a1/confirmed_screened,,,,,
radar,splice,severe,,2444082711.0,1.0,radar__evaluation,radar__evaluation__splice__severe__a1,2,141315,34.50145920898649,102317,0.6922505546487876,0.54652025802894,34248,34248,1.0,102317,0,0.0,0.7798712421002895,0.12599953419765547,confirmed,False,d3_oof,complete,results/per_dataset_study/fixed_responses/runs/radar/d3_oof/radar__evaluation__splice__severe__a1/confirmed_unscreened,144753.0,141315.0,5700.0,False,7238.0
radar,splice,severe,,2444082711.0,1.0,radar__evaluation,radar__evaluation__splice__severe__a1,3,137515,37.06112495801062,102317,0.6370691087502566,0.4724664300664633,34248,26044,0.7604531651483298,102317,23146,0.22621851696199066,0.6043155552930521,0.14903734182128717,immediate,True,d3_oof,complete,results/per_dataset_study/fixed_responses/runs/radar/d3_oof/radar__evaluation__splice__severe__a1/immediate_screened,144753.0,106165.0,2850.0,False,7238.0
radar,splice,severe,,2444082711.0,1.0,radar__evaluation,radar__evaluation__splice__severe__a1,4,137515,30.036311666015536,102317,0.6566846174145059,0.5226546072074504,34248,34248,1.0,102317,0,0.0,0.7836119150276613,0.19053256734725565,immediate,False,d3_oof,complete,results/per_dataset_study/fixed_responses/runs/radar/d3_oof/radar__evaluation__splice__severe__a1/immediate_unscreened,144753.0,137515.0,3800.0,False,7238.0
radar,splice,severe,,1638213230.0,2.0,radar__evaluation,radar__evaluation__splice__severe__a2,2,143215,43.72497308300808,102366,0.5978742941992459,0.3892641242383336,34199,28606,0.8364572063510629,102366,16257,0.1588124963366743,0.7373871585446872,0.12043838399624912,confirmed,True,d3_oof,complete,results/per_dataset_study/fixed_responses/runs/radar/d3_oof/radar__evaluation__splice__severe__a2/confirmed_screened,,,,,
radar,splice,severe,,1638213230.0,2.0,radar__evaluation,radar__evaluation__splice__severe__a2,3,143215,33.1010713330179,102366,0.6621925248617705,0.4816843986537424,34199,34199,1.0,102366,0,0.0,0.8531791003947008,0.10564976166288974,confirmed,False,d3_oof,complete,results/per_dataset_study/fixed_responses/runs/radar/d3_oof/radar__evaluation__splice__severe__a2/confirmed_unscreened,144753.0,143215.0,8550.0,False,7238.0
radar,splice,severe,,1638213230.0,2.0,radar__evaluation,radar__evaluation__splice__severe__a2,3,137515,40.37799154201639,102366,0.6015278510442921,0.4050828775541392,34199,29168,0.8528904353928477,102366,15869,0.15502217533165308,0.6734925163156044,0.12403297647886223,immediate,True,d3_oof,complete,results/per_dataset_study/fixed_responses/runs/radar/d3_oof/radar__evaluation__splice__severe__a2/immediate_screened,144753.0,116615.0,2850.0,False,7238.0
radar,splice,severe,,1638213230.0,2.0,radar__evaluation,radar__evaluation__splice__severe__a2,5,137515,27.2405995829904,102366,0.6408182404313932,0.4251214689240301,34199,34199,1.0,102366,0,0.0,0.6550861698386026,0.08955223880597014,immediate,False,d3_oof,complete,results/per_dataset_study/fixed_responses/runs/radar/d3_oof/radar__evaluation__splice__severe__a2/immediate_unscreened,144753.0,137515.0,4750.0,False,7238.0
radar,splice,severe,,2515960843.0,3.0,radar__evaluation,radar__evaluation__splice__severe__a3,1,139415,50.21870458300691,102359,0.5973485477583799,0.34792724776958683,34206,28875,0.8441501490966498,102359,10819,0.10569661680946472,0.7074938599468861,0.1237996862925131,confirmed,True,d3_oof,complete,results/per_dataset_study/fixed_responses/runs/radar/d3_oof/radar__evaluation__splice__severe__a3/confirmed_screened,,,,,
radar,splice,severe,,2515960843.0,3.0,radar__evaluation,radar__evaluation__splice__severe__a3,2,141315,31.606810999976005,102359,0.6306822067429342,0.4539400559991072,34206,34206,1.0,102359,0,0.0,0.7936542800662926,0.16358697731359273,confirmed,False,d3_oof,complete,results/per_dataset_study/fixed_responses/runs/radar/d3_oof/radar__evaluation__splice__severe__a3/confirmed_unscreened,144753.0,141315.0,5700.0,False,7238.0
radar,splice,severe,,2515960843.0,3.0,radar__evaluation,radar__evaluation__splice__severe__a3,2,137515,43.38967466700706,102359,0.6355572055217421,0.386092669466769,34206,27358,0.7998012044670526,102359,15002,0.14656258853642573,0.7687745851720214,0.12008875626458548,immediate,True,d3_oof,complete,results/per_dataset_study/fixed_responses/runs/radar/d3_oof/radar__evaluation__splice__severe__a3/immediate_screened,144753.0,115665.0,1900.0,False,7238.0
radar,splice,severe,,2515960843.0,3.0,radar__evaluation,radar__evaluation__splice__severe__a3,6,137515,25.810973791987635,102359,0.6243026993229711,0.4635139927686327,34206,34206,1.0,102359,0,0.0,0.7245861704039456,0.1688473162707066,immediate,False,d3_oof,complete,results/per_dataset_study/fixed_responses/runs/radar/d3_oof/radar__evaluation__splice__severe__a3/immediate_unscreened,144753.0,137515.0,5700.0,False,7238.0
radar,splice,severe,,2498603841.0,4.0,radar__evaluation,radar__evaluation__splice__severe__a4,1,139415,47.074587542010704,102399,0.6447426244396918,0.4683066448704739,34166,28746,0.8413627582977229,102399,14530,0.141895916952314,0.7615988016870985,0.09060993786415285,confirmed,True,d3_oof,complete,results/per_dataset_study/fixed_responses/runs/radar/d3_oof/radar__evaluation__splice__severe__a4/confirmed_screened,,,,,
radar,splice,severe,,2498603841.0,4.0,radar__evaluation,radar__evaluation__splice__severe__a4,2,141315,32.68313266700716,102399,0.6432387035029639,0.47547872770260013,34166,34166,1.0,102399,0,0.0,0.8060428081516812,0.12295542091713285,confirmed,False,d3_oof,complete,results/per_dataset_study/fixed_responses/runs/radar/d3_oof/radar__evaluation__splice__severe__a4/confirmed_unscreened,144753.0,141315.0,5700.0,False,7238.0
radar,splice,severe,,2498603841.0,4.0,radar__evaluation,radar__evaluation__splice__severe__a4,4,137515,39.30848720899667,102399,0.630543267024092,0.47604639104889235,34166,26869,0.78642510097758,102399,21203,0.2070625689704001,0.6891678820607828,0.18783995664040573,immediate,True,d3_oof,complete,results/per_dataset_study/fixed_responses/runs/radar/d3_oof/radar__evaluation__splice__severe__a4/immediate_screened,144753.0,109015.0,3800.0,False,7238.0
radar,splice,severe,,2498603841.0,4.0,radar__evaluation,radar__evaluation__splice__severe__a4,6,137515,31.43814170800033,102399,0.5805134815769685,0.4437416109592669,34166,34166,1.0,102399,0,0.0,0.7265954511411565,0.2334256015175858,immediate,False,d3_oof,complete,results/per_dataset_study/fixed_responses/runs/radar/d3_oof/radar__evaluation__splice__severe__a4/immediate_unscreened,144753.0,137515.0,5700.0,False,7238.0
radar,clean,none,,,,radar__evaluation,radar__evaluation__clean__none__aNone,6,166015,27.18756708300498,136565,0.6043861897265038,0.4617783336586496,0,0,,136565,35150,0.2573865924651265,0.7712980698393989,0.21267923429652813,confirmed,True,hddm_w,complete,results/per_dataset_study/fixed_responses/runs/radar/hddm_w/radar__evaluation__clean__none__aNone/confirmed_screened,,,,,
radar,clean,none,,,,radar__evaluation,radar__evaluation__clean__none__aNone,11,158415,18.639694540994242,136565,0.6487899535019954,0.4799499302198036,0,0,,136565,0,0.0,0.632444378959776,0.17841182036538322,confirmed,False,hddm_w,complete,results/per_dataset_study/fixed_responses/runs/radar/hddm_w/radar__evaluation__clean__none__aNone/confirmed_unscreened,144753.0,158415.0,31350.0,False,7238.0
radar,clean,none,,,,radar__evaluation,radar__evaluation__clean__none__aNone,21,137515,15.937114750006003,136565,0.5966755757331673,0.49800454042471515,0,0,,136565,50350,0.36868890272031635,0.6762339767202004,0.2536138001310139,immediate,True,hddm_w,complete,results/per_dataset_study/fixed_responses/runs/radar/hddm_w/radar__evaluation__clean__none__aNone/immediate_screened,144753.0,87165.0,19950.0,False,7238.0
radar,clean,none,,,,radar__evaluation,radar__evaluation__clean__none__aNone,72,137515,12.829756334016565,136565,0.7275363380075422,0.6707807210647485,0,0,,136565,0,0.0,0.8296596434359805,0.25234733241138363,immediate,False,hddm_w,complete,results/per_dataset_study/fixed_responses/runs/radar/hddm_w/radar__evaluation__clean__none__aNone/immediate_unscreened,144753.0,137515.0,68400.0,False,7238.0
radar,concept,moderate,,3910140397.0,0.0,radar__evaluation,radar__evaluation__concept__moderate__a0,11,162215,61.146846083007404,116083,0.6172221600062024,0.47789193608902125,20482,18008,0.8792110145493605,116083,18426,0.15873125263819854,0.7833706635662626,0.20204528092228627,confirmed,True,hddm_w,complete,results/per_dataset_study/fixed_responses/runs/radar/hddm_w/radar__evaluation__concept__moderate__a0/confirmed_screened,,,,,
radar,concept,moderate,,3910140397.0,0.0,radar__evaluation,radar__evaluation__concept__moderate__a0,14,164115,51.505677624983946,116083,0.6206765848573865,0.483708178933671,20482,20482,1.0,116083,0,0.0,0.8313984304204353,0.22720327800541704,confirmed,False,hddm_w,complete,results/per_dataset_study/fixed_responses/runs/radar/hddm_w/radar__evaluation__concept__moderate__a0/confirmed_unscreened,144753.0,164115.0,39900.0,True,7238.0
radar,concept,moderate,,3910140397.0,0.0,radar__evaluation,radar__evaluation__concept__moderate__a0,38,137515,35.05620900000213,116083,0.6069450307107845,0.46434974587635197,20482,11820,0.5770920808514793,116083,49288,0.42459274829217025,0.7532614085181323,0.22735953885686505,immediate,True,hddm_w,complete,results/per_dataset_study/fixed_responses/runs/radar/hddm_w/radar__evaluation__concept__moderate__a0/immediate_screened,144753.0,79565.0,35865.0,False,7238.0
radar,concept,moderate,,3910140397.0,0.0,radar__evaluation,radar__evaluation__concept__moderate__a0,100,137515,31.39695391699206,116083,0.7063997312267947,0.6174301396235728,20482,20482,1.0,116083,0,0.0,0.8228666199326347,0.21327869990971596,immediate,False,hddm_w,complete,results/per_dataset_study/fixed_responses/runs/radar/hddm_w/radar__evaluation__concept__moderate__a0/immediate_unscreened,144753.0,137515.0,94765.0,False,7238.0
radar,concept,moderate,,4018716551.0,1.0,radar__evaluation,radar__evaluation__concept__moderate__a1,11,164115,58.18129766600032,116159,0.6366618169922261,0.5012734774612755,20406,16230,0.795354307556601,116159,16724,0.14397506865589407,0.7745949175775896,0.19390114248105708,confirmed,True,hddm_w,complete,results/per_dataset_study/fixed_responses/runs/radar/hddm_w/radar__evaluation__concept__moderate__a1/confirmed_screened,,,,,
radar,concept,moderate,,4018716551.0,1.0,radar__evaluation,radar__evaluation__concept__moderate__a1,14,164115,47.06679012501263,116159,0.6420337640647733,0.5113016764451318,20406,20406,1.0,116159,0,0.0,0.805630733541879,0.21459068126972342,confirmed,False,hddm_w,complete,results/per_dataset_study/fixed_responses/runs/radar/hddm_w/radar__evaluation__concept__moderate__a1/confirmed_unscreened,144753.0,164115.0,39900.0,False,7238.0
radar,concept,moderate,,4018716551.0,1.0,radar__evaluation,radar__evaluation__concept__moderate__a1,40,137515,34.90124920802191,116159,0.6244027582882085,0.49732998103067244,20406,10178,0.49877487013623445,116159,43922,0.3781196463468177,0.7711679730062212,0.2486794809052095,immediate,True,hddm_w,complete,results/per_dataset_study/fixed_responses/runs/radar/hddm_w/radar__evaluation__concept__moderate__a1/immediate_screened,144753.0,83365.0,38000.0,False,7238.0
radar,concept,moderate,,4018716551.0,1.0,radar__evaluation,radar__evaluation__concept__moderate__a1,96,137515,29.80492854199838,116159,0.7332707754026808,0.6706239025029223,20406,20406,1.0,116159,0,0.0,0.8170363080383818,0.22856371399159592,immediate,False,hddm_w,complete,results/per_dataset_study/fixed_responses/runs/radar/hddm_w/radar__evaluation__concept__moderate__a1/immediate_unscreened,144753.0,137515.0,91200.0,False,7238.0
radar,concept,moderate,,1880718146.0,2.0,radar__evaluation,radar__evaluation__concept__moderate__a2,12,164115,59.78541141599999,116167,0.5989136329594463,0.46841816647176254,20398,17398,0.8529267575252476,116167,16000,0.13773274682138645,0.6637274617989309,0.20574946540663586,confirmed,True,hddm_w,complete,results/per_dataset_study/fixed_responses/runs/radar/hddm_w/radar__evaluation__concept__moderate__a2/confirmed_screened,,,,,
radar,concept,moderate,,1880718146.0,2.0,radar__evaluation,radar__evaluation__concept__moderate__a2,12,160315,47.09572358298465,116167,0.6539206487212376,0.5255778138351748,20398,20398,1.0,116167,0,0.0,0.7575070042455181,0.18255501138166516,confirmed,False,hddm_w,complete,results/per_dataset_study/fixed_responses/runs/radar/hddm_w/radar__evaluation__concept__moderate__a2/confirmed_unscreened,144753.0,160315.0,34200.0,False,7238.0
radar,concept,moderate,,1880718146.0,2.0,radar__evaluation,radar__evaluation__concept__moderate__a2,36,137515,36.52148079199833,116167,0.6308762385186844,0.4928820148341745,20398,9404,0.4610255907441906,116167,49806,0.42874482426162336,0.7511129445332508,0.2620542181140926,immediate,True,hddm_w,complete,results/per_dataset_study/fixed_responses/runs/radar/hddm_w/radar__evaluation__concept__moderate__a2/immediate_screened,144753.0,76715.0,34200.0,False,7238.0
radar,concept,moderate,,1880718146.0,2.0,radar__evaluation,radar__evaluation__concept__moderate__a2,101,137515,30.61425350001082,116167,0.7169850301720798,0.6400446625021584,20398,20398,1.0,116167,0,0.0,0.8347685591020815,0.24092915775677726,immediate,False,hddm_w,complete,results/per_dataset_study/fixed_responses/runs/radar/hddm_w/radar__evaluation__concept__moderate__a2/immediate_unscreened,144753.0,137515.0,95950.0,False,7238.0
radar,concept,moderate,,510794814.0,3.0,radar__evaluation,radar__evaluation__concept__moderate__a3,13,164115,57.221946749981726,116161,0.5859281514449772,0.4519555315729693,20404,17568,0.8610076455596942,116161,14264,0.12279508613045687,0.8082076019788385,0.2480289757412399,confirmed,True,hddm_w,complete,results/per_dataset_study/fixed_responses/runs/radar/hddm_w/radar__evaluation__concept__moderate__a3/confirmed_screened,,,,,
radar,concept,moderate,,510794814.0,3.0,radar__evaluation,radar__evaluation__concept__moderate__a3,14,164115,50.25076504200115,116161,0.630400909083083,0.4978934545375651,20404,20404,1.0,116161,0,0.0,0.7969754053625816,0.24482816711590297,confirmed,False,hddm_w,complete,results/per_dataset_study/fixed_responses/runs/radar/hddm_w/radar__evaluation__concept__moderate__a3/confirmed_unscreened,144753.0,164115.0,39900.0,False,7238.0
radar,concept,moderate,,510794814.0,3.0,radar__evaluation,radar__evaluation__concept__moderate__a3,41,137515,37.25283045801916,116161,0.6213617307013541,0.4805043303409704,20404,10615,0.5202411291903548,116161,44361,0.3818923735160682,0.735321561240119,0.23453504043126686,immediate,True,hddm_w,complete,results/per_dataset_study/fixed_responses/runs/radar/hddm_w/radar__evaluation__concept__moderate__a3/immediate_screened,144753.0,83365.0,38950.0,False,7238.0
radar,concept,moderate,,510794814.0,3.0,radar__evaluation,radar__evaluation__concept__moderate__a3,98,137515,32.01800166699104,116161,0.7179604170074293,0.6335985478243021,20404,20404,1.0,116161,0,0.0,0.8413936374359606,0.23952156334231806,immediate,False,hddm_w,complete,results/per_dataset_study/fixed_responses/runs/radar/hddm_w/radar__evaluation__concept__moderate__a3/immediate_unscreened,144753.0,137515.0,93100.0,False,7238.0
radar,concept,moderate,,342140863.0,4.0,radar__evaluation,radar__evaluation__concept__moderate__a4,9,158415,54.46895729098469,116087,0.5785919181303677,0.4551042615323261,20478,15850,0.7740013673210274,116087,19122,0.16472128662124097,0.724698805303043,0.24907201187824796,confirmed,True,hddm_w,complete,results/per_dataset_study/fixed_responses/runs/radar/hddm_w/radar__evaluation__concept__moderate__a4/confirmed_screened,,,,,
radar,concept,moderate,,342140863.0,4.0,radar__evaluation,radar__evaluation__concept__moderate__a4,13,162215,47.78956737500266,116087,0.6464117429169502,0.528842837232232,20478,20478,1.0,116087,0,0.0,0.8373464621175205,0.20788701523668116,confirmed,False,hddm_w,complete,results/per_dataset_study/fixed_responses/runs/radar/hddm_w/radar__evaluation__concept__moderate__a4/confirmed_unscreened,144753.0,162215.0,37050.0,False,7238.0
radar,concept,moderate,,342140863.0,4.0,radar__evaluation,radar__evaluation__concept__moderate__a4,38,137515,39.749869625025894,116087,0.636384780380232,0.5220591528649334,20478,11048,0.5395058111143667,116087,47570,0.4097788727419952,0.7880127031068842,0.19873086576872767,immediate,True,hddm_w,complete,results/per_dataset_study/fixed_responses/runs/radar/hddm_w/radar__evaluation__concept__moderate__a4/immediate_screened,144753.0,80515.0,36100.0,False,7238.0
radar,concept,moderate,,342140863.0,4.0,radar__evaluation,radar__evaluation__concept__moderate__a4,98,137515,32.4710199169931,116087,0.747973502631647,0.6948574706912123,20478,20478,1.0,116087,0,0.0,0.8659956648127299,0.21967688337398805,immediate,False,hddm_w,complete,results/per_dataset_study/fixed_responses/runs/radar/hddm_w/radar__evaluation__concept__moderate__a4/immediate_unscreened,144753.0,137515.0,93100.0,False,7238.0
radar,concept,severe,,1008509576.0,0.0,radar__evaluation,radar__evaluation__concept__severe__a0,10,164115,59.56873825000366,102341,0.6316627744501226,0.5036315900725523,34224,27529,0.8043770453482936,102341,17055,0.16664875269930918,0.7438636628019698,0.1903354805665544,confirmed,True,hddm_w,complete,results/per_dataset_study/fixed_responses/runs/radar/hddm_w/radar__evaluation__concept__severe__a0/confirmed_screened,,,,,
radar,concept,severe,,1008509576.0,0.0,radar__evaluation,radar__evaluation__concept__severe__a0,13,162215,50.85852541701752,102341,0.6303436550356162,0.48679879022940875,34224,34224,1.0,102341,0,0.0,0.7581139245414712,0.1922266217520635,confirmed,False,hddm_w,complete,results/per_dataset_study/fixed_responses/runs/radar/hddm_w/radar__evaluation__concept__severe__a0/confirmed_unscreened,144753.0,162215.0,37050.0,False,7238.0
radar,concept,severe,,1008509576.0,0.0,radar__evaluation,radar__evaluation__concept__severe__a0,53,137515,36.4275527089776,102341,0.6334802278656648,0.49772726323237804,34224,18124,0.5295698924731183,102341,42800,0.4182097106731418,0.7467137151498701,0.20656777574217441,immediate,True,hddm_w,complete,results/per_dataset_study/fixed_responses/runs/radar/hddm_w/radar__evaluation__concept__severe__a0/immediate_screened,144753.0,78615.0,50115.0,False,7238.0
radar,concept,severe,,1008509576.0,0.0,radar__evaluation,radar__evaluation__concept__severe__a0,116,137515,34.295817124977475,102341,0.7068916660966768,0.6449275285373588,34224,34224,1.0,102341,0,0.0,0.8218232579782078,0.26225794377794853,immediate,False,hddm_w,complete,results/per_dataset_study/fixed_responses/runs/radar/hddm_w/radar__evaluation__concept__severe__a0/immediate_unscreened,144753.0,137515.0,109965.0,False,7238.0
radar,concept,severe,,1163742248.0,1.0,radar__evaluation,radar__evaluation__concept__severe__a1,10,162215,64.67811512498884,102426,0.5867748423251908,0.41334752490903415,34139,32163,0.9421189841530214,102426,8474,0.08273289984964755,0.7621330256981462,0.19723873441994247,confirmed,True,hddm_w,complete,results/per_dataset_study/fixed_responses/runs/radar/hddm_w/radar__evaluation__concept__severe__a1/confirmed_screened,,,,,
radar,concept,severe,,1163742248.0,1.0,radar__evaluation,radar__evaluation__concept__severe__a1,13,162215,50.08252475000336,102426,0.6405209614746256,0.5063022468702224,34139,34139,1.0,102426,0,0.0,0.797716604344021,0.18586768935762224,confirmed,False,hddm_w,complete,results/per_dataset_study/fixed_responses/runs/radar/hddm_w/radar__evaluation__concept__severe__a1/confirmed_unscreened,144753.0,162215.0,37050.0,True,7238.0
radar,concept,severe,,1163742248.0,1.0,radar__evaluation,radar__evaluation__concept__severe__a1,40,137515,41.28710729200975,102426,0.6106164450432507,0.461914472091154,34139,16570,0.4853686399718797,102426,47981,0.46844551188174877,0.7915108600525101,0.24270373921380634,immediate,True,hddm_w,complete,results/per_dataset_study/fixed_responses/runs/radar/hddm_w/radar__evaluation__concept__severe__a1/immediate_screened,144753.0,71965.0,37765.0,False,7238.0
radar,concept,severe,,1163742248.0,1.0,radar__evaluation,radar__evaluation__concept__severe__a1,118,137515,36.04984816699289,102426,0.7112354285044813,0.6170679116139688,34139,34139,1.0,102426,0,0.0,0.8443591375606652,0.24216682646212848,immediate,False,hddm_w,complete,results/per_dataset_study/fixed_responses/runs/radar/hddm_w/radar__evaluation__concept__severe__a1/immediate_unscreened,144753.0,137515.0,111865.0,False,7238.0
radar,concept,severe,,3789935020.0,2.0,radar__evaluation,radar__evaluation__concept__severe__a2,9,160315,65.07894249999663,102403,0.596144644199877,0.44019556638359486,34162,27804,0.8138867747789942,102403,18342,0.1791158462154429,0.7101002004008016,0.21654000723768166,confirmed,True,hddm_w,complete,results/per_dataset_study/fixed_responses/runs/radar/hddm_w/radar__evaluation__concept__severe__a2/confirmed_screened,,,,,
radar,concept,severe,,3789935020.0,2.0,radar__evaluation,radar__evaluation__concept__severe__a2,15,166015,53.1313817500195,102403,0.6433600578108063,0.48886072684122356,34162,34162,1.0,102403,0,0.0,0.7787975951903807,0.1656667238062587,confirmed,False,hddm_w,complete,results/per_dataset_study/fixed_responses/runs/radar/hddm_w/radar__evaluation__concept__severe__a2/confirmed_unscreened,144753.0,166015.0,42750.0,False,7238.0
radar,concept,severe,,3789935020.0,2.0,radar__evaluation,radar__evaluation__concept__severe__a2,51,137515,39.73015033302363,102403,0.6215247600167964,0.4544295728772858,34162,20444,0.5984427141268076,102403,43282,0.4226633985332461,0.7337875751503006,0.20572157781460107,immediate,True,hddm_w,complete,results/per_dataset_study/fixed_responses/runs/radar/hddm_w/radar__evaluation__concept__severe__a2/immediate_screened,144753.0,80515.0,48450.0,False,7238.0
radar,concept,severe,,3789935020.0,2.0,radar__evaluation,radar__evaluation__concept__severe__a2,115,137515,34.11652841698378,102403,0.6412409792681855,0.5638828490250472,34162,34162,1.0,102403,0,0.0,0.779559118236473,0.2971449250519018,immediate,False,hddm_w,complete,results/per_dataset_study/fixed_responses/runs/radar/hddm_w/radar__evaluation__concept__severe__a2/immediate_unscreened,144753.0,137515.0,109250.0,False,7238.0
radar,concept,severe,,3335947267.0,3.0,radar__evaluation,radar__evaluation__concept__severe__a3,10,160315,57.489156083000125,102355,0.5709735723706707,0.4303953044518431,34210,29569,0.8643379128909675,102355,14359,0.14028625860974062,0.6556231989160098,0.21723116342381296,confirmed,True,hddm_w,complete,results/per_dataset_study/fixed_responses/runs/radar/hddm_w/radar__evaluation__concept__severe__a3/confirmed_screened,,,,,
radar,concept,severe,,3335947267.0,3.0,radar__evaluation,radar__evaluation__concept__severe__a3,13,162215,51.230858374998206,102355,0.5747740706365102,0.43530490440292563,34210,34210,1.0,102355,0,0.0,0.7057577434683868,0.239951157018176,confirmed,False,hddm_w,complete,results/per_dataset_study/fixed_responses/runs/radar/hddm_w/radar__evaluation__concept__severe__a3/confirmed_unscreened,144753.0,162215.0,37050.0,False,7238.0
radar,concept,severe,,3335947267.0,3.0,radar__evaluation,radar__evaluation__concept__severe__a3,55,137515,37.99441145799938,102355,0.633598749450442,0.483217233553389,34210,18547,0.5421514177141187,102355,45137,0.44098480777685506,0.7336399549609726,0.20632156297541837,immediate,True,hddm_w,complete,results/per_dataset_study/fixed_responses/runs/radar/hddm_w/radar__evaluation__concept__severe__a3/immediate_screened,144753.0,76715.0,52250.0,False,7238.0
radar,concept,severe,,3335947267.0,3.0,radar__evaluation,radar__evaluation__concept__severe__a3,117,137515,35.84708520799177,102355,0.72067803233843,0.6520884845719535,34210,34210,1.0,102355,0,0.0,0.8709135670528063,0.2440547681960125,immediate,False,hddm_w,complete,results/per_dataset_study/fixed_responses/runs/radar/hddm_w/radar__evaluation__concept__severe__a3/immediate_unscreened,144753.0,137515.0,111150.0,False,7238.0
radar,concept,severe,,948131781.0,4.0,radar__evaluation,radar__evaluation__concept__severe__a4,11,164115,59.76038770802552,102372,0.6472375258859845,0.5018967976251617,34193,26613,0.7783171994267832,102372,20920,0.20435275270581799,0.7736122700361585,0.16685883392905185,confirmed,True,hddm_w,complete,results/per_dataset_study/fixed_responses/runs/radar/hddm_w/radar__evaluation__concept__severe__a4/confirmed_screened,,,,,
radar,concept,severe,,948131781.0,4.0,radar__evaluation,radar__evaluation__concept__severe__a4,12,160315,54.71011025001644,102372,0.6244969327550502,0.478057732463611,34193,34193,1.0,102372,0,0.0,0.7338975642706719,0.18509550712940542,confirmed,False,hddm_w,complete,results/per_dataset_study/fixed_responses/runs/radar/hddm_w/radar__evaluation__concept__severe__a4/confirmed_unscreened,144753.0,160315.0,34200.0,False,7238.0
radar,concept,severe,,948131781.0,4.0,radar__evaluation,radar__evaluation__concept__severe__a4,47,137515,39.64048533400637,102372,0.6027820107060524,0.4468741141136314,34193,19058,0.5573655426549293,102372,43765,0.4275094752471379,0.78499622521556,0.27485683538952305,immediate,True,hddm_w,complete,results/per_dataset_study/fixed_responses/runs/radar/hddm_w/radar__evaluation__concept__severe__a4/immediate_screened,144753.0,78615.0,44415.0,False,7238.0
radar,concept,severe,,948131781.0,4.0,radar__evaluation,radar__evaluation__concept__severe__a4,117,137515,34.5233871669916,102372,0.698149884734107,0.6136487847300947,34193,34193,1.0,102372,0,0.0,0.8425120197083482,0.2669011107267766,immediate,False,hddm_w,complete,results/per_dataset_study/fixed_responses/runs/radar/hddm_w/radar__evaluation__concept__severe__a4/immediate_unscreened,144753.0,137515.0,110915.0,False,7238.0
radar,instance,moderate,,3687513746.0,0.0,radar__evaluation,radar__evaluation__instance__moderate__a0,7,162215,32.62085049999587,136565,0.6115402921685644,0.4762153016497418,20653,17235,0.8345034619667845,115912,19382,0.16721305818206916,0.6377191689995579,0.19574932673411458,confirmed,True,hddm_w,complete,results/per_dataset_study/fixed_responses/runs/radar/hddm_w/radar__evaluation__instance__moderate__a0/confirmed_screened,,,,,
radar,instance,moderate,,3687513746.0,0.0,radar__evaluation,radar__evaluation__instance__moderate__a0,13,162215,26.02290491698659,136565,0.6112107787500458,0.48889499252416513,20653,20653,1.0,115912,0,0.0,0.5995285103875055,0.21658053715699832,confirmed,False,hddm_w,complete,results/per_dataset_study/fixed_responses/runs/radar/hddm_w/radar__evaluation__instance__moderate__a0/confirmed_unscreened,144753.0,162215.0,37050.0,True,7238.0
radar,instance,moderate,,3687513746.0,0.0,radar__evaluation,radar__evaluation__instance__moderate__a0,25,137515,19.74219954200089,136565,0.5762677113462453,0.4234195516905336,20653,14140,0.6846462983585919,115912,37187,0.32082096763061635,0.6303963459555032,0.23825605939296893,immediate,True,hddm_w,complete,results/per_dataset_study/fixed_responses/runs/radar/hddm_w/radar__evaluation__instance__moderate__a0/immediate_screened,144753.0,93815.0,23750.0,False,7238.0
radar,instance,moderate,,3687513746.0,0.0,radar__evaluation,radar__evaluation__instance__moderate__a0,73,137515,16.140771375008626,136565,0.7272727272727273,0.6665144994594154,20653,20653,1.0,115912,0,0.0,0.7285545896566966,0.1850935293689497,immediate,False,hddm_w,complete,results/per_dataset_study/fixed_responses/runs/radar/hddm_w/radar__evaluation__instance__moderate__a0/immediate_unscreened,144753.0,137515.0,69350.0,False,7238.0
radar,instance,moderate,,2388385389.0,1.0,radar__evaluation,radar__evaluation__instance__moderate__a1,11,162215,32.94302516699827,136565,0.6227144583165526,0.4825577970624726,20598,16972,0.8239634916011264,115967,20124,0.17353212551846647,0.6823338735818476,0.16886236261736662,confirmed,True,hddm_w,complete,results/per_dataset_study/fixed_responses/runs/radar/hddm_w/radar__evaluation__instance__moderate__a1/confirmed_screened,,,,,
radar,instance,moderate,,2388385389.0,1.0,radar__evaluation,radar__evaluation__instance__moderate__a1,10,156515,27.208794583013514,136565,0.5971661846007396,0.4498700007592137,20598,20598,1.0,115967,0,0.0,0.6049653749815824,0.18544289977436496,confirmed,False,hddm_w,complete,results/per_dataset_study/fixed_responses/runs/radar/hddm_w/radar__evaluation__instance__moderate__a1/confirmed_unscreened,144753.0,156515.0,28500.0,False,7238.0
radar,instance,moderate,,2388385389.0,1.0,radar__evaluation,radar__evaluation__instance__moderate__a1,27,137515,20.279075375001412,136565,0.557177900633398,0.3666809495788721,20598,14478,0.7028837751237984,115967,33780,0.29128976346719326,0.5513923677618977,0.17340417788776477,immediate,True,hddm_w,complete,results/per_dataset_study/fixed_responses/runs/radar/hddm_w/radar__evaluation__instance__moderate__a1/immediate_screened,144753.0,97615.0,25650.0,False,7238.0
radar,instance,moderate,,2388385389.0,1.0,radar__evaluation,radar__evaluation__instance__moderate__a1,70,137515,16.217916666995734,136565,0.7086369128253945,0.604512505884993,20598,20598,1.0,115967,0,0.0,0.6631059378223073,0.15215081155833757,immediate,False,hddm_w,complete,results/per_dataset_study/fixed_responses/runs/radar/hddm_w/radar__evaluation__instance__moderate__a1/immediate_unscreened,144753.0,137515.0,66500.0,False,7238.0
radar,instance,moderate,,58124341.0,2.0,radar__evaluation,radar__evaluation__instance__moderate__a2,9,166015,33.77799991700158,136565,0.574019697579907,0.4200686908766198,20657,17961,0.8694873408529796,115908,15354,0.13246712910239156,0.5971121261234713,0.20002911420045127,confirmed,True,hddm_w,complete,results/per_dataset_study/fixed_responses/runs/radar/hddm_w/radar__evaluation__instance__moderate__a2/confirmed_screened,,,,,
radar,instance,moderate,,58124341.0,2.0,radar__evaluation,radar__evaluation__instance__moderate__a2,13,162215,26.096455749997403,136565,0.6657196206934427,0.5387175083774695,20657,20657,1.0,115908,0,0.0,0.7046264918226021,0.18336123444209915,confirmed,False,hddm_w,complete,results/per_dataset_study/fixed_responses/runs/radar/hddm_w/radar__evaluation__instance__moderate__a2/confirmed_unscreened,144753.0,162215.0,37050.0,False,7238.0
radar,instance,moderate,,58124341.0,2.0,radar__evaluation,radar__evaluation__instance__moderate__a2,23,137515,20.767798790999223,136565,0.5717131036502764,0.4090659205548274,20657,14355,0.6949218182698359,115908,35498,0.3062601373503123,0.5143804331810815,0.15714389693573041,immediate,True,hddm_w,complete,results/per_dataset_study/fixed_responses/runs/radar/hddm_w/radar__evaluation__instance__moderate__a2/immediate_screened,144753.0,95715.0,21850.0,False,7238.0
radar,instance,moderate,,58124341.0,2.0,radar__evaluation,radar__evaluation__instance__moderate__a2,73,137515,16.3884627079824,136565,0.7214220334639183,0.6504176899306038,20657,20657,1.0,115908,0,0.0,0.6930013260645351,0.17353519178979548,immediate,False,hddm_w,complete,results/per_dataset_study/fixed_responses/runs/radar/hddm_w/radar__evaluation__instance__moderate__a2/immediate_unscreened,144753.0,137515.0,69350.0,False,7238.0
radar,instance,moderate,,3627463518.0,3.0,radar__evaluation,radar__evaluation__instance__moderate__a3,9,162215,30.319801875011763,136565,0.586292241789624,0.4208638764043824,20625,17400,0.8436363636363636,115940,17675,0.15244954286700016,0.5528510387505525,0.17420481840017468,confirmed,True,hddm_w,complete,results/per_dataset_study/fixed_responses/runs/radar/hddm_w/radar__evaluation__instance__moderate__a3/confirmed_screened,,,,,
radar,instance,moderate,,3627463518.0,3.0,radar__evaluation,radar__evaluation__instance__moderate__a3,11,158415,24.63562041602563,136565,0.6365100867718668,0.5235068279206873,20625,20625,1.0,115940,0,0.0,0.6888021217032563,0.21193682218502075,confirmed,False,hddm_w,complete,results/per_dataset_study/fixed_responses/runs/radar/hddm_w/radar__evaluation__instance__moderate__a3/confirmed_unscreened,144753.0,158415.0,31350.0,False,7238.0
radar,instance,moderate,,3627463518.0,3.0,radar__evaluation,radar__evaluation__instance__moderate__a3,25,137515,20.850531875010347,136565,0.6153992604254385,0.4381593817473942,20625,14191,0.6880484848484848,115940,36316,0.313230981542177,0.5547664653013114,0.12702525656889146,immediate,True,hddm_w,complete,results/per_dataset_study/fixed_responses/runs/radar/hddm_w/radar__evaluation__instance__moderate__a3/immediate_screened,144753.0,94765.0,23750.0,False,7238.0
radar,instance,moderate,,3627463518.0,3.0,radar__evaluation,radar__evaluation__instance__moderate__a3,72,137515,16.83401329102344,136565,0.7247025226082817,0.681024150221996,20625,20625,1.0,115940,0,0.0,0.7369529983792544,0.18637455418880558,immediate,False,hddm_w,complete,results/per_dataset_study/fixed_responses/runs/radar/hddm_w/radar__evaluation__instance__moderate__a3/immediate_unscreened,144753.0,137515.0,68400.0,False,7238.0
radar,instance,moderate,,2006973868.0,4.0,radar__evaluation,radar__evaluation__instance__moderate__a4,9,158415,31.043756500002928,136565,0.6002489656939919,0.4718624818514685,20561,17685,0.8601235348475269,116004,16124,0.13899520706182544,0.6130101664947694,0.19438095931290486,confirmed,True,hddm_w,complete,results/per_dataset_study/fixed_responses/runs/radar/hddm_w/radar__evaluation__instance__moderate__a4/confirmed_screened,,,,,
radar,instance,moderate,,2006973868.0,4.0,radar__evaluation,radar__evaluation__instance__moderate__a4,12,160315,25.256448667001678,136565,0.6156262585581957,0.45732756374286704,20561,20561,1.0,116004,0,0.0,0.6207602770001474,0.19004294344566564,confirmed,False,hddm_w,complete,results/per_dataset_study/fixed_responses/runs/radar/hddm_w/radar__evaluation__instance__moderate__a4/confirmed_unscreened,144753.0,160315.0,34200.0,False,7238.0
radar,instance,moderate,,2006973868.0,4.0,radar__evaluation,radar__evaluation__instance__moderate__a4,24,137515,21.239445791987237,136565,0.5522498443964412,0.37295614679449274,20561,14339,0.6973882593259083,116004,34628,0.2985069480362746,0.49781936054221304,0.1874954509061795,immediate,True,hddm_w,complete,results/per_dataset_study/fixed_responses/runs/radar/hddm_w/radar__evaluation__instance__moderate__a4/immediate_screened,144753.0,96665.0,22800.0,False,7238.0
radar,instance,moderate,,2006973868.0,4.0,radar__evaluation,radar__evaluation__instance__moderate__a4,69,137515,16.084219042008044,136565,0.7405264892175887,0.6860367877621943,20561,20561,1.0,116004,0,0.0,0.7316782083394725,0.17483077370987699,immediate,False,hddm_w,complete,results/per_dataset_study/fixed_responses/runs/radar/hddm_w/radar__evaluation__instance__moderate__a4/immediate_unscreened,144753.0,137515.0,65550.0,False,7238.0
radar,instance,severe,,3068245370.0,0.0,radar__evaluation,radar__evaluation__instance__severe__a0,9,164115,28.790440416007186,136565,0.5237213048731373,0.38826652933073014,34366,27427,0.7980853168829657,102199,20611,0.20167516316206616,0.4868130249005452,0.2523910037120606,confirmed,True,hddm_w,complete,results/per_dataset_study/fixed_responses/runs/radar/hddm_w/radar__evaluation__instance__severe__a0/confirmed_screened,,,,,
radar,instance,severe,,3068245370.0,0.0,radar__evaluation,radar__evaluation__instance__severe__a0,12,160315,22.70334208299755,136565,0.5805147731849303,0.4231577289879405,34366,34366,1.0,102199,0,0.0,0.5561367319876234,0.22432491447703617,confirmed,False,hddm_w,complete,results/per_dataset_study/fixed_responses/runs/radar/hddm_w/radar__evaluation__instance__severe__a0/confirmed_unscreened,144753.0,160315.0,34200.0,False,7238.0
radar,instance,severe,,3068245370.0,0.0,radar__evaluation,radar__evaluation__instance__severe__a0,33,137515,19.134152250015177,136565,0.5573902537253322,0.41146950404245003,34366,24269,0.7061921666763662,102199,29803,0.2916173348075813,0.5285251215559157,0.22828444573840892,immediate,True,hddm_w,complete,results/per_dataset_study/fixed_responses/runs/radar/hddm_w/radar__evaluation__instance__severe__a0/immediate_screened,144753.0,97615.0,31350.0,False,7238.0
radar,instance,severe,,3068245370.0,0.0,radar__evaluation,radar__evaluation__instance__severe__a0,74,137515,16.019710874999873,136565,0.6737231355032403,0.6083626097545829,34366,34366,1.0,102199,0,0.0,0.6689111536761456,0.22665405051313778,immediate,False,hddm_w,complete,results/per_dataset_study/fixed_responses/runs/radar/hddm_w/radar__evaluation__instance__severe__a0/immediate_unscreened,144753.0,137515.0,70300.0,False,7238.0
radar,instance,severe,,11462624.0,1.0,radar__evaluation,radar__evaluation__instance__severe__a1,13,164115,30.559464874997502,136565,0.5577929923479662,0.3880332101255922,34391,30129,0.8760722281992381,102174,12838,0.1256484037034862,0.5281715043465449,0.20912730184147318,confirmed,True,hddm_w,complete,results/per_dataset_study/fixed_responses/runs/radar/hddm_w/radar__evaluation__instance__severe__a1/confirmed_screened,,,,,
radar,instance,severe,,11462624.0,1.0,radar__evaluation,radar__evaluation__instance__severe__a1,12,160315,24.207255457993597,136565,0.5311756306520704,0.4109396566019702,34391,34391,1.0,102174,0,0.0,0.4806394577869456,0.2592619550185603,confirmed,False,hddm_w,complete,results/per_dataset_study/fixed_responses/runs/radar/hddm_w/radar__evaluation__instance__severe__a1/confirmed_unscreened,144753.0,160315.0,34200.0,False,7238.0
radar,instance,severe,,11462624.0,1.0,radar__evaluation,radar__evaluation__instance__severe__a1,35,137515,17.85365970802377,136565,0.5742174056310182,0.39694626832277236,34391,24763,0.720043034514844,102174,28372,0.27768316792921877,0.4796228083100044,0.17800422155906542,immediate,True,hddm_w,complete,results/per_dataset_study/fixed_responses/runs/radar/hddm_w/radar__evaluation__instance__severe__a1/immediate_screened,144753.0,99515.0,33250.0,False,7238.0
radar,instance,severe,,11462624.0,1.0,radar__evaluation,radar__evaluation__instance__severe__a1,76,137515,15.050937332998728,136565,0.6819829385274412,0.592051596515442,34391,34391,1.0,102174,0,0.0,0.6317813466922056,0.18432200305699104,immediate,False,hddm_w,complete,results/per_dataset_study/fixed_responses/runs/radar/hddm_w/radar__evaluation__instance__severe__a1/immediate_unscreened,144753.0,137515.0,72200.0,False,7238.0
radar,instance,severe,,1906925561.0,2.0,radar__evaluation,radar__evaluation__instance__severe__a2,7,154615,31.52240183299,136565,0.5555596236224508,0.41806760151033534,34333,28487,0.8297265021990505,102232,17904,0.1751310744189686,0.5655075880359511,0.21541596913894753,confirmed,True,hddm_w,complete,results/per_dataset_study/fixed_responses/runs/radar/hddm_w/radar__evaluation__instance__severe__a2/confirmed_screened,,,,,
radar,instance,severe,,1906925561.0,2.0,radar__evaluation,radar__evaluation__instance__severe__a2,9,154615,24.399628499988467,136565,0.5372167099915791,0.398123166043163,34333,34333,1.0,102232,0,0.0,0.40212170325622515,0.194177159909746,confirmed,False,hddm_w,complete,results/per_dataset_study/fixed_responses/runs/radar/hddm_w/radar__evaluation__instance__severe__a2/confirmed_unscreened,144753.0,154615.0,25650.0,False,7238.0
radar,instance,severe,,1906925561.0,2.0,radar__evaluation,radar__evaluation__instance__severe__a2,28,137515,18.790706542000407,136565,0.5489693552520778,0.3871769732092711,34333,21688,0.6316954533539161,102232,37705,0.3688179826277487,0.5670399292765581,0.23447121333430382,immediate,True,hddm_w,complete,results/per_dataset_study/fixed_responses/runs/radar/hddm_w/radar__evaluation__instance__severe__a2/immediate_screened,144753.0,87165.0,26600.0,False,7238.0
radar,instance,severe,,1906925561.0,2.0,radar__evaluation,radar__evaluation__instance__severe__a2,74,137515,15.284068583016051,136565,0.7031084099146926,0.6385310738033507,34333,34333,1.0,102232,0,0.0,0.688861057904818,0.18697139529805662,immediate,False,hddm_w,complete,results/per_dataset_study/fixed_responses/runs/radar/hddm_w/radar__evaluation__instance__severe__a2/immediate_unscreened,144753.0,137515.0,70300.0,False,7238.0
radar,instance,severe,,4183855161.0,3.0,radar__evaluation,radar__evaluation__instance__severe__a3,8,158415,28.85501241698512,136565,0.5402628784827738,0.36170102270158033,34327,29574,0.8615375651819268,102238,14247,0.13935131751403587,0.4846323854427582,0.18598151248271344,confirmed,True,hddm_w,complete,results/per_dataset_study/fixed_responses/runs/radar/hddm_w/radar__evaluation__instance__severe__a3/confirmed_screened,,,,,
radar,instance,severe,,4183855161.0,3.0,radar__evaluation,radar__evaluation__instance__severe__a3,11,158415,25.897285416984232,136565,0.5359792040420313,0.3753854905186262,34327,34327,1.0,102238,0,0.0,0.48808015323412407,0.21480457092947086,confirmed,False,hddm_w,complete,results/per_dataset_study/fixed_responses/runs/radar/hddm_w/radar__evaluation__instance__severe__a3/confirmed_unscreened,144753.0,158415.0,31350.0,False,7238.0
radar,instance,severe,,4183855161.0,3.0,radar__evaluation,radar__evaluation__instance__severe__a3,25,137515,20.53802491701208,136565,0.6043715446856808,0.4442062620454864,34327,23675,0.6896903312261485,102238,31148,0.3046616717854418,0.623648150876676,0.17692699614236845,immediate,True,hddm_w,complete,results/per_dataset_study/fixed_responses/runs/radar/hddm_w/radar__evaluation__instance__severe__a3/immediate_screened,144753.0,95715.0,23750.0,False,7238.0
radar,instance,severe,,4183855161.0,3.0,radar__evaluation,radar__evaluation__instance__severe__a3,68,137515,15.896832417027326,136565,0.6625782594368982,0.5957844371100701,34327,34327,1.0,102238,0,0.0,0.6532193900103138,0.22090399592401194,immediate,False,hddm_w,complete,results/per_dataset_study/fixed_responses/runs/radar/hddm_w/radar__evaluation__instance__severe__a3/immediate_unscreened,144753.0,137515.0,64600.0,False,7238.0
radar,instance,severe,,1699676806.0,4.0,radar__evaluation,radar__evaluation__instance__severe__a4,7,158415,29.3571659589943,136565,0.5550763372752902,0.35267276780257056,34401,29611,0.8607598616319293,102164,14210,0.13909009044281742,0.4624576396051274,0.1383652376446612,confirmed,True,hddm_w,complete,results/per_dataset_study/fixed_responses/runs/radar/hddm_w/radar__evaluation__instance__severe__a4/confirmed_screened,,,,,
radar,instance,severe,,1699676806.0,4.0,radar__evaluation,radar__evaluation__instance__severe__a4,12,160315,22.05789070800529,136565,0.5383077655328964,0.4186992587914544,34401,34401,1.0,102164,0,0.0,0.49363489023132456,0.2596549967246525,confirmed,False,hddm_w,complete,results/per_dataset_study/fixed_responses/runs/radar/hddm_w/radar__evaluation__instance__severe__a4/confirmed_unscreened,144753.0,160315.0,34200.0,True,7238.0
radar,instance,severe,,1699676806.0,4.0,radar__evaluation,radar__evaluation__instance__severe__a4,34,137515,18.806262832978973,136565,0.589038186943946,0.4250957697766167,34401,22073,0.641638324467312,102164,36122,0.35356877177870877,0.5566966259024606,0.17563141422228692,immediate,True,hddm_w,complete,results/per_dataset_study/fixed_responses/runs/radar/hddm_w/radar__evaluation__instance__severe__a4/immediate_screened,144753.0,89065.0,32300.0,False,7238.0
radar,instance,severe,,1699676806.0,4.0,radar__evaluation,radar__evaluation__instance__severe__a4,75,137515,14.66235300002154,136565,0.6870647676930399,0.624408037619836,34401,34401,1.0,102164,0,0.0,0.6784882864299396,0.22329136036101607,immediate,False,hddm_w,complete,results/per_dataset_study/fixed_responses/runs/radar/hddm_w/radar__evaluation__instance__severe__a4/immediate_unscreened,144753.0,137515.0,71250.0,False,7238.0
radar,splice,moderate,,424767608.0,0.0,radar__evaluation,radar__evaluation__splice__moderate__a0,8,166015,37.15674395801034,116110,0.6132546722935148,0.4196182124045343,20455,16716,0.8172085064776339,116110,21911,0.18870898286108,0.6739671122085638,0.14323431247197915,confirmed,True,hddm_w,complete,results/per_dataset_study/fixed_responses/runs/radar/hddm_w/radar__evaluation__splice__moderate__a0/confirmed_screened,,,,,
radar,splice,moderate,,424767608.0,0.0,radar__evaluation,radar__evaluation__splice__moderate__a0,12,160315,26.047246583009837,116110,0.6375333735251055,0.47292481452785673,20455,20455,1.0,116110,0,0.0,0.7049403260149946,0.175232054198562,confirmed,False,hddm_w,complete,results/per_dataset_study/fixed_responses/runs/radar/hddm_w/radar__evaluation__splice__moderate__a0/confirmed_unscreened,144753.0,160315.0,34200.0,False,7238.0
radar,splice,moderate,,424767608.0,0.0,radar__evaluation,radar__evaluation__splice__moderate__a0,47,137515,16.777002624992747,116110,0.6103780897424855,0.4559785869900431,20455,11331,0.5539476900513322,116110,46926,0.40415123589699425,0.7006996260310985,0.2041910897829733,immediate,True,hddm_w,complete,results/per_dataset_study/fixed_responses/runs/radar/hddm_w/radar__evaluation__splice__moderate__a0/immediate_screened,144753.0,81465.0,44650.0,False,7238.0
radar,splice,moderate,,424767608.0,0.0,radar__evaluation,radar__evaluation__splice__moderate__a0,105,137515,13.730007833015407,116110,0.6899319610713978,0.594967339723345,20455,20455,1.0,116110,0,0.0,0.7564370962835723,0.22320375936104148,immediate,False,hddm_w,complete,results/per_dataset_study/fixed_responses/runs/radar/hddm_w/radar__evaluation__splice__moderate__a0/immediate_unscreened,144753.0,137515.0,99750.0,False,7238.0
radar,splice,moderate,,3027246665.0,1.0,radar__evaluation,radar__evaluation__splice__moderate__a1,10,166015,32.13114004099043,116177,0.5709391704037804,0.44228288851943387,20388,16586,0.813517755542476,116177,17098,0.14717198757068956,0.708137945354813,0.2520638509231665,confirmed,True,hddm_w,complete,results/per_dataset_study/fixed_responses/runs/radar/hddm_w/radar__evaluation__splice__moderate__a1/confirmed_screened,,,,,
radar,splice,moderate,,3027246665.0,1.0,radar__evaluation,radar__evaluation__splice__moderate__a1,13,162215,25.60206274999655,116177,0.6361672275923806,0.5083178991312711,20388,20388,1.0,116177,0,0.0,0.7394230935612812,0.20672764018771622,confirmed,False,hddm_w,complete,results/per_dataset_study/fixed_responses/runs/radar/hddm_w/radar__evaluation__splice__moderate__a1/confirmed_unscreened,144753.0,162215.0,37050.0,False,7238.0
radar,splice,moderate,,3027246665.0,1.0,radar__evaluation,radar__evaluation__splice__moderate__a1,36,137515,15.551425583020318,116177,0.613632646737306,0.4743125641335878,20388,9887,0.48494212281734356,116177,49349,0.4247742668514422,0.7060441937325881,0.2339088137567225,immediate,True,hddm_w,complete,results/per_dataset_study/fixed_responses/runs/radar/hddm_w/radar__evaluation__splice__moderate__a1/immediate_screened,144753.0,77665.0,34200.0,False,7238.0
radar,splice,moderate,,3027246665.0,1.0,radar__evaluation,radar__evaluation__splice__moderate__a1,100,137515,13.8915381670231,116177,0.7159678766020813,0.6403181444730778,20388,20388,1.0,116177,0,0.0,0.8288487826824246,0.21678142020347343,immediate,False,hddm_w,complete,results/per_dataset_study/fixed_responses/runs/radar/hddm_w/radar__evaluation__splice__moderate__a1/immediate_unscreened,144753.0,137515.0,95000.0,False,7238.0
radar,splice,moderate,,2843988057.0,2.0,radar__evaluation,radar__evaluation__splice__moderate__a2,11,166015,32.0668509999814,116127,0.6271409749670619,0.5196930079199218,20438,16692,0.8167139641843625,116127,21904,0.1886210786466541,0.765701175795813,0.23364058542077118,confirmed,True,hddm_w,complete,results/per_dataset_study/fixed_responses/runs/radar/hddm_w/radar__evaluation__splice__moderate__a2/confirmed_screened,,,,,
radar,splice,moderate,,2843988057.0,2.0,radar__evaluation,radar__evaluation__splice__moderate__a2,14,164115,22.287488667003345,116127,0.6924487845203958,0.6048012305909651,20438,20438,1.0,116127,0,0.0,0.7740852578484793,0.19562693498452013,confirmed,False,hddm_w,complete,results/per_dataset_study/fixed_responses/runs/radar/hddm_w/radar__evaluation__splice__moderate__a2/confirmed_unscreened,144753.0,164115.0,39900.0,True,7238.0
radar,splice,moderate,,2843988057.0,2.0,radar__evaluation,radar__evaluation__splice__moderate__a2,41,137515,16.567706834001,116127,0.551508262505705,0.4480238269588461,20438,10306,0.5042567765926216,116127,50668,0.4363154132975105,0.6388265659002345,0.31636996904024767,immediate,True,hddm_w,complete,results/per_dataset_study/fixed_responses/runs/radar/hddm_w/radar__evaluation__splice__moderate__a2/immediate_screened,144753.0,76715.0,38715.0,False,7238.0
radar,splice,moderate,,2843988057.0,2.0,radar__evaluation,radar__evaluation__splice__moderate__a2,105,137515,13.456255958997644,116127,0.689064558629776,0.6381129485301693,20438,20438,1.0,116127,0,0.0,0.7517670675956072,0.26363284548269067,immediate,False,hddm_w,complete,results/per_dataset_study/fixed_responses/runs/radar/hddm_w/radar__evaluation__splice__moderate__a2/immediate_unscreened,144753.0,137515.0,99515.0,False,7238.0
radar,splice,moderate,,3964723791.0,3.0,radar__evaluation,radar__evaluation__splice__moderate__a3,9,160315,30.5287339159986,116141,0.6102926615062726,0.4696731906118361,20424,16777,0.8214355660007834,116141,24853,0.2139898915972826,0.6560892240467968,0.1767786478066852,confirmed,True,hddm_w,complete,results/per_dataset_study/fixed_responses/runs/radar/hddm_w/radar__evaluation__splice__moderate__a3/confirmed_screened,,,,,
radar,splice,moderate,,3964723791.0,3.0,radar__evaluation,radar__evaluation__splice__moderate__a3,13,162215,24.519565750000766,116141,0.6353914638241448,0.5160062756700367,20424,20424,1.0,116141,0,0.0,0.7030974698710268,0.20090932053548877,confirmed,False,hddm_w,complete,results/per_dataset_study/fixed_responses/runs/radar/hddm_w/radar__evaluation__splice__moderate__a3/confirmed_unscreened,144753.0,162215.0,37050.0,False,7238.0
radar,splice,moderate,,3964723791.0,3.0,radar__evaluation,radar__evaluation__splice__moderate__a3,39,137515,16.40120433398988,116141,0.6189717670762264,0.5056399071997209,20424,12192,0.5969447708578144,116141,48768,0.4199033932891916,0.6275636056099796,0.21114759619432516,immediate,True,hddm_w,complete,results/per_dataset_study/fixed_responses/runs/radar/hddm_w/radar__evaluation__splice__moderate__a3/immediate_screened,144753.0,80515.0,37050.0,False,7238.0
radar,splice,moderate,,3964723791.0,3.0,radar__evaluation,radar__evaluation__splice__moderate__a3,96,137515,14.496965958009241,116141,0.6796049629329867,0.6226940521321556,20424,20424,1.0,116141,0,0.0,0.7410317851857072,0.2543066430916898,immediate,False,hddm_w,complete,results/per_dataset_study/fixed_responses/runs/radar/hddm_w/radar__evaluation__splice__moderate__a3/immediate_unscreened,144753.0,137515.0,91200.0,False,7238.0
radar,splice,moderate,,216158045.0,4.0,radar__evaluation,radar__evaluation__splice__moderate__a4,9,162215,31.40894545800984,116114,0.6450729455535078,0.49804275563185174,20451,16855,0.8241650775023226,116114,23004,0.19811564496959885,0.6967469879518072,0.12707277553693935,confirmed,True,hddm_w,complete,results/per_dataset_study/fixed_responses/runs/radar/hddm_w/radar__evaluation__splice__moderate__a4/confirmed_screened,,,,,
radar,splice,moderate,,216158045.0,4.0,radar__evaluation,radar__evaluation__splice__moderate__a4,13,162215,23.742316249990836,116114,0.6884441152660317,0.5599801319174795,20451,20451,1.0,116114,0,0.0,0.811566265060241,0.17363050298203883,confirmed,False,hddm_w,complete,results/per_dataset_study/fixed_responses/runs/radar/hddm_w/radar__evaluation__splice__moderate__a4/confirmed_unscreened,144753.0,162215.0,37050.0,False,7238.0
radar,splice,moderate,,216158045.0,4.0,radar__evaluation,radar__evaluation__splice__moderate__a4,33,137515,16.88391795899952,116114,0.6070930292643436,0.46058915997111755,20451,9492,0.4641337831890861,116114,48891,0.4210603372547669,0.6322547332185886,0.20598476229875548,immediate,True,hddm_w,complete,results/per_dataset_study/fixed_responses/runs/radar/hddm_w/radar__evaluation__splice__moderate__a4/immediate_screened,144753.0,77665.0,31350.0,False,7238.0
radar,splice,moderate,,216158045.0,4.0,radar__evaluation,radar__evaluation__splice__moderate__a4,106,137515,14.25865120801609,116114,0.7176137244432196,0.655332996980132,20451,20451,1.0,116114,0,0.0,0.8072805507745267,0.2320474368255938,immediate,False,hddm_w,complete,results/per_dataset_study/fixed_responses/runs/radar/hddm_w/radar__evaluation__splice__moderate__a4/immediate_unscreened,144753.0,137515.0,100700.0,False,7238.0
radar,splice,severe,,1946032787.0,0.0,radar__evaluation,radar__evaluation__splice__severe__a0,10,160315,33.491416832985124,102359,0.5697398372395197,0.4043669321370338,34206,29339,0.8577150207565925,102359,17933,0.17519710040152794,0.6016556811048337,0.20639121888562365,confirmed,True,hddm_w,complete,results/per_dataset_study/fixed_responses/runs/radar/hddm_w/radar__evaluation__splice__severe__a0/confirmed_screened,,,,,
radar,splice,severe,,1946032787.0,0.0,radar__evaluation,radar__evaluation__splice__severe__a0,12,160315,28.512456458003726,102359,0.6328803524848816,0.505633855176052,34206,34206,1.0,102359,0,0.0,0.7348360012554928,0.22209680244438823,confirmed,False,hddm_w,complete,results/per_dataset_study/fixed_responses/runs/radar/hddm_w/radar__evaluation__splice__severe__a0/confirmed_unscreened,144753.0,160315.0,34200.0,False,7238.0
radar,splice,severe,,1946032787.0,0.0,radar__evaluation,radar__evaluation__splice__severe__a0,45,137515,17.432871415978298,102359,0.5780048652292422,0.4552298972605491,34206,19470,0.5691983862480267,102359,47014,0.45930499516407935,0.6874411487758946,0.27931417005624426,immediate,True,hddm_w,complete,results/per_dataset_study/fixed_responses/runs/radar/hddm_w/radar__evaluation__splice__severe__a0/immediate_screened,144753.0,75765.0,42750.0,False,7238.0
radar,splice,severe,,1946032787.0,0.0,radar__evaluation,radar__evaluation__splice__severe__a0,111,137515,14.875649875000818,102359,0.7033382506667709,0.6056245250921054,34206,34206,1.0,102359,0,0.0,0.8026129943502824,0.21503220909639376,immediate,False,hddm_w,complete,results/per_dataset_study/fixed_responses/runs/radar/hddm_w/radar__evaluation__splice__severe__a0/immediate_unscreened,144753.0,137515.0,105450.0,False,7238.0
radar,splice,severe,,2444082711.0,1.0,radar__evaluation,radar__evaluation__splice__severe__a1,11,166015,31.55377816600958,102317,0.5939873139361006,0.4530923830503791,34248,24651,0.7197792571829011,102317,22703,0.22188883567735568,0.7007658535624988,0.2418290505395544,confirmed,True,hddm_w,complete,results/per_dataset_study/fixed_responses/runs/radar/hddm_w/radar__evaluation__splice__severe__a1/confirmed_screened,,,,,
radar,splice,severe,,2444082711.0,1.0,radar__evaluation,radar__evaluation__splice__severe__a1,13,162215,27.32400225001038,102317,0.6082664659831699,0.46937340291437196,34248,34248,1.0,102317,0,0.0,0.6454629574941428,0.22447791320549645,confirmed,False,hddm_w,complete,results/per_dataset_study/fixed_responses/runs/radar/hddm_w/radar__evaluation__splice__severe__a1/confirmed_unscreened,144753.0,162215.0,37050.0,False,7238.0
radar,splice,severe,,2444082711.0,1.0,radar__evaluation,radar__evaluation__splice__severe__a1,44,137515,16.771389625006123,102317,0.5335965675303225,0.4064891354362998,34248,18578,0.542455033870591,102317,43230,0.42251043326133486,0.679325891362983,0.33335921124136325,immediate,True,hddm_w,complete,results/per_dataset_study/fixed_responses/runs/radar/hddm_w/radar__evaluation__splice__severe__a1/immediate_screened,144753.0,78615.0,41800.0,False,7238.0
radar,splice,severe,,2444082711.0,1.0,radar__evaluation,radar__evaluation__splice__severe__a1,111,137515,15.594817750010407,102317,0.6828484025137562,0.5822437972221322,34248,34248,1.0,102317,0,0.0,0.753253401059201,0.22232357736200606,immediate,False,hddm_w,complete,results/per_dataset_study/fixed_responses/runs/radar/hddm_w/radar__evaluation__splice__severe__a1/immediate_unscreened,144753.0,137515.0,105450.0,False,7238.0
radar,splice,severe,,1638213230.0,2.0,radar__evaluation,radar__evaluation__splice__severe__a2,11,167915,31.53596074998495,102366,0.5867182462927144,0.41107475813315986,34199,27956,0.8174508026550484,102366,18457,0.18030400718988726,0.6946734925163156,0.215909978901305,confirmed,True,hddm_w,complete,results/per_dataset_study/fixed_responses/runs/radar/hddm_w/radar__evaluation__splice__severe__a2/confirmed_screened,,,,,
radar,splice,severe,,1638213230.0,2.0,radar__evaluation,radar__evaluation__splice__severe__a2,13,162215,23.519098000018857,102366,0.6516226090694176,0.48791426410690214,34199,34199,1.0,102366,0,0.0,0.7463753956778303,0.13979839024771432,confirmed,False,hddm_w,complete,results/per_dataset_study/fixed_responses/runs/radar/hddm_w/radar__evaluation__splice__severe__a2/confirmed_unscreened,144753.0,162215.0,37050.0,False,7238.0
radar,splice,severe,,1638213230.0,2.0,radar__evaluation,radar__evaluation__splice__severe__a2,43,137515,16.53896358399652,102366,0.5810718402594611,0.415290140143677,34199,17190,0.5026462762069066,102366,48541,0.4741906492390051,0.6907655633279925,0.2960264124404157,immediate,True,hddm_w,complete,results/per_dataset_study/fixed_responses/runs/radar/hddm_w/radar__evaluation__splice__severe__a2/immediate_screened,144753.0,71965.0,40850.0,False,7238.0
radar,splice,severe,,1638213230.0,2.0,radar__evaluation,radar__evaluation__splice__severe__a2,113,137515,14.823116707993904,102366,0.6281968622394154,0.5543056860490697,34199,34199,1.0,102366,0,0.0,0.7600726874829028,0.3178870047667422,immediate,False,hddm_w,complete,results/per_dataset_study/fixed_responses/runs/radar/hddm_w/radar__evaluation__splice__severe__a2/immediate_unscreened,144753.0,137515.0,107350.0,False,7238.0
radar,splice,severe,,2515960843.0,3.0,radar__evaluation,radar__evaluation__splice__severe__a3,8,162215,31.749893792002695,102359,0.6073427837317676,0.43901270520952984,34206,26107,0.7632286733321639,102359,21351,0.20858937660586757,0.6620474830774146,0.20748689697387046,confirmed,True,hddm_w,complete,results/per_dataset_study/fixed_responses/runs/radar/hddm_w/radar__evaluation__splice__severe__a3/confirmed_screened,,,,,
radar,splice,severe,,2515960843.0,3.0,radar__evaluation,radar__evaluation__splice__severe__a3,14,164115,25.645623040996725,102359,0.6032884260299534,0.4616293728005808,34206,34206,1.0,102359,0,0.0,0.6400431301291907,0.22604154711350855,confirmed,False,hddm_w,complete,results/per_dataset_study/fixed_responses/runs/radar/hddm_w/radar__evaluation__splice__severe__a3/confirmed_unscreened,144753.0,164115.0,39900.0,False,7238.0
radar,splice,severe,,2515960843.0,3.0,radar__evaluation,radar__evaluation__splice__severe__a3,48,137515,16.097911667020526,102359,0.5661837259058803,0.4260731892071848,34206,17662,0.5163421621937672,102359,38556,0.37667425434011664,0.6465525848126036,0.27273422854738133,immediate,True,hddm_w,complete,results/per_dataset_study/fixed_responses/runs/radar/hddm_w/radar__evaluation__splice__severe__a3/immediate_screened,144753.0,82415.0,45365.0,False,7238.0
radar,splice,severe,,2515960843.0,3.0,radar__evaluation,radar__evaluation__splice__severe__a3,112,137515,14.379054334014654,102359,0.6936077921824167,0.620859743075449,34206,34206,1.0,102359,0,0.0,0.7868652782492362,0.24042618309805272,immediate,False,hddm_w,complete,results/per_dataset_study/fixed_responses/runs/radar/hddm_w/radar__evaluation__splice__severe__a3/immediate_unscreened,144753.0,137515.0,106165.0,False,7238.0
radar,splice,severe,,2498603841.0,4.0,radar__evaluation,radar__evaluation__splice__severe__a4,10,164115,31.416368334001163,102399,0.5829842088301643,0.42904285829059186,34166,25125,0.7353802025405374,102399,18509,0.18075371829803025,0.7034372659545114,0.2325158243162153,confirmed,True,hddm_w,complete,results/per_dataset_study/fixed_responses/runs/radar/hddm_w/radar__evaluation__splice__severe__a4/confirmed_screened,,,,,
radar,splice,severe,,2498603841.0,4.0,radar__evaluation,radar__evaluation__splice__severe__a4,12,160315,28.32797654098249,102399,0.638853895057569,0.4817360889090482,34166,34166,1.0,102399,0,0.0,0.655642713548031,0.1736513036913726,confirmed,False,hddm_w,complete,results/per_dataset_study/fixed_responses/runs/radar/hddm_w/radar__evaluation__splice__severe__a4/confirmed_unscreened,144753.0,160315.0,34200.0,False,7238.0
radar,splice,severe,,2498603841.0,4.0,radar__evaluation,radar__evaluation__splice__severe__a4,46,137515,16.79119966601138,102399,0.6270373734118497,0.4623631958521385,34166,20039,0.5865187613416847,102399,43823,0.42796316370277054,0.7000670109188379,0.18197479723582585,immediate,True,hddm_w,complete,results/per_dataset_study/fixed_responses/runs/radar/hddm_w/radar__evaluation__splice__severe__a4/immediate_screened,144753.0,79565.0,43700.0,False,7238.0
radar,splice,severe,,2498603841.0,4.0,radar__evaluation,radar__evaluation__splice__severe__a4,109,137515,14.980027583020274,102399,0.6645572710671003,0.5873526347070976,34166,34166,1.0,102399,0,0.0,0.7925617880089874,0.2664872921546234,immediate,False,hddm_w,complete,results/per_dataset_study/fixed_responses/runs/radar/hddm_w/radar__evaluation__splice__severe__a4/immediate_unscreened,144753.0,137515.0,103550.0,False,7238.0
radar,clean,none,,,,radar__evaluation,radar__evaluation__clean__none__aNone,2,141315,34.99608112500573,136565,0.6215941126935891,0.521195681655464,0,0,,136565,26600,0.19477904294658221,0.650847207897451,0.22177742193755004,confirmed,True,hellinger,complete,results/per_dataset_study/fixed_responses/runs/radar/hellinger/radar__evaluation__clean__none__aNone/confirmed_screened,,,,,
radar,clean,none,,,,radar__evaluation,radar__evaluation__clean__none__aNone,2,141315,25.14161887500086,136565,0.6961666605645663,0.5977405104541174,0,0,,136565,0,0.0,0.8180050095771327,0.16488827425576824,confirmed,False,hellinger,complete,results/per_dataset_study/fixed_responses/runs/radar/hellinger/radar__evaluation__clean__none__aNone/confirmed_unscreened,144753.0,141315.0,5700.0,False,7238.0
radar,clean,none,,,,radar__evaluation,radar__evaluation__clean__none__aNone,3,137515,27.347890459001064,136565,0.5980814996521803,0.4499288157280463,0,0,,136565,37050,0.27129938124702524,0.6946662737586563,0.2269888638183274,immediate,True,hellinger,complete,results/per_dataset_study/fixed_responses/runs/radar/hellinger/radar__evaluation__clean__none__aNone/immediate_screened,144753.0,100465.0,2850.0,False,7238.0
radar,clean,none,,,,radar__evaluation,radar__evaluation__clean__none__aNone,5,137515,19.207499250012916,136565,0.6664152601325376,0.5603567093891092,0,0,,136565,0,0.0,0.8250773537645498,0.22253439114928306,immediate,False,hellinger,complete,results/per_dataset_study/fixed_responses/runs/radar/hellinger/radar__evaluation__clean__none__aNone/immediate_unscreened,144753.0,137515.0,4750.0,False,7238.0
radar,concept,moderate,,3910140397.0,0.0,radar__evaluation,radar__evaluation__concept__moderate__a0,6,150815,57.14311558299232,116083,0.6313241387627818,0.5080202108641021,20482,16755,0.8180353481105361,116083,20023,0.17248865036224081,0.7849094670610564,0.23333217584554483,confirmed,True,hellinger,complete,results/per_dataset_study/fixed_responses/runs/radar/hellinger/radar__evaluation__concept__moderate__a0/confirmed_screened,,,,,
radar,concept,moderate,,3910140397.0,0.0,radar__evaluation,radar__evaluation__concept__moderate__a0,8,152715,47.42491029101075,116083,0.6404986087540812,0.5030966731680422,20482,20482,1.0,116083,0,0.0,0.7893378015627405,0.22699493020348635,confirmed,False,hellinger,complete,results/per_dataset_study/fixed_responses/runs/radar/hellinger/radar__evaluation__concept__moderate__a0/confirmed_unscreened,144753.0,152715.0,22800.0,False,7238.0
radar,concept,moderate,,3910140397.0,0.0,radar__evaluation,radar__evaluation__concept__moderate__a0,5,137515,46.82565725001041,116083,0.639585469017858,0.4829576068670734,20482,16240,0.7928913192071086,116083,25208,0.21715496670485773,0.7639988373484706,0.18527328286686576,immediate,True,hellinger,complete,results/per_dataset_study/fixed_responses/runs/radar/hellinger/radar__evaluation__concept__moderate__a0/immediate_screened,144753.0,108065.0,4750.0,False,7238.0
radar,concept,moderate,,3910140397.0,0.0,radar__evaluation,radar__evaluation__concept__moderate__a0,11,137515,39.50737879099324,116083,0.6735439297743856,0.5627482086741974,20482,20482,1.0,116083,0,0.0,0.7893890950125669,0.19164525314257935,immediate,False,hellinger,complete,results/per_dataset_study/fixed_responses/runs/radar/hellinger/radar__evaluation__concept__moderate__a0/immediate_unscreened,144753.0,137515.0,10450.0,False,7238.0
radar,concept,moderate,,4018716551.0,1.0,radar__evaluation,radar__evaluation__concept__moderate__a1,3,145115,59.493710957991425,116159,0.6406563417384792,0.4730751048732983,20406,16490,0.8080956581397628,116159,18884,0.16257027006086486,0.7897964922146848,0.16823328889413908,confirmed,True,hellinger,complete,results/per_dataset_study/fixed_responses/runs/radar/hellinger/radar__evaluation__concept__moderate__a1/confirmed_screened,,,,,
radar,concept,moderate,,4018716551.0,1.0,radar__evaluation,radar__evaluation__concept__moderate__a1,7,150815,44.46855062499526,116159,0.6071763703199924,0.428513401913269,20406,20406,1.0,116159,0,0.0,0.6957927665108432,0.1712202777730901,confirmed,False,hellinger,complete,results/per_dataset_study/fixed_responses/runs/radar/hellinger/radar__evaluation__concept__moderate__a1/confirmed_unscreened,144753.0,150815.0,19950.0,False,7238.0
radar,concept,moderate,,4018716551.0,1.0,radar__evaluation,radar__evaluation__concept__moderate__a1,2,137515,56.48274466599105,116159,0.6522955603956646,0.5124001475420111,20406,14646,0.7177300793884152,116159,22740,0.19576614812455342,0.7773540473094092,0.17311034983208734,immediate,True,hellinger,complete,results/per_dataset_study/fixed_responses/runs/radar/hellinger/radar__evaluation__concept__moderate__a1/immediate_screened,144753.0,109015.0,1900.0,False,7238.0
radar,concept,moderate,,4018716551.0,1.0,radar__evaluation,radar__evaluation__concept__moderate__a1,3,137515,42.99110416698386,116159,0.7068931378541482,0.5458850380652209,20406,20406,1.0,116159,0,0.0,0.8719025693297248,0.1678620247396932,immediate,False,hellinger,complete,results/per_dataset_study/fixed_responses/runs/radar/hellinger/radar__evaluation__concept__moderate__a1/immediate_unscreened,144753.0,137515.0,2850.0,False,7238.0
radar,concept,moderate,,1880718146.0,2.0,radar__evaluation,radar__evaluation__concept__moderate__a2,0,137515,70.833470957994,116167,0.6510282610379884,0.4673798930766617,20398,17137,0.8401313854299441,116167,13839,0.11913021770382294,0.7817253648223585,0.12205973649720632,confirmed,True,hellinger,complete,results/per_dataset_study/fixed_responses/runs/radar/hellinger/radar__evaluation__concept__moderate__a2/confirmed_screened,,,,,
radar,concept,moderate,,1880718146.0,2.0,radar__evaluation,radar__evaluation__concept__moderate__a2,0,137515,44.00185591599438,116167,0.6580268062358501,0.4514677413917355,20398,20398,1.0,116167,0,0.0,0.8139191117069733,0.09977926467545009,confirmed,False,hellinger,complete,results/per_dataset_study/fixed_responses/runs/radar/hellinger/radar__evaluation__concept__moderate__a2/confirmed_unscreened,144753.0,137515.0,0.0,False,7238.0
radar,concept,moderate,,1880718146.0,2.0,radar__evaluation,radar__evaluation__concept__moderate__a2,1,137515,54.729993917018874,116167,0.6291631874800934,0.4326115592824999,20398,16341,0.8011079517599765,116167,21593,0.18587895013213734,0.6229395486343869,0.08960474580947782,immediate,True,hellinger,complete,results/per_dataset_study/fixed_responses/runs/radar/hellinger/radar__evaluation__concept__moderate__a2/immediate_screened,144753.0,111865.0,950.0,False,7238.0
radar,concept,moderate,,1880718146.0,2.0,radar__evaluation,radar__evaluation__concept__moderate__a2,10,137515,42.917045834008604,116167,0.6570110272280424,0.4972193319634317,20398,20398,1.0,116167,0,0.0,0.773543718523866,0.168310684969304,immediate,False,hellinger,complete,results/per_dataset_study/fixed_responses/runs/radar/hellinger/radar__evaluation__concept__moderate__a2/immediate_unscreened,144753.0,137515.0,9500.0,False,7238.0
radar,concept,moderate,,510794814.0,3.0,radar__evaluation,radar__evaluation__concept__moderate__a3,3,143215,59.42389558299328,116161,0.6343178863818321,0.4861333688270618,20404,16669,0.8169476573220937,116161,14315,0.12323413193756941,0.7422756641608422,0.19161051212938005,confirmed,True,hellinger,complete,results/per_dataset_study/fixed_responses/runs/radar/hellinger/radar__evaluation__concept__moderate__a3/confirmed_screened,,,,,
radar,concept,moderate,,510794814.0,3.0,radar__evaluation,radar__evaluation__concept__moderate__a3,3,143215,44.661062332976144,116161,0.6319935262265304,0.4937252466365142,20404,20404,1.0,116161,0,0.0,0.7352335346208694,0.1821765498652291,confirmed,False,hellinger,complete,results/per_dataset_study/fixed_responses/runs/radar/hellinger/radar__evaluation__concept__moderate__a3/confirmed_unscreened,144753.0,143215.0,8550.0,False,7238.0
radar,concept,moderate,,510794814.0,3.0,radar__evaluation,radar__evaluation__concept__moderate__a3,4,137515,51.98348637498566,116161,0.6333709248370796,0.48205490094892495,20404,14967,0.7335326406586944,116161,26863,0.2312566179698866,0.6725233710674108,0.17058625336927224,immediate,True,hellinger,complete,results/per_dataset_study/fixed_responses/runs/radar/hellinger/radar__evaluation__concept__moderate__a3/immediate_screened,144753.0,105215.0,3800.0,False,7238.0
radar,concept,moderate,,510794814.0,3.0,radar__evaluation,radar__evaluation__concept__moderate__a3,6,137515,40.405192041012924,116161,0.6733327020256369,0.5460356763955877,20404,20404,1.0,116161,0,0.0,0.7835073326173835,0.19331199460916443,immediate,False,hellinger,complete,results/per_dataset_study/fixed_responses/runs/radar/hellinger/radar__evaluation__concept__moderate__a3/immediate_unscreened,144753.0,137515.0,5700.0,False,7238.0
radar,concept,moderate,,342140863.0,4.0,radar__evaluation,radar__evaluation__concept__moderate__a4,3,143215,52.71862883400172,116087,0.6125405945540844,0.45480801377268054,20478,16828,0.8217599374938959,116087,16300,0.14041193242998784,0.724698805303043,0.14441262770884153,confirmed,True,hellinger,complete,results/per_dataset_study/fixed_responses/runs/radar/hellinger/radar__evaluation__concept__moderate__a4/confirmed_screened,,,,,
radar,concept,moderate,,342140863.0,4.0,radar__evaluation,radar__evaluation__concept__moderate__a4,3,143215,46.75737583299633,116087,0.6560252224624635,0.5192024776241952,20478,20478,1.0,116087,0,0.0,0.8022448876716012,0.15994980026160427,confirmed,False,hellinger,complete,results/per_dataset_study/fixed_responses/runs/radar/hellinger/radar__evaluation__concept__moderate__a4/confirmed_unscreened,144753.0,143215.0,8550.0,False,7238.0
radar,concept,moderate,,342140863.0,4.0,radar__evaluation,radar__evaluation__concept__moderate__a4,0,137515,60.68085308402078,116087,0.6562836493319666,0.48880950516623556,20478,18113,0.884510206074812,116087,16635,0.14329769913943852,0.7592626821030699,0.12229999646480716,immediate,True,hellinger,complete,results/per_dataset_study/fixed_responses/runs/radar/hellinger/radar__evaluation__concept__moderate__a4/immediate_screened,144753.0,118515.0,0.0,False,7238.0
radar,concept,moderate,,342140863.0,4.0,radar__evaluation,radar__evaluation__concept__moderate__a4,9,137515,41.64982962500653,116087,0.6644585526372462,0.5559925304255104,20478,20478,1.0,116087,0,0.0,0.8359518088484869,0.20733906034574187,immediate,False,hellinger,complete,results/per_dataset_study/fixed_responses/runs/radar/hellinger/radar__evaluation__concept__moderate__a4/immediate_unscreened,144753.0,137515.0,8550.0,False,7238.0
radar,concept,severe,,1008509576.0,0.0,radar__evaluation,radar__evaluation__concept__severe__a0,6,148915,59.27169445899199,102341,0.6522996648459561,0.506524776540594,34224,28743,0.8398492286115007,102341,14469,0.1413802874703198,0.7301756562875644,0.13444831865728976,confirmed,True,hellinger,complete,results/per_dataset_study/fixed_responses/runs/radar/hellinger/radar__evaluation__concept__severe__a0/confirmed_screened,,,,,
radar,concept,severe,,1008509576.0,0.0,radar__evaluation,radar__evaluation__concept__severe__a0,5,147015,46.78487891700934,102341,0.6541366607713429,0.5170137951221099,34224,34224,1.0,102341,0,0.0,0.7962697274031564,0.17912652916494298,confirmed,False,hellinger,complete,results/per_dataset_study/fixed_responses/runs/radar/hellinger/radar__evaluation__concept__severe__a0/confirmed_unscreened,144753.0,147015.0,14250.0,False,7238.0
radar,concept,severe,,1008509576.0,0.0,radar__evaluation,radar__evaluation__concept__severe__a0,3,137515,56.2418721250142,102341,0.6169374932822622,0.48764801690344517,34224,26660,0.7789855072463768,102341,23786,0.2324190695811063,0.7582302532087324,0.2039477572247503,immediate,True,hellinger,complete,results/per_dataset_study/fixed_responses/runs/radar/hellinger/radar__evaluation__concept__severe__a0/immediate_screened,144753.0,106165.0,2850.0,False,7238.0
radar,concept,severe,,1008509576.0,0.0,radar__evaluation,radar__evaluation__concept__severe__a0,10,137515,42.6384772080055,102341,0.6970129273702622,0.5827508737456104,34224,34224,1.0,102341,0,0.0,0.8112373492574353,0.15081850954435316,immediate,False,hellinger,complete,results/per_dataset_study/fixed_responses/runs/radar/hellinger/radar__evaluation__concept__severe__a0/immediate_unscreened,144753.0,137515.0,9500.0,False,7238.0
radar,concept,severe,,1163742248.0,1.0,radar__evaluation,radar__evaluation__concept__severe__a1,4,145115,64.27363974999753,102426,0.6657586940815808,0.5090406389006262,34139,29554,0.8656961246668033,102426,12515,0.12218577314353778,0.8090341315936033,0.13691275167785236,confirmed,True,hellinger,complete,results/per_dataset_study/fixed_responses/runs/radar/hellinger/radar__evaluation__concept__severe__a1/confirmed_screened,,,,,
radar,concept,severe,,1163742248.0,1.0,radar__evaluation,radar__evaluation__concept__severe__a1,3,143215,45.19027104199631,102426,0.6524515259797317,0.49863077802401595,34139,34139,1.0,102426,0,0.0,0.8388296602752805,0.14968360498561842,confirmed,False,hellinger,complete,results/per_dataset_study/fixed_responses/runs/radar/hellinger/radar__evaluation__concept__severe__a1/confirmed_unscreened,144753.0,143215.0,8550.0,False,7238.0
radar,concept,severe,,1163742248.0,1.0,radar__evaluation,radar__evaluation__concept__severe__a1,8,137515,53.86362704099156,102426,0.6276628980922813,0.4707790178955838,34139,27546,0.8068777644336389,102426,19057,0.18605627477398318,0.7439334871509269,0.15503355704697985,immediate,True,hellinger,complete,results/per_dataset_study/fixed_responses/runs/radar/hellinger/radar__evaluation__concept__severe__a1/immediate_screened,144753.0,111865.0,7600.0,False,7238.0
radar,concept,severe,,1163742248.0,1.0,radar__evaluation,radar__evaluation__concept__severe__a1,12,137515,42.85423720799736,102426,0.6733348954367055,0.5496233036126184,34139,34139,1.0,102426,0,0.0,0.7765932055056091,0.2048705656759348,immediate,False,hellinger,complete,results/per_dataset_study/fixed_responses/runs/radar/hellinger/radar__evaluation__concept__severe__a1/immediate_unscreened,144753.0,137515.0,11400.0,False,7238.0
radar,concept,severe,,3789935020.0,2.0,radar__evaluation,radar__evaluation__concept__severe__a2,0,139415,69.35189091699431,102403,0.6690819604894388,0.4933899326618002,34162,28587,0.8368069785141385,102403,17225,0.16820796265734403,0.785250501002004,0.12157400529493553,confirmed,True,hellinger,complete,results/per_dataset_study/fixed_responses/runs/radar/hellinger/radar__evaluation__concept__severe__a2/confirmed_screened,,,,,
radar,concept,severe,,3789935020.0,2.0,radar__evaluation,radar__evaluation__concept__severe__a2,2,141315,43.290818832989316,102403,0.6502739177563157,0.45133272468498165,34162,34162,1.0,102403,0,0.0,0.7430861723446894,0.11685046568767499,confirmed,False,hellinger,complete,results/per_dataset_study/fixed_responses/runs/radar/hellinger/radar__evaluation__concept__severe__a2/confirmed_unscreened,144753.0,141315.0,5700.0,False,7238.0
radar,concept,severe,,3789935020.0,2.0,radar__evaluation,radar__evaluation__concept__severe__a2,5,137515,55.009591416979674,102403,0.6455279630479576,0.481495122829337,34162,26025,0.7618113693577659,102403,26063,0.2545140279093386,0.788937875751503,0.1430584918957012,immediate,True,hellinger,complete,results/per_dataset_study/fixed_responses/runs/radar/hellinger/radar__evaluation__concept__severe__a2/immediate_screened,144753.0,103315.0,4515.0,False,7238.0
radar,concept,severe,,3789935020.0,2.0,radar__evaluation,radar__evaluation__concept__severe__a2,4,137515,44.24939466701471,102403,0.6130777418630313,0.4236556636868619,34162,34162,1.0,102403,0,0.0,0.7569939879759519,0.15132468620840714,immediate,False,hellinger,complete,results/per_dataset_study/fixed_responses/runs/radar/hellinger/radar__evaluation__concept__severe__a2/immediate_unscreened,144753.0,137515.0,3800.0,False,7238.0
radar,concept,severe,,3335947267.0,3.0,radar__evaluation,radar__evaluation__concept__severe__a3,2,141315,69.22463929199148,102355,0.5922426847735821,0.4140812761576871,34210,28474,0.8323297281496639,102355,13264,0.1295881979385472,0.7894997996144965,0.19839458723676837,confirmed,True,hellinger,complete,results/per_dataset_study/fixed_responses/runs/radar/hellinger/radar__evaluation__concept__severe__a3/confirmed_screened,,,,,
radar,concept,severe,,3335947267.0,3.0,radar__evaluation,radar__evaluation__concept__severe__a3,2,141315,48.3901988749858,102355,0.5940891993551853,0.4031926007582247,34210,34210,1.0,102355,0,0.0,0.8138895780453825,0.19641284330210584,confirmed,False,hellinger,complete,results/per_dataset_study/fixed_responses/runs/radar/hellinger/radar__evaluation__concept__severe__a3/confirmed_unscreened,144753.0,141315.0,5700.0,False,7238.0
radar,concept,severe,,3335947267.0,3.0,radar__evaluation,radar__evaluation__concept__severe__a3,3,137515,53.74713129198062,102355,0.6014361780079136,0.42308256093400104,34210,26853,0.7849459222449576,102355,21143,0.20656538517903375,0.6734670508979179,0.15029225718632397,immediate,True,hellinger,complete,results/per_dataset_study/fixed_responses/runs/radar/hellinger/radar__evaluation__concept__severe__a3/immediate_screened,144753.0,109015.0,2850.0,False,7238.0
radar,concept,severe,,3335947267.0,3.0,radar__evaluation,radar__evaluation__concept__severe__a3,9,137515,45.75164541599224,102355,0.6256558057740218,0.4940274777597303,34210,34210,1.0,102355,0,0.0,0.823298154544934,0.20896388822163503,immediate,False,hellinger,complete,results/per_dataset_study/fixed_responses/runs/radar/hellinger/radar__evaluation__concept__severe__a3/immediate_unscreened,144753.0,137515.0,8550.0,False,7238.0
radar,concept,severe,,948131781.0,4.0,radar__evaluation,radar__evaluation__concept__severe__a4,2,143215,60.4306843749946,102372,0.6190266869847224,0.4494679595592366,34193,27449,0.802766648144357,102372,17956,0.1753995233071543,0.7478841339849803,0.18232829855105884,confirmed,True,hellinger,complete,results/per_dataset_study/fixed_responses/runs/radar/hellinger/radar__evaluation__concept__severe__a4/confirmed_screened,,,,,
radar,concept,severe,,948131781.0,4.0,radar__evaluation,radar__evaluation__concept__severe__a4,6,148915,47.91793462500209,102372,0.5781365998515219,0.45540055524750533,34193,34193,1.0,102372,0,0.0,0.7728771804346962,0.30516161266766595,confirmed,False,hellinger,complete,results/per_dataset_study/fixed_responses/runs/radar/hellinger/radar__evaluation__concept__severe__a4/confirmed_unscreened,144753.0,148915.0,17100.0,False,7238.0
radar,concept,severe,,948131781.0,4.0,radar__evaluation,radar__evaluation__concept__severe__a4,5,137515,55.825355833017966,102372,0.5910698237799398,0.43230801766115223,34193,26818,0.7843125785979587,102372,24925,0.2434747782596804,0.8429888345849724,0.23473231100349745,immediate,True,hellinger,complete,results/per_dataset_study/fixed_responses/runs/radar/hellinger/radar__evaluation__concept__severe__a4/immediate_screened,144753.0,105215.0,4750.0,False,7238.0
radar,concept,severe,,948131781.0,4.0,radar__evaluation,radar__evaluation__concept__severe__a4,9,137515,44.776462167006684,102372,0.6456159887469229,0.49530354761258366,34193,34193,1.0,102372,0,0.0,0.8306313823657965,0.20880894730773666,immediate,False,hellinger,complete,results/per_dataset_study/fixed_responses/runs/radar/hellinger/radar__evaluation__concept__severe__a4/immediate_unscreened,144753.0,137515.0,8550.0,False,7238.0
radar,instance,moderate,,3687513746.0,0.0,radar__evaluation,radar__evaluation__instance__moderate__a0,6,154615,36.66900350000651,136565,0.577431992091678,0.4350989402253769,20653,17766,0.8602140124921319,115912,16113,0.13901062875284698,0.7195520848681303,0.22904141495014194,confirmed,True,hellinger,complete,results/per_dataset_study/fixed_responses/runs/radar/hellinger/radar__evaluation__instance__moderate__a0/confirmed_screened,,,,,
radar,instance,moderate,,3687513746.0,0.0,radar__evaluation,radar__evaluation__instance__moderate__a0,7,150815,27.39414216700243,136565,0.6347380368322777,0.5088509907346077,20653,20653,1.0,115912,0,0.0,0.7376602327979962,0.19589489773637092,confirmed,False,hellinger,complete,results/per_dataset_study/fixed_responses/runs/radar/hellinger/radar__evaluation__instance__moderate__a0/confirmed_unscreened,144753.0,150815.0,19950.0,False,7238.0
radar,instance,moderate,,3687513746.0,0.0,radar__evaluation,radar__evaluation__instance__moderate__a0,5,137515,25.76213774998905,136565,0.579453007725259,0.36652728846858496,20653,16891,0.8178472861085556,115912,20938,0.18063703499206293,0.5343156033593635,0.16535410146298857,immediate,True,hellinger,complete,results/per_dataset_study/fixed_responses/runs/radar/hellinger/radar__evaluation__instance__moderate__a0/immediate_screened,144753.0,112815.0,4750.0,False,7238.0
radar,instance,moderate,,3687513746.0,0.0,radar__evaluation,radar__evaluation__instance__moderate__a0,5,137515,25.427599000016926,136565,0.6064511404825541,0.4710146785214636,20653,20653,1.0,115912,0,0.0,0.7051127154854869,0.21556154014120388,immediate,False,hellinger,complete,results/per_dataset_study/fixed_responses/runs/radar/hellinger/radar__evaluation__instance__moderate__a0/immediate_unscreened,144753.0,137515.0,4750.0,False,7238.0
radar,instance,moderate,,2388385389.0,1.0,radar__evaluation,radar__evaluation__instance__moderate__a1,4,145115,36.49428012499993,136565,0.6058726613700436,0.42622126144287975,20598,16736,0.8125060685503447,115967,21788,0.18788103512206059,0.5872108442610874,0.15804643714971978,confirmed,True,hellinger,complete,results/per_dataset_study/fixed_responses/runs/radar/hellinger/radar__evaluation__instance__moderate__a1/confirmed_screened,,,,,
radar,instance,moderate,,2388385389.0,1.0,radar__evaluation,radar__evaluation__instance__moderate__a1,9,154615,27.401296832977096,136565,0.6055504704719364,0.4658956523876402,20598,20598,1.0,115967,0,0.0,0.6396345955503168,0.19503602882305845,confirmed,False,hellinger,complete,results/per_dataset_study/fixed_responses/runs/radar/hellinger/radar__evaluation__instance__moderate__a1/confirmed_unscreened,144753.0,154615.0,25650.0,False,7238.0
radar,instance,moderate,,2388385389.0,1.0,radar__evaluation,radar__evaluation__instance__moderate__a1,4,137515,27.789517083991086,136565,0.5668143374949658,0.3788858000366343,20598,16102,0.7817263812020585,115967,24954,0.21518190519716815,0.6401355532635922,0.22739646262464516,immediate,True,hellinger,complete,results/per_dataset_study/fixed_responses/runs/radar/hellinger/radar__evaluation__instance__moderate__a1/immediate_screened,144753.0,108065.0,3800.0,False,7238.0
radar,instance,moderate,,2388385389.0,1.0,radar__evaluation,radar__evaluation__instance__moderate__a1,5,137515,23.847214082983555,136565,0.6170980851609124,0.4711441980061222,20598,20598,1.0,115967,0,0.0,0.6199793723294533,0.18321566343984277,immediate,False,hellinger,complete,results/per_dataset_study/fixed_responses/runs/radar/hellinger/radar__evaluation__instance__moderate__a1/immediate_unscreened,144753.0,137515.0,4750.0,False,7238.0
radar,instance,moderate,,58124341.0,2.0,radar__evaluation,radar__evaluation__instance__moderate__a2,7,156515,34.717714583006455,136565,0.5964266100391755,0.4179902341008422,20657,16662,0.8066030885414145,115908,22605,0.19502536494461126,0.6171209665537056,0.15098624354028678,confirmed,True,hellinger,complete,results/per_dataset_study/fixed_responses/runs/radar/hellinger/radar__evaluation__instance__moderate__a2/confirmed_screened,,,,,
radar,instance,moderate,,58124341.0,2.0,radar__evaluation,radar__evaluation__instance__moderate__a2,6,148915,25.556097499997122,136565,0.6184893640391023,0.4836207832990381,20657,20657,1.0,115908,0,0.0,0.6994990422867247,0.19596768323749908,confirmed,False,hellinger,complete,results/per_dataset_study/fixed_responses/runs/radar/hellinger/radar__evaluation__instance__moderate__a2/confirmed_unscreened,144753.0,148915.0,17100.0,False,7238.0
radar,instance,moderate,,58124341.0,2.0,radar__evaluation,radar__evaluation__instance__moderate__a2,5,137515,27.723033749993192,136565,0.5603412294511771,0.37210891981687766,20657,16431,0.7954204385922448,115908,24274,0.20942471615419125,0.5592308825696184,0.19030497124972706,immediate,True,hellinger,complete,results/per_dataset_study/fixed_responses/runs/radar/hellinger/radar__evaluation__instance__moderate__a2/immediate_screened,144753.0,109015.0,4750.0,False,7238.0
radar,instance,moderate,,58124341.0,2.0,radar__evaluation,radar__evaluation__instance__moderate__a2,5,137515,26.547965125006158,136565,0.6222751070918611,0.4886957397800942,20657,20657,1.0,115908,0,0.0,0.7390304994843082,0.2028240774437732,immediate,False,hellinger,complete,results/per_dataset_study/fixed_responses/runs/radar/hellinger/radar__evaluation__instance__moderate__a2/immediate_unscreened,144753.0,137515.0,4750.0,False,7238.0
radar,instance,moderate,,3627463518.0,3.0,radar__evaluation,radar__evaluation__instance__moderate__a3,3,145115,34.806314000015846,136565,0.6018233075824699,0.4048338132426601,20625,16445,0.7973333333333333,115940,23370,0.20156977747110574,0.6280241638426404,0.13755004003202562,confirmed,True,hellinger,complete,results/per_dataset_study/fixed_responses/runs/radar/hellinger/radar__evaluation__instance__moderate__a3/confirmed_screened,,,,,
radar,instance,moderate,,3627463518.0,3.0,radar__evaluation,radar__evaluation__instance__moderate__a3,9,154615,27.781985249981517,136565,0.5880716142496247,0.46527093214764825,20625,20625,1.0,115940,0,0.0,0.671695889199941,0.2367130067690516,confirmed,False,hellinger,complete,results/per_dataset_study/fixed_responses/runs/radar/hellinger/radar__evaluation__instance__moderate__a3/confirmed_unscreened,144753.0,154615.0,25650.0,False,7238.0
radar,instance,moderate,,3627463518.0,3.0,radar__evaluation,radar__evaluation__instance__moderate__a3,5,137515,27.843895707977936,136565,0.5979789843664189,0.40887380411034957,20625,16924,0.8205575757575757,115940,20999,0.18111954459203036,0.5933107411227346,0.16545600116456802,immediate,True,hellinger,complete,results/per_dataset_study/fixed_responses/runs/radar/hellinger/radar__evaluation__instance__moderate__a3/immediate_screened,144753.0,112815.0,4750.0,False,7238.0
radar,instance,moderate,,3627463518.0,3.0,radar__evaluation,radar__evaluation__instance__moderate__a3,5,137515,23.25836216600146,136565,0.6188115549372094,0.4618563657905169,20625,20625,1.0,115940,0,0.0,0.6992780315308679,0.17948904578208022,immediate,False,hellinger,complete,results/per_dataset_study/fixed_responses/runs/radar/hellinger/radar__evaluation__instance__moderate__a3/immediate_unscreened,144753.0,137515.0,4750.0,False,7238.0
radar,instance,moderate,,2006973868.0,4.0,radar__evaluation,radar__evaluation__instance__moderate__a4,4,145115,36.92413787500118,136565,0.5814227657159594,0.3986438228650062,20561,16395,0.797383395749234,116004,23384,0.20157925588772801,0.5536614115220274,0.177902321857486,confirmed,True,hellinger,complete,results/per_dataset_study/fixed_responses/runs/radar/hellinger/radar__evaluation__instance__moderate__a4/confirmed_screened,,,,,
radar,instance,moderate,,2006973868.0,4.0,radar__evaluation,radar__evaluation__instance__moderate__a4,10,156515,28.99777504199301,136565,0.6179328524878263,0.45030854087158423,20561,20561,1.0,116004,0,0.0,0.6783998821275968,0.1730839216828008,confirmed,False,hellinger,complete,results/per_dataset_study/fixed_responses/runs/radar/hellinger/radar__evaluation__instance__moderate__a4/confirmed_unscreened,144753.0,156515.0,28500.0,False,7238.0
radar,instance,moderate,,2006973868.0,4.0,radar__evaluation,radar__evaluation__instance__moderate__a4,4,137515,28.94120941599249,136565,0.5467506315673855,0.3718568856880742,20561,15862,0.7714605320752882,116004,26651,0.22974207785938416,0.6297185796375424,0.24361307227600262,immediate,True,hellinger,complete,results/per_dataset_study/fixed_responses/runs/radar/hellinger/radar__evaluation__instance__moderate__a4/immediate_screened,144753.0,106165.0,3800.0,False,7238.0
radar,instance,moderate,,2006973868.0,4.0,radar__evaluation,radar__evaluation__instance__moderate__a4,5,137515,26.170932124980027,136565,0.6212572767546589,0.47435026386031864,20561,20561,1.0,116004,0,0.0,0.6355827316929424,0.14944319091636946,immediate,False,hellinger,complete,results/per_dataset_study/fixed_responses/runs/radar/hellinger/radar__evaluation__instance__moderate__a4/immediate_unscreened,144753.0,137515.0,4750.0,False,7238.0
radar,instance,severe,,3068245370.0,0.0,radar__evaluation,radar__evaluation__instance__severe__a0,3,145115,34.026868584012846,136565,0.5861238238201589,0.4079550781366801,34366,26450,0.7696560554035966,102199,23434,0.22929774263936045,0.5873434507146015,0.17845549166606012,confirmed,True,hellinger,complete,results/per_dataset_study/fixed_responses/runs/radar/hellinger/radar__evaluation__instance__severe__a0/confirmed_screened,,,,,
radar,instance,severe,,3068245370.0,0.0,radar__evaluation,radar__evaluation__instance__severe__a0,3,143215,24.898899542022264,136565,0.5989602021015633,0.4508529789951769,34366,34366,1.0,102199,0,0.0,0.5764697215264476,0.190945483659655,confirmed,False,hellinger,complete,results/per_dataset_study/fixed_responses/runs/radar/hellinger/radar__evaluation__instance__severe__a0/confirmed_unscreened,144753.0,143215.0,8550.0,False,7238.0
radar,instance,severe,,3068245370.0,0.0,radar__evaluation,radar__evaluation__instance__severe__a0,4,137515,28.330514250003034,136565,0.5238238201588987,0.365833164389979,34366,24675,0.7180061688878543,102199,28309,0.27699879646571884,0.581921320170915,0.2938641822548948,immediate,True,hellinger,complete,results/per_dataset_study/fixed_responses/runs/radar/hellinger/radar__evaluation__instance__severe__a0/immediate_screened,144753.0,99515.0,3800.0,False,7238.0
radar,instance,severe,,3068245370.0,0.0,radar__evaluation,radar__evaluation__instance__severe__a0,5,137515,24.533113207988208,136565,0.6195950646212426,0.491745246525903,34366,34366,1.0,102199,0,0.0,0.6458523648150877,0.20080064051240992,immediate,False,hellinger,complete,results/per_dataset_study/fixed_responses/runs/radar/hellinger/radar__evaluation__instance__severe__a0/immediate_unscreened,144753.0,137515.0,4750.0,False,7238.0
radar,instance,severe,,11462624.0,1.0,radar__evaluation,radar__evaluation__instance__severe__a1,4,145115,37.82562004200008,136565,0.5607073554717534,0.300824683328069,34391,28265,0.821872001395714,102174,18339,0.17948793235069588,0.4410195962870193,0.09839144042506733,confirmed,True,hellinger,complete,results/per_dataset_study/fixed_responses/runs/radar/hellinger/radar__evaluation__instance__severe__a1/confirmed_screened,,,,,
radar,instance,severe,,11462624.0,1.0,radar__evaluation,radar__evaluation__instance__severe__a1,4,145115,24.411685750004835,136565,0.5381686376450774,0.3489470348226734,34391,34391,1.0,102174,0,0.0,0.3985560630617357,0.17938714608050077,confirmed,False,hellinger,complete,results/per_dataset_study/fixed_responses/runs/radar/hellinger/radar__evaluation__instance__severe__a1/confirmed_unscreened,144753.0,145115.0,11400.0,False,7238.0
radar,instance,severe,,11462624.0,1.0,radar__evaluation,radar__evaluation__instance__severe__a1,3,137515,30.054261707991827,136565,0.5405850693808809,0.30418669047790503,34391,26936,0.7832281701607979,102174,21995,0.21527002955742167,0.4853838220126713,0.14931217701433874,immediate,True,hellinger,complete,results/per_dataset_study/fixed_responses/runs/radar/hellinger/radar__evaluation__instance__severe__a1/immediate_screened,144753.0,108065.0,2850.0,False,7238.0
radar,instance,severe,,11462624.0,1.0,radar__evaluation,radar__evaluation__instance__severe__a1,5,137515,24.523763917008182,136565,0.564602936330685,0.42915222564141664,34391,34391,1.0,102174,0,0.0,0.5090025047885663,0.21393114491593274,immediate,False,hellinger,complete,results/per_dataset_study/fixed_responses/runs/radar/hellinger/radar__evaluation__instance__severe__a1/immediate_unscreened,144753.0,137515.0,4750.0,False,7238.0
radar,instance,severe,,1906925561.0,2.0,radar__evaluation,radar__evaluation__instance__severe__a2,3,145115,34.406440582999494,136565,0.5573609636436861,0.3959988039547646,34333,26286,0.7656190836804241,102232,24253,0.23723491666014554,0.5702666863120672,0.2636290850862508,confirmed,True,hellinger,complete,results/per_dataset_study/fixed_responses/runs/radar/hellinger/radar__evaluation__instance__severe__a2/confirmed_screened,,,,,
radar,instance,severe,,1906925561.0,2.0,radar__evaluation,radar__evaluation__instance__severe__a2,3,143215,23.827076791989384,136565,0.5375755134917438,0.39134478565404784,34333,34333,1.0,102232,0,0.0,0.49538824222778843,0.24671373462406287,confirmed,False,hellinger,complete,results/per_dataset_study/fixed_responses/runs/radar/hellinger/radar__evaluation__instance__severe__a2/confirmed_unscreened,144753.0,143215.0,8550.0,False,7238.0
radar,instance,severe,,1906925561.0,2.0,radar__evaluation,radar__evaluation__instance__severe__a2,3,137515,31.719427792006172,136565,0.5778933108776041,0.41261840336198385,34333,27836,0.8107651530597384,102232,19153,0.18734838406761092,0.5382937969647856,0.15523691680617221,immediate,True,hellinger,complete,results/per_dataset_study/fixed_responses/runs/radar/hellinger/radar__evaluation__instance__severe__a2/immediate_screened,144753.0,111865.0,2850.0,False,7238.0
radar,instance,severe,,1906925561.0,2.0,radar__evaluation,radar__evaluation__instance__severe__a2,5,137515,23.159255583013874,136565,0.5783180170614726,0.45157896551577154,34333,34333,1.0,102232,0,0.0,0.5479888021217033,0.21646408035519324,immediate,False,hellinger,complete,results/per_dataset_study/fixed_responses/runs/radar/hellinger/radar__evaluation__instance__severe__a2/immediate_unscreened,144753.0,137515.0,4750.0,False,7238.0
radar,instance,severe,,4183855161.0,3.0,radar__evaluation,radar__evaluation__instance__severe__a3,3,145115,32.09603737498401,136565,0.5888185113316003,0.4182939193493146,34327,26397,0.768986512075043,102238,23420,0.2290733386803341,0.645439811404155,0.2002474707038358,confirmed,True,hellinger,complete,results/per_dataset_study/fixed_responses/runs/radar/hellinger/radar__evaluation__instance__severe__a3/confirmed_screened,,,,,
radar,instance,severe,,4183855161.0,3.0,radar__evaluation,radar__evaluation__instance__severe__a3,6,148915,25.58998912500101,136565,0.6099805953209094,0.4557456645939531,34327,34327,1.0,102238,0,0.0,0.6371150729335494,0.17280733677851373,confirmed,False,hellinger,complete,results/per_dataset_study/fixed_responses/runs/radar/hellinger/radar__evaluation__instance__severe__a3/confirmed_unscreened,144753.0,148915.0,17100.0,False,7238.0
radar,instance,severe,,4183855161.0,3.0,radar__evaluation,radar__evaluation__instance__severe__a3,4,137515,32.6806509589951,136565,0.5749350126313477,0.3590345871415324,34327,27404,0.7983220205669007,102238,20627,0.20175472916136858,0.5375718284956534,0.1387437222505277,immediate,True,hellinger,complete,results/per_dataset_study/fixed_responses/runs/radar/hellinger/radar__evaluation__instance__severe__a3/immediate_screened,144753.0,109965.0,3800.0,False,7238.0
radar,instance,severe,,4183855161.0,3.0,radar__evaluation,radar__evaluation__instance__severe__a3,5,137515,23.12884608298191,136565,0.6217991432651119,0.48682722115850374,34327,34327,1.0,102238,0,0.0,0.6469868866951525,0.18887837542761482,immediate,False,hellinger,complete,results/per_dataset_study/fixed_responses/runs/radar/hellinger/radar__evaluation__instance__severe__a3/immediate_unscreened,144753.0,137515.0,4750.0,False,7238.0
radar,instance,severe,,1699676806.0,4.0,radar__evaluation,radar__evaluation__instance__severe__a4,4,145115,36.339906084001996,136565,0.5640098121773515,0.3606737504304343,34401,27935,0.8120403476643121,102164,19184,0.18777651618965585,0.5143804331810815,0.1872916515030206,confirmed,True,hellinger,complete,results/per_dataset_study/fixed_responses/runs/radar/hellinger/radar__evaluation__instance__severe__a4/confirmed_screened,,,,,
radar,instance,severe,,1699676806.0,4.0,radar__evaluation,radar__evaluation__instance__severe__a4,4,145115,23.146928583009867,136565,0.5256690953026032,0.3086136629826215,34401,34401,1.0,102164,0,0.0,0.4233387358184765,0.16579081446975763,confirmed,False,hellinger,complete,results/per_dataset_study/fixed_responses/runs/radar/hellinger/radar__evaluation__instance__severe__a4/confirmed_unscreened,144753.0,145115.0,11400.0,False,7238.0
radar,instance,severe,,1699676806.0,4.0,radar__evaluation,radar__evaluation__instance__severe__a4,4,137515,25.796725958003663,136565,0.5764947094790027,0.34614950539811484,34401,24583,0.7146013197290776,102164,29132,0.28514936768333266,0.4778989244143215,0.1514520707475071,immediate,True,hellinger,complete,results/per_dataset_study/fixed_responses/runs/radar/hellinger/radar__evaluation__instance__severe__a4/immediate_screened,144753.0,98565.0,3800.0,False,7238.0
radar,instance,severe,,1699676806.0,4.0,radar__evaluation,radar__evaluation__instance__severe__a4,5,137515,23.016583458986133,136565,0.5956064877530846,0.419645816555443,34401,34401,1.0,102164,0,0.0,0.5391483718874318,0.15533881650775166,immediate,False,hellinger,complete,results/per_dataset_study/fixed_responses/runs/radar/hellinger/radar__evaluation__instance__severe__a4/immediate_unscreened,144753.0,137515.0,4750.0,False,7238.0
radar,splice,moderate,,424767608.0,0.0,radar__evaluation,radar__evaluation__splice__moderate__a0,3,143215,43.904891749989474,116110,0.6261217810696753,0.44839505121552703,20455,16848,0.8236616964067465,116110,20143,0.1734820428903626,0.7368260955141626,0.18765255799279346,confirmed,True,hellinger,complete,results/per_dataset_study/fixed_responses/runs/radar/hellinger/radar__evaluation__splice__moderate__a0/confirmed_screened,,,,,
radar,splice,moderate,,424767608.0,0.0,radar__evaluation,radar__evaluation__splice__moderate__a0,5,147015,28.40881429100409,116110,0.6251313409697701,0.46914081315490563,20455,20455,1.0,116110,0,0.0,0.7490471844972891,0.18029656443551467,confirmed,False,hellinger,complete,results/per_dataset_study/fixed_responses/runs/radar/hellinger/radar__evaluation__splice__moderate__a0/confirmed_unscreened,144753.0,147015.0,14250.0,False,7238.0
radar,splice,moderate,,424767608.0,0.0,radar__evaluation,radar__evaluation__splice__moderate__a0,1,137515,44.898403917002724,116110,0.6310395314787701,0.42094905135675253,20455,16955,0.8288926912735273,116110,21200,0.18258547928688312,0.7531626317390449,0.13843548146057155,immediate,True,hellinger,complete,results/per_dataset_study/fixed_responses/runs/radar/hellinger/radar__evaluation__splice__moderate__a0/immediate_screened,144753.0,112815.0,950.0,False,7238.0
radar,splice,moderate,,424767608.0,0.0,radar__evaluation,radar__evaluation__splice__moderate__a0,6,137515,25.45839874999365,116110,0.6216174317457583,0.4632473718378548,20455,20455,1.0,116110,0,0.0,0.7171972014958756,0.18808428673430416,immediate,False,hellinger,complete,results/per_dataset_study/fixed_responses/runs/radar/hellinger/radar__evaluation__splice__moderate__a0/immediate_unscreened,144753.0,137515.0,5700.0,False,7238.0
radar,splice,moderate,,3027246665.0,1.0,radar__evaluation,radar__evaluation__splice__moderate__a1,2,145115,42.45085466699675,116177,0.6045172452378698,0.4860659800596033,20388,18283,0.8967529919560526,116177,17845,0.1536018316878556,0.7705179007111834,0.2503682389613949,confirmed,True,hellinger,complete,results/per_dataset_study/fixed_responses/runs/radar/hellinger/radar__evaluation__splice__moderate__a1/confirmed_screened,,,,,
radar,splice,moderate,,3027246665.0,1.0,radar__evaluation,radar__evaluation__splice__moderate__a1,6,148915,24.861202125001,116177,0.6625063480723379,0.5514951887137008,20388,20388,1.0,116177,0,0.0,0.8067173089235348,0.2057342513616278,confirmed,False,hellinger,complete,results/per_dataset_study/fixed_responses/runs/radar/hellinger/radar__evaluation__splice__moderate__a1/confirmed_unscreened,144753.0,148915.0,17100.0,False,7238.0
radar,splice,moderate,,3027246665.0,1.0,radar__evaluation,radar__evaluation__splice__moderate__a1,2,137515,31.6393296669994,116177,0.615569346772597,0.3618351877664891,20388,14691,0.7205709240729841,116177,33253,0.2862270501045818,0.7718675918395598,0.11687733360737163,immediate,True,hellinger,complete,results/per_dataset_study/fixed_responses/runs/radar/hellinger/radar__evaluation__splice__moderate__a1/immediate_screened,144753.0,98565.0,1900.0,False,7238.0
radar,splice,moderate,,3027246665.0,1.0,radar__evaluation,radar__evaluation__splice__moderate__a1,7,137515,21.57454729199526,116177,0.6984773233944757,0.5829248546623897,20388,20388,1.0,116177,0,0.0,0.7920264401031303,0.17492207035933272,immediate,False,hellinger,complete,results/per_dataset_study/fixed_responses/runs/radar/hellinger/radar__evaluation__splice__moderate__a1/immediate_unscreened,144753.0,137515.0,6650.0,False,7238.0
radar,splice,moderate,,2843988057.0,2.0,radar__evaluation,radar__evaluation__splice__moderate__a2,7,152715,33.506869665987324,116127,0.5895958734833415,0.4780752667620147,20438,16781,0.8210685977101477,116127,24843,0.2139295771009326,0.7011420570522444,0.23397481001970166,confirmed,True,hellinger,complete,results/per_dataset_study/fixed_responses/runs/radar/hellinger/radar__evaluation__splice__moderate__a2/confirmed_screened,,,,,
radar,splice,moderate,,2843988057.0,2.0,radar__evaluation,radar__evaluation__splice__moderate__a2,6,148915,28.8249652920058,116127,0.6701456164371765,0.5412379971947762,20438,20438,1.0,116127,0,0.0,0.8176251286290255,0.1703490008443569,confirmed,False,hellinger,complete,results/per_dataset_study/fixed_responses/runs/radar/hellinger/radar__evaluation__splice__moderate__a2/confirmed_unscreened,144753.0,148915.0,17100.0,False,7238.0
radar,splice,moderate,,2843988057.0,2.0,radar__evaluation,radar__evaluation__splice__moderate__a2,4,137515,27.666779958002735,116127,0.6146718678687988,0.45778548719862255,20438,14895,0.7287895097367648,116127,32457,0.27949572450851223,0.6523052008299736,0.13956515620602308,immediate,True,hellinger,complete,results/per_dataset_study/fixed_responses/runs/radar/hellinger/radar__evaluation__splice__moderate__a2/immediate_screened,144753.0,99515.0,3800.0,False,7238.0
radar,splice,moderate,,2843988057.0,2.0,radar__evaluation,radar__evaluation__splice__moderate__a2,8,137515,24.61243020798429,116127,0.6607937861134792,0.5342611055776048,20438,20438,1.0,116127,0,0.0,0.7522394102464617,0.1848086124401914,immediate,False,hellinger,complete,results/per_dataset_study/fixed_responses/runs/radar/hellinger/radar__evaluation__splice__moderate__a2/immediate_unscreened,144753.0,137515.0,7600.0,False,7238.0
radar,splice,moderate,,3964723791.0,3.0,radar__evaluation,radar__evaluation__splice__moderate__a3,1,145115,42.024447208008496,116141,0.6888609534961814,0.529824770598266,20424,18291,0.8955640423031728,116141,22567,0.19430692003685177,0.808813165127916,0.10728298391849794,confirmed,True,hellinger,complete,results/per_dataset_study/fixed_responses/runs/radar/hellinger/radar__evaluation__splice__moderate__a3/confirmed_screened,,,,,
radar,splice,moderate,,3964723791.0,3.0,radar__evaluation,radar__evaluation__splice__moderate__a3,5,147015,27.361306249978952,116141,0.6686097071662892,0.5623255883499246,20424,20424,1.0,116141,0,0.0,0.8475227288744802,0.20235749768460048,confirmed,False,hellinger,complete,results/per_dataset_study/fixed_responses/runs/radar/hellinger/radar__evaluation__splice__moderate__a3/confirmed_unscreened,144753.0,147015.0,14250.0,False,7238.0
radar,splice,moderate,,3964723791.0,3.0,radar__evaluation,radar__evaluation__splice__moderate__a3,4,137515,30.939281792001566,116141,0.5997537475999001,0.42861729998314946,20424,17122,0.8383274578926753,116141,27098,0.2333198439827451,0.5471668193671154,0.14082680811652773,immediate,True,hellinger,complete,results/per_dataset_study/fixed_responses/runs/radar/hellinger/radar__evaluation__splice__moderate__a3/immediate_screened,144753.0,107115.0,3800.0,False,7238.0
radar,splice,moderate,,3964723791.0,3.0,radar__evaluation,radar__evaluation__splice__moderate__a3,9,137515,23.599866458011093,116141,0.6565898347698057,0.5280730700394269,20424,20424,1.0,116141,0,0.0,0.745524702234125,0.1679885492969605,immediate,False,hellinger,complete,results/per_dataset_study/fixed_responses/runs/radar/hellinger/radar__evaluation__splice__moderate__a3/immediate_unscreened,144753.0,137515.0,8550.0,False,7238.0
radar,splice,moderate,,216158045.0,4.0,radar__evaluation,radar__evaluation__splice__moderate__a4,5,150815,31.270747875008965,116114,0.5753483645382985,0.40399505548189557,20451,16957,0.8291526086743924,116114,25006,0.2153573212532511,0.751118760757315,0.23149584583031682,confirmed,True,hellinger,complete,results/per_dataset_study/fixed_responses/runs/radar/hellinger/radar__evaluation__splice__moderate__a4/confirmed_screened,,,,,
radar,splice,moderate,,216158045.0,4.0,radar__evaluation,radar__evaluation__splice__moderate__a4,2,141315,30.63832949998323,116114,0.6144220335187832,0.39584298341563,20451,20451,1.0,116114,0,0.0,0.7481067125645439,0.1274692315647947,confirmed,False,hellinger,complete,results/per_dataset_study/fixed_responses/runs/radar/hellinger/radar__evaluation__splice__moderate__a4/confirmed_unscreened,144753.0,141315.0,5700.0,False,7238.0
radar,splice,moderate,,216158045.0,4.0,radar__evaluation,radar__evaluation__splice__moderate__a4,4,137515,30.285207792010624,116114,0.6334206038892812,0.4742801818194252,20451,13946,0.6819226443694685,116114,31495,0.27124205522159256,0.8103614457831325,0.201382424931913,immediate,True,hellinger,complete,results/per_dataset_study/fixed_responses/runs/radar/hellinger/radar__evaluation__splice__moderate__a4/immediate_screened,144753.0,99515.0,3800.0,False,7238.0
radar,splice,moderate,,216158045.0,4.0,radar__evaluation,radar__evaluation__splice__moderate__a4,6,137515,23.87192554201465,116114,0.6049830339149457,0.4621748602690363,20451,20451,1.0,116114,0,0.0,0.7532358003442341,0.22236011997104146,immediate,False,hellinger,complete,results/per_dataset_study/fixed_responses/runs/radar/hellinger/radar__evaluation__splice__moderate__a4/immediate_unscreened,144753.0,137515.0,5700.0,False,7238.0
radar,splice,severe,,1946032787.0,0.0,radar__evaluation,radar__evaluation__splice__severe__a0,5,147015,39.06718587499927,102359,0.6188610674195723,0.4132886885690409,34206,28626,0.8368707244343098,102359,21020,0.2053556599810471,0.5979676710608914,0.13140532861062998,confirmed,True,hellinger,complete,results/per_dataset_study/fixed_responses/runs/radar/hellinger/radar__evaluation__splice__severe__a0/confirmed_screened,,,,,
radar,splice,severe,,1946032787.0,0.0,radar__evaluation,radar__evaluation__splice__severe__a0,5,147015,28.35310466599185,102359,0.6928653073984701,0.5413612786726887,34206,34206,1.0,102359,0,0.0,0.7821523854362837,0.11937800439834187,confirmed,False,hellinger,complete,results/per_dataset_study/fixed_responses/runs/radar/hellinger/radar__evaluation__splice__severe__a0/confirmed_unscreened,144753.0,147015.0,14250.0,False,7238.0
radar,splice,severe,,1946032787.0,0.0,radar__evaluation,radar__evaluation__splice__severe__a0,5,137515,27.031690540985437,102359,0.6028878750280874,0.40040905970121654,34206,27008,0.7895690814476992,102359,25102,0.24523490850828944,0.7158859070935342,0.17318957631901602,immediate,True,hellinger,complete,results/per_dataset_study/fixed_responses/runs/radar/hellinger/radar__evaluation__splice__severe__a0/immediate_screened,144753.0,105215.0,4750.0,False,7238.0
radar,splice,severe,,1946032787.0,0.0,radar__evaluation,radar__evaluation__splice__severe__a0,8,137515,22.53813391699805,102359,0.6350394200803056,0.5148672061699834,34206,34206,1.0,102359,0,0.0,0.7868016321406152,0.22415974154876125,immediate,False,hellinger,complete,results/per_dataset_study/fixed_responses/runs/radar/hellinger/radar__evaluation__splice__severe__a0/immediate_unscreened,144753.0,137515.0,7600.0,False,7238.0
radar,splice,severe,,2444082711.0,1.0,radar__evaluation,radar__evaluation__splice__severe__a1,2,147015,45.97601829201449,102317,0.6344986659108457,0.4646468555476521,34248,25153,0.7344370474188274,102317,17505,0.1710859387980492,0.7029511940621739,0.13871205651735113,confirmed,True,hellinger,complete,results/per_dataset_study/fixed_responses/runs/radar/hellinger/radar__evaluation__splice__severe__a1/confirmed_screened,,,,,
radar,splice,severe,,2444082711.0,1.0,radar__evaluation,radar__evaluation__splice__severe__a1,6,148915,31.130000375007512,102317,0.6383298963026672,0.47828201539885684,34248,34248,1.0,102317,0,0.0,0.6977930029728506,0.17529694899464326,confirmed,False,hellinger,complete,results/per_dataset_study/fixed_responses/runs/radar/hellinger/radar__evaluation__splice__severe__a1/confirmed_unscreened,144753.0,148915.0,17100.0,False,7238.0
radar,splice,severe,,2444082711.0,1.0,radar__evaluation,radar__evaluation__splice__severe__a1,6,137515,34.071029958024155,102317,0.6340393092057038,0.5054186917759149,34248,24379,0.711837187572997,102317,28131,0.2749396483477819,0.6404032051660662,0.19460833786196724,immediate,True,hellinger,complete,results/per_dataset_study/fixed_responses/runs/radar/hellinger/radar__evaluation__splice__severe__a1/immediate_screened,144753.0,99515.0,5700.0,False,7238.0
radar,splice,severe,,2444082711.0,1.0,radar__evaluation,radar__evaluation__splice__severe__a1,12,137515,24.017924333020346,102317,0.600711514215624,0.46883606973631103,34248,34248,1.0,102317,0,0.0,0.7792609217805603,0.2805682788603369,immediate,False,hellinger,complete,results/per_dataset_study/fixed_responses/runs/radar/hellinger/radar__evaluation__splice__severe__a1/immediate_unscreened,144753.0,137515.0,11400.0,False,7238.0
radar,splice,severe,,1638213230.0,2.0,radar__evaluation,radar__evaluation__splice__severe__a2,4,147015,36.65691770799458,102366,0.6259109469941191,0.4531945143137865,34199,30007,0.8774233164712418,102366,14808,0.14465740577926264,0.7006330845285084,0.14769086504649528,confirmed,True,hellinger,complete,results/per_dataset_study/fixed_responses/runs/radar/hellinger/radar__evaluation__splice__severe__a2/confirmed_screened,,,,,
radar,splice,severe,,1638213230.0,2.0,radar__evaluation,radar__evaluation__splice__severe__a2,4,145115,28.835853374999715,102366,0.6336967352441241,0.45153083424632956,34199,34199,1.0,102366,0,0.0,0.7829926921724178,0.15232085645073065,confirmed,False,hellinger,complete,results/per_dataset_study/fixed_responses/runs/radar/hellinger/radar__evaluation__splice__severe__a2/confirmed_unscreened,144753.0,145115.0,11400.0,False,7238.0
radar,splice,severe,,1638213230.0,2.0,radar__evaluation,radar__evaluation__splice__severe__a2,3,137515,31.226356250001118,102366,0.5820389582478558,0.35513704518515465,34199,27169,0.7944384338723355,102366,20520,0.20045718304905927,0.7521591308765485,0.16060404782370868,immediate,True,hellinger,complete,results/per_dataset_study/fixed_responses/runs/radar/hellinger/radar__evaluation__splice__severe__a2/immediate_screened,144753.0,109965.0,2850.0,False,7238.0
radar,splice,severe,,1638213230.0,2.0,radar__evaluation,radar__evaluation__splice__severe__a2,12,137515,19.032464916992467,102366,0.6489947834241838,0.4962627941351446,34199,34199,1.0,102366,0,0.0,0.7433272109109383,0.1667773696960225,immediate,False,hellinger,complete,results/per_dataset_study/fixed_responses/runs/radar/hellinger/radar__evaluation__splice__severe__a2/immediate_unscreened,144753.0,137515.0,11400.0,False,7238.0
radar,splice,severe,,2515960843.0,3.0,radar__evaluation,radar__evaluation__splice__severe__a3,4,150815,33.19493883301038,102359,0.6289627682958997,0.4151184968573986,34206,27474,0.8031924223820383,102359,17968,0.17553903418360867,0.5884467163195624,0.08913883469145721,confirmed,True,hellinger,complete,results/per_dataset_study/fixed_responses/runs/radar/hellinger/radar__evaluation__splice__severe__a3/confirmed_screened,,,,,
radar,splice,severe,,2515960843.0,3.0,radar__evaluation,radar__evaluation__splice__severe__a3,9,154615,28.565407749993028,102359,0.6115143758731524,0.49436663801679465,34206,34206,1.0,102359,0,0.0,0.6911603202811445,0.19773135927158653,confirmed,False,hellinger,complete,results/per_dataset_study/fixed_responses/runs/radar/hellinger/radar__evaluation__splice__severe__a3/confirmed_unscreened,144753.0,154615.0,25650.0,False,7238.0
radar,splice,severe,,2515960843.0,3.0,radar__evaluation,radar__evaluation__splice__severe__a3,5,137515,32.91934200000833,102359,0.557586533670708,0.3859294434833138,34206,24703,0.722183242705958,102359,22797,0.2227161265741166,0.6850502186457939,0.20061976357167452,immediate,True,hellinger,complete,results/per_dataset_study/fixed_responses/runs/radar/hellinger/radar__evaluation__splice__severe__a3/immediate_screened,144753.0,105215.0,4750.0,False,7238.0
radar,splice,severe,,2515960843.0,3.0,radar__evaluation,radar__evaluation__splice__severe__a3,7,137515,26.4435076249938,102359,0.6529958284078586,0.5380716375719314,34206,34206,1.0,102359,0,0.0,0.7293584393282881,0.18084088909292628,immediate,False,hellinger,complete,results/per_dataset_study/fixed_responses/runs/radar/hellinger/radar__evaluation__splice__severe__a3/immediate_unscreened,144753.0,137515.0,6650.0,False,7238.0
radar,splice,severe,,2498603841.0,4.0,radar__evaluation,radar__evaluation__splice__severe__a4,2,141315,37.902861624985235,102399,0.5962362913700329,0.3532207805349403,34166,26065,0.7628929344962828,102399,21349,0.2084883641441811,0.6595056959281013,0.09703644915894001,confirmed,True,hellinger,complete,results/per_dataset_study/fixed_responses/runs/radar/hellinger/radar__evaluation__splice__severe__a4/confirmed_screened,,,,,
radar,splice,severe,,2498603841.0,4.0,radar__evaluation,radar__evaluation__splice__severe__a4,3,143215,30.13751266701729,102399,0.6484243010185646,0.47115720561449503,34166,34166,1.0,102399,0,0.0,0.7705270211675667,0.10224347186465613,confirmed,False,hellinger,complete,results/per_dataset_study/fixed_responses/runs/radar/hellinger/radar__evaluation__splice__severe__a4/confirmed_unscreened,144753.0,143215.0,8550.0,False,7238.0
radar,splice,severe,,2498603841.0,4.0,radar__evaluation,radar__evaluation__splice__severe__a4,4,137515,37.98088237500633,102399,0.6164122696510708,0.3758490399424213,34166,25547,0.7477316630568401,102399,27481,0.26837176144298286,0.6799046079861248,0.1286657246278624,immediate,True,hellinger,complete,results/per_dataset_study/fixed_responses/runs/radar/hellinger/radar__evaluation__splice__severe__a4/immediate_screened,144753.0,101415.0,3800.0,False,7238.0
radar,splice,severe,,2498603841.0,4.0,radar__evaluation,radar__evaluation__splice__severe__a4,6,137515,28.81149941700278,102399,0.6168712585083839,0.4847552359315494,34166,34166,1.0,102399,0,0.0,0.7660136386928929,0.2268635914906796,immediate,False,hellinger,complete,results/per_dataset_study/fixed_responses/runs/radar/hellinger/radar__evaluation__splice__severe__a4/immediate_unscreened,144753.0,137515.0,5700.0,False,7238.0
radar,clean,none,,,,radar__evaluation,radar__evaluation__clean__none__aNone,0,137515,45.78205145899847,136565,0.6631420935085857,0.46119576139415674,0,0,,136565,19950,0.14608428220993666,0.8432149697951967,0.09377683965354101,none,True,none,complete,results/per_dataset_study/fixed_responses/runs/radar/none/radar__evaluation__clean__none__aNone/none_screened,,,,,
radar,clean,none,,,,radar__evaluation,radar__evaluation__clean__none__aNone,0,137515,24.84048729200731,136565,0.7167282978801304,0.5994466966391554,0,0,,136565,0,0.0,0.8711212612347135,0.1283645097896499,none,False,none,complete,results/per_dataset_study/fixed_responses/runs/radar/none/radar__evaluation__clean__none__aNone/none_unscreened,144753.0,137515.0,0.0,False,7238.0
radar,concept,moderate,,3910140397.0,0.0,radar__evaluation,radar__evaluation__concept__moderate__a0,0,137515,70.43168658298964,116083,0.6594677945952465,0.48768603087899737,20482,19471,0.9506395859779319,116083,5639,0.0485773110619126,0.7992545351958555,0.11740398638794361,none,True,none,complete,results/per_dataset_study/fixed_responses/runs/radar/none/radar__evaluation__concept__moderate__a0/none_screened,,,,,
radar,concept,moderate,,3910140397.0,0.0,radar__evaluation,radar__evaluation__concept__moderate__a0,0,137515,44.220572208985686,116083,0.6678324991600837,0.5068639434913909,20482,20482,1.0,116083,0,0.0,0.8307487133893002,0.12686644905896244,none,False,none,complete,results/per_dataset_study/fixed_responses/runs/radar/none/radar__evaluation__concept__moderate__a0/none_unscreened,144753.0,137515.0,0.0,False,7238.0
radar,concept,moderate,,4018716551.0,1.0,radar__evaluation,radar__evaluation__concept__moderate__a1,0,137515,66.82293712499086,116159,0.6758753088439122,0.5121158071050296,20406,16572,0.8121140840929139,116159,13266,0.11420552862886216,0.7644195283118344,0.1152437686686805,none,True,none,complete,results/per_dataset_study/fixed_responses/runs/radar/none/radar__evaluation__concept__moderate__a1/none_screened,,,,,
radar,concept,moderate,,4018716551.0,1.0,radar__evaluation,radar__evaluation__concept__moderate__a1,0,137515,47.162497499986785,116159,0.6530273160065083,0.45657789204532534,20406,20406,1.0,116159,0,0.0,0.8662085691188359,0.13367197124390368,none,False,none,complete,results/per_dataset_study/fixed_responses/runs/radar/none/radar__evaluation__concept__moderate__a1/none_unscreened,144753.0,137515.0,0.0,False,7238.0
radar,concept,moderate,,1880718146.0,2.0,radar__evaluation,radar__evaluation__concept__moderate__a2,0,137515,70.71177208400331,116167,0.6510282610379884,0.4673798930766617,20398,17137,0.8401313854299441,116167,13839,0.11913021770382294,0.7817253648223585,0.12205973649720632,none,True,none,complete,results/per_dataset_study/fixed_responses/runs/radar/none/radar__evaluation__concept__moderate__a2/none_screened,,,,,
radar,concept,moderate,,1880718146.0,2.0,radar__evaluation,radar__evaluation__concept__moderate__a2,0,137515,42.93793737498345,116167,0.6580268062358501,0.4514677413917355,20398,20398,1.0,116167,0,0.0,0.8139191117069733,0.09977926467545009,none,False,none,complete,results/per_dataset_study/fixed_responses/runs/radar/none/radar__evaluation__concept__moderate__a2/none_unscreened,144753.0,137515.0,0.0,False,7238.0
radar,concept,moderate,,510794814.0,3.0,radar__evaluation,radar__evaluation__concept__moderate__a3,0,137515,67.67690212497837,116161,0.6950697738483657,0.535169251873609,20404,17168,0.8414036463438541,116161,13864,0.11935158960408399,0.7594056442668263,0.1146900269541779,none,True,none,complete,results/per_dataset_study/fixed_responses/runs/radar/none/radar__evaluation__concept__moderate__a3/none_screened,,,,,
radar,concept,moderate,,510794814.0,3.0,radar__evaluation,radar__evaluation__concept__moderate__a3,0,137515,41.98886508398573,116161,0.6811322216578714,0.5306890057088239,20404,20404,1.0,116161,0,0.0,0.8229608633650816,0.13761792452830188,none,False,none,complete,results/per_dataset_study/fixed_responses/runs/radar/none/radar__evaluation__concept__moderate__a3/none_unscreened,144753.0,137515.0,0.0,False,7238.0
radar,concept,moderate,,342140863.0,4.0,radar__evaluation,radar__evaluation__concept__moderate__a4,0,137515,64.45078491599998,116087,0.6678697873146864,0.5001049502641686,20478,18133,0.8854868639515577,116087,10955,0.09436887851352865,0.7615983062524154,0.1134089864602114,none,True,none,complete,results/per_dataset_study/fixed_responses/runs/radar/none/radar__evaluation__concept__moderate__a4/none_screened,,,,,
radar,concept,moderate,,342140863.0,4.0,radar__evaluation,radar__evaluation__concept__moderate__a4,0,137515,42.73634458298329,116087,0.6329132460999078,0.4308727217503935,20478,20478,1.0,116087,0,0.0,0.803656343992069,0.11346201435288295,none,False,none,complete,results/per_dataset_study/fixed_responses/runs/radar/none/radar__evaluation__concept__moderate__a4/none_unscreened,144753.0,137515.0,0.0,False,7238.0
radar,concept,severe,,1008509576.0,0.0,radar__evaluation,radar__evaluation__concept__severe__a0,0,137515,71.50950291700428,102341,0.7102627490448599,0.5622817621318245,34224,28964,0.8463066853669939,102341,14690,0.14353973480814142,0.814882314164954,0.08039319977148711,none,True,none,complete,results/per_dataset_study/fixed_responses/runs/radar/none/radar__evaluation__concept__severe__a0/none_screened,,,,,
radar,concept,severe,,1008509576.0,0.0,radar__evaluation,radar__evaluation__concept__severe__a0,0,137515,45.46078458399279,102341,0.6472870110708319,0.4608128839165827,34224,34224,1.0,102341,0,0.0,0.8628485012990035,0.12641096861887596,none,False,none,complete,results/per_dataset_study/fixed_responses/runs/radar/none/radar__evaluation__concept__severe__a0/none_unscreened,144753.0,137515.0,0.0,False,7238.0
radar,concept,severe,,1163742248.0,1.0,radar__evaluation,radar__evaluation__concept__severe__a1,0,137515,78.5729256249906,102426,0.6705719250971433,0.5010824988847639,34139,30700,0.8992647704970854,102426,11761,0.11482436100208931,0.7784231044633623,0.09869606903163951,none,True,none,complete,results/per_dataset_study/fixed_responses/runs/radar/none/radar__evaluation__concept__severe__a1/none_screened,,,,,
radar,concept,severe,,1163742248.0,1.0,radar__evaluation,radar__evaluation__concept__severe__a1,0,137515,43.06095766599174,102426,0.6359713354031203,0.44110436031953276,34139,34139,1.0,102426,0,0.0,0.8030272893627178,0.13363374880153403,none,False,none,complete,results/per_dataset_study/fixed_responses/runs/radar/none/radar__evaluation__concept__severe__a1/none_unscreened,144753.0,137515.0,0.0,False,7238.0
radar,concept,severe,,3789935020.0,2.0,radar__evaluation,radar__evaluation__concept__severe__a2,0,137515,70.58177112499834,102403,0.6575295645635382,0.48998819514772674,34162,29597,0.8663719922721153,102403,15385,0.15023973907014443,0.7670340681362725,0.13999200045711674,none,True,none,complete,results/per_dataset_study/fixed_responses/runs/radar/none/radar__evaluation__concept__severe__a2/none_screened,,,,,
radar,concept,severe,,3789935020.0,2.0,radar__evaluation,radar__evaluation__concept__severe__a2,0,137515,42.12929270899622,102403,0.6951554153686904,0.5437001677471088,34162,34162,1.0,102403,0,0.0,0.8264328657314629,0.1074986191265261,none,False,none,complete,results/per_dataset_study/fixed_responses/runs/radar/none/radar__evaluation__concept__severe__a2/none_unscreened,144753.0,137515.0,0.0,False,7238.0
radar,concept,severe,,3335947267.0,3.0,radar__evaluation,radar__evaluation__concept__severe__a3,0,137515,63.81266658302047,102355,0.654242587074398,0.524549765940566,34210,29191,0.8532885121309559,102355,13031,0.127311806946412,0.7745758506841733,0.12953398991112178,none,True,none,complete,results/per_dataset_study/fixed_responses/runs/radar/none/radar__evaluation__concept__severe__a3/none_screened,,,,,
radar,concept,severe,,3335947267.0,3.0,radar__evaluation,radar__evaluation__concept__severe__a3,0,137515,42.6504036669794,102355,0.6332763421425431,0.4619982755590075,34210,34210,1.0,102355,0,0.0,0.8087558922880208,0.13666026102970613,none,False,none,complete,results/per_dataset_study/fixed_responses/runs/radar/none/radar__evaluation__concept__severe__a3/none_unscreened,144753.0,137515.0,0.0,False,7238.0
radar,concept,severe,,948131781.0,4.0,radar__evaluation,radar__evaluation__concept__severe__a4,0,137515,66.85027462500148,102372,0.677226194662603,0.5050156094664939,34193,29513,0.8631298803848741,102372,14320,0.13988199898409723,0.8399690070330195,0.11722203005495983,none,True,none,complete,results/per_dataset_study/fixed_responses/runs/radar/none/radar__evaluation__concept__severe__a4/none_screened,,,,,
radar,concept,severe,,948131781.0,4.0,radar__evaluation,radar__evaluation__concept__severe__a4,0,137515,43.81402612500824,102372,0.6740808033446646,0.4866859873628744,34193,34193,1.0,102372,0,0.0,0.7937179640004768,0.10845920289019563,none,False,none,complete,results/per_dataset_study/fixed_responses/runs/radar/none/radar__evaluation__concept__severe__a4/none_unscreened,144753.0,137515.0,0.0,False,7238.0
radar,instance,moderate,,3687513746.0,0.0,radar__evaluation,radar__evaluation__instance__moderate__a0,0,137515,48.38221541700477,136565,0.6378427854867645,0.4452548879723989,20653,17641,0.8541616230087639,115912,16938,0.14612809717716888,0.6515544423161928,0.10590290414149502,none,True,none,complete,results/per_dataset_study/fixed_responses/runs/radar/none/radar__evaluation__instance__moderate__a0/none_screened,,,,,
radar,instance,moderate,,3687513746.0,0.0,radar__evaluation,radar__evaluation__instance__moderate__a0,0,137515,34.877982083009556,136565,0.6376890125581225,0.4399222237534551,20653,20653,1.0,115912,0,0.0,0.7933844113746868,0.12313851080864692,none,False,none,complete,results/per_dataset_study/fixed_responses/runs/radar/none/radar__evaluation__instance__moderate__a0/none_unscreened,144753.0,137515.0,0.0,False,7238.0
radar,instance,moderate,,2388385389.0,1.0,radar__evaluation,radar__evaluation__instance__moderate__a1,0,137515,46.38694245800434,136565,0.6219309486325193,0.3886213009910753,20598,17729,0.8607146324885911,115967,16131,0.13909991635551494,0.6834683954619125,0.12878666569619332,none,True,none,complete,results/per_dataset_study/fixed_responses/runs/radar/none/radar__evaluation__instance__moderate__a1/none_screened,,,,,
radar,instance,moderate,,2388385389.0,1.0,radar__evaluation,radar__evaluation__instance__moderate__a1,0,137515,36.05918149999343,136565,0.6605792113645517,0.48847968201828007,20598,20598,1.0,115967,0,0.0,0.7558125828790334,0.09852245432709804,none,False,none,complete,results/per_dataset_study/fixed_responses/runs/radar/none/radar__evaluation__instance__moderate__a1/none_unscreened,144753.0,137515.0,0.0,False,7238.0
radar,instance,moderate,,58124341.0,2.0,radar__evaluation,radar__evaluation__instance__moderate__a2,0,137515,47.34048774999974,136565,0.6220627539999267,0.3641535991492402,20657,18463,0.893789030352907,115908,13006,0.11220968354211962,0.5747458376307647,0.0795254385326443,none,True,none,complete,results/per_dataset_study/fixed_responses/runs/radar/none/radar__evaluation__instance__moderate__a2/none_screened,,,,,
radar,instance,moderate,,58124341.0,2.0,radar__evaluation,radar__evaluation__instance__moderate__a2,0,137515,34.66468641697429,136565,0.6306154578405887,0.42737531405909845,20657,20657,1.0,115908,0,0.0,0.6772506261971416,0.08895843947885582,none,False,none,complete,results/per_dataset_study/fixed_responses/runs/radar/none/radar__evaluation__instance__moderate__a2/none_unscreened,144753.0,137515.0,0.0,False,7238.0
radar,instance,moderate,,3627463518.0,3.0,radar__evaluation,radar__evaluation__instance__moderate__a3,0,137515,47.966397042007884,136565,0.5913667484348113,0.3439650425311977,20625,18130,0.879030303030303,115940,13655,0.11777643608763154,0.7133048475025785,0.12572967464880996,none,True,none,complete,results/per_dataset_study/fixed_responses/runs/radar/none/radar__evaluation__instance__moderate__a3/none_screened,,,,,
radar,instance,moderate,,3627463518.0,3.0,radar__evaluation,radar__evaluation__instance__moderate__a3,0,137515,34.285846625018166,136565,0.6596346062314649,0.4864738871602154,20625,20625,1.0,115940,0,0.0,0.785310151760719,0.1044035228182546,none,False,none,complete,results/per_dataset_study/fixed_responses/runs/radar/none/radar__evaluation__instance__moderate__a3/none_unscreened,144753.0,137515.0,0.0,False,7238.0
radar,instance,moderate,,2006973868.0,4.0,radar__evaluation,radar__evaluation__instance__moderate__a4,0,137515,48.92139674999635,136565,0.610280818657782,0.4689992869250911,20561,18525,0.9009775789115315,116004,11264,0.09710009999655184,0.6729924856343009,0.15341727927796783,none,True,none,complete,results/per_dataset_study/fixed_responses/runs/radar/none/radar__evaluation__instance__moderate__a4/none_screened,,,,,
radar,instance,moderate,,2006973868.0,4.0,radar__evaluation,radar__evaluation__instance__moderate__a4,0,137515,33.171465333987726,136565,0.6167246366199246,0.4218088132724666,20561,20561,1.0,116004,0,0.0,0.7765433917783999,0.12316762500909818,none,False,none,complete,results/per_dataset_study/fixed_responses/runs/radar/none/radar__evaluation__instance__moderate__a4/none_unscreened,144753.0,137515.0,0.0,False,7238.0
radar,instance,severe,,3068245370.0,0.0,radar__evaluation,radar__evaluation__instance__severe__a0,0,137515,49.11452299999655,136565,0.6009226375718523,0.35897068637746704,34366,30479,0.8868940231624279,102199,11313,0.11069579937181381,0.5980551053484603,0.12095494577480166,none,True,none,complete,results/per_dataset_study/fixed_responses/runs/radar/none/radar__evaluation__instance__severe__a0/none_screened,,,,,
radar,instance,severe,,3068245370.0,0.0,radar__evaluation,radar__evaluation__instance__severe__a0,0,137515,31.065342417015927,136565,0.6089993775857651,0.3528510351838444,34366,34366,1.0,102199,0,0.0,0.6410048622366289,0.08025329354392605,none,False,none,complete,results/per_dataset_study/fixed_responses/runs/radar/none/radar__evaluation__instance__severe__a0/none_unscreened,144753.0,137515.0,0.0,False,7238.0
radar,instance,severe,,11462624.0,1.0,radar__evaluation,radar__evaluation__instance__severe__a1,0,137515,47.05547533300705,136565,0.5776663127448468,0.29391100530796344,34391,31300,0.9101218342008084,102174,9259,0.09061992287666139,0.426742301458671,0.0982167552223597,none,True,none,complete,results/per_dataset_study/fixed_responses/runs/radar/none/radar__evaluation__instance__severe__a1/none_screened,,,,,
radar,instance,severe,,11462624.0,1.0,radar__evaluation,radar__evaluation__instance__severe__a1,0,137515,28.374161374988034,136565,0.6158312891297184,0.41568912407195036,34391,34391,1.0,102174,0,0.0,0.5862678650360984,0.07355702744013393,none,False,none,complete,results/per_dataset_study/fixed_responses/runs/radar/none/radar__evaluation__instance__severe__a1/none_unscreened,144753.0,137515.0,0.0,False,7238.0
radar,instance,severe,,1906925561.0,2.0,radar__evaluation,radar__evaluation__instance__severe__a2,0,137515,50.86172758300381,136565,0.5707758210376012,0.3165723722107404,34333,28854,0.8404159263682172,102232,16371,0.16013576962203616,0.6646530131133048,0.1367493995196157,none,True,none,complete,results/per_dataset_study/fixed_responses/runs/radar/none/radar__evaluation__instance__severe__a2/none_screened,,,,,
radar,instance,severe,,1906925561.0,2.0,radar__evaluation,radar__evaluation__instance__severe__a2,0,137515,34.31782724999357,136565,0.6528539523303921,0.49632633187031255,34333,34333,1.0,102232,0,0.0,0.6808752025931929,0.09312177014338743,none,False,none,complete,results/per_dataset_study/fixed_responses/runs/radar/none/radar__evaluation__instance__severe__a2/none_unscreened,144753.0,137515.0,0.0,False,7238.0
radar,instance,severe,,4183855161.0,3.0,radar__evaluation,radar__evaluation__instance__severe__a3,0,137515,44.6330405419867,136565,0.5899901145974444,0.3179332623901146,34327,29343,0.8548081684971014,102238,14966,0.14638392769811617,0.5960218063945779,0.0968047165004731,none,True,none,complete,results/per_dataset_study/fixed_responses/runs/radar/none/radar__evaluation__instance__severe__a3/none_screened,,,,,
radar,instance,severe,,4183855161.0,3.0,radar__evaluation,radar__evaluation__instance__severe__a3,0,137515,30.220840750000207,136565,0.5994361659283125,0.3623653434358285,34327,34327,1.0,102238,0,0.0,0.6834683954619125,0.1058155615401412,none,False,none,complete,results/per_dataset_study/fixed_responses/runs/radar/none/radar__evaluation__instance__severe__a3/none_unscreened,144753.0,137515.0,0.0,False,7238.0
radar,instance,severe,,1699676806.0,4.0,radar__evaluation,radar__evaluation__instance__severe__a4,0,137515,40.87041470798431,136565,0.5908029143631238,0.3313576400229691,34401,29099,0.8458765733554258,102164,15598,0.1526760894248463,0.5061146309120377,0.09079263410728583,none,True,none,complete,results/per_dataset_study/fixed_responses/runs/radar/none/radar__evaluation__instance__severe__a4/none_screened,,,,,
radar,instance,severe,,1699676806.0,4.0,radar__evaluation,radar__evaluation__instance__severe__a4,0,137515,31.613188416988123,136565,0.5972174422436203,0.4091423305341243,34401,34401,1.0,102164,0,0.0,0.643421246500663,0.13086833102845913,none,False,none,complete,results/per_dataset_study/fixed_responses/runs/radar/none/radar__evaluation__instance__severe__a4/none_unscreened,144753.0,137515.0,0.0,False,7238.0
radar,splice,moderate,,424767608.0,0.0,radar__evaluation,radar__evaluation__splice__moderate__a0,0,137515,58.52848174999235,116110,0.6503660322108346,0.40579378466244775,20455,17871,0.8736739183573698,116110,14516,0.12501937817586772,0.835328430583141,0.09028112183052986,none,True,none,complete,results/per_dataset_study/fixed_responses/runs/radar/none/radar__evaluation__splice__moderate__a0/none_screened,,,,,
radar,splice,moderate,,424767608.0,0.0,radar__evaluation,radar__evaluation__splice__moderate__a0,0,137515,34.894006249989616,116110,0.6889587460167083,0.4592750214316696,20455,20455,1.0,116110,0,0.0,0.8290479002272443,0.07286252760573203,none,False,none,complete,results/per_dataset_study/fixed_responses/runs/radar/none/radar__evaluation__splice__moderate__a0/none_unscreened,144753.0,137515.0,0.0,False,7238.0
radar,splice,moderate,,3027246665.0,1.0,radar__evaluation,radar__evaluation__splice__moderate__a1,0,137515,52.8375290420081,116177,0.6649250712275235,0.42387525771379564,20388,17600,0.8632528938591328,116177,15262,0.13136851528271518,0.8077382291360247,0.08755523584420923,none,True,none,complete,results/per_dataset_study/fixed_responses/runs/radar/none/radar__evaluation__splice__moderate__a1/none_screened,,,,,
radar,splice,moderate,,3027246665.0,1.0,radar__evaluation,radar__evaluation__splice__moderate__a1,0,137515,29.52218583301874,116177,0.6477013522470024,0.4889193789205607,20388,20388,1.0,116177,0,0.0,0.8517243169351629,0.14529167951221184,none,False,none,complete,results/per_dataset_study/fixed_responses/runs/radar/none/radar__evaluation__splice__moderate__a1/none_unscreened,144753.0,137515.0,0.0,False,7238.0
radar,splice,moderate,,2843988057.0,2.0,radar__evaluation,radar__evaluation__splice__moderate__a2,0,137515,54.406173833005596,116127,0.6533536559112006,0.48242998368858764,20438,18241,0.8925041589196595,116127,13953,0.12015293600971351,0.8140656893672296,0.12642485223754574,none,True,none,complete,results/per_dataset_study/fixed_responses/runs/radar/none/radar__evaluation__splice__moderate__a2/none_screened,,,,,
radar,splice,moderate,,2843988057.0,2.0,radar__evaluation,radar__evaluation__splice__moderate__a2,0,137515,33.291336416004924,116127,0.6494871993593221,0.47805216027778624,20438,20438,1.0,116127,0,0.0,0.8661077278631556,0.1337426118772868,none,False,none,complete,results/per_dataset_study/fixed_responses/runs/radar/none/radar__evaluation__splice__moderate__a2/none_unscreened,144753.0,137515.0,0.0,False,7238.0
radar,splice,moderate,,3964723791.0,3.0,radar__evaluation,radar__evaluation__splice__moderate__a3,0,137515,43.867182334011886,116141,0.6553413523217468,0.4888222496932623,20424,17644,0.8638856247551899,116141,24770,0.21327524302356618,0.7880224117273945,0.14010271954197187,none,True,none,complete,results/per_dataset_study/fixed_responses/runs/radar/none/radar__evaluation__splice__moderate__a3/none_screened,,,,,
radar,splice,moderate,,3964723791.0,3.0,radar__evaluation,radar__evaluation__splice__moderate__a3,0,137515,26.711083707981743,116141,0.6735175347207274,0.5025297987770696,20424,20424,1.0,116141,0,0.0,0.7966558601733738,0.0875473604445567,none,False,none,complete,results/per_dataset_study/fixed_responses/runs/radar/none/radar__evaluation__splice__moderate__a3/none_unscreened,144753.0,137515.0,0.0,False,7238.0
radar,splice,moderate,,216158045.0,4.0,radar__evaluation,radar__evaluation__splice__moderate__a4,0,137515,51.92580100000487,116114,0.6626332741960487,0.5026678043819179,20451,17969,0.8786367414796342,116114,11768,0.10134867457843154,0.8321858864027539,0.1236253318164581,none,True,none,complete,results/per_dataset_study/fixed_responses/runs/radar/none/radar__evaluation__splice__moderate__a4/none_screened,,,,,
radar,splice,moderate,,216158045.0,4.0,radar__evaluation,radar__evaluation__splice__moderate__a4,0,137515,31.30738754197955,116114,0.7002256403189968,0.5404710078973693,20451,20451,1.0,116114,0,0.0,0.8076764199655766,0.07465439376702175,none,False,none,complete,results/per_dataset_study/fixed_responses/runs/radar/none/radar__evaluation__splice__moderate__a4/none_unscreened,144753.0,137515.0,0.0,False,7238.0
radar,splice,severe,,1946032787.0,0.0,radar__evaluation,radar__evaluation__splice__severe__a0,0,137515,49.75988016699557,102359,0.6548715794409871,0.4680088004410193,34206,28675,0.8383032216570192,102359,15369,0.1501480084799578,0.7760907093534212,0.0886285347293852,none,True,none,complete,results/per_dataset_study/fixed_responses/runs/radar/none/radar__evaluation__splice__severe__a0/none_screened,,,,,
radar,splice,severe,,1946032787.0,0.0,radar__evaluation,radar__evaluation__splice__severe__a0,0,137515,30.318568916001823,102359,0.686085248976641,0.4275714031256115,34206,34206,1.0,102359,0,0.0,0.7922747959824231,0.060428546406399004,none,False,none,complete,results/per_dataset_study/fixed_responses/runs/radar/none/radar__evaluation__splice__severe__a0/none_unscreened,144753.0,137515.0,0.0,False,7238.0
radar,splice,severe,,2444082711.0,1.0,radar__evaluation,radar__evaluation__splice__severe__a1,0,137515,52.094454834004864,102317,0.6835911920795176,0.5505502021538656,34248,28349,0.827756365335202,102317,17851,0.17446758603164675,0.7555371803201228,0.1315503454700722,none,True,none,complete,results/per_dataset_study/fixed_responses/runs/radar/none/radar__evaluation__splice__severe__a1/none_screened,,,,,
radar,splice,severe,,2444082711.0,1.0,radar__evaluation,radar__evaluation__splice__severe__a1,0,137515,33.45611274999101,102317,0.6757430339044342,0.4771807439665051,34248,34248,1.0,102317,0,0.0,0.807532534010592,0.10241829050539554,none,False,none,complete,results/per_dataset_study/fixed_responses/runs/radar/none/radar__evaluation__splice__severe__a1/none_unscreened,144753.0,137515.0,0.0,False,7238.0
radar,splice,severe,,1638213230.0,2.0,radar__evaluation,radar__evaluation__splice__severe__a2,0,137515,56.072186167002656,102366,0.6112283375339468,0.37419716123341074,34199,30350,0.8874528494985233,102366,12301,0.12016685227516949,0.8300246199538864,0.10406735953739157,none,True,none,complete,results/per_dataset_study/fixed_responses/runs/radar/none/radar__evaluation__splice__severe__a2/none_screened,,,,,
radar,splice,severe,,1638213230.0,2.0,radar__evaluation,radar__evaluation__splice__severe__a2,0,137515,32.701537124987226,102366,0.6664029072152863,0.47244807798377836,34199,34199,1.0,102366,0,0.0,0.8107194497635702,0.0852152848323826,none,False,none,complete,results/per_dataset_study/fixed_responses/runs/radar/none/radar__evaluation__splice__severe__a2/none_unscreened,144753.0,137515.0,0.0,False,7238.0
radar,splice,severe,,2515960843.0,3.0,radar__evaluation,radar__evaluation__splice__severe__a3,0,137515,49.71390533298836,102359,0.6143866196426303,0.36169079492802725,34206,29588,0.8649944454189323,102359,8682,0.0848191170292793,0.7039595854715361,0.08984658938750525,none,True,none,complete,results/per_dataset_study/fixed_responses/runs/radar/none/radar__evaluation__splice__severe__a3/none_screened,,,,,
radar,splice,severe,,2515960843.0,3.0,radar__evaluation,radar__evaluation__splice__severe__a3,0,137515,29.35066424999968,102359,0.6767651110307839,0.49948239890601376,34206,34206,1.0,102359,0,0.0,0.8489047742656896,0.12726194575155897,none,False,none,complete,results/per_dataset_study/fixed_responses/runs/radar/none/radar__evaluation__splice__severe__a3/none_unscreened,144753.0,137515.0,0.0,False,7238.0
radar,splice,severe,,2498603841.0,4.0,radar__evaluation,radar__evaluation__splice__severe__a4,0,137515,52.52499841700774,102399,0.6340882235178078,0.42887918943313097,34166,27183,0.7956155242053503,102399,17717,0.1730192677662868,0.79126098781978,0.07541472290509281,none,True,none,complete,results/per_dataset_study/fixed_responses/runs/radar/none/radar__evaluation__splice__severe__a4/none_screened,,,,,
radar,splice,severe,,2498603841.0,4.0,radar__evaluation,radar__evaluation__splice__severe__a4,0,137515,30.137852915999247,102399,0.6847527807888749,0.5285100145997983,34166,34166,1.0,102399,0,0.0,0.882021364657653,0.09746230231702832,none,False,none,complete,results/per_dataset_study/fixed_responses/runs/radar/none/radar__evaluation__splice__severe__a4/none_unscreened,144753.0,137515.0,0.0,False,7238.0
