stream,detector,arm,feedback_fraction,delay_blocks,host_macro_f1,host_accuracy,poison_admission_rate,clean_withhold_rate,resets,training_visits,seconds,malicious_recall,benign_fpr
RBF_I,adwin,confirmed,0.01,1,0.5484547101649957,0.553636039250669,0.8225566286209409,0.15064763019757627,1.5,61750.0,2.732208937301766,,
RBF_I,adwin,confirmed,0.01,5,0.5384445986849253,0.5430544157002677,0.7672047615426857,0.23239081408480594,1.1,60990.0,2.730616795999231,,
RBF_I,adwin,confirmed,0.02,1,0.5445630493906131,0.5492435325602141,0.8163804668300134,0.17786914567664996,1.5,61370.0,2.7309500125964403,,
RBF_I,adwin,confirmed,0.02,5,0.530515753990595,0.5360713648528099,0.6912490271966478,0.26717080930317944,1.4,61370.0,2.6805769499973398,,
RBF_I,adwin,confirmed,0.05,1,0.5337578976668019,0.5397644959857271,0.7321713474950894,0.2491467922848134,1.7,62510.0,2.783110591598961,,
RBF_I,adwin,confirmed,0.05,5,0.5220521353725167,0.5274665477252454,0.6264816996820486,0.34904340414214907,0.7,62510.0,2.8223277370998403,,
RBF_I,adwin,error_rule,0.01,1,0.5318588985265447,0.5371418376449598,0.7601400680435008,0.221595805717603,10.2,57000.0,2.432952029403532,,
RBF_I,adwin,error_rule,0.01,5,0.5282541567669577,0.534107047279215,0.7052655874221491,0.28477652250096086,8.6,57000.0,2.4574183917982735,,
RBF_I,adwin,error_rule,0.02,1,0.5324497908213135,0.5378215878679751,0.6836332421737119,0.2964204129752438,9.600000000000001,57000.0,2.448945374993491,,
RBF_I,adwin,error_rule,0.02,5,0.523090894269564,0.5282426404995539,0.5803604359748891,0.38317043731249156,8.6,57000.0,2.450800508298562,,
RBF_I,adwin,error_rule,0.05,1,0.5331395523700182,0.5387118644067797,0.6070861755319303,0.37913542347669615,6.8999999999999995,57000.0,2.509299449902028,,
RBF_I,adwin,error_rule,0.05,5,0.5160176628444533,0.5218501338090991,0.5219960104707553,0.48473931951124266,6.4,57000.0,2.508703316593892,,
RBF_I,adwin,no_reset,0.01,1,0.5427296798412912,0.5476396074933095,0.8615209834667382,0.12042447228068523,0.0,57000.0,2.7840000833995875,,
RBF_I,adwin,no_reset,0.01,5,0.5400158873561994,0.5438768956289027,0.7729478524064675,0.21357079094100367,0.0,57000.0,2.7738048871920906,,
RBF_I,adwin,no_reset,0.02,1,0.5427067436142085,0.5478394290811774,0.8106792500177195,0.1661878304778297,0.0,57000.0,2.8241243208030937,,
RBF_I,adwin,no_reset,0.02,5,0.5314879135425882,0.5363764495985728,0.7229305214732704,0.28320318188923466,0.0,57000.0,2.773853679097374,,
RBF_I,adwin,no_reset,0.05,1,0.5373810103987877,0.5415200713648528,0.784198418801217,0.20189160598239253,0.0,57000.0,2.8671260623974377,,
RBF_I,adwin,no_reset,0.05,5,0.5183971601494106,0.5236181980374666,0.6453861273760028,0.3459871594937988,0.0,57000.0,2.7415610708034364,,
RBF_I,adwin,q_alarm_persistence_17,0.01,1,0.5330043251242882,0.5384834968777877,0.7740259508313383,0.21487176608874384,9.5,57000.0,2.444970058300532,,
RBF_I,adwin,q_alarm_persistence_17,0.01,5,0.5277656541370497,0.5337894736842106,0.7150014988810959,0.28639745930799343,8.0,57000.0,2.460830650004209,,
RBF_I,adwin,q_alarm_persistence_17,0.02,1,0.5324524259149332,0.5382283675289918,0.6928639338224979,0.29626030760809247,8.6,57000.0,2.473533483297797,,
RBF_I,adwin,q_alarm_persistence_17,0.02,5,0.5243828831721924,0.5295700267618197,0.5863067208264653,0.3779434922349463,7.6,57000.0,2.462819904103526,,
RBF_I,adwin,q_alarm_persistence_17,0.05,1,0.5337370034314181,0.5393256021409456,0.610475431529692,0.36557613497421204,6.6,57000.0,2.538477362396952,,
RBF_I,adwin,q_alarm_persistence_17,0.05,5,0.5102790704037092,0.5171614629794827,0.49975064152681237,0.5030583247944087,5.4,57000.0,2.5009723539988045,,
RBF_I,adwin,q_alarm_persistence_27,0.01,1,0.5427296798412912,0.5476396074933095,0.8615209834667382,0.12042447228068523,0.0,57000.0,2.837302254297538,,
RBF_I,adwin,q_alarm_persistence_27,0.01,5,0.5400158873561994,0.5438768956289027,0.7729478524064675,0.21357079094100367,0.0,57000.0,2.765424762404291,,
RBF_I,adwin,q_alarm_persistence_27,0.02,1,0.5427067436142085,0.5478394290811774,0.8106792500177195,0.1661878304778297,0.0,57000.0,2.814912928995909,,
RBF_I,adwin,q_alarm_persistence_27,0.02,5,0.5314879135425882,0.5363764495985728,0.7229305214732704,0.28320318188923466,0.0,57000.0,2.7594080500013662,,
RBF_I,adwin,q_alarm_persistence_27,0.05,1,0.5373810103987877,0.5415200713648528,0.784198418801217,0.20189160598239253,0.0,57000.0,2.8648196915964945,,
RBF_I,adwin,q_alarm_persistence_27,0.05,5,0.5183971601494106,0.5236181980374666,0.6453861273760028,0.3459871594937988,0.0,57000.0,2.7584027790959227,,
RBF_I,adwin,q_alarm_persistence_37,0.01,1,0.5427296798412912,0.5476396074933095,0.8615209834667382,0.12042447228068523,0.0,57000.0,2.6549698791990526,,
RBF_I,adwin,q_alarm_persistence_37,0.01,5,0.5400158873561994,0.5438768956289027,0.7729478524064675,0.21357079094100367,0.0,57000.0,2.625285783500294,,
RBF_I,adwin,q_alarm_persistence_37,0.02,1,0.5427067436142085,0.5478394290811774,0.8106792500177195,0.1661878304778297,0.0,57000.0,2.704775395905017,,
RBF_I,adwin,q_alarm_persistence_37,0.02,5,0.5314879135425882,0.5363764495985728,0.7229305214732704,0.28320318188923466,0.0,57000.0,2.6328050626005277,,
RBF_I,adwin,q_alarm_persistence_37,0.05,1,0.5373810103987877,0.5415200713648528,0.784198418801217,0.20189160598239253,0.0,57000.0,2.7509937249997165,,
RBF_I,adwin,q_alarm_persistence_37,0.05,5,0.5183971601494106,0.5236181980374666,0.6453861273760028,0.3459871594937988,0.0,57000.0,2.5943141623953125,,
RBF_I,adwin,q_alarm_persistence_47,0.01,1,0.5427296798412912,0.5476396074933095,0.8615209834667382,0.12042447228068523,0.0,57000.0,2.6654725957982013,,
RBF_I,adwin,q_alarm_persistence_47,0.01,5,0.5400158873561994,0.5438768956289027,0.7729478524064675,0.21357079094100367,0.0,57000.0,2.640637054096442,,
RBF_I,adwin,q_alarm_persistence_47,0.02,1,0.5427067436142085,0.5478394290811774,0.8106792500177195,0.1661878304778297,0.0,57000.0,2.70285661649541,,
RBF_I,adwin,q_alarm_persistence_47,0.02,5,0.5314879135425882,0.5363764495985728,0.7229305214732704,0.28320318188923466,0.0,57000.0,2.6062867418018865,,
RBF_I,adwin,q_alarm_persistence_47,0.05,1,0.5373810103987877,0.5415200713648528,0.784198418801217,0.20189160598239253,0.0,57000.0,2.7593671458016615,,
RBF_I,adwin,q_alarm_persistence_47,0.05,5,0.5183971601494106,0.5236181980374666,0.6453861273760028,0.3459871594937988,0.0,57000.0,2.6127823332994016,,
RBF_I,adwin,q_alarm_persistence_7,0.01,1,0.5222710206786718,0.5264406779661017,0.6468892980026717,0.310072841111131,27.1,57000.0,2.3620011166029142,,
RBF_I,adwin,q_alarm_persistence_7,0.01,5,0.5156119908921896,0.5203675289919715,0.6297166766586793,0.35183038423619906,25.1,57000.0,2.3714928665984187,,
RBF_I,adwin,q_alarm_persistence_7,0.02,1,0.5168195503009649,0.5213184656556645,0.5707296302975945,0.3860733797658661,23.299999999999997,57000.0,2.4167692666960647,,
RBF_I,adwin,q_alarm_persistence_7,0.02,5,0.5128534250900596,0.5174611953612845,0.5491830063118442,0.4299360146889762,21.5,57000.0,2.388150745796156,,
RBF_I,adwin,q_alarm_persistence_7,0.05,1,0.5225301642039921,0.5273791257805531,0.5343073897947964,0.42859445494185633,20.6,57000.0,2.45178708750027,,
RBF_I,adwin,q_alarm_persistence_7,0.05,5,0.5074026723241105,0.5124799286351471,0.4175314023998585,0.5791829609584188,15.5,57000.0,2.442666383300093,,
RBF_I,adwin,selected_map,0.01,1,0.5427296798412912,0.5476396074933095,0.8615209834667382,0.12042447228068523,0.0,57000.0,2.835533337504603,,
RBF_I,adwin,selected_map,0.01,5,0.5400158873561994,0.5438768956289027,0.7729478524064675,0.21357079094100367,0.0,57000.0,2.756056149996584,,
RBF_I,adwin,selected_map,0.02,1,0.5427067436142085,0.5478394290811774,0.8106792500177195,0.1661878304778297,0.0,57000.0,2.8212989625055345,,
RBF_I,adwin,selected_map,0.02,5,0.5314879135425882,0.5363764495985728,0.7229305214732704,0.28320318188923466,0.0,57000.0,2.7817575834924355,,
RBF_I,adwin,selected_map,0.05,1,0.5373810103987877,0.5415200713648528,0.784198418801217,0.20189160598239253,0.0,57000.0,2.884939820798172,,
RBF_I,adwin,selected_map,0.05,5,0.5183971601494106,0.5236181980374666,0.6453861273760028,0.3459871594937988,0.0,57000.0,2.759470924799098,,
RBF_I,d3_oof,confirmed,0.01,1,0.5457349235182185,0.5512024977698483,0.8454535888202367,0.13582902609948508,0.5,58140.0,2.878484625203418,,
RBF_I,d3_oof,confirmed,0.01,5,0.5412907610287934,0.5451168599464764,0.7896281128005721,0.1982706302778351,0.7,58330.0,2.797538420907222,,
RBF_I,d3_oof,confirmed,0.02,1,0.5484418004913691,0.5536181980374666,0.8173019565779679,0.16277112653237713,0.2,58330.0,2.9308245792082745,,
RBF_I,d3_oof,confirmed,0.02,5,0.5306776792508301,0.5346601248884925,0.7190746628754745,0.28651396022373,0.30000000000000004,58330.0,2.8679874248016857,,
RBF_I,d3_oof,confirmed,0.05,1,0.5398632680207726,0.5440107047279215,0.7636370680730156,0.22219267338779053,0.30000000000000004,57950.0,2.9543164710034033,,
RBF_I,d3_oof,confirmed,0.05,5,0.5239363676608739,0.5288224799286352,0.6474008116991246,0.3457522573807712,0.4,57950.0,2.8352822041051695,,
RBF_I,d3_oof,error_rule,0.01,1,0.5318588985265447,0.5371418376449598,0.7601400680435008,0.221595805717603,10.2,57000.0,2.488718575198436,,
RBF_I,d3_oof,error_rule,0.01,5,0.5282541567669577,0.534107047279215,0.7052655874221491,0.28477652250096086,8.6,57000.0,2.5052686289942354,,
RBF_I,d3_oof,error_rule,0.02,1,0.5324497908213135,0.5378215878679751,0.6836332421737119,0.2964204129752438,9.600000000000001,57000.0,2.5183688833989435,,
RBF_I,d3_oof,error_rule,0.02,5,0.523090894269564,0.5282426404995539,0.5803604359748891,0.38317043731249156,8.6,57000.0,2.5084548292012183,,
RBF_I,d3_oof,error_rule,0.05,1,0.5331395523700182,0.5387118644067797,0.6070861755319303,0.37913542347669615,6.8999999999999995,57000.0,2.5871182042930743,,
RBF_I,d3_oof,error_rule,0.05,5,0.5160176628444533,0.5218501338090991,0.5219960104707553,0.48473931951124266,6.4,57000.0,2.557931024997379,,
RBF_I,d3_oof,no_reset,0.01,1,0.5427296798412912,0.5476396074933095,0.8615209834667382,0.12042447228068523,0.0,57000.0,2.8092193835036596,,
RBF_I,d3_oof,no_reset,0.01,5,0.5400158873561994,0.5438768956289027,0.7729478524064675,0.21357079094100367,0.0,57000.0,2.757127720903372,,
RBF_I,d3_oof,no_reset,0.02,1,0.5427067436142085,0.5478394290811774,0.8106792500177195,0.1661878304778297,0.0,57000.0,2.812262499798089,,
RBF_I,d3_oof,no_reset,0.02,5,0.5314879135425882,0.5363764495985728,0.7229305214732704,0.28320318188923466,0.0,57000.0,2.747754854199593,,
RBF_I,d3_oof,no_reset,0.05,1,0.5373810103987877,0.5415200713648528,0.784198418801217,0.20189160598239253,0.0,57000.0,2.8748979583979235,,
RBF_I,d3_oof,no_reset,0.05,5,0.5183971601494106,0.5236181980374666,0.6453861273760028,0.3459871594937988,0.0,57000.0,2.7412111206038388,,
RBF_I,d3_oof,q_alarm_persistence_17,0.01,1,0.5318588985265447,0.5371418376449598,0.7601400680435008,0.221595805717603,10.2,57000.0,2.4729109498992328,,
RBF_I,d3_oof,q_alarm_persistence_17,0.01,5,0.5282567557275917,0.5341123996431758,0.7052655874221491,0.2830816072467236,8.6,57000.0,2.5094838791992515,,
RBF_I,d3_oof,q_alarm_persistence_17,0.02,1,0.5324497908213135,0.5378215878679751,0.6836332421737119,0.2964204129752438,9.600000000000001,57000.0,2.5152159748948177,,
RBF_I,d3_oof,q_alarm_persistence_17,0.02,5,0.523090894269564,0.5282426404995539,0.5803604359748891,0.38317043731249156,8.6,57000.0,2.519112791799125,,
RBF_I,d3_oof,q_alarm_persistence_17,0.05,1,0.5331395523700182,0.5387118644067797,0.6070861755319303,0.37913542347669615,6.8999999999999995,57000.0,2.5829249376023653,,
RBF_I,d3_oof,q_alarm_persistence_17,0.05,5,0.5127387428672736,0.5191882247992864,0.5110611424190988,0.49647328893448817,6.1,57000.0,2.5426454417000057,,
RBF_I,d3_oof,q_alarm_persistence_27,0.01,1,0.517102267544786,0.5215985727029437,0.660459223875645,0.2863460755561921,25.4,57000.0,2.421760920691304,,
RBF_I,d3_oof,q_alarm_persistence_27,0.01,5,0.5131121143085526,0.5179821587867974,0.6267028423602504,0.3451148355566567,23.6,57000.0,2.396263728995109,,
RBF_I,d3_oof,q_alarm_persistence_27,0.02,1,0.5160994839044273,0.5207350579839429,0.5686404136721028,0.371040867749305,22.9,57000.0,2.4328214374982053,,
RBF_I,d3_oof,q_alarm_persistence_27,0.02,5,0.5096323761588825,0.5143889384478144,0.552691285851558,0.41978671713925964,20.9,57000.0,2.3955432458926227,,
RBF_I,d3_oof,q_alarm_persistence_27,0.05,1,0.5179644036931677,0.5227796610169491,0.5523969202808947,0.4135349885142522,19.9,57000.0,2.505942341602349,,
RBF_I,d3_oof,q_alarm_persistence_27,0.05,5,0.5044535051601758,0.5095200713648529,0.4277574929284581,0.5605485990110504,15.6,57000.0,2.499064129195176,,
RBF_I,d3_oof,q_alarm_persistence_37,0.01,1,0.517102267544786,0.5215985727029437,0.660459223875645,0.2863460755561921,25.4,57000.0,2.289882849997957,,
RBF_I,d3_oof,q_alarm_persistence_37,0.01,5,0.5131121143085526,0.5179821587867974,0.6267028423602504,0.3451148355566567,23.6,57000.0,2.2886676873982648,,
RBF_I,d3_oof,q_alarm_persistence_37,0.02,1,0.5160994839044273,0.5207350579839429,0.5686404136721028,0.371040867749305,22.9,57000.0,2.284134578896919,,
RBF_I,d3_oof,q_alarm_persistence_37,0.02,5,0.5096323761588825,0.5143889384478144,0.552691285851558,0.41978671713925964,20.9,57000.0,2.306553983304184,,
RBF_I,d3_oof,q_alarm_persistence_37,0.05,1,0.5179644036931677,0.5227796610169491,0.5523969202808947,0.4135349885142522,19.9,57000.0,2.3616316623956664,,
RBF_I,d3_oof,q_alarm_persistence_37,0.05,5,0.5044535051601758,0.5095200713648529,0.4277574929284581,0.5605485990110504,15.6,57000.0,2.361399833098403,,
RBF_I,d3_oof,q_alarm_persistence_47,0.01,1,0.517102267544786,0.5215985727029437,0.660459223875645,0.2863460755561921,25.4,57000.0,2.2938799541938355,,
RBF_I,d3_oof,q_alarm_persistence_47,0.01,5,0.5131121143085526,0.5179821587867974,0.6267028423602504,0.3451148355566567,23.6,57000.0,2.247615929096355,,
RBF_I,d3_oof,q_alarm_persistence_47,0.02,1,0.5160994839044273,0.5207350579839429,0.5686404136721028,0.371040867749305,22.9,57000.0,2.3122631251026178,,
RBF_I,d3_oof,q_alarm_persistence_47,0.02,5,0.5096323761588825,0.5143889384478144,0.552691285851558,0.41978671713925964,20.9,57000.0,2.29840323740209,,
RBF_I,d3_oof,q_alarm_persistence_47,0.05,1,0.5179644036931677,0.5227796610169491,0.5523969202808947,0.4135349885142522,19.9,57000.0,2.3680537125968844,,
RBF_I,d3_oof,q_alarm_persistence_47,0.05,5,0.5044535051601758,0.5095200713648529,0.4277574929284581,0.5605485990110504,15.6,57000.0,2.3786301791958975,,
RBF_I,d3_oof,q_alarm_persistence_7,0.01,1,0.5388963526203443,0.5441391614629795,0.854555982215915,0.12547763270043147,0.3,57000.0,2.886103524902137,,
RBF_I,d3_oof,q_alarm_persistence_7,0.01,5,0.5378542026499362,0.5417270294380017,0.7638378018730594,0.22053100450632654,0.0,57000.0,2.8353648625023196,,
RBF_I,d3_oof,q_alarm_persistence_7,0.02,1,0.5409411042520298,0.5453470115967886,0.8036159677044988,0.17630899230936947,0.3,57000.0,2.9106756791908994,,
RBF_I,d3_oof,q_alarm_persistence_7,0.02,5,0.5252342717667888,0.5304620874219447,0.7263273486945819,0.28659423697157094,0.1,57000.0,2.838107991797733,,
RBF_I,d3_oof,q_alarm_persistence_7,0.05,1,0.5375965162220417,0.541978590544157,0.7524482288302804,0.21354407709421536,0.4,57000.0,2.9420509875999414,,
RBF_I,d3_oof,q_alarm_persistence_7,0.05,5,0.5170395038129001,0.5218947368421052,0.6401643093758934,0.35303231938757484,0.1,57000.0,2.8529859626956746,,
RBF_I,d3_oof,selected_map,0.01,1,0.5427296798412912,0.5476396074933095,0.8615209834667382,0.12042447228068523,0.0,57000.0,2.9312353750981854,,
RBF_I,d3_oof,selected_map,0.01,5,0.5400158873561994,0.5438768956289027,0.7729478524064675,0.21357079094100367,0.0,57000.0,2.8764189084991814,,
RBF_I,d3_oof,selected_map,0.02,1,0.5427067436142085,0.5478394290811774,0.8106792500177195,0.1661878304778297,0.0,57000.0,2.9262123126041844,,
RBF_I,d3_oof,selected_map,0.02,5,0.5314879135425882,0.5363764495985728,0.7229305214732704,0.28320318188923466,0.0,57000.0,2.868915020895656,,
RBF_I,d3_oof,selected_map,0.05,1,0.5373810103987877,0.5415200713648528,0.784198418801217,0.20189160598239253,0.0,57000.0,2.9787179914987063,,
RBF_I,d3_oof,selected_map,0.05,5,0.5183971601494106,0.5236181980374666,0.6453861273760028,0.3459871594937988,0.0,57000.0,2.8517926457949216,,
RBF_I,hddm_w,confirmed,0.01,1,0.5332953882603286,0.5393113291703836,0.8160952716690868,0.15070112134657287,2.3,64410.0,2.8026316582981963,,
RBF_I,hddm_w,confirmed,0.01,5,0.5313119231960051,0.5365031222123104,0.6833581017202148,0.2681377470988994,1.7999999999999998,65170.0,2.8353812582063256,,
RBF_I,hddm_w,confirmed,0.02,1,0.5358663679080095,0.5423942908117751,0.7777829038696404,0.21154433403995798,2.2,64980.0,2.8530593459960074,,
RBF_I,hddm_w,confirmed,0.02,5,0.5311807827627262,0.5357930419268511,0.639327820486485,0.296379849730235,1.6,65930.0,2.8608171332918575,,
RBF_I,hddm_w,confirmed,0.05,1,0.5337271429940601,0.5393880463871543,0.6924585278925732,0.27642971993368226,2.2,65360.0,2.9013963792967843,,
RBF_I,hddm_w,confirmed,0.05,5,0.5109768685872961,0.5172453166815344,0.593563774576265,0.38988922719004204,1.8,67640.0,2.912738379300572,,
RBF_I,hddm_w,error_rule,0.01,1,0.5318588985265447,0.5371418376449598,0.7601400680435008,0.221595805717603,10.2,57000.0,2.5048266083933415,,
RBF_I,hddm_w,error_rule,0.01,5,0.5282541567669577,0.534107047279215,0.7052655874221491,0.28477652250096086,8.6,57000.0,2.5347675417986464,,
RBF_I,hddm_w,error_rule,0.02,1,0.5324497908213135,0.5378215878679751,0.6836332421737119,0.2964204129752438,9.600000000000001,57000.0,2.5508696040982617,,
RBF_I,hddm_w,error_rule,0.02,5,0.523090894269564,0.5282426404995539,0.5803604359748891,0.38317043731249156,8.6,57000.0,2.520595375302946,,
RBF_I,hddm_w,error_rule,0.05,1,0.5331395523700182,0.5387118644067797,0.6070861755319303,0.37913542347669615,6.8999999999999995,57000.0,2.595481104099599,,
RBF_I,hddm_w,error_rule,0.05,5,0.5160176628444533,0.5218501338090991,0.5219960104707553,0.48473931951124266,6.4,57000.0,2.570528954302427,,
RBF_I,hddm_w,no_reset,0.01,1,0.5427296798412912,0.5476396074933095,0.8615209834667382,0.12042447228068523,0.0,57000.0,2.8024618374038255,,
RBF_I,hddm_w,no_reset,0.01,5,0.5400158873561994,0.5438768956289027,0.7729478524064675,0.21357079094100367,0.0,57000.0,2.748079483504989,,
RBF_I,hddm_w,no_reset,0.02,1,0.5427067436142085,0.5478394290811774,0.8106792500177195,0.1661878304778297,0.0,57000.0,2.8134988164936656,,
RBF_I,hddm_w,no_reset,0.02,5,0.5314879135425882,0.5363764495985728,0.7229305214732704,0.28320318188923466,0.0,57000.0,2.7555099668970797,,
RBF_I,hddm_w,no_reset,0.05,1,0.5373810103987877,0.5415200713648528,0.784198418801217,0.20189160598239253,0.0,57000.0,2.873491004302923,,
RBF_I,hddm_w,no_reset,0.05,5,0.5183971601494106,0.5236181980374666,0.6453861273760028,0.3459871594937988,0.0,57000.0,2.7598016333096895,,
RBF_I,hddm_w,q_alarm_persistence_17,0.01,1,0.5303481869185753,0.5360374665477252,0.7841603035263999,0.17588325402788063,6.300000000000001,57000.0,2.4996844124951165,,
RBF_I,hddm_w,q_alarm_persistence_17,0.01,5,0.5220423742565059,0.5277876895628903,0.685543737343685,0.281491978892241,6.0,57000.0,2.541007350001019,,
RBF_I,hddm_w,q_alarm_persistence_17,0.02,1,0.5301033395472418,0.5356628010704728,0.7009592391059156,0.26258655185557084,6.4,57000.0,2.56486187519622,,
RBF_I,hddm_w,q_alarm_persistence_17,0.02,5,0.5219392140112447,0.527521855486173,0.6514819903209401,0.33231158067154,5.5,57000.0,2.5522626043035412,,
RBF_I,hddm_w,q_alarm_persistence_17,0.05,1,0.530738224019531,0.5361962533452275,0.6151258628140199,0.3471468200863031,5.1,57000.0,2.6031175418014754,,
RBF_I,hddm_w,q_alarm_persistence_17,0.05,5,0.509539237302342,0.5160374665477252,0.53415271113097,0.47094038486700174,2.9,57000.0,2.600318633398274,,
RBF_I,hddm_w,q_alarm_persistence_27,0.01,1,0.5427296798412912,0.5476396074933095,0.8615209834667382,0.12042447228068523,0.0,57000.0,2.8946820542973004,,
RBF_I,hddm_w,q_alarm_persistence_27,0.01,5,0.5400158873561994,0.5438768956289027,0.7729478524064675,0.21357079094100367,0.0,57000.0,2.8474418873956893,,
RBF_I,hddm_w,q_alarm_persistence_27,0.02,1,0.5427067436142085,0.5478394290811774,0.8106792500177195,0.1661878304778297,0.0,57000.0,2.8903999957983615,,
RBF_I,hddm_w,q_alarm_persistence_27,0.02,5,0.5314879135425882,0.5363764495985728,0.7229305214732704,0.28320318188923466,0.0,57000.0,2.815253741701599,,
RBF_I,hddm_w,q_alarm_persistence_27,0.05,1,0.5373810103987877,0.5415200713648528,0.784198418801217,0.20189160598239253,0.0,57000.0,2.9447956539996083,,
RBF_I,hddm_w,q_alarm_persistence_27,0.05,5,0.5183971601494106,0.5236181980374666,0.6453861273760028,0.3459871594937988,0.0,57000.0,2.8288298917002974,,
RBF_I,hddm_w,q_alarm_persistence_37,0.01,1,0.5124617227976127,0.5178376449598573,0.7562936268612056,0.22887536518904333,11.2,57000.0,2.411529241499375,,
RBF_I,hddm_w,q_alarm_persistence_37,0.01,5,0.5046230192663927,0.5101855486173059,0.7129654443928116,0.297914977384847,11.4,57000.0,2.3910291125008367,,
RBF_I,hddm_w,q_alarm_persistence_37,0.02,1,0.5101617595888597,0.5153969669937555,0.6780557996752338,0.2881506075221415,9.399999999999999,57000.0,2.3927893959975335,,
RBF_I,hddm_w,q_alarm_persistence_37,0.02,5,0.5007696624547884,0.5070990187332739,0.6183743508229631,0.3657670214161691,8.9,57000.0,2.4069366957992315,,
RBF_I,hddm_w,q_alarm_persistence_37,0.05,1,0.5134458116246255,0.51814272970562,0.6109505202308279,0.3645401140303755,9.399999999999999,57000.0,2.475740162405418,,
RBF_I,hddm_w,q_alarm_persistence_37,0.05,5,0.5009746072378388,0.5066833184656556,0.49164412945406244,0.49096838839554713,6.3,57000.0,2.458733337299782,,
RBF_I,hddm_w,q_alarm_persistence_47,0.01,1,0.5427296798412912,0.5476396074933095,0.8615209834667382,0.12042447228068523,0.0,57000.0,2.749792753899237,,
RBF_I,hddm_w,q_alarm_persistence_47,0.01,5,0.5400158873561994,0.5438768956289027,0.7729478524064675,0.21357079094100367,0.0,57000.0,2.660089649903239,,
RBF_I,hddm_w,q_alarm_persistence_47,0.02,1,0.5427067436142085,0.5478394290811774,0.8106792500177195,0.1661878304778297,0.0,57000.0,2.7627869958058,,
RBF_I,hddm_w,q_alarm_persistence_47,0.02,5,0.5314879135425882,0.5363764495985728,0.7229305214732704,0.28320318188923466,0.0,57000.0,2.7049625957006356,,
RBF_I,hddm_w,q_alarm_persistence_47,0.05,1,0.5373810103987877,0.5415200713648528,0.784198418801217,0.20189160598239253,0.0,57000.0,2.8091154500958506,,
RBF_I,hddm_w,q_alarm_persistence_47,0.05,5,0.5183971601494106,0.5236181980374666,0.6453861273760028,0.3459871594937988,0.0,57000.0,2.6914334040950054,,
RBF_I,hddm_w,q_alarm_persistence_7,0.01,1,0.5427296798412912,0.5476396074933095,0.8615209834667382,0.12042447228068523,0.0,57000.0,2.8886602793965723,,
RBF_I,hddm_w,q_alarm_persistence_7,0.01,5,0.5400158873561994,0.5438768956289027,0.7729478524064675,0.21357079094100367,0.0,57000.0,2.808230175098288,,
RBF_I,hddm_w,q_alarm_persistence_7,0.02,1,0.5427067436142085,0.5478394290811774,0.8106792500177195,0.1661878304778297,0.0,57000.0,2.904070791497361,,
RBF_I,hddm_w,q_alarm_persistence_7,0.02,5,0.5314879135425882,0.5363764495985728,0.7229305214732704,0.28320318188923466,0.0,57000.0,2.8429889208025996,,
RBF_I,hddm_w,q_alarm_persistence_7,0.05,1,0.5373810103987877,0.5415200713648528,0.784198418801217,0.20189160598239253,0.0,57000.0,2.953180641696963,,
RBF_I,hddm_w,q_alarm_persistence_7,0.05,5,0.5183971601494106,0.5236181980374666,0.6453861273760028,0.3459871594937988,0.0,57000.0,2.8270502791943724,,
RBF_I,hddm_w,selected_map,0.01,1,0.5427296798412912,0.5476396074933095,0.8615209834667382,0.12042447228068523,0.0,57000.0,2.900743229096406,,
RBF_I,hddm_w,selected_map,0.01,5,0.5400158873561994,0.5438768956289027,0.7729478524064675,0.21357079094100367,0.0,57000.0,2.8412744124012534,,
RBF_I,hddm_w,selected_map,0.02,1,0.5427067436142085,0.5478394290811774,0.8106792500177195,0.1661878304778297,0.0,57000.0,2.8706722042988986,,
RBF_I,hddm_w,selected_map,0.02,5,0.5314879135425882,0.5363764495985728,0.7229305214732704,0.28320318188923466,0.0,57000.0,2.8250792625010943,,
RBF_I,hddm_w,selected_map,0.05,1,0.5373810103987877,0.5415200713648528,0.784198418801217,0.20189160598239253,0.0,57000.0,2.9399587169027654,,
RBF_I,hddm_w,selected_map,0.05,5,0.5183971601494106,0.5236181980374666,0.6453861273760028,0.3459871594937988,0.0,57000.0,2.8174456666049084,,
RBF_I,hellinger,confirmed,0.01,1,0.5476970186845788,0.5535004460303301,0.8364477892087241,0.13205963829678577,1.2000000000000002,60800.0,2.7456534333992746,,
RBF_I,hellinger,confirmed,0.01,5,0.537462403900518,0.5418447814451384,0.7477650052106669,0.23932434338727468,0.9,61750.0,2.774361633296939,,
RBF_I,hellinger,confirmed,0.02,1,0.5438094131997067,0.5484727921498662,0.8083152533100495,0.17822696729034096,1.4,61560.0,2.772415850200923,,
RBF_I,hellinger,confirmed,0.02,5,0.5230568307492025,0.5289616413916147,0.6897288373188277,0.2833220103456142,0.6000000000000001,61940.0,2.801647795800818,,
RBF_I,hellinger,confirmed,0.05,1,0.5412713993426261,0.5467992863514719,0.7082333841899434,0.271145160651171,1.6,62320.0,2.8022921539974046,,
RBF_I,hellinger,confirmed,0.05,5,0.520953835402528,0.5263925066904549,0.6013142850123783,0.3764952707862376,0.3,61940.0,2.8385478667012647,,
RBF_I,hellinger,error_rule,0.01,1,0.5318588985265447,0.5371418376449598,0.7601400680435008,0.221595805717603,10.2,57000.0,2.4580586166033753,,
RBF_I,hellinger,error_rule,0.01,5,0.5282541567669577,0.534107047279215,0.7052655874221491,0.28477652250096086,8.6,57000.0,2.444368670898257,,
RBF_I,hellinger,error_rule,0.02,1,0.5324497908213135,0.5378215878679751,0.6836332421737119,0.2964204129752438,9.600000000000001,57000.0,2.4696112539968453,,
RBF_I,hellinger,error_rule,0.02,5,0.523090894269564,0.5282426404995539,0.5803604359748891,0.38317043731249156,8.6,57000.0,2.472963841599994,,
RBF_I,hellinger,error_rule,0.05,1,0.5331395523700182,0.5387118644067797,0.6070861755319303,0.37913542347669615,6.8999999999999995,57000.0,2.533120162799605,,
RBF_I,hellinger,error_rule,0.05,5,0.5160176628444533,0.5218501338090991,0.5219960104707553,0.48473931951124266,6.4,57000.0,2.50420778740081,,
RBF_I,hellinger,no_reset,0.01,1,0.5427296798412912,0.5476396074933095,0.8615209834667382,0.12042447228068523,0.0,57000.0,2.797849679196952,,
RBF_I,hellinger,no_reset,0.01,5,0.5400158873561994,0.5438768956289027,0.7729478524064675,0.21357079094100367,0.0,57000.0,2.755304058495676,,
RBF_I,hellinger,no_reset,0.02,1,0.5427067436142085,0.5478394290811774,0.8106792500177195,0.1661878304778297,0.0,57000.0,2.824687712593004,,
RBF_I,hellinger,no_reset,0.02,5,0.5314879135425882,0.5363764495985728,0.7229305214732704,0.28320318188923466,0.0,57000.0,2.7539368624973575,,
RBF_I,hellinger,no_reset,0.05,1,0.5373810103987877,0.5415200713648528,0.784198418801217,0.20189160598239253,0.0,57000.0,2.8767483000992797,,
RBF_I,hellinger,no_reset,0.05,5,0.5183971601494106,0.5236181980374666,0.6453861273760028,0.3459871594937988,0.0,57000.0,2.7395353747968327,,
RBF_I,hellinger,q_alarm_persistence_17,0.01,1,0.5314992116213285,0.5367885816235505,0.7602252122741715,0.21991540775924842,9.7,57000.0,2.4571594372973777,,
RBF_I,hellinger,q_alarm_persistence_17,0.01,5,0.5275823096234946,0.5332167707404104,0.6991750193158288,0.28997895719121647,8.3,57000.0,2.4683680581016234,,
RBF_I,hellinger,q_alarm_persistence_17,0.02,1,0.5311413753135217,0.5366369313113293,0.6936250500999017,0.2879155463231105,9.8,57000.0,2.4791407335025726,,
RBF_I,hellinger,q_alarm_persistence_17,0.02,5,0.5225995739264206,0.5278590544157002,0.6111993451600226,0.3662777141567658,8.4,57000.0,2.4712519582972163,,
RBF_I,hellinger,q_alarm_persistence_17,0.05,1,0.5329444856946595,0.5387760927743086,0.6133390078786798,0.3756556651287334,6.6,57000.0,2.5412878249000643,,
RBF_I,hellinger,q_alarm_persistence_17,0.05,5,0.5129581651732604,0.5189455842997324,0.5222665082137613,0.4813955366083549,5.4,57000.0,2.5105982249981027,,
RBF_I,hellinger,q_alarm_persistence_27,0.01,1,0.5427296798412912,0.5476396074933095,0.8615209834667382,0.12042447228068523,0.0,57000.0,2.8375384206010494,,
RBF_I,hellinger,q_alarm_persistence_27,0.01,5,0.5400158873561994,0.5438768956289027,0.7729478524064675,0.21357079094100367,0.0,57000.0,2.754202724897186,,
RBF_I,hellinger,q_alarm_persistence_27,0.02,1,0.5427067436142085,0.5478394290811774,0.8106792500177195,0.1661878304778297,0.0,57000.0,2.848150729201734,,
RBF_I,hellinger,q_alarm_persistence_27,0.02,5,0.5314879135425882,0.5363764495985728,0.7229305214732704,0.28320318188923466,0.0,57000.0,2.7719291998015247,,
RBF_I,hellinger,q_alarm_persistence_27,0.05,1,0.5373810103987877,0.5415200713648528,0.784198418801217,0.20189160598239253,0.0,57000.0,2.8828782415002934,,
RBF_I,hellinger,q_alarm_persistence_27,0.05,5,0.5183971601494106,0.5236181980374666,0.6453861273760028,0.3459871594937988,0.0,57000.0,2.763548400302534,,
RBF_I,hellinger,q_alarm_persistence_37,0.01,1,0.5169768753280667,0.5215022301516503,0.6604939220203554,0.28804691275785405,25.0,57000.0,2.2534825457958503,,
RBF_I,hellinger,q_alarm_persistence_37,0.01,5,0.5120335537478233,0.5171418376449599,0.6271239540952307,0.3485764329662365,22.8,57000.0,2.279501529200934,,
RBF_I,hellinger,q_alarm_persistence_37,0.02,1,0.5151378485672854,0.5197876895628903,0.575581987598343,0.3693736250881202,22.5,57000.0,2.3121192458027506,,
RBF_I,hellinger,q_alarm_persistence_37,0.02,5,0.5090451565932927,0.5139892952720785,0.5591068768432594,0.4146400475935804,20.4,57000.0,2.29477396250295,,
RBF_I,hellinger,q_alarm_persistence_37,0.05,1,0.5180590419430098,0.5227118644067796,0.5559000153850029,0.41524914851548383,19.6,57000.0,2.354471712603117,,
RBF_I,hellinger,q_alarm_persistence_37,0.05,5,0.5050385304077053,0.5100713648528099,0.42440357768849185,0.5605547220840057,14.899999999999999,57000.0,2.313805016397964,,
RBF_I,hellinger,q_alarm_persistence_47,0.01,1,0.5427296798412912,0.5476396074933095,0.8615209834667382,0.12042447228068523,0.0,57000.0,2.695552650198806,,
RBF_I,hellinger,q_alarm_persistence_47,0.01,5,0.5400158873561994,0.5438768956289027,0.7729478524064675,0.21357079094100367,0.0,57000.0,2.658477349995519,,
RBF_I,hellinger,q_alarm_persistence_47,0.02,1,0.5427067436142085,0.5478394290811774,0.8106792500177195,0.1661878304778297,0.0,57000.0,2.7190555166016566,,
RBF_I,hellinger,q_alarm_persistence_47,0.02,5,0.5314879135425882,0.5363764495985728,0.7229305214732704,0.28320318188923466,0.0,57000.0,2.6041894291032803,,
RBF_I,hellinger,q_alarm_persistence_47,0.05,1,0.5373810103987877,0.5415200713648528,0.784198418801217,0.20189160598239253,0.0,57000.0,2.7580952789023288,,
RBF_I,hellinger,q_alarm_persistence_47,0.05,5,0.5183971601494106,0.5236181980374666,0.6453861273760028,0.3459871594937988,0.0,57000.0,2.6282675456983267,,
RBF_I,hellinger,q_alarm_persistence_7,0.01,1,0.5322455578674652,0.5372096342551294,0.8129086500924274,0.14904137424169395,2.4000000000000004,57000.0,2.5602217081031995,,
RBF_I,hellinger,q_alarm_persistence_7,0.01,5,0.533203657110686,0.5371989295272078,0.7484709973496442,0.242256711225119,1.2,57000.0,2.631576554095955,,
RBF_I,hellinger,q_alarm_persistence_7,0.02,1,0.530920874452633,0.5364192685102587,0.7381553683555233,0.2320616752523737,1.7,57000.0,2.649556633399334,,
RBF_I,hellinger,q_alarm_persistence_7,0.02,5,0.5102234727841046,0.516135593220339,0.6215956363397217,0.3538731531924786,1.6,57000.0,2.60694474579941,,
RBF_I,hellinger,q_alarm_persistence_7,0.05,1,0.5271545395336463,0.5326619090098126,0.7013690786468246,0.26943662312275024,2.0,57000.0,2.639505312300753,,
RBF_I,hellinger,q_alarm_persistence_7,0.05,5,0.5075257035211524,0.5132917038358609,0.6293258096369037,0.39640844993222635,1.1,57000.0,2.6682874166959665,,
RBF_I,hellinger,selected_map,0.01,1,0.5427296798412912,0.5476396074933095,0.8615209834667382,0.12042447228068523,0.0,57000.0,2.829460203993949,,
RBF_I,hellinger,selected_map,0.01,5,0.5400158873561994,0.5438768956289027,0.7729478524064675,0.21357079094100367,0.0,57000.0,2.781075845900341,,
RBF_I,hellinger,selected_map,0.02,1,0.5427067436142085,0.5478394290811774,0.8106792500177195,0.1661878304778297,0.0,57000.0,2.857930620809202,,
RBF_I,hellinger,selected_map,0.02,5,0.5314879135425882,0.5363764495985728,0.7229305214732704,0.28320318188923466,0.0,57000.0,2.7696712330973243,,
RBF_I,hellinger,selected_map,0.05,1,0.5373810103987877,0.5415200713648528,0.784198418801217,0.20189160598239253,0.0,57000.0,2.8905517624996717,,
RBF_I,hellinger,selected_map,0.05,5,0.5183971601494106,0.5236181980374666,0.6453861273760028,0.3459871594937988,0.0,57000.0,2.7478490002016773,,
SEA_A,adwin,confirmed,0.01,1,0.8930963139893715,0.9021409455842997,0.9348971936570074,0.06937277153982208,0.8999999999999999,58900.0,0.8317052832077025,,
SEA_A,adwin,confirmed,0.01,5,0.882674116114344,0.8938037466547726,0.8522973153001345,0.1369578474622281,0.2,58710.0,0.8626108581986045,,
SEA_A,adwin,confirmed,0.02,1,0.8950878254634373,0.9038893844781446,0.8202765569050594,0.1440572876468097,1.1,59280.0,0.8088582625961862,,
SEA_A,adwin,confirmed,0.02,5,0.8853542657710397,0.8961177520071364,0.7660084580929816,0.19828929769978024,0.30000000000000004,58900.0,0.8497886166034732,,
SEA_A,adwin,confirmed,0.05,1,0.8948008619675094,0.9038983050847458,0.6797397127282363,0.2861658480546089,0.8999999999999999,58710.0,0.8050212668022141,,
SEA_A,adwin,confirmed,0.05,5,0.8819483434095823,0.8933595004460303,0.6496373964471089,0.3353872205028854,0.0,58520.0,0.8350305501022377,,
SEA_A,adwin,error_rule,0.01,1,0.8948097844624189,0.9036271186440679,0.8485455823928794,0.13069362308812407,5.5,57000.0,0.7236747209040914,,
SEA_A,adwin,error_rule,0.01,5,0.8951598447075229,0.9043978590544157,0.7765489359811293,0.23394539911292972,6.1,57000.0,0.7090724126028363,,
SEA_A,adwin,error_rule,0.02,1,0.8979720033308223,0.9065245316681534,0.6844449367936527,0.25588085000501726,5.7,57000.0,0.7173756127041997,,
SEA_A,adwin,error_rule,0.02,5,0.8893152964545066,0.8996824264049956,0.6136529976078127,0.3389989753922593,4.4,57000.0,0.7261461460991996,,
SEA_A,adwin,error_rule,0.05,1,0.90193905594521,0.910199821587868,0.43841331400215866,0.47646297990242314,4.5,57000.0,0.7163896040990949,,
SEA_A,adwin,error_rule,0.05,5,0.8859876833336962,0.8967528991971454,0.5213847355073999,0.5151432539806365,2.6,57000.0,0.734667808294762,,
SEA_A,adwin,no_reset,0.01,1,0.8815168139925229,0.8926155218554862,0.9524204378125937,0.05421637245243831,0.0,57000.0,0.9010470542008988,,
SEA_A,adwin,no_reset,0.01,5,0.8821448652392674,0.8933541480820697,0.8555133815876144,0.1233689316055741,0.0,57000.0,0.865791516698664,,
SEA_A,adwin,no_reset,0.02,1,0.8823226355797824,0.8934344335414808,0.8749123458790475,0.10005746095600893,0.0,57000.0,0.8857312705978984,,
SEA_A,adwin,no_reset,0.02,5,0.8821193469072575,0.8934130240856378,0.7871629513006755,0.17978406335012595,0.0,57000.0,0.8560273668990703,,
SEA_A,adwin,no_reset,0.05,1,0.8875431276846413,0.8979875111507583,0.7243886324509367,0.22185840104164195,0.0,57000.0,0.8610063082989654,,
SEA_A,adwin,no_reset,0.05,5,0.8825358186031568,0.8938644067796611,0.6463476452872607,0.33370932572509177,0.0,57000.0,0.8196435997990192,,
SEA_A,adwin,q_alarm_persistence_17,0.01,1,0.8893282582363091,0.8990383586083853,0.9458549942585378,0.07967653319057584,1.4000000000000001,57000.0,0.8073878002061974,,
SEA_A,adwin,q_alarm_persistence_17,0.01,5,0.8872050766797877,0.897407671721677,0.8594038310258165,0.1590474044386892,1.2,57000.0,0.7986968373996206,,
SEA_A,adwin,q_alarm_persistence_17,0.02,1,0.890073033380121,0.8997448706512043,0.8610016903860638,0.15084508210233416,1.4,57000.0,0.7911144500947558,,
SEA_A,adwin,q_alarm_persistence_17,0.02,5,0.888542563810643,0.8986619090098127,0.7871629513006755,0.22385185996029544,0.7,57000.0,0.8034110915992643,,
SEA_A,adwin,q_alarm_persistence_17,0.05,1,0.8928273836960452,0.9023942908117752,0.720779081889139,0.2455497975528975,0.7,57000.0,0.8103299708047416,,
SEA_A,adwin,q_alarm_persistence_17,0.05,5,0.886272706687417,0.8968742194469224,0.6295034371275777,0.39982890020020373,1.1,57000.0,0.7737606539973059,,
SEA_A,adwin,q_alarm_persistence_27,0.01,1,0.897158598097276,0.9061088314005353,0.7799862805781472,0.16107193928281613,45.0,57000.0,0.6607556540955557,,
SEA_A,adwin,q_alarm_persistence_27,0.01,5,0.895692099137337,0.9050098126672613,0.6644760797392446,0.26611300078315847,39.3,57000.0,0.6640403626981424,,
SEA_A,adwin,q_alarm_persistence_27,0.02,1,0.8981854570442344,0.9070704727921499,0.7269982759317504,0.21721737825641463,41.400000000000006,57000.0,0.6653619166929274,,
SEA_A,adwin,q_alarm_persistence_27,0.02,5,0.897069960867164,0.9061712756467439,0.5826092932658891,0.3473820459378743,34.099999999999994,57000.0,0.6689913540001726,,
SEA_A,adwin,q_alarm_persistence_27,0.05,1,0.9012478264988752,0.9098447814451383,0.5899354360023654,0.34578070106907055,34.2,57000.0,0.6755792041993118,,
SEA_A,adwin,q_alarm_persistence_27,0.05,5,0.8949887235152101,0.9045691347011597,0.4427224901696226,0.5037377492058595,26.4,57000.0,0.6796751248941291,,
SEA_A,adwin,q_alarm_persistence_37,0.01,1,0.8929561210205179,0.9020035682426404,0.8847693295909791,0.12034256150642508,4.8,57000.0,0.6966317001963034,,
SEA_A,adwin,q_alarm_persistence_37,0.01,5,0.8949870360260652,0.9043550401427296,0.7749433589070311,0.21163822764420573,4.4,57000.0,0.6889546206977684,,
SEA_A,adwin,q_alarm_persistence_37,0.02,1,0.8974024811501359,0.9060053523639608,0.7064319957499295,0.24429719682559645,4.9,57000.0,0.6887571252038469,,
SEA_A,adwin,q_alarm_persistence_37,0.02,5,0.8890549390343728,0.8995825156110616,0.6708901082215367,0.2982545576628902,3.4000000000000004,57000.0,0.6942848206992493,,
SEA_A,adwin,q_alarm_persistence_37,0.05,1,0.9022794227897148,0.9105316681534343,0.4455161303692739,0.46973859443567656,4.2,57000.0,0.6903874958079541,,
SEA_A,adwin,q_alarm_persistence_37,0.05,5,0.8860280721755779,0.8966886708296165,0.515512492370863,0.5017386839383999,2.7,57000.0,0.6977583040978061,,
SEA_A,adwin,q_alarm_persistence_47,0.01,1,0.897158598097276,0.9061088314005353,0.7799862805781472,0.16107193928281613,45.0,57000.0,0.6288420791941463,,
SEA_A,adwin,q_alarm_persistence_47,0.01,5,0.895692099137337,0.9050098126672613,0.6644760797392446,0.26611300078315847,39.3,57000.0,0.630561304098228,,
SEA_A,adwin,q_alarm_persistence_47,0.02,1,0.8981854570442344,0.9070704727921499,0.7269982759317504,0.21721737825641463,41.400000000000006,57000.0,0.6342029085964895,,
SEA_A,adwin,q_alarm_persistence_47,0.02,5,0.897069960867164,0.9061712756467439,0.5826092932658891,0.3473820459378743,34.099999999999994,57000.0,0.6365266292967136,,
SEA_A,adwin,q_alarm_persistence_47,0.05,1,0.9012478264988752,0.9098447814451383,0.5899354360023654,0.34578070106907055,34.2,57000.0,0.6445383209036664,,
SEA_A,adwin,q_alarm_persistence_47,0.05,5,0.8949887235152101,0.9045691347011597,0.4427224901696226,0.5037377492058595,26.4,57000.0,0.6463682416069787,,
SEA_A,adwin,q_alarm_persistence_7,0.01,1,0.8815168139925229,0.8926155218554862,0.9524204378125937,0.05421637245243831,0.0,57000.0,0.903431829100009,,
SEA_A,adwin,q_alarm_persistence_7,0.01,5,0.8821448652392674,0.8933541480820697,0.8555133815876144,0.1233689316055741,0.0,57000.0,0.8723051918001148,,
SEA_A,adwin,q_alarm_persistence_7,0.02,1,0.8823226355797824,0.8934344335414808,0.8749123458790475,0.10005746095600893,0.0,57000.0,0.8901046333019622,,
SEA_A,adwin,q_alarm_persistence_7,0.02,5,0.8821193469072575,0.8934130240856378,0.7871629513006755,0.17978406335012595,0.0,57000.0,0.8604811375029385,,
SEA_A,adwin,q_alarm_persistence_7,0.05,1,0.8875431276846413,0.8979875111507583,0.7243886324509367,0.22185840104164195,0.0,57000.0,0.8704426251031692,,
SEA_A,adwin,q_alarm_persistence_7,0.05,5,0.8825358186031568,0.8938644067796611,0.6463476452872607,0.33370932572509177,0.0,57000.0,0.8257319377036765,,
SEA_A,adwin,selected_map,0.01,1,0.8944869524986558,0.9033987511150758,0.8485455823928794,0.13577836885083594,6.6,57000.0,0.7135282957955497,,
SEA_A,adwin,selected_map,0.01,5,0.8940668861112913,0.9034183764495985,0.7804743530566935,0.23403682977976514,7.0,57000.0,0.7018922875955468,,
SEA_A,adwin,selected_map,0.02,1,0.8974469877988052,0.9061052631578947,0.6844449367936527,0.2643554262762037,6.1,57000.0,0.7114430417044787,,
SEA_A,adwin,selected_map,0.02,5,0.8877643647989717,0.898349687778769,0.590415230313931,0.3712859991216965,5.5,57000.0,0.7025848125049379,,
SEA_A,adwin,selected_map,0.05,1,0.9019210467360539,0.9102444246208743,0.43841331400215866,0.4900223019363214,5.1,57000.0,0.7156729040041683,,
SEA_A,adwin,selected_map,0.05,5,0.887032005188792,0.897614629794826,0.4710007507516468,0.5592899796797364,3.0,57000.0,0.7196409166033846,,
SEA_A,d3_oof,confirmed,0.01,1,0.8846447913588287,0.8951846565566459,0.948754707475515,0.06433887984058241,0.2,57570.0,0.9669332084042253,,
SEA_A,d3_oof,confirmed,0.01,5,0.8836094944960904,0.8945441570026762,0.8488982130482885,0.13017660473543113,0.2,57570.0,0.9448682793008629,,
SEA_A,d3_oof,confirmed,0.02,1,0.8867188383103649,0.8970330062444247,0.8648983009352271,0.10686359362234857,0.4,57760.0,0.9438346169976285,,
SEA_A,d3_oof,confirmed,0.02,5,0.8832595331165196,0.8943657448706512,0.7871629513006755,0.1882586396213124,0.1,57760.0,0.9417293833947042,,
SEA_A,d3_oof,confirmed,0.05,1,0.8878221498661594,0.8981730597680643,0.7206948122262176,0.22689137912246765,0.2,57760.0,0.9495593500934774,,
SEA_A,d3_oof,confirmed,0.05,5,0.8837688023640583,0.8949027653880464,0.6579909037142271,0.32887555390016954,0.1,57380.0,0.9207119791943115,,
SEA_A,d3_oof,error_rule,0.01,1,0.8948097844624189,0.9036271186440679,0.8485455823928794,0.13069362308812407,5.5,57000.0,0.7764396249956917,,
SEA_A,d3_oof,error_rule,0.01,5,0.8951598447075229,0.9043978590544157,0.7765489359811293,0.23394539911292972,6.1,57000.0,0.7549574748030863,,
SEA_A,d3_oof,error_rule,0.02,1,0.8979720033308223,0.9065245316681534,0.6844449367936527,0.25588085000501726,5.7,57000.0,0.7690232707012911,,
SEA_A,d3_oof,error_rule,0.02,5,0.8893152964545066,0.8996824264049956,0.6136529976078127,0.3389989753922593,4.4,57000.0,0.78243422479718,,
SEA_A,d3_oof,error_rule,0.05,1,0.90193905594521,0.910199821587868,0.43841331400215866,0.47646297990242314,4.5,57000.0,0.7709531586035154,,
SEA_A,d3_oof,error_rule,0.05,5,0.8859876833336962,0.8967528991971454,0.5213847355073999,0.5151432539806365,2.6,57000.0,0.7959570707025705,,
SEA_A,d3_oof,no_reset,0.01,1,0.8815168139925229,0.8926155218554862,0.9524204378125937,0.05421637245243831,0.0,57000.0,0.8972050792974187,,
SEA_A,d3_oof,no_reset,0.01,5,0.8821448652392674,0.8933541480820697,0.8555133815876144,0.1233689316055741,0.0,57000.0,0.8606078252021689,,
SEA_A,d3_oof,no_reset,0.02,1,0.8823226355797824,0.8934344335414808,0.8749123458790475,0.10005746095600893,0.0,57000.0,0.8825089415971888,,
SEA_A,d3_oof,no_reset,0.02,5,0.8821193469072575,0.8934130240856378,0.7871629513006755,0.17978406335012595,0.0,57000.0,0.848877699903096,,
SEA_A,d3_oof,no_reset,0.05,1,0.8875431276846413,0.8979875111507583,0.7243886324509367,0.22185840104164195,0.0,57000.0,0.8609108791992185,,
SEA_A,d3_oof,no_reset,0.05,5,0.8825358186031568,0.8938644067796611,0.6463476452872607,0.33370932572509177,0.0,57000.0,0.8148610082018422,,
SEA_A,d3_oof,q_alarm_persistence_17,0.01,1,0.8815168139925229,0.8926155218554862,0.9524204378125937,0.05421637245243831,0.0,57000.0,0.9958529291005107,,
SEA_A,d3_oof,q_alarm_persistence_17,0.01,5,0.8821448652392674,0.8933541480820697,0.8555133815876144,0.1233689316055741,0.0,57000.0,0.9598165291070473,,
SEA_A,d3_oof,q_alarm_persistence_17,0.02,1,0.8823226355797824,0.8934344335414808,0.8749123458790475,0.10005746095600893,0.0,57000.0,0.9818826585047645,,
SEA_A,d3_oof,q_alarm_persistence_17,0.02,5,0.8821193469072575,0.8934130240856378,0.7871629513006755,0.17978406335012595,0.0,57000.0,0.9535762039973633,,
SEA_A,d3_oof,q_alarm_persistence_17,0.05,1,0.8875431276846413,0.8979875111507583,0.7243886324509367,0.22185840104164195,0.0,57000.0,0.9579465333998086,,
SEA_A,d3_oof,q_alarm_persistence_17,0.05,5,0.8825358186031568,0.8938644067796611,0.6463476452872607,0.33370932572509177,0.0,57000.0,0.920998579103616,,
SEA_A,d3_oof,q_alarm_persistence_27,0.01,1,0.8971426000154572,0.9060981266726138,0.7799862805781472,0.16107193928281613,45.099999999999994,57000.0,0.6556731751014013,,
SEA_A,d3_oof,q_alarm_persistence_27,0.01,5,0.895692099137337,0.9050098126672613,0.6644760797392446,0.26611300078315847,39.3,57000.0,0.6562007084954531,,
SEA_A,d3_oof,q_alarm_persistence_27,0.02,1,0.8982266782032613,0.9071097234611953,0.7269982759317504,0.21721737825641463,41.6,57000.0,0.6609943666029722,,
SEA_A,d3_oof,q_alarm_persistence_27,0.02,5,0.8971317468868654,0.9062230151650312,0.5826092932658891,0.3490769611921116,34.2,57000.0,0.6644245290983235,,
SEA_A,d3_oof,q_alarm_persistence_27,0.05,1,0.9012861734358121,0.9098804638715433,0.5899354360023654,0.34578070106907055,34.3,57000.0,0.6678356458985946,,
SEA_A,d3_oof,q_alarm_persistence_27,0.05,5,0.8949887235152101,0.9045691347011597,0.4427224901696226,0.5037377492058595,26.4,57000.0,0.6791126374999295,,
SEA_A,d3_oof,q_alarm_persistence_37,0.01,1,0.8815168139925229,0.8926155218554862,0.9524204378125937,0.05421637245243831,0.0,57000.0,0.9495620707981289,,
SEA_A,d3_oof,q_alarm_persistence_37,0.01,5,0.8821448652392674,0.8933541480820697,0.8555133815876144,0.1233689316055741,0.0,57000.0,0.9125710085034371,,
SEA_A,d3_oof,q_alarm_persistence_37,0.02,1,0.8823226355797824,0.8934344335414808,0.8749123458790475,0.10005746095600893,0.0,57000.0,0.9292903707071674,,
SEA_A,d3_oof,q_alarm_persistence_37,0.02,5,0.8821193469072575,0.8934130240856378,0.7871629513006755,0.17978406335012595,0.0,57000.0,0.9021285164984875,,
SEA_A,d3_oof,q_alarm_persistence_37,0.05,1,0.8875431276846413,0.8979875111507583,0.7243886324509367,0.22185840104164195,0.0,57000.0,0.9103194122959395,,
SEA_A,d3_oof,q_alarm_persistence_37,0.05,5,0.8825358186031568,0.8938644067796611,0.6463476452872607,0.33370932572509177,0.0,57000.0,0.8827260043035494,,
SEA_A,d3_oof,q_alarm_persistence_47,0.01,1,0.8971426000154572,0.9060981266726138,0.7799862805781472,0.16107193928281613,45.099999999999994,57000.0,0.6233307499001968,,
SEA_A,d3_oof,q_alarm_persistence_47,0.01,5,0.895692099137337,0.9050098126672613,0.6644760797392446,0.26611300078315847,39.3,57000.0,0.6233999830990797,,
SEA_A,d3_oof,q_alarm_persistence_47,0.02,1,0.8982266782032613,0.9071097234611953,0.7269982759317504,0.21721737825641463,41.6,57000.0,0.6246315583965043,,
SEA_A,d3_oof,q_alarm_persistence_47,0.02,5,0.8971317468868654,0.9062230151650312,0.5826092932658891,0.3490769611921116,34.2,57000.0,0.633749200197053,,
SEA_A,d3_oof,q_alarm_persistence_47,0.05,1,0.9012861734358121,0.9098804638715433,0.5899354360023654,0.34578070106907055,34.3,57000.0,0.6307133081980283,,
SEA_A,d3_oof,q_alarm_persistence_47,0.05,5,0.8949887235152101,0.9045691347011597,0.4427224901696226,0.5037377492058595,26.4,57000.0,0.6499215040996205,,
SEA_A,d3_oof,q_alarm_persistence_7,0.01,1,0.8815168139925229,0.8926155218554862,0.9524204378125937,0.05421637245243831,0.0,57000.0,0.9904158419027226,,
SEA_A,d3_oof,q_alarm_persistence_7,0.01,5,0.8821448652392674,0.8933541480820697,0.8555133815876144,0.1233689316055741,0.0,57000.0,0.9531462042039494,,
SEA_A,d3_oof,q_alarm_persistence_7,0.02,1,0.8823226355797824,0.8934344335414808,0.8749123458790475,0.10005746095600893,0.0,57000.0,0.9750208915065741,,
SEA_A,d3_oof,q_alarm_persistence_7,0.02,5,0.8821193469072575,0.8934130240856378,0.7871629513006755,0.17978406335012595,0.0,57000.0,0.9474786499980837,,
SEA_A,d3_oof,q_alarm_persistence_7,0.05,1,0.8875431276846413,0.8979875111507583,0.7243886324509367,0.22185840104164195,0.0,57000.0,0.9603355708983146,,
SEA_A,d3_oof,q_alarm_persistence_7,0.05,5,0.8825358186031568,0.8938644067796611,0.6463476452872607,0.33370932572509177,0.0,57000.0,0.9159404457983328,,
SEA_A,d3_oof,selected_map,0.01,1,0.8947123210829404,0.903557537912578,0.8485455823928794,0.1273037925796495,5.5,57000.0,0.7766878377005924,,
SEA_A,d3_oof,selected_map,0.01,5,0.895100054642578,0.9043496877787689,0.7765489359811293,0.23394539911292972,6.0,57000.0,0.7573622208059533,,
SEA_A,d3_oof,selected_map,0.02,1,0.8979904370309983,0.906542372881356,0.6844449367936527,0.25418593475078,5.7,57000.0,0.7705658374965424,,
SEA_A,d3_oof,selected_map,0.02,5,0.8875566773329622,0.8981534344335416,0.6136529976078127,0.33560914488378474,4.5,57000.0,0.7791816916054813,,
SEA_A,d3_oof,selected_map,0.05,1,0.9017617495462007,0.9100553077609278,0.43841331400215866,0.46798840363123667,4.6,57000.0,0.7698657291999553,,
SEA_A,d3_oof,selected_map,0.05,5,0.8859876833336962,0.8967528991971454,0.5213847355073999,0.5151432539806365,2.6,57000.0,0.79678426659666,,
SEA_A,hddm_w,confirmed,0.01,1,0.891769183948675,0.9009973238180196,0.9193213680227718,0.0713014981409686,0.8999999999999999,58900.0,0.8872830916981911,,
SEA_A,hddm_w,confirmed,0.01,5,0.8845940894662448,0.8953327386262266,0.8394684657031899,0.13369254432389996,0.7,59280.0,0.9065097502054413,,
SEA_A,hddm_w,confirmed,0.02,1,0.8939855332610801,0.9030526315789473,0.8046502510358515,0.1527572449663099,1.1,59090.0,0.8709007290017325,,
SEA_A,hddm_w,confirmed,0.02,5,0.8871069339918216,0.8976413916146297,0.7467648082562591,0.20525536393623117,0.8999999999999999,59850.0,0.8982330001017544,,
SEA_A,hddm_w,confirmed,0.05,1,0.8977252793324884,0.9063229259589651,0.5557901991164107,0.3220101794846528,1.3,59470.0,0.8662469334012712,,
SEA_A,hddm_w,confirmed,0.05,5,0.8832640140171826,0.8943657448706512,0.6138621459313782,0.3508990755233763,0.2,58900.0,0.8843033877055859,,
SEA_A,hddm_w,error_rule,0.01,1,0.8948097844624189,0.9036271186440679,0.8485455823928794,0.13069362308812407,5.5,57000.0,0.7850903331011068,,
SEA_A,hddm_w,error_rule,0.01,5,0.8951598447075229,0.9043978590544157,0.7765489359811293,0.23394539911292972,6.1,57000.0,0.7687502583954483,,
SEA_A,hddm_w,error_rule,0.02,1,0.8979720033308223,0.9065245316681534,0.6844449367936527,0.25588085000501726,5.7,57000.0,0.77807640429819,,
SEA_A,hddm_w,error_rule,0.02,5,0.8893152964545066,0.8996824264049956,0.6136529976078127,0.3389989753922593,4.4,57000.0,0.7804906708945054,,
SEA_A,hddm_w,error_rule,0.05,1,0.90193905594521,0.910199821587868,0.43841331400215866,0.47646297990242314,4.5,57000.0,0.7749978290943544,,
SEA_A,hddm_w,error_rule,0.05,5,0.8859876833336962,0.8967528991971454,0.5213847355073999,0.5151432539806365,2.6,57000.0,0.7935504251974634,,
SEA_A,hddm_w,no_reset,0.01,1,0.8815168139925229,0.8926155218554862,0.9524204378125937,0.05421637245243831,0.0,57000.0,0.9016511959984199,,
SEA_A,hddm_w,no_reset,0.01,5,0.8821448652392674,0.8933541480820697,0.8555133815876144,0.1233689316055741,0.0,57000.0,0.859486558494973,,
SEA_A,hddm_w,no_reset,0.02,1,0.8823226355797824,0.8934344335414808,0.8749123458790475,0.10005746095600893,0.0,57000.0,0.8789793710020604,,
SEA_A,hddm_w,no_reset,0.02,5,0.8821193469072575,0.8934130240856378,0.7871629513006755,0.17978406335012595,0.0,57000.0,0.8531958128907717,,
SEA_A,hddm_w,no_reset,0.05,1,0.8875431276846413,0.8979875111507583,0.7243886324509367,0.22185840104164195,0.0,57000.0,0.8621034706971842,,
SEA_A,hddm_w,no_reset,0.05,5,0.8825358186031568,0.8938644067796611,0.6463476452872607,0.33370932572509177,0.0,57000.0,0.8193547042115825,,
SEA_A,hddm_w,q_alarm_persistence_17,0.01,1,0.8971426000154572,0.9060981266726138,0.7799862805781472,0.16107193928281613,45.099999999999994,57000.0,0.7398768043000018,,
SEA_A,hddm_w,q_alarm_persistence_17,0.01,5,0.895692099137337,0.9050098126672613,0.6644760797392446,0.26611300078315847,39.3,57000.0,0.739359337600763,,
SEA_A,hddm_w,q_alarm_persistence_17,0.02,1,0.8982266782032613,0.9071097234611953,0.7269982759317504,0.21721737825641463,41.6,57000.0,0.7454746166011319,,
SEA_A,hddm_w,q_alarm_persistence_17,0.02,5,0.8971317468868654,0.9062230151650312,0.5826092932658891,0.3490769611921116,34.2,57000.0,0.7411812542035476,,
SEA_A,hddm_w,q_alarm_persistence_17,0.05,1,0.9012861734358121,0.9098804638715433,0.5899354360023654,0.34578070106907055,34.3,57000.0,0.7512373127043247,,
SEA_A,hddm_w,q_alarm_persistence_17,0.05,5,0.8949887235152101,0.9045691347011597,0.4427224901696226,0.5037377492058595,26.4,57000.0,0.7480782666942105,,
SEA_A,hddm_w,q_alarm_persistence_27,0.01,1,0.8975740203160614,0.9065530776092775,0.8110267485271606,0.1459081997170306,40.8,57000.0,0.7451902417989913,,
SEA_A,hddm_w,q_alarm_persistence_27,0.01,5,0.8965849539773555,0.9058768956289027,0.7091121829206166,0.24417640689630346,35.1,57000.0,0.7433122207992711,,
SEA_A,hddm_w,q_alarm_persistence_27,0.02,1,0.8987652424418505,0.9076681534344335,0.7368053939769534,0.2120709908489313,37.4,57000.0,0.7485790125007042,,
SEA_A,hddm_w,q_alarm_persistence_27,0.02,5,0.897066350027744,0.9062586975914362,0.6112646562653845,0.3357797984990275,30.2,57000.0,0.7414207916997839,,
SEA_A,hddm_w,q_alarm_persistence_27,0.05,1,0.9029155885503872,0.9113648528099911,0.5965453609537663,0.34236218448710515,29.5,57000.0,0.7527887083968381,,
SEA_A,hddm_w,q_alarm_persistence_27,0.05,5,0.8955086217435417,0.9051436217662802,0.4322642835394149,0.5087738632411095,22.4,57000.0,0.7564936124021187,,
SEA_A,hddm_w,q_alarm_persistence_37,0.01,1,0.893560309736521,0.9027190008920607,0.8747281155077038,0.12544948541275402,4.6,57000.0,0.7634876958007226,,
SEA_A,hddm_w,q_alarm_persistence_37,0.01,5,0.8938430926543721,0.9031882247992864,0.8080808734905297,0.21039118194255113,4.4,57000.0,0.7479158750007627,,
SEA_A,hddm_w,q_alarm_persistence_37,0.02,1,0.898902430691491,0.9074487065120427,0.7255889727462559,0.23223135828026695,5.0,57000.0,0.7461556914960965,,
SEA_A,hddm_w,q_alarm_persistence_37,0.02,5,0.8899535291156765,0.9001302408563783,0.6720430267096406,0.29167160292045075,4.0,57000.0,0.7540002041030676,,
SEA_A,hddm_w,q_alarm_persistence_37,0.05,1,0.8999054014443615,0.9084424620874219,0.5808144075560382,0.4018915938282953,3.7,57000.0,0.7522677372937323,,
SEA_A,hddm_w,q_alarm_persistence_37,0.05,5,0.8846688343457356,0.8956360392506691,0.6088415468332936,0.4641806073281205,2.1,57000.0,0.7809501918032765,,
SEA_A,hddm_w,q_alarm_persistence_47,0.01,1,0.8975740203160614,0.9065530776092775,0.8110267485271606,0.1459081997170306,40.8,57000.0,0.7075295916991309,,
SEA_A,hddm_w,q_alarm_persistence_47,0.01,5,0.8965849539773555,0.9058768956289027,0.7091121829206166,0.24417640689630346,35.1,57000.0,0.7056225209002149,,
SEA_A,hddm_w,q_alarm_persistence_47,0.02,1,0.8987652424418505,0.9076681534344335,0.7368053939769534,0.2120709908489313,37.4,57000.0,0.7079129502060824,,
SEA_A,hddm_w,q_alarm_persistence_47,0.02,5,0.897066350027744,0.9062586975914362,0.6112646562653845,0.3357797984990275,30.2,57000.0,0.7140482625050936,,
SEA_A,hddm_w,q_alarm_persistence_47,0.05,1,0.9029155885503872,0.9113648528099911,0.5965453609537663,0.34236218448710515,29.5,57000.0,0.7173442542989505,,
SEA_A,hddm_w,q_alarm_persistence_47,0.05,5,0.8955086217435417,0.9051436217662802,0.4322642835394149,0.5087738632411095,22.4,57000.0,0.7180460374976974,,
SEA_A,hddm_w,q_alarm_persistence_7,0.01,1,0.8934098402020338,0.9022265834076717,0.8980922024684291,0.08640411419772315,1.4000000000000001,57000.0,0.8608090999041451,,
SEA_A,hddm_w,q_alarm_persistence_7,0.01,5,0.8914801238938559,0.9010865298840322,0.8052760018573419,0.15228617630967253,1.3,57000.0,0.8534170541010099,,
SEA_A,hddm_w,q_alarm_persistence_7,0.02,1,0.8907627372127656,0.9002087421944691,0.7292344709617847,0.1797329043059721,1.4000000000000001,57000.0,0.8742471709032543,,
SEA_A,hddm_w,q_alarm_persistence_7,0.02,5,0.8840321674019977,0.8951043710972346,0.7350422580195325,0.2134650875100444,0.6,57000.0,0.8859132499026601,,
SEA_A,hddm_w,q_alarm_persistence_7,0.05,1,0.8983404038688457,0.9070062444246209,0.5175380630714737,0.3269306295742571,1.2000000000000002,57000.0,0.8642704249970847,,
SEA_A,hddm_w,q_alarm_persistence_7,0.05,5,0.8859550554402931,0.8967439785905442,0.48245373214825704,0.41713584935101006,0.6,57000.0,0.8582016791973728,,
SEA_A,hddm_w,selected_map,0.01,1,0.8995501690489838,0.908256913470116,0.8007380866173992,0.15436251513825705,43.3,57000.0,0.7416402333939913,,
SEA_A,hddm_w,selected_map,0.01,5,0.8980396920504476,0.9070615521855486,0.7194735298309183,0.2340395358368814,38.6,57000.0,0.741990674805129,,
SEA_A,hddm_w,selected_map,0.02,1,0.9001851776404067,0.9088795718108831,0.7329320717484653,0.21198871217230392,40.2,57000.0,0.7451559376931982,,
SEA_A,hddm_w,selected_map,0.02,5,0.8963281036895456,0.9056289027653881,0.6011669849208257,0.33748690615762256,33.2,57000.0,0.7430499748996227,,
SEA_A,hddm_w,selected_map,0.05,1,0.9043977502581908,0.9126369313113292,0.5764285017187571,0.36443401254182806,31.700000000000003,57000.0,0.7527911540993955,,
SEA_A,hddm_w,selected_map,0.05,5,0.8927349558246644,0.9027796610169492,0.455456921445751,0.5154623452003684,23.7,57000.0,0.751676679297816,,
SEA_A,hellinger,confirmed,0.01,1,0.88578110628922,0.8959696699375558,0.9347264375439156,0.06425901836823533,0.6,58330.0,0.8584068708005361,,
SEA_A,hellinger,confirmed,0.01,5,0.8848431281604873,0.8957680642283676,0.8420009382649883,0.145410817053125,0.6,58330.0,0.8426021124003455,,
SEA_A,hellinger,confirmed,0.02,1,0.8865517799462792,0.8968224799286352,0.8712464379327312,0.10509523287699823,0.4,57950.0,0.8562002083053812,,
SEA_A,hellinger,confirmed,0.02,5,0.8822558374169116,0.893671721677074,0.7659604273864394,0.19658619047672465,0.4,58140.0,0.8493590914964443,,
SEA_A,hellinger,confirmed,0.05,1,0.889796864342723,0.8998483496877788,0.7052784801963403,0.23393217544344225,0.4,57760.0,0.8480916166998214,,
SEA_A,hellinger,confirmed,0.05,5,0.8826448095540513,0.8941819803746656,0.6190766564816432,0.38283592303117175,0.6000000000000001,58900.0,0.8022424959053751,,
SEA_A,hellinger,error_rule,0.01,1,0.8948097844624189,0.9036271186440679,0.8485455823928794,0.13069362308812407,5.5,57000.0,0.7191335289971903,,
SEA_A,hellinger,error_rule,0.01,5,0.8951598447075229,0.9043978590544157,0.7765489359811293,0.23394539911292972,6.1,57000.0,0.7072983918071258,,
SEA_A,hellinger,error_rule,0.02,1,0.8979720033308223,0.9065245316681534,0.6844449367936527,0.25588085000501726,5.7,57000.0,0.71665675000404,,
SEA_A,hellinger,error_rule,0.02,5,0.8893152964545066,0.8996824264049956,0.6136529976078127,0.3389989753922593,4.4,57000.0,0.7207267165969824,,
SEA_A,hellinger,error_rule,0.05,1,0.90193905594521,0.910199821587868,0.43841331400215866,0.47646297990242314,4.5,57000.0,0.713421937399835,,
SEA_A,hellinger,error_rule,0.05,5,0.8859876833336962,0.8967528991971454,0.5213847355073999,0.5151432539806365,2.6,57000.0,0.7296847999998135,,
SEA_A,hellinger,no_reset,0.01,1,0.8815168139925229,0.8926155218554862,0.9524204378125937,0.05421637245243831,0.0,57000.0,0.905138858204009,,
SEA_A,hellinger,no_reset,0.01,5,0.8821448652392674,0.8933541480820697,0.8555133815876144,0.1233689316055741,0.0,57000.0,0.8650225791032427,,
SEA_A,hellinger,no_reset,0.02,1,0.8823226355797824,0.8934344335414808,0.8749123458790475,0.10005746095600893,0.0,57000.0,0.8822926124965307,,
SEA_A,hellinger,no_reset,0.02,5,0.8821193469072575,0.8934130240856378,0.7871629513006755,0.17978406335012595,0.0,57000.0,0.8533106666989625,,
SEA_A,hellinger,no_reset,0.05,1,0.8875431276846413,0.8979875111507583,0.7243886324509367,0.22185840104164195,0.0,57000.0,0.8594065126992063,,
SEA_A,hellinger,no_reset,0.05,5,0.8825358186031568,0.8938644067796611,0.6463476452872607,0.33370932572509177,0.0,57000.0,0.8183793624979444,,
SEA_A,hellinger,q_alarm_persistence_17,0.01,1,0.8971426000154572,0.9060981266726138,0.7799862805781472,0.16107193928281613,45.099999999999994,57000.0,0.6573495542135788,,
SEA_A,hellinger,q_alarm_persistence_17,0.01,5,0.895692099137337,0.9050098126672613,0.6644760797392446,0.26611300078315847,39.3,57000.0,0.6561108957015677,,
SEA_A,hellinger,q_alarm_persistence_17,0.02,1,0.8982266782032613,0.9071097234611953,0.7269982759317504,0.21721737825641463,41.6,57000.0,0.6628137999010505,,
SEA_A,hellinger,q_alarm_persistence_17,0.02,5,0.8971317468868654,0.9062230151650312,0.5826092932658891,0.3490769611921116,34.2,57000.0,0.6681691168982069,,
SEA_A,hellinger,q_alarm_persistence_17,0.05,1,0.9012861734358121,0.9098804638715433,0.5899354360023654,0.34578070106907055,34.3,57000.0,0.6732549749998724,,
SEA_A,hellinger,q_alarm_persistence_17,0.05,5,0.8949887235152101,0.9045691347011597,0.4427224901696226,0.5037377492058595,26.4,57000.0,0.6795037122996291,,
SEA_A,hellinger,q_alarm_persistence_27,0.01,1,0.8971426000154572,0.9060981266726138,0.7799862805781472,0.16107193928281613,45.099999999999994,57000.0,0.6596526748995529,,
SEA_A,hellinger,q_alarm_persistence_27,0.01,5,0.8957071100050147,0.9050508474576271,0.6709308153642949,0.26097286483079934,39.2,57000.0,0.6606314293021569,,
SEA_A,hellinger,q_alarm_persistence_27,0.02,1,0.8982050538037855,0.9070918822479929,0.7269982759317504,0.21721737825641463,41.5,57000.0,0.6638968416984425,,
SEA_A,hellinger,q_alarm_persistence_27,0.02,5,0.8971100640158018,0.9062105263157896,0.5823986339020804,0.34904108374945575,33.8,57000.0,0.6640236542967614,,
SEA_A,hellinger,q_alarm_persistence_27,0.05,1,0.9012984975408614,0.9098876003568244,0.589766730814681,0.3457520094087798,34.3,57000.0,0.6741247334037326,,
SEA_A,hellinger,q_alarm_persistence_27,0.05,5,0.8948874833187701,0.904485280999108,0.44622789415796815,0.5020624338348281,26.0,57000.0,0.6720608208037447,,
SEA_A,hellinger,q_alarm_persistence_37,0.01,1,0.8815168139925229,0.8926155218554862,0.9524204378125937,0.05421637245243831,0.0,57000.0,0.8667364290915429,,
SEA_A,hellinger,q_alarm_persistence_37,0.01,5,0.8821448652392674,0.8933541480820697,0.8555133815876144,0.1233689316055741,0.0,57000.0,0.8291294708033092,,
SEA_A,hellinger,q_alarm_persistence_37,0.02,1,0.8823226355797824,0.8934344335414808,0.8749123458790475,0.10005746095600893,0.0,57000.0,0.8488797958038049,,
SEA_A,hellinger,q_alarm_persistence_37,0.02,5,0.8821193469072575,0.8934130240856378,0.7871629513006755,0.17978406335012595,0.0,57000.0,0.8259834873955697,,
SEA_A,hellinger,q_alarm_persistence_37,0.05,1,0.8875431276846413,0.8979875111507583,0.7243886324509367,0.22185840104164195,0.0,57000.0,0.8265241083019645,,
SEA_A,hellinger,q_alarm_persistence_37,0.05,5,0.8825358186031568,0.8938644067796611,0.6463476452872607,0.33370932572509177,0.0,57000.0,0.7881577873020433,,
SEA_A,hellinger,q_alarm_persistence_47,0.01,1,0.8971426000154572,0.9060981266726138,0.7799862805781472,0.16107193928281613,45.099999999999994,57000.0,0.6272378210036549,,
SEA_A,hellinger,q_alarm_persistence_47,0.01,5,0.8957071100050147,0.9050508474576271,0.6709308153642949,0.26097286483079934,39.2,57000.0,0.6302691204968142,,
SEA_A,hellinger,q_alarm_persistence_47,0.02,1,0.8982050538037855,0.9070918822479929,0.7269982759317504,0.21721737825641463,41.5,57000.0,0.6347022792033385,,
SEA_A,hellinger,q_alarm_persistence_47,0.02,5,0.8971100640158018,0.9062105263157896,0.5823986339020804,0.34904108374945575,33.8,57000.0,0.6333404166012769,,
SEA_A,hellinger,q_alarm_persistence_47,0.05,1,0.9012984975408614,0.9098876003568244,0.589766730814681,0.3457520094087798,34.3,57000.0,0.638150558093912,,
SEA_A,hellinger,q_alarm_persistence_47,0.05,5,0.8948874833187701,0.904485280999108,0.44622789415796815,0.5020624338348281,26.0,57000.0,0.645329945802223,,
SEA_A,hellinger,q_alarm_persistence_7,0.01,1,0.8815168139925229,0.8926155218554862,0.9524204378125937,0.05421637245243831,0.0,57000.0,0.9026070998981595,,
SEA_A,hellinger,q_alarm_persistence_7,0.01,5,0.8821448652392674,0.8933541480820697,0.8555133815876144,0.1233689316055741,0.0,57000.0,0.8684132083988516,,
SEA_A,hellinger,q_alarm_persistence_7,0.02,1,0.8823226355797824,0.8934344335414808,0.8749123458790475,0.10005746095600893,0.0,57000.0,0.8853906959033339,,
SEA_A,hellinger,q_alarm_persistence_7,0.02,5,0.8821193469072575,0.8934130240856378,0.7871629513006755,0.17978406335012595,0.0,57000.0,0.862325770809548,,
SEA_A,hellinger,q_alarm_persistence_7,0.05,1,0.8875431276846413,0.8979875111507583,0.7243886324509367,0.22185840104164195,0.0,57000.0,0.8705470290980883,,
SEA_A,hellinger,q_alarm_persistence_7,0.05,5,0.8825358186031568,0.8938644067796611,0.6463476452872607,0.33370932572509177,0.0,57000.0,0.8274800375918858,,
SEA_A,hellinger,selected_map,0.01,1,0.8933409995703736,0.9025691347011597,0.8123150785918728,0.16985722287373256,8.0,57000.0,0.695253295803559,,
SEA_A,hellinger,selected_map,0.01,5,0.895363263054664,0.9044228367528993,0.7234824348656389,0.2578737953314765,8.5,57000.0,0.6928045247943373,,
SEA_A,hellinger,selected_map,0.02,1,0.89684126406824,0.9056449598572703,0.6856649676682567,0.2832077962431666,8.3,57000.0,0.6984078122011852,,
SEA_A,hellinger,selected_map,0.02,5,0.8911645216741197,0.9009973238180196,0.5704186169051395,0.3849036668044238,7.300000000000001,57000.0,0.6918243374937447,,
SEA_A,hellinger,selected_map,0.05,1,0.9036237949926842,0.9117448706512044,0.4863186536144635,0.4646751556686045,5.6,57000.0,0.7104792374986573,,
SEA_A,hellinger,selected_map,0.05,5,0.8879920020724814,0.8985370205173953,0.4446315564551421,0.5611127781055902,4.5,57000.0,0.7058013041998492,,
radar,adwin,confirmed,0.01,1,0.42620653237351247,0.5960033683593893,0.8666147595170062,0.1354455696978088,8.6,163165.0,26.9529518666066,0.5845984971268602,0.2061794890457821
radar,adwin,confirmed,0.01,5,0.37151255995021515,0.5722930472668692,0.7909411356958547,0.1877612140339363,4.3,162215.0,30.98926187500183,0.5327022248416089,0.17924739791833466
radar,adwin,confirmed,0.02,1,0.47928929114350405,0.6217925529967415,0.8495222847023346,0.14372657039685016,10.1,164685.0,27.30226900400303,0.6605982024458523,0.1793303733896208
radar,adwin,confirmed,0.02,5,0.357295188561621,0.5483205799436166,0.7743196419356446,0.21003393620319155,4.6,163735.0,31.93726792889356,0.541044644172683,0.21596622752747652
radar,adwin,confirmed,0.05,1,0.4341720488780092,0.5774451726284187,0.8195294320476114,0.20875855789364284,7.5,163735.0,29.052663067099637,0.6531457197583616,0.2345148846349807
radar,adwin,confirmed,0.05,5,0.2990113430832745,0.5172313550324021,0.7335502922804585,0.27883137745855935,3.1,166965.0,31.419365358093636,0.5368660674819508,0.2080064051240993
radar,adwin,error_rule,0.01,1,0.4564992594899131,0.579856478599934,0.7163164105464289,0.29404440245568575,33.8,137515.0,15.315879383101128,0.6747443642257256,0.27166169299075626
radar,adwin,error_rule,0.01,5,0.3118691744054284,0.5252048475085125,0.5711634700380035,0.45767643740692565,20.2,137515.0,17.51451492520573,0.5194415794902019,0.20544289977436495
radar,adwin,error_rule,0.02,1,0.4566179380711462,0.5743968073811005,0.6844165391043029,0.3239738578093875,32.6,137515.0,14.816537529294147,0.6826300279946957,0.28406288667297475
radar,adwin,error_rule,0.02,5,0.32740225931553213,0.5254230586167759,0.5489142387533248,0.4757651696151912,18.2,137515.0,17.889332579198527,0.5870693973773391,0.23521944828590147
radar,adwin,error_rule,0.05,1,0.4477222687898767,0.5715153955991652,0.6454321417918457,0.3677944156696827,31.9,137515.0,15.278954262500339,0.6991955208486813,0.29176068127229055
radar,adwin,error_rule,0.05,5,0.3180841483814204,0.5197495698019258,0.5206749424380064,0.5000427629108832,17.5,137515.0,18.646452750099705,0.5827257993222337,0.2367013610888711
radar,adwin,no_reset,0.01,1,0.45168520372027005,0.6406517043166258,0.9289052528428365,0.08067078446211129,0.0,137515.0,49.86761846249865,0.6552335346986886,0.10322730912002329
radar,adwin,no_reset,0.01,5,0.41560625503189763,0.6151532237396111,0.8535362016340649,0.10080383400957246,0.0,137515.0,46.919243049999935,0.6667364078385147,0.10926705000363927
radar,adwin,no_reset,0.02,1,0.40187930252228876,0.6251894702156482,0.881768546026058,0.1460888518930128,0.0,137515.0,46.62024803299282,0.6719522616767349,0.10576606739937405
radar,adwin,no_reset,0.02,5,0.3441705000302598,0.5852575696554754,0.8666761743949702,0.11551625803802094,0.0,137515.0,46.41055421239871,0.6205834683954619,0.10637892131887328
radar,adwin,no_reset,0.05,1,0.39247237732800383,0.6245868267857797,0.8676233051167962,0.13909329200431572,0.0,137515.0,46.14454384609708,0.7007661706203036,0.10124026493922411
radar,adwin,no_reset,0.05,5,0.3857381936100671,0.6089503166990078,0.8163808611025871,0.15350752881519036,0.0,137515.0,48.75109063340642,0.6735862678650362,0.10909527622097678
radar,adwin,q_alarm_persistence_17,0.01,1,0.4802844186799253,0.5955684106469448,0.782002402433368,0.23009551326258787,32.0,137515.0,19.673990945404512,0.6741785766907322,0.24238008588689133
radar,adwin,q_alarm_persistence_17,0.01,5,0.38006608049936885,0.5388071614249624,0.6816320365362296,0.31145194595635595,19.8,137515.0,26.546518474796905,0.5360011787240313,0.21214353300822475
radar,adwin,q_alarm_persistence_17,0.02,1,0.4464840785786547,0.5839937026324461,0.7688655653510188,0.2536437112233787,30.1,137515.0,20.404022549992078,0.6700677766317962,0.22557536938641823
radar,adwin,q_alarm_persistence_17,0.02,5,0.3856126634544433,0.5461860652436569,0.6715046560860859,0.31973452764070753,19.3,137515.0,26.35367817459919,0.5202033298953883,0.1995851226435694
radar,adwin,q_alarm_persistence_17,0.05,1,0.42129346160632614,0.5686896349723575,0.75995053516724,0.27604264939242085,27.7,137515.0,21.66509275409917,0.663615735965817,0.22831647135890532
radar,adwin,q_alarm_persistence_17,0.05,5,0.36940560305142905,0.5307282246549262,0.6225025847766925,0.3588727753169016,19.4,137515.0,25.571591758006253,0.5486238396935317,0.23694737608268432
radar,adwin,q_alarm_persistence_27,0.01,1,0.4564992594899131,0.579856478599934,0.7163164105464289,0.29404440245568575,33.8,137515.0,15.487959491697257,0.6747443642257256,0.27166169299075626
radar,adwin,q_alarm_persistence_27,0.01,5,0.3118691744054284,0.5252048475085125,0.5711634700380035,0.45767643740692565,20.2,137515.0,17.650191617105158,0.5194415794902019,0.20544289977436495
radar,adwin,q_alarm_persistence_27,0.02,1,0.4566179380711462,0.5743968073811005,0.6844165391043029,0.3239738578093875,32.6,137515.0,14.994364045595285,0.6826300279946957,0.28406288667297475
radar,adwin,q_alarm_persistence_27,0.02,5,0.32740225931553213,0.5254230586167759,0.5489142387533248,0.4757651696151912,18.2,137515.0,17.810822650100455,0.5870693973773391,0.23521944828590147
radar,adwin,q_alarm_persistence_27,0.05,1,0.4477222687898767,0.5715153955991652,0.6454321417918457,0.3677944156696827,31.9,137515.0,15.314987033099168,0.6991955208486813,0.29176068127229055
radar,adwin,q_alarm_persistence_27,0.05,5,0.3180841483814204,0.5197495698019258,0.5206749424380064,0.5000427629108832,17.5,137515.0,18.83494326689106,0.5827257993222337,0.2367013610888711
radar,adwin,q_alarm_persistence_37,0.01,1,0.4181255601998763,0.5591703584373742,0.7272811723703039,0.3232336718854617,39.2,137515.0,14.837150858403765,0.6301694415794903,0.27127884125482205
radar,adwin,q_alarm_persistence_37,0.01,5,0.37910344808812324,0.5294043129645223,0.602385900628612,0.44154604061272673,30.3,137515.0,15.76275790829095,0.5702210107558568,0.2517796055025839
radar,adwin,q_alarm_persistence_37,0.02,1,0.4130375633254018,0.5483425475048511,0.699975930619314,0.33978276928937345,36.6,137515.0,14.862084724885062,0.6146706939737734,0.28648809957056554
radar,adwin,q_alarm_persistence_37,0.02,5,0.4206435437878131,0.5657869878812287,0.5875712880186788,0.46319307951694233,25.6,137515.0,15.349153262909386,0.6195388242227788,0.2178309920663804
radar,adwin,q_alarm_persistence_37,0.05,1,0.4253986907794052,0.5592875187639585,0.6693670224806728,0.3550866660326817,34.8,137515.0,15.452576908198534,0.6362501841756298,0.28199286702088944
radar,adwin,q_alarm_persistence_37,0.05,5,0.4207480136184858,0.5659488155823235,0.5619235259068464,0.47306430067003186,26.4,137515.0,15.511795308394358,0.6043200235744807,0.21341145643787757
radar,adwin,q_alarm_persistence_47,0.01,1,0.4802844186799253,0.5955684106469448,0.782002402433368,0.23009551326258787,32.0,137515.0,18.34583657120238,0.6741785766907322,0.24238008588689133
radar,adwin,q_alarm_persistence_47,0.01,5,0.38006608049936885,0.5388071614249624,0.6816320365362296,0.31145194595635595,19.8,137515.0,24.890949079307028,0.5360011787240313,0.21214353300822475
radar,adwin,q_alarm_persistence_47,0.02,1,0.4464840785786547,0.5839937026324461,0.7688655653510188,0.2536437112233787,30.1,137515.0,19.30921003729454,0.6700677766317962,0.22557536938641823
radar,adwin,q_alarm_persistence_47,0.02,5,0.3856126634544433,0.5461860652436569,0.6715046560860859,0.31973452764070753,19.3,137515.0,24.55123471300758,0.5202033298953883,0.1995851226435694
radar,adwin,q_alarm_persistence_47,0.05,1,0.42129346160632614,0.5686896349723575,0.75995053516724,0.27604264939242085,27.7,137515.0,20.38787843330647,0.663615735965817,0.22831647135890532
radar,adwin,q_alarm_persistence_47,0.05,5,0.36940560305142905,0.5307282246549262,0.6225025847766925,0.3588727753169016,19.4,137515.0,24.050360746195658,0.5486238396935317,0.23694737608268432
radar,adwin,q_alarm_persistence_7,0.01,1,0.4802844186799253,0.5955684106469448,0.782002402433368,0.23009551326258787,32.0,137515.0,19.188696874995365,0.6741785766907322,0.24238008588689133
radar,adwin,q_alarm_persistence_7,0.01,5,0.38006608049936885,0.5388071614249624,0.6816320365362296,0.31145194595635595,19.8,137515.0,26.36776154580584,0.5360011787240313,0.21214353300822475
radar,adwin,q_alarm_persistence_7,0.02,1,0.4464840785786547,0.5839937026324461,0.7688655653510188,0.2536437112233787,30.1,137515.0,20.614549220795745,0.6700677766317962,0.22557536938641823
radar,adwin,q_alarm_persistence_7,0.02,5,0.3856126634544433,0.5461860652436569,0.6715046560860859,0.31973452764070753,19.3,137515.0,25.780387404095382,0.5202033298953883,0.1995851226435694
radar,adwin,q_alarm_persistence_7,0.05,1,0.42129346160632614,0.5686896349723575,0.75995053516724,0.27604264939242085,27.7,137515.0,21.467251903997386,0.663615735965817,0.22831647135890532
radar,adwin,q_alarm_persistence_7,0.05,5,0.36940560305142905,0.5307282246549262,0.6225025847766925,0.3588727753169016,19.4,137515.0,25.4777007498109,0.5486238396935317,0.23694737608268432
radar,adwin,selected_map,0.01,1,0.4762996417447186,0.6162486727931754,0.8158746179083929,0.18217714231807666,12.4,137515.0,24.01596444970055,0.7079711212612347,0.22290123007496904
radar,adwin,selected_map,0.01,5,0.37659420239223923,0.5308783363233625,0.7140390997573526,0.2398698304432903,3.1,137515.0,33.996334712402316,0.581530867835568,0.22127083484969795
radar,adwin,selected_map,0.02,1,0.4862763106100536,0.6252436568666935,0.7710931815366137,0.197437576917041,9.3,137515.0,27.483479233298567,0.7146618535435392,0.20689860979692848
radar,adwin,selected_map,0.02,5,0.38884234081746405,0.5392714092190531,0.70822043746542,0.2676567094812658,5.6,137515.0,30.007254521091816,0.6224016502136438,0.2310299148409637
radar,adwin,selected_map,0.05,1,0.4532572271602433,0.5982067147512173,0.7515757114851838,0.2707072763802854,15.0,137515.0,20.65380040419841,0.7038308531015176,0.23259043598515178
radar,adwin,selected_map,0.05,5,0.3774058074892632,0.5739252370665984,0.7117809751254078,0.31879912597376503,4.8,137515.0,28.00325258759549,0.5838986297333137,0.15852245432709805
radar,d3_oof,confirmed,0.01,1,0.41537997264206183,0.6138974114890345,0.9056628718105031,0.09952178643349378,1.7,142265.0,45.717036666712374,0.6175644614704583,0.13987917606812722
radar,d3_oof,confirmed,0.01,5,0.3611430228802036,0.561430088236371,0.8402818324177568,0.15656583780481337,1.9,143025.0,41.48295481220411,0.5674863710033888,0.17904796564524345
radar,d3_oof,confirmed,0.02,1,0.4516781464846935,0.6385633214952586,0.8638708949105673,0.16559843620027823,1.4,143025.0,42.05002617919818,0.6858332105495801,0.1465536065215809
radar,d3_oof,confirmed,0.02,5,0.36700680811682795,0.560806209497309,0.8350792883962705,0.15940931959556795,1.9,143025.0,40.86014672060264,0.5327994695741859,0.17672610815925466
radar,d3_oof,confirmed,0.05,1,0.4325005733753496,0.6309471680152308,0.8260991569812373,0.16347668553528785,1.2,142265.0,44.633290820506225,0.7233004272874612,0.12803988645461825
radar,d3_oof,confirmed,0.05,5,0.37941968209098115,0.5922652216893054,0.7893888074441333,0.2083691144048933,2.2,143215.0,40.39237177499454,0.5347517312509209,0.1281650775165587
radar,d3_oof,error_rule,0.01,1,0.4564992594899131,0.579856478599934,0.7163164105464289,0.29404440245568575,33.8,137515.0,16.460514541802695,0.6747443642257256,0.27166169299075626
radar,d3_oof,error_rule,0.01,5,0.3118691744054284,0.5252048475085125,0.5711634700380035,0.45767643740692565,20.2,137515.0,19.228490249888274,0.5194415794902019,0.20544289977436495
radar,d3_oof,error_rule,0.02,1,0.4566179380711462,0.5743968073811005,0.6844165391043029,0.3239738578093875,32.6,137515.0,15.9243241834949,0.6826300279946957,0.28406288667297475
radar,d3_oof,error_rule,0.02,5,0.32740225931553213,0.5254230586167759,0.5489142387533248,0.4757651696151912,18.2,137515.0,19.79941482040449,0.5870693973773391,0.23521944828590147
radar,d3_oof,error_rule,0.05,1,0.4477222687898767,0.5715153955991652,0.6454321417918457,0.3677944156696827,31.9,137515.0,15.978885933500715,0.6991955208486813,0.29176068127229055
radar,d3_oof,error_rule,0.05,5,0.3180841483814204,0.5197495698019258,0.5206749424380064,0.5000427629108832,17.5,137515.0,20.80328405010514,0.5827257993222337,0.2367013610888711
radar,d3_oof,no_reset,0.01,1,0.45168520372027005,0.6406517043166258,0.9289052528428365,0.08067078446211129,0.0,137515.0,50.131355141696986,0.6552335346986886,0.10322730912002329
radar,d3_oof,no_reset,0.01,5,0.41560625503189763,0.6151532237396111,0.8535362016340649,0.10080383400957246,0.0,137515.0,46.891174254086216,0.6667364078385147,0.10926705000363927
radar,d3_oof,no_reset,0.02,1,0.40187930252228876,0.6251894702156482,0.881768546026058,0.1460888518930128,0.0,137515.0,46.71585394169669,0.6719522616767349,0.10576606739937405
radar,d3_oof,no_reset,0.02,5,0.3441705000302598,0.5852575696554754,0.8666761743949702,0.11551625803802094,0.0,137515.0,46.64048215399671,0.6205834683954619,0.10637892131887328
radar,d3_oof,no_reset,0.05,1,0.39247237732800383,0.6245868267857797,0.8676233051167962,0.13909329200431572,0.0,137515.0,46.043104641404355,0.7007661706203036,0.10124026493922411
radar,d3_oof,no_reset,0.05,5,0.3857381936100671,0.6089503166990078,0.8163808611025871,0.15350752881519036,0.0,137515.0,49.840890795894666,0.6735862678650362,0.10909527622097678
radar,d3_oof,q_alarm_persistence_17,0.01,1,0.4693452694717652,0.5929037454691906,0.7290625188022736,0.30614219997218656,53.7,137515.0,16.671682595892342,0.60149697951967,0.23089016667879758
radar,d3_oof,q_alarm_persistence_17,0.01,5,0.36933389983774056,0.5320579943616592,0.6266663465619902,0.4358528848569342,45.1,137515.0,17.49362012501224,0.4544452630027994,0.19323240410510228
radar,d3_oof,q_alarm_persistence_17,0.02,1,0.45981786438367134,0.5804906088675723,0.7056395208261464,0.33794633320959155,51.1,137515.0,17.41827497500926,0.6204788566376898,0.2574568745905816
radar,d3_oof,q_alarm_persistence_17,0.02,5,0.36369598015821203,0.5287584666642258,0.6204322485431429,0.44293049108721333,44.7,137515.0,17.59537304599653,0.4257389126270812,0.19308537739282333
radar,d3_oof,q_alarm_persistence_17,0.05,1,0.46052429455583127,0.5879727602240692,0.6776864634961475,0.3587938257396408,47.9,137515.0,18.078546387600362,0.6483262118756447,0.24981585268214573
radar,d3_oof,q_alarm_persistence_17,0.05,5,0.37218508767433556,0.5313843224837989,0.6082851167733647,0.44577586212941056,44.2,137515.0,17.94366836230038,0.43594960954766465,0.19574059247397918
radar,d3_oof,q_alarm_persistence_27,0.01,1,0.44001303903096534,0.5592091677955553,0.636723316681584,0.3892985906877564,88.0,137515.0,11.89797481239366,0.6059938116988359,0.2876410219084359
radar,d3_oof,q_alarm_persistence_27,0.01,5,0.3068891768134858,0.5045436239153517,0.5380297352558279,0.49876230040706304,72.3,137515.0,12.902186337491731,0.4865095034625019,0.2594453744814033
radar,d3_oof,q_alarm_persistence_27,0.02,1,0.4347237042159163,0.5527463112803427,0.6110760209010262,0.4121532857971742,84.7,137515.0,11.723247379195527,0.6359348754972742,0.31474488681854573
radar,d3_oof,q_alarm_persistence_27,0.02,5,0.30621493036732184,0.5060088602496979,0.5370140503195231,0.5203900861571265,69.2,137515.0,12.592326333001257,0.4664284661853544,0.24976926996142368
radar,d3_oof,q_alarm_persistence_27,0.05,1,0.4415354723188284,0.5581891407022297,0.5864723806646073,0.431705009648897,81.9,137515.0,12.100316671200563,0.6420657138647414,0.3153897663585413
radar,d3_oof,q_alarm_persistence_27,0.05,5,0.3100243370578937,0.5134492732398492,0.5412637043270117,0.514837714900535,70.0,137515.0,12.691182125100749,0.45919110063356416,0.2359429361671155
radar,d3_oof,q_alarm_persistence_37,0.01,1,0.44001303903096534,0.5592091677955553,0.636723316681584,0.3892985906877564,88.0,137515.0,11.193142212406382,0.6059938116988359,0.2876410219084359
radar,d3_oof,q_alarm_persistence_37,0.01,5,0.3068891768134858,0.5045436239153517,0.5380297352558279,0.49876230040706304,72.3,137515.0,12.09716487111,0.4865095034625019,0.2594453744814033
radar,d3_oof,q_alarm_persistence_37,0.02,1,0.4347237042159163,0.5527463112803427,0.6110760209010262,0.4121532857971742,84.7,137515.0,10.966514974896564,0.6359348754972742,0.31474488681854573
radar,d3_oof,q_alarm_persistence_37,0.02,5,0.30621493036732184,0.5060088602496979,0.5370140503195231,0.5203900861571265,69.2,137515.0,11.919051454096916,0.4664284661853544,0.24976926996142368
radar,d3_oof,q_alarm_persistence_37,0.05,1,0.4415354723188284,0.5581891407022297,0.5864723806646073,0.431705009648897,81.9,137515.0,11.58514330840553,0.6420657138647414,0.3153897663585413
radar,d3_oof,q_alarm_persistence_37,0.05,5,0.3100243370578937,0.5134492732398492,0.5412637043270117,0.514837714900535,70.0,137515.0,12.131561757999588,0.45919110063356416,0.2359429361671155
radar,d3_oof,q_alarm_persistence_47,0.01,1,0.45168520372027005,0.6406517043166258,0.9289052528428365,0.08067078446211129,0.0,137515.0,50.13472114579345,0.6552335346986886,0.10322730912002329
radar,d3_oof,q_alarm_persistence_47,0.01,5,0.41560625503189763,0.6151532237396111,0.8535362016340649,0.10080383400957246,0.0,137515.0,48.08988110390201,0.6667364078385147,0.10926705000363927
radar,d3_oof,q_alarm_persistence_47,0.02,1,0.40187930252228876,0.6251894702156482,0.881768546026058,0.1460888518930128,0.0,137515.0,47.79830564580334,0.6719522616767349,0.10576606739937405
radar,d3_oof,q_alarm_persistence_47,0.02,5,0.3441705000302598,0.5852575696554754,0.8666761743949702,0.11551625803802094,0.0,137515.0,47.949121583704255,0.6205834683954619,0.10637892131887328
radar,d3_oof,q_alarm_persistence_47,0.05,1,0.39247237732800383,0.6245868267857797,0.8676233051167962,0.13909329200431572,0.0,137515.0,47.784882275108245,0.7007661706203036,0.10124026493922411
radar,d3_oof,q_alarm_persistence_47,0.05,5,0.3857381936100671,0.6089503166990078,0.8163808611025871,0.15350752881519036,0.0,137515.0,49.36352972479945,0.6735862678650362,0.10909527622097678
radar,d3_oof,q_alarm_persistence_7,0.01,1,0.4693452694717652,0.5929037454691906,0.7290625188022736,0.30614219997218656,53.7,137515.0,16.63791668760532,0.60149697951967,0.23089016667879758
radar,d3_oof,q_alarm_persistence_7,0.01,5,0.36933389983774056,0.5320579943616592,0.6266663465619902,0.4358528848569342,45.1,137515.0,17.649735120809055,0.4544452630027994,0.19323240410510228
radar,d3_oof,q_alarm_persistence_7,0.02,1,0.45981786438367134,0.5804906088675723,0.7056395208261464,0.33794633320959155,51.1,137515.0,17.175614916483756,0.6204788566376898,0.2574568745905816
radar,d3_oof,q_alarm_persistence_7,0.02,5,0.36369598015821203,0.5287584666642258,0.6204322485431429,0.44293049108721333,44.7,137515.0,17.686081891690264,0.4257389126270812,0.19308537739282333
radar,d3_oof,q_alarm_persistence_7,0.05,1,0.46052429455583127,0.5879727602240692,0.6776864634961475,0.3587938257396408,47.9,137515.0,18.070565254497343,0.6483262118756447,0.24981585268214573
radar,d3_oof,q_alarm_persistence_7,0.05,5,0.37218508767433556,0.5313843224837989,0.6082851167733647,0.44577586212941056,44.2,137515.0,18.090171503997407,0.43594960954766465,0.19574059247397918
radar,d3_oof,selected_map,0.01,1,0.4564992594899131,0.579856478599934,0.7163164105464289,0.29404440245568575,33.8,137515.0,16.46365286690125,0.6747443642257256,0.27166169299075626
radar,d3_oof,selected_map,0.01,5,0.3114853486173117,0.5242756196682898,0.5791966885671777,0.4534496736343779,20.0,137515.0,19.391153612505878,0.5208958302637395,0.2072712715627047
radar,d3_oof,selected_map,0.02,1,0.4566179380711462,0.5743968073811005,0.6844165391043029,0.3239738578093875,32.6,137515.0,15.630414496100276,0.6826300279946957,0.28406288667297475
radar,d3_oof,selected_map,0.02,5,0.32769163706787763,0.5259136674843481,0.560786203699613,0.46939510062026046,18.0,137515.0,20.311565633292776,0.59029320760277,0.23483077370987698
radar,d3_oof,selected_map,0.05,1,0.4477222687898767,0.5715153955991652,0.6454321417918457,0.3677944156696827,31.9,137515.0,16.020141578897892,0.6991955208486813,0.29176068127229055
radar,d3_oof,selected_map,0.05,5,0.32380106523193664,0.5229216856441987,0.5473479758943876,0.4868658192879736,17.4,137515.0,21.001438508200227,0.5879932223368204,0.23915132105684547
radar,hddm_w,confirmed,0.01,1,0.4303379052027013,0.5922600959250174,0.8755859280462458,0.13137644107612154,8.5,161835.0,27.38133695400611,0.5971548548696036,0.21572894679379867
radar,hddm_w,confirmed,0.01,5,0.3997200975267109,0.5845568044520923,0.784493763245093,0.19805102671833358,3.8,162785.0,31.6064051999012,0.5473080889936643,0.18140767159181892
radar,hddm_w,confirmed,0.02,1,0.4728675877454369,0.6052399956064878,0.8518539552244881,0.14666719722575858,8.7,164495.0,27.909658854396547,0.6671799027552674,0.21381032098406
radar,hddm_w,confirmed,0.02,5,0.3499737444744839,0.5360473034818585,0.7628572986274756,0.23386344481727345,3.3,164115.0,33.19554291240638,0.5288183291586857,0.22847951088143242
radar,hddm_w,confirmed,0.05,1,0.42176327997640567,0.5754344085234138,0.8452362948190221,0.20678290115670067,7.4,162975.0,28.5022320914999,0.6384072491527921,0.20646771963024968
radar,hddm_w,confirmed,0.05,5,0.3446410494432558,0.5418298978508402,0.7352892335208626,0.2712376486531952,2.3,167725.0,34.73916429979435,0.5733240017680861,0.19291360361016086
radar,hddm_w,error_rule,0.01,1,0.4564992594899131,0.579856478599934,0.7163164105464289,0.29404440245568575,33.8,137515.0,15.964020787805202,0.6747443642257256,0.27166169299075626
radar,hddm_w,error_rule,0.01,5,0.3118691744054284,0.5252048475085125,0.5711634700380035,0.45767643740692565,20.2,137515.0,17.89012964180438,0.5194415794902019,0.20544289977436495
radar,hddm_w,error_rule,0.02,1,0.4566179380711462,0.5743968073811005,0.6844165391043029,0.3239738578093875,32.6,137515.0,15.415283512801398,0.6826300279946957,0.28406288667297475
radar,hddm_w,error_rule,0.02,5,0.32740225931553213,0.5254230586167759,0.5489142387533248,0.4757651696151912,18.2,137515.0,18.04483459980984,0.5870693973773391,0.23521944828590147
radar,hddm_w,error_rule,0.05,1,0.4477222687898767,0.5715153955991652,0.6454321417918457,0.3677944156696827,31.9,137515.0,15.713781278899114,0.6991955208486813,0.29176068127229055
radar,hddm_w,error_rule,0.05,5,0.3180841483814204,0.5197495698019258,0.5206749424380064,0.5000427629108832,17.5,137515.0,19.0277818420087,0.5827257993222337,0.2367013610888711
radar,hddm_w,no_reset,0.01,1,0.45168520372027005,0.6406517043166258,0.9289052528428365,0.08067078446211129,0.0,137515.0,49.22129560010508,0.6552335346986886,0.10322730912002329
radar,hddm_w,no_reset,0.01,5,0.41560625503189763,0.6151532237396111,0.8535362016340649,0.10080383400957246,0.0,137515.0,47.214132579200665,0.6667364078385147,0.10926705000363927
radar,hddm_w,no_reset,0.02,1,0.40187930252228876,0.6251894702156482,0.881768546026058,0.1460888518930128,0.0,137515.0,46.4958474751882,0.6719522616767349,0.10576606739937405
radar,hddm_w,no_reset,0.02,5,0.3441705000302598,0.5852575696554754,0.8666761743949702,0.11551625803802094,0.0,137515.0,47.51891705419985,0.6205834683954619,0.10637892131887328
radar,hddm_w,no_reset,0.05,1,0.39247237732800383,0.6245868267857797,0.8676233051167962,0.13909329200431572,0.0,137515.0,46.26252243360359,0.7007661706203036,0.10124026493922411
radar,hddm_w,no_reset,0.05,5,0.3857381936100671,0.6089503166990078,0.8163808611025871,0.15350752881519036,0.0,137515.0,48.938817983298215,0.6735862678650362,0.10909527622097678
radar,hddm_w,q_alarm_persistence_17,0.01,1,0.48030073894490494,0.6068546113572291,0.779075356988516,0.22102783175693347,19.2,137515.0,20.454969808703755,0.6973463975246795,0.25781206783608707
radar,hddm_w,q_alarm_persistence_17,0.01,5,0.3438977288902394,0.5250276425145535,0.6477862469487862,0.38465186332145757,11.6,137515.0,22.47397337059374,0.5920170914984528,0.2452056190406871
radar,hddm_w,q_alarm_persistence_17,0.02,1,0.4838560155311751,0.6046739647786769,0.751441231346935,0.255842003968563,20.2,137515.0,19.055894774894114,0.7224090172388389,0.2606186767595895
radar,hddm_w,q_alarm_persistence_17,0.02,5,0.3390784415989211,0.5340270201003186,0.6335859984823465,0.3915598638738118,11.7,137515.0,22.575549454186692,0.623388831589804,0.2366067399374045
radar,hddm_w,q_alarm_persistence_17,0.05,1,0.4543071672887846,0.5889005235602094,0.7000241159265503,0.33376392450603243,23.8,137515.0,17.372026645898586,0.6883335789008398,0.2527374626974307
radar,hddm_w,q_alarm_persistence_17,0.05,5,0.3236090995393899,0.5374898400029291,0.5967856726417972,0.4209052261429206,10.5,137515.0,23.41531405830174,0.6090968027110653,0.2038488972996579
radar,hddm_w,q_alarm_persistence_27,0.01,1,0.44001303903096534,0.5592091677955553,0.636723316681584,0.3892985906877564,88.0,137515.0,12.291613466505078,0.6059938116988359,0.2876410219084359
radar,hddm_w,q_alarm_persistence_27,0.01,5,0.3068891768134858,0.5045436239153517,0.5380297352558279,0.49876230040706304,72.3,137515.0,12.883173145909677,0.4865095034625019,0.2594453744814033
radar,hddm_w,q_alarm_persistence_27,0.02,1,0.4347237042159163,0.5527463112803427,0.6110760209010262,0.4121532857971742,84.7,137515.0,12.144545262402971,0.6359348754972742,0.31474488681854573
radar,hddm_w,q_alarm_persistence_27,0.02,5,0.30621493036732184,0.5060088602496979,0.5370140503195231,0.5203900861571265,69.2,137515.0,12.849361371208214,0.4664284661853544,0.24976926996142368
radar,hddm_w,q_alarm_persistence_27,0.05,1,0.4415354723188284,0.5581891407022297,0.5864723806646073,0.431705009648897,81.9,137515.0,12.452005570898473,0.6420657138647414,0.3153897663585413
radar,hddm_w,q_alarm_persistence_27,0.05,5,0.3100243370578937,0.5134492732398492,0.5412637043270117,0.514837714900535,70.0,137515.0,12.907916224907968,0.45919110063356416,0.2359429361671155
radar,hddm_w,q_alarm_persistence_37,0.01,1,0.44236021680450277,0.5658162779628748,0.6674033110590194,0.3531372842365649,69.7,137515.0,12.947195537792869,0.6422852512155592,0.2776664968338307
radar,hddm_w,q_alarm_persistence_37,0.01,5,0.3247378155523475,0.5090491707245635,0.5308977904205122,0.4952545969147677,49.9,137515.0,13.901058437491884,0.511564756151466,0.2534187349879904
radar,hddm_w,q_alarm_persistence_37,0.02,1,0.4445433690435397,0.5621476952367005,0.6403626530468105,0.376687282888825,66.9,137515.0,12.926463145803428,0.6649624281715043,0.30033190188514447
radar,hddm_w,q_alarm_persistence_37,0.02,5,0.32225584947754005,0.4971244462343939,0.5172432909630476,0.5196453161415673,48.9,137515.0,13.78654617080756,0.518760866362163,0.278659291069219
radar,hddm_w,q_alarm_persistence_37,0.05,1,0.4335937151248344,0.5584527514370445,0.6114516633474757,0.40525992572563274,65.7,137515.0,12.916887762397527,0.6775821423309267,0.3098697139529806
radar,hddm_w,q_alarm_persistence_37,0.05,5,0.32350310158416884,0.5077816424413283,0.5100031630398029,0.5195976542167413,48.0,137515.0,14.261461020904244,0.5072535730072196,0.2503544653904942
radar,hddm_w,q_alarm_persistence_47,0.01,1,0.4527031746185398,0.5966821660015378,0.7720784182872691,0.262759381866059,18.9,137515.0,18.662127128994324,0.6185044938853691,0.20580682728000582
radar,hddm_w,q_alarm_persistence_47,0.01,5,0.3844184236780711,0.5532735327499725,0.636967101830007,0.38238311281102566,16.4,137515.0,18.55267197089561,0.5217857669073228,0.17880486207147536
radar,hddm_w,q_alarm_persistence_47,0.02,1,0.4571772069493071,0.5928642038589682,0.7515746134718685,0.2758041211606458,17.5,137515.0,19.068615700202646,0.625307204950641,0.20870223451488462
radar,hddm_w,q_alarm_persistence_47,0.02,5,0.39595175108420744,0.5452421923626112,0.6253952927324798,0.39135205850752675,14.3,137515.0,21.056948441505664,0.5375069986739355,0.2043947885581192
radar,hddm_w,q_alarm_persistence_47,0.05,1,0.41856775036239857,0.5772760224069124,0.7127445673472351,0.3022596190634145,17.9,137515.0,19.970448412094264,0.6105333726241344,0.1925525875245651
radar,hddm_w,q_alarm_persistence_47,0.05,5,0.35129393324183317,0.5379284589755795,0.6132726882719375,0.46290507306893913,13.6,137515.0,19.84688000800088,0.47572859879180784,0.16855084067253803
radar,hddm_w,q_alarm_persistence_7,0.01,1,0.4527031746185398,0.5966821660015378,0.7720784182872691,0.262759381866059,18.9,137515.0,19.681030600311352,0.6185044938853691,0.20580682728000582
radar,hddm_w,q_alarm_persistence_7,0.01,5,0.3844184236780711,0.5532735327499725,0.636967101830007,0.38238311281102566,16.4,137515.0,19.548643975099548,0.5217857669073228,0.17880486207147536
radar,hddm_w,q_alarm_persistence_7,0.02,1,0.4571772069493071,0.5928642038589682,0.7515746134718685,0.2758041211606458,17.5,137515.0,20.41291053320747,0.625307204950641,0.20870223451488462
radar,hddm_w,q_alarm_persistence_7,0.02,5,0.39595175108420744,0.5452421923626112,0.6253952927324798,0.39135205850752675,14.3,137515.0,22.324134658387628,0.5375069986739355,0.2043947885581192
radar,hddm_w,q_alarm_persistence_7,0.05,1,0.41856775036239857,0.5772760224069124,0.7127445673472351,0.3022596190634145,17.9,137515.0,21.136614232993452,0.6105333726241344,0.1925525875245651
radar,hddm_w,q_alarm_persistence_7,0.05,5,0.35129393324183317,0.5379284589755795,0.6132726882719375,0.46290507306893913,13.6,137515.0,20.993179520891864,0.47572859879180784,0.16855084067253803
radar,hddm_w,selected_map,0.01,1,0.48030073894490494,0.6068546113572291,0.779075356988516,0.22102783175693347,19.2,137515.0,20.44143071649887,0.6973463975246795,0.25781206783608707
radar,hddm_w,selected_map,0.01,5,0.3438977288902394,0.5250276425145535,0.6477862469487862,0.38465186332145757,11.6,137515.0,22.120008137400145,0.5920170914984528,0.2452056190406871
radar,hddm_w,selected_map,0.02,1,0.4838560155311751,0.6046739647786769,0.751441231346935,0.255842003968563,20.2,137515.0,19.019938216588343,0.7224090172388389,0.2606186767595895
radar,hddm_w,selected_map,0.02,5,0.3390784415989211,0.5340270201003186,0.6335859984823465,0.3915598638738118,11.7,137515.0,22.68054260390054,0.623388831589804,0.2366067399374045
radar,hddm_w,selected_map,0.05,1,0.4543071672887846,0.5889005235602094,0.7000241159265503,0.33376392450603243,23.8,137515.0,17.40956792470097,0.6883335789008398,0.2527374626974307
radar,hddm_w,selected_map,0.05,5,0.3236090995393899,0.5374898400029291,0.5967856726417972,0.4209052261429206,10.5,137515.0,23.523017950201755,0.6090968027110653,0.2038488972996579
radar,hellinger,confirmed,0.01,1,0.40643700662906423,0.5946413795628456,0.853587486272029,0.13629410623972066,3.7,145685.0,33.901072437796394,0.5858346839546191,0.19226290123007497
radar,hellinger,confirmed,0.01,5,0.3790507796259429,0.5578215501775712,0.825421634941606,0.16081439222191968,1.8,148725.0,37.83808597509633,0.5679210254899072,0.20738044981439696
radar,hellinger,confirmed,0.02,1,0.4373117609136333,0.5919928239299967,0.8314373922213434,0.16135556234626258,3.2,145115.0,33.83360196630529,0.5930985707971121,0.19185239100371207
radar,hellinger,confirmed,0.02,5,0.3753727757886776,0.5614806136272105,0.8075656318024915,0.16989647620675635,1.7,148915.0,38.46955738349643,0.5551849123324002,0.18631050294781282
radar,hellinger,confirmed,0.05,1,0.44897246434765825,0.5964991029912496,0.7876348000438179,0.2036765661253103,2.7,143215.0,34.96752782930271,0.601268601738618,0.20369022490719849
radar,hellinger,confirmed,0.05,5,0.3892702383840927,0.5678731739464724,0.7623524590051135,0.20850193726092917,1.7,147775.0,38.3871557916922,0.5646633269485781,0.18730475289322368
radar,hellinger,error_rule,0.01,1,0.4564992594899131,0.579856478599934,0.7163164105464289,0.29404440245568575,33.8,137515.0,15.557125537702813,0.6747443642257256,0.27166169299075626
radar,hellinger,error_rule,0.01,5,0.3118691744054284,0.5252048475085125,0.5711634700380035,0.45767643740692565,20.2,137515.0,17.979670470798737,0.5194415794902019,0.20544289977436495
radar,hellinger,error_rule,0.02,1,0.4566179380711462,0.5743968073811005,0.6844165391043029,0.3239738578093875,32.6,137515.0,15.13152255800669,0.6826300279946957,0.28406288667297475
radar,hellinger,error_rule,0.02,5,0.32740225931553213,0.5254230586167759,0.5489142387533248,0.4757651696151912,18.2,137515.0,18.23536476659647,0.5870693973773391,0.23521944828590147
radar,hellinger,error_rule,0.05,1,0.4477222687898767,0.5715153955991652,0.6454321417918457,0.3677944156696827,31.9,137515.0,15.459990724896489,0.6991955208486813,0.29176068127229055
radar,hellinger,error_rule,0.05,5,0.3180841483814204,0.5197495698019258,0.5206749424380064,0.5000427629108832,17.5,137515.0,19.025101570697736,0.5827257993222337,0.2367013610888711
radar,hellinger,no_reset,0.01,1,0.45168520372027005,0.6406517043166258,0.9289052528428365,0.08067078446211129,0.0,137515.0,49.8672573500924,0.6552335346986886,0.10322730912002329
radar,hellinger,no_reset,0.01,5,0.41560625503189763,0.6151532237396111,0.8535362016340649,0.10080383400957246,0.0,137515.0,47.518294004289785,0.6667364078385147,0.10926705000363927
radar,hellinger,no_reset,0.02,1,0.40187930252228876,0.6251894702156482,0.881768546026058,0.1460888518930128,0.0,137515.0,46.92857071240432,0.6719522616767349,0.10576606739937405
radar,hellinger,no_reset,0.02,5,0.3441705000302598,0.5852575696554754,0.8666761743949702,0.11551625803802094,0.0,137515.0,46.3974338206026,0.6205834683954619,0.10637892131887328
radar,hellinger,no_reset,0.05,1,0.39247237732800383,0.6245868267857797,0.8676233051167962,0.13909329200431572,0.0,137515.0,45.98490961229836,0.7007661706203036,0.10124026493922411
radar,hellinger,no_reset,0.05,5,0.3857381936100671,0.6089503166990078,0.8163808611025871,0.15350752881519036,0.0,137515.0,49.49295659138879,0.6735862678650362,0.10909527622097678
radar,hellinger,q_alarm_persistence_17,0.01,1,0.45168520372027005,0.6406517043166258,0.9289052528428365,0.08067078446211129,0.0,137515.0,49.378293383604614,0.6552335346986886,0.10322730912002329
radar,hellinger,q_alarm_persistence_17,0.01,5,0.41560625503189763,0.6151532237396111,0.8535362016340649,0.10080383400957246,0.0,137515.0,47.834406025405045,0.6667364078385147,0.10926705000363927
radar,hellinger,q_alarm_persistence_17,0.02,1,0.40187930252228876,0.6251894702156482,0.881768546026058,0.1460888518930128,0.0,137515.0,46.78493679571257,0.6719522616767349,0.10576606739937405
radar,hellinger,q_alarm_persistence_17,0.02,5,0.3441705000302598,0.5852575696554754,0.8666761743949702,0.11551625803802094,0.0,137515.0,46.849622629300576,0.6205834683954619,0.10637892131887328
radar,hellinger,q_alarm_persistence_17,0.05,1,0.39247237732800383,0.6245868267857797,0.8676233051167962,0.13909329200431572,0.0,137515.0,46.01255695799482,0.7007661706203036,0.10124026493922411
radar,hellinger,q_alarm_persistence_17,0.05,5,0.3857381936100671,0.6089503166990078,0.8163808611025871,0.15350752881519036,0.0,137515.0,48.910185795900176,0.6735862678650362,0.10909527622097678
radar,hellinger,q_alarm_persistence_27,0.01,1,0.4597209873114215,0.5840962179182074,0.7187890848082046,0.2891229367204474,31.5,137515.0,15.79615276249533,0.6868601738617945,0.27002401921537234
radar,hellinger,q_alarm_persistence_27,0.01,5,0.33363515793465465,0.535829092373595,0.5717975329556257,0.4429408422060702,19.7,137515.0,17.789806704196963,0.558504493885369,0.22454181527039813
radar,hellinger,q_alarm_persistence_27,0.02,1,0.464177278119112,0.5840024896569399,0.6980615678037457,0.3100161781401516,30.4,137515.0,15.216066812817008,0.6903035214380433,0.27696193318290996
radar,hellinger,q_alarm_persistence_27,0.02,5,0.40742613930589183,0.562102295610149,0.5831386544160597,0.44436764383654515,16.8,137515.0,18.717464533098973,0.6278237807573301,0.2349792561321785
radar,hellinger,q_alarm_persistence_27,0.05,1,0.4573451073887159,0.5838904550946435,0.6608019725554893,0.3531972129476362,29.1,137515.0,15.689597575101653,0.7039605127449535,0.28148191280296964
radar,hellinger,q_alarm_persistence_27,0.05,5,0.3971975789431664,0.5539435433676272,0.5610112211287008,0.46943308062025213,16.1,137515.0,18.864601220496116,0.6349535877412701,0.24295363563578137
radar,hellinger,q_alarm_persistence_37,0.01,1,0.45168520372027005,0.6406517043166258,0.9289052528428365,0.08067078446211129,0.0,137515.0,46.88809415011201,0.6552335346986886,0.10322730912002329
radar,hellinger,q_alarm_persistence_37,0.01,5,0.41560625503189763,0.6151532237396111,0.8535362016340649,0.10080383400957246,0.0,137515.0,45.066675562801535,0.6667364078385147,0.10926705000363927
radar,hellinger,q_alarm_persistence_37,0.02,1,0.40187930252228876,0.6251894702156482,0.881768546026058,0.1460888518930128,0.0,137515.0,44.39333303780295,0.6719522616767349,0.10576606739937405
radar,hellinger,q_alarm_persistence_37,0.02,5,0.3441705000302598,0.5852575696554754,0.8666761743949702,0.11551625803802094,0.0,137515.0,44.31740457930137,0.6205834683954619,0.10637892131887328
radar,hellinger,q_alarm_persistence_37,0.05,1,0.39247237732800383,0.6245868267857797,0.8676233051167962,0.13909329200431572,0.0,137515.0,43.96529850829101,0.7007661706203036,0.10124026493922411
radar,hellinger,q_alarm_persistence_37,0.05,5,0.3857381936100671,0.6089503166990078,0.8163808611025871,0.15350752881519036,0.0,137515.0,46.494888050100414,0.6735862678650362,0.10909527622097678
radar,hellinger,q_alarm_persistence_47,0.01,1,0.47118505102624686,0.595580126679603,0.7302688098699217,0.3054155051313419,52.9,137515.0,15.809660287603037,0.6126536024753204,0.2280966591454982
radar,hellinger,q_alarm_persistence_47,0.01,5,0.37813718889996323,0.5425709369164866,0.6335964234190673,0.43584851872118546,44.8,137515.0,16.09758067128714,0.4656711359952851,0.17992139165878157
radar,hellinger,q_alarm_persistence_47,0.02,1,0.4379247993637261,0.5643085710101416,0.6966364748867235,0.33505356118808693,48.5,137515.0,16.57242735789623,0.6267467216737881,0.26284300167406655
radar,hellinger,q_alarm_persistence_47,0.02,5,0.3727888043726207,0.5403763775491524,0.6332670826788084,0.44020072146065853,44.5,137515.0,16.079559637597413,0.43802711065271843,0.17845549166606012
radar,hellinger,q_alarm_persistence_47,0.05,1,0.43909844072637955,0.5744055944055944,0.675521615541691,0.3524030626650268,45.7,137515.0,17.18354102089943,0.6490584941800501,0.24838197830992065
radar,hellinger,q_alarm_persistence_47,0.05,5,0.3782634897774304,0.5388518287994728,0.6277126211673896,0.43950662389347483,44.4,137515.0,16.406065445498097,0.4468675408869898,0.1860936021544508
radar,hellinger,q_alarm_persistence_7,0.01,1,0.45168520372027005,0.6406517043166258,0.9289052528428365,0.08067078446211129,0.0,137515.0,50.00598692920757,0.6552335346986886,0.10322730912002329
radar,hellinger,q_alarm_persistence_7,0.01,5,0.41560625503189763,0.6151532237396111,0.8535362016340649,0.10080383400957246,0.0,137515.0,47.927146187704054,0.6667364078385147,0.10926705000363927
radar,hellinger,q_alarm_persistence_7,0.02,1,0.40187930252228876,0.6251894702156482,0.881768546026058,0.1460888518930128,0.0,137515.0,47.7312763497961,0.6719522616767349,0.10576606739937405
radar,hellinger,q_alarm_persistence_7,0.02,5,0.3441705000302598,0.5852575696554754,0.8666761743949702,0.11551625803802094,0.0,137515.0,47.308748116291824,0.6205834683954619,0.10637892131887328
radar,hellinger,q_alarm_persistence_7,0.05,1,0.39247237732800383,0.6245868267857797,0.8676233051167962,0.13909329200431572,0.0,137515.0,45.856410104301176,0.7007661706203036,0.10124026493922411
radar,hellinger,q_alarm_persistence_7,0.05,5,0.3857381936100671,0.6089503166990078,0.8163808611025871,0.15350752881519036,0.0,137515.0,48.6996460331924,0.6735862678650362,0.10909527622097678
radar,hellinger,selected_map,0.01,1,0.455765940233996,0.582702010031853,0.7103162673348572,0.3002320937603009,32.4,137515.0,15.820338870797423,0.6804037129806983,0.26828590144843145
radar,hellinger,selected_map,0.01,5,0.3291783601362108,0.5324299783985648,0.5660026501127334,0.44661410351563713,20.8,137515.0,17.806306970893637,0.54677471636953,0.22269160783171993
radar,hellinger,selected_map,0.02,1,0.45927644105127646,0.581050781679054,0.6936167647307416,0.31205751204616045,31.2,137515.0,15.44201876639272,0.6857197583615736,0.27800713297911056
radar,hellinger,selected_map,0.02,5,0.4044099294535259,0.5595906711089957,0.5713890020629906,0.45771452922543754,17.9,137515.0,18.51541125458898,0.6199292765581259,0.23656743576679526
radar,hellinger,selected_map,0.05,1,0.4493410078018041,0.5768813385567313,0.6570260598589652,0.3553510391143958,30.5,137515.0,15.511453379299201,0.695310151760719,0.28935730402503823
radar,hellinger,selected_map,0.05,5,0.3948207878227635,0.5518280672207374,0.5411422644767085,0.4825843416195878,16.5,137515.0,18.883872032992077,0.6273773390304995,0.2453642914331465
