stream,mode,level,base_seed,attack_seed,attack_assignment,base_key,condition,filter_rows_withheld,rows,training_visits,accepted_training_visits,accepted_refit_rows,resets,seconds,pending_candidate,audit_rows_reserved,policy,guarded,host_n,host_accuracy,host_macro_f1,poison_rows,poison_rows_admitted,poison_admission_rate,clean_rows,clean_rows_withheld,clean_withhold_rate,malicious_recall,benign_fpr,filter_poison_recall,filter_legitimate_rejection,detector,filter,filter_seed,status,folder,host_macro_f1_no_reset,host_accuracy_no_reset,poison_admission_rate_no_reset,clean_withhold_rate_no_reset,resets_no_reset,training_visits_no_reset,malicious_recall_no_reset,benign_fpr_no_reset,host_macro_f1_reset_difference,host_accuracy_reset_difference,poison_admission_rate_reset_difference,clean_withhold_rate_reset_difference,resets_reset_difference,training_visits_reset_difference,malicious_recall_reset_difference,benign_fpr_reset_difference
RBF_I,clean,none,9913.0,,,RBF_I__s9913,RBF_I__s9913__clean__none,526.0,12000.0,10874,8125.0,0.0,0,0.5346841659920756,False,600.0,confirmed,True,10450,0.34373205741626794,0.34314078176050994,0,0,,10450,3275,0.3133971291866029,,,,0.05033492822966507,adwin,learned_features_label,17.0,complete,results/per_dataset_study/integration_full_study/filters/runs/RBF_I/adwin/RBF_I__s9913__clean__none/learned_features_label_seed_17,0.34314078176050994,0.34373205741626794,,0.3133971291866029,0,10874,,,0.0,0.0,,0.0,0,0,,
RBF_I,clean,none,9913.0,,,RBF_I__s9913,RBF_I__s9913__clean__none,623.0,12000.0,12559,9864.0,2688.0,1,0.5645717080042232,False,600.0,confirmed,True,10450,0.3605741626794258,0.3597064604073794,0,0,,10450,2431,0.2326315789473684,,,,0.05961722488038278,adwin,learned_features_label,27.0,complete,results/per_dataset_study/integration_full_study/filters/runs/RBF_I/adwin/RBF_I__s9913__clean__none/learned_features_label_seed_27,0.3597064604073794,0.3605741626794258,,0.317511961722488,0,10777,,,0.0,0.0,,-0.08488038277511961,1,1782,,
RBF_I,clean,none,9913.0,,,RBF_I__s9913,RBF_I__s9913__clean__none,553.0,12000.0,12644,9009.0,2702.0,1,0.5622664589900523,False,600.0,confirmed,True,10450,0.3579904306220096,0.3564629595426841,0,0,,10450,3286,0.31444976076555026,,,,0.05291866028708134,adwin,learned_features_label,37.0,complete,results/per_dataset_study/integration_full_study/filters/runs/RBF_I/adwin/RBF_I__s9913__clean__none/learned_features_label_seed_37,0.3564629595426841,0.3579904306220096,,0.40076555023923444,0,10847,,,0.0,0.0,,-0.08631578947368418,1,1797,,
RBF_I,clean,none,9913.0,,,RBF_I__s9913,RBF_I__s9913__clean__none,267.0,12000.0,13000,9287.0,2793.0,1,0.5721584169950802,False,600.0,confirmed,True,10450,0.3615311004784689,0.35680041931428574,0,0,,10450,3041,0.2910047846889952,,,,0.02555023923444976,adwin,learned_features_label,47.0,complete,results/per_dataset_study/integration_full_study/filters/runs/RBF_I/adwin/RBF_I__s9913__clean__none/learned_features_label_seed_47,0.35680041931428574,0.3615311004784689,,0.38086124401913873,0,11133,,,0.0,0.0,,-0.08985645933014352,1,1867,,
RBF_I,clean,none,9913.0,,,RBF_I__s9913,RBF_I__s9913__clean__none,856.0,12000.0,10544,7034.0,0.0,0,0.5062109169957694,True,600.0,confirmed,True,10450,0.36,0.3585786454748995,0,0,,10450,4366,0.41779904306220095,,,,0.08191387559808612,adwin,learned_features_label,7.0,complete,results/per_dataset_study/integration_full_study/filters/runs/RBF_I/adwin/RBF_I__s9913__clean__none/learned_features_label_seed_7,0.3585786454748995,0.36,,0.41779904306220095,0,10544,,,0.0,0.0,,0.0,0,0,,
RBF_I,clean,none,9913.0,,,RBF_I__s9913,RBF_I__s9913__clean__none,439.0,12000.0,12784,9141.0,2733.0,1,0.5805199579917826,False,600.0,confirmed,True,10450,0.3605741626794258,0.355465162678697,0,0,,10450,3174,0.30373205741626796,,,,0.04200956937799043,adwin,learned_features,17.0,complete,results/per_dataset_study/integration_full_study/filters/runs/RBF_I/adwin/RBF_I__s9913__clean__none/learned_features_seed_17,0.355465162678697,0.3605741626794258,,0.390622009569378,0,10961,,,0.0,0.0,,-0.08688995215311002,1,1823,,
RBF_I,clean,none,9913.0,,,RBF_I__s9913,RBF_I__s9913__clean__none,371.0,12000.0,12823,10050.0,2693.0,1,0.5650820830196608,False,600.0,confirmed,True,10450,0.3663157894736842,0.36144096192585556,0,0,,10450,3144,0.3008612440191388,,,,0.035502392344497605,adwin,learned_features,27.0,complete,results/per_dataset_study/integration_full_study/filters/runs/RBF_I/adwin/RBF_I__s9913__clean__none/learned_features_seed_27,0.36144096192585556,0.3663157894736842,,0.3008612440191388,0,11029,,,0.0,0.0,,0.0,1,1794,,
RBF_I,clean,none,9913.0,,,RBF_I__s9913,RBF_I__s9913__clean__none,432.0,12000.0,12798,10096.0,2740.0,1,0.5706787079980131,False,600.0,confirmed,True,10450,0.3616267942583732,0.35493437850764187,0,0,,10450,2222,0.21263157894736842,,,,0.04133971291866029,adwin,learned_features,37.0,complete,results/per_dataset_study/integration_full_study/filters/runs/RBF_I/adwin/RBF_I__s9913__clean__none/learned_features_seed_37,0.35493437850764187,0.3616267942583732,,0.2999043062200957,0,10968,,,0.0,0.0,,-0.08727272727272725,1,1830,,
RBF_I,clean,none,9913.0,,,RBF_I__s9913,RBF_I__s9913__clean__none,506.0,12000.0,12677,9933.0,2676.0,1,0.5555921249906532,False,600.0,confirmed,True,10450,0.39799043062200956,0.3910065651690219,0,0,,10450,3250,0.31100478468899523,,,,0.04842105263157895,adwin,learned_features,47.0,complete,results/per_dataset_study/integration_full_study/filters/runs/RBF_I/adwin/RBF_I__s9913__clean__none/learned_features_seed_47,0.35674431850777466,0.3688038277511962,,0.3964593301435407,0,10894,,,0.03426224666124722,0.029186602870813372,,-0.08545454545454545,1,1783,,
RBF_I,clean,none,9913.0,,,RBF_I__s9913,RBF_I__s9913__clean__none,482.0,12000.0,12724,8210.0,2721.0,1,0.5659817919950001,False,600.0,confirmed,True,10450,0.3497607655502392,0.3419532209227435,0,0,,10450,4094,0.39177033492822966,,,,0.046124401913875596,adwin,learned_features,7.0,complete,results/per_dataset_study/integration_full_study/filters/runs/RBF_I/adwin/RBF_I__s9913__clean__none/learned_features_seed_7,0.3419532209227435,0.3497607655502392,,0.4780861244019139,0,10918,,,0.0,0.0,,-0.08631578947368423,1,1806,,
RBF_I,clean,none,9913.0,,,RBF_I__s9913,RBF_I__s9913__clean__none,,,13300,,,1,0.5502984579943586,,,confirmed,True,10450,0.3585645933014354,0.35235027949590225,0,0,,10450,2850,0.2727272727272727,,,,0.0,adwin,none,,complete,results/per_dataset_study/integration_full_study/filters/runs/RBF_I/adwin/RBF_I__s9913__clean__none/none,0.35235027949590225,0.3585645933014354,,0.36363636363636365,0,11400,,,0.0,0.0,,-0.09090909090909094,1,1900,,
RBF_I,instance,severe,9913.0,821989827.0,,RBF_I__s9913,RBF_I__s9913__instance__severe,464.0,12000.0,10936,5462.0,0.0,0,0.5036063340085093,False,600.0,confirmed,True,10450,0.32813397129186606,0.3219467223801073,2843,1229,0.4322898346816743,7607,4324,0.5684238201656369,,,0.0253253605346465,0.051531484159326936,adwin,learned_features_label,17.0,complete,results/per_dataset_study/integration_full_study/filters/runs/RBF_I/adwin/RBF_I__s9913__instance__severe/learned_features_label_seed_17,0.3219467223801073,0.32813397129186606,0.4322898346816743,0.5684238201656369,0,10936,,,0.0,0.0,0.0,0.0,0,0,,
RBF_I,instance,severe,9913.0,821989827.0,,RBF_I__s9913,RBF_I__s9913__instance__severe,547.0,12000.0,10853,7267.0,0.0,0,0.5169864159834106,True,600.0,confirmed,True,10450,0.3171291866028708,0.30717855596068533,2843,1747,0.6144917340837144,7607,3037,0.39923754436703035,,,0.023566654941962716,0.06309977652162482,adwin,learned_features_label,27.0,complete,results/per_dataset_study/integration_full_study/filters/runs/RBF_I/adwin/RBF_I__s9913__instance__severe/learned_features_label_seed_27,0.30717855596068533,0.3171291866028708,0.6144917340837144,0.39923754436703035,0,10853,,,0.0,0.0,0.0,0.0,0,0,,
RBF_I,instance,severe,9913.0,821989827.0,,RBF_I__s9913,RBF_I__s9913__instance__severe,522.0,12000.0,10878,8148.0,0.0,0,0.5104681660013739,False,600.0,confirmed,True,10450,0.3199043062200957,0.3102599731657659,2843,2001,0.7038339781920506,7607,2410,0.31681346128565796,,,0.03200844178684488,0.05665834100170895,adwin,learned_features_label,37.0,complete,results/per_dataset_study/integration_full_study/filters/runs/RBF_I/adwin/RBF_I__s9913__instance__severe/learned_features_label_seed_37,0.3102599731657659,0.3199043062200957,0.7038339781920506,0.31681346128565796,0,10878,,,0.0,0.0,0.0,0.0,0,0,,
RBF_I,instance,severe,9913.0,821989827.0,,RBF_I__s9913,RBF_I__s9913__instance__severe,281.0,12000.0,11119,8340.0,0.0,0,0.5283574579807464,True,600.0,confirmed,True,10450,0.34497607655502394,0.33319936184077137,2843,1979,0.696095673584242,7607,2196,0.28868147758643353,,,0.02989799507562434,0.025765742079663468,adwin,learned_features_label,47.0,complete,results/per_dataset_study/integration_full_study/filters/runs/RBF_I/adwin/RBF_I__s9913__instance__severe/learned_features_label_seed_47,0.33319936184077137,0.34497607655502394,0.696095673584242,0.28868147758643353,0,11119,,,0.0,0.0,0.0,0.0,0,0,,
RBF_I,instance,severe,9913.0,821989827.0,,RBF_I__s9913,RBF_I__s9913__instance__severe,798.0,12000.0,10602,7075.0,0.0,0,0.51319679201697,False,600.0,confirmed,True,10450,0.31808612440191386,0.308071793339295,2843,1735,0.6102708406612734,7607,3217,0.4228999605626397,,,0.05381639113612381,0.08479032470093335,adwin,learned_features_label,7.0,complete,results/per_dataset_study/integration_full_study/filters/runs/RBF_I/adwin/RBF_I__s9913__instance__severe/learned_features_label_seed_7,0.308071793339295,0.31808612440191386,0.6102708406612734,0.4228999605626397,0,10602,,,0.0,0.0,0.0,0.0,0,0,,
RBF_I,instance,severe,9913.0,821989827.0,,RBF_I__s9913,RBF_I__s9913__instance__severe,439.0,12000.0,10961,9128.0,0.0,0,0.5140283330110833,False,600.0,confirmed,True,10450,0.3390430622009569,0.32851690812876244,2843,2208,0.7766443897291594,7607,1637,0.21519652951229132,,,0.04502286317270489,0.04088339687130275,adwin,learned_features,17.0,complete,results/per_dataset_study/integration_full_study/filters/runs/RBF_I/adwin/RBF_I__s9913__instance__severe/learned_features_seed_17,0.32851690812876244,0.3390430622009569,0.7766443897291594,0.21519652951229132,0,10961,,,0.0,0.0,0.0,0.0,0,0,,
RBF_I,instance,severe,9913.0,821989827.0,,RBF_I__s9913,RBF_I__s9913__instance__severe,371.0,12000.0,11029,10112.0,0.0,0,0.511489792028442,True,600.0,confirmed,True,10450,0.33215311004784687,0.31714713259322436,2843,2477,0.8712627506155469,7607,922,0.121204154068621,,,0.03341540626099191,0.03628237149993427,adwin,learned_features,27.0,complete,results/per_dataset_study/integration_full_study/filters/runs/RBF_I/adwin/RBF_I__s9913__instance__severe/learned_features_seed_27,0.31714713259322436,0.33215311004784687,0.8712627506155469,0.121204154068621,0,11029,,,0.0,0.0,0.0,0.0,0,0,,
RBF_I,instance,severe,9913.0,821989827.0,,RBF_I__s9913,RBF_I__s9913__instance__severe,432.0,12000.0,10968,3699.0,0.0,0,0.5217624999932013,True,600.0,confirmed,True,10450,0.3149282296650718,0.30859544952285844,2843,720,0.253253605346465,7607,5578,0.7332719863283818,,,0.03974674639465353,0.04193505981332983,adwin,learned_features,37.0,complete,results/per_dataset_study/integration_full_study/filters/runs/RBF_I/adwin/RBF_I__s9913__instance__severe/learned_features_seed_37,0.30859544952285844,0.3149282296650718,0.253253605346465,0.7332719863283818,0,10968,,,0.0,0.0,0.0,0.0,0,0,,
RBF_I,instance,severe,9913.0,821989827.0,,RBF_I__s9913,RBF_I__s9913__instance__severe,506.0,12000.0,10894,7303.0,0.0,0,0.5117908329993952,True,600.0,confirmed,True,10450,0.3465071770334928,0.33555287254549837,2843,1681,0.5912768202602884,7607,2935,0.3858288418561851,,,0.05100246218782976,0.047456290258972,adwin,learned_features,47.0,complete,results/per_dataset_study/integration_full_study/filters/runs/RBF_I/adwin/RBF_I__s9913__instance__severe/learned_features_seed_47,0.33555287254549837,0.3465071770334928,0.5912768202602884,0.3858288418561851,0,10894,,,0.0,0.0,0.0,0.0,0,0,,
RBF_I,instance,severe,9913.0,821989827.0,,RBF_I__s9913,RBF_I__s9913__instance__severe,482.0,12000.0,10918,6378.0,0.0,0,0.5096255000098608,True,600.0,confirmed,True,10450,0.3257416267942584,0.3180091427650401,2843,1447,0.5089693985226873,7607,3626,0.47666622847377416,,,0.049243756595145974,0.04495859077165768,adwin,learned_features,7.0,complete,results/per_dataset_study/integration_full_study/filters/runs/RBF_I/adwin/RBF_I__s9913__instance__severe/learned_features_seed_7,0.3180091427650401,0.3257416267942584,0.5089693985226873,0.47666622847377416,0,10918,,,0.0,0.0,0.0,0.0,0,0,,
RBF_I,instance,severe,9913.0,821989827.0,,RBF_I__s9913,RBF_I__s9913__instance__severe,,,11400,,,0,0.5212011660041753,,,confirmed,True,10450,0.3475598086124402,0.33479347114531915,2843,1766,0.6211748153359128,7607,2723,0.35795977389246747,,,0.0,0.0,adwin,none,,complete,results/per_dataset_study/integration_full_study/filters/runs/RBF_I/adwin/RBF_I__s9913__instance__severe/none,0.33479347114531915,0.3475598086124402,0.6211748153359128,0.35795977389246747,0,11400,,,0.0,0.0,0.0,0.0,0,0,,
RBF_I,clean,none,9913.0,,,RBF_I__s9913,RBF_I__s9913__clean__none,526.0,12000.0,10874,8125.0,0.0,0,0.559456124989083,False,600.0,confirmed,True,10450,0.34373205741626794,0.34314078176050994,0,0,,10450,3275,0.3133971291866029,,,,0.05033492822966507,d3_oof,learned_features_label,17.0,complete,results/per_dataset_study/integration_full_study/filters/runs/RBF_I/d3_oof/RBF_I__s9913__clean__none/learned_features_label_seed_17,0.34314078176050994,0.34373205741626794,,0.3133971291866029,0,10874,,,0.0,0.0,,0.0,0,0,,
RBF_I,clean,none,9913.0,,,RBF_I__s9913,RBF_I__s9913__clean__none,623.0,12000.0,10777,8082.0,0.0,0,0.5715034999884665,False,600.0,confirmed,True,10450,0.3605741626794258,0.3597064604073794,0,0,,10450,3318,0.317511961722488,,,,0.05961722488038278,d3_oof,learned_features_label,27.0,complete,results/per_dataset_study/integration_full_study/filters/runs/RBF_I/d3_oof/RBF_I__s9913__clean__none/learned_features_label_seed_27,0.3597064604073794,0.3605741626794258,,0.317511961722488,0,10777,,,0.0,0.0,,0.0,0,0,,
RBF_I,clean,none,9913.0,,,RBF_I__s9913,RBF_I__s9913__clean__none,553.0,12000.0,10847,7212.0,0.0,0,0.5663780840113759,False,600.0,confirmed,True,10450,0.3579904306220096,0.3564629595426841,0,0,,10450,4188,0.40076555023923444,,,,0.05291866028708134,d3_oof,learned_features_label,37.0,complete,results/per_dataset_study/integration_full_study/filters/runs/RBF_I/d3_oof/RBF_I__s9913__clean__none/learned_features_label_seed_37,0.3564629595426841,0.3579904306220096,,0.40076555023923444,0,10847,,,0.0,0.0,,0.0,0,0,,
RBF_I,clean,none,9913.0,,,RBF_I__s9913,RBF_I__s9913__clean__none,267.0,12000.0,11133,7420.0,0.0,0,0.5627115840034094,False,600.0,confirmed,True,10450,0.3615311004784689,0.35680041931428574,0,0,,10450,3980,0.38086124401913873,,,,0.02555023923444976,d3_oof,learned_features_label,47.0,complete,results/per_dataset_study/integration_full_study/filters/runs/RBF_I/d3_oof/RBF_I__s9913__clean__none/learned_features_label_seed_47,0.35680041931428574,0.3615311004784689,,0.38086124401913873,0,11133,,,0.0,0.0,,0.0,0,0,,
RBF_I,clean,none,9913.0,,,RBF_I__s9913,RBF_I__s9913__clean__none,856.0,12000.0,10544,7034.0,0.0,0,0.5161431249871384,False,600.0,confirmed,True,10450,0.36,0.3585786454748995,0,0,,10450,4366,0.41779904306220095,,,,0.08191387559808612,d3_oof,learned_features_label,7.0,complete,results/per_dataset_study/integration_full_study/filters/runs/RBF_I/d3_oof/RBF_I__s9913__clean__none/learned_features_label_seed_7,0.3585786454748995,0.36,,0.41779904306220095,0,10544,,,0.0,0.0,,0.0,0,0,,
RBF_I,clean,none,9913.0,,,RBF_I__s9913,RBF_I__s9913__clean__none,439.0,12000.0,10961,7318.0,0.0,0,0.5409639579884242,False,600.0,confirmed,True,10450,0.3605741626794258,0.355465162678697,0,0,,10450,4082,0.390622009569378,,,,0.04200956937799043,d3_oof,learned_features,17.0,complete,results/per_dataset_study/integration_full_study/filters/runs/RBF_I/d3_oof/RBF_I__s9913__clean__none/learned_features_seed_17,0.355465162678697,0.3605741626794258,,0.390622009569378,0,10961,,,0.0,0.0,,0.0,0,0,,
RBF_I,clean,none,9913.0,,,RBF_I__s9913,RBF_I__s9913__clean__none,371.0,12000.0,11029,8256.0,0.0,0,0.5343878330022562,False,600.0,confirmed,True,10450,0.3663157894736842,0.36144096192585556,0,0,,10450,3144,0.3008612440191388,,,,0.035502392344497605,d3_oof,learned_features,27.0,complete,results/per_dataset_study/integration_full_study/filters/runs/RBF_I/d3_oof/RBF_I__s9913__clean__none/learned_features_seed_27,0.36144096192585556,0.3663157894736842,,0.3008612440191388,0,11029,,,0.0,0.0,,0.0,0,0,,
RBF_I,clean,none,9913.0,,,RBF_I__s9913,RBF_I__s9913__clean__none,432.0,12000.0,10968,8266.0,0.0,0,0.5349398340040352,False,600.0,confirmed,True,10450,0.3616267942583732,0.35493437850764187,0,0,,10450,3134,0.2999043062200957,,,,0.04133971291866029,d3_oof,learned_features,37.0,complete,results/per_dataset_study/integration_full_study/filters/runs/RBF_I/d3_oof/RBF_I__s9913__clean__none/learned_features_seed_37,0.35493437850764187,0.3616267942583732,,0.2999043062200957,0,10968,,,0.0,0.0,,0.0,0,0,,
RBF_I,clean,none,9913.0,,,RBF_I__s9913,RBF_I__s9913__clean__none,506.0,12000.0,10894,7257.0,0.0,0,0.5239297499938402,False,600.0,confirmed,True,10450,0.3688038277511962,0.35674431850777466,0,0,,10450,4143,0.3964593301435407,,,,0.04842105263157895,d3_oof,learned_features,47.0,complete,results/per_dataset_study/integration_full_study/filters/runs/RBF_I/d3_oof/RBF_I__s9913__clean__none/learned_features_seed_47,0.35674431850777466,0.3688038277511962,,0.3964593301435407,0,10894,,,0.0,0.0,,0.0,0,0,,
RBF_I,clean,none,9913.0,,,RBF_I__s9913,RBF_I__s9913__clean__none,482.0,12000.0,10918,6404.0,0.0,0,0.5314468340075109,False,600.0,confirmed,True,10450,0.3497607655502392,0.3419532209227435,0,0,,10450,4996,0.4780861244019139,,,,0.046124401913875596,d3_oof,learned_features,7.0,complete,results/per_dataset_study/integration_full_study/filters/runs/RBF_I/d3_oof/RBF_I__s9913__clean__none/learned_features_seed_7,0.3419532209227435,0.3497607655502392,,0.4780861244019139,0,10918,,,0.0,0.0,,0.0,0,0,,
RBF_I,clean,none,9913.0,,,RBF_I__s9913,RBF_I__s9913__clean__none,,,11400,,,0,0.5293896250077523,,,confirmed,True,10450,0.3585645933014354,0.35235027949590225,0,0,,10450,3800,0.36363636363636365,,,,0.0,d3_oof,none,,complete,results/per_dataset_study/integration_full_study/filters/runs/RBF_I/d3_oof/RBF_I__s9913__clean__none/none,0.35235027949590225,0.3585645933014354,,0.36363636363636365,0,11400,,,0.0,0.0,,0.0,0,0,,
RBF_I,instance,severe,9913.0,821989827.0,,RBF_I__s9913,RBF_I__s9913__instance__severe,464.0,12000.0,10936,5462.0,0.0,0,0.524291459005326,False,600.0,confirmed,True,10450,0.32813397129186606,0.3219467223801073,2843,1229,0.4322898346816743,7607,4324,0.5684238201656369,,,0.0253253605346465,0.051531484159326936,d3_oof,learned_features_label,17.0,complete,results/per_dataset_study/integration_full_study/filters/runs/RBF_I/d3_oof/RBF_I__s9913__instance__severe/learned_features_label_seed_17,0.3219467223801073,0.32813397129186606,0.4322898346816743,0.5684238201656369,0,10936,,,0.0,0.0,0.0,0.0,0,0,,
RBF_I,instance,severe,9913.0,821989827.0,,RBF_I__s9913,RBF_I__s9913__instance__severe,547.0,12000.0,10853,7267.0,0.0,0,0.5343058749858756,False,600.0,confirmed,True,10450,0.3171291866028708,0.30717855596068533,2843,1747,0.6144917340837144,7607,3037,0.39923754436703035,,,0.023566654941962716,0.06309977652162482,d3_oof,learned_features_label,27.0,complete,results/per_dataset_study/integration_full_study/filters/runs/RBF_I/d3_oof/RBF_I__s9913__instance__severe/learned_features_label_seed_27,0.30717855596068533,0.3171291866028708,0.6144917340837144,0.39923754436703035,0,10853,,,0.0,0.0,0.0,0.0,0,0,,
RBF_I,instance,severe,9913.0,821989827.0,,RBF_I__s9913,RBF_I__s9913__instance__severe,522.0,12000.0,10878,8148.0,0.0,0,0.5213077499938663,False,600.0,confirmed,True,10450,0.3199043062200957,0.3102599731657659,2843,2001,0.7038339781920506,7607,2410,0.31681346128565796,,,0.03200844178684488,0.05665834100170895,d3_oof,learned_features_label,37.0,complete,results/per_dataset_study/integration_full_study/filters/runs/RBF_I/d3_oof/RBF_I__s9913__instance__severe/learned_features_label_seed_37,0.3102599731657659,0.3199043062200957,0.7038339781920506,0.31681346128565796,0,10878,,,0.0,0.0,0.0,0.0,0,0,,
RBF_I,instance,severe,9913.0,821989827.0,,RBF_I__s9913,RBF_I__s9913__instance__severe,281.0,12000.0,11119,8340.0,0.0,0,0.5467915000044741,False,600.0,confirmed,True,10450,0.34497607655502394,0.33319936184077137,2843,1979,0.696095673584242,7607,2196,0.28868147758643353,,,0.02989799507562434,0.025765742079663468,d3_oof,learned_features_label,47.0,complete,results/per_dataset_study/integration_full_study/filters/runs/RBF_I/d3_oof/RBF_I__s9913__instance__severe/learned_features_label_seed_47,0.33319936184077137,0.34497607655502394,0.696095673584242,0.28868147758643353,0,11119,,,0.0,0.0,0.0,0.0,0,0,,
RBF_I,instance,severe,9913.0,821989827.0,,RBF_I__s9913,RBF_I__s9913__instance__severe,798.0,12000.0,10602,7075.0,0.0,0,0.5305382499936968,False,600.0,confirmed,True,10450,0.31808612440191386,0.308071793339295,2843,1735,0.6102708406612734,7607,3217,0.4228999605626397,,,0.05381639113612381,0.08479032470093335,d3_oof,learned_features_label,7.0,complete,results/per_dataset_study/integration_full_study/filters/runs/RBF_I/d3_oof/RBF_I__s9913__instance__severe/learned_features_label_seed_7,0.308071793339295,0.31808612440191386,0.6102708406612734,0.4228999605626397,0,10602,,,0.0,0.0,0.0,0.0,0,0,,
RBF_I,instance,severe,9913.0,821989827.0,,RBF_I__s9913,RBF_I__s9913__instance__severe,439.0,12000.0,10961,9128.0,0.0,0,0.5408476250013337,False,600.0,confirmed,True,10450,0.3390430622009569,0.32851690812876244,2843,2208,0.7766443897291594,7607,1637,0.21519652951229132,,,0.04502286317270489,0.04088339687130275,d3_oof,learned_features,17.0,complete,results/per_dataset_study/integration_full_study/filters/runs/RBF_I/d3_oof/RBF_I__s9913__instance__severe/learned_features_seed_17,0.32851690812876244,0.3390430622009569,0.7766443897291594,0.21519652951229132,0,10961,,,0.0,0.0,0.0,0.0,0,0,,
RBF_I,instance,severe,9913.0,821989827.0,,RBF_I__s9913,RBF_I__s9913__instance__severe,371.0,12000.0,11029,10112.0,0.0,0,0.525990374997491,False,600.0,confirmed,True,10450,0.33215311004784687,0.31714713259322436,2843,2477,0.8712627506155469,7607,922,0.121204154068621,,,0.03341540626099191,0.03628237149993427,d3_oof,learned_features,27.0,complete,results/per_dataset_study/integration_full_study/filters/runs/RBF_I/d3_oof/RBF_I__s9913__instance__severe/learned_features_seed_27,0.31714713259322436,0.33215311004784687,0.8712627506155469,0.121204154068621,0,11029,,,0.0,0.0,0.0,0.0,0,0,,
RBF_I,instance,severe,9913.0,821989827.0,,RBF_I__s9913,RBF_I__s9913__instance__severe,432.0,12000.0,10968,3699.0,0.0,0,0.5285842909943312,False,600.0,confirmed,True,10450,0.3149282296650718,0.30859544952285844,2843,720,0.253253605346465,7607,5578,0.7332719863283818,,,0.03974674639465353,0.04193505981332983,d3_oof,learned_features,37.0,complete,results/per_dataset_study/integration_full_study/filters/runs/RBF_I/d3_oof/RBF_I__s9913__instance__severe/learned_features_seed_37,0.30859544952285844,0.3149282296650718,0.253253605346465,0.7332719863283818,0,10968,,,0.0,0.0,0.0,0.0,0,0,,
RBF_I,instance,severe,9913.0,821989827.0,,RBF_I__s9913,RBF_I__s9913__instance__severe,506.0,12000.0,10894,7303.0,0.0,0,0.5356813329854049,False,600.0,confirmed,True,10450,0.3465071770334928,0.33555287254549837,2843,1681,0.5912768202602884,7607,2935,0.3858288418561851,,,0.05100246218782976,0.047456290258972,d3_oof,learned_features,47.0,complete,results/per_dataset_study/integration_full_study/filters/runs/RBF_I/d3_oof/RBF_I__s9913__instance__severe/learned_features_seed_47,0.33555287254549837,0.3465071770334928,0.5912768202602884,0.3858288418561851,0,10894,,,0.0,0.0,0.0,0.0,0,0,,
RBF_I,instance,severe,9913.0,821989827.0,,RBF_I__s9913,RBF_I__s9913__instance__severe,482.0,12000.0,10918,6378.0,0.0,0,0.5337252500175964,False,600.0,confirmed,True,10450,0.3257416267942584,0.3180091427650401,2843,1447,0.5089693985226873,7607,3626,0.47666622847377416,,,0.049243756595145974,0.04495859077165768,d3_oof,learned_features,7.0,complete,results/per_dataset_study/integration_full_study/filters/runs/RBF_I/d3_oof/RBF_I__s9913__instance__severe/learned_features_seed_7,0.3180091427650401,0.3257416267942584,0.5089693985226873,0.47666622847377416,0,10918,,,0.0,0.0,0.0,0.0,0,0,,
RBF_I,instance,severe,9913.0,821989827.0,,RBF_I__s9913,RBF_I__s9913__instance__severe,,,11400,,,0,0.5412372919963673,,,confirmed,True,10450,0.3475598086124402,0.33479347114531915,2843,1766,0.6211748153359128,7607,2723,0.35795977389246747,,,0.0,0.0,d3_oof,none,,complete,results/per_dataset_study/integration_full_study/filters/runs/RBF_I/d3_oof/RBF_I__s9913__instance__severe/none,0.33479347114531915,0.3475598086124402,0.6211748153359128,0.35795977389246747,0,11400,,,0.0,0.0,0.0,0.0,0,0,,
RBF_I,clean,none,9913.0,,,RBF_I__s9913,RBF_I__s9913__clean__none,526.0,12000.0,10874,8125.0,0.0,0,0.536349958012579,False,600.0,confirmed,True,10450,0.34373205741626794,0.34314078176050994,0,0,,10450,3275,0.3133971291866029,,,,0.05033492822966507,hddm_w,learned_features_label,17.0,complete,results/per_dataset_study/integration_full_study/filters/runs/RBF_I/hddm_w/RBF_I__s9913__clean__none/learned_features_label_seed_17,0.34314078176050994,0.34373205741626794,,0.3133971291866029,0,10874,,,0.0,0.0,,0.0,0,0,,
RBF_I,clean,none,9913.0,,,RBF_I__s9913,RBF_I__s9913__clean__none,623.0,12000.0,10777,8082.0,0.0,0,0.5336762090155389,False,600.0,confirmed,True,10450,0.3605741626794258,0.3597064604073794,0,0,,10450,3318,0.317511961722488,,,,0.05961722488038278,hddm_w,learned_features_label,27.0,complete,results/per_dataset_study/integration_full_study/filters/runs/RBF_I/hddm_w/RBF_I__s9913__clean__none/learned_features_label_seed_27,0.3597064604073794,0.3605741626794258,,0.317511961722488,0,10777,,,0.0,0.0,,0.0,0,0,,
RBF_I,clean,none,9913.0,,,RBF_I__s9913,RBF_I__s9913__clean__none,553.0,12000.0,10847,7212.0,0.0,0,0.5210315840085968,False,600.0,confirmed,True,10450,0.3579904306220096,0.3564629595426841,0,0,,10450,4188,0.40076555023923444,,,,0.05291866028708134,hddm_w,learned_features_label,37.0,complete,results/per_dataset_study/integration_full_study/filters/runs/RBF_I/hddm_w/RBF_I__s9913__clean__none/learned_features_label_seed_37,0.3564629595426841,0.3579904306220096,,0.40076555023923444,0,10847,,,0.0,0.0,,0.0,0,0,,
RBF_I,clean,none,9913.0,,,RBF_I__s9913,RBF_I__s9913__clean__none,267.0,12000.0,11133,7420.0,0.0,0,0.5359008749946952,True,600.0,confirmed,True,10450,0.3615311004784689,0.35680041931428574,0,0,,10450,3980,0.38086124401913873,,,,0.02555023923444976,hddm_w,learned_features_label,47.0,complete,results/per_dataset_study/integration_full_study/filters/runs/RBF_I/hddm_w/RBF_I__s9913__clean__none/learned_features_label_seed_47,0.35680041931428574,0.3615311004784689,,0.38086124401913873,0,11133,,,0.0,0.0,,0.0,0,0,,
RBF_I,clean,none,9913.0,,,RBF_I__s9913,RBF_I__s9913__clean__none,856.0,12000.0,10544,7034.0,0.0,0,0.5265487500000745,True,600.0,confirmed,True,10450,0.36,0.3585786454748995,0,0,,10450,4366,0.41779904306220095,,,,0.08191387559808612,hddm_w,learned_features_label,7.0,complete,results/per_dataset_study/integration_full_study/filters/runs/RBF_I/hddm_w/RBF_I__s9913__clean__none/learned_features_label_seed_7,0.3585786454748995,0.36,,0.41779904306220095,0,10544,,,0.0,0.0,,0.0,0,0,,
RBF_I,clean,none,9913.0,,,RBF_I__s9913,RBF_I__s9913__clean__none,439.0,12000.0,12784,9141.0,2733.0,1,0.5854683329816908,False,600.0,confirmed,True,10450,0.3605741626794258,0.355465162678697,0,0,,10450,3174,0.30373205741626796,,,,0.04200956937799043,hddm_w,learned_features,17.0,complete,results/per_dataset_study/integration_full_study/filters/runs/RBF_I/hddm_w/RBF_I__s9913__clean__none/learned_features_seed_17,0.355465162678697,0.3605741626794258,,0.390622009569378,0,10961,,,0.0,0.0,,-0.08688995215311002,1,1823,,
RBF_I,clean,none,9913.0,,,RBF_I__s9913,RBF_I__s9913__clean__none,371.0,12000.0,12823,10050.0,2693.0,1,0.5690312919905409,False,600.0,confirmed,True,10450,0.3663157894736842,0.36144096192585556,0,0,,10450,3144,0.3008612440191388,,,,0.035502392344497605,hddm_w,learned_features,27.0,complete,results/per_dataset_study/integration_full_study/filters/runs/RBF_I/hddm_w/RBF_I__s9913__clean__none/learned_features_seed_27,0.36144096192585556,0.3663157894736842,,0.3008612440191388,0,11029,,,0.0,0.0,,0.0,1,1794,,
RBF_I,clean,none,9913.0,,,RBF_I__s9913,RBF_I__s9913__clean__none,432.0,12000.0,10968,8266.0,0.0,0,0.5336379169893917,False,600.0,confirmed,True,10450,0.3616267942583732,0.35493437850764187,0,0,,10450,3134,0.2999043062200957,,,,0.04133971291866029,hddm_w,learned_features,37.0,complete,results/per_dataset_study/integration_full_study/filters/runs/RBF_I/hddm_w/RBF_I__s9913__clean__none/learned_features_seed_37,0.35493437850764187,0.3616267942583732,,0.2999043062200957,0,10968,,,0.0,0.0,,0.0,0,0,,
RBF_I,clean,none,9913.0,,,RBF_I__s9913,RBF_I__s9913__clean__none,506.0,12000.0,12677,9933.0,2676.0,1,0.562716290995013,False,600.0,confirmed,True,10450,0.39799043062200956,0.3910065651690219,0,0,,10450,3250,0.31100478468899523,,,,0.04842105263157895,hddm_w,learned_features,47.0,complete,results/per_dataset_study/integration_full_study/filters/runs/RBF_I/hddm_w/RBF_I__s9913__clean__none/learned_features_seed_47,0.35674431850777466,0.3688038277511962,,0.3964593301435407,0,10894,,,0.03426224666124722,0.029186602870813372,,-0.08545454545454545,1,1783,,
RBF_I,clean,none,9913.0,,,RBF_I__s9913,RBF_I__s9913__clean__none,482.0,12000.0,10918,6404.0,0.0,0,0.5344563339895103,False,600.0,confirmed,True,10450,0.3497607655502392,0.3419532209227435,0,0,,10450,4996,0.4780861244019139,,,,0.046124401913875596,hddm_w,learned_features,7.0,complete,results/per_dataset_study/integration_full_study/filters/runs/RBF_I/hddm_w/RBF_I__s9913__clean__none/learned_features_seed_7,0.3419532209227435,0.3497607655502392,,0.4780861244019139,0,10918,,,0.0,0.0,,0.0,0,0,,
RBF_I,clean,none,9913.0,,,RBF_I__s9913,RBF_I__s9913__clean__none,,,11400,,,0,0.5392259169893805,,,confirmed,True,10450,0.3585645933014354,0.35235027949590225,0,0,,10450,3800,0.36363636363636365,,,,0.0,hddm_w,none,,complete,results/per_dataset_study/integration_full_study/filters/runs/RBF_I/hddm_w/RBF_I__s9913__clean__none/none,0.35235027949590225,0.3585645933014354,,0.36363636363636365,0,11400,,,0.0,0.0,,0.0,0,0,,
RBF_I,instance,severe,9913.0,821989827.0,,RBF_I__s9913,RBF_I__s9913__instance__severe,464.0,12000.0,10936,5462.0,0.0,0,0.5222959170059767,False,600.0,confirmed,True,10450,0.32813397129186606,0.3219467223801073,2843,1229,0.4322898346816743,7607,4324,0.5684238201656369,,,0.0253253605346465,0.051531484159326936,hddm_w,learned_features_label,17.0,complete,results/per_dataset_study/integration_full_study/filters/runs/RBF_I/hddm_w/RBF_I__s9913__instance__severe/learned_features_label_seed_17,0.3219467223801073,0.32813397129186606,0.4322898346816743,0.5684238201656369,0,10936,,,0.0,0.0,0.0,0.0,0,0,,
RBF_I,instance,severe,9913.0,821989827.0,,RBF_I__s9913,RBF_I__s9913__instance__severe,547.0,12000.0,10853,7267.0,0.0,0,0.5295244170119986,False,600.0,confirmed,True,10450,0.3171291866028708,0.30717855596068533,2843,1747,0.6144917340837144,7607,3037,0.39923754436703035,,,0.023566654941962716,0.06309977652162482,hddm_w,learned_features_label,27.0,complete,results/per_dataset_study/integration_full_study/filters/runs/RBF_I/hddm_w/RBF_I__s9913__instance__severe/learned_features_label_seed_27,0.30717855596068533,0.3171291866028708,0.6144917340837144,0.39923754436703035,0,10853,,,0.0,0.0,0.0,0.0,0,0,,
RBF_I,instance,severe,9913.0,821989827.0,,RBF_I__s9913,RBF_I__s9913__instance__severe,522.0,12000.0,10878,8148.0,0.0,0,0.5125330830051098,False,600.0,confirmed,True,10450,0.3199043062200957,0.3102599731657659,2843,2001,0.7038339781920506,7607,2410,0.31681346128565796,,,0.03200844178684488,0.05665834100170895,hddm_w,learned_features_label,37.0,complete,results/per_dataset_study/integration_full_study/filters/runs/RBF_I/hddm_w/RBF_I__s9913__instance__severe/learned_features_label_seed_37,0.3102599731657659,0.3199043062200957,0.7038339781920506,0.31681346128565796,0,10878,,,0.0,0.0,0.0,0.0,0,0,,
RBF_I,instance,severe,9913.0,821989827.0,,RBF_I__s9913,RBF_I__s9913__instance__severe,281.0,12000.0,11119,8340.0,0.0,0,0.5399247079913039,True,600.0,confirmed,True,10450,0.34497607655502394,0.33319936184077137,2843,1979,0.696095673584242,7607,2196,0.28868147758643353,,,0.02989799507562434,0.025765742079663468,hddm_w,learned_features_label,47.0,complete,results/per_dataset_study/integration_full_study/filters/runs/RBF_I/hddm_w/RBF_I__s9913__instance__severe/learned_features_label_seed_47,0.33319936184077137,0.34497607655502394,0.696095673584242,0.28868147758643353,0,11119,,,0.0,0.0,0.0,0.0,0,0,,
RBF_I,instance,severe,9913.0,821989827.0,,RBF_I__s9913,RBF_I__s9913__instance__severe,798.0,12000.0,10602,7075.0,0.0,0,0.5234470829891507,False,600.0,confirmed,True,10450,0.31808612440191386,0.308071793339295,2843,1735,0.6102708406612734,7607,3217,0.4228999605626397,,,0.05381639113612381,0.08479032470093335,hddm_w,learned_features_label,7.0,complete,results/per_dataset_study/integration_full_study/filters/runs/RBF_I/hddm_w/RBF_I__s9913__instance__severe/learned_features_label_seed_7,0.308071793339295,0.31808612440191386,0.6102708406612734,0.4228999605626397,0,10602,,,0.0,0.0,0.0,0.0,0,0,,
RBF_I,instance,severe,9913.0,821989827.0,,RBF_I__s9913,RBF_I__s9913__instance__severe,439.0,12000.0,12784,10951.0,2733.0,1,0.5879832079808693,False,600.0,confirmed,True,10450,0.3390430622009569,0.32851690812876244,2843,2208,0.7766443897291594,7607,1637,0.21519652951229132,,,0.04502286317270489,0.04088339687130275,hddm_w,learned_features,17.0,complete,results/per_dataset_study/integration_full_study/filters/runs/RBF_I/hddm_w/RBF_I__s9913__instance__severe/learned_features_seed_17,0.32851690812876244,0.3390430622009569,0.7766443897291594,0.21519652951229132,0,10961,,,0.0,0.0,0.0,0.0,1,1823,,
RBF_I,instance,severe,9913.0,821989827.0,,RBF_I__s9913,RBF_I__s9913__instance__severe,371.0,12000.0,12823,11906.0,2693.0,1,0.5713556660048198,False,600.0,confirmed,True,10450,0.33215311004784687,0.31714713259322436,2843,2477,0.8712627506155469,7607,922,0.121204154068621,,,0.03341540626099191,0.03628237149993427,hddm_w,learned_features,27.0,complete,results/per_dataset_study/integration_full_study/filters/runs/RBF_I/hddm_w/RBF_I__s9913__instance__severe/learned_features_seed_27,0.31714713259322436,0.33215311004784687,0.8712627506155469,0.121204154068621,0,11029,,,0.0,0.0,0.0,0.0,1,1794,,
RBF_I,instance,severe,9913.0,821989827.0,,RBF_I__s9913,RBF_I__s9913__instance__severe,432.0,12000.0,12798,5529.0,2740.0,1,0.5708079590112902,False,600.0,confirmed,True,10450,0.3149282296650718,0.30859544952285844,2843,1220,0.4291241646148435,7607,4248,0.5584330222163797,,,0.03974674639465353,0.04193505981332983,hddm_w,learned_features,37.0,complete,results/per_dataset_study/integration_full_study/filters/runs/RBF_I/hddm_w/RBF_I__s9913__instance__severe/learned_features_seed_37,0.30859544952285844,0.3149282296650718,0.253253605346465,0.7332719863283818,0,10968,,,0.0,0.0,0.17587055926837847,-0.17483896411200206,1,1830,,
RBF_I,instance,severe,9913.0,821989827.0,,RBF_I__s9913,RBF_I__s9913__instance__severe,506.0,12000.0,10894,7303.0,0.0,0,0.5157094579772092,False,600.0,confirmed,True,10450,0.3465071770334928,0.33555287254549837,2843,1681,0.5912768202602884,7607,2935,0.3858288418561851,,,0.05100246218782976,0.047456290258972,hddm_w,learned_features,47.0,complete,results/per_dataset_study/integration_full_study/filters/runs/RBF_I/hddm_w/RBF_I__s9913__instance__severe/learned_features_seed_47,0.33555287254549837,0.3465071770334928,0.5912768202602884,0.3858288418561851,0,10894,,,0.0,0.0,0.0,0.0,0,0,,
RBF_I,instance,severe,9913.0,821989827.0,,RBF_I__s9913,RBF_I__s9913__instance__severe,482.0,12000.0,12724,8184.0,2721.0,1,0.5701333330071066,False,600.0,confirmed,True,10450,0.3257416267942584,0.3180091427650401,2843,1691,0.594794231445656,7607,2968,0.3901669514920468,,,0.049243756595145974,0.04495859077165768,hddm_w,learned_features,7.0,complete,results/per_dataset_study/integration_full_study/filters/runs/RBF_I/hddm_w/RBF_I__s9913__instance__severe/learned_features_seed_7,0.3180091427650401,0.3257416267942584,0.5089693985226873,0.47666622847377416,0,10918,,,0.0,0.0,0.08582483292296872,-0.08649927698172738,1,1806,,
RBF_I,instance,severe,9913.0,821989827.0,,RBF_I__s9913,RBF_I__s9913__instance__severe,,,13300,,,1,0.5707424999854993,,,confirmed,True,10450,0.3475598086124402,0.33479347114531915,2843,2286,0.8040801969750264,7607,1343,0.1765479163927961,,,0.0,0.0,hddm_w,none,,complete,results/per_dataset_study/integration_full_study/filters/runs/RBF_I/hddm_w/RBF_I__s9913__instance__severe/none,0.33479347114531915,0.3475598086124402,0.6211748153359128,0.35795977389246747,0,11400,,,0.0,0.0,0.18290538163911363,-0.18141185749967137,1,1900,,
RBF_I,clean,none,9913.0,,,RBF_I__s9913,RBF_I__s9913__clean__none,526.0,12000.0,10874,8125.0,0.0,0,0.5129463339981157,False,600.0,confirmed,True,10450,0.34373205741626794,0.34314078176050994,0,0,,10450,3275,0.3133971291866029,,,,0.05033492822966507,hellinger,learned_features_label,17.0,complete,results/per_dataset_study/integration_full_study/filters/runs/RBF_I/hellinger/RBF_I__s9913__clean__none/learned_features_label_seed_17,0.34314078176050994,0.34373205741626794,,0.3133971291866029,0,10874,,,0.0,0.0,,0.0,0,0,,
RBF_I,clean,none,9913.0,,,RBF_I__s9913,RBF_I__s9913__clean__none,623.0,12000.0,10777,8082.0,0.0,0,0.519134958012728,False,600.0,confirmed,True,10450,0.3605741626794258,0.3597064604073794,0,0,,10450,3318,0.317511961722488,,,,0.05961722488038278,hellinger,learned_features_label,27.0,complete,results/per_dataset_study/integration_full_study/filters/runs/RBF_I/hellinger/RBF_I__s9913__clean__none/learned_features_label_seed_27,0.3597064604073794,0.3605741626794258,,0.317511961722488,0,10777,,,0.0,0.0,,0.0,0,0,,
RBF_I,clean,none,9913.0,,,RBF_I__s9913,RBF_I__s9913__clean__none,553.0,12000.0,10847,7212.0,0.0,0,0.5186169579974376,False,600.0,confirmed,True,10450,0.3579904306220096,0.3564629595426841,0,0,,10450,4188,0.40076555023923444,,,,0.05291866028708134,hellinger,learned_features_label,37.0,complete,results/per_dataset_study/integration_full_study/filters/runs/RBF_I/hellinger/RBF_I__s9913__clean__none/learned_features_label_seed_37,0.3564629595426841,0.3579904306220096,,0.40076555023923444,0,10847,,,0.0,0.0,,0.0,0,0,,
RBF_I,clean,none,9913.0,,,RBF_I__s9913,RBF_I__s9913__clean__none,267.0,12000.0,11133,7420.0,0.0,0,0.5330318750056904,False,600.0,confirmed,True,10450,0.3615311004784689,0.35680041931428574,0,0,,10450,3980,0.38086124401913873,,,,0.02555023923444976,hellinger,learned_features_label,47.0,complete,results/per_dataset_study/integration_full_study/filters/runs/RBF_I/hellinger/RBF_I__s9913__clean__none/learned_features_label_seed_47,0.35680041931428574,0.3615311004784689,,0.38086124401913873,0,11133,,,0.0,0.0,,0.0,0,0,,
RBF_I,clean,none,9913.0,,,RBF_I__s9913,RBF_I__s9913__clean__none,856.0,12000.0,10544,7034.0,0.0,0,0.5114441660116427,False,600.0,confirmed,True,10450,0.36,0.3585786454748995,0,0,,10450,4366,0.41779904306220095,,,,0.08191387559808612,hellinger,learned_features_label,7.0,complete,results/per_dataset_study/integration_full_study/filters/runs/RBF_I/hellinger/RBF_I__s9913__clean__none/learned_features_label_seed_7,0.3585786454748995,0.36,,0.41779904306220095,0,10544,,,0.0,0.0,,0.0,0,0,,
RBF_I,clean,none,9913.0,,,RBF_I__s9913,RBF_I__s9913__clean__none,439.0,12000.0,10961,7318.0,0.0,0,0.5182444999809377,False,600.0,confirmed,True,10450,0.3605741626794258,0.355465162678697,0,0,,10450,4082,0.390622009569378,,,,0.04200956937799043,hellinger,learned_features,17.0,complete,results/per_dataset_study/integration_full_study/filters/runs/RBF_I/hellinger/RBF_I__s9913__clean__none/learned_features_seed_17,0.355465162678697,0.3605741626794258,,0.390622009569378,0,10961,,,0.0,0.0,,0.0,0,0,,
RBF_I,clean,none,9913.0,,,RBF_I__s9913,RBF_I__s9913__clean__none,371.0,12000.0,11029,8256.0,0.0,0,0.5225973329797853,False,600.0,confirmed,True,10450,0.3663157894736842,0.36144096192585556,0,0,,10450,3144,0.3008612440191388,,,,0.035502392344497605,hellinger,learned_features,27.0,complete,results/per_dataset_study/integration_full_study/filters/runs/RBF_I/hellinger/RBF_I__s9913__clean__none/learned_features_seed_27,0.36144096192585556,0.3663157894736842,,0.3008612440191388,0,11029,,,0.0,0.0,,0.0,0,0,,
RBF_I,clean,none,9913.0,,,RBF_I__s9913,RBF_I__s9913__clean__none,432.0,12000.0,10968,8266.0,0.0,0,0.5205819999973755,False,600.0,confirmed,True,10450,0.3616267942583732,0.35493437850764187,0,0,,10450,3134,0.2999043062200957,,,,0.04133971291866029,hellinger,learned_features,37.0,complete,results/per_dataset_study/integration_full_study/filters/runs/RBF_I/hellinger/RBF_I__s9913__clean__none/learned_features_seed_37,0.35493437850764187,0.3616267942583732,,0.2999043062200957,0,10968,,,0.0,0.0,,0.0,0,0,,
RBF_I,clean,none,9913.0,,,RBF_I__s9913,RBF_I__s9913__clean__none,506.0,12000.0,10894,7257.0,0.0,0,0.5105326250195503,False,600.0,confirmed,True,10450,0.3688038277511962,0.35674431850777466,0,0,,10450,4143,0.3964593301435407,,,,0.04842105263157895,hellinger,learned_features,47.0,complete,results/per_dataset_study/integration_full_study/filters/runs/RBF_I/hellinger/RBF_I__s9913__clean__none/learned_features_seed_47,0.35674431850777466,0.3688038277511962,,0.3964593301435407,0,10894,,,0.0,0.0,,0.0,0,0,,
RBF_I,clean,none,9913.0,,,RBF_I__s9913,RBF_I__s9913__clean__none,482.0,12000.0,10918,6404.0,0.0,0,0.5151564170082565,False,600.0,confirmed,True,10450,0.3497607655502392,0.3419532209227435,0,0,,10450,4996,0.4780861244019139,,,,0.046124401913875596,hellinger,learned_features,7.0,complete,results/per_dataset_study/integration_full_study/filters/runs/RBF_I/hellinger/RBF_I__s9913__clean__none/learned_features_seed_7,0.3419532209227435,0.3497607655502392,,0.4780861244019139,0,10918,,,0.0,0.0,,0.0,0,0,,
RBF_I,clean,none,9913.0,,,RBF_I__s9913,RBF_I__s9913__clean__none,,,11400,,,0,0.5142035000026226,,,confirmed,True,10450,0.3585645933014354,0.35235027949590225,0,0,,10450,3800,0.36363636363636365,,,,0.0,hellinger,none,,complete,results/per_dataset_study/integration_full_study/filters/runs/RBF_I/hellinger/RBF_I__s9913__clean__none/none,0.35235027949590225,0.3585645933014354,,0.36363636363636365,0,11400,,,0.0,0.0,,0.0,0,0,,
RBF_I,instance,severe,9913.0,821989827.0,,RBF_I__s9913,RBF_I__s9913__instance__severe,464.0,12000.0,10936,5462.0,0.0,0,0.5094177920254879,False,600.0,confirmed,True,10450,0.32813397129186606,0.3219467223801073,2843,1229,0.4322898346816743,7607,4324,0.5684238201656369,,,0.0253253605346465,0.051531484159326936,hellinger,learned_features_label,17.0,complete,results/per_dataset_study/integration_full_study/filters/runs/RBF_I/hellinger/RBF_I__s9913__instance__severe/learned_features_label_seed_17,0.3219467223801073,0.32813397129186606,0.4322898346816743,0.5684238201656369,0,10936,,,0.0,0.0,0.0,0.0,0,0,,
RBF_I,instance,severe,9913.0,821989827.0,,RBF_I__s9913,RBF_I__s9913__instance__severe,547.0,12000.0,10853,7267.0,0.0,0,0.5125740839866921,False,600.0,confirmed,True,10450,0.3171291866028708,0.30717855596068533,2843,1747,0.6144917340837144,7607,3037,0.39923754436703035,,,0.023566654941962716,0.06309977652162482,hellinger,learned_features_label,27.0,complete,results/per_dataset_study/integration_full_study/filters/runs/RBF_I/hellinger/RBF_I__s9913__instance__severe/learned_features_label_seed_27,0.30717855596068533,0.3171291866028708,0.6144917340837144,0.39923754436703035,0,10853,,,0.0,0.0,0.0,0.0,0,0,,
RBF_I,instance,severe,9913.0,821989827.0,,RBF_I__s9913,RBF_I__s9913__instance__severe,522.0,12000.0,10878,8148.0,0.0,0,0.5183186249923892,False,600.0,confirmed,True,10450,0.3199043062200957,0.3102599731657659,2843,2001,0.7038339781920506,7607,2410,0.31681346128565796,,,0.03200844178684488,0.05665834100170895,hellinger,learned_features_label,37.0,complete,results/per_dataset_study/integration_full_study/filters/runs/RBF_I/hellinger/RBF_I__s9913__instance__severe/learned_features_label_seed_37,0.3102599731657659,0.3199043062200957,0.7038339781920506,0.31681346128565796,0,10878,,,0.0,0.0,0.0,0.0,0,0,,
RBF_I,instance,severe,9913.0,821989827.0,,RBF_I__s9913,RBF_I__s9913__instance__severe,281.0,12000.0,11119,8340.0,0.0,0,0.5295865840162151,False,600.0,confirmed,True,10450,0.34497607655502394,0.33319936184077137,2843,1979,0.696095673584242,7607,2196,0.28868147758643353,,,0.02989799507562434,0.025765742079663468,hellinger,learned_features_label,47.0,complete,results/per_dataset_study/integration_full_study/filters/runs/RBF_I/hellinger/RBF_I__s9913__instance__severe/learned_features_label_seed_47,0.33319936184077137,0.34497607655502394,0.696095673584242,0.28868147758643353,0,11119,,,0.0,0.0,0.0,0.0,0,0,,
RBF_I,instance,severe,9913.0,821989827.0,,RBF_I__s9913,RBF_I__s9913__instance__severe,798.0,12000.0,10602,7075.0,0.0,0,0.5103163750027306,False,600.0,confirmed,True,10450,0.31808612440191386,0.308071793339295,2843,1735,0.6102708406612734,7607,3217,0.4228999605626397,,,0.05381639113612381,0.08479032470093335,hellinger,learned_features_label,7.0,complete,results/per_dataset_study/integration_full_study/filters/runs/RBF_I/hellinger/RBF_I__s9913__instance__severe/learned_features_label_seed_7,0.308071793339295,0.31808612440191386,0.6102708406612734,0.4228999605626397,0,10602,,,0.0,0.0,0.0,0.0,0,0,,
RBF_I,instance,severe,9913.0,821989827.0,,RBF_I__s9913,RBF_I__s9913__instance__severe,439.0,12000.0,10961,9128.0,0.0,0,0.5237754170084372,False,600.0,confirmed,True,10450,0.3390430622009569,0.32851690812876244,2843,2208,0.7766443897291594,7607,1637,0.21519652951229132,,,0.04502286317270489,0.04088339687130275,hellinger,learned_features,17.0,complete,results/per_dataset_study/integration_full_study/filters/runs/RBF_I/hellinger/RBF_I__s9913__instance__severe/learned_features_seed_17,0.32851690812876244,0.3390430622009569,0.7766443897291594,0.21519652951229132,0,10961,,,0.0,0.0,0.0,0.0,0,0,,
RBF_I,instance,severe,9913.0,821989827.0,,RBF_I__s9913,RBF_I__s9913__instance__severe,371.0,12000.0,11029,10112.0,0.0,0,0.5200532919843681,False,600.0,confirmed,True,10450,0.33215311004784687,0.31714713259322436,2843,2477,0.8712627506155469,7607,922,0.121204154068621,,,0.03341540626099191,0.03628237149993427,hellinger,learned_features,27.0,complete,results/per_dataset_study/integration_full_study/filters/runs/RBF_I/hellinger/RBF_I__s9913__instance__severe/learned_features_seed_27,0.31714713259322436,0.33215311004784687,0.8712627506155469,0.121204154068621,0,11029,,,0.0,0.0,0.0,0.0,0,0,,
RBF_I,instance,severe,9913.0,821989827.0,,RBF_I__s9913,RBF_I__s9913__instance__severe,432.0,12000.0,10968,3699.0,0.0,0,0.5200791250099428,False,600.0,confirmed,True,10450,0.3149282296650718,0.30859544952285844,2843,720,0.253253605346465,7607,5578,0.7332719863283818,,,0.03974674639465353,0.04193505981332983,hellinger,learned_features,37.0,complete,results/per_dataset_study/integration_full_study/filters/runs/RBF_I/hellinger/RBF_I__s9913__instance__severe/learned_features_seed_37,0.30859544952285844,0.3149282296650718,0.253253605346465,0.7332719863283818,0,10968,,,0.0,0.0,0.0,0.0,0,0,,
RBF_I,instance,severe,9913.0,821989827.0,,RBF_I__s9913,RBF_I__s9913__instance__severe,506.0,12000.0,10894,7303.0,0.0,0,0.5107340419781394,False,600.0,confirmed,True,10450,0.3465071770334928,0.33555287254549837,2843,1681,0.5912768202602884,7607,2935,0.3858288418561851,,,0.05100246218782976,0.047456290258972,hellinger,learned_features,47.0,complete,results/per_dataset_study/integration_full_study/filters/runs/RBF_I/hellinger/RBF_I__s9913__instance__severe/learned_features_seed_47,0.33555287254549837,0.3465071770334928,0.5912768202602884,0.3858288418561851,0,10894,,,0.0,0.0,0.0,0.0,0,0,,
RBF_I,instance,severe,9913.0,821989827.0,,RBF_I__s9913,RBF_I__s9913__instance__severe,482.0,12000.0,10918,6378.0,0.0,0,0.5104752920160536,False,600.0,confirmed,True,10450,0.3257416267942584,0.3180091427650401,2843,1447,0.5089693985226873,7607,3626,0.47666622847377416,,,0.049243756595145974,0.04495859077165768,hellinger,learned_features,7.0,complete,results/per_dataset_study/integration_full_study/filters/runs/RBF_I/hellinger/RBF_I__s9913__instance__severe/learned_features_seed_7,0.3180091427650401,0.3257416267942584,0.5089693985226873,0.47666622847377416,0,10918,,,0.0,0.0,0.0,0.0,0,0,,
RBF_I,instance,severe,9913.0,821989827.0,,RBF_I__s9913,RBF_I__s9913__instance__severe,,,11400,,,0,0.5227177499909885,,,confirmed,True,10450,0.3475598086124402,0.33479347114531915,2843,1766,0.6211748153359128,7607,2723,0.35795977389246747,,,0.0,0.0,hellinger,none,,complete,results/per_dataset_study/integration_full_study/filters/runs/RBF_I/hellinger/RBF_I__s9913__instance__severe/none,0.33479347114531915,0.3475598086124402,0.6211748153359128,0.35795977389246747,0,11400,,,0.0,0.0,0.0,0.0,0,0,,
SEA_A,clean,none,9913.0,,,SEA_A__s9913,SEA_A__s9913__clean__none,490.0,12000.0,10910,9080.0,0.0,0,0.15483604100882076,False,600.0,confirmed,True,10450,0.8972248803827751,0.8869817309839534,0,0,,10450,2320,0.22200956937799043,,,,0.04688995215311005,adwin,learned_features_label,17.0,complete,results/per_dataset_study/integration_full_study/filters/runs/SEA_A/adwin/SEA_A__s9913__clean__none/learned_features_label_seed_17,0.8869817309839534,0.8972248803827751,,0.22200956937799043,0,10910,,,0.0,0.0,,0.0,0,0,,
SEA_A,clean,none,9913.0,,,SEA_A__s9913,SEA_A__s9913__clean__none,486.0,12000.0,10914,9098.0,0.0,0,0.15072599999257363,False,600.0,confirmed,True,10450,0.9006698564593302,0.8909626337507335,0,0,,10450,2302,0.22028708133971292,,,,0.04650717703349282,adwin,learned_features_label,27.0,complete,results/per_dataset_study/integration_full_study/filters/runs/SEA_A/adwin/SEA_A__s9913__clean__none/learned_features_label_seed_27,0.8909626337507335,0.9006698564593302,,0.22028708133971292,0,10914,,,0.0,0.0,,0.0,0,0,,
SEA_A,clean,none,9913.0,,,SEA_A__s9913,SEA_A__s9913__clean__none,447.0,12000.0,10953,9133.0,0.0,0,0.15318749999278225,False,600.0,confirmed,True,10450,0.8998086124401914,0.8900928749185163,0,0,,10450,2267,0.2169377990430622,,,,0.04277511961722488,adwin,learned_features_label,37.0,complete,results/per_dataset_study/integration_full_study/filters/runs/SEA_A/adwin/SEA_A__s9913__clean__none/learned_features_label_seed_37,0.8900928749185163,0.8998086124401914,,0.2169377990430622,0,10953,,,0.0,0.0,,0.0,0,0,,
SEA_A,clean,none,9913.0,,,SEA_A__s9913,SEA_A__s9913__clean__none,523.0,12000.0,10877,9065.0,0.0,0,0.15531158301746473,False,600.0,confirmed,True,10450,0.895023923444976,0.8840941208334854,0,0,,10450,2335,0.22344497607655503,,,,0.050047846889952154,adwin,learned_features_label,47.0,complete,results/per_dataset_study/integration_full_study/filters/runs/SEA_A/adwin/SEA_A__s9913__clean__none/learned_features_label_seed_47,0.8840941208334854,0.895023923444976,,0.22344497607655503,0,10877,,,0.0,0.0,,0.0,0,0,,
SEA_A,clean,none,9913.0,,,SEA_A__s9913,SEA_A__s9913__clean__none,503.0,12000.0,10897,9086.0,0.0,0,0.1508894999860786,False,600.0,confirmed,True,10450,0.8926315789473684,0.8815829771164045,0,0,,10450,2314,0.2214354066985646,,,,0.04813397129186603,adwin,learned_features_label,7.0,complete,results/per_dataset_study/integration_full_study/filters/runs/SEA_A/adwin/SEA_A__s9913__clean__none/learned_features_label_seed_7,0.8815829771164045,0.8926315789473684,,0.2214354066985646,0,10897,,,0.0,0.0,,0.0,0,0,,
SEA_A,clean,none,9913.0,,,SEA_A__s9913,SEA_A__s9913__clean__none,514.0,12000.0,12700,10890.0,2711.0,1,0.16335195800638758,False,600.0,confirmed,True,10450,0.8840191387559808,0.8715997566909975,0,0,,10450,2324,0.22239234449760767,,,,0.049186602870813396,adwin,learned_features,17.0,complete,results/per_dataset_study/integration_full_study/filters/runs/SEA_A/adwin/SEA_A__s9913__clean__none/learned_features_seed_17,0.8739172373003834,0.885933014354067,,0.13569377990430623,0,10886,,,-0.002317480609385858,-0.001913875598086201,,0.08669856459330144,1,1814,,
SEA_A,clean,none,9913.0,,,SEA_A__s9913,SEA_A__s9913__clean__none,465.0,12000.0,10935,7303.0,0.0,0,0.1501236250041984,False,600.0,confirmed,True,10450,0.8941626794258373,0.884264864139766,0,0,,10450,4097,0.3920574162679426,,,,0.04449760765550239,adwin,learned_features,27.0,complete,results/per_dataset_study/integration_full_study/filters/runs/SEA_A/adwin/SEA_A__s9913__clean__none/learned_features_seed_27,0.884264864139766,0.8941626794258373,,0.3920574162679426,0,10935,,,0.0,0.0,,0.0,0,0,,
SEA_A,clean,none,9913.0,,,SEA_A__s9913,SEA_A__s9913__clean__none,465.0,12000.0,12739,9123.0,2711.0,1,0.16200862498953938,False,600.0,confirmed,True,10450,0.8866985645933014,0.8753905074654308,0,0,,10450,3181,0.30440191387559806,,,,0.04449760765550239,adwin,learned_features,37.0,complete,results/per_dataset_study/integration_full_study/filters/runs/SEA_A/adwin/SEA_A__s9913__clean__none/learned_features_seed_37,0.8774234494463453,0.888133971291866,,0.303444976076555,0,10935,,,-0.0020329419809145266,-0.0014354066985645675,,0.000956937799043045,1,1804,,
SEA_A,clean,none,9913.0,,,SEA_A__s9913,SEA_A__s9913__clean__none,522.0,12000.0,12684,9062.0,2714.0,1,0.16016329199192114,False,600.0,confirmed,True,10450,0.8841148325358852,0.872049207228214,0,0,,10450,3236,0.3096650717703349,,,,0.049952153110047845,adwin,learned_features,47.0,complete,results/per_dataset_study/integration_full_study/filters/runs/SEA_A/adwin/SEA_A__s9913__clean__none/learned_features_seed_47,0.8722328795198342,0.8839234449760766,,0.31023923444976076,0,10878,,,-0.00018367229162019605,0.0001913875598086312,,-0.0005741626794258381,1,1806,,
SEA_A,clean,none,9913.0,,,SEA_A__s9913,SEA_A__s9913__clean__none,405.0,12000.0,12811,7346.0,0.0,0,0.16478858300251886,False,600.0,confirmed,True,10450,0.8895693779904307,0.8791084268282433,0,0,,10450,4054,0.3879425837320574,,,,0.038755980861244016,adwin,learned_features,7.0,complete,results/per_dataset_study/integration_full_study/filters/runs/SEA_A/adwin/SEA_A__s9913__clean__none/learned_features_seed_7,0.8769067992942401,0.8876555023923445,,0.30076555023923446,0,10995,,,0.0022016275340032143,0.001913875598086201,,0.08717703349282296,0,1816,,
SEA_A,clean,none,9913.0,,,SEA_A__s9913,SEA_A__s9913__clean__none,,,13300,,,1,0.16069399999105372,,,confirmed,True,10450,0.8664114832535885,0.8503867963132563,0,0,,10450,1900,0.18181818181818182,,,,0.0,adwin,none,,complete,results/per_dataset_study/integration_full_study/filters/runs/SEA_A/adwin/SEA_A__s9913__clean__none/none,0.8504588885535898,0.8669856459330143,,0.18181818181818182,0,11400,,,-7.209224033344341e-05,-0.0005741626794257826,,0.0,1,1900,,
SEA_A,instance,severe,9913.0,553344547.0,,SEA_A__s9913,SEA_A__s9913__instance__severe,2305.0,12000.0,9095,7592.0,0.0,0,0.13961949999793433,False,600.0,confirmed,True,10450,0.8899521531100478,0.8790148057084998,2864,753,0.2629189944134078,7586,1697,0.2237015554969681,,,0.6833100558659218,0.04587397838122858,adwin,learned_features_label,17.0,complete,results/per_dataset_study/integration_full_study/filters/runs/SEA_A/adwin/SEA_A__s9913__instance__severe/learned_features_label_seed_17,0.8790148057084998,0.8899521531100478,0.2629189944134078,0.2237015554969681,0,9095,,,0.0,0.0,0.0,0.0,0,0,,
SEA_A,instance,severe,9913.0,553344547.0,,SEA_A__s9913,SEA_A__s9913__instance__severe,2292.0,12000.0,9108,7608.0,0.0,0,0.14113416700274684,False,600.0,confirmed,True,10450,0.8818181818181818,0.8688940201969089,2864,763,0.26641061452513964,7586,1691,0.22291062483522278,,,0.6766759776536313,0.0466649090429739,adwin,learned_features_label,27.0,complete,results/per_dataset_study/integration_full_study/filters/runs/SEA_A/adwin/SEA_A__s9913__instance__severe/learned_features_label_seed_27,0.8688940201969089,0.8818181818181818,0.26641061452513964,0.22291062483522278,0,9108,,,0.0,0.0,0.0,0.0,0,0,,
SEA_A,instance,severe,9913.0,553344547.0,,SEA_A__s9913,SEA_A__s9913__instance__severe,2205.0,12000.0,9195,9195.0,0.0,0,0.13811879101558588,False,600.0,confirmed,True,10450,0.8823923444976076,0.869755817193372,2864,992,0.3463687150837989,7586,333,0.04389665172686528,,,0.6536312849162011,0.04389665172686528,adwin,learned_features_label,37.0,complete,results/per_dataset_study/integration_full_study/filters/runs/SEA_A/adwin/SEA_A__s9913__instance__severe/learned_features_label_seed_37,0.869755817193372,0.8823923444976076,0.3463687150837989,0.04389665172686528,0,9195,,,0.0,0.0,0.0,0.0,0,0,,
SEA_A,instance,severe,9913.0,553344547.0,,SEA_A__s9913,SEA_A__s9913__instance__severe,2344.0,12000.0,9056,7588.0,0.0,0,0.14285204201587476,False,600.0,confirmed,True,10450,0.8943540669856459,0.8844316692327148,2864,747,0.2608240223463687,7586,1695,0.22343791194305299,,,0.6864525139664804,0.04982863168995518,adwin,learned_features_label,47.0,complete,results/per_dataset_study/integration_full_study/filters/runs/SEA_A/adwin/SEA_A__s9913__instance__severe/learned_features_label_seed_47,0.8844316692327148,0.8943540669856459,0.2608240223463687,0.22343791194305299,0,9056,,,0.0,0.0,0.0,0.0,0,0,,
SEA_A,instance,severe,9913.0,553344547.0,,SEA_A__s9913,SEA_A__s9913__instance__severe,2277.0,12000.0,9123,8375.0,0.0,0,0.13690058299107477,False,600.0,confirmed,True,10450,0.889090909090909,0.8779207810086462,2864,876,0.3058659217877095,7586,1037,0.13669918270498285,,,0.6672486033519553,0.04824677036646454,adwin,learned_features_label,7.0,complete,results/per_dataset_study/integration_full_study/filters/runs/SEA_A/adwin/SEA_A__s9913__instance__severe/learned_features_label_seed_7,0.8779207810086462,0.889090909090909,0.3058659217877095,0.13669918270498285,0,9123,,,0.0,0.0,0.0,0.0,0,0,,
SEA_A,instance,severe,9913.0,553344547.0,,SEA_A__s9913,SEA_A__s9913__instance__severe,514.0,12000.0,10886,9982.0,0.0,0,0.14975883302395232,False,600.0,confirmed,True,10450,0.8719617224880383,0.8569819399615665,2864,2452,0.8561452513966481,7586,1006,0.13261270761929872,,,0.05377094972067039,0.04745583970471922,adwin,learned_features,17.0,complete,results/per_dataset_study/integration_full_study/filters/runs/SEA_A/adwin/SEA_A__s9913__instance__severe/learned_features_seed_17,0.8569819399615665,0.8719617224880383,0.8561452513966481,0.13261270761929872,0,10886,,,0.0,0.0,0.0,0.0,0,0,,
SEA_A,instance,severe,9913.0,553344547.0,,SEA_A__s9913,SEA_A__s9913__instance__severe,465.0,12000.0,10935,10025.0,0.0,0,0.1534221250039991,False,600.0,confirmed,True,10450,0.8801913875598086,0.8678114587300654,2864,2475,0.8641759776536313,7586,986,0.12997627208014764,,,0.04504189944134078,0.04429211705773794,adwin,learned_features,27.0,complete,results/per_dataset_study/integration_full_study/filters/runs/SEA_A/adwin/SEA_A__s9913__instance__severe/learned_features_seed_27,0.8678114587300654,0.8801913875598086,0.8641759776536313,0.12997627208014764,0,10935,,,0.0,0.0,0.0,0.0,0,0,,
SEA_A,instance,severe,9913.0,553344547.0,,SEA_A__s9913,SEA_A__s9913__instance__severe,465.0,12000.0,10935,10032.0,0.0,0,0.1555722920165863,False,600.0,confirmed,True,10450,0.871578947368421,0.8565543822334993,2864,2463,0.859986033519553,7586,967,0.12747165831795412,,,0.04993016759776536,0.04244661218033219,adwin,learned_features,37.0,complete,results/per_dataset_study/integration_full_study/filters/runs/SEA_A/adwin/SEA_A__s9913__instance__severe/learned_features_seed_37,0.8565543822334993,0.871578947368421,0.859986033519553,0.12747165831795412,0,10935,,,0.0,0.0,0.0,0.0,0,0,,
SEA_A,instance,severe,9913.0,553344547.0,,SEA_A__s9913,SEA_A__s9913__instance__severe,522.0,12000.0,10878,9078.0,0.0,0,0.1560765840113163,False,600.0,confirmed,True,10450,0.8806698564593302,0.8676905895322073,2864,2207,0.7706005586592178,7586,1665,0.21948325863432638,,,0.05097765363128492,0.04956498813604007,adwin,learned_features,47.0,complete,results/per_dataset_study/integration_full_study/filters/runs/SEA_A/adwin/SEA_A__s9913__instance__severe/learned_features_seed_47,0.8676905895322073,0.8806698564593302,0.7706005586592178,0.21948325863432638,0,10878,,,0.0,0.0,0.0,0.0,0,0,,
SEA_A,instance,severe,9913.0,553344547.0,,SEA_A__s9913,SEA_A__s9913__instance__severe,405.0,12000.0,10995,7339.0,0.0,0,0.15146458300296217,False,600.0,confirmed,True,10450,0.8711004784688995,0.8562084247092872,2864,1769,0.6176675977653632,7586,2966,0.39098339045610336,,,0.03840782122905028,0.038887424202478246,adwin,learned_features,7.0,complete,results/per_dataset_study/integration_full_study/filters/runs/SEA_A/adwin/SEA_A__s9913__instance__severe/learned_features_seed_7,0.8562084247092872,0.8711004784688995,0.6176675977653632,0.39098339045610336,0,10995,,,0.0,0.0,0.0,0.0,0,0,,
SEA_A,instance,severe,9913.0,553344547.0,,SEA_A__s9913,SEA_A__s9913__instance__severe,,,11400,,,0,0.15838020798400976,,,confirmed,True,10450,0.8819138755980861,0.8699628490637281,2864,2593,0.9053770949720671,7586,679,0.08950698655417876,,,0.0,0.0,adwin,none,,complete,results/per_dataset_study/integration_full_study/filters/runs/SEA_A/adwin/SEA_A__s9913__instance__severe/none,0.8699628490637281,0.8819138755980861,0.9053770949720671,0.08950698655417876,0,11400,,,0.0,0.0,0.0,0.0,0,0,,
SEA_A,clean,none,9913.0,,,SEA_A__s9913,SEA_A__s9913__clean__none,490.0,12000.0,10910,9080.0,0.0,0,0.16398541699163616,False,600.0,confirmed,True,10450,0.8972248803827751,0.8869817309839534,0,0,,10450,2320,0.22200956937799043,,,,0.04688995215311005,d3_oof,learned_features_label,17.0,complete,results/per_dataset_study/integration_full_study/filters/runs/SEA_A/d3_oof/SEA_A__s9913__clean__none/learned_features_label_seed_17,0.8869817309839534,0.8972248803827751,,0.22200956937799043,0,10910,,,0.0,0.0,,0.0,0,0,,
SEA_A,clean,none,9913.0,,,SEA_A__s9913,SEA_A__s9913__clean__none,486.0,12000.0,10914,9098.0,0.0,0,0.16621758401743136,False,600.0,confirmed,True,10450,0.9006698564593302,0.8909626337507335,0,0,,10450,2302,0.22028708133971292,,,,0.04650717703349282,d3_oof,learned_features_label,27.0,complete,results/per_dataset_study/integration_full_study/filters/runs/SEA_A/d3_oof/SEA_A__s9913__clean__none/learned_features_label_seed_27,0.8909626337507335,0.9006698564593302,,0.22028708133971292,0,10914,,,0.0,0.0,,0.0,0,0,,
SEA_A,clean,none,9913.0,,,SEA_A__s9913,SEA_A__s9913__clean__none,447.0,12000.0,10953,9133.0,0.0,0,0.1720982079859823,False,600.0,confirmed,True,10450,0.8998086124401914,0.8900928749185163,0,0,,10450,2267,0.2169377990430622,,,,0.04277511961722488,d3_oof,learned_features_label,37.0,complete,results/per_dataset_study/integration_full_study/filters/runs/SEA_A/d3_oof/SEA_A__s9913__clean__none/learned_features_label_seed_37,0.8900928749185163,0.8998086124401914,,0.2169377990430622,0,10953,,,0.0,0.0,,0.0,0,0,,
SEA_A,clean,none,9913.0,,,SEA_A__s9913,SEA_A__s9913__clean__none,523.0,12000.0,10877,9065.0,0.0,0,0.17090999998617917,False,600.0,confirmed,True,10450,0.895023923444976,0.8840941208334854,0,0,,10450,2335,0.22344497607655503,,,,0.050047846889952154,d3_oof,learned_features_label,47.0,complete,results/per_dataset_study/integration_full_study/filters/runs/SEA_A/d3_oof/SEA_A__s9913__clean__none/learned_features_label_seed_47,0.8840941208334854,0.895023923444976,,0.22344497607655503,0,10877,,,0.0,0.0,,0.0,0,0,,
SEA_A,clean,none,9913.0,,,SEA_A__s9913,SEA_A__s9913__clean__none,503.0,12000.0,10897,9086.0,0.0,0,0.16987320900079794,False,600.0,confirmed,True,10450,0.8926315789473684,0.8815829771164045,0,0,,10450,2314,0.2214354066985646,,,,0.04813397129186603,d3_oof,learned_features_label,7.0,complete,results/per_dataset_study/integration_full_study/filters/runs/SEA_A/d3_oof/SEA_A__s9913__clean__none/learned_features_label_seed_7,0.8815829771164045,0.8926315789473684,,0.2214354066985646,0,10897,,,0.0,0.0,,0.0,0,0,,
SEA_A,clean,none,9913.0,,,SEA_A__s9913,SEA_A__s9913__clean__none,514.0,12000.0,10886,9982.0,0.0,0,0.16167591698467731,False,600.0,confirmed,True,10450,0.885933014354067,0.8739172373003834,0,0,,10450,1418,0.13569377990430623,,,,0.049186602870813396,d3_oof,learned_features,17.0,complete,results/per_dataset_study/integration_full_study/filters/runs/SEA_A/d3_oof/SEA_A__s9913__clean__none/learned_features_seed_17,0.8739172373003834,0.885933014354067,,0.13569377990430623,0,10886,,,0.0,0.0,,0.0,0,0,,
SEA_A,clean,none,9913.0,,,SEA_A__s9913,SEA_A__s9913__clean__none,465.0,12000.0,10935,7303.0,0.0,0,0.16255754200392403,False,600.0,confirmed,True,10450,0.8941626794258373,0.884264864139766,0,0,,10450,4097,0.3920574162679426,,,,0.04449760765550239,d3_oof,learned_features,27.0,complete,results/per_dataset_study/integration_full_study/filters/runs/SEA_A/d3_oof/SEA_A__s9913__clean__none/learned_features_seed_27,0.884264864139766,0.8941626794258373,,0.3920574162679426,0,10935,,,0.0,0.0,,0.0,0,0,,
SEA_A,clean,none,9913.0,,,SEA_A__s9913,SEA_A__s9913__clean__none,465.0,12000.0,10935,8229.0,0.0,0,0.16352779199951328,False,600.0,confirmed,True,10450,0.888133971291866,0.8774234494463453,0,0,,10450,3171,0.303444976076555,,,,0.04449760765550239,d3_oof,learned_features,37.0,complete,results/per_dataset_study/integration_full_study/filters/runs/SEA_A/d3_oof/SEA_A__s9913__clean__none/learned_features_seed_37,0.8774234494463453,0.888133971291866,,0.303444976076555,0,10935,,,0.0,0.0,,0.0,0,0,,
SEA_A,clean,none,9913.0,,,SEA_A__s9913,SEA_A__s9913__clean__none,522.0,12000.0,10878,8158.0,0.0,0,0.1683767079957761,False,600.0,confirmed,True,10450,0.8839234449760766,0.8722328795198342,0,0,,10450,3242,0.31023923444976076,,,,0.049952153110047845,d3_oof,learned_features,47.0,complete,results/per_dataset_study/integration_full_study/filters/runs/SEA_A/d3_oof/SEA_A__s9913__clean__none/learned_features_seed_47,0.8722328795198342,0.8839234449760766,,0.31023923444976076,0,10878,,,0.0,0.0,,0.0,0,0,,
SEA_A,clean,none,9913.0,,,SEA_A__s9913,SEA_A__s9913__clean__none,405.0,12000.0,10995,8257.0,0.0,0,0.16336083400528878,False,600.0,confirmed,True,10450,0.8876555023923445,0.8769067992942401,0,0,,10450,3143,0.30076555023923446,,,,0.038755980861244016,d3_oof,learned_features,7.0,complete,results/per_dataset_study/integration_full_study/filters/runs/SEA_A/d3_oof/SEA_A__s9913__clean__none/learned_features_seed_7,0.8769067992942401,0.8876555023923445,,0.30076555023923446,0,10995,,,0.0,0.0,,0.0,0,0,,
SEA_A,clean,none,9913.0,,,SEA_A__s9913,SEA_A__s9913__clean__none,,,11400,,,0,0.15681524999672547,,,confirmed,True,10450,0.8669856459330143,0.8504588885535898,0,0,,10450,1900,0.18181818181818182,,,,0.0,d3_oof,none,,complete,results/per_dataset_study/integration_full_study/filters/runs/SEA_A/d3_oof/SEA_A__s9913__clean__none/none,0.8504588885535898,0.8669856459330143,,0.18181818181818182,0,11400,,,0.0,0.0,,0.0,0,0,,
SEA_A,instance,severe,9913.0,553344547.0,,SEA_A__s9913,SEA_A__s9913__instance__severe,2305.0,12000.0,9095,7592.0,0.0,0,0.1479812920151744,False,600.0,confirmed,True,10450,0.8899521531100478,0.8790148057084998,2864,753,0.2629189944134078,7586,1697,0.2237015554969681,,,0.6833100558659218,0.04587397838122858,d3_oof,learned_features_label,17.0,complete,results/per_dataset_study/integration_full_study/filters/runs/SEA_A/d3_oof/SEA_A__s9913__instance__severe/learned_features_label_seed_17,0.8790148057084998,0.8899521531100478,0.2629189944134078,0.2237015554969681,0,9095,,,0.0,0.0,0.0,0.0,0,0,,
SEA_A,instance,severe,9913.0,553344547.0,,SEA_A__s9913,SEA_A__s9913__instance__severe,2292.0,12000.0,9108,7608.0,0.0,0,0.14762850000988692,False,600.0,confirmed,True,10450,0.8818181818181818,0.8688940201969089,2864,763,0.26641061452513964,7586,1691,0.22291062483522278,,,0.6766759776536313,0.0466649090429739,d3_oof,learned_features_label,27.0,complete,results/per_dataset_study/integration_full_study/filters/runs/SEA_A/d3_oof/SEA_A__s9913__instance__severe/learned_features_label_seed_27,0.8688940201969089,0.8818181818181818,0.26641061452513964,0.22291062483522278,0,9108,,,0.0,0.0,0.0,0.0,0,0,,
SEA_A,instance,severe,9913.0,553344547.0,,SEA_A__s9913,SEA_A__s9913__instance__severe,2205.0,12000.0,9195,9195.0,0.0,0,0.14826416701544076,False,600.0,confirmed,True,10450,0.8823923444976076,0.869755817193372,2864,992,0.3463687150837989,7586,333,0.04389665172686528,,,0.6536312849162011,0.04389665172686528,d3_oof,learned_features_label,37.0,complete,results/per_dataset_study/integration_full_study/filters/runs/SEA_A/d3_oof/SEA_A__s9913__instance__severe/learned_features_label_seed_37,0.869755817193372,0.8823923444976076,0.3463687150837989,0.04389665172686528,0,9195,,,0.0,0.0,0.0,0.0,0,0,,
SEA_A,instance,severe,9913.0,553344547.0,,SEA_A__s9913,SEA_A__s9913__instance__severe,2344.0,12000.0,9056,7588.0,0.0,0,0.14774629200110212,False,600.0,confirmed,True,10450,0.8943540669856459,0.8844316692327148,2864,747,0.2608240223463687,7586,1695,0.22343791194305299,,,0.6864525139664804,0.04982863168995518,d3_oof,learned_features_label,47.0,complete,results/per_dataset_study/integration_full_study/filters/runs/SEA_A/d3_oof/SEA_A__s9913__instance__severe/learned_features_label_seed_47,0.8844316692327148,0.8943540669856459,0.2608240223463687,0.22343791194305299,0,9056,,,0.0,0.0,0.0,0.0,0,0,,
SEA_A,instance,severe,9913.0,553344547.0,,SEA_A__s9913,SEA_A__s9913__instance__severe,2277.0,12000.0,9123,8375.0,0.0,0,0.1565107079804875,False,600.0,confirmed,True,10450,0.889090909090909,0.8779207810086462,2864,876,0.3058659217877095,7586,1037,0.13669918270498285,,,0.6672486033519553,0.04824677036646454,d3_oof,learned_features_label,7.0,complete,results/per_dataset_study/integration_full_study/filters/runs/SEA_A/d3_oof/SEA_A__s9913__instance__severe/learned_features_label_seed_7,0.8779207810086462,0.889090909090909,0.3058659217877095,0.13669918270498285,0,9123,,,0.0,0.0,0.0,0.0,0,0,,
SEA_A,instance,severe,9913.0,553344547.0,,SEA_A__s9913,SEA_A__s9913__instance__severe,514.0,12000.0,10886,9982.0,0.0,0,0.1746669170097448,False,600.0,confirmed,True,10450,0.8719617224880383,0.8569819399615665,2864,2452,0.8561452513966481,7586,1006,0.13261270761929872,,,0.05377094972067039,0.04745583970471922,d3_oof,learned_features,17.0,complete,results/per_dataset_study/integration_full_study/filters/runs/SEA_A/d3_oof/SEA_A__s9913__instance__severe/learned_features_seed_17,0.8569819399615665,0.8719617224880383,0.8561452513966481,0.13261270761929872,0,10886,,,0.0,0.0,0.0,0.0,0,0,,
SEA_A,instance,severe,9913.0,553344547.0,,SEA_A__s9913,SEA_A__s9913__instance__severe,465.0,12000.0,10935,10025.0,0.0,0,0.17022487497888505,False,600.0,confirmed,True,10450,0.8801913875598086,0.8678114587300654,2864,2475,0.8641759776536313,7586,986,0.12997627208014764,,,0.04504189944134078,0.04429211705773794,d3_oof,learned_features,27.0,complete,results/per_dataset_study/integration_full_study/filters/runs/SEA_A/d3_oof/SEA_A__s9913__instance__severe/learned_features_seed_27,0.8678114587300654,0.8801913875598086,0.8641759776536313,0.12997627208014764,0,10935,,,0.0,0.0,0.0,0.0,0,0,,
SEA_A,instance,severe,9913.0,553344547.0,,SEA_A__s9913,SEA_A__s9913__instance__severe,465.0,12000.0,10935,10032.0,0.0,0,0.17340816598152742,False,600.0,confirmed,True,10450,0.871578947368421,0.8565543822334993,2864,2463,0.859986033519553,7586,967,0.12747165831795412,,,0.04993016759776536,0.04244661218033219,d3_oof,learned_features,37.0,complete,results/per_dataset_study/integration_full_study/filters/runs/SEA_A/d3_oof/SEA_A__s9913__instance__severe/learned_features_seed_37,0.8565543822334993,0.871578947368421,0.859986033519553,0.12747165831795412,0,10935,,,0.0,0.0,0.0,0.0,0,0,,
SEA_A,instance,severe,9913.0,553344547.0,,SEA_A__s9913,SEA_A__s9913__instance__severe,522.0,12000.0,10878,9078.0,0.0,0,0.18171695800265297,False,600.0,confirmed,True,10450,0.8806698564593302,0.8676905895322073,2864,2207,0.7706005586592178,7586,1665,0.21948325863432638,,,0.05097765363128492,0.04956498813604007,d3_oof,learned_features,47.0,complete,results/per_dataset_study/integration_full_study/filters/runs/SEA_A/d3_oof/SEA_A__s9913__instance__severe/learned_features_seed_47,0.8676905895322073,0.8806698564593302,0.7706005586592178,0.21948325863432638,0,10878,,,0.0,0.0,0.0,0.0,0,0,,
SEA_A,instance,severe,9913.0,553344547.0,,SEA_A__s9913,SEA_A__s9913__instance__severe,405.0,12000.0,10995,7339.0,0.0,0,0.17598645799444057,False,600.0,confirmed,True,10450,0.8711004784688995,0.8562084247092872,2864,1769,0.6176675977653632,7586,2966,0.39098339045610336,,,0.03840782122905028,0.038887424202478246,d3_oof,learned_features,7.0,complete,results/per_dataset_study/integration_full_study/filters/runs/SEA_A/d3_oof/SEA_A__s9913__instance__severe/learned_features_seed_7,0.8562084247092872,0.8711004784688995,0.6176675977653632,0.39098339045610336,0,10995,,,0.0,0.0,0.0,0.0,0,0,,
SEA_A,instance,severe,9913.0,553344547.0,,SEA_A__s9913,SEA_A__s9913__instance__severe,,,11400,,,0,0.1646094999741763,,,confirmed,True,10450,0.8819138755980861,0.8699628490637281,2864,2593,0.9053770949720671,7586,679,0.08950698655417876,,,0.0,0.0,d3_oof,none,,complete,results/per_dataset_study/integration_full_study/filters/runs/SEA_A/d3_oof/SEA_A__s9913__instance__severe/none,0.8699628490637281,0.8819138755980861,0.9053770949720671,0.08950698655417876,0,11400,,,0.0,0.0,0.0,0.0,0,0,,
SEA_A,clean,none,9913.0,,,SEA_A__s9913,SEA_A__s9913__clean__none,490.0,12000.0,10910,9080.0,0.0,0,0.16602191599668004,False,600.0,confirmed,True,10450,0.8972248803827751,0.8869817309839534,0,0,,10450,2320,0.22200956937799043,,,,0.04688995215311005,hddm_w,learned_features_label,17.0,complete,results/per_dataset_study/integration_full_study/filters/runs/SEA_A/hddm_w/SEA_A__s9913__clean__none/learned_features_label_seed_17,0.8869817309839534,0.8972248803827751,,0.22200956937799043,0,10910,,,0.0,0.0,,0.0,0,0,,
SEA_A,clean,none,9913.0,,,SEA_A__s9913,SEA_A__s9913__clean__none,486.0,12000.0,10914,9098.0,0.0,0,0.165493125008652,False,600.0,confirmed,True,10450,0.9006698564593302,0.8909626337507335,0,0,,10450,2302,0.22028708133971292,,,,0.04650717703349282,hddm_w,learned_features_label,27.0,complete,results/per_dataset_study/integration_full_study/filters/runs/SEA_A/hddm_w/SEA_A__s9913__clean__none/learned_features_label_seed_27,0.8909626337507335,0.9006698564593302,,0.22028708133971292,0,10914,,,0.0,0.0,,0.0,0,0,,
SEA_A,clean,none,9913.0,,,SEA_A__s9913,SEA_A__s9913__clean__none,447.0,12000.0,10953,9133.0,0.0,0,0.16540529200574383,False,600.0,confirmed,True,10450,0.8998086124401914,0.8900928749185163,0,0,,10450,2267,0.2169377990430622,,,,0.04277511961722488,hddm_w,learned_features_label,37.0,complete,results/per_dataset_study/integration_full_study/filters/runs/SEA_A/hddm_w/SEA_A__s9913__clean__none/learned_features_label_seed_37,0.8900928749185163,0.8998086124401914,,0.2169377990430622,0,10953,,,0.0,0.0,,0.0,0,0,,
SEA_A,clean,none,9913.0,,,SEA_A__s9913,SEA_A__s9913__clean__none,523.0,12000.0,10877,9065.0,0.0,0,0.16070612499606796,False,600.0,confirmed,True,10450,0.895023923444976,0.8840941208334854,0,0,,10450,2335,0.22344497607655503,,,,0.050047846889952154,hddm_w,learned_features_label,47.0,complete,results/per_dataset_study/integration_full_study/filters/runs/SEA_A/hddm_w/SEA_A__s9913__clean__none/learned_features_label_seed_47,0.8840941208334854,0.895023923444976,,0.22344497607655503,0,10877,,,0.0,0.0,,0.0,0,0,,
SEA_A,clean,none,9913.0,,,SEA_A__s9913,SEA_A__s9913__clean__none,503.0,12000.0,10897,9086.0,0.0,0,0.164047957980074,False,600.0,confirmed,True,10450,0.8926315789473684,0.8815829771164045,0,0,,10450,2314,0.2214354066985646,,,,0.04813397129186603,hddm_w,learned_features_label,7.0,complete,results/per_dataset_study/integration_full_study/filters/runs/SEA_A/hddm_w/SEA_A__s9913__clean__none/learned_features_label_seed_7,0.8815829771164045,0.8926315789473684,,0.2214354066985646,0,10897,,,0.0,0.0,,0.0,0,0,,
SEA_A,clean,none,9913.0,,,SEA_A__s9913,SEA_A__s9913__clean__none,514.0,12000.0,10886,9982.0,0.0,0,0.1599045839975588,False,600.0,confirmed,True,10450,0.885933014354067,0.8739172373003834,0,0,,10450,1418,0.13569377990430623,,,,0.049186602870813396,hddm_w,learned_features,17.0,complete,results/per_dataset_study/integration_full_study/filters/runs/SEA_A/hddm_w/SEA_A__s9913__clean__none/learned_features_seed_17,0.8739172373003834,0.885933014354067,,0.13569377990430623,0,10886,,,0.0,0.0,,0.0,0,0,,
SEA_A,clean,none,9913.0,,,SEA_A__s9913,SEA_A__s9913__clean__none,465.0,12000.0,10935,7303.0,0.0,0,0.16269166598794982,False,600.0,confirmed,True,10450,0.8941626794258373,0.884264864139766,0,0,,10450,4097,0.3920574162679426,,,,0.04449760765550239,hddm_w,learned_features,27.0,complete,results/per_dataset_study/integration_full_study/filters/runs/SEA_A/hddm_w/SEA_A__s9913__clean__none/learned_features_seed_27,0.884264864139766,0.8941626794258373,,0.3920574162679426,0,10935,,,0.0,0.0,,0.0,0,0,,
SEA_A,clean,none,9913.0,,,SEA_A__s9913,SEA_A__s9913__clean__none,465.0,12000.0,10935,8229.0,0.0,0,0.16419737500837073,False,600.0,confirmed,True,10450,0.888133971291866,0.8774234494463453,0,0,,10450,3171,0.303444976076555,,,,0.04449760765550239,hddm_w,learned_features,37.0,complete,results/per_dataset_study/integration_full_study/filters/runs/SEA_A/hddm_w/SEA_A__s9913__clean__none/learned_features_seed_37,0.8774234494463453,0.888133971291866,,0.303444976076555,0,10935,,,0.0,0.0,,0.0,0,0,,
SEA_A,clean,none,9913.0,,,SEA_A__s9913,SEA_A__s9913__clean__none,522.0,12000.0,10878,8158.0,0.0,0,0.154512250010157,False,600.0,confirmed,True,10450,0.8839234449760766,0.8722328795198342,0,0,,10450,3242,0.31023923444976076,,,,0.049952153110047845,hddm_w,learned_features,47.0,complete,results/per_dataset_study/integration_full_study/filters/runs/SEA_A/hddm_w/SEA_A__s9913__clean__none/learned_features_seed_47,0.8722328795198342,0.8839234449760766,,0.31023923444976076,0,10878,,,0.0,0.0,,0.0,0,0,,
SEA_A,clean,none,9913.0,,,SEA_A__s9913,SEA_A__s9913__clean__none,405.0,12000.0,10995,8257.0,0.0,0,0.16098520800005645,False,600.0,confirmed,True,10450,0.8876555023923445,0.8769067992942401,0,0,,10450,3143,0.30076555023923446,,,,0.038755980861244016,hddm_w,learned_features,7.0,complete,results/per_dataset_study/integration_full_study/filters/runs/SEA_A/hddm_w/SEA_A__s9913__clean__none/learned_features_seed_7,0.8769067992942401,0.8876555023923445,,0.30076555023923446,0,10995,,,0.0,0.0,,0.0,0,0,,
SEA_A,clean,none,9913.0,,,SEA_A__s9913,SEA_A__s9913__clean__none,,,11400,,,0,0.1543077920214273,,,confirmed,True,10450,0.8669856459330143,0.8504588885535898,0,0,,10450,1900,0.18181818181818182,,,,0.0,hddm_w,none,,complete,results/per_dataset_study/integration_full_study/filters/runs/SEA_A/hddm_w/SEA_A__s9913__clean__none/none,0.8504588885535898,0.8669856459330143,,0.18181818181818182,0,11400,,,0.0,0.0,,0.0,0,0,,
SEA_A,instance,severe,9913.0,553344547.0,,SEA_A__s9913,SEA_A__s9913__instance__severe,2305.0,12000.0,9095,7592.0,0.0,0,0.14877525001065806,False,600.0,confirmed,True,10450,0.8899521531100478,0.8790148057084998,2864,753,0.2629189944134078,7586,1697,0.2237015554969681,,,0.6833100558659218,0.04587397838122858,hddm_w,learned_features_label,17.0,complete,results/per_dataset_study/integration_full_study/filters/runs/SEA_A/hddm_w/SEA_A__s9913__instance__severe/learned_features_label_seed_17,0.8790148057084998,0.8899521531100478,0.2629189944134078,0.2237015554969681,0,9095,,,0.0,0.0,0.0,0.0,0,0,,
SEA_A,instance,severe,9913.0,553344547.0,,SEA_A__s9913,SEA_A__s9913__instance__severe,2292.0,12000.0,9108,7608.0,0.0,0,0.15089837499544956,False,600.0,confirmed,True,10450,0.8818181818181818,0.8688940201969089,2864,763,0.26641061452513964,7586,1691,0.22291062483522278,,,0.6766759776536313,0.0466649090429739,hddm_w,learned_features_label,27.0,complete,results/per_dataset_study/integration_full_study/filters/runs/SEA_A/hddm_w/SEA_A__s9913__instance__severe/learned_features_label_seed_27,0.8688940201969089,0.8818181818181818,0.26641061452513964,0.22291062483522278,0,9108,,,0.0,0.0,0.0,0.0,0,0,,
SEA_A,instance,severe,9913.0,553344547.0,,SEA_A__s9913,SEA_A__s9913__instance__severe,2205.0,12000.0,9195,9195.0,0.0,0,0.15838058400549926,False,600.0,confirmed,True,10450,0.8823923444976076,0.869755817193372,2864,992,0.3463687150837989,7586,333,0.04389665172686528,,,0.6536312849162011,0.04389665172686528,hddm_w,learned_features_label,37.0,complete,results/per_dataset_study/integration_full_study/filters/runs/SEA_A/hddm_w/SEA_A__s9913__instance__severe/learned_features_label_seed_37,0.869755817193372,0.8823923444976076,0.3463687150837989,0.04389665172686528,0,9195,,,0.0,0.0,0.0,0.0,0,0,,
SEA_A,instance,severe,9913.0,553344547.0,,SEA_A__s9913,SEA_A__s9913__instance__severe,2344.0,12000.0,9056,7588.0,0.0,0,0.15994712500832975,False,600.0,confirmed,True,10450,0.8943540669856459,0.8844316692327148,2864,747,0.2608240223463687,7586,1695,0.22343791194305299,,,0.6864525139664804,0.04982863168995518,hddm_w,learned_features_label,47.0,complete,results/per_dataset_study/integration_full_study/filters/runs/SEA_A/hddm_w/SEA_A__s9913__instance__severe/learned_features_label_seed_47,0.8844316692327148,0.8943540669856459,0.2608240223463687,0.22343791194305299,0,9056,,,0.0,0.0,0.0,0.0,0,0,,
SEA_A,instance,severe,9913.0,553344547.0,,SEA_A__s9913,SEA_A__s9913__instance__severe,2277.0,12000.0,9123,8375.0,0.0,0,0.14620716701028869,False,600.0,confirmed,True,10450,0.889090909090909,0.8779207810086462,2864,876,0.3058659217877095,7586,1037,0.13669918270498285,,,0.6672486033519553,0.04824677036646454,hddm_w,learned_features_label,7.0,complete,results/per_dataset_study/integration_full_study/filters/runs/SEA_A/hddm_w/SEA_A__s9913__instance__severe/learned_features_label_seed_7,0.8779207810086462,0.889090909090909,0.3058659217877095,0.13669918270498285,0,9123,,,0.0,0.0,0.0,0.0,0,0,,
SEA_A,instance,severe,9913.0,553344547.0,,SEA_A__s9913,SEA_A__s9913__instance__severe,514.0,12000.0,12700,9073.0,2711.0,1,0.17454566698870622,False,600.0,confirmed,True,10450,0.8752153110047847,0.8608845629765338,2864,1702,0.5942737430167597,7586,2979,0.39269707355655153,,,0.05377094972067039,0.04745583970471922,hddm_w,learned_features,17.0,complete,results/per_dataset_study/integration_full_study/filters/runs/SEA_A/hddm_w/SEA_A__s9913__instance__severe/learned_features_seed_17,0.8569819399615665,0.8719617224880383,0.8561452513966481,0.13261270761929872,0,10886,,,0.0039026230149673546,0.0032535885167463974,-0.2618715083798884,0.2600843659372528,1,1814,,
SEA_A,instance,severe,9913.0,553344547.0,,SEA_A__s9913,SEA_A__s9913__instance__severe,465.0,12000.0,10935,10025.0,0.0,0,0.16240145900519565,False,600.0,confirmed,True,10450,0.8801913875598086,0.8678114587300654,2864,2475,0.8641759776536313,7586,986,0.12997627208014764,,,0.04504189944134078,0.04429211705773794,hddm_w,learned_features,27.0,complete,results/per_dataset_study/integration_full_study/filters/runs/SEA_A/hddm_w/SEA_A__s9913__instance__severe/learned_features_seed_27,0.8678114587300654,0.8801913875598086,0.8641759776536313,0.12997627208014764,0,10935,,,0.0,0.0,0.0,0.0,0,0,,
SEA_A,instance,severe,9913.0,553344547.0,,SEA_A__s9913,SEA_A__s9913__instance__severe,465.0,12000.0,12739,9101.0,2711.0,1,0.17455170897301286,False,600.0,confirmed,True,10450,0.8763636363636363,0.8622589531680441,2864,1702,0.5942737430167597,7586,2941,0.3876878460321645,,,0.04993016759776536,0.04244661218033219,hddm_w,learned_features,37.0,complete,results/per_dataset_study/integration_full_study/filters/runs/SEA_A/hddm_w/SEA_A__s9913__instance__severe/learned_features_seed_37,0.8565543822334993,0.871578947368421,0.859986033519553,0.12747165831795412,0,10935,,,0.005704570934544795,0.004784688995215336,-0.2657122905027933,0.2602161877142104,1,1804,,
SEA_A,instance,severe,9913.0,553344547.0,,SEA_A__s9913,SEA_A__s9913__instance__severe,522.0,12000.0,10878,9078.0,0.0,0,0.1701560000074096,True,600.0,confirmed,True,10450,0.8806698564593302,0.8676905895322073,2864,2207,0.7706005586592178,7586,1665,0.21948325863432638,,,0.05097765363128492,0.04956498813604007,hddm_w,learned_features,47.0,complete,results/per_dataset_study/integration_full_study/filters/runs/SEA_A/hddm_w/SEA_A__s9913__instance__severe/learned_features_seed_47,0.8676905895322073,0.8806698564593302,0.7706005586592178,0.21948325863432638,0,10878,,,0.0,0.0,0.0,0.0,0,0,,
SEA_A,instance,severe,9913.0,553344547.0,,SEA_A__s9913,SEA_A__s9913__instance__severe,405.0,12000.0,10995,7339.0,0.0,0,0.16828887499286793,True,600.0,confirmed,True,10450,0.8711004784688995,0.8562084247092872,2864,1769,0.6176675977653632,7586,2966,0.39098339045610336,,,0.03840782122905028,0.038887424202478246,hddm_w,learned_features,7.0,complete,results/per_dataset_study/integration_full_study/filters/runs/SEA_A/hddm_w/SEA_A__s9913__instance__severe/learned_features_seed_7,0.8562084247092872,0.8711004784688995,0.6176675977653632,0.39098339045610336,0,10995,,,0.0,0.0,0.0,0.0,0,0,,
SEA_A,instance,severe,9913.0,553344547.0,,SEA_A__s9913,SEA_A__s9913__instance__severe,,,11400,,,0,0.17001816700212657,,,confirmed,True,10450,0.8819138755980861,0.8699628490637281,2864,2593,0.9053770949720671,7586,679,0.08950698655417876,,,0.0,0.0,hddm_w,none,,complete,results/per_dataset_study/integration_full_study/filters/runs/SEA_A/hddm_w/SEA_A__s9913__instance__severe/none,0.8699628490637281,0.8819138755980861,0.9053770949720671,0.08950698655417876,0,11400,,,0.0,0.0,0.0,0.0,0,0,,
SEA_A,clean,none,9913.0,,,SEA_A__s9913,SEA_A__s9913__clean__none,490.0,12000.0,10910,9080.0,0.0,0,0.1518029159924481,False,600.0,confirmed,True,10450,0.8972248803827751,0.8869817309839534,0,0,,10450,2320,0.22200956937799043,,,,0.04688995215311005,hellinger,learned_features_label,17.0,complete,results/per_dataset_study/integration_full_study/filters/runs/SEA_A/hellinger/SEA_A__s9913__clean__none/learned_features_label_seed_17,0.8869817309839534,0.8972248803827751,,0.22200956937799043,0,10910,,,0.0,0.0,,0.0,0,0,,
SEA_A,clean,none,9913.0,,,SEA_A__s9913,SEA_A__s9913__clean__none,486.0,12000.0,10914,9098.0,0.0,0,0.15247200001613237,False,600.0,confirmed,True,10450,0.9006698564593302,0.8909626337507335,0,0,,10450,2302,0.22028708133971292,,,,0.04650717703349282,hellinger,learned_features_label,27.0,complete,results/per_dataset_study/integration_full_study/filters/runs/SEA_A/hellinger/SEA_A__s9913__clean__none/learned_features_label_seed_27,0.8909626337507335,0.9006698564593302,,0.22028708133971292,0,10914,,,0.0,0.0,,0.0,0,0,,
SEA_A,clean,none,9913.0,,,SEA_A__s9913,SEA_A__s9913__clean__none,447.0,12000.0,10953,9133.0,0.0,0,0.1526142499933485,False,600.0,confirmed,True,10450,0.8998086124401914,0.8900928749185163,0,0,,10450,2267,0.2169377990430622,,,,0.04277511961722488,hellinger,learned_features_label,37.0,complete,results/per_dataset_study/integration_full_study/filters/runs/SEA_A/hellinger/SEA_A__s9913__clean__none/learned_features_label_seed_37,0.8900928749185163,0.8998086124401914,,0.2169377990430622,0,10953,,,0.0,0.0,,0.0,0,0,,
SEA_A,clean,none,9913.0,,,SEA_A__s9913,SEA_A__s9913__clean__none,523.0,12000.0,10877,9065.0,0.0,0,0.14994987501995638,False,600.0,confirmed,True,10450,0.895023923444976,0.8840941208334854,0,0,,10450,2335,0.22344497607655503,,,,0.050047846889952154,hellinger,learned_features_label,47.0,complete,results/per_dataset_study/integration_full_study/filters/runs/SEA_A/hellinger/SEA_A__s9913__clean__none/learned_features_label_seed_47,0.8840941208334854,0.895023923444976,,0.22344497607655503,0,10877,,,0.0,0.0,,0.0,0,0,,
SEA_A,clean,none,9913.0,,,SEA_A__s9913,SEA_A__s9913__clean__none,503.0,12000.0,10897,9086.0,0.0,0,0.1533838749746792,False,600.0,confirmed,True,10450,0.8926315789473684,0.8815829771164045,0,0,,10450,2314,0.2214354066985646,,,,0.04813397129186603,hellinger,learned_features_label,7.0,complete,results/per_dataset_study/integration_full_study/filters/runs/SEA_A/hellinger/SEA_A__s9913__clean__none/learned_features_label_seed_7,0.8815829771164045,0.8926315789473684,,0.2214354066985646,0,10897,,,0.0,0.0,,0.0,0,0,,
SEA_A,clean,none,9913.0,,,SEA_A__s9913,SEA_A__s9913__clean__none,514.0,12000.0,10886,9982.0,0.0,0,0.15688033300102688,False,600.0,confirmed,True,10450,0.885933014354067,0.8739172373003834,0,0,,10450,1418,0.13569377990430623,,,,0.049186602870813396,hellinger,learned_features,17.0,complete,results/per_dataset_study/integration_full_study/filters/runs/SEA_A/hellinger/SEA_A__s9913__clean__none/learned_features_seed_17,0.8739172373003834,0.885933014354067,,0.13569377990430623,0,10886,,,0.0,0.0,,0.0,0,0,,
SEA_A,clean,none,9913.0,,,SEA_A__s9913,SEA_A__s9913__clean__none,465.0,12000.0,10935,7303.0,0.0,0,0.1560342079901602,True,600.0,confirmed,True,10450,0.8941626794258373,0.884264864139766,0,0,,10450,4097,0.3920574162679426,,,,0.04449760765550239,hellinger,learned_features,27.0,complete,results/per_dataset_study/integration_full_study/filters/runs/SEA_A/hellinger/SEA_A__s9913__clean__none/learned_features_seed_27,0.884264864139766,0.8941626794258373,,0.3920574162679426,0,10935,,,0.0,0.0,,0.0,0,0,,
SEA_A,clean,none,9913.0,,,SEA_A__s9913,SEA_A__s9913__clean__none,465.0,12000.0,10935,8229.0,0.0,0,0.15395050001097843,False,600.0,confirmed,True,10450,0.888133971291866,0.8774234494463453,0,0,,10450,3171,0.303444976076555,,,,0.04449760765550239,hellinger,learned_features,37.0,complete,results/per_dataset_study/integration_full_study/filters/runs/SEA_A/hellinger/SEA_A__s9913__clean__none/learned_features_seed_37,0.8774234494463453,0.888133971291866,,0.303444976076555,0,10935,,,0.0,0.0,,0.0,0,0,,
SEA_A,clean,none,9913.0,,,SEA_A__s9913,SEA_A__s9913__clean__none,522.0,12000.0,10878,8158.0,0.0,0,0.1482971249788534,False,600.0,confirmed,True,10450,0.8839234449760766,0.8722328795198342,0,0,,10450,3242,0.31023923444976076,,,,0.049952153110047845,hellinger,learned_features,47.0,complete,results/per_dataset_study/integration_full_study/filters/runs/SEA_A/hellinger/SEA_A__s9913__clean__none/learned_features_seed_47,0.8722328795198342,0.8839234449760766,,0.31023923444976076,0,10878,,,0.0,0.0,,0.0,0,0,,
SEA_A,clean,none,9913.0,,,SEA_A__s9913,SEA_A__s9913__clean__none,405.0,12000.0,10995,8257.0,0.0,0,0.1514135829929728,False,600.0,confirmed,True,10450,0.8876555023923445,0.8769067992942401,0,0,,10450,3143,0.30076555023923446,,,,0.038755980861244016,hellinger,learned_features,7.0,complete,results/per_dataset_study/integration_full_study/filters/runs/SEA_A/hellinger/SEA_A__s9913__clean__none/learned_features_seed_7,0.8769067992942401,0.8876555023923445,,0.30076555023923446,0,10995,,,0.0,0.0,,0.0,0,0,,
SEA_A,clean,none,9913.0,,,SEA_A__s9913,SEA_A__s9913__clean__none,,,11400,,,0,0.1457918329979293,,,confirmed,True,10450,0.8669856459330143,0.8504588885535898,0,0,,10450,1900,0.18181818181818182,,,,0.0,hellinger,none,,complete,results/per_dataset_study/integration_full_study/filters/runs/SEA_A/hellinger/SEA_A__s9913__clean__none/none,0.8504588885535898,0.8669856459330143,,0.18181818181818182,0,11400,,,0.0,0.0,,0.0,0,0,,
SEA_A,instance,severe,9913.0,553344547.0,,SEA_A__s9913,SEA_A__s9913__instance__severe,2305.0,12000.0,9095,7592.0,0.0,0,0.13966883401735686,True,600.0,confirmed,True,10450,0.8899521531100478,0.8790148057084998,2864,753,0.2629189944134078,7586,1697,0.2237015554969681,,,0.6833100558659218,0.04587397838122858,hellinger,learned_features_label,17.0,complete,results/per_dataset_study/integration_full_study/filters/runs/SEA_A/hellinger/SEA_A__s9913__instance__severe/learned_features_label_seed_17,0.8790148057084998,0.8899521531100478,0.2629189944134078,0.2237015554969681,0,9095,,,0.0,0.0,0.0,0.0,0,0,,
SEA_A,instance,severe,9913.0,553344547.0,,SEA_A__s9913,SEA_A__s9913__instance__severe,2292.0,12000.0,9108,7608.0,0.0,0,0.13929104202543385,False,600.0,confirmed,True,10450,0.8818181818181818,0.8688940201969089,2864,763,0.26641061452513964,7586,1691,0.22291062483522278,,,0.6766759776536313,0.0466649090429739,hellinger,learned_features_label,27.0,complete,results/per_dataset_study/integration_full_study/filters/runs/SEA_A/hellinger/SEA_A__s9913__instance__severe/learned_features_label_seed_27,0.8688940201969089,0.8818181818181818,0.26641061452513964,0.22291062483522278,0,9108,,,0.0,0.0,0.0,0.0,0,0,,
SEA_A,instance,severe,9913.0,553344547.0,,SEA_A__s9913,SEA_A__s9913__instance__severe,2205.0,12000.0,9195,9195.0,0.0,0,0.1366477089759428,False,600.0,confirmed,True,10450,0.8823923444976076,0.869755817193372,2864,992,0.3463687150837989,7586,333,0.04389665172686528,,,0.6536312849162011,0.04389665172686528,hellinger,learned_features_label,37.0,complete,results/per_dataset_study/integration_full_study/filters/runs/SEA_A/hellinger/SEA_A__s9913__instance__severe/learned_features_label_seed_37,0.869755817193372,0.8823923444976076,0.3463687150837989,0.04389665172686528,0,9195,,,0.0,0.0,0.0,0.0,0,0,,
SEA_A,instance,severe,9913.0,553344547.0,,SEA_A__s9913,SEA_A__s9913__instance__severe,2344.0,12000.0,9056,7588.0,0.0,0,0.1396129579807166,False,600.0,confirmed,True,10450,0.8943540669856459,0.8844316692327148,2864,747,0.2608240223463687,7586,1695,0.22343791194305299,,,0.6864525139664804,0.04982863168995518,hellinger,learned_features_label,47.0,complete,results/per_dataset_study/integration_full_study/filters/runs/SEA_A/hellinger/SEA_A__s9913__instance__severe/learned_features_label_seed_47,0.8844316692327148,0.8943540669856459,0.2608240223463687,0.22343791194305299,0,9056,,,0.0,0.0,0.0,0.0,0,0,,
SEA_A,instance,severe,9913.0,553344547.0,,SEA_A__s9913,SEA_A__s9913__instance__severe,2277.0,12000.0,9123,8375.0,0.0,0,0.13893775001633912,False,600.0,confirmed,True,10450,0.889090909090909,0.8779207810086462,2864,876,0.3058659217877095,7586,1037,0.13669918270498285,,,0.6672486033519553,0.04824677036646454,hellinger,learned_features_label,7.0,complete,results/per_dataset_study/integration_full_study/filters/runs/SEA_A/hellinger/SEA_A__s9913__instance__severe/learned_features_label_seed_7,0.8779207810086462,0.889090909090909,0.3058659217877095,0.13669918270498285,0,9123,,,0.0,0.0,0.0,0.0,0,0,,
SEA_A,instance,severe,9913.0,553344547.0,,SEA_A__s9913,SEA_A__s9913__instance__severe,514.0,12000.0,10886,9982.0,0.0,0,0.153255834011361,False,600.0,confirmed,True,10450,0.8719617224880383,0.8569819399615665,2864,2452,0.8561452513966481,7586,1006,0.13261270761929872,,,0.05377094972067039,0.04745583970471922,hellinger,learned_features,17.0,complete,results/per_dataset_study/integration_full_study/filters/runs/SEA_A/hellinger/SEA_A__s9913__instance__severe/learned_features_seed_17,0.8569819399615665,0.8719617224880383,0.8561452513966481,0.13261270761929872,0,10886,,,0.0,0.0,0.0,0.0,0,0,,
SEA_A,instance,severe,9913.0,553344547.0,,SEA_A__s9913,SEA_A__s9913__instance__severe,465.0,12000.0,10935,10025.0,0.0,0,0.15687733399681747,True,600.0,confirmed,True,10450,0.8801913875598086,0.8678114587300654,2864,2475,0.8641759776536313,7586,986,0.12997627208014764,,,0.04504189944134078,0.04429211705773794,hellinger,learned_features,27.0,complete,results/per_dataset_study/integration_full_study/filters/runs/SEA_A/hellinger/SEA_A__s9913__instance__severe/learned_features_seed_27,0.8678114587300654,0.8801913875598086,0.8641759776536313,0.12997627208014764,0,10935,,,0.0,0.0,0.0,0.0,0,0,,
SEA_A,instance,severe,9913.0,553344547.0,,SEA_A__s9913,SEA_A__s9913__instance__severe,465.0,12000.0,10935,10032.0,0.0,0,0.15569408299052157,False,600.0,confirmed,True,10450,0.871578947368421,0.8565543822334993,2864,2463,0.859986033519553,7586,967,0.12747165831795412,,,0.04993016759776536,0.04244661218033219,hellinger,learned_features,37.0,complete,results/per_dataset_study/integration_full_study/filters/runs/SEA_A/hellinger/SEA_A__s9913__instance__severe/learned_features_seed_37,0.8565543822334993,0.871578947368421,0.859986033519553,0.12747165831795412,0,10935,,,0.0,0.0,0.0,0.0,0,0,,
SEA_A,instance,severe,9913.0,553344547.0,,SEA_A__s9913,SEA_A__s9913__instance__severe,522.0,12000.0,10878,9078.0,0.0,0,0.1620331250014715,False,600.0,confirmed,True,10450,0.8806698564593302,0.8676905895322073,2864,2207,0.7706005586592178,7586,1665,0.21948325863432638,,,0.05097765363128492,0.04956498813604007,hellinger,learned_features,47.0,complete,results/per_dataset_study/integration_full_study/filters/runs/SEA_A/hellinger/SEA_A__s9913__instance__severe/learned_features_seed_47,0.8676905895322073,0.8806698564593302,0.7706005586592178,0.21948325863432638,0,10878,,,0.0,0.0,0.0,0.0,0,0,,
SEA_A,instance,severe,9913.0,553344547.0,,SEA_A__s9913,SEA_A__s9913__instance__severe,405.0,12000.0,10995,7339.0,0.0,0,0.1579467499977909,False,600.0,confirmed,True,10450,0.8711004784688995,0.8562084247092872,2864,1769,0.6176675977653632,7586,2966,0.39098339045610336,,,0.03840782122905028,0.038887424202478246,hellinger,learned_features,7.0,complete,results/per_dataset_study/integration_full_study/filters/runs/SEA_A/hellinger/SEA_A__s9913__instance__severe/learned_features_seed_7,0.8562084247092872,0.8711004784688995,0.6176675977653632,0.39098339045610336,0,10995,,,0.0,0.0,0.0,0.0,0,0,,
SEA_A,instance,severe,9913.0,553344547.0,,SEA_A__s9913,SEA_A__s9913__instance__severe,,,11400,,,0,0.1599806250014808,,,confirmed,True,10450,0.8819138755980861,0.8699628490637281,2864,2593,0.9053770949720671,7586,679,0.08950698655417876,,,0.0,0.0,hellinger,none,,complete,results/per_dataset_study/integration_full_study/filters/runs/SEA_A/hellinger/SEA_A__s9913__instance__severe/none,0.8699628490637281,0.8819138755980861,0.9053770949720671,0.08950698655417876,0,11400,,,0.0,0.0,0.0,0.0,0,0,,
radar,clean,none,,,,radar__evaluation,radar__evaluation__clean__none__aNone,3.0,12000.0,13295,6647.0,0.0,0,1.737283208000008,False,600.0,confirmed,True,9230,0.7776814734561214,0.25054557089725826,0,0,,10450,4753,0.4548325358851675,0.6167056986729118,0.043994802301837756,,0.00028708133971291867,adwin,learned_features_label,17.0,complete,results/per_dataset_study/integration_full_study/filters/runs/radar/adwin/radar__evaluation__clean__none__aNone/learned_features_label_seed_17,0.20884405046061125,0.6761646803900325,,0.4548325358851675,0,11397,0.3739266198282592,0.043994802301837756,0.041701520436647016,0.10151679306608885,,0.0,0,1898,0.2427790788446526,0.0
radar,clean,none,,,,radar__evaluation,radar__evaluation__clean__none__aNone,573.0,12000.0,12602,9149.0,2672.0,1,1.4232314999972004,False,600.0,confirmed,True,9230,0.6306608884073672,0.18870333067549072,0,0,,10450,2251,0.2154066985645933,0.39448347645068954,0.12196027473547429,,0.05483253588516746,adwin,learned_features_label,27.0,complete,results/per_dataset_study/integration_full_study/filters/runs/radar/adwin/radar__evaluation__clean__none__aNone/learned_features_label_seed_27,0.22967266867292074,0.7339111592632719,,0.2943540669856459,0,10827,0.8646890450169139,0.12196027473547429,-0.04096933799743002,-0.10325027085590466,,-0.07894736842105263,1,1775,-0.47020556856622436,0.0
radar,clean,none,,,,radar__evaluation,radar__evaluation__clean__none__aNone,0.0,12000.0,13300,6650.0,0.0,0,1.7402393750089686,False,600.0,confirmed,True,9230,0.7776814734561214,0.25054557089725826,0,0,,10450,4750,0.45454545454545453,0.6167056986729118,0.043994802301837756,,0.0,adwin,learned_features_label,37.0,complete,results/per_dataset_study/integration_full_study/filters/runs/radar/adwin/radar__evaluation__clean__none__aNone/learned_features_label_seed_37,0.20884405046061125,0.6761646803900325,,0.45454545454545453,0,11400,0.3739266198282592,0.043994802301837756,0.041701520436647016,0.10151679306608885,,0.0,0,1900,0.2427790788446526,0.0
radar,clean,none,,,,radar__evaluation,radar__evaluation__clean__none__aNone,2197.0,12000.0,10722,5204.0,0.0,0,1.6972678339807317,True,600.0,confirmed,True,9230,0.6730227518959914,0.19166392227843282,0,0,,10450,6196,0.5929186602870813,0.8368462138953943,0.04956376461852608,,0.21023923444976075,adwin,learned_features_label,47.0,complete,results/per_dataset_study/integration_full_study/filters/runs/radar/adwin/radar__evaluation__clean__none__aNone/learned_features_label_seed_47,0.23689959998474158,0.7745395449620802,,0.5020095693779905,0,9203,0.8368462138953943,0.04956376461852608,-0.04523567770630876,-0.10151679306608885,,0.09090909090909083,0,1519,0.0,0.0
radar,clean,none,,,,radar__evaluation,radar__evaluation__clean__none__aNone,0.0,12000.0,13300,6650.0,0.0,0,1.7591989169886801,False,600.0,confirmed,True,9230,0.7776814734561214,0.25054557089725826,0,0,,10450,4750,0.45454545454545453,0.6167056986729118,0.043994802301837756,,0.0,adwin,learned_features_label,7.0,complete,results/per_dataset_study/integration_full_study/filters/runs/radar/adwin/radar__evaluation__clean__none__aNone/learned_features_label_seed_7,0.20884405046061125,0.6761646803900325,,0.45454545454545453,0,11400,0.3739266198282592,0.043994802301837756,0.041701520436647016,0.10151679306608885,,0.0,0,1900,0.2427790788446526,0.0
radar,clean,none,,,,radar__evaluation,radar__evaluation__clean__none__aNone,599.0,12000.0,12567,7381.0,0.0,0,2.092050167004345,False,600.0,confirmed,True,9230,0.5750812567713977,0.14275234210824728,0,0,,10450,4019,0.3845933014354067,0.12047879260994016,0.04121032114349359,,0.057320574162679425,adwin,learned_features,17.0,complete,results/per_dataset_study/integration_full_study/filters/runs/radar/adwin/radar__evaluation__clean__none__aNone/learned_features_seed_17,0.25715898964456685,0.7793066088840737,,0.2952153110047847,0,10801,0.6109810044236273,0.04121032114349359,-0.11440664753631957,-0.204225352112676,,0.089377990430622,0,1766,-0.4905022118136872,0.0
radar,clean,none,,,,radar__evaluation,radar__evaluation__clean__none__aNone,595.0,12000.0,12572,6412.0,0.0,0,1.556159083993407,True,600.0,confirmed,True,9230,0.6776814734561214,0.21132614996800375,0,0,,10450,4988,0.4773205741626794,0.36768149882903983,0.04139595322071654,,0.056937799043062204,adwin,learned_features,27.0,complete,results/per_dataset_study/integration_full_study/filters/runs/radar/adwin/radar__evaluation__clean__none__aNone/learned_features_seed_27,0.21132614996800375,0.6776814734561214,,0.4773205741626794,0,10805,0.36768149882903983,0.04139595322071654,0.0,0.0,,0.0,0,1767,0.0,0.0
radar,clean,none,,,,radar__evaluation,radar__evaluation__clean__none__aNone,503.0,12000.0,14619,10074.0,2850.0,1,1.4382534580072388,False,600.0,confirmed,True,9230,0.6787648970747562,0.20921782974783842,0,0,,10450,3226,0.3087081339712919,0.35571168358053606,0.03991089660293299,,0.04813397129186603,adwin,learned_features,37.0,complete,results/per_dataset_study/integration_full_study/filters/runs/radar/adwin/radar__evaluation__clean__none__aNone/learned_features_seed_37,0.2125868915885546,0.6785482123510292,,0.21933014354066985,0,10897,0.3551912568306011,0.03991089660293299,-0.00336906184071617,0.00021668472372693426,,0.08937799043062203,1,3722,0.0005204267499349657,0.0
radar,clean,none,,,,radar__evaluation,radar__evaluation__clean__none__aNone,636.0,12000.0,14330,8226.0,2766.0,1,1.329532207979355,False,600.0,confirmed,True,9230,0.6735644637053088,0.20720920818491967,0,0,,10450,4113,0.3935885167464115,0.35571168358053606,0.04882123630963431,,0.060861244019138755,adwin,learned_features,47.0,complete,results/per_dataset_study/integration_full_study/filters/runs/radar/adwin/radar__evaluation__clean__none__aNone/learned_features_seed_47,0.14095339177188984,0.5706392199349946,,0.3911961722488038,0,10764,0.10850897736143637,0.04882123630963431,0.06625581641302983,0.1029252437703142,,0.002392344497607668,1,3566,0.24720270621909968,0.0
radar,clean,none,,,,radar__evaluation,radar__evaluation__clean__none__aNone,507.0,12000.0,12633,7286.0,0.0,0,1.5192870409809984,True,600.0,confirmed,True,9230,0.6797399783315277,0.21088212548988766,0,0,,10450,4114,0.3936842105263158,0.3744470465781941,0.03768331167625766,,0.04851674641148326,adwin,learned_features,7.0,complete,results/per_dataset_study/integration_full_study/filters/runs/radar/adwin/radar__evaluation__clean__none__aNone/learned_features_seed_7,0.21088212548988766,0.6797399783315277,,0.3936842105263158,0,10893,0.3744470465781941,0.03768331167625766,0.0,0.0,,0.0,0,1740,0.0,0.0
radar,clean,none,,,,radar__evaluation,radar__evaluation__clean__none__aNone,,,13300,,,0,1.7219468750117812,,,confirmed,True,9230,0.7776814734561214,0.25054557089725826,0,0,,10450,4750,0.45454545454545453,0.6167056986729118,0.043994802301837756,,0.0,adwin,none,,complete,results/per_dataset_study/integration_full_study/filters/runs/radar/adwin/radar__evaluation__clean__none__aNone/none,0.20884405046061125,0.6761646803900325,,0.45454545454545453,0,11400,0.3739266198282592,0.043994802301837756,0.041701520436647016,0.10151679306608885,,0.0,0,1900,0.2427790788446526,0.0
radar,instance,severe,,3068245370.0,0.0,radar__evaluation,radar__evaluation__instance__severe__a0,1.0,12000.0,13298,10448.0,2849.0,1,2.0098687910067383,False,600.0,confirmed,True,9230,0.6543878656554712,0.1976320204764207,2844,2314,0.8136427566807314,7606,1371,0.18025243229029714,0.356232110330471,0.08112121774642658,0.0,0.00013147515119642388,adwin,learned_features_label,17.0,complete,results/per_dataset_study/integration_full_study/filters/runs/radar/adwin/radar__evaluation__instance__severe__a0/learned_features_label_seed_17,0.12812791738579765,0.5516793066088841,0.719760900140647,0.2700499605574546,0,11399,0.11501431173562321,0.08112121774642658,0.06950410309062305,0.10270855904658716,0.09388185654008441,-0.08979752826715748,1,1899,0.24121779859484777,0.0
radar,instance,severe,,3068245370.0,0.0,radar__evaluation,radar__evaluation__instance__severe__a0,666.0,12000.0,12509,8142.0,0.0,0,1.9095275420113467,False,600.0,confirmed,True,9230,0.551462621885157,0.13488597172857617,2844,1890,0.6645569620253164,7606,2304,0.30291874835656063,0.08170699973978662,0.08186374605531836,0.08122362869198312,0.057191690770444385,adwin,learned_features_label,27.0,complete,results/per_dataset_study/integration_full_study/filters/runs/radar/adwin/radar__evaluation__instance__severe__a0/learned_features_label_seed_27,0.13488597172857617,0.551462621885157,0.7464838255977496,0.2108861425190639,0,10734,0.08170699973978662,0.08186374605531836,0.0,0.0,-0.08192686357243317,0.09203260583749673,0,1775,0.0,0.0
radar,instance,severe,,3068245370.0,0.0,radar__evaluation,radar__evaluation__instance__severe__a0,0.0,12000.0,13300,10450.0,2850.0,1,2.049158166977577,False,600.0,confirmed,True,9230,0.6543878656554712,0.1976320204764207,2844,2314,0.8136427566807314,7606,1370,0.1801209571391007,0.356232110330471,0.08112121774642658,0.0,0.0,adwin,learned_features_label,37.0,complete,results/per_dataset_study/integration_full_study/filters/runs/radar/adwin/radar__evaluation__instance__severe__a0/learned_features_label_seed_37,0.12812791738579765,0.5516793066088841,0.719760900140647,0.26991848540625824,0,11400,0.11501431173562321,0.08112121774642658,0.06950410309062305,0.10270855904658716,0.09388185654008441,-0.08979752826715753,1,1900,0.24121779859484777,0.0
radar,instance,severe,,3068245370.0,0.0,radar__evaluation,radar__evaluation__instance__severe__a0,2618.0,12000.0,10330,5734.0,0.0,0,1.9664973340113647,False,600.0,confirmed,True,9230,0.5504875406283857,0.12247898419788067,2844,1206,0.4240506329113924,7606,4028,0.5295819090191953,0.8397085610200364,0.08334880267310191,0.3466947960618847,0.21456744675256376,adwin,learned_features_label,47.0,complete,results/per_dataset_study/integration_full_study/filters/runs/radar/adwin/radar__evaluation__instance__severe__a0/learned_features_label_seed_47,0.12247898419788067,0.5504875406283857,0.4240506329113924,0.5295819090191953,0,8782,0.8397085610200364,0.08334880267310191,0.0,0.0,0.0,0.0,0,1548,0.0,0.0
radar,instance,severe,,3068245370.0,0.0,radar__evaluation,radar__evaluation__instance__severe__a0,0.0,12000.0,13300,10450.0,2850.0,1,2.08501895799418,False,600.0,confirmed,True,9230,0.6543878656554712,0.1976320204764207,2844,2314,0.8136427566807314,7606,1370,0.1801209571391007,0.356232110330471,0.08112121774642658,0.0,0.0,adwin,learned_features_label,7.0,complete,results/per_dataset_study/integration_full_study/filters/runs/radar/adwin/radar__evaluation__instance__severe__a0/learned_features_label_seed_7,0.12812791738579765,0.5516793066088841,0.719760900140647,0.26991848540625824,0,11400,0.11501431173562321,0.08112121774642658,0.06950410309062305,0.10270855904658716,0.09388185654008441,-0.08979752826715753,1,1900,0.24121779859484777,0.0
radar,instance,severe,,3068245370.0,0.0,radar__evaluation,radar__evaluation__instance__severe__a0,599.0,12000.0,12567,8276.0,0.0,0,2.217261083977064,False,600.0,confirmed,True,9230,0.556554712892741,0.1327054213502788,2844,1991,0.700070323488045,7606,2271,0.2985800683670786,0.0994015092375748,0.07295340634861704,0.06118143459915612,0.05587693925848015,adwin,learned_features,17.0,complete,results/per_dataset_study/integration_full_study/filters/runs/radar/adwin/radar__evaluation__instance__severe__a0/learned_features_seed_17,0.1327054213502788,0.556554712892741,0.700070323488045,0.2985800683670786,0,10801,0.0994015092375748,0.07295340634861704,0.0,0.0,0.0,0.0,0,1766,0.0,0.0
radar,instance,severe,,3068245370.0,0.0,radar__evaluation,radar__evaluation__instance__severe__a0,595.0,12000.0,14459,10088.0,2849.0,1,2.0755622909928206,False,600.0,confirmed,True,9230,0.5540628385698808,0.1284318827250137,2844,1962,0.689873417721519,7606,2329,0.3062056271364712,0.11163153786104606,0.07722294412474476,0.05414908579465542,0.05798054167762293,adwin,learned_features,27.0,complete,results/per_dataset_study/integration_full_study/filters/runs/radar/adwin/radar__evaluation__instance__severe__a0/learned_features_seed_27,0.1284646558194717,0.5540628385698808,0.7756680731364276,0.2212726794635814,0,10805,0.11293260473588343,0.07722294412474476,-3.277309445798293e-05,0.0,-0.0857946554149086,0.08493294767288981,1,3654,-0.0013010668748373727,0.0
radar,instance,severe,,3068245370.0,0.0,radar__evaluation,radar__evaluation__instance__severe__a0,503.0,12000.0,12719,9047.0,2756.0,1,1.8180107499938458,False,600.0,confirmed,True,9230,0.5517876489707476,0.12811826784906385,2844,1947,0.6845991561181435,7606,2368,0.3113331580331317,0.1092896174863388,0.08093558566920364,0.05063291139240506,0.04719957927951617,adwin,learned_features,37.0,complete,results/per_dataset_study/integration_full_study/filters/runs/radar/adwin/radar__evaluation__instance__severe__a0/learned_features_seed_37,0.1265606653460135,0.5517876489707476,0.6824894514767933,0.30528530107809626,0,10897,0.12620348685922456,0.08093558566920364,0.0015576025030503426,0.0,0.002109704641350185,0.006047856955035458,1,1822,-0.016913869372885762,0.0
radar,instance,severe,,3068245370.0,0.0,radar__evaluation,radar__evaluation__instance__severe__a0,636.0,12000.0,14330,10788.0,2766.0,1,2.1443989999825135,False,600.0,confirmed,True,9230,0.557204767063922,0.13107310804681843,2844,2167,0.7619549929676512,7606,1753,0.23047594004733105,0.10278428311215196,0.07165398180805643,0.05872011251758087,0.061661845911122795,adwin,learned_features,47.0,complete,results/per_dataset_study/integration_full_study/filters/runs/radar/adwin/radar__evaluation__instance__severe__a0/learned_features_seed_47,0.13107310804681843,0.557204767063922,0.7619549929676512,0.23047594004733105,0,10764,0.10278428311215196,0.07165398180805643,0.0,0.0,0.0,0.0,1,3566,0.0,0.0
radar,instance,severe,,3068245370.0,0.0,radar__evaluation,radar__evaluation__instance__severe__a0,507.0,12000.0,12633,8162.0,0.0,0,2.0897770000156015,False,600.0,confirmed,True,9230,0.5585048754062839,0.09291827837365886,2844,1975,0.6944444444444444,7606,2369,0.31146463318432815,0.05932864949258392,0.043809170224614814,0.04781997187060478,0.048777281093873255,adwin,learned_features,7.0,complete,results/per_dataset_study/integration_full_study/filters/runs/radar/adwin/radar__evaluation__instance__severe__a0/learned_features_seed_7,0.09291827837365886,0.5585048754062839,0.6944444444444444,0.31146463318432815,0,10893,0.05932864949258392,0.043809170224614814,0.0,0.0,0.0,0.0,0,1740,0.0,0.0
radar,instance,severe,,3068245370.0,0.0,radar__evaluation,radar__evaluation__instance__severe__a0,,,13300,,,1,2.0635222499840893,,,confirmed,True,9230,0.6543878656554712,0.1976320204764207,2844,2314,0.8136427566807314,7606,1370,0.1801209571391007,0.356232110330471,0.08112121774642658,0.0,0.0,adwin,none,,complete,results/per_dataset_study/integration_full_study/filters/runs/radar/adwin/radar__evaluation__instance__severe__a0/none,0.12812791738579765,0.5516793066088841,0.719760900140647,0.26991848540625824,0,11400,0.11501431173562321,0.08112121774642658,0.06950410309062305,0.10270855904658716,0.09388185654008441,-0.08979752826715753,1,1900,0.24121779859484777,0.0
radar,clean,none,,,,radar__evaluation,radar__evaluation__clean__none__aNone,3.0,12000.0,11397,6647.0,0.0,0,1.5802527500200085,False,600.0,confirmed,True,9230,0.6761646803900325,0.20884405046061125,0,0,,10450,4753,0.4548325358851675,0.3739266198282592,0.043994802301837756,,0.00028708133971291867,d3_oof,learned_features_label,17.0,complete,results/per_dataset_study/integration_full_study/filters/runs/radar/d3_oof/radar__evaluation__clean__none__aNone/learned_features_label_seed_17,0.20884405046061125,0.6761646803900325,,0.4548325358851675,0,11397,0.3739266198282592,0.043994802301837756,0.0,0.0,,0.0,0,0,0.0,0.0
radar,clean,none,,,,radar__evaluation,radar__evaluation__clean__none__aNone,573.0,12000.0,10827,8324.0,0.0,0,1.8156914999999572,False,600.0,confirmed,True,9230,0.7339111592632719,0.22967266867292074,0,0,,10450,3076,0.2943540669856459,0.8646890450169139,0.12196027473547429,,0.05483253588516746,d3_oof,learned_features_label,27.0,complete,results/per_dataset_study/integration_full_study/filters/runs/radar/d3_oof/radar__evaluation__clean__none__aNone/learned_features_label_seed_27,0.22967266867292074,0.7339111592632719,,0.2943540669856459,0,10827,0.8646890450169139,0.12196027473547429,0.0,0.0,,0.0,0,0,0.0,0.0
radar,clean,none,,,,radar__evaluation,radar__evaluation__clean__none__aNone,0.0,12000.0,11400,6650.0,0.0,0,1.5836979589948896,False,600.0,confirmed,True,9230,0.6761646803900325,0.20884405046061125,0,0,,10450,4750,0.45454545454545453,0.3739266198282592,0.043994802301837756,,0.0,d3_oof,learned_features_label,37.0,complete,results/per_dataset_study/integration_full_study/filters/runs/radar/d3_oof/radar__evaluation__clean__none__aNone/learned_features_label_seed_37,0.20884405046061125,0.6761646803900325,,0.45454545454545453,0,11400,0.3739266198282592,0.043994802301837756,0.0,0.0,,0.0,0,0,0.0,0.0
radar,clean,none,,,,radar__evaluation,radar__evaluation__clean__none__aNone,2197.0,12000.0,9203,6154.0,0.0,0,1.7962713339948095,False,600.0,confirmed,True,9230,0.7745395449620802,0.23689959998474158,0,0,,10450,5246,0.5020095693779905,0.8368462138953943,0.04956376461852608,,0.21023923444976075,d3_oof,learned_features_label,47.0,complete,results/per_dataset_study/integration_full_study/filters/runs/radar/d3_oof/radar__evaluation__clean__none__aNone/learned_features_label_seed_47,0.23689959998474158,0.7745395449620802,,0.5020095693779905,0,9203,0.8368462138953943,0.04956376461852608,0.0,0.0,,0.0,0,0,0.0,0.0
radar,clean,none,,,,radar__evaluation,radar__evaluation__clean__none__aNone,0.0,12000.0,11400,6650.0,0.0,0,1.6438789170060772,False,600.0,confirmed,True,9230,0.6761646803900325,0.20884405046061125,0,0,,10450,4750,0.45454545454545453,0.3739266198282592,0.043994802301837756,,0.0,d3_oof,learned_features_label,7.0,complete,results/per_dataset_study/integration_full_study/filters/runs/radar/d3_oof/radar__evaluation__clean__none__aNone/learned_features_label_seed_7,0.20884405046061125,0.6761646803900325,,0.45454545454545453,0,11400,0.3739266198282592,0.043994802301837756,0.0,0.0,,0.0,0,0,0.0,0.0
radar,clean,none,,,,radar__evaluation,radar__evaluation__clean__none__aNone,599.0,12000.0,10801,8315.0,0.0,0,2.1564990829792805,False,600.0,confirmed,True,9230,0.7793066088840737,0.25715898964456685,0,0,,10450,3085,0.2952153110047847,0.6109810044236273,0.04121032114349359,,0.057320574162679425,d3_oof,learned_features,17.0,complete,results/per_dataset_study/integration_full_study/filters/runs/radar/d3_oof/radar__evaluation__clean__none__aNone/learned_features_seed_17,0.25715898964456685,0.7793066088840737,,0.2952153110047847,0,10801,0.6109810044236273,0.04121032114349359,0.0,0.0,,0.0,0,0,0.0,0.0
radar,clean,none,,,,radar__evaluation,radar__evaluation__clean__none__aNone,595.0,12000.0,10805,6412.0,0.0,0,1.5424318749865051,False,600.0,confirmed,True,9230,0.6776814734561214,0.21132614996800375,0,0,,10450,4988,0.4773205741626794,0.36768149882903983,0.04139595322071654,,0.056937799043062204,d3_oof,learned_features,27.0,complete,results/per_dataset_study/integration_full_study/filters/runs/radar/d3_oof/radar__evaluation__clean__none__aNone/learned_features_seed_27,0.21132614996800375,0.6776814734561214,,0.4773205741626794,0,10805,0.36768149882903983,0.04139595322071654,0.0,0.0,,0.0,0,0,0.0,0.0
radar,clean,none,,,,radar__evaluation,radar__evaluation__clean__none__aNone,503.0,12000.0,10897,9108.0,0.0,0,1.7909428749990184,False,600.0,confirmed,True,9230,0.6785482123510292,0.2125868915885546,0,0,,10450,2292,0.21933014354066985,0.3551912568306011,0.03991089660293299,,0.04813397129186603,d3_oof,learned_features,37.0,complete,results/per_dataset_study/integration_full_study/filters/runs/radar/d3_oof/radar__evaluation__clean__none__aNone/learned_features_seed_37,0.2125868915885546,0.6785482123510292,,0.21933014354066985,0,10897,0.3551912568306011,0.03991089660293299,0.0,0.0,,0.0,0,0,0.0,0.0
radar,clean,none,,,,radar__evaluation,radar__evaluation__clean__none__aNone,636.0,12000.0,10764,7312.0,0.0,0,1.518824750004569,False,600.0,confirmed,True,9230,0.5706392199349946,0.14095339177188984,0,0,,10450,4088,0.3911961722488038,0.10850897736143637,0.04882123630963431,,0.060861244019138755,d3_oof,learned_features,47.0,complete,results/per_dataset_study/integration_full_study/filters/runs/radar/d3_oof/radar__evaluation__clean__none__aNone/learned_features_seed_47,0.14095339177188984,0.5706392199349946,,0.3911961722488038,0,10764,0.10850897736143637,0.04882123630963431,0.0,0.0,,0.0,0,0,0.0,0.0
radar,clean,none,,,,radar__evaluation,radar__evaluation__clean__none__aNone,507.0,12000.0,10893,7286.0,0.0,0,1.5353658329986501,False,600.0,confirmed,True,9230,0.6797399783315277,0.21088212548988766,0,0,,10450,4114,0.3936842105263158,0.3744470465781941,0.03768331167625766,,0.04851674641148326,d3_oof,learned_features,7.0,complete,results/per_dataset_study/integration_full_study/filters/runs/radar/d3_oof/radar__evaluation__clean__none__aNone/learned_features_seed_7,0.21088212548988766,0.6797399783315277,,0.3936842105263158,0,10893,0.3744470465781941,0.03768331167625766,0.0,0.0,,0.0,0,0,0.0,0.0
radar,clean,none,,,,radar__evaluation,radar__evaluation__clean__none__aNone,,,11400,,,0,1.7417985000065528,,,confirmed,True,9230,0.6761646803900325,0.20884405046061125,0,0,,10450,4750,0.45454545454545453,0.3739266198282592,0.043994802301837756,,0.0,d3_oof,none,,complete,results/per_dataset_study/integration_full_study/filters/runs/radar/d3_oof/radar__evaluation__clean__none__aNone/none,0.20884405046061125,0.6761646803900325,,0.45454545454545453,0,11400,0.3739266198282592,0.043994802301837756,0.0,0.0,,0.0,0,0,0.0,0.0
radar,instance,severe,,3068245370.0,0.0,radar__evaluation,radar__evaluation__instance__severe__a0,1.0,12000.0,11399,8549.0,0.0,0,2.124459249986103,False,600.0,confirmed,True,9230,0.5516793066088841,0.12812791738579765,2844,2047,0.719760900140647,7606,2054,0.2700499605574546,0.11501431173562321,0.08112121774642658,0.0,0.00013147515119642388,d3_oof,learned_features_label,17.0,complete,results/per_dataset_study/integration_full_study/filters/runs/radar/d3_oof/radar__evaluation__instance__severe__a0/learned_features_label_seed_17,0.12812791738579765,0.5516793066088841,0.719760900140647,0.2700499605574546,0,11399,0.11501431173562321,0.08112121774642658,0.0,0.0,0.0,0.0,0,0,0.0,0.0
radar,instance,severe,,3068245370.0,0.0,radar__evaluation,radar__evaluation__instance__severe__a0,666.0,12000.0,10734,9075.0,0.0,0,1.9322834160120692,False,600.0,confirmed,True,9230,0.551462621885157,0.13488597172857617,2844,2123,0.7464838255977496,7606,1604,0.2108861425190639,0.08170699973978662,0.08186374605531836,0.08122362869198312,0.057191690770444385,d3_oof,learned_features_label,27.0,complete,results/per_dataset_study/integration_full_study/filters/runs/radar/d3_oof/radar__evaluation__instance__severe__a0/learned_features_label_seed_27,0.13488597172857617,0.551462621885157,0.7464838255977496,0.2108861425190639,0,10734,0.08170699973978662,0.08186374605531836,0.0,0.0,0.0,0.0,0,0,0.0,0.0
radar,instance,severe,,3068245370.0,0.0,radar__evaluation,radar__evaluation__instance__severe__a0,0.0,12000.0,11400,8550.0,0.0,0,2.108242916991003,False,600.0,confirmed,True,9230,0.5516793066088841,0.12812791738579765,2844,2047,0.719760900140647,7606,2053,0.26991848540625824,0.11501431173562321,0.08112121774642658,0.0,0.0,d3_oof,learned_features_label,37.0,complete,results/per_dataset_study/integration_full_study/filters/runs/radar/d3_oof/radar__evaluation__instance__severe__a0/learned_features_label_seed_37,0.12812791738579765,0.5516793066088841,0.719760900140647,0.26991848540625824,0,11400,0.11501431173562321,0.08112121774642658,0.0,0.0,0.0,0.0,0,0,0.0,0.0
radar,instance,severe,,3068245370.0,0.0,radar__evaluation,radar__evaluation__instance__severe__a0,2618.0,12000.0,8782,5734.0,0.0,0,1.983875750011066,False,600.0,confirmed,True,9230,0.5504875406283857,0.12247898419788067,2844,1206,0.4240506329113924,7606,4028,0.5295819090191953,0.8397085610200364,0.08334880267310191,0.3466947960618847,0.21456744675256376,d3_oof,learned_features_label,47.0,complete,results/per_dataset_study/integration_full_study/filters/runs/radar/d3_oof/radar__evaluation__instance__severe__a0/learned_features_label_seed_47,0.12247898419788067,0.5504875406283857,0.4240506329113924,0.5295819090191953,0,8782,0.8397085610200364,0.08334880267310191,0.0,0.0,0.0,0.0,0,0,0.0,0.0
radar,instance,severe,,3068245370.0,0.0,radar__evaluation,radar__evaluation__instance__severe__a0,0.0,12000.0,11400,8550.0,0.0,0,2.0980061659938656,False,600.0,confirmed,True,9230,0.5516793066088841,0.12812791738579765,2844,2047,0.719760900140647,7606,2053,0.26991848540625824,0.11501431173562321,0.08112121774642658,0.0,0.0,d3_oof,learned_features_label,7.0,complete,results/per_dataset_study/integration_full_study/filters/runs/radar/d3_oof/radar__evaluation__instance__severe__a0/learned_features_label_seed_7,0.12812791738579765,0.5516793066088841,0.719760900140647,0.26991848540625824,0,11400,0.11501431173562321,0.08112121774642658,0.0,0.0,0.0,0.0,0,0,0.0,0.0
radar,instance,severe,,3068245370.0,0.0,radar__evaluation,radar__evaluation__instance__severe__a0,599.0,12000.0,10801,8276.0,0.0,0,2.248384874983458,False,600.0,confirmed,True,9230,0.556554712892741,0.1327054213502788,2844,1991,0.700070323488045,7606,2271,0.2985800683670786,0.0994015092375748,0.07295340634861704,0.06118143459915612,0.05587693925848015,d3_oof,learned_features,17.0,complete,results/per_dataset_study/integration_full_study/filters/runs/radar/d3_oof/radar__evaluation__instance__severe__a0/learned_features_seed_17,0.1327054213502788,0.556554712892741,0.700070323488045,0.2985800683670786,0,10801,0.0994015092375748,0.07295340634861704,0.0,0.0,0.0,0.0,0,0,0.0,0.0
radar,instance,severe,,3068245370.0,0.0,radar__evaluation,radar__evaluation__instance__severe__a0,595.0,12000.0,10805,9079.0,0.0,0,2.279091333010001,False,600.0,confirmed,True,9230,0.5540628385698808,0.1284646558194717,2844,2206,0.7756680731364276,7606,1683,0.2212726794635814,0.11293260473588343,0.07722294412474476,0.05414908579465542,0.05798054167762293,d3_oof,learned_features,27.0,complete,results/per_dataset_study/integration_full_study/filters/runs/radar/d3_oof/radar__evaluation__instance__severe__a0/learned_features_seed_27,0.1284646558194717,0.5540628385698808,0.7756680731364276,0.2212726794635814,0,10805,0.11293260473588343,0.07722294412474476,0.0,0.0,0.0,0.0,0,0,0.0,0.0
radar,instance,severe,,3068245370.0,0.0,radar__evaluation,radar__evaluation__instance__severe__a0,503.0,12000.0,10897,8175.0,0.0,0,2.0708812920202035,False,600.0,confirmed,True,9230,0.5517876489707476,0.1265606653460135,2844,1941,0.6824894514767933,7606,2322,0.30528530107809626,0.12620348685922456,0.08093558566920364,0.05063291139240506,0.04719957927951617,d3_oof,learned_features,37.0,complete,results/per_dataset_study/integration_full_study/filters/runs/radar/d3_oof/radar__evaluation__instance__severe__a0/learned_features_seed_37,0.1265606653460135,0.5517876489707476,0.6824894514767933,0.30528530107809626,0,10897,0.12620348685922456,0.08093558566920364,0.0,0.0,0.0,0.0,0,0,0.0,0.0
radar,instance,severe,,3068245370.0,0.0,radar__evaluation,radar__evaluation__instance__severe__a0,636.0,12000.0,10764,8970.0,0.0,0,2.0764526249840856,False,600.0,confirmed,True,9230,0.557204767063922,0.13107310804681843,2844,2167,0.7619549929676512,7606,1753,0.23047594004733105,0.10278428311215196,0.07165398180805643,0.05872011251758087,0.061661845911122795,d3_oof,learned_features,47.0,complete,results/per_dataset_study/integration_full_study/filters/runs/radar/d3_oof/radar__evaluation__instance__severe__a0/learned_features_seed_47,0.13107310804681843,0.557204767063922,0.7619549929676512,0.23047594004733105,0,10764,0.10278428311215196,0.07165398180805643,0.0,0.0,0.0,0.0,0,0,0.0,0.0
radar,instance,severe,,3068245370.0,0.0,radar__evaluation,radar__evaluation__instance__severe__a0,507.0,12000.0,10893,8162.0,0.0,0,2.1576701250160113,False,600.0,confirmed,True,9230,0.5585048754062839,0.09291827837365886,2844,1975,0.6944444444444444,7606,2369,0.31146463318432815,0.05932864949258392,0.043809170224614814,0.04781997187060478,0.048777281093873255,d3_oof,learned_features,7.0,complete,results/per_dataset_study/integration_full_study/filters/runs/radar/d3_oof/radar__evaluation__instance__severe__a0/learned_features_seed_7,0.09291827837365886,0.5585048754062839,0.6944444444444444,0.31146463318432815,0,10893,0.05932864949258392,0.043809170224614814,0.0,0.0,0.0,0.0,0,0,0.0,0.0
radar,instance,severe,,3068245370.0,0.0,radar__evaluation,radar__evaluation__instance__severe__a0,,,11400,,,0,2.1162122919922695,,,confirmed,True,9230,0.5516793066088841,0.12812791738579765,2844,2047,0.719760900140647,7606,2053,0.26991848540625824,0.11501431173562321,0.08112121774642658,0.0,0.0,d3_oof,none,,complete,results/per_dataset_study/integration_full_study/filters/runs/radar/d3_oof/radar__evaluation__instance__severe__a0/none,0.12812791738579765,0.5516793066088841,0.719760900140647,0.26991848540625824,0,11400,0.11501431173562321,0.08112121774642658,0.0,0.0,0.0,0.0,0,0,0.0,0.0
radar,clean,none,,,,radar__evaluation,radar__evaluation__clean__none__aNone,3.0,12000.0,13295,6647.0,0.0,0,1.8176703749923036,False,600.0,confirmed,True,9230,0.7776814734561214,0.25054557089725826,0,0,,10450,4753,0.4548325358851675,0.6167056986729118,0.043994802301837756,,0.00028708133971291867,hddm_w,learned_features_label,17.0,complete,results/per_dataset_study/integration_full_study/filters/runs/radar/hddm_w/radar__evaluation__clean__none__aNone/learned_features_label_seed_17,0.20884405046061125,0.6761646803900325,,0.4548325358851675,0,11397,0.3739266198282592,0.043994802301837756,0.041701520436647016,0.10151679306608885,,0.0,0,1898,0.2427790788446526,0.0
radar,clean,none,,,,radar__evaluation,radar__evaluation__clean__none__aNone,573.0,12000.0,12602,9149.0,2672.0,1,1.5027050000207964,False,600.0,confirmed,True,9230,0.6306608884073672,0.18870333067549072,0,0,,10450,2251,0.2154066985645933,0.39448347645068954,0.12196027473547429,,0.05483253588516746,hddm_w,learned_features_label,27.0,complete,results/per_dataset_study/integration_full_study/filters/runs/radar/hddm_w/radar__evaluation__clean__none__aNone/learned_features_label_seed_27,0.22967266867292074,0.7339111592632719,,0.2943540669856459,0,10827,0.8646890450169139,0.12196027473547429,-0.04096933799743002,-0.10325027085590466,,-0.07894736842105263,1,1775,-0.47020556856622436,0.0
radar,clean,none,,,,radar__evaluation,radar__evaluation__clean__none__aNone,0.0,12000.0,13300,6650.0,0.0,0,1.8219990420038812,False,600.0,confirmed,True,9230,0.7776814734561214,0.25054557089725826,0,0,,10450,4750,0.45454545454545453,0.6167056986729118,0.043994802301837756,,0.0,hddm_w,learned_features_label,37.0,complete,results/per_dataset_study/integration_full_study/filters/runs/radar/hddm_w/radar__evaluation__clean__none__aNone/learned_features_label_seed_37,0.20884405046061125,0.6761646803900325,,0.45454545454545453,0,11400,0.3739266198282592,0.043994802301837756,0.041701520436647016,0.10151679306608885,,0.0,0,1900,0.2427790788446526,0.0
radar,clean,none,,,,radar__evaluation,radar__evaluation__clean__none__aNone,2197.0,12000.0,10722,5204.0,0.0,0,1.7567679999920074,False,600.0,confirmed,True,9230,0.6730227518959914,0.19166392227843282,0,0,,10450,6196,0.5929186602870813,0.8368462138953943,0.04956376461852608,,0.21023923444976075,hddm_w,learned_features_label,47.0,complete,results/per_dataset_study/integration_full_study/filters/runs/radar/hddm_w/radar__evaluation__clean__none__aNone/learned_features_label_seed_47,0.23689959998474158,0.7745395449620802,,0.5020095693779905,0,9203,0.8368462138953943,0.04956376461852608,-0.04523567770630876,-0.10151679306608885,,0.09090909090909083,0,1519,0.0,0.0
radar,clean,none,,,,radar__evaluation,radar__evaluation__clean__none__aNone,0.0,12000.0,13300,6650.0,0.0,0,1.815295583975967,False,600.0,confirmed,True,9230,0.7776814734561214,0.25054557089725826,0,0,,10450,4750,0.45454545454545453,0.6167056986729118,0.043994802301837756,,0.0,hddm_w,learned_features_label,7.0,complete,results/per_dataset_study/integration_full_study/filters/runs/radar/hddm_w/radar__evaluation__clean__none__aNone/learned_features_label_seed_7,0.20884405046061125,0.6761646803900325,,0.45454545454545453,0,11400,0.3739266198282592,0.043994802301837756,0.041701520436647016,0.10151679306608885,,0.0,0,1900,0.2427790788446526,0.0
radar,clean,none,,,,radar__evaluation,radar__evaluation__clean__none__aNone,599.0,12000.0,12567,7381.0,0.0,0,2.0364803340053186,False,600.0,confirmed,True,9230,0.5750812567713977,0.14275234210824728,0,0,,10450,4019,0.3845933014354067,0.12047879260994016,0.04121032114349359,,0.057320574162679425,hddm_w,learned_features,17.0,complete,results/per_dataset_study/integration_full_study/filters/runs/radar/hddm_w/radar__evaluation__clean__none__aNone/learned_features_seed_17,0.25715898964456685,0.7793066088840737,,0.2952153110047847,0,10801,0.6109810044236273,0.04121032114349359,-0.11440664753631957,-0.204225352112676,,0.089377990430622,0,1766,-0.4905022118136872,0.0
radar,clean,none,,,,radar__evaluation,radar__evaluation__clean__none__aNone,595.0,12000.0,12572,6412.0,0.0,0,1.5340841249853838,False,600.0,confirmed,True,9230,0.6776814734561214,0.21132614996800375,0,0,,10450,4988,0.4773205741626794,0.36768149882903983,0.04139595322071654,,0.056937799043062204,hddm_w,learned_features,27.0,complete,results/per_dataset_study/integration_full_study/filters/runs/radar/hddm_w/radar__evaluation__clean__none__aNone/learned_features_seed_27,0.21132614996800375,0.6776814734561214,,0.4773205741626794,0,10805,0.36768149882903983,0.04139595322071654,0.0,0.0,,0.0,0,1767,0.0,0.0
radar,clean,none,,,,radar__evaluation,radar__evaluation__clean__none__aNone,503.0,12000.0,12741,8158.0,0.0,0,1.6861378329922445,False,600.0,confirmed,True,9230,0.5758396533044421,0.14316542293287896,0,0,,10450,3242,0.31023923444976076,0.10850897736143637,0.03991089660293299,,0.04813397129186603,hddm_w,learned_features,37.0,complete,results/per_dataset_study/integration_full_study/filters/runs/radar/hddm_w/radar__evaluation__clean__none__aNone/learned_features_seed_37,0.2125868915885546,0.6785482123510292,,0.21933014354066985,0,10897,0.3551912568306011,0.03991089660293299,-0.06942146865567564,-0.10270855904658716,,0.09090909090909091,0,1844,-0.2466822794691647,0.0
radar,clean,none,,,,radar__evaluation,radar__evaluation__clean__none__aNone,636.0,12000.0,14330,8226.0,2766.0,1,1.402750459004892,False,600.0,confirmed,True,9230,0.6735644637053088,0.20720920818491967,0,0,,10450,4113,0.3935885167464115,0.35571168358053606,0.04882123630963431,,0.060861244019138755,hddm_w,learned_features,47.0,complete,results/per_dataset_study/integration_full_study/filters/runs/radar/hddm_w/radar__evaluation__clean__none__aNone/learned_features_seed_47,0.14095339177188984,0.5706392199349946,,0.3911961722488038,0,10764,0.10850897736143637,0.04882123630963431,0.06625581641302983,0.1029252437703142,,0.002392344497607668,1,3566,0.24720270621909968,0.0
radar,clean,none,,,,radar__evaluation,radar__evaluation__clean__none__aNone,507.0,12000.0,12633,7286.0,0.0,0,1.4727631249988917,False,600.0,confirmed,True,9230,0.6797399783315277,0.21088212548988766,0,0,,10450,4114,0.3936842105263158,0.3744470465781941,0.03768331167625766,,0.04851674641148326,hddm_w,learned_features,7.0,complete,results/per_dataset_study/integration_full_study/filters/runs/radar/hddm_w/radar__evaluation__clean__none__aNone/learned_features_seed_7,0.21088212548988766,0.6797399783315277,,0.3936842105263158,0,10893,0.3744470465781941,0.03768331167625766,0.0,0.0,,0.0,0,1740,0.0,0.0
radar,clean,none,,,,radar__evaluation,radar__evaluation__clean__none__aNone,,,13300,,,0,1.7683574170223437,,,confirmed,True,9230,0.7776814734561214,0.25054557089725826,0,0,,10450,4750,0.45454545454545453,0.6167056986729118,0.043994802301837756,,0.0,hddm_w,none,,complete,results/per_dataset_study/integration_full_study/filters/runs/radar/hddm_w/radar__evaluation__clean__none__aNone/none,0.20884405046061125,0.6761646803900325,,0.45454545454545453,0,11400,0.3739266198282592,0.043994802301837756,0.041701520436647016,0.10151679306608885,,0.0,0,1900,0.2427790788446526,0.0
radar,instance,severe,,3068245370.0,0.0,radar__evaluation,radar__evaluation__instance__severe__a0,1.0,12000.0,13298,10448.0,2849.0,1,2.1148939169943333,False,600.0,confirmed,True,9230,0.6543878656554712,0.1976320204764207,2844,2314,0.8136427566807314,7606,1371,0.18025243229029714,0.356232110330471,0.08112121774642658,0.0,0.00013147515119642388,hddm_w,learned_features_label,17.0,complete,results/per_dataset_study/integration_full_study/filters/runs/radar/hddm_w/radar__evaluation__instance__severe__a0/learned_features_label_seed_17,0.12812791738579765,0.5516793066088841,0.719760900140647,0.2700499605574546,0,11399,0.11501431173562321,0.08112121774642658,0.06950410309062305,0.10270855904658716,0.09388185654008441,-0.08979752826715748,1,1899,0.24121779859484777,0.0
radar,instance,severe,,3068245370.0,0.0,radar__evaluation,radar__evaluation__instance__severe__a0,666.0,12000.0,14368,10082.0,2833.0,1,1.8918964579934254,False,600.0,confirmed,True,9230,0.6543878656554712,0.20385489665240228,2844,1891,0.6649085794655415,7606,2248,0.29555613988956086,0.3151183970856102,0.08186374605531836,0.08122362869198312,0.057191690770444385,hddm_w,learned_features_label,27.0,complete,results/per_dataset_study/integration_full_study/filters/runs/radar/hddm_w/radar__evaluation__instance__severe__a0/learned_features_label_seed_27,0.13488597172857617,0.551462621885157,0.7464838255977496,0.2108861425190639,0,10734,0.08170699973978662,0.08186374605531836,0.06896892492382611,0.1029252437703142,-0.08157524613220812,0.08466999737049696,1,3634,0.23341139734582356,0.0
radar,instance,severe,,3068245370.0,0.0,radar__evaluation,radar__evaluation__instance__severe__a0,0.0,12000.0,13300,10450.0,2850.0,1,2.0115519590035547,False,600.0,confirmed,True,9230,0.6543878656554712,0.1976320204764207,2844,2314,0.8136427566807314,7606,1370,0.1801209571391007,0.356232110330471,0.08112121774642658,0.0,0.0,hddm_w,learned_features_label,37.0,complete,results/per_dataset_study/integration_full_study/filters/runs/radar/hddm_w/radar__evaluation__instance__severe__a0/learned_features_label_seed_37,0.12812791738579765,0.5516793066088841,0.719760900140647,0.26991848540625824,0,11400,0.11501431173562321,0.08112121774642658,0.06950410309062305,0.10270855904658716,0.09388185654008441,-0.08979752826715753,1,1900,0.24121779859484777,0.0
radar,instance,severe,,3068245370.0,0.0,radar__evaluation,radar__evaluation__instance__severe__a0,2618.0,12000.0,10167,5649.0,0.0,0,1.8873335830285214,False,600.0,confirmed,True,9230,0.7547128927410618,0.23170113063420514,2844,992,0.3488045007032349,7606,3899,0.5126216145148567,0.8378870673952641,0.08334880267310191,0.3466947960618847,0.21456744675256376,hddm_w,learned_features_label,47.0,complete,results/per_dataset_study/integration_full_study/filters/runs/radar/hddm_w/radar__evaluation__instance__severe__a0/learned_features_label_seed_47,0.12247898419788067,0.5504875406283857,0.4240506329113924,0.5295819090191953,0,8782,0.8397085610200364,0.08334880267310191,0.10922214643632447,0.20422535211267612,-0.07524613220815751,-0.01696029450433867,0,1385,-0.0018214936247723523,0.0
radar,instance,severe,,3068245370.0,0.0,radar__evaluation,radar__evaluation__instance__severe__a0,0.0,12000.0,13300,10450.0,2850.0,1,2.078772291977657,False,600.0,confirmed,True,9230,0.6543878656554712,0.1976320204764207,2844,2314,0.8136427566807314,7606,1370,0.1801209571391007,0.356232110330471,0.08112121774642658,0.0,0.0,hddm_w,learned_features_label,7.0,complete,results/per_dataset_study/integration_full_study/filters/runs/radar/hddm_w/radar__evaluation__instance__severe__a0/learned_features_label_seed_7,0.12812791738579765,0.5516793066088841,0.719760900140647,0.26991848540625824,0,11400,0.11501431173562321,0.08112121774642658,0.06950410309062305,0.10270855904658716,0.09388185654008441,-0.08979752826715753,1,1900,0.24121779859484777,0.0
radar,instance,severe,,3068245370.0,0.0,radar__evaluation,radar__evaluation__instance__severe__a0,599.0,12000.0,14402,9239.0,2834.0,1,2.0998174999840558,False,600.0,confirmed,True,9230,0.556554712892741,0.1328055021841586,2844,1977,0.6951476793248945,7606,2244,0.2950302392847752,0.09731980223783503,0.07295340634861704,0.06118143459915612,0.05587693925848015,hddm_w,learned_features,17.0,complete,results/per_dataset_study/integration_full_study/filters/runs/radar/hddm_w/radar__evaluation__instance__severe__a0/learned_features_seed_17,0.1327054213502788,0.556554712892741,0.700070323488045,0.2985800683670786,0,10801,0.0994015092375748,0.07295340634861704,0.00010008083387980093,0.0,-0.004922644163150469,-0.003549829082303446,1,3601,-0.0020817069997397797,0.0
radar,instance,severe,,3068245370.0,0.0,radar__evaluation,radar__evaluation__instance__severe__a0,595.0,12000.0,14459,10088.0,2849.0,1,2.1372573339904193,False,600.0,confirmed,True,9230,0.5540628385698808,0.1284318827250137,2844,1962,0.689873417721519,7606,2329,0.3062056271364712,0.11163153786104606,0.07722294412474476,0.05414908579465542,0.05798054167762293,hddm_w,learned_features,27.0,complete,results/per_dataset_study/integration_full_study/filters/runs/radar/hddm_w/radar__evaluation__instance__severe__a0/learned_features_seed_27,0.1284646558194717,0.5540628385698808,0.7756680731364276,0.2212726794635814,0,10805,0.11293260473588343,0.07722294412474476,-3.277309445798293e-05,0.0,-0.0857946554149086,0.08493294767288981,1,3654,-0.0013010668748373727,0.0
radar,instance,severe,,3068245370.0,0.0,radar__evaluation,radar__evaluation__instance__severe__a0,503.0,12000.0,12719,9047.0,2756.0,1,1.835539209016133,False,600.0,confirmed,True,9230,0.5517876489707476,0.12811826784906385,2844,1947,0.6845991561181435,7606,2368,0.3113331580331317,0.1092896174863388,0.08093558566920364,0.05063291139240506,0.04719957927951617,hddm_w,learned_features,37.0,complete,results/per_dataset_study/integration_full_study/filters/runs/radar/hddm_w/radar__evaluation__instance__severe__a0/learned_features_seed_37,0.1265606653460135,0.5517876489707476,0.6824894514767933,0.30528530107809626,0,10897,0.12620348685922456,0.08093558566920364,0.0015576025030503426,0.0,0.002109704641350185,0.006047856955035458,1,1822,-0.016913869372885762,0.0
radar,instance,severe,,3068245370.0,0.0,radar__evaluation,radar__evaluation__instance__severe__a0,636.0,12000.0,14330,10788.0,2766.0,1,2.117305124993436,False,600.0,confirmed,True,9230,0.557204767063922,0.13107310804681843,2844,2167,0.7619549929676512,7606,1753,0.23047594004733105,0.10278428311215196,0.07165398180805643,0.05872011251758087,0.061661845911122795,hddm_w,learned_features,47.0,complete,results/per_dataset_study/integration_full_study/filters/runs/radar/hddm_w/radar__evaluation__instance__severe__a0/learned_features_seed_47,0.13107310804681843,0.557204767063922,0.7619549929676512,0.23047594004733105,0,10764,0.10278428311215196,0.07165398180805643,0.0,0.0,0.0,0.0,1,3566,0.0,0.0
radar,instance,severe,,3068245370.0,0.0,radar__evaluation,radar__evaluation__instance__severe__a0,507.0,12000.0,12573,8220.0,0.0,0,2.0397160410066135,False,600.0,confirmed,True,9230,0.7627302275189599,0.20636874952372472,2844,1978,0.6954992967651196,7606,2314,0.3042334998685248,0.53655997918293,0.043809170224614814,0.04781997187060478,0.048777281093873255,hddm_w,learned_features,7.0,complete,results/per_dataset_study/integration_full_study/filters/runs/radar/hddm_w/radar__evaluation__instance__severe__a0/learned_features_seed_7,0.09291827837365886,0.5585048754062839,0.6944444444444444,0.31146463318432815,0,10893,0.05932864949258392,0.043809170224614814,0.11345047115006586,0.204225352112676,0.0010548523206751481,-0.007231133315803329,0,1680,0.47723132969034604,0.0
radar,instance,severe,,3068245370.0,0.0,radar__evaluation,radar__evaluation__instance__severe__a0,,,13300,,,1,2.082593667000765,,,confirmed,True,9230,0.6543878656554712,0.1976320204764207,2844,2314,0.8136427566807314,7606,1370,0.1801209571391007,0.356232110330471,0.08112121774642658,0.0,0.0,hddm_w,none,,complete,results/per_dataset_study/integration_full_study/filters/runs/radar/hddm_w/radar__evaluation__instance__severe__a0/none,0.12812791738579765,0.5516793066088841,0.719760900140647,0.26991848540625824,0,11400,0.11501431173562321,0.08112121774642658,0.06950410309062305,0.10270855904658716,0.09388185654008441,-0.08979752826715753,1,1900,0.24121779859484777,0.0
radar,clean,none,,,,radar__evaluation,radar__evaluation__clean__none__aNone,3.0,12000.0,13297,8547.0,2850.0,1,1.4621111669985112,False,600.0,confirmed,True,9230,0.6761646803900325,0.20884405046061125,0,0,,10450,3803,0.36392344497607654,0.3739266198282592,0.043994802301837756,,0.00028708133971291867,hellinger,learned_features_label,17.0,complete,results/per_dataset_study/integration_full_study/filters/runs/radar/hellinger/radar__evaluation__clean__none__aNone/learned_features_label_seed_17,0.20884405046061125,0.6761646803900325,,0.4548325358851675,0,11397,0.3739266198282592,0.043994802301837756,0.0,0.0,,-0.09090909090909094,1,1900,0.0,0.0
radar,clean,none,,,,radar__evaluation,radar__evaluation__clean__none__aNone,573.0,12000.0,10827,8324.0,0.0,0,1.6436533750093076,False,600.0,confirmed,True,9230,0.7339111592632719,0.22967266867292074,0,0,,10450,3076,0.2943540669856459,0.8646890450169139,0.12196027473547429,,0.05483253588516746,hellinger,learned_features_label,27.0,complete,results/per_dataset_study/integration_full_study/filters/runs/radar/hellinger/radar__evaluation__clean__none__aNone/learned_features_label_seed_27,0.22967266867292074,0.7339111592632719,,0.2943540669856459,0,10827,0.8646890450169139,0.12196027473547429,0.0,0.0,,0.0,0,0,0.0,0.0
radar,clean,none,,,,radar__evaluation,radar__evaluation__clean__none__aNone,0.0,12000.0,13300,8550.0,2850.0,1,1.4617312920163386,False,600.0,confirmed,True,9230,0.6761646803900325,0.20884405046061125,0,0,,10450,3800,0.36363636363636365,0.3739266198282592,0.043994802301837756,,0.0,hellinger,learned_features_label,37.0,complete,results/per_dataset_study/integration_full_study/filters/runs/radar/hellinger/radar__evaluation__clean__none__aNone/learned_features_label_seed_37,0.20884405046061125,0.6761646803900325,,0.45454545454545453,0,11400,0.3739266198282592,0.043994802301837756,0.0,0.0,,-0.09090909090909088,1,1900,0.0,0.0
radar,clean,none,,,,radar__evaluation,radar__evaluation__clean__none__aNone,2197.0,12000.0,9203,6154.0,0.0,0,1.671740374993533,False,600.0,confirmed,True,9230,0.7745395449620802,0.23689959998474158,0,0,,10450,5246,0.5020095693779905,0.8368462138953943,0.04956376461852608,,0.21023923444976075,hellinger,learned_features_label,47.0,complete,results/per_dataset_study/integration_full_study/filters/runs/radar/hellinger/radar__evaluation__clean__none__aNone/learned_features_label_seed_47,0.23689959998474158,0.7745395449620802,,0.5020095693779905,0,9203,0.8368462138953943,0.04956376461852608,0.0,0.0,,0.0,0,0,0.0,0.0
radar,clean,none,,,,radar__evaluation,radar__evaluation__clean__none__aNone,0.0,12000.0,13300,8550.0,2850.0,1,1.4766473750059959,False,600.0,confirmed,True,9230,0.6761646803900325,0.20884405046061125,0,0,,10450,3800,0.36363636363636365,0.3739266198282592,0.043994802301837756,,0.0,hellinger,learned_features_label,7.0,complete,results/per_dataset_study/integration_full_study/filters/runs/radar/hellinger/radar__evaluation__clean__none__aNone/learned_features_label_seed_7,0.20884405046061125,0.6761646803900325,,0.45454545454545453,0,11400,0.3739266198282592,0.043994802301837756,0.0,0.0,,-0.09090909090909088,1,1900,0.0,0.0
radar,clean,none,,,,radar__evaluation,radar__evaluation__clean__none__aNone,599.0,12000.0,10801,8315.0,0.0,0,2.2425927500007674,False,600.0,confirmed,True,9230,0.7793066088840737,0.25715898964456685,0,0,,10450,3085,0.2952153110047847,0.6109810044236273,0.04121032114349359,,0.057320574162679425,hellinger,learned_features,17.0,complete,results/per_dataset_study/integration_full_study/filters/runs/radar/hellinger/radar__evaluation__clean__none__aNone/learned_features_seed_17,0.25715898964456685,0.7793066088840737,,0.2952153110047847,0,10801,0.6109810044236273,0.04121032114349359,0.0,0.0,,0.0,0,0,0.0,0.0
radar,clean,none,,,,radar__evaluation,radar__evaluation__clean__none__aNone,595.0,12000.0,12704,8311.0,2849.0,1,1.5476248750055674,False,600.0,confirmed,True,9230,0.6776814734561214,0.21132614996800375,0,0,,10450,4039,0.3865071770334928,0.36768149882903983,0.04139595322071654,,0.056937799043062204,hellinger,learned_features,27.0,complete,results/per_dataset_study/integration_full_study/filters/runs/radar/hellinger/radar__evaluation__clean__none__aNone/learned_features_seed_27,0.21132614996800375,0.6776814734561214,,0.4773205741626794,0,10805,0.36768149882903983,0.04139595322071654,0.0,0.0,,-0.09081339712918662,1,1899,0.0,0.0
radar,clean,none,,,,radar__evaluation,radar__evaluation__clean__none__aNone,503.0,12000.0,12797,11008.0,2850.0,1,1.6429809579858556,False,600.0,confirmed,True,9230,0.6785482123510292,0.2125868915885546,0,0,,10450,2292,0.21933014354066985,0.3551912568306011,0.03991089660293299,,0.04813397129186603,hellinger,learned_features,37.0,complete,results/per_dataset_study/integration_full_study/filters/runs/radar/hellinger/radar__evaluation__clean__none__aNone/learned_features_seed_37,0.2125868915885546,0.6785482123510292,,0.21933014354066985,0,10897,0.3551912568306011,0.03991089660293299,0.0,0.0,,0.0,1,1900,0.0,0.0
radar,clean,none,,,,radar__evaluation,radar__evaluation__clean__none__aNone,636.0,12000.0,12582,9130.0,2766.0,1,1.3861164590052795,False,600.0,confirmed,True,9230,0.5706392199349946,0.14095339177188984,0,0,,10450,3209,0.3070813397129187,0.10850897736143637,0.04882123630963431,,0.060861244019138755,hellinger,learned_features,47.0,complete,results/per_dataset_study/integration_full_study/filters/runs/radar/hellinger/radar__evaluation__clean__none__aNone/learned_features_seed_47,0.14095339177188984,0.5706392199349946,,0.3911961722488038,0,10764,0.10850897736143637,0.04882123630963431,0.0,0.0,,-0.08411483253588514,1,1818,0.0,0.0
radar,clean,none,,,,radar__evaluation,radar__evaluation__clean__none__aNone,507.0,12000.0,12765,9158.0,2822.0,1,1.5164890000014566,False,600.0,confirmed,True,9230,0.6797399783315277,0.21088212548988766,0,0,,10450,3192,0.3054545454545455,0.3744470465781941,0.03768331167625766,,0.04851674641148326,hellinger,learned_features,7.0,complete,results/per_dataset_study/integration_full_study/filters/runs/radar/hellinger/radar__evaluation__clean__none__aNone/learned_features_seed_7,0.21088212548988766,0.6797399783315277,,0.3936842105263158,0,10893,0.3744470465781941,0.03768331167625766,0.0,0.0,,-0.08822966507177032,1,1872,0.0,0.0
radar,clean,none,,,,radar__evaluation,radar__evaluation__clean__none__aNone,,,13300,,,1,1.548523125005886,,,confirmed,True,9230,0.6761646803900325,0.20884405046061125,0,0,,10450,3800,0.36363636363636365,0.3739266198282592,0.043994802301837756,,0.0,hellinger,none,,complete,results/per_dataset_study/integration_full_study/filters/runs/radar/hellinger/radar__evaluation__clean__none__aNone/none,0.20884405046061125,0.6761646803900325,,0.45454545454545453,0,11400,0.3739266198282592,0.043994802301837756,0.0,0.0,,-0.09090909090909088,1,1900,0.0,0.0
radar,instance,severe,,3068245370.0,0.0,radar__evaluation,radar__evaluation__instance__severe__a0,1.0,12000.0,13299,10449.0,2850.0,1,1.9973409170052037,False,600.0,confirmed,True,9230,0.5516793066088841,0.12812791738579765,2844,2047,0.719760900140647,7606,2054,0.2700499605574546,0.11501431173562321,0.08112121774642658,0.0,0.00013147515119642388,hellinger,learned_features_label,17.0,complete,results/per_dataset_study/integration_full_study/filters/runs/radar/hellinger/radar__evaluation__instance__severe__a0/learned_features_label_seed_17,0.12812791738579765,0.5516793066088841,0.719760900140647,0.2700499605574546,0,11399,0.11501431173562321,0.08112121774642658,0.0,0.0,0.0,0.0,1,1900,0.0,0.0
radar,instance,severe,,3068245370.0,0.0,radar__evaluation,radar__evaluation__instance__severe__a0,666.0,12000.0,12617,10958.0,2833.0,1,1.78911541699199,False,600.0,confirmed,True,9230,0.551462621885157,0.13488597172857617,2844,2123,0.7464838255977496,7606,1604,0.2108861425190639,0.08170699973978662,0.08186374605531836,0.08122362869198312,0.057191690770444385,hellinger,learned_features_label,27.0,complete,results/per_dataset_study/integration_full_study/filters/runs/radar/hellinger/radar__evaluation__instance__severe__a0/learned_features_label_seed_27,0.13488597172857617,0.551462621885157,0.7464838255977496,0.2108861425190639,0,10734,0.08170699973978662,0.08186374605531836,0.0,0.0,0.0,0.0,1,1883,0.0,0.0
radar,instance,severe,,3068245370.0,0.0,radar__evaluation,radar__evaluation__instance__severe__a0,0.0,12000.0,13300,10450.0,2850.0,1,2.033151249983348,False,600.0,confirmed,True,9230,0.5516793066088841,0.12812791738579765,2844,2047,0.719760900140647,7606,2053,0.26991848540625824,0.11501431173562321,0.08112121774642658,0.0,0.0,hellinger,learned_features_label,37.0,complete,results/per_dataset_study/integration_full_study/filters/runs/radar/hellinger/radar__evaluation__instance__severe__a0/learned_features_label_seed_37,0.12812791738579765,0.5516793066088841,0.719760900140647,0.26991848540625824,0,11400,0.11501431173562321,0.08112121774642658,0.0,0.0,0.0,0.0,1,1900,0.0,0.0
radar,instance,severe,,3068245370.0,0.0,radar__evaluation,radar__evaluation__instance__severe__a0,2618.0,12000.0,10181,7133.0,2086.0,1,1.8455444169812836,False,600.0,confirmed,True,9230,0.5504875406283857,0.12247898419788067,2844,1230,0.43248945147679324,7606,3328,0.43754930318169866,0.8397085610200364,0.08334880267310191,0.3466947960618847,0.21456744675256376,hellinger,learned_features_label,47.0,complete,results/per_dataset_study/integration_full_study/filters/runs/radar/hellinger/radar__evaluation__instance__severe__a0/learned_features_label_seed_47,0.12247898419788067,0.5504875406283857,0.4240506329113924,0.5295819090191953,0,8782,0.8397085610200364,0.08334880267310191,0.0,0.0,0.008438818565400852,-0.09203260583749667,1,1399,0.0,0.0
radar,instance,severe,,3068245370.0,0.0,radar__evaluation,radar__evaluation__instance__severe__a0,0.0,12000.0,13300,10450.0,2850.0,1,2.0737668329966255,False,600.0,confirmed,True,9230,0.5516793066088841,0.12812791738579765,2844,2047,0.719760900140647,7606,2053,0.26991848540625824,0.11501431173562321,0.08112121774642658,0.0,0.0,hellinger,learned_features_label,7.0,complete,results/per_dataset_study/integration_full_study/filters/runs/radar/hellinger/radar__evaluation__instance__severe__a0/learned_features_label_seed_7,0.12812791738579765,0.5516793066088841,0.719760900140647,0.26991848540625824,0,11400,0.11501431173562321,0.08112121774642658,0.0,0.0,0.0,0.0,1,1900,0.0,0.0
radar,instance,severe,,3068245370.0,0.0,radar__evaluation,radar__evaluation__instance__severe__a0,599.0,12000.0,12685,10160.0,2834.0,1,2.114735584007576,False,600.0,confirmed,True,9230,0.556554712892741,0.1327054213502788,2844,2233,0.7851617440225035,7606,1579,0.2075992637391533,0.0994015092375748,0.07295340634861704,0.06118143459915612,0.05587693925848015,hellinger,learned_features,17.0,complete,results/per_dataset_study/integration_full_study/filters/runs/radar/hellinger/radar__evaluation__instance__severe__a0/learned_features_seed_17,0.1327054213502788,0.556554712892741,0.700070323488045,0.2985800683670786,0,10801,0.0994015092375748,0.07295340634861704,0.0,0.0,0.0850914205344585,-0.09098080462792532,1,1884,0.0,0.0
radar,instance,severe,,3068245370.0,0.0,radar__evaluation,radar__evaluation__instance__severe__a0,595.0,12000.0,12704,10978.0,2849.0,1,2.18521220900584,False,600.0,confirmed,True,9230,0.5540628385698808,0.1284646558194717,2844,2206,0.7756680731364276,7606,1683,0.2212726794635814,0.11293260473588343,0.07722294412474476,0.05414908579465542,0.05798054167762293,hellinger,learned_features,27.0,complete,results/per_dataset_study/integration_full_study/filters/runs/radar/hellinger/radar__evaluation__instance__severe__a0/learned_features_seed_27,0.1284646558194717,0.5540628385698808,0.7756680731364276,0.2212726794635814,0,10805,0.11293260473588343,0.07722294412474476,0.0,0.0,0.0,0.0,1,1899,0.0,0.0
radar,instance,severe,,3068245370.0,0.0,radar__evaluation,radar__evaluation__instance__severe__a0,503.0,12000.0,12797,10075.0,2850.0,1,1.9890909160021693,False,600.0,confirmed,True,9230,0.5517876489707476,0.1265606653460135,2844,1941,0.6824894514767933,7606,2322,0.30528530107809626,0.12620348685922456,0.08093558566920364,0.05063291139240506,0.04719957927951617,hellinger,learned_features,37.0,complete,results/per_dataset_study/integration_full_study/filters/runs/radar/hellinger/radar__evaluation__instance__severe__a0/learned_features_seed_37,0.1265606653460135,0.5517876489707476,0.6824894514767933,0.30528530107809626,0,10897,0.12620348685922456,0.08093558566920364,0.0,0.0,0.0,0.0,1,1900,0.0,0.0
radar,instance,severe,,3068245370.0,0.0,radar__evaluation,radar__evaluation__instance__severe__a0,636.0,12000.0,12582,10788.0,2766.0,1,1.939063375000842,False,600.0,confirmed,True,9230,0.557204767063922,0.13107310804681843,2844,2167,0.7619549929676512,7606,1753,0.23047594004733105,0.10278428311215196,0.07165398180805643,0.05872011251758087,0.061661845911122795,hellinger,learned_features,47.0,complete,results/per_dataset_study/integration_full_study/filters/runs/radar/hellinger/radar__evaluation__instance__severe__a0/learned_features_seed_47,0.13107310804681843,0.557204767063922,0.7619549929676512,0.23047594004733105,0,10764,0.10278428311215196,0.07165398180805643,0.0,0.0,0.0,0.0,1,1818,0.0,0.0
radar,instance,severe,,3068245370.0,0.0,radar__evaluation,radar__evaluation__instance__severe__a0,507.0,12000.0,12765,10034.0,2822.0,1,2.0518999580235686,False,600.0,confirmed,True,9230,0.5585048754062839,0.09291827837365886,2844,2218,0.779887482419128,7606,1690,0.22219300552195634,0.05932864949258392,0.043809170224614814,0.04781997187060478,0.048777281093873255,hellinger,learned_features,7.0,complete,results/per_dataset_study/integration_full_study/filters/runs/radar/hellinger/radar__evaluation__instance__severe__a0/learned_features_seed_7,0.09291827837365886,0.5585048754062839,0.6944444444444444,0.31146463318432815,0,10893,0.05932864949258392,0.043809170224614814,0.0,0.0,0.08544303797468356,-0.08927162766237182,1,1872,0.0,0.0
radar,instance,severe,,3068245370.0,0.0,radar__evaluation,radar__evaluation__instance__severe__a0,,,13300,,,1,2.0160460409824736,,,confirmed,True,9230,0.5516793066088841,0.12812791738579765,2844,2047,0.719760900140647,7606,2053,0.26991848540625824,0.11501431173562321,0.08112121774642658,0.0,0.0,hellinger,none,,complete,results/per_dataset_study/integration_full_study/filters/runs/radar/hellinger/radar__evaluation__instance__severe__a0/none,0.12812791738579765,0.5516793066088841,0.719760900140647,0.26991848540625824,0,11400,0.11501431173562321,0.08112121774642658,0.0,0.0,0.0,0.0,1,1900,0.0,0.0
